FeatureID	Taxon	Confidence
f1426db505d5a367ad8aff02b567a3fa	d__Eukaryota; p__Phragmoplastophyta; c__Embryophyta; o__Bryophyta; f__Bryophyta; g__Bryophyta	0.741138117
fe2ae0e3acc2445e43535480f07a7478	d__Eukaryota; p__Phragmoplastophyta; c__Embryophyta; o__Magnoliophyta; f__Magnoliophyta; g__Magnoliophyta	0.998016484
14ec1c99046fe496abbf6031def304f6	d__Eukaryota; p__Phragmoplastophyta; c__Embryophyta; o__Bryophyta; f__Bryophyta; g__Bryophyta; s__Pottia_truncata	0.856286409
08eca7bd669acac610935c5350467d24	d__Eukaryota; p__Basidiomycota; c__Agaricomycetes; o__Agaricales	0.940269447
1790b750f31e7f9617e3659111cc4bb5	d__Eukaryota; p__Arthropoda; c__Insecta; o__Hymenoptera; f__Hymenoptera; g__Hymenoptera	0.996844464
dc56bcfd00332a7f51d10fcbb04e541d	d__Eukaryota; p__Phragmoplastophyta; c__Embryophyta; o__Magnoliophyta; f__Magnoliophyta; g__Magnoliophyta	0.99607139
f6df0581ddbe04cbc05b1d9662f0647b	d__Eukaryota; p__Basidiomycota; c__Agaricomycetes; o__Agaricales; f__Marasmiaceae; g__Campanella; s__Campanella_subdendrophora	0.98037559
3c8fe547e130961bd171f708d8302565	d__Eukaryota; p__Cercozoa; c__Thecofilosea; o__Thecofilosea; f__Thecofilosea; g__Thecofilosea; s__metagenome	0.950581285
e1cd56ed80db9fc43e43b08f8c0e8b57	d__Eukaryota; p__Ascomycota; c__Dothideomycetes; o__Pleosporales; f__Phaeosphaeriaceae; g__Ophiosphaerella; s__Ophiosphaerella_herpotricha	0.987560948
6fededa1bd8368fbd8b38913afe8a60c	d__Eukaryota; p__Phragmoplastophyta; c__Embryophyta; o__Magnoliophyta; f__Magnoliophyta; g__Magnoliophyta	0.994846413
ad01e7deb76f72888389036367bee041	d__Eukaryota; p__Phragmoplastophyta; c__Embryophyta; o__Bryophyta; f__Bryophyta; g__Bryophyta	0.781009597
0961f4d95b9865420addca0e758bf6da	d__Eukaryota; p__Basidiomycota; c__Tremellomycetes; o__Filobasidiales; f__Piskurozymaceae; g__Solicoccozyma	0.825714277
59916c3c744cf392d846ef5dc64658db	d__Eukaryota; p__Ascomycota; c__Eurotiomycetes; o__Eurotiales; f__Aspergillaceae; g__Aspergillus; s__Aspergillus_fumigatus	0.789267446
5be95cd858048f196ed30d4a4c1f8ab5	d__Eukaryota; p__Mucoromycota; c__Incertae_Sedis; o__Mortierellales; f__Mortierellaceae; g__Mortierella	0.998512486
b9f840b3383663c10d0c4b54c5fe0e61	d__Eukaryota; p__Basidiomycota; c__Agaricomycetes; o__Agaricales	0.938433226
51b091edff3ed579a1dcc7809591aa9e	d__Eukaryota; p__Ciliophora; c__Intramacronucleata; o__Spirotrichea; f__Hypotrichia; g__Bistichella; s__Orthamphisiella_breviseries	0.809931112
154cf0122481511cf197b412c75aab65	d__Eukaryota; p__Cercozoa; c__Phytomyxea; o__Phytomyxea; f__Phytomyxea; g__Polymyxa; s__Polymyxa_graminis	0.998080601
ea1919bb83227f8fa71a205e8229b4c3	d__Eukaryota; p__Ochrophyta; c__Xanthophyceae	0.997880598
43678721a59039ec18abac5f24a150c5	d__Eukaryota; p__Phragmoplastophyta; c__Embryophyta; o__Magnoliophyta; f__Magnoliophyta; g__Magnoliophyta	0.997189124
efeac878ff6ffb4c493e8b419ea688c1	d__Eukaryota; p__Chlorophyta; c__Chlorophyceae; o__Chlorophyceae; f__Chlorophyceae; g__Chlorophyceae; s__Coelastrella_aeroterrestrica	0.700609459
9311abf8465cccc309fbad61e50a5094	d__Eukaryota	0.99984266
42d179c5335076ad325f93c3d464318f	d__Eukaryota; p__Ascomycota; c__uncultured; o__uncultured; f__uncultured; g__uncultured; s__metagenome	0.846232601
42163ce7649c98400b3a572ef59ac9df	d__Eukaryota; p__Ascomycota; c__Eurotiomycetes; o__Eurotiales	0.999431363
7a92c83b04e6b955aa18a28f8df2f0c1	d__Eukaryota; p__Ochrophyta; c__Xanthophyceae	0.991137414
6dd99c6496df7f40c3636c475051a909	d__Eukaryota; p__Ascomycota; c__Eurotiomycetes; o__Eurotiales; f__Aspergillaceae; g__Aspergillus	0.972517434
3b85ad442bf4374cedb69c3f35f96bc2	d__Eukaryota; p__Peronosporomycetes; c__Peronosporomycetes; o__Peronosporomycetes; f__Peronosporomycetes; g__Pythium	0.999603184
d727c33ae5c350e2f62a03bec4a82922	d__Eukaryota; p__Basidiomycota; c__Agaricomycetes	0.996709999
6f2a566e9b7cc99e655ecc7f8e227ad8	d__Eukaryota; p__Phragmoplastophyta; c__Embryophyta	0.986086325
d213cd752e26961dd820b89a3a7a6390	d__Eukaryota; p__Cercozoa; c__Phytomyxea; o__Phytomyxea; f__Phytomyxea; g__Polymyxa; s__Polymyxa_graminis	0.99972723
519541677bce274e711740ee3d5e7065	d__Eukaryota; p__Ascomycota; c__Dothideomycetes; o__Capnodiales; f__Cladosporiaceae; g__Cladosporium; s__Cladosporium_sp.	0.770283029
bc625071999e37d4f74269279af006fb	d__Eukaryota; p__Cercozoa; c__Phytomyxea; o__Phytomyxea; f__Phytomyxea	1
28cb3259b263b6cba22aca68e5fd21e0	d__Eukaryota; p__Peronosporomycetes; c__Peronosporomycetes; o__Peronosporomycetes; f__Peronosporomycetes	0.999998551
733e5ae65f996616caf0aa9d9ed83709	d__Eukaryota; p__Ascomycota; c__Dothideomycetes; o__Pleosporales	0.996774393
9eb387695b97fc30ab6cecc6a557ce33	d__Eukaryota; p__Ascomycota; c__Eurotiomycetes; o__Chaetothyriales; f__Herpotrichiellaceae	0.989432478
e5be0ea7c2a19a0d8023582a9a4aa5d9	d__Eukaryota; p__Ascomycota; c__Pezizomycetes; o__Pezizales; f__Ascodesmidaceae; g__Cephaliophora	0.823157677
942715bd1378e3b2b15eb9496712fcd8	d__Eukaryota; p__Peronosporomycetes; c__Peronosporomycetes; o__Peronosporomycetes; f__Peronosporomycetes; g__Pythium	0.997110526
b51e1ddde2e64e5906cb0b6dc34455d8	d__Eukaryota; p__Cercozoa; c__Phytomyxea; o__Phytomyxea; f__Phytomyxea; g__Polymyxa; s__Polymyxa_graminis	0.999906983
35f49f2393793b1d62009f521f3ef113	d__Eukaryota	1
2b07d4fca77be6a34d1f39bc4853f225	d__Eukaryota; p__Arthropoda; c__Arachnida; o__Acari; f__Acari; g__Acari	1
0a25659049eaec7b7e9606adee159043	d__Eukaryota; p__Ascomycota	0.999977266
ad441af3408c6a41707d57355f3adc2a	d__Eukaryota; p__Basidiomycota; c__Agaricomycetes	0.999583381
31058ad2d5def4c3c8e342c441c0b8df	d__Eukaryota; p__Ascomycota; c__Dothideomycetes; o__Pleosporales; f__Phaeosphaeriaceae; g__Ophiosphaerella; s__Ophiosphaerella_herpotricha	0.804522221
acdb4ecf547dd4a3503777db390b9862	d__Eukaryota; p__Basidiomycota; c__Agaricomycetes; o__Corticiales; f__Corticiaceae; g__Sistotrema; s__Sistotrema_brinkmannii	0.998139497
e6f3295b85911c482f7b986573057dc9	d__Eukaryota; p__Tardigrada; c__Eutardigrada	1
fa728931c51e72b353192e3069375057	d__Eukaryota; p__Basidiomycota; c__Ustilaginomycetes; o__Ustilaginales; f__Ustilaginaceae; g__Melanopsichium; s__uncultured_eukaryote	0.978029237
254d863d2201ac61f7110dfe2a1fac30	d__Eukaryota; p__Mucoromycota; c__Incertae_Sedis; o__Mortierellales; f__Mortierellaceae; g__Mortierella; s__Mortierella_alpina	0.991414032
35fb8bf042b79f2cf59fe67a44ec544f	d__Eukaryota; p__Ochrophyta; c__Xanthophyceae; o__Vaucheriales; f__Vaucheriales; g__Vaucheria; s__Vaucheria_bursata	0.999999348
1d8fdcfaae5f9850eb2c6ae58810d80b	d__Eukaryota; p__Ascomycota; c__Dothideomycetes; o__Pleosporales	0.997443642
e43568a914c39351a4c95b4ad143805a	d__Eukaryota; p__Cercozoa; c__Thecofilosea; o__Thecofilosea; f__Thecofilosea; g__Thecofilosea; s__metagenome	0.958355324
70b6adf21bc0aa7d802ccb50d31078bc	d__Eukaryota; p__Cercozoa; c__Phytomyxea; o__Phytomyxea; f__Phytomyxea	0.999999913
8c2fd97803a95f7f0f991a5b759272bf	d__Eukaryota; p__Ascomycota; c__Eurotiomycetes; o__Eurotiales	0.99998734
df32a435c3e233e9f55f2a4d317ae4b9	d__Eukaryota; p__Mucoromycota; c__Incertae_Sedis; o__Mortierellales; f__Mortierellaceae; g__Mortierella; s__Mortierella_sp.	0.999999997
63e6ddbad7256d424149aefc334f80be	d__Eukaryota; p__Cercozoa; c__Phytomyxea; o__Phytomyxea; f__Phytomyxea; g__Sorosphaerula; s__Sorosphaerula_veronicae	0.999616546
63653218c47b9cab1998d7028fa61a16	d__Eukaryota	1
3a33751397a6e14eb63d5ba9a56ef505	d__Eukaryota; p__Ascomycota; c__Eurotiomycetes; o__Eurotiales; f__Trichocomaceae; g__Talaromyces; s__Talaromyces_purpureogenus	0.704467378
0d8c890f3767880784dcfb0ff1599f98	d__Eukaryota; p__Peronosporomycetes; c__Peronosporomycetes; o__Peronosporomycetes; f__Peronosporomycetes; g__Pythium; s__Pythium_monospermum	0.880962764
cd17868ea87cf0ac00b3425cd7fc47e0	d__Eukaryota; p__Nematozoa; c__Enoplea; o__Dorylaimia; f__Dorylaimida; g__Dorylaimida; s__Nematoda_environmental	0.943295574
6a0ff49db9420c5d2cc080875d94048a	d__Eukaryota; p__Ochrophyta; c__Xanthophyceae; o__Mischococcales; f__Mischococcales; g__Chlorellidium; s__Chlorellidium_tetrabotrys	0.986493194
f2c614b5f2e29222b4700154611383ef	d__Eukaryota; p__Cercozoa; c__Thecofilosea; o__Thecofilosea; f__Thecofilosea; g__uncultured; s__metagenome	0.999910438
1dd23e79e984479298da280378494e44	d__Eukaryota; p__Chlorophyta; c__Trebouxiophyceae; o__Trebouxiophyceae; f__Trebouxiophyceae; g__Trebouxiophyceae; s__Muriella_terrestris	0.999801853
ac46dc9b79f70c7c8092727deabba5d4	d__Eukaryota; p__Ochrophyta; c__Xanthophyceae; o__Tribonematales; f__Tribonematales; g__Xanthonema; s__Xanthonema_sessile	0.999984875
6595616f3976de0af382a2244a7523ba	d__Eukaryota; p__Cercozoa; c__Thecofilosea; o__Thecofilosea; f__Thecofilosea; g__Thecofilosea; s__metagenome	0.97246445
1877b60ff6f7cb7cad58e9cbf1805fe8	d__Eukaryota; p__Ochrophyta; c__Eustigmatophyceae; o__Eustigmatales; f__Eustigmatales; g__Vischeria; s__Vischeria_helvetica	0.998748555
3cab2fd51156f45a3677f8a1354bc392	d__Eukaryota; p__Chytridiomycota; c__Chytridiomycetes; o__Spizellomycetales; f__Olpidiaceae; g__Olpidium; s__Olpidium_brassicae	0.996561834
f8a4a7c8b14798a18bdf80160fe885eb	d__Eukaryota; p__Ascomycota; c__Dothideomycetes	0.999146028
fbce9f0795a804963f64ed9259c1711e	d__Eukaryota; p__Ascomycota; c__uncultured; o__uncultured; f__uncultured; g__uncultured; s__metagenome	0.759587394
aac1264fec9c9db170056662cb2ea42b	d__Eukaryota; p__LKM15; c__LKM15; o__LKM15; f__LKM15; g__LKM15; s__uncultured_eukaryote	0.987209847
5e52a671df1ab74f19ab166ed9c15f86	d__Eukaryota; p__Cercozoa; c__Phytomyxea; o__Phytomyxea; f__Phytomyxea; g__uncultured	0.999999973
353038609c3bfbf58efe6baedec6db79	d__Eukaryota; p__Chlorophyta; c__Chlorophyceae; o__Chlorophyceae; f__Chlorophyceae; g__Chlorophyceae; s__Pleurastrum_insigne	0.992792933
493c1f18030fe8f87270e8fd1620d098	d__Eukaryota; p__Nematozoa; c__Enoplea; o__Dorylaimia; f__Dorylaimida; g__Dorylaimida; s__Nematoda_environmental	0.835961175
24714cf8f7f07a151bda28f197b03ca0	d__Eukaryota; p__Ascomycota; c__Eurotiomycetes; o__Chaetothyriales; f__Herpotrichiellaceae	0.992512241
9f017b65fc7a00874c7accf1cf9a894b	d__Eukaryota; p__Ochrophyta; c__Xanthophyceae; o__Tribonematales; f__Tribonematales; g__Tribonema; s__Tribonema_aequale	0.720280085
3c63f545c289b4ce4c21ed981816c4ed	d__Eukaryota; p__Phragmoplastophyta; c__Embryophyta; o__Magnoliophyta; f__Magnoliophyta; g__Magnoliophyta	0.994020687
884237f7dc141acd074426af3f387441	d__Eukaryota; p__Cercozoa; c__Thecofilosea; o__Thecofilosea; f__Thecofilosea	0.703906224
bbbdf933ebc114afa48ad09194508b3d	d__Eukaryota; p__Chlorophyta; c__Trebouxiophyceae; o__Trebouxiophyceae; f__Trebouxiophyceae; g__Trebouxiophyceae; s__Leptosira_obovata	0.999998806
aded457a62cbce5711125f25e103fc65	d__Eukaryota; p__Cercozoa; c__Thecofilosea; o__Thecofilosea; f__Thecofilosea; g__Thecofilosea; s__metagenome	0.902270564
e56c4fae107d1d23001a9d2fed7284f9	d__Eukaryota; p__Cercozoa; c__Cercomonadidae; o__Cercomonadidae; f__Cercomonadidae; g__Eocercomonas; s__Eocercomonas_sp.	0.999999686
8e3f999158141fe686ecddcb89957b90	d__Eukaryota; p__Diatomea; c__Bacillariophyceae; o__Bacillariophyceae; f__Bacillariophyceae	0.958819522
b3bb62ba55bea0af8f8ee70c02e4fa41	d__Eukaryota; p__Nematozoa; c__Enoplea; o__Dorylaimia; f__Dorylaimida; g__Dorylaimida; s__Eudorylaimus_carteri	0.964862486
2057339ab1d9051e19a6d20628b8109c	d__Eukaryota; p__Nematozoa; c__Chromadorea; o__Monhysterida; f__Monhysterida; g__Monhysterida; s__Tridentulus_sp.	0.931981047
a013304c0683b8cb677bb1f9b8dd978f	d__Eukaryota; p__Diatomea; c__Bacillariophyceae; o__Bacillariophyceae; f__Bacillariophyceae; g__Fistulifera; s__Fistulifera_pelliculosa	0.99933016
d6e84b1027ebfccb904a340af52a1a0f	d__Eukaryota; p__Phragmoplastophyta; c__Embryophyta; o__Magnoliophyta; f__Magnoliophyta; g__Magnoliophyta	0.9999982
ccdec579e24d716d9fc3078483547ce6	d__Eukaryota; p__Ascomycota; c__Dothideomycetes; o__Pleosporales; f__Pleosporaceae; g__Pleospora; s__Stemphylium_vesicarium	0.991356044
7e8e8a827d9bdf61601895a79136c37f	d__Eukaryota; p__Chlorophyta	0.999376787
958d8052518db927e642c629b0470399	d__Eukaryota; p__Diatomea; c__Bacillariophyceae; o__Bacillariophyceae; f__Bacillariophyceae	0.966437639
a3725e67ddafb151278bdaa73905b675	d__Eukaryota; p__Ascomycota; c__Leotiomycetes; o__Helotiales; f__Helotiales	0.773939177
3f4f2bab4f9604c35ba2c26a85f1b351	d__Eukaryota; p__Ascomycota; c__Dothideomycetes; o__Pleosporales	0.999835346
80ac17cdac1d997f08771a4674969d27	d__Eukaryota; p__Diatomea	0.999982414
7ea0d11644c22f81761143d1447f8705	d__Eukaryota; p__Ciliophora; c__Intramacronucleata; o__Spirotrichea; f__Hypotrichia	0.99840974
7698f3922c633a9892d741f365a03004	d__Eukaryota; p__Chlorophyta; c__Chlorophyceae; o__Chlorophyceae; f__Chlorophyceae; g__Chlorophyceae; s__Pleurastrum_insigne	0.970105144
12e7bd7fb3845cf3448a39e089c3689c	d__Eukaryota; p__Ascomycota; c__Eurotiomycetes; o__Eurotiales; f__Aspergillaceae; g__Aspergillus; s__Aspergillus_niger	0.747848845
e6cdd39f74eabb8b3ff8eff9bdc71d8e	d__Eukaryota; p__Ascomycota; c__Pezizomycetes; o__Pezizales; f__Rhizinaceae; g__Phymatotrichopsis; s__metagenome	0.999961856
9d98881a070cc7bbd4777e9e6ee5c851	d__Eukaryota; p__Chlorophyta; c__Chlorophyceae; o__Chlorophyceae; f__Chlorophyceae; g__Chlorophyceae; s__Desmotetra_sp.	0.936457707
0e55dee9d1368975fb89236dce3c62d8	d__Eukaryota; p__Ascomycota	0.994224999
f9c0f46aaf1db44e971f812f431271e3	d__Eukaryota; p__Chlorophyta; c__Chlorophyceae; o__Chlorophyceae; f__Chlorophyceae; g__Chlorophyceae; s__Deasonia_sp.	0.999445573
febc20c654527d34ac4c5dc21a7ab1f6	d__Eukaryota; p__Chlorophyta; c__Chlorophyceae; o__Chlorophyceae; f__Chlorophyceae; g__Chlorophyceae; s__Tetracystis_vinatzeri	0.904732408
f0c163520d6a9bc3a12f112b56107f58	d__Eukaryota; p__Diatomea; c__Bacillariophyceae; o__Bacillariophyceae; f__Bacillariophyceae	0.934738121
2635021b5f34e657eaeec25272b443cd	d__Eukaryota; p__Protalveolata; c__Syndiniales; o__Syndiniales; f__Syndiniales_Group_I; g__Syndiniales_Group_I; s__uncultured_eukaryote	0.761483805
64f393b6eaf860882acd9f8e1a74d6a7	d__Eukaryota; p__Ochrophyta; c__Xanthophyceae; o__Tribonematales; f__Tribonematales	0.840762106
2ce4a4b7ca8537d155ea1a34706add26	d__Eukaryota; p__Ciliophora; c__Intramacronucleata; o__Litostomatea; f__Haptoria; g__Arcuospathidium; s__metagenome	0.967669252
e5d2a61f1a012430656d8b37b43530a2	d__Eukaryota; p__Chlorophyta; c__Trebouxiophyceae; o__Trebouxiophyceae; f__Trebouxiophyceae; g__Trebouxiophyceae; s__[Myrmecia]_bisecta	0.999016807
432e4d0f82eecf26e480402767c15fc8	d__Eukaryota; p__Chlorophyta; c__Chlorophyceae; o__Chlorophyceae; f__Chlorophyceae; g__Chlorophyceae	0.999950603
7d99a1921d5d3c17da034d4c21ae499a	d__Eukaryota; p__Nematozoa; c__Enoplea	0.83034901
403a5b9dad3da201c2546e346458452c	d__Eukaryota; p__Ciliophora; c__Intramacronucleata; o__Conthreep; f__Colpodea; g__Pseudoplatyophrya; s__Pseudoplatyophrya_nana	0.991260217
95c2d4184b93466abb1689509e044e96	d__Eukaryota; p__Peronosporomycetes; c__Peronosporomycetes; o__Peronosporomycetes; f__Peronosporomycetes	0.99976172
05c0a474fa6b613bd632c387a0433abd	d__Eukaryota; p__Ascomycota; c__Eurotiomycetes; o__Eurotiales; f__Aspergillaceae; g__Aspergillus	0.729967064
f678c0cf5fa6bd5eb0665533bc67d3aa	d__Eukaryota; p__Ochrophyta; c__Xanthophyceae; o__Tribonematales; f__Tribonematales; g__Tribonema	0.957255993
b1f98357487caaada21473f89711acfd	d__Eukaryota; p__Cercozoa; c__Phytomyxea; o__Phytomyxea; f__Phytomyxea; g__Sorosphaerula; s__Sorosphaerula_veronicae	0.88558668
1b82e6ad12078fbd4238ecd752210b3c	d__Eukaryota; p__Peronosporomycetes; c__Peronosporomycetes; o__Peronosporomycetes; f__Peronosporomycetes; g__Pythium	0.999730955
0f5b41e0fda129a211117844b4b4c864	d__Eukaryota; p__Mucoromycota; c__Incertae_Sedis; o__Mortierellales; f__Mortierellaceae; g__Mortierella	0.996506098
d2c4d9e61d8ec2f56f80957a3ba53de6	d__Eukaryota; p__Ascomycota; c__Eurotiomycetes; o__Eurotiales; f__Aspergillaceae; g__Aspergillus; s__Aspergillus_oryzae	0.953117929
719a4f636394b60a2bbdbccc944e6f59	d__Eukaryota; p__Cryptomycota; c__LKM11; o__LKM11; f__LKM11; g__LKM11; s__invertebrate_environmental	0.918232982
be8437b4d3a3d6bf766cc67049654a6f	d__Eukaryota; p__Mucoromycota; c__Incertae_Sedis; o__Mortierellales; f__Mortierellaceae; g__Mortierella; s__uncultured_fungus	0.947144982
4eb895db277dfc15a2eb968e31f1c264	d__Eukaryota; p__Chlorophyta; c__Chlorophyceae; o__Chlorophyceae; f__Chlorophyceae; g__Chlorophyceae	0.998439505
ddfc45273cf0fc458840e376c011ef48	d__Eukaryota; p__Ascomycota; c__Dothideomycetes	0.995740703
fb2ea8e38f250f372c91128ea8d39b01	d__Eukaryota; p__Nematozoa; c__Enoplea; o__Dorylaimia; f__Mononchida; g__Mononchida; s__Anatonchus_tridentatus	0.806651095
28cc33333bc06348f1a44d49f2d75f3d	d__Eukaryota; p__Chlorophyta; c__Chlorophyceae; o__Chlorophyceae; f__Chlorophyceae; g__Chlorophyceae; s__Chlorococcum_echinozygotum	0.844540888
12a358a017b859067630e57442d843c7	d__Eukaryota; p__Ascomycota; c__Dothideomycetes; o__Pleosporales	0.970706924
1d45f7af9d7144a0cd141519463b5c66	d__Eukaryota; p__Ascomycota; c__Eurotiomycetes; o__Eurotiales; f__Aspergillaceae	0.779769525
ce1bf554f5dfa72721e818cef86ef846	d__Eukaryota; p__Cercozoa; c__Thecofilosea; o__Thecofilosea; f__Thecofilosea; g__uncultured; s__metagenome	0.999839151
5a43d9f7c28433ab72aa0402ba6df703	d__Eukaryota; p__Chlorophyta; c__Chlorophyceae; o__Chlorophyceae; f__Chlorophyceae; g__Chlorophyceae	0.964958065
49604eb0c935aa0de98fe7ff98612268	d__Eukaryota; p__Peronosporomycetes; c__Peronosporomycetes; o__Peronosporomycetes; f__Peronosporomycetes; g__Pythium; s__Pythium_monospermum	0.922730256
987d7c64422619dd56622a97d1da160c	d__Eukaryota; p__Peronosporomycetes; c__Peronosporomycetes; o__Peronosporomycetes; f__Peronosporomycetes; g__Pythium; s__Pythium_rostratum	0.800910826
8247f52b4444dabbb3cb041225c6812d	d__Eukaryota; p__Ascomycota; c__Dothideomycetes	0.971161188
f9fcc3aaff6c797429939c975636dbd0	d__Eukaryota; p__Ascomycota; c__Dothideomycetes; o__Pleosporales	0.999489355
c21aaf099b95fca31b8138f016a2e8e9	d__Eukaryota; p__Amoebozoa; c__Tubulinea; o__Euamoebida; f__Euamoebida; g__Hartmannella; s__Nolandella_sp.	0.998155509
196f7f157d424abd29bc1b1b82618ae1	d__Eukaryota; p__Phragmoplastophyta; c__Embryophyta	0.987741699
39fd6f4015c85137ee32817edbe401c0	d__Eukaryota; p__Gracilipodida; c__Gracilipodida; o__Gracilipodida; f__Gracilipodida; g__Filamoeba; s__Filamoeba_sp.	0.901207651
40277dd393e5ce21b1d227ef8ae367c9	d__Eukaryota; p__Apicomplexa; c__Conoidasida; o__Gregarinasina; f__Eugregarinorida; g__uncultured; s__uncultured_alveolate	0.999018831
66f25473a3441e12f355f717a6cd6f31	d__Eukaryota; p__Cryptomycota; c__LKM11; o__LKM11; f__LKM11; g__LKM11; s__uncultured_fungus	0.736459322
2760ffc4d190d2e6f20b7a1501d13cf2	d__Eukaryota; p__Chlorophyta; c__Trebouxiophyceae; o__Trebouxiophyceae; f__Trebouxiophyceae; g__Trebouxiophyceae; s__Chloropyrula_uraliensis	0.999999443
04e29cfbddb68e6cbb59b80e3a377bbd	d__Eukaryota; p__Ciliophora; c__Intramacronucleata; o__Litostomatea; f__Haptoria	0.99942448
484c458e1ad67b3b189f7a22faef24db	d__Eukaryota; p__Cercozoa; c__Vampyrellidae; o__Vampyrellidae; f__Vampyrellidae; g__Vampyrella; s__uncultured_eukaryote	0.709294323
7d49ddd916f15d5004ee572d5d448d46	d__Eukaryota; p__Cercozoa; c__Vampyrellidae; o__Vampyrellidae; f__Vampyrellidae; g__Vampyrellidae; s__Platyreta_germanica	0.99999971
a7f8fe52ee1424d6222333b792440232	d__Eukaryota; p__Ascomycota; c__Pezizomycetes; o__Pezizales; f__Pyronemataceae; g__Sowerbyella; s__Sowerbyella_imperialis	0.919797921
a84655399c6638a8fa8b6af30ece65c8	d__Eukaryota; p__Chlorophyta; c__Chlorophyceae; o__Chlorophyceae; f__Chlorophyceae; g__Chlorophyceae; s__Heterochlamydomonas_lobata	0.90548747
ddee6be115510b02f0f56c2ed2907ad2	d__Eukaryota; p__Ochrophyta; c__Chrysophyceae; o__Chromulinales; f__Chromulinales; g__Poteriospumella; s__Spumella-like_flagellate	0.871426925
11ab524267af8738f5d997b285f28340	d__Eukaryota; p__Cercozoa; c__uncultured; o__uncultured; f__uncultured; g__uncultured; s__uncultured_Cercozoa	0.999999996
39e927e8def06e5087e3d9d48395b9a0	d__Eukaryota; p__Nematozoa; c__Enoplea; o__Dorylaimia; f__Dorylaimida; g__Dorylaimida	0.976472016
c5ac336fab3d8b920070113afbfe8aea	d__Eukaryota; p__Cercozoa; c__Thecofilosea; o__Thecofilosea; f__Thecofilosea	0.994912077
e0fd1dacf8407190b6bb6824b45369de	d__Eukaryota; p__Diatomea; c__Bacillariophyceae; o__Bacillariophyceae; f__Bacillariophyceae	0.947312579
29f71b2aa807637030f3cbcb1dcb87f7	d__Eukaryota; p__Tardigrada; c__Eutardigrada	1
a10c7e6a08a6d688aa196d9d28bc73b5	d__Eukaryota; p__Arthropoda; c__Ellipura; o__Collembola; f__Collembola; g__Collembola; s__metagenome	0.999996753
3fa4a59f4fdcb5e5a3f8349b0bb72c93	d__Eukaryota; p__Ascomycota; c__Eurotiomycetes; o__Eurotiales; f__Trichocomaceae	0.911456303
fe326bb957eace1806f2bcd7b3b8a1f9	d__Eukaryota; p__Chlorophyta; c__Trebouxiophyceae; o__Trebouxiophyceae; f__Trebouxiophyceae; g__Trebouxiophyceae	0.999658142
97fecbafaeeb0a519b212d2b831a35bf	d__Eukaryota	1
6ec622a6f6e2b0625f4f6bc35a188b2f	d__Eukaryota; p__Chlorophyta; c__Trebouxiophyceae; o__Trebouxiophyceae; f__Trebouxiophyceae; g__Trebouxiophyceae; s__Dictyosphaerium_sp.	0.999739234
a1151c46f7ff1ec85d3ffedc99dd57b5	d__Eukaryota; p__Apicomplexa; c__Conoidasida; o__Gregarinasina; f__Eugregarinorida; g__Monocystis; s__Monocystis_agilis	0.974841443
2b9f2e8959701ee5a87355798734c8b5	d__Eukaryota; p__Basidiomycota; c__Agaricomycetes; o__Agaricales; f__Marasmiaceae; g__Marasmiaceae; s__uncultured_fungus	0.912860199
6cb635e1bfc1b661102b2424af5bd970	d__Eukaryota; p__Basidiomycota; c__Agaricomycetes; o__Agaricales	0.93182581
47653c47aae7786710d86efabb9e84f0	d__Eukaryota; p__Holozoa; c__Ichthyosporea; o__Pseudoperkinsidae; f__Pseudoperkinsidae; g__Anurofeca; s__Anurofeca_sp.	0.999566624
d75eb69f7b7d570c3d9f3ce7eab48243	d__Eukaryota; p__Klebsormidiophyceae; c__Klebsormidiophyceae; o__Klebsormidiophyceae; f__Klebsormidiophyceae; g__Klebsormidiophyceae	0.999884982
71ee623fa8399a22eb03d51cda8235b9	d__Eukaryota; p__Nematozoa; c__Enoplea; o__Dorylaimia; f__Dorylaimida; g__Dorylaimida; s__Eudorylaimus_carteri	0.999864298
97e8ca7e988b2cd550eaa0874293672c	d__Eukaryota; p__Apicomplexa; c__Conoidasida; o__Gregarinasina; f__Eugregarinorida; g__Monocystis; s__Monocystis_agilis	1
fd939a42107a54f38bb3a7bee5715e0a	d__Eukaryota; p__Ascomycota; c__Dothideomycetes	0.999433442
8e56a80d87bd69f005e9cd95eeed7d26	d__Eukaryota; p__SAR; c__Labyrinthulomycetes; o__Labyrinthulomycetes; f__Labyrinthulomycetes; g__Sorodiplophrys; s__Sorodiplophrys_stercorea	0.996684421
fa4b5f57f0ca89409ed6c6fb97440de7	d__Eukaryota; p__Cryptomycota; c__LKM11; o__LKM11; f__LKM11; g__LKM11; s__uncultured_eukaryote	0.952359667
98772ae99cfe281f68c8dbd703fd4275	d__Eukaryota; p__Chlorophyta; c__Trebouxiophyceae; o__Trebouxiophyceae; f__Trebouxiophyceae; g__Trebouxiophyceae; s__Chlorella_sp.	0.741047846
d5368c118c4c164ac59e746a4c212a88	d__Eukaryota; p__Arthropoda; c__Arachnida; o__Acari; f__Acari; g__Acari; s__Liacarus_coracinus	0.892366166
a98f70334e58dd5f69742bc946df2c43	d__Eukaryota; p__Ochrophyta; c__Chrysophyceae	0.999991706
e883be1c7715610bbde4951a3b088364	d__Eukaryota; p__Ciliophora; c__Intramacronucleata; o__Litostomatea; f__Haptoria; g__uncultured; s__Paraenchelys_terricola	0.995863692
765cca4335c552f898d8bb44c6a9e3ed	d__Eukaryota; p__Basidiomycota; c__Agaricomycetes; o__Agaricales; f__Marasmiaceae; g__Marasmiaceae; s__uncultured_fungus	0.954308533
db16afe23b684351a1e9d5db22dddf6e	d__Eukaryota	1
e10f51a930738d4c94ad3c5284c085df	d__Eukaryota; p__Cercozoa; c__Phytomyxea; o__Phytomyxea; f__Phytomyxea; g__Sorosphaerula; s__Sorosphaerula_veronicae	0.997544359
55d2e27cec3aac0f0251e132d2de0f69	d__Eukaryota; p__Ciliophora; c__Intramacronucleata; o__Conthreep; f__Colpodea; g__Colpoda; s__metagenome	0.857933519
0dc166e42fd69477228b79744831578d	d__Eukaryota; p__Ochrophyta; c__Xanthophyceae; o__Mischococcales; f__Mischococcales; g__Chlorellidium; s__Chlorellidium_tetrabotrys	0.986835081
d68099d198464ed3030c17deae548a19	d__Eukaryota; p__Ochrophyta; c__Xanthophyceae; o__Mischococcales; f__Mischococcales; g__Mischococcales; s__Botrydiopsis_sp.	0.74038176
c9804735302267f5c6804b34d7be2f9a	d__Eukaryota; p__Ochrophyta; c__Chrysophyceae; o__Chromulinales; f__Chromulinales; g__Spumella; s__metagenome	0.740180545
d80571c201161aa472f93858c5bbd636	d__Eukaryota; p__uncultured; c__uncultured; o__uncultured; f__uncultured; g__uncultured; s__metagenome	0.986220853
12306df870c66525597b0ab6ad7d1a1c	d__Eukaryota; p__Nematozoa; c__Enoplea; o__Triplonchida; f__Triplonchida; g__Triplonchida; s__Trischistoma_monohystera	0.972227434
408e1b2f052f7c309b991e5fe06bf951	d__Eukaryota; p__Ascomycota; c__Dothideomycetes; o__Pleosporales; f__Didymellaceae; g__Ascochyta	0.793395499
3639e92ec4374b5fa77fe0aad8bc36dd	d__Eukaryota; p__Apicomplexa; c__Conoidasida; o__Gregarinasina; f__Eugregarinorida; g__uncultured; s__uncultured_alveolate	0.999981334
35d4c07885d78368f8e04e515e88af3a	d__Eukaryota; p__Ascomycota; c__Eurotiomycetes; o__Chaetothyriales; f__Trichomeriaceae; g__Knufia	0.75924291
1503f12e2a655d9736af9e3227c4dd58	d__Eukaryota; p__Chlorophyta; c__Chlorophyceae; o__Chlorophyceae; f__Chlorophyceae; g__Chlorophyceae	0.922578384
ce2725c35b21a65c96e2910f1a6f1c18	d__Eukaryota; p__Ascomycota; c__Leotiomycetes; o__Helotiales; f__Helotiales	0.71842357
e99411dba164b9bcc434875e8d52fc40	d__Eukaryota; p__Basidiomycota; c__Tremellomycetes; o__Filobasidiales; f__Filobasidiaceae	0.711981063
1b08ae8db8cfa984721728c9987a5b45	d__Eukaryota; p__Diatomea; c__Bacillariophyceae; o__Bacillariophyceae; f__Bacillariophyceae	0.946830438
5cadba826e0a9434a912f2f440f61108	d__Eukaryota; p__Phragmoplastophyta; c__Embryophyta; o__Magnoliophyta; f__Magnoliophyta; g__Magnoliophyta	0.999998369
64b3f028b6ae9f3a1f07f6fc6aba5bdb	d__Eukaryota; p__Apicomplexa; c__Conoidasida; o__Gregarinasina; f__Eugregarinorida; g__Monocystis; s__Monocystis_agilis	0.999719713
a1cc27675d9a61bb04f270338741e563	d__Eukaryota; p__Ascomycota; c__Pezizomycetes; o__Pezizales; f__Rhizinaceae; g__Phymatotrichopsis; s__metagenome	0.999973678
e8ce1e5117fe1efd9b1a52012fc1bb6c	d__Eukaryota; p__Cercozoa; c__Cercomonadidae; o__Cercomonadidae; f__Cercomonadidae; g__Cercomonas	0.999202742
66e2f021a4eceda5732b9bda875dd4c6	d__Eukaryota; p__Cryptomycota; c__LKM11; o__LKM11; f__LKM11; g__LKM11; s__uncultured_eukaryote	0.988080844
c3405669fb329b196ae34231baeef6d7	d__Eukaryota; p__Cercozoa; c__Thecofilosea; o__Thecofilosea; f__Thecofilosea; g__uncultured; s__metagenome	0.999804508
12dffe579a787b3c1ba9c0b2790aa289	d__Eukaryota; p__Ascomycota; c__Dothideomycetes; o__Stigmatodiscales; f__Stigmatodiscaceae; g__uncultured; s__Dothideomycetes_sp.	0.998527647
fae0905197835d31c4fda853c0df6546	d__Eukaryota; p__Cercozoa; c__Thecofilosea; o__Thecofilosea; f__Thecofilosea; g__uncultured; s__metagenome	0.99977592
2a9a3de438b9a3efa22cf67ff273a6fd	d__Eukaryota; p__Apicomplexa; c__Conoidasida; o__Gregarinasina; f__Eugregarinorida; g__uncultured; s__uncultured_alveolate	0.999579425
65b95cb4b981dff463f2edf17a9c53c1	d__Eukaryota; p__Chlorophyta; c__Chlorophyceae; o__Chlorophyceae; f__Chlorophyceae; g__Chlorophyceae; s__Bracteacoccus_xerophilus	0.999769264
6c125bb6ea9b35e6a19b08a94eded90e	d__Eukaryota; p__Cercozoa; c__Thecofilosea; o__Thecofilosea; f__Thecofilosea; g__uncultured; s__metagenome	0.996145681
5b8044da8923604614ff1a071d65dd35	d__Eukaryota; p__Diatomea; c__Bacillariophyceae; o__Bacillariophyceae; f__Bacillariophyceae; g__Fistulifera; s__Fistulifera_pelliculosa	0.999732234
757e505a1e793dabbbc25e1e7eb98542	d__Eukaryota; p__Vertebrata; c__Mammalia; o__Mammalia; f__Mammalia; g__Mammalia	0.976870499
3c22469c0f5bb11b982adb043c71ba06	d__Eukaryota; p__Ciliophora; c__Intramacronucleata; o__Conthreep; f__Phyllopharyngea; g__Phascolodon	0.999433376
c002c946f37dc022d8bd3ce7d5a38e3a	d__Eukaryota; p__Apicomplexa; c__Conoidasida; o__Gregarinasina; f__Eugregarinorida; g__uncultured; s__uncultured_alveolate	0.927936857
243ebe8f24e0a1fceb47581c552465f0	d__Eukaryota; p__Cercozoa; c__Thecofilosea; o__Thecofilosea; f__Thecofilosea; g__Thecofilosea; s__metagenome	0.717371999
3b334626932aa567b2c681f6f0b3b5b6	d__Eukaryota; p__Ascomycota; c__Dothideomycetes; o__Dothideales; f__Aureobasidiaceae	0.999854819
9f45852359439a9631cc2b8ec4a7a82b	d__Eukaryota; p__Bicosoecida; c__Bicosoecida; o__Bicosoecida; f__Bicosoecida; g__Bicosoecida; s__Adriamonas_peritocrescens	0.975065663
6155bf35ba4922e7e3454c3f398fd522	d__Eukaryota; p__Ochrophyta; c__Xanthophyceae	0.997832017
7a19d11a6599e9b0064711bd5f0c8642	d__Eukaryota; p__Ascomycota; c__Dothideomycetes; o__Pleosporales	0.999664461
59ff0aa1633a7faba0b3b7322a132583	d__Eukaryota; p__Diatomea; c__Bacillariophyceae; o__Bacillariophyceae; f__Bacillariophyceae	0.848694596
961391620b902b69991e92578f8cb00d	d__Eukaryota; p__Chlorophyta; c__Trebouxiophyceae; o__Trebouxiophyceae; f__Trebouxiophyceae; g__Trebouxiophyceae; s__Chlorella_sp.	0.722964934
ff4a121ba1cae2ea10988e91f6f31770	d__Eukaryota; p__Nematozoa; c__Chromadorea; o__Chromadorida; f__Chromadorida; g__Chromadorida; s__Paracyatholaimus_intermedius	0.810050376
207e7f5a36ddebfc50467c411739653a	d__Eukaryota; p__Ascomycota; c__Dothideomycetes; o__Pleosporales; f__Phaeosphaeriaceae; g__Ophiosphaerella; s__Ophiosphaerella_herpotricha	0.926874724
d27db39bf7d5165b5198eead1e105c78	d__Eukaryota; p__Ascomycota; c__Eurotiomycetes; o__Eurotiales; f__Trichocomaceae; g__Talaromyces	0.996599902
f337c81df15dc0104ee59295f54727a0	d__Eukaryota; p__Ciliophora; c__Intramacronucleata; o__Conthreep; f__Oligohymenophorea; g__Telotrochidium; s__uncultured_ciliate	0.98492503
bf8b693b27eac392e602861c1a691217	d__Eukaryota; p__Cercozoa; c__Thecofilosea; o__Thecofilosea; f__Thecofilosea; g__uncultured; s__metagenome	0.712651113
83c6caea2bebbaa48cad7ae12563dbe8	d__Eukaryota; p__Cercozoa; c__Vampyrellidae; o__Vampyrellidae; f__Vampyrellidae; g__Vampyrella; s__uncultured_eukaryote	0.985228162
5f03899f0d87a794821c425560549b7e	d__Eukaryota; p__Chlorophyta; c__Ulvophyceae; o__Ulvophyceae; f__Ulvophyceae; g__Ulvophyceae; s__Planophila_laetevirens	0.999696381
f66749a6a2192391d295b30ae9909f43	d__Eukaryota; p__Phragmoplastophyta; c__Embryophyta; o__Magnoliophyta; f__Magnoliophyta; g__Magnoliophyta; s__Ipomoea_nil	0.848108942
24b96961dfdf5de7649fb3f177a191fd	d__Eukaryota; p__Gracilipodida; c__Gracilipodida; o__Gracilipodida; f__Gracilipodida; g__Filamoeba	1
5841d4a2b7e24aa7e9b614fa808e6724	d__Eukaryota; p__Cercozoa; c__Glissomonadida; o__Glissomonadida; f__Glissomonadida; g__uncultured; s__metagenome	0.999999978
45504291be3f99a9d73a37e97211e8b6	d__Eukaryota; p__Basidiomycota; c__Agaricomycetes	0.883952774
d9fa3b0a7910f6d4672d8b3cfe3ba77e	d__Eukaryota; p__Diatomea; c__Bacillariophyceae; o__Bacillariophyceae; f__Bacillariophyceae	0.999729896
29bfcf6e760d9c6ac4e16a00c7c3f920	d__Eukaryota; p__Ascomycota; c__Eurotiomycetes; o__Chaetothyriales; f__Herpotrichiellaceae	0.988097642
6f25be630604a82781d1a9dcf10218c2	d__Eukaryota; p__Cercozoa; c__Phytomyxea; o__Phytomyxea; f__Phytomyxea; g__Spongospora; s__Spongospora_subterranea	1
cf31f0ec97e9171c49d53ef78be4e12c	d__Eukaryota; p__Cercozoa; c__Glissomonadida; o__Glissomonadida; f__Glissomonadida; g__uncultured; s__metagenome	0.999998144
48b126aa8f5452ef8e911c18cef2ca3e	d__Eukaryota; p__Ochrophyta; c__Chrysophyceae; o__Chromulinales; f__Chromulinales; g__Spumella; s__metagenome	0.847960107
ea7447ad7dfde648597754d37749f3f8	d__Eukaryota; p__Ascomycota; c__uncultured; o__uncultured; f__uncultured; g__uncultured; s__metagenome	0.932620558
c5422326057500fc7a2c58dfc8d4bf50	d__Eukaryota; p__Ascomycota; c__Pezizomycetes; o__Pezizales; f__Pyronemataceae; g__Sowerbyella; s__Sowerbyella_imperialis	0.831254263
55119661e0601e3ff64a460b8ea732a2	d__Eukaryota; p__Chlorophyta; c__Chlorophyceae; o__Chlorophyceae; f__Chlorophyceae; g__Chlorophyceae	0.974799864
dfe7a80b0026211bfa0b9d0a124e452c	d__Eukaryota; p__Cercozoa; c__Imbricatea; o__Imbricatea; f__Euglyphida; g__Trinema	0.99540134
2d51de618dc54b765a6d801fb3afda06	d__Eukaryota; p__Amoebozoa; c__Tubulinea; o__Euamoebida; f__Euamoebida; g__Hartmannella; s__Nolandella_sp.	0.763304432
04034f706cbdf8720b1b20785ddd1f3e	d__Eukaryota; p__Cercozoa; c__Thecofilosea; o__Thecofilosea; f__Thecofilosea; g__Thecofilosea; s__metagenome	0.978781802
0ec2d89153664f2849d77d1ff3d390e1	d__Eukaryota	1
181cb8eaaaf5a25611483864ff603a83	d__Eukaryota; p__Ascomycota; c__Dothideomycetes; o__Pleosporales	0.994325802
b6f84d7746cff3e73c86e3eb58c9b8d0	d__Eukaryota; p__Aphelidea; c__Aphelidea; o__Aphelidea; f__Aphelidea; g__uncultured; s__uncultured_fungus	0.863725088
0f8e5de87825dca13bc24341fc098764	d__Eukaryota; p__Ciliophora; c__Intramacronucleata; o__Conthreep; f__Colpodea; g__Colpoda; s__metagenome	0.877176437
458de801975a674b9b7ab0506013efad	d__Eukaryota; p__Chlorophyta; c__Chlorophyceae; o__Chlorophyceae; f__Chlorophyceae; g__Chlorophyceae; s__uncultured_Chlorophyta	0.856793915
192c98ddea2c00aaee5217e2267568e4	d__Eukaryota; p__Ochrophyta; c__Xanthophyceae; o__Tribonematales; f__Tribonematales; g__Tribonema; s__Tribonema_intermixum	0.938537936
e8ed4f10863c4eaf244d1bd354094333	d__Eukaryota; p__Diatomea; c__Bacillariophyceae; o__Bacillariophyceae; f__Bacillariophyceae	0.999072063
ffe69ef6d76e0d5130991b18c2f741c6	d__Eukaryota; p__Cercozoa; c__Phytomyxea; o__Phytomyxea; f__Phytomyxea; g__Spongospora; s__Spongospora_subterranea	1
41471110a3531c17df46bc450cc7b025	d__Eukaryota; p__Chytridiomycota; c__Chytridiomycetes; o__Rhizophydiales; f__uncultured; g__uncultured; s__uncultured_fungus	0.997232586
1c61971122caf49b04c08085d2eb9c61	d__Eukaryota; p__Chlorophyta; c__Ulvophyceae; o__Ulvophyceae; f__Ulvophyceae; g__Ulvophyceae; s__Scotinosphaera_austriaca	0.884893293
1d5732d385687f075eaa506465a03190	d__Eukaryota; p__Ciliophora; c__Intramacronucleata; o__Spirotrichea; f__Hypotrichia; g__Hypotrichia	0.80944175
ae28ea9e04cebc29c540e333dbfaa4ea	d__Eukaryota; p__Ciliophora; c__Intramacronucleata; o__Spirotrichea; f__Hypotrichia; g__Hypotrichia	0.902068516
7efb297566be36325d55f049ee9f3f31	d__Eukaryota; p__Arthropoda; c__Ellipura; o__Collembola; f__Collembola; g__Collembola; s__metagenome	0.999488487
74f0956ebe807fa40945ae50df8e1600	d__Eukaryota; p__Ascomycota; c__Dothideomycetes; o__Pleosporales; f__Pleosporales; g__Periconia; s__Periconia_macrospinosa	0.737039577
aa6ea9649244aaa11f69fa17c03c3a59	d__Eukaryota; p__Zoopagomycota; c__Incertae_Sedis	0.721445744
6ef0fd09a0333abfe7801108e44a66b1	d__Eukaryota; p__Ciliophora; c__Intramacronucleata; o__Spirotrichea; f__Hypotrichia; g__Hypotrichia	0.998974852
b300d6a9ec99b946db1b6cc71d723583	d__Eukaryota; p__Ciliophora; c__Intramacronucleata; o__Spirotrichea; f__Hypotrichia; g__Hypotrichia	0.755659763
92ea5f1f46bc10cc0deb386ed205633e	d__Eukaryota; p__Chlorophyta; c__Trebouxiophyceae; o__Trebouxiophyceae; f__Trebouxiophyceae; g__Trebouxiophyceae	0.911075659
f1801d6b436f7aea9818dd0218089cc9	d__Eukaryota; p__Ciliophora; c__Intramacronucleata; o__Spirotrichea; f__Hypotrichia; g__Hypotrichia; s__metagenome	0.999999918
d6d4747842247ba8ca4bf6c774dc8258	d__Eukaryota; p__Nematozoa; c__Enoplea; o__Dorylaimia; f__Mononchida; g__Mononchida; s__Nematoda_environmental	0.999951606
fe438cd9f14a859a0193043e643a3d77	d__Eukaryota; p__Basidiomycota; c__Microbotryomycetes	0.999936797
16b8f5aacc4b9aa321eb3a9b2f5fa7a6	d__Eukaryota; p__SAR; c__Labyrinthulomycetes; o__Labyrinthulomycetes; f__Labyrinthulomycetes; g__Sorodiplophrys; s__Sorodiplophrys_stercorea	0.997924453
05740a9f186c8f1c46258fd24fb7b55b	d__Eukaryota; p__Cercozoa; c__Phytomyxea; o__Phytomyxea; f__Phytomyxea; g__uncultured; s__Spongospora_subterranea	0.992513862
a98b735c97fe7a11a0fa161df6b0739c	d__Eukaryota; p__Ascomycota; c__Dothideomycetes; o__Pleosporales; f__Pleosporales	0.743468949
08cf93866b71e3427bfdeffbccb7b401	d__Eukaryota; p__Chlorophyta; c__Chlorophyceae; o__Chlorophyceae; f__Chlorophyceae; g__Chlorophyceae; s__Spongiochloris_spongiosa	0.999923724
fd60f6eae80073c6fb5fb221425c60b3	d__Eukaryota; p__Phragmoplastophyta; c__Embryophyta	0.829472198
2e962b2700e3fdb0ce706fe5647e1308	d__Eukaryota	1
3403b29539df0d185d838706d9a3468d	d__Eukaryota; p__Chlorophyta; c__Chlorophyceae; o__Chlorophyceae; f__Chlorophyceae; g__Chlorophyceae; s__Heterochlamydomonas_lobata	0.930047785
7ccfe6b1b76de3a571a624275e4a839c	d__Eukaryota; p__Cercozoa; c__Thecofilosea; o__Thecofilosea; f__Thecofilosea; g__uncultured; s__metagenome	0.999908626
2133481108c8a4c6b1ec3fb58cf1be59	d__Eukaryota; p__Ciliophora; c__Intramacronucleata; o__Conthreep; f__Colpodea; g__Colpoda; s__metagenome	0.997912054
68d1f03a428869957d2ca712353a603d	d__Eukaryota; p__Chlorophyta; c__Chlorophyceae; o__Chlorophyceae; f__Chlorophyceae; g__Chlorophyceae; s__Pleurastrum_insigne	0.967641771
afa0e35df977552306b86b0dd31d800f	d__Eukaryota; p__Ciliophora; c__Intramacronucleata; o__Litostomatea; f__Haptoria; g__uncultured; s__Paraenchelys_terricola	0.76040844
ce67795aa98f6c43175261513b103814	d__Eukaryota; p__Cercozoa; c__Thecofilosea; o__Thecofilosea; f__Thecofilosea; g__Thecofilosea; s__metagenome	0.987909232
4d33e67d5c16f8e8f0bff5a0dae3a7a8	d__Eukaryota; p__Hyphochytriomycetes; c__Hyphochytriomycetes; o__Hyphochytriales; f__Hyphochytriales; g__Hyphochytrium; s__Hyphochytrium_catenoides	0.999890992
db4e908d8260f471d27bb6e7fae516fb	d__Eukaryota; p__Chlorophyta; c__Chlorophyceae; o__Chlorophyceae; f__Chlorophyceae; g__Chlorophyceae; s__Chlamydomonas_sp.	0.894647481
9c1a0a0dfd1013333af634293e12ea6a	d__Eukaryota; p__Amoebozoa; c__Tubulinea; o__Echinamoebida; f__Echinamoebida; g__Vermamoeba; s__Vermamoeba_vermiformis	0.998651086
f8a5f1f49ae0959a3472c9b025e13cc4	d__Eukaryota; p__Chlorophyta; c__Chlorophyceae; o__Chlorophyceae; f__Chlorophyceae; g__Chlorophyceae; s__Bracteacoccus_occidentalis	0.999945218
c36ba21c52bea619eb3120b4ec0bbb6d	d__Eukaryota; p__Chlorophyta; c__Trebouxiophyceae; o__Trebouxiophyceae; f__Trebouxiophyceae; g__Trebouxiophyceae; s__Coccomyxa_sp.	0.843189328
8203cd9b8514613b72f599ba88e5af45	d__Eukaryota; p__Nematozoa; c__Chromadorea; o__Monhysterida; f__Monhysterida; g__Monhysterida; s__Tridentulus_sp.	0.740534793
313c95147e98838de78ca88fbda504af	d__Eukaryota; p__Cercozoa; c__Thecofilosea; o__Thecofilosea; f__Thecofilosea	0.90237565
c4ce5f2eec2ff8520f18999d002759ad	d__Eukaryota; p__Ascomycota; c__Dothideomycetes; o__Pleosporales; f__Pleosporales; g__Herpotrichia; s__Herpotrichia_parasitica	0.864029499
1cfad7e224a2f605fe57a6b2e4dd0cc9	d__Eukaryota; p__Chlorophyta; c__Trebouxiophyceae; o__Trebouxiophyceae; f__Trebouxiophyceae; g__Trebouxiophyceae; s__Watanabea_reniformis	0.986212848
302c2b0ab5290e64a7df2b62f1b72865	d__Eukaryota; p__Nematozoa; c__Chromadorea; o__Araeolaimida; f__Araeolaimida; g__Araeolaimida; s__Nematoda_environmental	0.829062811
619d06420840b7c98f7fdff99a3a1dc5	d__Eukaryota; p__Ascomycota; c__Dothideomycetes; o__Venturiales; f__Sympoventuriaceae; g__Fusicladium; s__Fusicladium_sicilianum	0.938406976
3d3740c0486b6fd7498f19c9afdb03d7	d__Eukaryota; p__Hyphochytriomycetes; c__Hyphochytriomycetes; o__Hyphochytriales; f__Hyphochytriales; g__Hyphochytriales; s__uncultured_eukaryote	0.996769843
f8061a73cc103993a367a03c601e3a62	d__Eukaryota; p__Ochrophyta; c__Chrysophyceae; o__Chromulinales; f__Chromulinales; g__Spumella	0.944726813
4227a0540a04959bfed03f18cf6bb562	d__Eukaryota; p__Cercozoa; c__Cercomonadidae; o__Cercomonadidae; f__Cercomonadidae; g__uncultured; s__metagenome	0.99568289
69f4e0a08f1f2727894fe5e0e2fb49a0	d__Eukaryota; p__Cercozoa; c__Imbricatea; o__Imbricatea; f__Thaumatomonadida	0.999643565
159e70778b57c9fc9c4ee5d253a1eea0	d__Eukaryota; p__LKM15; c__LKM15; o__LKM15; f__LKM15; g__LKM15; s__uncultured_eukaryote	0.995476231
067d5883b94c8b5d7989cd059fe8e525	d__Eukaryota; p__Cercozoa; c__Thecofilosea; o__Thecofilosea; f__Thecofilosea; g__Thecofilosea; s__metagenome	0.864543788
ccf0b65279fd2fb8c1e438fdcc6bdd11	d__Eukaryota; p__Chlorophyta; c__Trebouxiophyceae; o__Trebouxiophyceae; f__Trebouxiophyceae; g__Trebouxiophyceae	0.760803353
b389082f0b3701ccae9f76b3e3baab14	d__Eukaryota; p__Mucoromycota; c__Incertae_Sedis; o__Mortierellales; f__Mortierellaceae; g__Mortierella	0.999123676
a69e2a63ce2214830553084dd5f65f4e	d__Eukaryota; p__Chlorophyta; c__Chlorophyceae; o__Chlorophyceae; f__Chlorophyceae; g__Chlorophyceae	0.990155984
b2261e10abb7a8d140cfc7d338b854ca	d__Eukaryota; p__Ochrophyta; c__Chrysophyceae; o__Chromulinales; f__Chromulinales; g__Spumella; s__metagenome	0.918971941
6343eda3a15b2640e2db3080a05d4d95	d__Eukaryota; p__Ascomycota; c__Pezizomycetes; o__Pezizales	0.735695412
1a54c21f1cc5861b03f64467a8f8c204	d__Eukaryota; p__Blastocladiomycota; c__Blastocladiomycetes; o__Blastocladiales; f__Blastocladiales; g__Blastocladiales; s__uncultured_fungus	0.999998207
a7bdc05890924d9bb10d5d98606c94e1	d__Eukaryota; p__Ascomycota	0.999693777
b466447000d5e9b75678bf4eb571eda2	d__Eukaryota; p__Phragmoplastophyta; c__Embryophyta; o__Magnoliophyta; f__Magnoliophyta; g__Magnoliophyta	0.996899795
e5acbd6897b4cd90feede4f2bca097f4	d__Eukaryota; p__Ciliophora; c__Intramacronucleata; o__Litostomatea; f__Haptoria; g__uncultured; s__Paraenchelys_terricola	0.951350797
9d616c61a3ad30413e61fe078f150d43	d__Eukaryota; p__Ascomycota; c__Dothideomycetes; o__Pleosporales	0.997919918
0525528342c9b0e98b31a2aed08433b6	d__Eukaryota; p__Peronosporomycetes; c__Peronosporomycetes; o__Peronosporomycetes; f__Peronosporomycetes; g__Peronosporomycetes; s__Pythium_cystogenes	0.814431242
5a94600c92cace7dda28b3bec3414cc8	d__Eukaryota; p__Ascomycota; c__Dothideomycetes; o__Pleosporales; f__Pleosporaceae; g__Alternaria; s__Alternaria_solani	0.984154021
2f888f5f6f30825099b5137fa4cc4098	d__Eukaryota	1
dc239cf43342884e63a019ada48c6c09	d__Eukaryota; p__Ascomycota; c__Leotiomycetes; o__Helotiales; f__Incertae_Sedis; g__Tetracladium; s__Helotiales_sp.	0.999869762
09e85d8ef83836a7481be9aaa3de4a06	d__Eukaryota; p__Cercozoa; c__Glissomonadida; o__Glissomonadida; f__Glissomonadida; g__uncultured; s__metagenome	0.999999997
4f1f0637d9b3d9fe984d63f2b46f154c	d__Eukaryota; p__Gracilipodida; c__Gracilipodida; o__Gracilipodida; f__Gracilipodida; g__Flamella; s__uncultured_marine	0.963327037
2c1c6c1fc3615ee5de8cc789422358e3	d__Eukaryota; p__Cercozoa; c__Vampyrellidae; o__Vampyrellidae; f__Vampyrellidae; g__Vampyrellidae	0.940633222
f32da99d5e7b66f3229f394cd38e4fdb	d__Eukaryota; p__Ochrophyta; c__Xanthophyceae; o__Mischococcales; f__Mischococcales; g__Chlorellidium; s__Chlorellidium_tetrabotrys	0.984399636
01d697279ebe140e33639f05665fe4a1	d__Eukaryota; p__Basidiomycota; c__Agaricomycetes	0.999800126
66d1a4ce79f0f4f836781d72425fe57f	d__Eukaryota; p__Basidiomycota; c__Tremellomycetes; o__Cystofilobasidiales; f__Cystofilobasidiaceae; g__Cystofilobasidium	0.999997553
06c796c1656fd2d90f0d5eeaa754c305	d__Eukaryota; p__Chytridiomycota; c__Chytridiomycetes; o__Spizellomycetales; f__Olpidiaceae; g__Olpidium; s__Olpidium_brassicae	0.967952176
a46da1e543e8b070e1831fc015f50764	d__Eukaryota; p__Cercozoa; c__Vampyrellidae; o__Vampyrellidae; f__Vampyrellidae; g__Vampyrellidae; s__Cercozoa_sp.	0.721089108
6f3f4b8e51ef1efcda9bb8b3f07974db	d__Eukaryota; p__Diatomea; c__Bacillariophyceae; o__Bacillariophyceae; f__Bacillariophyceae; g__Fistulifera; s__Fistulifera_pelliculosa	0.998982497
3bc9d8af15acf23227c02dc8815b4e56	d__Eukaryota; p__Nematozoa; c__Enoplea; o__Dorylaimia; f__Mononchida; g__Mononchida; s__Nematoda_environmental	0.99774394
06247d54815b52e74b47e4c749415258	d__Eukaryota; p__Cryptomycota; c__LKM11; o__LKM11; f__LKM11; g__LKM11; s__uncultured_eukaryote	0.847063669
9d1d2989510174d76d35ba73e780fb00	d__Eukaryota; p__Apicomplexa; c__Conoidasida; o__Gregarinasina; f__Eugregarinorida; g__uncultured; s__uncultured_alveolate	0.99671265
dfa2239cf016e6c597583a041526c592	d__Eukaryota; p__Nematozoa; c__Enoplea; o__Dorylaimia; f__Dorylaimida; g__Dorylaimida	0.990059633
344970f34bcbb386d7bded2b5eb1c669	d__Eukaryota; p__Ascomycota; c__Dothideomycetes; o__Botryosphaeriales; f__Botryosphaeriaceae; g__Lasiodiplodia; s__Lasiodiplodia_theobromae	0.917059407
9e1f9311f2ccca137d25b7d2e3b37ccf	d__Eukaryota; p__Cercozoa; c__Thecofilosea; o__Thecofilosea; f__Thecofilosea; g__uncultured; s__metagenome	0.998623627
0c7ff936f1404ccb2d970114e3a84c64	d__Eukaryota; p__Ciliophora; c__Intramacronucleata; o__Spirotrichea; f__Hypotrichia; g__Halteria; s__uncultured_alveolate	0.884687242
9b3a2a49e07af764315e17714dfd6625	d__Eukaryota; p__Amoebozoa; c__Tubulinea; o__Echinamoebida; f__Echinamoebida; g__Vermamoeba; s__Vermamoeba_vermiformis	0.998520665
8f7fa6651b73f4b5ea4403de1caee4a2	d__Eukaryota; p__Basidiomycota; c__Agaricomycetes	0.999851727
16e8b690e915c88d1543de3688b39c77	d__Eukaryota; p__Cercozoa; c__Incertae_Sedis; o__Incertae_Sedis; f__Incertae_Sedis; g__Kraken; s__metagenome	1
27cc536d0f249465e46803bba7d1575a	d__Eukaryota; p__Ciliophora; c__Intramacronucleata; o__Conthreep; f__Nassophorea; g__Obertrumia; s__Obertrumia_georgiana	0.982446957
6d72991c45428d242aec37f60b6343d9	d__Eukaryota; p__Ochrophyta; c__Xanthophyceae	0.999971929
31f8fb6fa6a03dfc9f6db3fe7ccb8016	d__Eukaryota; p__Ascomycota; c__Eurotiomycetes; o__Onygenales; f__Onygenaceae	0.909524722
df8f596b47794e7dcabd487fdef2cd06	d__Eukaryota; p__Ciliophora; c__Intramacronucleata; o__Conthreep; f__Colpodea; g__Colpodida; s__Bresslaua_vorax	0.78335243
1d30440e728b9a51ef519996e966f4bd	d__Eukaryota; p__Phragmoplastophyta; c__Embryophyta; o__Magnoliophyta; f__Magnoliophyta; g__Magnoliophyta	0.99499219
628c91fbde5554630758761d937056c5	d__Eukaryota; p__Chlorophyta; c__Chlorophyceae; o__Chlorophyceae; f__Chlorophyceae; g__Chlorophyceae	0.964467773
bb4355cbecdb8e0dde9ecf5d99d5b533	d__Eukaryota; p__Basidiomycota; c__Tremellomycetes; o__Tremellales	0.999520162
3f0620db5d8726a10a38ca21a431c6df	d__Eukaryota; p__Basidiomycota; c__Agaricomycetes; o__Agaricales	0.987413902
492cf8879c50b41f4e62dc7c6a117cbb	d__Eukaryota; p__Chlorophyta; c__Ulvophyceae; o__Ulvophyceae; f__Ulvophyceae; g__Ulvophyceae	0.999994876
f0f2c6fd89f09bc77ea9228a06647fa7	d__Eukaryota; p__Cercozoa; c__Cercomonadidae; o__Cercomonadidae; f__Cercomonadidae; g__Cercomonas	0.998330466
ffd737160bfefc69d10f066d1e653e36	d__Eukaryota; p__Gracilipodida; c__Gracilipodida; o__Gracilipodida; f__Gracilipodida; g__Flamella; s__Flamella_piscinae	0.99959915
a36249a6369866fe7df74d87c564f704	d__Eukaryota; p__Basidiomycota; c__Agaricomycetes; o__Cantharellales; f__Ceratobasidiaceae; g__Rhizoctonia; s__Rhizoctonia_solani	0.77099282
1d9eec8136a131836d2bb0625380673d	d__Eukaryota; p__Diatomea; c__Bacillariophyceae; o__Bacillariophyceae; f__Bacillariophyceae; g__Fistulifera; s__Fistulifera_pelliculosa	0.999468594
de29650d4d333fb722ded8517174840f	d__Eukaryota; p__SAR; c__Labyrinthulomycetes; o__Labyrinthulomycetes; f__Labyrinthulomycetes; g__Sorodiplophrys; s__metagenome	1
605474d63e649f9ce158e9bd52a3a300	d__Eukaryota; p__Cercozoa; c__Vampyrellidae; o__Vampyrellidae; f__Vampyrellidae; g__Vampyrellidae; s__Cercozoa_sp.	0.867067381
a409397b82663b098077f6004f72e683	d__Eukaryota; p__Chlorophyta; c__Chlorophyceae; o__Chlorophyceae; f__Chlorophyceae; g__Chlorophyceae	0.999945468
c0e5c7b825a3e1fe7c99ad16da97172a	d__Eukaryota; p__Cercozoa; c__Cercomonadidae; o__Cercomonadidae; f__Cercomonadidae; g__Cercomonadidae; s__metagenome	0.999982103
de093283059638b33d069fbec6ffe677	d__Eukaryota; p__LKM15; c__LKM15; o__LKM15; f__LKM15; g__LKM15; s__uncultured_eukaryote	0.856835559
5fd22e1c44d84f205c04b814dabf21dd	d__Eukaryota; p__Chlorophyta; c__Chlorophyceae; o__Chlorophyceae; f__Chlorophyceae; g__Chlorophyceae	0.980343896
e5351915bcc9d321ffaa7f22de0efe40	d__Eukaryota; p__Peronosporomycetes; c__Peronosporomycetes; o__Peronosporomycetes; f__Peronosporomycetes	0.99947396
0bb51dcc545c54a60e69741279353564	d__Eukaryota; p__Diatomea; c__Bacillariophyceae; o__Bacillariophyceae; f__Bacillariophyceae	0.948177935
72214b3056c067cae3dc88ffdecd5497	d__Eukaryota; p__Ciliophora; c__Intramacronucleata; o__Conthreep; f__Colpodea; g__Colpoda; s__metagenome	0.981263733
39660bc6193d2a9329b15323c4db3c9a	d__Eukaryota; p__Apicomplexa; c__Conoidasida; o__Gregarinasina; f__Eugregarinorida; g__Monocystis; s__Monocystis_agilis	0.999838657
d8b1131bd77c8f6c6b8916a0f3a0b20b	d__Eukaryota; p__Cercozoa; c__Cercomonadidae; o__Cercomonadidae; f__Cercomonadidae; g__Paracercomonas; s__Paracercomonas_oxoniensis	0.735863733
e77352e36b17a4d4f0fdea43015e35c9	d__Eukaryota; p__Phragmoplastophyta; c__Embryophyta; o__Magnoliophyta; f__Magnoliophyta; g__Magnoliophyta	0.995134011
4f8adb27c7b321c6952a8b440b90762c	d__Eukaryota; p__Peronosporomycetes; c__Peronosporomycetes; o__Peronosporomycetes; f__Peronosporomycetes; g__Pythium; s__Lagena_radicicola	0.873957966
c97dcc4ade34789c6b99f524f8022c84	d__Eukaryota; p__Chlorophyta; c__Chlorophyceae; o__Chlorophyceae; f__Chlorophyceae; g__Chlorophyceae	0.999603903
7cd31bb07ed10d70884f762cafb85998	d__Eukaryota; p__Nematozoa; c__Chromadorea; o__Monhysterida; f__Monhysterida; g__Monhysterida; s__metagenome	1
2618b955b7b5fc02d3dbd06c407d2244	d__Eukaryota; p__Peronosporomycetes; c__Peronosporomycetes; o__Peronosporomycetes; f__Peronosporomycetes	0.999862226
98d7fbff0efae023f352a750c94e61f5	d__Eukaryota; p__LKM15; c__LKM15; o__LKM15; f__LKM15; g__LKM15; s__uncultured_eukaryote	0.997413343
b7458ba1d5f95a819d4bef61b21230e9	d__Eukaryota; p__Diatomea; c__Bacillariophyceae; o__Bacillariophyceae; f__Bacillariophyceae	0.986092765
cf9495bcd3513719e6b72b30e87208b1	d__Eukaryota; p__Ascomycota; c__Pezizomycetes; o__Pezizales; f__Pezizaceae	0.93110516
14c503e5b5a52f95a847a6bf5102270e	d__Eukaryota; p__Aphelidea; c__Aphelidea; o__Aphelidea; f__Aphelidea; g__Paraphelidium; s__uncultured_fungus	0.847613352
48f6decb7c91cfa7b39fb75c6f1b693c	d__Eukaryota; p__Ascomycota; c__Leotiomycetes; o__Helotiales; f__Incertae_Sedis; g__Tetracladium; s__Helotiales_sp.	0.999802181
3e2e79868ab0cde9e7023d05dda2bc44	d__Eukaryota; p__Ciliophora; c__Intramacronucleata; o__Litostomatea; f__Haptoria; g__uncultured	0.98820782
c1f915ce3de84f4cefa374cb6a096512	d__Eukaryota; p__Apicomplexa; c__Conoidasida; o__Gregarinasina; f__Eugregarinorida; g__uncultured; s__uncultured_alveolate	0.877657769
eed24b32983e527480829798a194f121	d__Eukaryota; p__Apicomplexa; c__Conoidasida; o__Gregarinasina; f__Eugregarinorida; g__Monocystis; s__Monocystis_agilis	0.999997088
7b97a4c9e583cbd3cf36d9f478122b96	d__Eukaryota; p__Cercozoa; c__Cercomonadidae; o__Cercomonadidae; f__Cercomonadidae; g__Cercomonadidae; s__metagenome	0.707446401
ef285accc234044682a0ebf582f96578	d__Eukaryota; p__Diatomea; c__Bacillariophyceae; o__Bacillariophyceae; f__Bacillariophyceae	0.991728177
4fe2dd6ce56130d6cb72fcb16222d3e8	d__Eukaryota; p__Chlorophyta; c__Trebouxiophyceae; o__Trebouxiophyceae; f__Trebouxiophyceae; g__Trebouxiophyceae	0.89843273
776ebd1939de856ce5cf687ca9c8e2c1	d__Eukaryota; p__Ciliophora; c__Intramacronucleata; o__Litostomatea; f__Haptoria; g__Haptoria	0.723613013
248a98faa8ab51de598a33325037b692	d__Eukaryota; p__uncultured; c__uncultured; o__uncultured; f__uncultured; g__uncultured; s__metagenome	0.79121135
9c7aa083c646ee4d11409dcd7107a71f	d__Eukaryota; p__Ascomycota; c__Dothideomycetes; o__Pleosporales; f__Pleosporaceae; g__Pleospora; s__Stemphylium_vesicarium	0.999976695
bc502fc36cd3607dd7fe6ab3fd684cb2	d__Eukaryota	0.999999994
1e3c6fd42fb27d63f579940db1a209bc	d__Eukaryota; p__Apicomplexa; c__Conoidasida; o__Gregarinasina; f__Eugregarinorida; g__Monocystis; s__Monocystis_agilis	0.906996775
446a5a6a3203800ed5eef75ab95c7140	d__Eukaryota; p__Peronosporomycetes; c__Peronosporomycetes; o__Peronosporomycetes; f__Peronosporomycetes; g__Pythium	0.999882107
65adbdb8a7b4b8787323cbe15e705a6d	d__Eukaryota; p__Ochrophyta	0.938247001
4dd7dc76ad0e405cefaa80904753bde7	d__Eukaryota; p__Amoebozoa; c__Discosea; o__Centramoebida; f__Centramoebida; g__Acanthamoeba	0.797169006
351a6e11596a3c15b6772b4134297017	d__Eukaryota; p__SAR; c__Labyrinthulomycetes; o__Labyrinthulomycetes; f__Labyrinthulomycetes; g__Sorodiplophrys; s__Sorodiplophrys_stercorea	0.999978104
c7b76609adab3b94e3fd1bd47fe9cf3d	d__Eukaryota; p__Phragmoplastophyta; c__Embryophyta; o__Magnoliophyta; f__Magnoliophyta; g__Magnoliophyta; s__Helianthus_annuus	0.949359139
f89e0183cae59e0cc1c645e4512a26b7	d__Eukaryota	1
0a84d5258f67ab25acf1155bb99bdfb8	d__Eukaryota; p__Cercozoa; c__uncultured; o__uncultured; f__uncultured; g__uncultured; s__metagenome	0.998712762
a273d88d9f1ec073a5a152581818f879	d__Eukaryota; p__Cryptomycota; c__LKM11; o__LKM11; f__LKM11; g__LKM11; s__uncultured_eukaryote	0.999655046
ea84008e5563bc9af9531e8f147906cb	d__Eukaryota; p__Ascomycota; c__Dothideomycetes; o__Pleosporales	0.999426584
d6ba4b504c521d857174ff3eb4dedcb6	d__Eukaryota; p__Ascomycota	0.999422195
09c14d328270518df57950472230cd19	d__Eukaryota; p__Chlorophyta; c__Chlorophyceae; o__Chlorophyceae; f__Chlorophyceae; g__Chlorophyceae; s__Chlorococcum_isabeliense	0.972464017
2a513bac4004e381b0eff45ce4e82840	d__Eukaryota; p__Ciliophora; c__Intramacronucleata; o__Conthreep; f__Colpodea; g__Colpoda; s__metagenome	0.936034117
f80e8ce7d20a67aa2d2c400ce219c6b6	d__Eukaryota; p__Arthropoda; c__Insecta; o__Hymenoptera; f__Hymenoptera; g__Hymenoptera	0.974849718
2cfa0316be34eeffff26c3c57abf0443	d__Eukaryota; p__Nematozoa; c__Chromadorea; o__Araeolaimida; f__Araeolaimida; g__Araeolaimida; s__Nematoda_environmental	0.797178537
e173d30ba2dad548f46d7f5dcc12b515	d__Eukaryota; p__Ciliophora; c__Intramacronucleata; o__Spirotrichea; f__Hypotrichia; g__Hemiurosomoida; s__Hemiurosomoida_longa	0.739820984
955f02a7e0af000641de3c2cf92c40d7	d__Eukaryota	1
ff08f44a40812f6676cf1e4361c149b3	d__Eukaryota; p__Cercozoa; c__Glissomonadida; o__Glissomonadida; f__Glissomonadida; g__Proleptomonas	0.796240176
8bf256e341ff8d7a6317c14e1fb5215f	d__Eukaryota; p__Diatomea; c__Bacillariophyceae; o__Bacillariophyceae; f__Bacillariophyceae; g__Fistulifera; s__Fistulifera_pelliculosa	0.998980981
679fbd6c93fd18fc096505f8004bca71	d__Eukaryota; p__Chlorophyta; c__Trebouxiophyceae; o__Trebouxiophyceae; f__Trebouxiophyceae; g__Trebouxiophyceae	0.866739102
b0ead008315b9318896dbf40b47a883e	d__Eukaryota; p__Ascomycota; c__Dothideomycetes; o__Pleosporales; f__Didymellaceae; g__Ascochyta	0.875536071
a9c0030e9be16e5817bc1d6b5232f1cf	d__Eukaryota; p__Basidiomycota; c__Agaricomycetes; o__Agaricales; f__Pleurotaceae; g__Pleurotus; s__Pleurotus_ostreatus	0.790378819
9cb6d83eda92ff51b786c71aa39cedfa	d__Eukaryota; p__Nematozoa; c__Enoplea; o__Triplonchida; f__Triplonchida; g__Triplonchida; s__Nematoda_environmental	0.999999998
501dece04b345564e9136a0dfe634a14	d__Eukaryota; p__Ascomycota; c__Pezizomycetes; o__Pezizales; f__Rhizinaceae; g__Phymatotrichopsis; s__metagenome	0.999967542
7c66d7099f0ad79375a8de5fb72e133f	d__Eukaryota; p__Chlorophyta; c__Chlorophyceae; o__Chlorophyceae; f__Chlorophyceae; g__Chlorophyceae; s__uncultured_Chlorophyta	0.811027956
7c9440697eaf32adb3a8fdd500ea6174	d__Eukaryota; p__Nematozoa; c__Enoplea; o__Dorylaimia; f__Mononchida; g__Mononchida; s__Clarkus_sp.	1
482c02ba29e7f0d5ce963a12a2508111	d__Eukaryota; p__Mucoromycota; c__Incertae_Sedis; o__Mucorales; f__Cunninghamellaceae; g__Absidia; s__Absidia_repens	0.722441816
d7ea60c8be98fa5ab5adf54b8006a5d6	d__Eukaryota; p__Ascomycota; c__Eurotiomycetes; o__Chaetothyriales; f__Herpotrichiellaceae	0.984895591
e8b4537bb3e3c967bfe083171425f5f8	d__Eukaryota	1
61efde6e293cfddf86924d9fd693c3e8	d__Eukaryota; p__Peronosporomycetes; c__Peronosporomycetes; o__Peronosporomycetes; f__Peronosporomycetes; g__Pythium; s__Pythium_rostratum	0.932024759
0d9c7cabf35120a6831fa3dd55db7836	d__Eukaryota; p__Arthropoda; c__Insecta; o__Hymenoptera; f__Hymenoptera; g__Hymenoptera	0.988506038
b7e34636e25d0c93cf524ec4fd6e827d	d__Eukaryota; p__Ascomycota; c__Dothideomycetes; o__Pleosporales; f__Didymellaceae; g__Boeremia; s__Boeremia_exigua	0.767325854
d68f984a65da57bf73f3d96890049d4c	d__Eukaryota; p__Diatomea; c__Bacillariophyceae; o__Bacillariophyceae; f__Bacillariophyceae; g__Fistulifera; s__Fistulifera_pelliculosa	0.999934408
2f0016b127ca0ca221bdb7894fc357b1	d__Eukaryota; p__Cercozoa; c__Thecofilosea; o__Thecofilosea; f__Thecofilosea; g__Thecofilosea; s__metagenome	0.999327238
d1b00324a0b574bae71651e1c00b12a3	d__Eukaryota; p__Ascomycota; c__Leotiomycetes; o__Helotiales	0.799835008
1cabde9ccde6c4fa47e9a80d2973e3f1	d__Eukaryota; p__Ochrophyta; c__Xanthophyceae; o__Mischococcales; f__Mischococcales; g__Chlorellidium; s__Chlorellidium_tetrabotrys	0.999293574
a558a79a703c6566ef19a9169c56c6a5	d__Eukaryota	1
cdd833030f19ddf402cb233acdb7f567	d__Eukaryota; p__Gracilipodida; c__LEMD267; o__LEMD267; f__LEMD267; g__LEMD267; s__uncultured_eukaryote	1
505e9ea1b775ace44db69fbcd37e1658	d__Eukaryota; p__Cercozoa; c__Phytomyxea; o__Phytomyxea; f__Phytomyxea; g__Polymyxa; s__Polymyxa_graminis	0.999681182
be7ba495400223ee7061c3d03087dadd	d__Eukaryota; p__Ciliophora; c__Intramacronucleata; o__Conthreep; f__Colpodea; g__Bromeliothrix; s__Corchorus_olitorius	0.953284581
6e891987c1fcfff35785d00c33f4c3a2	d__Eukaryota; p__Cercozoa; c__Thecofilosea; o__Thecofilosea; f__Thecofilosea; g__Thecofilosea; s__metagenome	0.952960565
59077111befd9077b251d050cd7a7463	d__Eukaryota; p__LKM15; c__LKM15; o__LKM15; f__LKM15; g__LKM15; s__uncultured_eukaryote	0.993517977
dc728d3d528c02de3497523241740580	d__Eukaryota	1
a5c0c2b152e0cbada9759202124af84f	d__Eukaryota; p__Zoopagomycota; c__Incertae_Sedis; o__Zoopagales; f__Zoopagales; g__Acaulopage; s__Acaulopage_dichotoma	1
97375447f8a57304b99f05cca0e0a89c	d__Eukaryota; p__Ochrophyta; c__Xanthophyceae; o__Vaucheriales; f__Vaucheriales; g__Vaucheria; s__Vaucheria_bursata	0.916187887
d0255bf0eeaf07eb3297d4a6c35b050f	d__Eukaryota; p__Nematozoa; c__Enoplea	0.919657342
a28c6501942e7786af03de49ea208d56	d__Eukaryota; p__Mucoromycota; c__Glomeromycetes; o__Glomerales; f__Claroideoglomeraceae; g__Claroideoglomus; s__metagenome	0.999993508
09da7548339e815893cbf6df7b42c347	d__Eukaryota; p__Chlorophyta; c__Chlorophyceae; o__Chlorophyceae; f__Chlorophyceae; g__Chlorophyceae; s__uncultured_Chlamydomonadales	0.999999702
e3e66f622bb15519606c2d5b4dbd9652	d__Eukaryota; p__Nematozoa; c__Chromadorea; o__Monhysterida; f__Monhysterida; g__Monhysterida; s__metagenome	1
99ec2c6495138b3de73430efc2c39f7e	d__Eukaryota; p__Nematozoa; c__Chromadorea; o__Tylenchida; f__Tylenchida; g__Tylenchida; s__Filenchus_hamuliger	0.855240564
a417a8a920a6b5660e1867deae58c111	d__Eukaryota; p__Phragmoplastophyta; c__Embryophyta	0.798453768
17f3036829fc5cf6839beda30893fcbb	d__Eukaryota; p__Basidiomycota; c__Agaricomycetes	0.761789737
f0a83d8fc4e5ad427b586b98f46954f1	d__Eukaryota; p__Ciliophora; c__Intramacronucleata; o__Conthreep; f__Colpodea; g__Colpodida	0.887792197
f039798e75be51bcc3ab6a03ea634da2	d__Eukaryota; p__Basidiomycota; c__Agaricomycetes; o__Polyporales	0.916451012
6c91b82e0226a65fb1e82bed8a6418f6	d__Eukaryota; p__Cercozoa	0.990709814
c64bafdb8905b805f01c3ffc24a14f94	d__Eukaryota; p__Cercozoa; c__Imbricatea; o__Imbricatea; f__Euglyphida; g__Euglypha; s__Euglypha_filifera	0.999919871
ebf477bdf2e0418882380e6f0a159511	d__Eukaryota; p__Chlorophyta; c__Chlorophyceae; o__Chlorophyceae; f__Chlorophyceae; g__Chlorophyceae; s__Chlamydomonadaceae_sp.	0.731993238
f6b4bc3f7d5549000a23e6d09d28179b	d__Eukaryota; p__Chlorophyta; c__Trebouxiophyceae; o__Trebouxiophyceae; f__Trebouxiophyceae; g__Trebouxiophyceae; s__Chloroidium_ellipsoideum	0.871367756
2289020a481767beec54eada0a8c9fd2	d__Eukaryota; p__Mucoromycota; c__Glomeromycetes; o__Glomerales; f__Claroideoglomeraceae; g__Claroideoglomus; s__metagenome	0.999991346
aecf9a3afdd3121115b3e2ceb56fb55d	d__Eukaryota; p__Mucoromycota; c__Incertae_Sedis; o__Mortierellales; f__Mortierellaceae; g__Mortierella; s__uncultured_Eimeriidae	0.932358434
35b85c72c300403bd4fe3faed54e3925	d__Eukaryota; p__Amoebozoa; c__Amoebozoa; o__Amoebozoa; f__Amoebozoa; g__Amoebozoa; s__metagenome	0.998607783
ae4a8e39e28623fdd1432c6826d3413a	d__Eukaryota; p__Ochrophyta; c__Chrysophyceae; o__Chrysophyceae; f__Chrysophyceae; g__Chrysophyceae; s__marine_metagenome	0.992954312
3b737a0c676fe1c00e9987d65d5927d1	d__Eukaryota	1
7302761547e65c6c29b0a359cdddf5f4	d__Eukaryota; p__Cercozoa	0.999942567
2eb6f44dc907a74aad61981ac57da5f9	d__Eukaryota; p__Ascomycota; c__Leotiomycetes; o__Helotiales; f__Helotiales; g__Helotiales; s__Marssonina_brunnea	0.73959693
7bdb9139c95ada16ff3d4b072b4a5ee6	d__Eukaryota; p__Mucoromycota; c__Incertae_Sedis; o__Endogonales; f__Endogonaceae; g__Endogone; s__Jimgerdemannia_lactiflua	0.988074044
2f208d8c88de2d2deeadb492efbb6459	d__Eukaryota; p__Ascomycota; c__Pezizomycetes; o__Pezizales; f__Tuberaceae; g__Tuber; s__Tuber_melanosporum	0.849455793
8cb9b8645db16d22062961fba2d0dcfc	d__Eukaryota; p__Cryptomycota; c__Incertae_Sedis; o__Incertae_Sedis; f__Incertae_Sedis; g__Paramicrosporidium; s__uncultured_eukaryote	0.999999905
ec514e9f91d34c27a1e42d1273cd7131	d__Eukaryota; p__Ascomycota; c__Dothideomycetes; o__Pleosporales; f__Didymellaceae; g__Boeremia; s__Boeremia_exigua	0.81147725
5e9ac68c83c5d6559c5c210b93b9c8f2	d__Eukaryota; p__Cercozoa; c__Thecofilosea; o__Thecofilosea; f__Thecofilosea; g__uncultured; s__metagenome	0.997362416
800c961f8ab1c004fb3b83a86af9558c	d__Eukaryota; p__Apicomplexa; c__Conoidasida; o__Gregarinasina; f__Eugregarinorida; g__uncultured; s__uncultured_alveolate	0.983423905
e86828c4c16d13aba2872b427f827c8f	d__Eukaryota; p__Ochrophyta; c__Xanthophyceae; o__Mischococcales; f__Mischococcales; g__Mischococcales; s__Botrydiopsis_sp.	0.789006941
d7ff770d28f1cbe57d17acaa8fe30111	d__Eukaryota; p__Basidiomycota; c__Agaricomycetes; o__Agaricales	0.926282942
20ec622aad8d9016863154d231801d47	d__Eukaryota; p__Chlorophyta; c__Trebouxiophyceae; o__Trebouxiophyceae; f__Trebouxiophyceae; g__Trebouxiophyceae; s__Picochlorum_eukaryotum	0.700066485
372a466757462cb577f3574209d418d4	d__Eukaryota; p__Gracilipodida; c__Gracilipodida; o__Gracilipodida; f__Gracilipodida; g__Gracilipodida; s__Flamella_pleistocenica	1
dc6eaef6a2c6e04fa0c1c94b47197af7	d__Eukaryota; p__Cercozoa; c__Cercomonadidae; o__Cercomonadidae; f__Cercomonadidae; g__Cercomonadidae; s__metagenome	0.990276839
4a4a4124816638f85201d319dafb645a	d__Eukaryota; p__Cercozoa; c__uncultured; o__uncultured; f__uncultured; g__uncultured; s__metagenome	0.842938152
ab71310153bac8538c33ac3a959186ee	d__Eukaryota; p__Gracilipodida; c__Gracilipodida; o__Gracilipodida; f__Gracilipodida; g__Gracilipodida; s__Flamella_pleistocenica	1
563831a87f7688e903d56d49cc136db7	d__Eukaryota; p__Chlorophyta; c__Chlorophyceae; o__Chlorophyceae; f__Chlorophyceae; g__Chlorophyceae; s__Desmotetra_sp.	0.994660315
3f002df19bff255ff0d5537ebe36b43b	d__Eukaryota; p__Chytridiomycota; c__Chytridiomycetes; o__Spizellomycetales; f__Olpidiaceae; g__Olpidium; s__Olpidium_brassicae	0.997712931
cf5fa636abfacc195941b500b3e9bf9d	d__Eukaryota; p__Diatomea; c__Bacillariophyceae; o__Bacillariophyceae; f__Bacillariophyceae	0.985401347
45262e4b021f988099330fa2f5a463f8	d__Eukaryota; p__Ascomycota; c__Dothideomycetes; o__Pleosporales	0.902267962
cb99fb68eb0ad8da83ae915497500784	d__Eukaryota; p__Cercozoa; c__uncultured; o__uncultured; f__uncultured; g__uncultured; s__metagenome	0.99999978
344459943c5be755c98e0d1b8e152007	d__Eukaryota; p__Diatomea; c__Bacillariophyceae; o__Bacillariophyceae; f__Bacillariophyceae; g__Fistulifera; s__Fistulifera_pelliculosa	0.999045233
8896f2b33bfb1d8d9b819a15a94fc02f	d__Eukaryota; p__Chytridiomycota; c__Chytridiomycetes	0.966942815
0965c4d3da0c087c6e8e0b63e38d4708	d__Eukaryota; p__Chlorophyta; c__Trebouxiophyceae; o__Trebouxiophyceae; f__Trebouxiophyceae; g__Trebouxiophyceae; s__Spongiococcum_tetrasporum	0.853651325
c6a1f8abf7972cab67d5e5202d1cb28a	d__Eukaryota; p__Ciliophora; c__Intramacronucleata; o__Spirotrichea; f__Hypotrichia; g__Pseudouroleptus; s__Pseudouroleptus_caudatus	0.999224548
9690fa83f01f28e50bfdfd835cbc1145	d__Eukaryota	1
5f46303572dc19ed14827f2bdcb8a362	d__Eukaryota; p__Cercozoa; c__Imbricatea; o__Imbricatea; f__Euglyphida; g__Trinema	0.831445219
c2f5c75a93eb2cf4b31d947f4e36ff45	d__Eukaryota; p__Nematozoa; c__Chromadorea; o__Tylenchida; f__Tylenchida; g__Tylenchida; s__Aphelenchus_avenae	0.999999765
f026449588aa1f5f23d4778d287cec3c	d__Eukaryota; p__Peronosporomycetes; c__Peronosporomycetes; o__Peronosporomycetes; f__Peronosporomycetes; g__Pythium	0.835913139
56383eee42d31a74a0dfcca02c74699c	d__Eukaryota	1
b1417e4a4ef2301db36b30723b307611	d__Eukaryota; p__Arthropoda; c__Ellipura; o__Collembola; f__Collembola; g__Collembola; s__metagenome	0.998580722
7e28d47596eebcf48da13a31eca6ac3f	d__Eukaryota; p__Chlorophyta; c__Ulvophyceae; o__Ulvophyceae; f__Ulvophyceae; g__Ulvophyceae; s__Planophila_laetevirens	0.997922115
8c40434310cb35b41a26d4c1904b9ce4	d__Eukaryota; p__Nematozoa; c__Enoplea; o__Dorylaimia; f__Dorylaimida; g__Dorylaimida; s__Nematoda_environmental	0.859990279
3b949f2291f496bc53abe8dea7f9163d	d__Eukaryota	0.999999967
57d92461e144b6b6f4733ff5b48123f8	d__Eukaryota; p__Phragmoplastophyta; c__Embryophyta; o__Magnoliophyta; f__Magnoliophyta; g__Magnoliophyta	0.990464648
4ef6eed36ae46a677a0fcb71ceabfe6a	d__Eukaryota; p__Ascomycota; c__Eurotiomycetes; o__Onygenales; f__Ajellomycetaceae; g__Blastomyces; s__Blastomyces_dermatitidis	0.951914228
37009c4e304ccb6c0cd2d06b55e76078	d__Eukaryota; p__Chlorophyta; c__Trebouxiophyceae; o__Trebouxiophyceae; f__Trebouxiophyceae; g__Trebouxiophyceae; s__Pseudochlorella_subsphaerica	0.874831477
69e1cd398596426c598e2ca8d78724c1	d__Eukaryota; p__Amoebozoa; c__Tubulinea; o__Euamoebida; f__Euamoebida; g__Hartmannella	0.981266311
5b4598ab8f0755d54ba795cb34d52f47	d__Eukaryota; p__Ascomycota; c__Eurotiomycetes; o__Onygenales; f__Onygenaceae	0.764278763
637a7b8287e1b14c743e4545f9224fa0	d__Eukaryota; p__Cercozoa; c__Imbricatea; o__Imbricatea; f__Euglyphida; g__Euglypha; s__Euglypha_filifera	0.999734516
f57dc13e5f8f8bb068266b267df41950	d__Eukaryota; p__Cercozoa; c__uncultured; o__uncultured; f__uncultured; g__uncultured; s__uncultured_Cercozoa	0.999999961
5858943ebd302e5a3ab8f62390c7e2ed	d__Eukaryota; p__Chlorophyta; c__Chlorophyceae; o__Chlorophyceae; f__Chlorophyceae; g__Chlorophyceae	0.999997055
0ea8f61083a8b7488fa3dbb3e1f905ad	d__Eukaryota; p__Ascomycota	0.99999103
d18767b497da6deb3f3ec779287c2e8c	d__Eukaryota; p__Tardigrada; c__Eutardigrada; o__Parachela; f__Parachela; g__Parachela	0.999999259
d1b9eea9d50150d0c87d197ff2c20ad5	d__Eukaryota; p__Chlorophyta; c__Trebouxiophyceae; o__Trebouxiophyceae; f__Trebouxiophyceae; g__Trebouxiophyceae; s__Chloroidium_ellipsoideum	0.973635896
adc9830911abe090c45c55890627511d	d__Eukaryota; p__Ciliophora; c__Intramacronucleata; o__Litostomatea; f__Haptoria; g__Haptoria	0.917870592
3a5002bec23118013a6df11c5e7fb5bc	d__Eukaryota; p__Phragmoplastophyta; c__Embryophyta; o__Magnoliophyta; f__Magnoliophyta; g__Magnoliophyta	0.971154999
8f4a36c8428b33991d723a12df15581c	d__Eukaryota; p__Cercozoa; c__Vampyrellidae; o__Vampyrellidae; f__Vampyrellidae; g__Vampyrellidae; s__Platyreta_germanica	0.999642554
3e00a1f97dea795510329d9b048693e4	d__Eukaryota; p__Ascomycota; c__Dothideomycetes	0.994715239
a4b9aa927735befb5faea3e207ccd986	d__Eukaryota; p__Gracilipodida; c__Gracilipodida; o__Gracilipodida; f__Gracilipodida; g__Flamella; s__uncultured_marine	0.810351438
27945bed8fa91affd89ef52f535a3fab	d__Eukaryota; p__Ciliophora; c__Intramacronucleata; o__Conthreep; f__Colpodea; g__uncultured; s__metagenome	0.927661214
c0da3d65308e0f0cb3914f7141276d0d	d__Eukaryota; p__Ciliophora; c__Intramacronucleata; o__Litostomatea; f__Haptoria; g__uncultured; s__Paraenchelys_terricola	0.973475081
5db1d462fed0c2328a31c97f8289617d	d__Eukaryota; p__Cercozoa; c__Cercomonadidae; o__Cercomonadidae; f__Cercomonadidae; g__Cercomonadidae; s__metagenome	0.896502247
8f7046b4fd55c19432f5c1500503d3f7	d__Eukaryota; p__Ciliophora; c__Intramacronucleata; o__Spirotrichea; f__Hypotrichia; g__Hypotrichia; s__Pseudonotohymena_antarctica	0.708707881
dcdf489ba30d43492aefd9c43576fff7	d__Eukaryota; p__Diatomea; c__Bacillariophyceae; o__Bacillariophyceae; f__Bacillariophyceae; g__Fistulifera; s__Fistulifera_pelliculosa	0.998355486
4d4cbd9b565b8a3a8ad73d5a8c0bea56	d__Eukaryota; p__LKM15; c__LKM15; o__LKM15; f__LKM15; g__LKM15; s__uncultured_eukaryote	0.959232893
ed01a492ee485c4008739e1e67fbeec0	d__Eukaryota; p__Cryptomycota; c__LKM11; o__LKM11; f__LKM11; g__LKM11; s__invertebrate_environmental	0.961217871
c9dc174242a458badab602aeea5e7f23	d__Eukaryota; p__Phragmoplastophyta; c__Embryophyta; o__Magnoliophyta; f__Magnoliophyta; g__Magnoliophyta	0.999995906
31a20c07e728c408f862c0ab9417b192	d__Eukaryota; p__Cryptomycota; c__LKM11; o__LKM11; f__LKM11; g__LKM11; s__invertebrate_environmental	0.961380819
7fae1949f53b368d4d45ba8011df3a24	d__Eukaryota; p__Chlorophyta; c__Chlorophyceae; o__Chlorophyceae; f__Chlorophyceae; g__Chlorophyceae	0.95675168
9c2e914bc87fa42795312b614ce18994	d__Eukaryota; p__Basidiomycota; c__Agaricomycetes	0.999819827
fbe6c645478a91ea18e5bace5bd2ccd7	d__Eukaryota; p__Phragmoplastophyta; c__Embryophyta; o__Magnoliophyta; f__Magnoliophyta; g__Magnoliophyta	0.997256349
e00c96d267c054b5c83f7510a5d98f37	d__Eukaryota; p__LKM15; c__LKM15; o__LKM15; f__LKM15; g__LKM15	0.999999941
6ed52721e2317e235344c44fae3dbf6f	d__Eukaryota; p__Aphelidea; c__Aphelidea; o__Aphelidea; f__Aphelidea; g__Paraphelidium	0.999917733
d1638929f0c91b921faf66d820c448a7	d__Eukaryota; p__Apicomplexa; c__Conoidasida; o__Gregarinasina; f__Eugregarinorida; g__Eugregarinorida; s__Apicomplexa_sp.	0.999997122
0eb7eef1b11a56dd954af45b18a5c758	d__Eukaryota; p__Amoebozoa; c__Discosea; o__Centramoebida; f__Centramoebida; g__Acanthamoeba	0.784223394
f9e3c49930f5ac771934027c3b1f431a	d__Eukaryota; p__Ascomycota; c__Dothideomycetes; o__Pleosporales	0.820616049
ce6d67b74c08639f3eb077b6f418fd09	d__Eukaryota; p__Chlorophyta; c__Trebouxiophyceae; o__Trebouxiophyceae; f__Trebouxiophyceae; g__Trebouxiophyceae; s__Nannochloris_sp.	0.999685452
859d74203ac1da378a56e485aafabf8b	d__Eukaryota; p__Phragmoplastophyta; c__Embryophyta; o__Magnoliophyta; f__Magnoliophyta; g__Magnoliophyta	0.99754412
aa3d086872edee348032ad4c56988220	d__Eukaryota; p__Ascomycota; c__Dothideomycetes; o__Capnodiales	0.915773093
dbb746726672d863dfef20484763811c	d__Eukaryota; p__Cercozoa; c__Glissomonadida; o__Glissomonadida; f__Glissomonadida; g__uncultured; s__metagenome	0.999999598
f8b824a8fb302b3ff4b4992754766a32	d__Eukaryota	1
2ad3d88b68a5eca25a88082f9d7d6506	d__Eukaryota; p__Ascomycota	0.904640256
8ceaaa2d6f8958822ecfc63348118b70	d__Eukaryota; p__Amoebozoa; c__Discosea; o__Centramoebida; f__Centramoebida; g__Centramoebida; s__uncultured_eukaryote	1
71df9f5c02efeb7f7de363ce6042f141	d__Eukaryota; p__Cercozoa; c__Imbricatea; o__Imbricatea; f__Thaumatomonadida; g__Gyromitus; s__metagenome	0.952517313
91ef30f972b3528fb44568f1520ef8d3	d__Eukaryota; p__Ascomycota; c__Dothideomycetes; o__Capnodiales	0.987735521
55d9fe71bbb60d8c9e92b072ea7ada37	d__Eukaryota; p__Ascomycota; c__Dothideomycetes	0.997957007
d45920baf09e7ec4806a074a8db6dc18	d__Eukaryota; p__Apicomplexa; c__Conoidasida; o__Gregarinasina; f__Eugregarinorida; g__Monocystis; s__Monocystis_agilis	0.999999999
9fa0e8f10da0f7449709b1520c92624c	d__Eukaryota; p__Ascomycota; c__Dothideomycetes	0.999416545
c2bb8f776a9a701588f1bda4fbc6b70c	d__Eukaryota; p__Amoebozoa; c__Tubulinea; o__Euamoebida; f__Euamoebida; g__Hartmannella; s__Hartmannella_abertawensis	0.733952462
056ad212b4e8538425c2ed74df448058	d__Eukaryota; p__Ochrophyta; c__Xanthophyceae	0.999971928
1dfeef60af9be809ad56c0f9c075d624	d__Eukaryota; p__Cercozoa; c__Cercomonadidae; o__Cercomonadidae; f__Cercomonadidae; g__Cercomonas	0.710756001
3f3d0db4a7c30cdc4d88072b9571e179	d__Eukaryota; p__Ascomycota; c__Dothideomycetes; o__Pleosporales	0.962067145
f6d83f1fe338bd505db072d1a0b8cdcd	d__Eukaryota; p__Ciliophora; c__Intramacronucleata; o__Litostomatea; f__Haptoria; g__uncultured; s__Paraenchelys_terricola	0.951550723
fa5cf946828ac902a4f4cdc930a38529	d__Eukaryota; p__Cercozoa; c__Imbricatea; o__Imbricatea; f__Euglyphida; g__Trinema	0.999941566
1245a4cfc164ce768ce3b0ac7bab4e64	d__Eukaryota; p__Chlorophyta; c__Chlorophyceae; o__Chlorophyceae; f__Chlorophyceae; g__Chlorophyceae	0.954980781
985541373e103a68e3569b353e909221	d__Eukaryota; p__Cercozoa; c__Phytomyxea; o__Phytomyxea; f__Phytomyxea; g__uncultured; s__Spongospora_subterranea	0.997460069
960beed040fbed2415779e234be980c7	d__Eukaryota; p__Chytridiomycota; c__Chytridiomycetes; o__Rhizophydiales; f__Kappamycetaceae; g__Kappamycetaceae; s__uncultured_Chytridiomycota	0.85093093
bf6b56cc533dcdb2b777f3255193df10	d__Eukaryota; p__Cercozoa; c__Imbricatea; o__Imbricatea; f__Thaumatomonadida; g__Thaumatomonadidae	0.856915313
3991f4a58e21b82b9e844b6267c86a06	d__Eukaryota; p__Ciliophora; c__Intramacronucleata; o__Litostomatea; f__Haptoria; g__uncultured	0.741831341
2f13b28c75d8de004326aa084dcc1637	d__Eukaryota; p__Ascomycota; c__Eurotiomycetes; o__Chaetothyriales; f__Herpotrichiellaceae	0.985359918
5945ba4d7687ec114a86c772247828c8	d__Eukaryota; p__Cercozoa; c__Imbricatea; o__Imbricatea; f__Euglyphida; g__Trinema	0.885092686
fb0ddfc2726b4744496fd66dc7431991	d__Eukaryota	0.999999965
15f164de6e4d57ea2c3804cb334ed97e	d__Eukaryota; p__Diatomea; c__Bacillariophyceae; o__Bacillariophyceae; f__Bacillariophyceae	0.999947436
2f40aa576df946798e6635fa10f1bc59	d__Eukaryota	1
e789f5fb90a2841b263eae0ffb8f1461	d__Eukaryota; p__Ascomycota; c__Pezizomycetes; o__Pezizales; f__Ascodesmidaceae; g__Cephaliophora	0.997383974
d8a6bd53d5d6ecc295bc1ecd5b0ff782	d__Eukaryota; p__Cercozoa; c__Thecofilosea; o__Thecofilosea; f__Thecofilosea	0.986226538
b0a64881eeba79862cd22d1c557a02cd	d__Eukaryota; p__Chlorophyta; c__Chlorophyceae; o__Chlorophyceae; f__Chlorophyceae; g__Chlorophyceae; s__Chlorococcum_sp.	0.987758916
96eec3f3cc632a2988e1fe83db3e57c8	d__Eukaryota; p__Apicomplexa; c__Conoidasida; o__Gregarinasina; f__Eugregarinorida; g__uncultured; s__uncultured_alveolate	0.99995348
21bd0158419c673ae9c989f3e578a0b0	d__Eukaryota; p__Ciliophora; c__Intramacronucleata; o__Conthreep; f__Colpodea; g__Colpodida	0.706358015
2a0a5daca7effa85125d85e656172331	d__Eukaryota; p__Ciliophora; c__Intramacronucleata; o__Conthreep; f__Colpodea; g__Colpoda; s__metagenome	0.759117315
089d16416f4ef73c7357f86628a95286	d__Eukaryota; p__Chlorophyta; c__Trebouxiophyceae; o__Trebouxiophyceae; f__Trebouxiophyceae; g__Trebouxiophyceae; s__Microthamnion_kuetzingianum	0.860825979
7c0f487556385d3575cc512b8eee760e	d__Eukaryota; p__Ciliophora; c__Intramacronucleata; o__Spirotrichea; f__Hypotrichia	0.998642756
1d720347d7ac2c465ce0732dc291ecc5	d__Eukaryota; p__Ciliophora; c__Intramacronucleata; o__Spirotrichea; f__Hypotrichia; g__Hypotrichia; s__metagenome	0.999337769
d272f8d0043cfdb9eacbf9d792f6386f	d__Eukaryota	0.999999948
41e443bc729206033e828e594b442956	d__Eukaryota; p__Diatomea; c__Bacillariophyceae; o__Bacillariophyceae; f__Bacillariophyceae	0.850406139
05ce609f1cb929fccd5ccf07617b44e3	d__Eukaryota; p__Cryptomycota; c__Incertae_Sedis; o__Incertae_Sedis; f__Incertae_Sedis; g__Paramicrosporidium; s__uncultured_eukaryote	0.9999817
293a5a7d5f340883efac2f53df18207c	d__Eukaryota; p__Phragmoplastophyta; c__Embryophyta; o__Magnoliophyta; f__Magnoliophyta; g__Magnoliophyta	0.988827234
a53dcad2253b70af5682d3213bc0dfee	d__Eukaryota; p__Ciliophora; c__Intramacronucleata; o__Spirotrichea; f__Hypotrichia; g__Hypotrichia	0.809114008
a7be4e903ce3a5a99616424ebe922ff5	d__Eukaryota; p__Chlorophyta; c__Chlorophyceae; o__Chlorophyceae; f__Chlorophyceae; g__Chlorophyceae	0.999750638
af0253758de1fcd7a0201562f4626433	d__Eukaryota	1
39c5d2e376fc05c807f61b3675f455d9	d__Eukaryota; p__Ascomycota; c__Dothideomycetes; o__Capnodiales	0.999960932
87027e8e4a61d819afffdbfd9ea71890	d__Eukaryota; p__SAR; c__Labyrinthulomycetes; o__Labyrinthulomycetes; f__Labyrinthulomycetes; g__Sorodiplophrys; s__Sorodiplophrys_stercorea	0.999994653
5dc76f33f3c408efda0653c7df0521d4	d__Eukaryota; p__Ochrophyta; c__Xanthophyceae	0.999999974
bc5290ec542f257a360a9596a0c96c9c	d__Eukaryota	1
638c27afa978e4fd09ea055eaaf4c299	d__Eukaryota; p__Cercozoa; c__Incertae_Sedis; o__Incertae_Sedis; f__Incertae_Sedis; g__Kraken; s__metagenome	1
54587555e2a034b5dca23ca65302796c	d__Eukaryota; p__Chlorophyta; c__Trebouxiophyceae; o__Trebouxiophyceae; f__Trebouxiophyceae; g__Trebouxiophyceae; s__Nannochloris_sp.	0.999931641
f7200b10a41588f044a89f7109fb3bb2	d__Eukaryota; p__Basidiomycota; c__Agaricomycetes; o__Agaricales	0.969612076
48fbef7982f59169286f477c0864b0d8	d__Eukaryota; p__Phragmoplastophyta; c__Embryophyta; o__Magnoliophyta; f__Magnoliophyta; g__Magnoliophyta	0.997052887
eff89859bf73f4cb58444366f01444d7	d__Eukaryota; p__Ciliophora; c__Intramacronucleata; o__Conthreep; f__Oligohymenophorea; g__Astomatia; s__Anoplophrya_marylandensis	0.933978625
ad7c3a3f9b1a41f04c893bfbe2cc0a87	d__Eukaryota; p__Ascomycota; c__Dothideomycetes; o__Pleosporales	0.99930073
1cda065f8e789b2680231c4a754af114	d__Eukaryota; p__Ochrophyta; c__Xanthophyceae; o__Mischococcales; f__Mischococcales; g__Chlorellidium; s__Chlorellidium_tetrabotrys	0.987306348
e17cfb134b064a0aeded70d5c9d4763c	d__Eukaryota; p__Basidiomycota; c__Agaricomycetes	0.999360302
212cd30568101d4c28b47387ca0c164a	d__Eukaryota; p__Basidiomycota; c__Agaricomycetes	0.998762704
a2915d2b4c69a2daa96bee2fcff5618f	d__Eukaryota; p__Amoebozoa; c__Discosea; o__Centramoebida; f__Centramoebida; g__Centramoebida; s__uncultured_eukaryote	1
3a3c4f14c91e8ae131bfe4bdee313d7d	d__Eukaryota; p__Apicomplexa; c__Conoidasida; o__Gregarinasina; f__Eugregarinorida; g__uncultured; s__uncultured_alveolate	0.896499444
392b785bc01d157ac1a86efdbb440f16	d__Eukaryota; p__Tardigrada; c__Eutardigrada	0.999999993
298d3017573e7dc49c3c87fd148b0ca8	d__Eukaryota; p__Chlorophyta; c__Chlorophyceae; o__Chlorophyceae; f__Chlorophyceae; g__Chlorophyceae; s__uncultured_Dunaliellaceae	0.999094304
ac4d7fff09cb65461fa6fa040a697132	d__Eukaryota; p__Ciliophora; c__Intramacronucleata; o__Litostomatea; f__Haptoria; g__Arcuospathidium; s__Enchelyodon_sp.	0.942219848
cf2a8a35a47accdce935661035016837	d__Eukaryota; p__Chytridiomycota; c__Chytridiomycetes; o__uncultured; f__uncultured; g__uncultured; s__uncultured_fungus	0.915982064
82cd6305c416c1eda4ed671b5f1e78f0	d__Eukaryota; p__Cercozoa; c__Imbricatea; o__Imbricatea; f__Thaumatomonadida; g__Thaumatomonas; s__Thaumatomonas_sp.	0.999286327
3856ba9f46b4bc17949cefe593755af0	d__Eukaryota; p__Cercozoa; c__Thecofilosea; o__Thecofilosea; f__Thecofilosea; g__uncultured; s__metagenome	0.998446464
b8f39e8516e6d59a0b36bf569842ecf2	d__Eukaryota; p__Ascomycota; c__Dothideomycetes; o__Pleosporales	0.999114794
574a4860e995ae68e57563bc63de5b90	d__Eukaryota; p__Cercozoa; c__Incertae_Sedis; o__Incertae_Sedis; f__Incertae_Sedis; g__Kraken; s__metagenome	1
12a2248735b5a11fd4e128d73f2b5224	d__Eukaryota; p__Ciliophora; c__Intramacronucleata; o__Spirotrichea; f__Hypotrichia; g__Gonostomum	0.991141535
bf2fc3dfde97a2519cd27de126a084c6	d__Eukaryota; p__Basidiomycota; c__Agaricomycetes; o__Agaricales	0.959458648
d40b7a47f217e6bf8287eb03a5ddec6a	d__Eukaryota; p__Gracilipodida; c__Gracilipodida; o__Gracilipodida; f__Gracilipodida; g__Filamoeba; s__Filamoeba_sp.	0.914682243
282ec86d1ddf85626856c7f3fb3725b5	d__Eukaryota; p__Ascomycota; c__Eurotiomycetes; o__Onygenales; f__Ajellomycetaceae; g__Blastomyces; s__Blastomyces_dermatitidis	0.940825987
714253ed3ef5b785767030c6f0585ce3	d__Eukaryota; p__Cercozoa; c__Cercomonadidae; o__Cercomonadidae; f__Cercomonadidae; g__uncultured; s__metagenome	0.999985818
97a401905771bbde65e4bdf43088a760	d__Eukaryota; p__Diatomea; c__Bacillariophyceae; o__Bacillariophyceae; f__Bacillariophyceae	0.974514761
da50cecdbe7022596aa8f1deb6b6086c	d__Eukaryota; p__uncultured; c__uncultured; o__uncultured; f__uncultured; g__uncultured; s__metagenome	0.922915183
9656dd9498676d99c7d8ab9bdb37f57b	d__Eukaryota; p__Cercozoa; c__Glissomonadida; o__Glissomonadida; f__Glissomonadida; g__Bodomorpha; s__metagenome	0.709092229
cb038dccfa6dc5f610f362189e024fc6	d__Eukaryota; p__Chytridiomycota; c__Chytridiomycetes; o__Rhizophydiales; f__uncultured; g__uncultured; s__uncultured_fungus	0.994079988
440ddee8908ee06d012aa99213964a95	d__Eukaryota; p__Cercozoa; c__Cercomonadidae; o__Cercomonadidae; f__Cercomonadidae; g__Cercomonas	0.730669546
214419cb26da0a7bb33cb248c65f98f0	d__Eukaryota	0.999999971
9431093c5b28537ad5f996d4d58b3793	d__Eukaryota; p__Cercozoa; c__Imbricatea; o__Imbricatea; f__Euglyphida; g__Euglypha; s__Euglypha_filifera	0.999967285
bcda91706effb30dcb83baae68ff086a	d__Eukaryota; p__Diatomea; c__Bacillariophyceae; o__Bacillariophyceae; f__Bacillariophyceae; g__Sellaphora	0.955517517
de2685aaac9ecbf1998adebd60c81cb7	d__Eukaryota; p__Ciliophora; c__Intramacronucleata; o__Conthreep; f__Colpodea; g__Colpoda; s__metagenome	0.831210055
68ab5b55566ce5252027714b6206b5f5	d__Eukaryota; p__Cercozoa; c__Thecofilosea; o__Thecofilosea; f__Thecofilosea; g__uncultured; s__metagenome	0.987204658
ec92ec8d42e526961b0c227477ba81a1	d__Eukaryota; p__Cercozoa	0.99971683
eda547359a1a10e84b4862e55c27be5e	d__Eukaryota; p__Cercozoa; c__Imbricatea; o__Imbricatea; f__Euglyphida; g__Trinema	0.776491575
47f68ff0ae05964db92bbde228b1c993	d__Eukaryota; p__Protalveolata	0.767409943
7b87e5b9e421e187f35a2991d14a74a7	d__Eukaryota	1
3bf35f25c38310f8271f82943c4d0c29	d__Eukaryota; p__Ascomycota; c__Leotiomycetes	0.701433652
fe17a43b36cbe2bfcb904141a93b6d9b	d__Eukaryota; p__Ascomycota; c__Dothideomycetes; o__Pleosporales; f__Pleosporales; g__Herpotrichia; s__Herpotrichia_parasitica	0.832211613
33f2c387e1868de010ab7dacc17a5b18	d__Eukaryota; p__Chlorophyta; c__Trebouxiophyceae; o__Trebouxiophyceae; f__Trebouxiophyceae; g__Trebouxiophyceae	0.709836451
1e1852eb0787586ca79df9bcc12ebb89	d__Eukaryota; p__Chlorophyta; c__Chlorophyceae; o__Chlorophyceae; f__Chlorophyceae; g__Chlorophyceae; s__Tetracystis_intermedia	0.999984964
10a347bf07b61035eb9c3185d7257eea	d__Eukaryota; p__Chlorophyta; c__Chlorophyceae; o__Chlorophyceae; f__Chlorophyceae; g__Chlorophyceae; s__Bracteacoccus_occidentalis	0.894527734
c3c295837a5ecc95c33cad28d6dcdd2a	d__Eukaryota; p__Basidiomycota; c__Tremellomycetes; o__Tremellales; f__Bulleribasidiaceae	0.723947957
92bdd48aa06be92306c2b19b9f1a3072	d__Eukaryota; p__Mucoromycota; c__Glomeromycetes; o__Glomerales; f__uncultured; g__uncultured	0.996416456
adb7118f78bcf4bc19dedc051d304630	d__Eukaryota; p__Nematozoa; c__Chromadorea; o__Monhysterida; f__Monhysterida; g__Monhysterida; s__Tridentulus_sp.	0.721441958
e957856f124b04a591c758d22585326f	d__Eukaryota; p__Arthropoda; c__Arachnida; o__Acari; f__Acari; g__Acari	0.996833621
838761a07258e146a59ad0b28f7af4d5	d__Eukaryota; p__Chlorophyta; c__Chlorophyceae; o__Chlorophyceae; f__Chlorophyceae; g__Chlorophyceae; s__Tetracystis_intermedia	0.999463831
e6721bfff490d96ddeb08074865e7c3f	d__Eukaryota; p__Ascomycota; c__Dothideomycetes; o__Pleosporales	0.972097535
31a2e8a2c4d775f9899a69ca804fdf10	d__Eukaryota; p__Ascomycota; c__Pezizomycetes; o__Pezizales	0.718312803
eec242a4c6b8a2c722adccef8009a18a	d__Eukaryota; p__Nematozoa; c__Chromadorea; o__Rhabditida; f__Rhabditida; g__Rhabditida; s__Rhabditophanes_sp.	1
d4823d8271fda64b777f02da7b5bbb2d	d__Eukaryota; p__SAR; c__Labyrinthulomycetes; o__Labyrinthulomycetes; f__Labyrinthulomycetes; g__Sorodiplophrys; s__Sorodiplophrys_stercorea	0.999776197
155ec569b30d7cc72dcb5240bbe40fa3	d__Eukaryota; p__Chlorophyta; c__Chlorophyceae; o__Chlorophyceae; f__Chlorophyceae; g__Chlorophyceae; s__Chloromonas_sp.	0.975639631
55f24c9119dac54ca0e1a4d2df6abf04	d__Eukaryota; p__Diatomea; c__Bacillariophyceae; o__Bacillariophyceae; f__Bacillariophyceae; g__Fistulifera; s__Fistulifera_pelliculosa	0.99759008
b6b969bcfe59a3a42290073aa649ec1a	d__Eukaryota; p__Cercozoa; c__Imbricatea; o__Imbricatea; f__Euglyphida; g__Trinema; s__metagenome	0.97345317
ddf779ae905cb3886a0fefb04e743362	d__Eukaryota; p__Cercozoa; c__Cercomonadidae; o__Cercomonadidae; f__Cercomonadidae; g__Cercomonas	0.862944185
f929f05fcfc1133f9cfacf1c1a430387	d__Eukaryota; p__Blastocladiomycota; c__Blastocladiomycetes; o__Blastocladiales; f__Blastocladiales; g__Blastocladiales; s__uncultured_fungus	0.999999999
f001395a4c727e981c6c8826d6fda406	d__Eukaryota; p__Ochrophyta; c__Xanthophyceae	0.999996599
558cebe7605a1567774b6980a56f42d5	d__Eukaryota; p__Diatomea; c__Bacillariophyceae; o__Bacillariophyceae; f__Bacillariophyceae; g__Bacillariophyceae; s__uncultured_marine	0.715594749
ff9ba0c47651c456f9fa21e6821e165d	d__Eukaryota; p__Amoebozoa; c__Discosea; o__Centramoebida; f__Centramoebida; g__Acanthamoeba	0.800448265
5b677a3273b9e72a5b206015e6ae69ae	d__Eukaryota; p__Mucoromycota; c__Incertae_Sedis; o__Mortierellales; f__Mortierellaceae; g__Mortierella	0.999329725
0531da14de92cf95f7ddad999fecc1a8	d__Eukaryota; p__Ascomycota; c__Saccharomycetes; o__Saccharomycetales; f__Debaryomycetaceae	0.850038246
3ee3b072eab479ed3bfa7ba9261b9f28	d__Eukaryota; p__Nematozoa; c__Chromadorea; o__Araeolaimida; f__Araeolaimida; g__Araeolaimida; s__Nematoda_environmental	0.829783746
132dff70452a109944ef768eb2eb641d	d__Eukaryota; p__Phragmoplastophyta; c__Embryophyta; o__Magnoliophyta; f__Magnoliophyta; g__Magnoliophyta; s__Citrus_maxima	0.810199327
a335eb980630f4431a77764ce32651ed	d__Eukaryota; p__Cercozoa; c__Cercomonadidae; o__Cercomonadidae; f__Cercomonadidae; g__Cercomonas; s__Paracercomonas_sp.	0.755749232
ed87790d8aad621920496e80cefd71ef	d__Eukaryota; p__LKM15; c__LKM15; o__LKM15; f__LKM15; g__LKM15; s__uncultured_eukaryote	0.950100234
481e198dd19895d6f6a658f1588ff703	d__Eukaryota; p__Phragmoplastophyta; c__Embryophyta; o__Magnoliophyta; f__Magnoliophyta; g__Magnoliophyta	0.999957389
4d82efa3b11a750b4a36b9d02359ca0e	d__Eukaryota	1
2a016ee9c0fc2a1a3c259467e6466de3	d__Eukaryota; p__Gracilipodida; c__Gracilipodida; o__Gracilipodida; f__Gracilipodida; g__Flamella; s__uncultured_marine	0.96384555
333e67aea3ca0185a8f1986d3cb050be	d__Eukaryota; p__Chytridiomycota; c__Chytridiomycetes; o__Spizellomycetales; f__Olpidiaceae; g__Olpidium; s__Olpidium_brassicae	0.999999118
e5098a65cd5c1b633d60dedbbd0abf62	d__Eukaryota; p__Ascomycota	0.999997537
0118afc9356fe7670243e76864704bc9	d__Eukaryota; p__Ochrophyta; c__Chrysophyceae; o__Chromulinales; f__Chromulinales; g__Spumella	0.872657168
5c1fa8ba4933a9f9c6794f401236a085	d__Eukaryota; p__Gracilipodida; c__Gracilipodida; o__Gracilipodida; f__Gracilipodida; g__Telaepolella; s__Telaepolella_sp.	1
a9a99714f70a90892b4a38e28ed06bbf	d__Eukaryota; p__Ascomycota; c__Dothideomycetes; o__Stigmatodiscales; f__Stigmatodiscaceae; g__uncultured; s__Dothideomycetes_sp.	0.986195618
57812040d0a1b6600f4fc2ac362f1b7a	d__Eukaryota; p__Amoebozoa; c__Tubulinea; o__Echinamoebida; f__Echinamoebida; g__Echinamoebida; s__metagenome	1
419911d109f9da0baaf2d43d97145072	d__Eukaryota; p__Ascomycota; c__Leotiomycetes; o__Helotiales; f__Helotiales; g__Helotiales; s__Marssonina_brunnea	0.992533399
c36b969c205014a0be12daeec376115f	d__Eukaryota; p__Aphelidea; c__Aphelidea; o__Aphelidea; f__Aphelidea; g__Aphelidea; s__Amoeboaphelidium_protococcarum	0.857905449
af9daeab98f47b1f7f8eb0239d81bd6b	d__Eukaryota	0.999999886
ae2c58ee181fc02eaeb786dea236c019	d__Eukaryota; p__Ciliophora; c__Intramacronucleata; o__Spirotrichea; f__Hypotrichia; g__Hypotrichia	0.778881693
bece7561d39e8fa4c9b34e969fae498c	d__Eukaryota; p__Chlorophyta; c__Chlorophyceae; o__Chlorophyceae; f__Chlorophyceae; g__Chlorophyceae	0.907826708
f065fc6a7298fc93fa274917143ad666	d__Eukaryota; p__Apicomplexa; c__Conoidasida; o__Gregarinasina; f__Eugregarinorida; g__Monocystis; s__Monocystis_agilis	0.999999999
2d373d8d07fa98e0386a9d0e93525906	d__Eukaryota; p__Ascomycota; c__Eurotiomycetes; o__Eurotiales; f__Trichocomaceae; g__Talaromyces	0.754850789
2b6f328d51df3bd546abe32ce9335e02	d__Eukaryota; p__Ochrophyta; c__Xanthophyceae	0.997912675
b67c826b7793df603231d62009b27551	d__Eukaryota; p__Cercozoa; c__Cercomonadidae; o__Cercomonadidae; f__Cercomonadidae; g__Cercomonas; s__eukaryotic_picoplankton	0.91049488
2a7955fed3b4a39c0cf4f3504394f397	d__Eukaryota; p__Ascomycota; c__Dothideomycetes; o__Pleosporales; f__Didymellaceae	0.88833685
07c3955bf36f6f4764c9efce7044acc0	d__Eukaryota; p__uncultured; c__uncultured; o__uncultured; f__uncultured; g__uncultured; s__metagenome	0.999999983
f834fe052f490a8f5c1833247bdb1a92	d__Eukaryota; p__Ascomycota; c__Pezizomycetes; o__Pezizales; f__Ascodesmidaceae; g__Cephaliophora	0.965889587
cc5e07c0be8a4125798b4080b24a7b14	d__Eukaryota; p__Nematozoa; c__Chromadorea; o__Araeolaimida; f__Araeolaimida; g__Araeolaimida	0.82989344
9f85382443931b2cb3c921130c40558f	d__Eukaryota; p__Ochrophyta; c__Xanthophyceae; o__Mischococcales; f__Mischococcales; g__Chlorellidium; s__Chlorellidium_tetrabotrys	0.987036353
9762fc4d50f7efb44a97a7a355810abc	d__Eukaryota; p__Diatomea; c__Bacillariophyceae; o__Bacillariophyceae; f__Bacillariophyceae	0.992437596
0b5714bba1ede6a5dafe90b193fdc1fb	d__Eukaryota; p__Chlorophyta; c__Trebouxiophyceae; o__Trebouxiophyceae; f__Trebouxiophyceae; g__Trebouxiophyceae	0.949218154
92f11dd388f8aef60fa7a45bc0f9b689	d__Eukaryota; p__Mucoromycota; c__Glomeromycetes; o__Glomerales; f__Claroideoglomeraceae; g__Claroideoglomus; s__metagenome	0.999977298
f86d162f9cdf4bde4898af648de912e5	d__Eukaryota	1
f9642db3a9646a46f330a17da3f7eb31	d__Eukaryota; p__Centrohelida; c__Centrohelida; o__Centrohelida; f__Acanthocystidae; g__Pterocystis	0.967619727
afef2c3ac7899ef2cc359e1ef4bf0683	d__Eukaryota; p__Ciliophora; c__Intramacronucleata; o__Conthreep; f__Colpodea; g__Platyophrya; s__metagenome	0.998294321
82f22029fd608b68c0f24d745c7d23da	d__Eukaryota; p__Cercozoa; c__uncultured; o__uncultured; f__uncultured; g__uncultured; s__metagenome	0.992425661
c0a85b53bd2146ea30b3b7b9b6dd9b03	d__Eukaryota; p__Ciliophora; c__Intramacronucleata; o__Litostomatea; f__Haptoria; g__Arcuospathidium; s__metagenome	0.985636423
a494f80417ba3f3c7e129db2c7dfc09e	d__Eukaryota; p__LKM15; c__LKM15; o__LKM15; f__LKM15; g__LKM15	0.999999998
b1f9b6a29ba8dd88ec524fddc2f3e4a9	d__Eukaryota; p__Ascomycota; c__Leotiomycetes; o__Helotiales; f__Helotiales; g__Glarea; s__Glarea_lozoyensis	0.980664323
b4bf3a770a7eece17ce363b4cf01a2c2	d__Eukaryota; p__Nematozoa; c__Chromadorea; o__Tylenchida; f__Tylenchida; g__Tylenchida; s__Filenchus_hamuliger	0.742367946
ea87ac0cabfdcd1491eb381b999f19bf	d__Eukaryota; p__Cercozoa; c__Imbricatea; o__Imbricatea; f__Euglyphida; g__Trinema	0.999916539
acb54afdad20a6d3f4c06544f2e5fc7c	d__Eukaryota; p__Cryptophyceae; c__Cryptophyceae; o__Cryptomonadales; f__Cryptomonadales; g__Cryptomonas; s__Vorticella_sp.	0.999497631
5c225ece8d8c4e6c1ffd1e850361e6fc	d__Eukaryota; p__Chlorophyta; c__Chlorophyceae; o__Chlorophyceae; f__Chlorophyceae; g__Chlorophyceae; s__Eubrownia_isobilateralis	0.994684672
276c78e221101281a775fdb8b2247281	d__Eukaryota; p__Ciliophora; c__Intramacronucleata; o__Spirotrichea; f__Hypotrichia; g__Hypotrichia; s__Birojimia_soyaensis	0.988429436
0503df835ee566196e072f61e4b8d91a	d__Eukaryota	1
48a1da80be95d62ab321a7c24c7b4e8e	d__Eukaryota; p__Ascomycota; c__Dothideomycetes; o__Pleosporales; f__Pleosporales; g__Corynespora; s__Corynespora_cassiicola	0.793567649
665e945d17f6e33449a9f4520a0fca9b	d__Eukaryota; p__Basidiomycota; c__Agaricomycetes; o__Cantharellales; f__Ceratobasidiaceae; g__Rhizoctonia	0.906383943
2826ad6cfac8928be834f3267cbe5400	d__Eukaryota; p__Cercozoa; c__Thecofilosea; o__Thecofilosea; f__Thecofilosea; g__Thecofilosea; s__metagenome	0.920745091
7c58494ccff6988423b1541e3e4d25cb	d__Eukaryota; p__Ciliophora; c__Intramacronucleata; o__Conthreep; f__Colpodea; g__Platyophrya; s__metagenome	0.987139116
8e15bb58ba45b32a494bbaeff80d41d0	d__Eukaryota; p__Cercozoa; c__Glissomonadida; o__Glissomonadida; f__Glissomonadida	0.738402598
314ae802d661e93a93be2d81416e9f27	d__Eukaryota; p__Ciliophora; c__Intramacronucleata; o__Conthreep; f__Colpodea; g__Colpoda; s__metagenome	0.759220951
884a652989a305d81775348a305d5216	d__Eukaryota; p__Cryptomycota; c__LKM11; o__LKM11; f__LKM11; g__LKM11; s__uncultured_eukaryote	0.890063085
6f2712d25275d09e600ff9c53e4882ac	d__Eukaryota; p__Ciliophora; c__Intramacronucleata; o__Spirotrichea; f__Hypotrichia; g__Hypotrichia	0.708669057
19409a99fe09d8c563f8c0bbe4180144	d__Eukaryota; p__Cercozoa; c__Thecofilosea; o__Thecofilosea; f__Thecofilosea; g__Thecofilosea; s__metagenome	0.948554261
0126b6ae583f54668f6b9b670a1e13f5	d__Eukaryota; p__Nematozoa; c__Enoplea; o__Dorylaimia; f__Dorylaimida; g__Dorylaimida; s__Eudorylaimus_carteri	0.997492457
9c55ab73562394bf9f28f8e7e3a0c29d	d__Eukaryota; p__LKM15; c__LKM15; o__LKM15; f__LKM15; g__LKM15; s__uncultured_eukaryote	0.950795962
ec9ffb5ca03c645c0f8b8e3cf78426f0	d__Eukaryota; p__Amoebozoa; c__Discosea; o__Centramoebida; f__Centramoebida; g__Centramoebida; s__uncultured_eukaryote	1
2abee16c52142dcdc7bbdca1d8e1d743	d__Eukaryota; p__Chlorophyta; c__Trebouxiophyceae; o__Trebouxiophyceae; f__Trebouxiophyceae; g__Trebouxiophyceae	0.904002677
1e04caa49d4b05f978f9f6e0ae12976a	d__Eukaryota; p__Cercozoa; c__Imbricatea; o__Imbricatea; f__Euglyphida	0.935624907
c6f7881544a59e304687f9d929322424	d__Eukaryota; p__SAR; c__Labyrinthulomycetes; o__Labyrinthulomycetes; f__Labyrinthulomycetes; g__Sorodiplophrys; s__Sorodiplophrys_stercorea	0.999990016
e0a992cc63ae8b5b96d6ad94e51fced1	d__Eukaryota	1
a32f6f71c20fdcace4b784c2bb481d4e	d__Eukaryota; p__Cercozoa; c__Imbricatea; o__Imbricatea; f__Euglyphida; g__Trinema	0.99753098
64bb3511311cf3b33a7841da15f4254b	d__Eukaryota; p__Nematozoa; c__Chromadorea; o__Monhysterida; f__Monhysterida; g__Monhysterida; s__Tridentulus_sp.	0.9953204
83514d48f734ee9c0b5c6d34ae065bb3	d__Eukaryota; p__Cercozoa	0.961327907
64d90f9cb36ebd3487fd8941c5aa600b	d__Eukaryota; p__Chytridiomycota; c__Chytridiomycetes; o__Spizellomycetales; f__Olpidiaceae; g__Olpidium; s__Olpidium_brassicae	0.901147158
6587bafe1d14d193f7fc6b25f0dc231d	d__Eukaryota; p__Ochrophyta; c__Xanthophyceae	0.99987142
7abc7b77b6b8a0960da5d7fd50dd1965	d__Eukaryota; p__Ascomycota; c__Dothideomycetes	0.8099145
9438093efd2836b3e3e2a3317e3cc6e3	d__Eukaryota; p__Nematozoa; c__Chromadorea; o__Araeolaimida; f__Araeolaimida; g__Araeolaimida; s__Nematoda_environmental	0.796948834
ae80a61f17d1186f5e7d4d4447e8bee0	d__Eukaryota	1
27501789de2aae1ca59e020626c066e8	d__Eukaryota; p__Mucoromycota; c__Glomeromycetes; o__Glomerales	0.965735615
dfe09c9728838fb8a756d04e33a3828c	d__Eukaryota; p__Nematozoa; c__Chromadorea; o__Monhysterida; f__Monhysterida; g__Monhysterida; s__metagenome	1
c2ac0d9881534f1fc6c884e08de51fc0	d__Eukaryota; p__Cercozoa; c__Thecofilosea; o__Thecofilosea; f__Thecofilosea; g__uncultured; s__metagenome	0.99994883
4afd9e0ce92ed4ba507bca580f17062a	d__Eukaryota; p__Gracilipodida; c__LEMD267; o__LEMD267; f__LEMD267; g__LEMD267; s__uncultured_eukaryote	0.996872084
0c70d76bfbd305f1f428836c4f861ace	d__Eukaryota; p__Ascomycota; c__Pezizomycetes; o__Pezizales; f__Pyronemataceae; g__Miladina; s__Miladina_lecithina	0.904163571
3d908a0d20310d1b744f23f4f56f8fdd	d__Eukaryota; p__Amoebozoa; c__Tubulinea; o__Euamoebida; f__Euamoebida; g__Hartmannella	0.979899774
b89eb8a787d23edd4325bd0729cf5138	d__Eukaryota; p__Gracilipodida; c__Gracilipodida; o__Gracilipodida; f__Gracilipodida; g__Flamella; s__Flamella_piscinae	0.983147277
d77e86fe3584e2a54d89f58c5e9e6e3f	d__Eukaryota; p__Chlorophyta; c__Chlorophyceae; o__Chlorophyceae; f__Chlorophyceae; g__Chlorophyceae	0.963076455
4b79a116ce1a39fe3b5965f4a8950bf7	d__Eukaryota; p__Diatomea	0.999989078
5468d647e6c8570f1b0dbcf3b0732820	d__Eukaryota; p__Gastrotricha; c__Gastrotricha; o__Chaetonotida; f__Chaetonotida; g__Chaetonotida; s__Chaetonotus_sp.	0.725978988
00e3cb61ee0a1eff2f0a8dd2151ab26d	d__Eukaryota; p__Nematozoa; c__Enoplea	0.904973258
f7c1e8af8490b530af34470690ab81a6	d__Eukaryota; p__Heterolobosea; c__Tetramitia; o__Tetramitia; f__Tetramitia; g__Vahlkampfia; s__Vahlkampfia_avara	0.999999467
a647aa691b28c561beb0570fabab3f76	d__Eukaryota	1
0a383e5441d1a3784a25ebbe529b7aa7	d__Eukaryota; p__Apicomplexa; c__Conoidasida; o__Gregarinasina; f__Eugregarinorida; g__Monocystis; s__Monocystis_agilis	0.999991311
9ad9a35667ae1b009e07ce3c43dada6d	d__Eukaryota; p__Diatomea; c__Bacillariophyceae; o__Bacillariophyceae; f__Bacillariophyceae	0.841146749
268abae656faa63f9138e66ab085e9e9	d__Eukaryota; p__Chlorophyta; c__Chlorophyceae; o__Chlorophyceae; f__Chlorophyceae; g__Chlorophyceae; s__uncultured_Dunaliellaceae	0.996078979
5d9dd14398248c5855ca008de1c277bc	d__Eukaryota; p__Amoebozoa; c__Tubulinea; o__Euamoebida; f__Euamoebida; g__Hartmannella; s__Nolandella_sp.	0.997196689
78b5fef81cf7280e0cf2d4f8b30a8aca	d__Eukaryota; p__Chlorophyta; c__Chlorophyceae; o__Chlorophyceae; f__Chlorophyceae; g__Chlorophyceae	0.981144204
b756a2a19f687e122d919b2b2d90174a	d__Eukaryota; p__Basidiomycota; c__Agaricomycetes; o__Agaricales	0.990526417
6a5e430af2a8929c6672dfb36b8ca47e	d__Eukaryota; p__Amoebozoa; c__Tubulinea; o__Tubulinea; f__Tubulinea; g__Tubulinea; s__Tubulinea_group	0.999997701
9b50bb5929d2d38bb3dc428ac415fe40	d__Eukaryota; p__Ochrophyta; c__Chrysophyceae; o__Chromulinales; f__Chromulinales; g__Poteriospumella	0.990865314
c27372d24266226e4f1c99ee8189d2f1	d__Eukaryota; p__Ochrophyta; c__Chrysophyceae; o__Chromulinales; f__Chromulinales; g__Spumella; s__Spumella-like_flagellate	0.78019646
754fcdbc6e2ebbb003edbf2d63f1a237	d__Eukaryota; p__Basidiomycota; c__Tremellomycetes; o__Tremellales; f__Bulleribasidiaceae; g__Dioszegia; s__Dioszegia_crocea	0.81352192
e0cf2d5132df63dd706d4c3095e6bdab	d__Eukaryota; p__Basidiomycota; c__Agaricomycetes; o__Agaricales	0.913058601
9766cc04a93ddf7d6ee0b84194164679	d__Eukaryota; p__Chlorophyta; c__Ulvophyceae; o__Ulvophyceae; f__Ulvophyceae; g__Ulvophyceae; s__Hazenia_basiliensis	0.905203577
c99b528ac00901471713a3ede725231d	d__Eukaryota; p__Mucoromycota; c__Incertae_Sedis; o__Mortierellales; f__Mortierellaceae; g__Mortierella; s__Mortierella_sp.	0.999999952
6d2904ce426b47390c808896aa40ad25	d__Eukaryota; p__Cercozoa; c__Glissomonadida; o__Glissomonadida; f__Glissomonadida; g__Proleptomonas	0.741216618
c02ff462765157d14addc6e0087ecab7	d__Eukaryota; p__Cercozoa	0.982926764
a4ab07fa93f95f3eba648851a4e1b55a	d__Eukaryota	1
d02588c64aec9a6d2f196d4b63a86415	d__Eukaryota; p__Apicomplexa; c__Conoidasida; o__Gregarinasina; f__Eugregarinorida; g__Eugregarinorida; s__Apicomplexa_sp.	0.999999916
b61488d9ca72c66ead3edcef2a4d39bf	d__Eukaryota; p__Chlorophyta; c__Chlorophyceae; o__Chlorophyceae; f__Chlorophyceae; g__Chlorophyceae; s__Neochlorosarcina_negevensis	0.999298301
d88ae2b6e14fb36a4cf6fa1a2e482193	d__Eukaryota; p__Ciliophora; c__Intramacronucleata; o__Spirotrichea; f__Hypotrichia; g__Gonostomum	0.880464272
4b46a2290dacb82143d9c116f2f22ea6	d__Eukaryota; p__Cryptomycota; c__LKM11; o__LKM11; f__LKM11; g__LKM11; s__invertebrate_environmental	0.848219149
5d18bd10338bd525c10a93ada9ee10d4	d__Eukaryota; p__Ascomycota	0.999963955
4c9b64f494eae8146a68c97ede6a390e	d__Eukaryota; p__Cercozoa; c__Thecofilosea; o__Cryomonadida; f__Rhizaspididae; g__Rhogostoma; s__uncultured_eukaryote	0.999920237
7ec88ce397b7d18f6264314c714551fb	d__Eukaryota	1
0f35cd45533b1d566b29ee124afaa29f	d__Eukaryota	0.999999995
be97da649bb3e0c0bdc428d096803aaf	d__Eukaryota; p__Ciliophora; c__Intramacronucleata; o__Litostomatea; f__Haptoria; g__uncultured; s__Paraenchelys_terricola	0.994991098
66539707303e6af42f0da551e7ea04b7	d__Eukaryota; p__Ciliophora; c__Intramacronucleata; o__Spirotrichea; f__Hypotrichia; g__Gonostomum	0.837709261
90306a75fc17a97b9f85011687e90c4b	d__Eukaryota; p__Gracilipodida; c__Gracilipodida; o__Gracilipodida; f__Gracilipodida; g__Flamella; s__Macrotyloma_uniflorum	1
6e15301370437cf38ddc6647c8bfb4ac	d__Eukaryota; p__Ciliophora; c__Intramacronucleata; o__Litostomatea	0.999999868
2dd65bc2262930b846ea18fae8bd15a3	d__Eukaryota	1
99012f47f7e2afec6b0335b83693e40f	d__Eukaryota	1
3b35bee8750c98a5538ade8c24998c91	d__Eukaryota; p__Ascomycota; c__Eurotiomycetes; o__Chaetothyriales; f__Herpotrichiellaceae	0.92581833
0e9734978cc49b07212ce2edad3eb20d	d__Eukaryota; p__Diatomea; c__Bacillariophyceae; o__Bacillariophyceae; f__Bacillariophyceae	0.912783794
406eb464b05ae9c5e3f8dbe171a52541	d__Eukaryota; p__Chytridiomycota; c__Chytridiomycetes; o__Incertae_Sedis; f__Incertae_Sedis; g__Catenomyces; s__Catenomyces_persicinus	0.899428673
f27268ba2632d21a4e13298953369bd5	d__Eukaryota; p__Ciliophora; c__Intramacronucleata; o__Litostomatea; f__Haptoria; g__Haptoria; s__Dileptus_microstoma	0.9564837
8826be958b7d977be30b8b4fc0ddd489	d__Eukaryota	0.999992052
fb1d628c23eb95c05a1e1def9c89a1e2	d__Eukaryota; p__Amoebozoa; c__Amoebozoa; o__Amoebozoa; f__Amoebozoa; g__Amoebozoa; s__metagenome	0.995800499
b9890948c1ca0b14ff4633c51eb0a876	d__Eukaryota; p__Ascomycota; c__Dothideomycetes; o__Venturiales; f__Sympoventuriaceae; g__Fusicladium; s__Fusicladium_sicilianum	0.938681665
dfa34f745abbfc5b1d813a60e535a3cf	d__Eukaryota	1
1903828843d9670ad57c35a98779a17c	d__Eukaryota; p__Ciliophora; c__Intramacronucleata; o__Conthreep; f__Colpodea; g__Colpoda; s__metagenome	0.983027979
4d20a036eca32bd55a98cf75e57bcfc6	d__Eukaryota; p__Amoebozoa; c__Tubulinea; o__Leptomyxida; f__Leptomyxida	1
d6fc6b0622255fc7a8150d1d22e13d2c	d__Eukaryota; p__LKM15; c__LKM15; o__LKM15; f__LKM15; g__LKM15; s__uncultured_eukaryote	0.991774866
06f8ba299ac588871ab7ad8aec0fd600	d__Eukaryota; p__Basidiomycota; c__Microbotryomycetes; o__Sporidiobolales; f__Sporidiobolaceae; g__Rhodotorula	0.888029271
5dd5f4d4fe52a4e355b79a1285ece95d	d__Eukaryota; p__Cercozoa; c__Thecofilosea; o__Thecofilosea; f__Thecofilosea; g__Thecofilosea; s__metagenome	0.968692883
59471e5d062539571a936be7c737add6	d__Eukaryota; p__Mucoromycota; c__Incertae_Sedis; o__Mortierellales; f__Mortierellaceae; g__Mortierella; s__Mortierella_sp.	0.999999938
02b087164224e7fbda9c70a5b6fbfe45	d__Eukaryota; p__Apicomplexa; c__Conoidasida; o__Gregarinasina; f__Eugregarinorida; g__uncultured; s__uncultured_alveolate	0.994171586
e50a712ea7c96ae0f7e6308e3749e2cc	d__Eukaryota; p__Basidiomycota; c__Agaricomycetes; o__Agaricales	0.916262647
7978b05a9ca2204c1387ff5b177af288	d__Eukaryota; p__Ciliophora; c__Intramacronucleata; o__Litostomatea; f__Haptoria; g__Arcuospathidium; s__metagenome	0.944583195
b0eb908289bc17296c3a1c373bdf9e26	d__Eukaryota; p__Cercozoa; c__Imbricatea; o__Imbricatea; f__Euglyphida; g__Trinema	0.784929668
a8c856b86a952f23e88ef81e50f76cc8	d__Eukaryota; p__Peronosporomycetes; c__Peronosporomycetes; o__Peronosporomycetes; f__Peronosporomycetes; g__Pythium; s__Lagena_radicicola	0.904037826
e71963c71c0f231a4c4080a6be943e15	d__Eukaryota; p__Phragmoplastophyta; c__Embryophyta; o__Magnoliophyta; f__Magnoliophyta; g__Magnoliophyta	0.993486084
b0faa04532feb20075b95dacf07244e7	d__Eukaryota; p__Ochrophyta; c__Xanthophyceae; o__Mischococcales; f__Mischococcales; g__Mischococcales; s__Botrydiopsis_sp.	0.771918307
1cc81b32a3d94e9a7e741b66059172bf	d__Eukaryota; p__Holozoa; c__Ichthyosporea; o__Pseudoperkinsidae; f__Pseudoperkinsidae; g__Anurofeca; s__Anurofeca_sp.	0.999883166
d5794550715748a9b3ad0b13e74826f6	d__Eukaryota; p__Cercozoa; c__Vampyrellidae; o__Vampyrellidae; f__Vampyrellidae; g__Vampyrellidae; s__Cercozoa_sp.	0.773251402
68195a79c9912c9bf8ae10fdef8801e1	d__Eukaryota; p__Ciliophora; c__Intramacronucleata; o__Conthreep; f__Colpodea; g__Colpoda; s__metagenome	0.848319561
9205d2f1cb6c86dbfa5d6b1923e2ac78	d__Eukaryota; p__Cercozoa; c__Vampyrellidae; o__Vampyrellidae; f__Vampyrellidae; g__Vampyrella; s__uncultured_eukaryote	0.991482003
d0c3e1f0915ef1c386c721ef6f346706	d__Eukaryota; p__Ascomycota; c__Eurotiomycetes; o__Eurotiales; f__Aspergillaceae; g__Aspergillus; s__Aspergillus_flavipes	0.968854851
c398263f006287b01f1da0ba6ec316b8	d__Eukaryota	1
02fe1daf52f2947b78831759e85da400	d__Eukaryota; p__Basidiomycota; c__Agaricomycetes; o__Agaricales	0.891339693
15351c0093511aa4a6d1b4792b5165f5	d__Eukaryota; p__Cercozoa; c__Thecofilosea; o__Thecofilosea; f__Thecofilosea; g__Thecofilosea; s__metagenome	0.879596797
8d2fcb7a87cfc53b6491fde687e2089e	d__Eukaryota; p__Ochrophyta; c__Chrysophyceae; o__Ochromonadales; f__Ochromonadales; g__Paraphysomonas; s__metagenome	0.800151667
7059c8201400a93121636954cde0c6a4	d__Eukaryota; p__Aphelidea; c__Aphelidea; o__Aphelidea; f__Aphelidea; g__uncultured; s__uncultured_fungus	0.986208805
2e607125d85d16293c9de3c3b0a4ac5e	d__Eukaryota; p__Nematozoa; c__Chromadorea; o__Araeolaimida; f__Araeolaimida; g__Araeolaimida; s__Nematoda_environmental	0.79696108
3fc129495ce30c90e8c4541e854398d8	d__Eukaryota; p__Ascomycota	0.999935776
589e67e68f1c5336c236c5ce1ef1c46f	d__Eukaryota; p__Ascomycota; c__Dothideomycetes; o__Capnodiales	0.784307235
3c1bce5a11db1b7789d37d4bd454ec7d	d__Eukaryota; p__SAR; c__Labyrinthulomycetes; o__Labyrinthulomycetes; f__Labyrinthulomycetes; g__Sorodiplophrys; s__Sorodiplophrys_stercorea	0.999486069
f99f70fe41572be9e3d4e5fc83063dc1	d__Eukaryota; p__Cercozoa; c__Incertae_Sedis; o__Incertae_Sedis; f__Incertae_Sedis; g__Gymnophrys; s__uncultured_eukaryote	0.956321592
818cbb6a1bdc228d98e8d75dc215bfc1	d__Eukaryota; p__Ciliophora; c__Intramacronucleata; o__Litostomatea; f__Haptoria; g__Haptoria	0.881108994
6cb641bc64e0839db0c6f0229d3b9156	d__Eukaryota; p__Chytridiomycota; c__Chytridiomycetes; o__Rhizophydiales; f__uncultured; g__uncultured	0.892607948
500fdc9c7dcba0afd20b3f681fb59f42	d__Eukaryota; p__Cercozoa; c__Incertae_Sedis; o__Incertae_Sedis; f__Incertae_Sedis; g__Gymnophrys	0.70196299
bed7cb21fd97b1b6402137d9e3f39386	d__Eukaryota; p__Ciliophora; c__Intramacronucleata; o__Spirotrichea; f__Hypotrichia; g__Hypotrichia	0.867620112
3acc7800b6ff12aedd3b580031c72bc2	d__Eukaryota; p__Ascomycota	0.99733546
1485ca25d4cfa82aa36e103937df0baa	d__Eukaryota; p__Protalveolata; c__Syndiniales; o__Syndiniales; f__Syndiniales_Group_I; g__Syndiniales_Group_I; s__uncultured_eukaryote	0.74261872
1900e1ea24e138bfcefc678bdff5d47a	d__Eukaryota; p__Ochrophyta; c__Xanthophyceae; o__Mischococcales; f__Mischococcales; g__Chlorellidium; s__Chlorellidium_tetrabotrys	0.846779278
35d177b77ea26c9457af580a1717181a	d__Eukaryota; p__Cercozoa; c__Cercomonadidae; o__Cercomonadidae; f__Cercomonadidae; g__Cercomonadidae; s__metagenome	0.94159716
7562f7047efd69fda4a527a9dd439bf8	d__Eukaryota; p__Ochrophyta; c__Chrysophyceae; o__Ochromonadales; f__Ochromonadales; g__Ochromonas; s__Ochromonas_danica	0.861476211
6e466630426ab988f7a0e75ef549f547	d__Eukaryota; p__LKM15; c__LKM15; o__LKM15; f__LKM15; g__LKM15; s__uncultured_eukaryote	0.98573516
bddc7d7b169e928b2366c93d458dff28	d__Eukaryota; p__SAR; c__Labyrinthulomycetes; o__Labyrinthulomycetes; f__Labyrinthulomycetes; g__Sorodiplophrys; s__Sorodiplophrys_stercorea	0.993877853
e6e76488bdc884246b569184d4579c56	d__Eukaryota; p__Arthropoda; c__Ellipura; o__Collembola; f__Collembola; g__Collembola	0.999847909
382ae7c88105720db245ad758e9b46dd	d__Eukaryota; p__Cercozoa; c__Cercomonadidae; o__Cercomonadidae; f__Cercomonadidae; g__uncultured; s__metagenome	0.999999998
4018096ef14d2e33b80947c59cc4de89	d__Eukaryota; p__Chlorophyta; c__Trebouxiophyceae; o__Trebouxiophyceae; f__Trebouxiophyceae; g__Trebouxiophyceae	0.905464756
2c0041b7663efa09ebe7665c079daa3e	d__Eukaryota; p__Aphelidea; c__Aphelidea; o__Aphelidea; f__Aphelidea; g__uncultured; s__uncultured_fungus	0.98907767
e8dc26a799b22d24b9379af11ad3cb18	d__Eukaryota; p__Basidiomycota; c__Agaricomycetes; o__Agaricales	0.98683013
905dcac30c3400556b1bbb8e0872702b	d__Eukaryota; p__Ochrophyta; c__Xanthophyceae	0.999995845
6cf3b8a3634109a2e1dfa3b9ba7f3b8d	d__Eukaryota; p__Ascomycota; c__Saccharomycetes; o__Saccharomycetales	0.927423005
38d0068f75086567688c9ed8af771329	d__Eukaryota; p__Cercozoa; c__Cercomonadidae; o__Cercomonadidae; f__Cercomonadidae; g__uncultured; s__Cercomonas_sp.	0.992252795
7a35e0a7ea3aa4f77312ba0075ddbe90	d__Eukaryota; p__Ciliophora; c__Intramacronucleata; o__Spirotrichea; f__Euplotia; g__Euplotes	1
1d104bb4f70270bf6192c277d00769d3	d__Eukaryota; p__Amoebozoa; c__Discosea; o__Centramoebida; f__Centramoebida; g__Acanthamoeba	0.830098185
d043893085845937dee534f5cbb6aa7c	d__Eukaryota; p__Ascomycota; c__Pezizomycetes; o__Pezizales; f__Pyronemataceae; g__Miladina; s__Miladina_lecithina	0.995708968
ce7444fdfc2944ee548fb47404d4dad2	d__Eukaryota; p__Ascomycota; c__Pezizomycetes; o__Pezizales; f__Ascodesmidaceae; g__Cephaliophora; s__Cephaliophora_tropica	0.738182985
9d2b502a42e2f9afb7e02574164800e1	d__Eukaryota; p__Phragmoplastophyta; c__Embryophyta; o__Magnoliophyta; f__Magnoliophyta; g__Magnoliophyta	0.971692116
4dc64ab114b36e9d86c4bf0f5b254237	d__Eukaryota; p__Diatomea; c__Bacillariophyceae; o__Bacillariophyceae; f__Bacillariophyceae; g__Sellaphora	0.792954886
012e8b0ebd0c716cf3f58da85c4de49d	d__Eukaryota; p__Amoebozoa; c__Amoebozoa; o__Amoebozoa; f__Amoebozoa; g__Amoebozoa; s__metagenome	0.999002161
e1e6e20be927466c1e025783b18c880b	d__Eukaryota; p__Cercozoa; c__Clathrulinidae; o__Clathrulinidae; f__Clathrulinidae; g__Hedriocystis; s__uncultured_eukaryote	0.980439014
f76fb1ea3748ff6d6dc1da2c63f49548	d__Eukaryota	1
feb147d65ccd631be0138cf23bd68a69	d__Eukaryota; p__Ochrophyta; c__Chrysophyceae; o__Ochromonadales; f__Ochromonadales; g__Ochromonas; s__uncultured_eukaryote	0.99318682
353e7d0d8ff881b608a5ae804c7c8a59	d__Eukaryota; p__Cercozoa; c__Imbricatea; o__Imbricatea; f__Euglyphida; g__Trinema	0.863524996
e39ffe8ba9aee1d2f0b7a73c0840a37d	d__Eukaryota; p__Ciliophora; c__Intramacronucleata; o__Spirotrichea; f__Hypotrichia; g__Hypotrichia	0.924473227
b411d9ea568e92d92e3192b4bf2a17ef	d__Eukaryota; p__Phragmoplastophyta; c__Embryophyta; o__Magnoliophyta; f__Magnoliophyta; g__Magnoliophyta	0.997432318
43f62b544d84ca0522728072e4479142	d__Eukaryota; p__Ciliophora; c__Intramacronucleata; o__Conthreep; f__Colpodea; g__Pseudoplatyophrya; s__Pseudoplatyophrya_nana	0.967851196
7e428d8535e193570425ac837560d618	d__Eukaryota	1
ffec5fa7404c78cb5e890b5efd929086	d__Eukaryota; p__Nematozoa; c__Chromadorea; o__Tylenchida; f__Tylenchida; g__Tylenchida; s__Tylenchus_arcuatus	0.825071493
f5157ad066d5f01c1518712af273a4dd	d__Eukaryota; p__Ochrophyta; c__Xanthophyceae; o__Mischococcales; f__Mischococcales; g__Chlorellidium; s__Chlorellidium_tetrabotrys	0.989077775
280e9b77aad6119b871269562cf013c2	d__Eukaryota	1
d42fc01ca0510d95d9761d753cd44aa4	d__Eukaryota; p__Ascomycota; c__Leotiomycetes; o__Helotiales; f__Helotiales; g__Helotiales; s__Marssonina_brunnea	0.720971797
001ef1b8d0fa602bb08a499313fc6521	d__Eukaryota; p__Basidiomycota; c__Tremellomycetes; o__Tremellales; f__Bulleribasidiaceae; g__Vishniacozyma	0.999853385
51e02ed3162b0ec6c423ab9582f529c5	d__Eukaryota; p__Ascomycota; c__Leotiomycetes; o__Helotiales; f__Helotiales	0.808272857
5ea3f06ff770bb2c65eabfde84516f17	d__Eukaryota; p__Ascomycota; c__Pezizomycetes; o__Pezizales; f__Pyronemataceae; g__Marcelleina; s__Marcelleina_tuberculispora	0.917967133
ecf03f883b80924f22f755f3db5d3bb9	d__Eukaryota; p__Chytridiomycota; c__Chytridiomycetes; o__Lobulomycetales; f__Lobulomycetaceae	0.801649642
013c32e65aa83f5d9bbcbe49df899260	d__Eukaryota; p__Cercozoa; c__Vampyrellidae; o__Vampyrellidae; f__Vampyrellidae; g__Vampyrella; s__uncultured_eukaryote	0.993681383
e3d8fe29f671e52ae5321b6e1d3a7951	d__Eukaryota; p__Ochrophyta	0.978974349
e3ee2b8e3880407f39f75ac1b6093893	d__Eukaryota; p__Chlorophyta; c__Chlorophyceae; o__Chlorophyceae; f__Chlorophyceae; g__Chlorophyceae	0.993728043
c80a371b791d467ea482da6d60ce0c77	d__Eukaryota; p__Chlorophyta; c__Chlorophyceae; o__Chlorophyceae; f__Chlorophyceae; g__Chlorophyceae; s__Chloromonas_sp.	0.957901879
121eecc282fb3a7eaf42ad33962cdad3	d__Eukaryota; p__Mucoromycota; c__Glomeromycetes; o__Diversisporales; f__Diversisporaceae; g__Diversispora; s__Diversispora_eburnea	0.999996098
64138a6eb93d987cd7ede4fdd36dfe64	d__Eukaryota; p__Ciliophora; c__Intramacronucleata; o__Conthreep; f__Colpodea	0.999998613
7653c5b4d4350f96e90ab9f7faaf97bb	d__Eukaryota; p__Ciliophora; c__Intramacronucleata; o__Conthreep; f__Colpodea; g__Platyophrya; s__Platyophrya_vorax	0.941591179
31808e8ff10fcd09de0a0be41a43ce28	d__Eukaryota	1
57c1a6c1c059aed32d161a8989373d58	d__Eukaryota; p__Ciliophora; c__Intramacronucleata; o__Litostomatea; f__Haptoria; g__Haptoria; s__Spathidium_stammeri	0.977950437
3df6a02d06fdf956b513dca86da62943	d__Eukaryota; p__Cryptomycota; c__Incertae_Sedis; o__Incertae_Sedis; f__Incertae_Sedis; g__Paramicrosporidium; s__uncultured_fungus	0.761550351
eb905320805aeb043f5f9f1c46022f57	d__Eukaryota; p__SAR; c__Labyrinthulomycetes; o__Labyrinthulomycetes; f__Labyrinthulomycetes; g__Sorodiplophrys; s__metagenome	0.738501309
180b4b6b1b251fd70c5f806a33178c19	d__Eukaryota; p__Cercozoa; c__Cercomonadidae; o__Cercomonadidae; f__Cercomonadidae; g__Cercomonas; s__Cercomonas_rotunda	0.934881736
bd4b3eee889d9e90e5c6de0baaed7695	d__Eukaryota; p__Nematozoa; c__Enoplea	0.998228065
cd9df057fa763111d1de4cc1d2deaf1b	d__Eukaryota; p__Cercozoa; c__Thecofilosea; o__Thecofilosea; f__Thecofilosea; g__Thecofilosea; s__metagenome	0.945524718
ee93ee3bdd40202253d981ca8838dcef	d__Eukaryota; p__Ciliophora; c__Intramacronucleata; o__Conthreep; f__Phyllopharyngea; g__Phascolodon	0.999622383
80d0de2dfbc34ce618324d412cc90525	d__Eukaryota; p__Chlorophyta; c__Trebouxiophyceae; o__Trebouxiophyceae; f__Trebouxiophyceae; g__Trebouxiophyceae	0.745864285
2ac4befee36f8016165ec6d2a0521778	d__Eukaryota; p__Ciliophora; c__Intramacronucleata; o__Conthreep; f__Colpodea; g__Bromeliothrix	0.999960529
aa32f8a4dfbb94552e44e28ab764c2f6	d__Eukaryota; p__Ciliophora; c__Intramacronucleata; o__Spirotrichea; f__Hypotrichia	0.998422038
acbe55b1c8b30d593aedd93e241232d9	d__Eukaryota; p__Ciliophora; c__Intramacronucleata; o__Litostomatea; f__Haptoria; g__Arcuospathidium; s__metagenome	0.916167013
709d88aad25e765723b76fd94547f60b	d__Eukaryota; p__Chlorophyta; c__Chlorophyceae; o__Chlorophyceae; f__Chlorophyceae; g__Chlorophyceae; s__Pleurastrum_insigne	0.884430671
35c82a9c135f930f31940e7f168d281f	d__Eukaryota; p__Apicomplexa; c__Conoidasida; o__Gregarinasina; f__Eugregarinorida; g__uncultured; s__uncultured_alveolate	0.999757566
6301e5be350aaf66290ad47d2469514b	d__Eukaryota; p__Ascomycota; c__uncultured; o__uncultured; f__uncultured; g__uncultured; s__metagenome	0.80975753
b2eb0cdbc6f7630341c417ce44b9761c	d__Eukaryota; p__Cercozoa	0.996655852
4543d849faaf436feb6ae0241977914f	d__Eukaryota; p__Hyphochytriomycetes; c__Hyphochytriomycetes; o__Hyphochytriales; f__Hyphochytriales; g__Hyphochytrium; s__Hyphochytrium_catenoides	0.992396973
41d00d0f703e326edfee4d6db78e3ae0	d__Eukaryota; p__Ciliophora; c__Intramacronucleata; o__Conthreep; f__Colpodea; g__uncultured; s__metagenome	0.805770705
3bb93812039bc836238d0ac26ae41288	d__Eukaryota; p__Ciliophora; c__Intramacronucleata; o__Spirotrichea; f__Hypotrichia; g__Hypotrichia; s__Holostichides_heterotypicus	0.932938892
c78ea58fb8b08fb995b92ce4f333b79e	d__Eukaryota; p__Chytridiomycota; c__Chytridiomycetes; o__Spizellomycetales; f__Olpidiaceae; g__Olpidium; s__Olpidium_brassicae	0.980315502
6c7a9383deec143fdfb73bbcefcd6765	d__Eukaryota; p__Ciliophora; c__Intramacronucleata; o__Litostomatea; f__Haptoria; g__uncultured; s__Paraenchelys_terricola	0.982719543
685d73d5d5bc0cfdcb602c1e7a481cad	d__Eukaryota; p__Cercozoa; c__Incertae_Sedis; o__Incertae_Sedis; f__Incertae_Sedis; g__Gymnophrys; s__Cercomonas_celer	0.965953213
5081f26f7c5a42e404702fde7a2b85e8	d__Eukaryota; p__Ascomycota	0.813182787
e4878736f5ea4ebb8dadc88d9374c333	d__Eukaryota; p__Cryptomycota; c__Incertae_Sedis; o__Incertae_Sedis; f__Incertae_Sedis; g__Paramicrosporidium; s__uncultured_fungus	0.847459117
bf89a89f19b43106b00ffd167b018c90	d__Eukaryota	1
bae3b87c870a661ff0021da602a52322	d__Eukaryota; p__Aphelidea; c__Aphelidea; o__Aphelidea; f__Aphelidea; g__uncultured; s__uncultured_eukaryote	0.74853544
bb9a55818c4f8cba1cf56f4e59195036	d__Eukaryota; p__Cryptomycota; c__LKM11; o__LKM11; f__LKM11; g__LKM11; s__uncultured_eukaryote	0.993205559
3c452857fd9fd60d35239242c98e537f	d__Eukaryota; p__Cercozoa; c__Imbricatea; o__Imbricatea; f__Euglyphida; g__Trinema; s__metagenome	0.734534591
db3605398ea6fc05891023efadce1296	d__Eukaryota; p__Cercozoa; c__Thecofilosea; o__Incertae_Sedis; f__Incertae_Sedis; g__Lecythium; s__uncultured_eukaryote	0.998258931
d1d5ed17653d7701b268d4730d494f11	d__Eukaryota; p__Amoebozoa; c__Tubulinea; o__Arcellinida; f__Arcellinida; g__Arcellinida; s__metagenome	0.999999834
ba297b5ef2890fc8e6887b09d5859f55	d__Eukaryota; p__Chlorophyta; c__Trebouxiophyceae; o__Trebouxiophyceae; f__Trebouxiophyceae; g__Trebouxiophyceae	0.976988827
32364c3653cfe64022dbd8f3513282b8	d__Eukaryota; p__Cercozoa; c__Thecofilosea; o__Thecofilosea; f__Thecofilosea; g__uncultured; s__metagenome	0.99998042
da8309f1bd5d93956ed544461d15aecc	d__Eukaryota; p__Amoebozoa; c__Discosea; o__Centramoebida; f__Centramoebida; g__Acanthamoeba	0.802262847
2aa1a358d007ce656bdb08b7dcd73f92	d__Eukaryota; p__Cryptomycota; c__LKM11; o__LKM11; f__LKM11; g__LKM11; s__uncultured_eukaryote	0.999996171
70846095a0587db1c786f0e477d8602e	d__Eukaryota; p__Ciliophora; c__Intramacronucleata; o__Conthreep; f__Colpodea; g__Platyophrya; s__metagenome	0.973411422
552bd56d2970f58511a687b686781b3b	d__Eukaryota; p__Heterolobosea; c__Tetramitia; o__Tetramitia; f__Tetramitia; g__Vahlkampfia; s__Vahlkampfia_avara	0.999999359
921b84d1a5c420ddda2ff40500349840	d__Eukaryota; p__Apicomplexa; c__Conoidasida; o__Gregarinasina; f__Eugregarinorida; g__Monocystis; s__Monocystis_agilis	0.999999998
1ad33e5f76d79a9110eada387a7a1304	d__Eukaryota; p__Cercozoa	0.739109106
e80f3a869b9c894e6f5271aa1b79f782	d__Eukaryota; p__Chlorophyta; c__Trebouxiophyceae; o__Trebouxiophyceae; f__Trebouxiophyceae; g__Trebouxiophyceae; s__Coccomyxa_sp.	0.85440584
957ac10afed92761c5db56bfeedb5007	d__Eukaryota; p__Chlorophyta; c__Trebouxiophyceae; o__Trebouxiophyceae; f__Trebouxiophyceae; g__Trebouxiophyceae	0.94397616
911bb55a21318441c0f4e5dce9c628d3	d__Eukaryota; p__Ascomycota	0.999937943
aecd252bff5b919eb2efe79b89462480	d__Eukaryota	1
cb71408c5820ba16440416c659fd9e09	d__Eukaryota; p__Cryptomycota; c__Incertae_Sedis; o__Incertae_Sedis; f__Incertae_Sedis; g__Paramicrosporidium; s__uncultured_eukaryote	0.999707805
74ccd22d0d86f6860c48b3e0d04b2a77	d__Eukaryota; p__Ascomycota; c__Dothideomycetes	0.980190494
f109af5c0d3c81b3b368a8e56edb1f76	d__Eukaryota; p__Ochrophyta; c__Xanthophyceae	0.99739858
e1e107541ce686b3fcb0c63c6da91283	d__Eukaryota; p__Cercozoa; c__Glissomonadida; o__Glissomonadida; f__Glissomonadida; g__uncultured; s__metagenome	0.999999998
a9a745bc2be402de0dd3434e8f332772	d__Eukaryota; p__Basidiomycota; c__Agaricomycetes	0.998521763
23d3a631a5cb3917e5631e9c765de700	d__Eukaryota; p__Ascomycota; c__Dothideomycetes; o__Dothideales	0.948822184
bb30f82da24cd108f23d1966812577a1	d__Eukaryota; p__Ascomycota; c__Dothideomycetes	0.970540386
8b8e630715629ed3b086310ec5b5f852	d__Eukaryota; p__Ciliophora; c__Intramacronucleata; o__Conthreep; f__Oligohymenophorea; g__Cardiostomatella	0.716238941
c7404fd22e125ac685eb4b34a7c6ae90	d__Eukaryota; p__Ascomycota; c__Dothideomycetes; o__Pleosporales	0.994795985
e72a3cf84877d5078ba6acd0f87fd5bb	d__Eukaryota; p__Cercozoa; c__Imbricatea; o__Imbricatea; f__Euglyphida	0.999636992
3c62a9fff1fa434c3f946d67e0c314c1	d__Eukaryota; p__Aphelidea; c__Aphelidea; o__Aphelidea; f__Aphelidea; g__Paraphelidium; s__uncultured_eukaryote	0.890368853
3d085507a692d9861481e821d022e56f	d__Eukaryota; p__Chlorophyta; c__Chlorophyceae; o__Chlorophyceae; f__Chlorophyceae; g__Chlorophyceae; s__Chlamydomonadaceae_sp.	0.737438312
6677ae32097736e49e2ce873c09d8765	d__Eukaryota; p__Ochrophyta; c__Chrysophyceae	0.999999994
474fb828dadb597e89f2bb445a714497	d__Eukaryota; p__Phragmoplastophyta; c__Embryophyta; o__Magnoliophyta; f__Magnoliophyta; g__Magnoliophyta	0.993717734
4b11a40d6de22d3bd73cf68438beac1b	d__Eukaryota; p__Mucoromycota	0.710391748
a09e325c6e52682b5734535206c675f8	d__Eukaryota; p__Basidiomycota; c__Agaricomycetes	0.978533463
d45704eda0022807d06dfadc9623bf0c	d__Eukaryota; p__Cercozoa; c__Glissomonadida; o__Glissomonadida; f__Glissomonadida; g__Glissomonadida; s__metagenome	0.999884233
bf68690b05500d57808c0a3f312791ca	d__Eukaryota; p__Cercozoa; c__Vampyrellidae; o__Vampyrellidae; f__Vampyrellidae; g__Vampyrellidae; s__Platyreta_germanica	0.999994054
d1260af49813c3845f6e51bd89c62b0d	d__Eukaryota; p__Ciliophora; c__Intramacronucleata; o__Spirotrichea; f__Hypotrichia; g__Hypotrichia	0.999075517
3e45238d6fddd460a2dac9de154fe587	d__Eukaryota; p__Cercozoa; c__Cercomonadidae; o__Cercomonadidae; f__Cercomonadidae; g__Cercomonas; s__Cercozoa_sp.	0.740248204
0163b32cf230a60f719af24783593fd8	d__Eukaryota; p__Diatomea; c__Bacillariophyceae; o__Bacillariophyceae; f__Bacillariophyceae; g__Fistulifera; s__Fistulifera_pelliculosa	0.998372687
5954657fb4f0fbf06efb804cb035cd1e	d__Eukaryota; p__Chytridiomycota; c__Chytridiomycetes; o__Lobulomycetales; f__Lobulomycetaceae	0.945455432
0a9c0973a2c1307a1e1a8e8c42fc06fb	d__Eukaryota; p__Chlorophyta; c__Chlorophyceae; o__Chlorophyceae; f__Chlorophyceae; g__Chlorophyceae; s__Eubrownia_aggregata	0.999999554
0b5b72e3344889d791157d41b5031ab8	d__Eukaryota; p__Chlorophyta; c__Ulvophyceae; o__Ulvophyceae; f__Ulvophyceae; g__Ulvophyceae; s__Planophila_laetevirens	0.998853605
375fc6e68829475b75df29ca0aefbf73	d__Eukaryota; p__Nematozoa; c__Chromadorea; o__Tylenchida; f__Tylenchida; g__Tylenchida; s__Geocenamus_quadrifer	0.708997044
6499e9f78d4068139f875a329d2cb1e3	d__Eukaryota	1
d22bd1787ae2c774186f58230ef78ab2	d__Eukaryota; p__Ascomycota; c__Dothideomycetes; o__Pleosporales	0.93904858
3621178a1b0e8f649c34fdb415aa9d9b	d__Eukaryota; p__Chlorophyta; c__Chlorophyceae; o__Chlorophyceae; f__Chlorophyceae; g__Chlorophyceae; s__Chlamydomonas_reinhardtii	0.998758914
13e4bbf3f5939f3f61e18aa2b207551a	d__Eukaryota; p__Basidiomycota; c__Agaricomycetes; o__Corticiales; f__Corticiaceae; g__Sistotrema; s__Sistotrema_octosporum	0.893313201
92895adba995210f6a5be6160f094ffb	d__Eukaryota; p__Arthropoda; c__Ellipura; o__Collembola; f__Collembola; g__Collembola; s__metagenome	0.915880298
007811e2779092325ccbb706806ba6ac	d__Eukaryota; p__Ciliophora; c__Intramacronucleata; o__Spirotrichea; f__Hypotrichia; g__Stylonychia; s__Sterkiella_sp.	0.99291194
f61bb29705a8415d3d6370f6da89c16b	d__Eukaryota; p__Gracilipodida; c__Gracilipodida; o__Gracilipodida; f__Gracilipodida; g__Telaepolella; s__Telaepolella_sp.	0.993251537
655eebfbec953221d6e02a3c1c7edab9	d__Eukaryota	1
41b5d2f485c39f1b604e45dec791ade7	d__Eukaryota; p__Phragmoplastophyta; c__Embryophyta; o__Magnoliophyta; f__Magnoliophyta; g__Magnoliophyta	0.984162895
fb438b9ea81e3ed5281505c7727fc8f6	d__Eukaryota; p__Ascomycota; c__Eurotiomycetes; o__Onygenales	0.878041053
766c742e70b665e59696ef2742dbca77	d__Eukaryota; p__Chlorophyta; c__Chlorophyceae; o__Chlorophyceae; f__Chlorophyceae; g__Chlorophyceae; s__Chlorococcum_isabeliense	0.978326649
c3098e95593671a9c3c74db3f6546975	d__Eukaryota	1
3b32adcae4223bf8bbb573ee5d8e8537	d__Eukaryota; p__Ciliophora; c__Intramacronucleata; o__Litostomatea; f__Haptoria; g__uncultured; s__Paraenchelys_terricola	0.952193
9be59d608a8e5d74f92b37748f1b1ef9	d__Eukaryota	1
e881f36548021ba24744585c13ac764c	d__Eukaryota; p__SAR; c__Labyrinthulomycetes; o__Labyrinthulomycetes; f__Labyrinthulomycetes; g__Sorodiplophrys; s__metagenome	0.999962818
74521bd31577012d412c736a288ee5a6	d__Eukaryota; p__Ochrophyta; c__Xanthophyceae; o__Tribonematales; f__Tribonematales; g__Tribonema	0.927991343
54651c27bdbbff36ecf42a8639ad1eea	d__Eukaryota; p__Ascomycota; c__uncultured; o__uncultured; f__uncultured; g__uncultured; s__metagenome	0.776201293
6e2c3cf0313ca22c13be7040a2890e5e	d__Eukaryota	1
3538b5f4f37055cd5393b882980918ea	d__Eukaryota; p__Chlorophyta; c__Ulvophyceae; o__Ulvophyceae; f__Ulvophyceae; g__Ulvophyceae	0.99999995
6738dec90839e7108b720bace779d984	d__Eukaryota; p__Cercozoa; c__Cercomonadidae; o__Cercomonadidae; f__Cercomonadidae; g__uncultured; s__Cercomonas_sp.	0.875920402
037eaf5ad4f4b6bfd1334e8b416a2a32	d__Eukaryota; p__Amoebozoa; c__Tubulinea; o__Leptomyxida; f__Leptomyxida; g__Leptomyxida; s__metagenome	0.983686403
69c4103c1f8505e249466bfdefa0faf2	d__Eukaryota; p__Ochrophyta; c__Xanthophyceae	0.999999392
de6e6f9082297818459a2bd73094d0f9	d__Eukaryota; p__Phragmoplastophyta; c__Embryophyta; o__Magnoliophyta; f__Magnoliophyta; g__Magnoliophyta	0.990849389
4246b3f52f01797cc9d3646ea2c3dca9	d__Eukaryota; p__Ciliophora; c__Intramacronucleata; o__Litostomatea; f__Haptoria	0.999602333
12aec957b96631e1b2f304b7f3244aed	d__Eukaryota; p__Cryptomycota; c__LKM11; o__LKM11; f__LKM11; g__LKM11; s__uncultured_eukaryote	0.993631215
0115a45f726c5fa7e760cb7eec69073d	d__Eukaryota; p__Chlorophyta; c__Chlorophyceae; o__Chlorophyceae; f__Chlorophyceae; g__Chlorophyceae; s__uncultured_Chlamydomonadales	0.999999931
d9fa99e36b64f00a6ddbe4c8f9520d2d	d__Eukaryota; p__SAR; c__Labyrinthulomycetes; o__Labyrinthulomycetes; f__Labyrinthulomycetes; g__Sorodiplophrys; s__metagenome	1
064b8e4c8fbe25fc98c997978c83f19d	d__Eukaryota; p__Ascomycota; c__Dothideomycetes; o__Pleosporales	0.956443177
081aa002b47a284bd34b6ae45f06c8da	d__Eukaryota; p__Amoebozoa; c__Discosea; o__Centramoebida; f__Centramoebida; g__Acanthamoeba; s__Acanthamoeba_sp.	0.977273906
04084739a7a6ab7b8c9d975231d700e8	d__Eukaryota; p__Cercozoa; c__Cercomonadidae; o__Cercomonadidae; f__Cercomonadidae; g__Cercomonadidae; s__metagenome	0.702855112
15cac1e4a388c2a2b3dd1121a2d8ae31	d__Eukaryota; p__Cercozoa; c__Imbricatea; o__Imbricatea; f__Euglyphida; g__uncultured; s__metagenome	1
0a52a138f49c6a42a7d4bed417ac30e6	d__Eukaryota; p__SAR; c__Labyrinthulomycetes; o__Labyrinthulomycetes; f__Labyrinthulomycetes; g__Sorodiplophrys; s__Sorodiplophrys_stercorea	0.998957498
9ae840e780d6906c97e671a71b32c694	d__Eukaryota; p__Basidiomycota; c__Tremellomycetes; o__Tremellales; f__Bulleribasidiaceae; g__Vishniacozyma; s__Vishniacozyma_carnescens	0.926479679
de29b196f851c8bc19fea6ac06643239	d__Eukaryota; p__Chlorophyta; c__Chlorophyceae; o__Chlorophyceae; f__Chlorophyceae; g__Chlorophyceae; s__Chlamydomonas_sp.	0.71275394
f3009450c0d57b1d262ea792e7513b3f	d__Eukaryota; p__Ciliophora; c__Intramacronucleata; o__Spirotrichea; f__Hypotrichia; g__Hypotrichia; s__Stichotrichia_sp.	0.957921288
db7ac35bb6eb2941923135847da22fa9	d__Eukaryota; p__Nematozoa; c__Chromadorea; o__Tylenchida; f__Tylenchida; g__Tylenchida; s__Aphelenchoides_fragariae	0.938452184
75f5b3348ae133d278e36bd58806f8ab	d__Eukaryota; p__Chlorophyta; c__Trebouxiophyceae; o__Trebouxiophyceae; f__Trebouxiophyceae; g__Trebouxiophyceae	0.942288822
3e42988da98b11b7a68f77271554ad29	d__Eukaryota; p__Chlorophyta; c__Chlorophyceae; o__Chlorophyceae; f__Chlorophyceae; g__Chlorophyceae; s__Tetracystis_intermedia	0.997798613
82f32182a4c83e715906001018515ada	d__Eukaryota; p__Cercozoa; c__Imbricatea; o__Imbricatea; f__Euglyphida; g__uncultured; s__metagenome	0.827319983
651b9d0f475410e5d84d578805058398	d__Eukaryota; p__Ciliophora; c__Intramacronucleata; o__Spirotrichea; f__Hypotrichia; g__Hypotrichia; s__Urostyla_sp.	0.999705493
4efbcf9712eec6f35d774526d9bbd167	d__Eukaryota; p__Cercozoa; c__Cercomonadidae; o__Cercomonadidae; f__Cercomonadidae; g__Paracercomonas	0.945471976
4af5ac689386540cfbfb356f52d7c465	d__Eukaryota; p__Nematozoa; c__Enoplea; o__Dorylaimia; f__Dorylaimida; g__Dorylaimida	0.995820115
dfc2f495dbb14c24f691d7fed32316f8	d__Eukaryota; p__SAR; c__Labyrinthulomycetes; o__Labyrinthulomycetes; f__Labyrinthulomycetes; g__Sorodiplophrys; s__Sorodiplophrys_stercorea	0.999806757
d1c5ed5ef792547fcccec20b47ee1a8f	d__Eukaryota; p__SAR; c__Labyrinthulomycetes; o__Labyrinthulomycetes; f__Labyrinthulomycetes; g__Sorodiplophrys; s__Sorodiplophrys_stercorea	0.999956994
10dfa9c813e887b69e948b68da6dc3e5	d__Eukaryota; p__SAR; c__Labyrinthulomycetes; o__Labyrinthulomycetes; f__Labyrinthulomycetes; g__Sorodiplophrys	0.999999918
22a10b00db5218ce848e595ba4913b84	d__Eukaryota	0.999999995
0a2bd701ecf78bee80ff76f46c4ba984	d__Eukaryota; p__Ochrophyta; c__Chrysophyceae; o__Chromulinales; f__Chromulinales; g__Spumella; s__Spumella-like_flagellate	0.845630623
efe99b404efd4a1961b741ead28fff9a	d__Eukaryota; p__Apicomplexa; c__Conoidasida; o__Gregarinasina; f__Eugregarinorida; g__uncultured; s__uncultured_alveolate	0.959670647
8ddc49f4f808f285112e9570ee6e7240	d__Eukaryota; p__Amoebozoa; c__Discosea; o__Centramoebida; f__Centramoebida; g__Acanthamoeba	0.744538414
9219b8ef4fd0604daef8ce02b885629d	d__Eukaryota; p__Arthropoda; c__Ellipura; o__Collembola; f__Collembola; g__Collembola; s__metagenome	0.999915392
47a1f4088598e233f04e260a35cb263f	d__Eukaryota; p__Cercozoa; c__Imbricatea; o__Imbricatea; f__Thaumatomonadida; g__Gyromitus; s__metagenome	0.995560201
11e4a08246be61e041c5571fbe078e53	d__Eukaryota; p__Ciliophora; c__Intramacronucleata; o__Conthreep; f__Colpodea	0.999999997
cd25ca269ff53a758ea4d1f4e6b12c16	d__Eukaryota; p__Chlorophyta; c__Chlorophyceae; o__Chlorophyceae; f__Chlorophyceae; g__Chlorophyceae; s__Bracteacoccus_sp.	0.999834647
2ce6fe3c5b837b28eb496a04a4a7eada	d__Eukaryota; p__Mucoromycota; c__Glomeromycetes; o__Diversisporales; f__Diversisporaceae; g__Diversispora; s__Diversispora_eburnea	0.826373873
02f3d7cdda79c4125106c88b37590a43	d__Eukaryota; p__Peronosporomycetes; c__Peronosporomycetes; o__Peronosporomycetes; f__Peronosporomycetes	0.999999999
701e1bb0e11158606fff76e10886e0fa	d__Eukaryota; p__Gracilipodida; c__Gracilipodida; o__Gracilipodida; f__Gracilipodida; g__Telaepolella; s__Telaepolella_sp.	0.999991918
4d2357161df081f0c5cd208be024f7ab	d__Eukaryota; p__Cercozoa; c__Imbricatea; o__Spongomonadida; f__Spongomonadida; g__Spongomonas; s__metagenome	0.999473601
53dc70572791289784a871e112199436	d__Eukaryota; p__Ascomycota; c__Leotiomycetes; o__Helotiales; f__Helotiaceae; g__Meliniomyces; s__Hyaloscypha_variabilis	0.841696944
fb7335095ee0b257fae0e2e78396287c	d__Eukaryota; p__Basidiomycota; c__Tremellomycetes; o__Trichosporonales; f__Trichosporonaceae; g__Apiotrichum; s__Apiotrichum_scarabaeorum	0.982907621
741532edc4454c25e708ecfa1a809761	d__Eukaryota; p__Cercozoa; c__Thecofilosea; o__Thecofilosea; f__Thecofilosea; g__Thecofilosea; s__metagenome	0.820413501
c9ec6c79a527ee812299d23418e71e7b	d__Eukaryota; p__Amoebozoa; c__Tubulinea; o__Echinamoebida; f__Echinamoebida; g__Vermamoeba; s__Vermamoeba_vermiformis	0.999119592
88985a9e49f9f2a5bd8481233a8ec2cb	d__Eukaryota; p__Cercozoa; c__Cercomonadidae; o__Cercomonadidae; f__Cercomonadidae; g__uncultured; s__uncultured_Cercozoa	0.999999954
6b97f47bb4a0198e636fdcd5db272b47	d__Eukaryota; p__Ciliophora; c__Intramacronucleata; o__Conthreep; f__Colpodea; g__Platyophrya; s__metagenome	0.971368984
f74c34367e0b1618e2884fba4a18a143	d__Eukaryota; p__SAR; c__Labyrinthulomycetes; o__Labyrinthulomycetes; f__Labyrinthulomycetes; g__Sorodiplophrys; s__Sorodiplophrys_stercorea	0.99644512
71a5b971b052a9e297681faaadfe012d	d__Eukaryota; p__Chlorophyta; c__Chlorophyceae; o__Chlorophyceae; f__Chlorophyceae; g__Chlorophyceae	0.990879851
b65add536e2a595923be1cfafc48bb1e	d__Eukaryota; p__Cercozoa; c__uncultured; o__uncultured; f__uncultured; g__uncultured; s__metagenome	0.999999855
1c7ac294d89a75155f4ad94ddbd0675e	d__Eukaryota; p__Nematozoa; c__Chromadorea; o__Monhysterida; f__Monhysterida; g__Monhysterida; s__metagenome	1
6046f5f278c073341bdc9ac414bd001e	d__Eukaryota	1
aaca41f1b3dc5849946bf6b461dcd9d4	d__Eukaryota	0.999999969
42ab27fc9b71881066d7fbdb97670739	d__Eukaryota; p__Ciliophora; c__Intramacronucleata; o__Conthreep; f__Colpodea; g__Bromeliothrix; s__Colpoda_sp.	0.953798027
45c03b57ff246d654a2a29aeb842f1de	d__Eukaryota; p__Phragmoplastophyta; c__Embryophyta; o__Magnoliophyta; f__Magnoliophyta; g__Magnoliophyta	0.992852036
ccd9d5de86a0f24815c7c2fcb2234682	d__Eukaryota; p__Phragmoplastophyta; c__Embryophyta; o__uncultured; f__uncultured; g__uncultured; s__uncultured_Desmidiaceae	0.773837736
d35c2f4688bda1506f0851f43103f9d5	d__Eukaryota; p__Cercozoa	0.990562419
74fb9365802d71af21b4f58fa508c8ba	d__Eukaryota; p__Cercozoa; c__Thecofilosea; o__Incertae_Sedis; f__Incertae_Sedis; g__Lecythium; s__uncultured_eukaryote	0.995714151
4087b7b443fd0db126b65a45804bf54f	d__Eukaryota; p__SAR; c__Labyrinthulomycetes; o__Labyrinthulomycetes; f__Labyrinthulomycetes; g__Sorodiplophrys; s__Sorodiplophrys_stercorea	0.999925973
65e7899d45b70455741b148f795ecbe6	d__Eukaryota; p__Cercozoa; c__Vampyrellidae; o__Vampyrellidae; f__Vampyrellidae; g__Vampyrellidae; s__Platyreta_germanica	0.999992615
a8b05593f4985a8f4f03313d90f284b9	d__Eukaryota; p__Dinoflagellata; c__Dinophyceae; o__Gymnodiniphycidae; f__Gymnodinium_clade	0.727993207
1b69a2b6ffeda5e596b430e1d2f824b2	d__Eukaryota; p__Ascomycota; c__Eurotiomycetes; o__Chaetothyriales; f__Herpotrichiellaceae	0.967444938
3999f399814b98812315e83805ca7aee	d__Eukaryota	1
e6bf93eabcc3b86ddf5c6d93b6d67bb4	d__Eukaryota; p__Basidiomycota; c__Tremellomycetes; o__Trichosporonales; f__Trichosporonaceae; g__Apiotrichum; s__Apiotrichum_gracile	0.978741509
54afa68e2e2a5e8d3e1e04cb5b8d76bc	d__Eukaryota; p__Ochrophyta; c__Xanthophyceae; o__Tribonematales; f__Tribonematales; g__Tribonema; s__Tribonema_aequale	0.742065464
eb6bdd48aae4274009ea072990b413c4	d__Eukaryota; p__Chlorophyta; c__Ulvophyceae; o__Ulvophyceae; f__Ulvophyceae; g__Ulvophyceae; s__Planophila_laetevirens	0.972383383
99e284c2f12a6b7e61c26a4dbef00a2e	d__Eukaryota; p__Basidiomycota; c__Tremellomycetes; o__Filobasidiales	0.909234401
7ebf568a78592b96968570d926e56c02	d__Eukaryota; p__Basidiomycota; c__Agaricomycetes	0.999089218
df3f602274ff015a33ad63dcf6d36893	d__Eukaryota; p__Ciliophora; c__Intramacronucleata; o__Conthreep; f__Colpodea; g__Woodruffides; s__Woodruffides_metabolicus	0.999998786
ca0ef55cce70c195f4465a00f08a9143	d__Eukaryota; p__Mollusca; c__Gastropoda; o__Heterobranchia; f__Heterobranchia; g__Heterobranchia; s__Deroceras_reticulatum	0.752501879
9a905e9b46645b3c884ac1bd0437fe9f	d__Eukaryota; p__Basidiomycota; c__Agaricomycetes	0.887104213
e2d7a97fff627ef9a864b174444ca503	d__Eukaryota; p__Nematozoa; c__Chromadorea; o__Tylenchida; f__Tylenchida; g__Tylenchida; s__Filenchus_hamuliger	0.752486358
fe59acabc34a7eaff1254cb47e975133	d__Eukaryota; p__Peronosporomycetes; c__Peronosporomycetes; o__Peronosporomycetes; f__Peronosporomycetes; g__Pythium; s__Pythium_rostratum	0.999937143
fbd61ac8c3c3715706d20dd03fa1e3d8	d__Eukaryota; p__SAR; c__Labyrinthulomycetes; o__Labyrinthulomycetes; f__Labyrinthulomycetes; g__Sorodiplophrys; s__Sorodiplophrys_stercorea	0.999992412
543fcf48d18b8b0239bf62dbbd2159c5	d__Eukaryota; p__MAST-12; c__MAST-12C; o__MAST-12C; f__MAST-12C; g__MAST-12C	0.999955039
569e8bb1e61eb651f078cd9aa1321737	d__Eukaryota; p__Ciliophora; c__Intramacronucleata; o__Conthreep; f__Oligohymenophorea; g__Opisthonecta; s__uncultured_eukaryote	0.839631286
16d2c99ab4aa515d719b02a76f70f328	d__Eukaryota; p__Cercozoa; c__Imbricatea; o__Imbricatea; f__Euglyphida; g__Trinema	0.996822157
4b11b0fe5432bec49451fa9e87f39f1f	d__Eukaryota; p__Phragmoplastophyta; c__Embryophyta; o__Magnoliophyta; f__Magnoliophyta; g__Magnoliophyta	0.999997079
3b1f8e272c0a57768808ea43c49a9bcd	d__Eukaryota; p__Basidiomycota; c__Agaricomycetes	0.999785281
b30fc7ee18cbc0c2c308dad4ed39de56	d__Eukaryota; p__Hyphochytriomycetes; c__Hyphochytriomycetes; o__Hyphochytriales; f__Hyphochytriales; g__Hyphochytrium; s__Hyphochytrium_catenoides	0.99959758
c669caf2c326d3ef17177a727c126993	d__Eukaryota; p__SAR; c__Labyrinthulomycetes; o__Labyrinthulomycetes; f__Labyrinthulomycetes; g__Sorodiplophrys; s__metagenome	0.994162713
8b3dfcc25df5323b3ac7fc3cc4c31425	d__Eukaryota; p__Ascomycota; c__Eurotiomycetes; o__Eurotiales	0.999138398
0b518693d7665a0984b13070ab531cef	d__Eukaryota; p__Ochrophyta; c__Chrysophyceae	0.871933185
d785b6478dace0eca364dedba6b85629	d__Eukaryota; p__Amoebozoa; c__Tubulinea; o__Euamoebida; f__Euamoebida; g__Hartmannella	0.988390786
bbed9561751e4c86cee3cf8242c26725	d__Eukaryota; p__Peronosporomycetes; c__Peronosporomycetes; o__Peronosporomycetes; f__Peronosporomycetes; g__uncultured; s__uncultured_eukaryote	0.890829133
872935b7eba7600492220c2a476d5851	d__Eukaryota	1
864eadf9595815ad12a561298a9c2f9a	d__Eukaryota; p__Amoebozoa; c__Discosea; o__Centramoebida; f__Centramoebida; g__Acanthamoeba	0.799012753
45e32de636f0c6ed1ed7e22f370889c7	d__Eukaryota; p__Cercozoa; c__Vampyrellidae; o__Vampyrellidae; f__Vampyrellidae; g__Vampyrellidae; s__Platyreta_germanica	0.999998687
d04b761e6369dd76582ffe0c0fa56a44	d__Eukaryota	1
e07de51541474ebef50ce517a43de417	d__Eukaryota; p__Cercozoa; c__Cercomonadidae; o__Cercomonadidae; f__Cercomonadidae; g__uncultured; s__metagenome	0.999999993
91d51d1a19948072b69fde377e79f6dc	d__Eukaryota; p__Chlorophyta; c__Trebouxiophyceae; o__Trebouxiophyceae; f__Trebouxiophyceae; g__Trebouxiophyceae	0.959845764
e61289e2cecc7a10fa98993898d807e2	d__Eukaryota; p__Nematozoa; c__Chromadorea; o__Tylenchida; f__Tylenchida; g__Tylenchida; s__Filenchus_hamuliger	0.933441535
876a5cd07d2980b8fa5e60d57e207ad0	d__Eukaryota; p__Ciliophora; c__Intramacronucleata; o__Spirotrichea; f__Hypotrichia	0.995139032
457ce49b491d19f0271515804db1442d	d__Eukaryota; p__Basidiomycota; c__Agaricomycetes; o__Agaricales; f__Pterulaceae; g__Pterula; s__Pterula_echo	0.782230361
9b604feebd6db4f111a4d5cc1153e552	d__Eukaryota; p__Peronosporomycetes; c__Peronosporomycetes; o__Peronosporomycetes; f__Peronosporomycetes	0.99974841
0656218288ecf8bc398766f2e73eca65	d__Eukaryota; p__Dinoflagellata; c__Dinophyceae	0.858995034
2c968e0ef3f86b5ce40410575674d3e0	d__Eukaryota	0.999999992
a3305a1e26ed9a778a0b8067b85c7657	d__Eukaryota; p__Ochrophyta; c__Chrysophyceae; o__uncultured; f__uncultured; g__uncultured; s__metagenome	0.99992672
817c3bb349f68ba738502c2b9cf2f040	d__Eukaryota; p__LKM15; c__LKM15; o__LKM15; f__LKM15; g__LKM15; s__uncultured_eukaryote	0.97020437
957916a4a1f1110270fdcbfc55a2d55b	d__Eukaryota; p__Chytridiomycota; c__Chytridiomycetes	0.987068063
2dbb45995894e8fea7c92f4c435a048a	d__Eukaryota; p__Gracilipodida; c__Gracilipodida; o__Gracilipodida; f__Gracilipodida; g__Flamella; s__Macrotyloma_uniflorum	0.999991061
5b2c6867367b673d67165fd6582d735e	d__Eukaryota	1
a4c04f67b9f84da799734eae68449e42	d__Eukaryota; p__Gracilipodida; c__Gracilipodida; o__Gracilipodida; f__Gracilipodida; g__Telaepolella; s__Telaepolella_sp.	0.979769399
1693000cb022d7e496b393d60876e299	d__Eukaryota; p__Cercozoa; c__Cercomonadidae; o__Cercomonadidae; f__Cercomonadidae; g__Cercomonas; s__Paracercomonas_sp.	0.983906222
bde49ed25d99ca2161e80216e2f6af71	d__Eukaryota; p__Ochrophyta; c__Xanthophyceae	0.999999304
f7d35837c4735e1c991d6622e4206f46	d__Eukaryota; p__Cercozoa; c__Imbricatea; o__Imbricatea; f__Euglyphida; g__Trinema	0.714738875
189e89eba0cc8ee8411eb5e7576625de	d__Eukaryota; p__Cercozoa; c__Incertae_Sedis; o__Incertae_Sedis; f__Incertae_Sedis; g__Kraken; s__metagenome	1
3c6724767e7d6f274ec770c2def8594a	d__Eukaryota; p__Gracilipodida; c__Gracilipodida; o__Gracilipodida; f__Gracilipodida; g__Filamoeba; s__Filamoeba_sp.	0.866069429
b0b9ceaf27d3c5f49ec1cbd2d493c0d7	d__Eukaryota; p__Cercozoa; c__Imbricatea; o__Imbricatea; f__Euglyphida; g__Trinema	0.743694506
5ebadd2d0f892a36eec04fd5bbf38a4a	d__Eukaryota; p__Cercozoa; c__Incertae_Sedis; o__Incertae_Sedis; f__Incertae_Sedis; g__Kraken; s__metagenome	1
382f4f3ebad5f7b76e3ed3975f4cd267	d__Eukaryota; p__Phragmoplastophyta; c__Embryophyta; o__Magnoliophyta; f__Magnoliophyta; g__Magnoliophyta	0.994097588
ef7ab8737cf53fd35920436f1cafe449	d__Eukaryota; p__Amoebozoa; c__Discosea; o__Centramoebida; f__Centramoebida; g__Centramoebida; s__uncultured_eukaryote	1
c80cc13e1c0b261ca4c0dac948f3887b	d__Eukaryota; p__Basidiomycota; c__Agaricomycetes	0.998308539
e619508d4d436fa494654877b6236cd2	d__Eukaryota; p__Chlorophyta; c__Chlorophyceae; o__Chlorophyceae; f__Chlorophyceae; g__Chlorophyceae	0.928813896
3b355431fabce9e2b6c8c0706516b36d	d__Eukaryota; p__Cryptomycota; c__LKM11; o__LKM11; f__LKM11; g__LKM11; s__uncultured_eukaryote	0.967828366
b269c4406ffa654fc86e399e512677d8	d__Eukaryota; p__Cryptomycota; c__Incertae_Sedis; o__Incertae_Sedis; f__Incertae_Sedis; g__Paramicrosporidium; s__uncultured_eukaryote	0.999949284
6e8b2981f0f59249a25381230ef21f5f	d__Eukaryota; p__Nematozoa; c__Chromadorea; o__Tylenchida; f__Tylenchida; g__Tylenchida	0.999391662
7a6f0a5f5d07cc2ad8b03df5cf5913fd	d__Eukaryota; p__Cercozoa; c__Imbricatea; o__Imbricatea; f__Thaumatomonadida; g__Thaumatomonas	0.825298659
261c2f903cd38b57ec68d3572909f0d3	d__Eukaryota; p__Apusomonadidae; c__Apusomonadidae; o__Apusomonadidae; f__Apusomonadidae; g__Amastigomonas; s__metagenome	0.999999945
cf4c271822aef7187a5fec8daccd75e9	d__Eukaryota; p__Cercozoa; c__Thecofilosea; o__Thecofilosea; f__Thecofilosea; g__uncultured; s__metagenome	0.90477919
e8545905d5491fdfd74a61448b717c47	d__Eukaryota; p__Mucoromycota; c__Incertae_Sedis; o__Mortierellales; f__Mortierellaceae; g__Mortierella; s__Mortierella_alpina	0.781972372
c9a78f2b03c9f72e49e02638b0c42f44	d__Eukaryota	1
00715e85e83676e43b1cfec8ad756478	d__Eukaryota	1
28ee3a3d06467ca4fbaf5846f54d18c0	d__Eukaryota	1
16d17c67ceb30706511062fef08483e3	d__Eukaryota; p__Mucoromycota; c__Glomeromycetes; o__Diversisporales; f__Gigasporaceae; g__Gigaspora; s__Gigaspora_margarita	0.884227759
49ccd67bb97c8d89d26b56a859019a04	d__Eukaryota; p__Amoebozoa; c__Tubulinea; o__Leptomyxida; f__Leptomyxida; g__Flabellula; s__metagenome	0.999999567
ac1ca0236a430654a118fc6fe5417f69	d__Eukaryota; p__Ascomycota; c__Dothideomycetes; o__Pleosporales; f__Phaeosphaeriaceae	0.979801157
7e4f6bbb66cadccf5b50caebb8c33743	d__Eukaryota; p__Cercozoa; c__Thecofilosea; o__Thecofilosea; f__Thecofilosea; g__uncultured; s__metagenome	0.999446481
8c26b7771edae1e393880f01fd70a923	d__Eukaryota; p__Ochrophyta; c__Xanthophyceae; o__Mischococcales; f__Mischococcales; g__Chlorellidium; s__Chlorellidium_tetrabotrys	0.999841883
5157e02bcfcba0a21315543217d5be3b	d__Eukaryota; p__Basidiomycota; c__Agaricomycetes; o__Agaricales	0.711624196
ef4c00ac8f98a1a1c37ce904280396ab	d__Eukaryota; p__Phragmoplastophyta; c__Embryophyta; o__Magnoliophyta; f__Magnoliophyta; g__Magnoliophyta	0.990965121
18306482d91b3e7378621b202722ec60	d__Eukaryota; p__Amoebozoa; c__Tubulinea; o__Tubulinea; f__Tubulinea; g__Tubulinea; s__Tubulinea_group	0.999998169
48005d883f572951c5bb58b639a53839	d__Eukaryota; p__LKM15; c__LKM15; o__LKM15; f__LKM15; g__LKM15; s__uncultured_eukaryote	0.952518812
11de571d5ec10b5eb6a510251be3fd64	d__Eukaryota; p__Apicomplexa; c__Conoidasida; o__Gregarinasina; f__Eugregarinorida; g__uncultured; s__uncultured_alveolate	0.905336301
86f93932ef23959413652e19ffb42590	d__Eukaryota; p__Ascomycota	0.996593666
9632f500a62669d981d2d6f8a28fbc44	d__Eukaryota; p__Amoebozoa; c__Discosea; o__Centramoebida; f__Centramoebida; g__Centramoebida; s__uncultured_eukaryote	1
cccbd2b598863e87a73e0d839c05ee52	d__Eukaryota; p__Nematozoa; c__Enoplea; o__Dorylaimia; f__Dorylaimida; g__Dorylaimida	0.998869568
ea5870f7827e2ad6eb5f7599a340edf1	d__Eukaryota; p__Ochrophyta; c__Xanthophyceae; o__Mischococcales; f__Mischococcales; g__Mischococcales; s__Botrydiopsis_sp.	0.740786579
6e829de6db3a6aa46132b5b89cfc54b3	d__Eukaryota; p__Ochrophyta; c__Chrysophyceae; o__Chromulinales; f__Chromulinales; g__JBNA46; s__uncultured_eukaryote	0.866125799
610e63efda332a636f9d54653d128f12	d__Eukaryota; p__Cercozoa; c__Glissomonadida; o__Glissomonadida; f__Glissomonadida; g__uncultured; s__metagenome	0.999999217
347e6cb241e5309a069580a838f9d047	d__Eukaryota; p__Amoebozoa; c__Amoebozoa; o__Amoebozoa; f__Amoebozoa; g__Amoebozoa; s__metagenome	0.91878496
28e63c919023e900792309bcd2755379	d__Eukaryota; p__Ciliophora; c__Intramacronucleata; o__Spirotrichea; f__Hypotrichia; g__Gonostomum	0.749773794
cadb8814eadaaacd7547512756316f5d	d__Eukaryota; p__Diatomea; c__Bacillariophyceae; o__Bacillariophyceae; f__Bacillariophyceae	0.999905745
7a95a62af85275e567ce12af21f23fd9	d__Eukaryota; p__Cercozoa; c__Imbricatea; o__Imbricatea; f__Thaumatomonadida; g__Thaumatomonadidae	0.981667557
f2f0558a86aaea21963be393ae865f48	d__Eukaryota; p__Cercozoa; c__Vampyrellidae; o__Vampyrellidae; f__Vampyrellidae; g__Vampyrellidae; s__Platyreta_germanica	0.998911671
91cceceee74c7aa07fb88987be01b6aa	d__Eukaryota; p__Cercozoa; c__Imbricatea; o__Imbricatea; f__Euglyphida; g__Trinema	0.936309402
b939f2a47ad833b131bf9efbbd7170b7	d__Eukaryota; p__Ascomycota; c__Dothideomycetes; o__Pleosporales	0.940275443
655adae8e0fb89339a6b4570f478fd60	d__Eukaryota; p__Cercozoa; c__Cercomonadidae; o__Cercomonadidae; f__Cercomonadidae; g__Cercomonas	0.999971008
31d210e61ccbf3d89ec513051cb0e16d	d__Eukaryota; p__Phragmoplastophyta; c__Embryophyta; o__Magnoliophyta; f__Magnoliophyta; g__Magnoliophyta	0.996595733
b86ce35b8f295ba116df834ff56c39ab	d__Eukaryota; p__Chlorophyta; c__Chlorophyceae; o__Chlorophyceae; f__Chlorophyceae; g__Chlorophyceae	0.94032665
e191bd391b32f386e8bc5102030ebe11	d__Eukaryota; p__Amoebozoa; c__Tubulinea; o__Arcellinida; f__Arcellinida; g__Arcellinida; s__metagenome	1
b3f1ca1a44271ae30ff9b9528538c077	d__Eukaryota; p__Diatomea; c__Bacillariophyceae; o__Bacillariophyceae; f__Bacillariophyceae	0.833195169
02c7d2e09aece65374ea62061a71f1a5	d__Eukaryota; p__Basidiomycota; c__Microbotryomycetes	0.999999889
1af6851af17ac9c273095a79f4eaa56d	d__Eukaryota; p__Chlorophyta; c__Chlorophyceae; o__Chlorophyceae; f__Chlorophyceae; g__Chlorophyceae; s__Bracteacoccus_sp.	0.972030232
4fbcb5def3329e42ecd3e84c176b32b6	d__Eukaryota; p__Ciliophora; c__Intramacronucleata; o__Conthreep; f__Colpodea; g__Colpoda; s__metagenome	0.854421228
9bc9e8fa642a5089776343449900e647	d__Eukaryota; p__Ochrophyta; c__Chrysophyceae; o__Chromulinales; f__Chromulinales; g__Spumella; s__Spumella_sp.	0.707252957
47d3551fea4db220fd267dd9ffb0fb1b	d__Eukaryota; p__Cercozoa; c__Cercomonadidae; o__Cercomonadidae; f__Cercomonadidae; g__Cercomonas	0.999758185
902863a07050ef6c63896cd3f08bc432	d__Eukaryota; p__Ascomycota; c__Leotiomycetes	0.947294077
4b5249a753c64c91a73de8e3270607cc	d__Eukaryota; p__Ciliophora; c__Intramacronucleata; o__Conthreep; f__Colpodea	0.999990054
3f5a310deba811affd9ee6d648022df5	d__Eukaryota; p__Ciliophora; c__Intramacronucleata; o__Conthreep; f__Colpodea; g__Colpoda; s__metagenome	0.998515152
ccbb0bb476edb3ea938dde2d6b6a33ff	d__Eukaryota; p__Nematozoa; c__Chromadorea; o__Tylenchida; f__Tylenchida; g__Tylenchida; s__Subanguina_radicicola	0.971020295
c14c5c6efef865d6ae18e17da7ce31a5	d__Eukaryota; p__Chlorophyta; c__Chlorophyceae; o__Chlorophyceae; f__Chlorophyceae; g__Chlorophyceae; s__uncultured_Chlamydomonadales	0.999999888
a5517ebe4b6b318976231e69d2f2e856	d__Eukaryota; p__Gracilipodida; c__Gracilipodida; o__Gracilipodida; f__Gracilipodida; g__Gracilipodida; s__soil_amoeba	0.73779512
b5310090e10db174c7c8cde5f6fc030e	d__Eukaryota; p__Ochrophyta; c__Raphidophyceae; o__Chattonellales; f__Chattonellales	0.747621588
8d320c21f0d36b58f444a8777ae47eca	d__Eukaryota; p__Mucoromycota; c__Glomeromycetes; o__Glomerales	0.978910248
28f845afb2a23f14231985f7b93458c0	d__Eukaryota; p__Chlorophyta; c__Chlorophyceae; o__Chlorophyceae; f__Chlorophyceae; g__Chlorophyceae; s__Chloromonas_augustae	0.948684192
9b043dc5c9f52bd1b78d22765e440aa1	d__Eukaryota; p__Protalveolata; c__Colpodellida; o__Colpodellida; f__Colpodellida; g__Colpodella	0.996343918
bd36bdc659956ca0c3995fd749c8821b	d__Eukaryota; p__Heterolobosea; c__Tetramitia; o__Tetramitia; f__Tetramitia; g__Vahlkampfia; s__Vahlkampfia_avara	0.999991699
3a3255b9bdaa84050799aac63156123f	d__Eukaryota; p__Cercozoa; c__Cercomonadidae; o__Cercomonadidae; f__Cercomonadidae; g__uncultured; s__metagenome	0.99999997
2a5f60f3f33f39e4a81f8f5509ec9de3	d__Eukaryota; p__LKM15; c__LKM15; o__LKM15; f__LKM15; g__LKM15	0.739449293
b6fb864e11341fbb3703c809fb1d6117	d__Eukaryota; p__Chlorophyta; c__Chlorophyceae; o__Chlorophyceae; f__Chlorophyceae; g__Chlorophyceae; s__uncultured_Dunaliellaceae	0.987821996
1802d01ee530afc86defb1d6d925853c	d__Eukaryota; p__Ochrophyta; c__Xanthophyceae; o__Mischococcales; f__Mischococcales; g__Chlorellidium; s__Chlorellidium_tetrabotrys	0.986567477
066076daee7aefc7f67327d46ee98527	d__Eukaryota; p__Chlorophyta; c__Chlorophyceae; o__Chlorophyceae; f__Chlorophyceae; g__Chlorophyceae	0.990149462
be60401f5849685537089d08d30afe52	d__Eukaryota; p__Ascomycota; c__Eurotiomycetes; o__Chaetothyriales; f__Herpotrichiellaceae	0.983207769
0b47f89728c9e360a26b4666596a278f	d__Eukaryota; p__Mucoromycota; c__Incertae_Sedis; o__Mortierellales; f__Mortierellaceae; g__Mortierella	0.999145481
6e6ee3c7a6f154e21622ad8bb5e14abc	d__Eukaryota; p__Ciliophora; c__Intramacronucleata; o__Conthreep; f__Colpodea; g__Bryometopus	0.741377302
c355e61a5ac6c81861e85410ea34f527	d__Eukaryota	1
7d126b862e22c0e16ccbcb8564ec5afa	d__Eukaryota; p__Nematozoa; c__Chromadorea; o__Monhysterida; f__Monhysterida; g__Monhysterida; s__metagenome	0.999999325
131da53df13652a2c8904f355a708bd4	d__Eukaryota; p__Microsporidia; c__Microsporidia; o__Microsporidia; f__Microsporidia; g__Microsporidia; s__Lanatospora_costata	0.999982351
2a3ff21f312cf403bd2c3c02b21b4b72	d__Eukaryota; p__Ascomycota; c__Leotiomycetes; o__Leotiomycetes; f__Leotiomycetes; g__Leotiomycetes; s__unidentified	0.918010082
95cfc7f1050f42a325923efae6881c76	d__Eukaryota; p__Cercozoa; c__Phytomyxea; o__Phytomyxea; f__Phytomyxea; g__Polymyxa	0.935753751
f17bd832ecdb9fa8154444e066b9ce47	d__Eukaryota; p__Ochrophyta; c__Xanthophyceae	0.999938448
97d9991ac89bef4cd9677d36cedd0a81	d__Eukaryota; p__Chlorophyta; c__Chlorophyceae; o__Chlorophyceae; f__Chlorophyceae; g__Chlorophyceae	0.999259026
acd9cff4e3a7243ba699b96f14371837	d__Eukaryota; p__Cercozoa; c__Thecofilosea; o__Incertae_Sedis; f__Incertae_Sedis; g__Pseudodifflugia; s__Pseudodifflugia_cf.	0.942110677
80dffde3f1a28c2db0b67167666f471a	d__Eukaryota; p__Cercozoa; c__Imbricatea; o__Imbricatea; f__Euglyphida; g__Trinema	0.909059574
c048f6ba8745902a5c19a44f5ab5d06b	d__Eukaryota; p__Cercozoa; c__Imbricatea; o__Imbricatea; f__Euglyphida; g__Trinema	0.774137252
02a962a70c48d8b50ec913b72c823b03	d__Eukaryota; p__Chlorophyta; c__Trebouxiophyceae; o__Trebouxiophyceae; f__Trebouxiophyceae; g__Trebouxiophyceae; s__Muriella_terrestris	0.996759283
921ab35811abf90517f44244f7668557	d__Eukaryota; p__Phragmoplastophyta; c__Embryophyta; o__Magnoliophyta; f__Magnoliophyta; g__Magnoliophyta	0.997047057
0e4fe1adc2aad28e44e3148c21fe741e	d__Eukaryota; p__Cercozoa; c__Imbricatea; o__Spongomonadida; f__Spongomonadida; g__Spongomonas; s__metagenome	0.985581908
4d5d52b62896b67d978c7d1380c01ee9	d__Eukaryota; p__Ascomycota; c__Dothideomycetes; o__Capnodiales; f__Mycosphaerellaceae	0.73797166
8f61217b5d54b30872e4f6b2851093ec	d__Eukaryota; p__Mucoromycota; c__Incertae_Sedis; o__Mortierellales; f__Mortierellaceae; g__Mortierella	0.991987672
2bc7e1b3cb0a7b1500bca515bd3bacf2	d__Eukaryota; p__Ascomycota; c__Pezizomycetes; o__Pezizales; f__Tuberaceae; g__Tuber; s__Tuber_melanosporum	0.936790432
48844557c032597115d2cd3211c02bf6	d__Eukaryota; p__Ochrophyta; c__Xanthophyceae; o__Tribonematales; f__Tribonematales	0.702204578
a5b51b72696056cfbbd1c9a53e33dcff	d__Eukaryota; p__Nematozoa; c__Enoplea; o__Dorylaimia; f__Dorylaimida; g__Dorylaimida	0.909129915
07126a48f9704a8c7da27a7fd2c8c4ce	d__Eukaryota; p__Basidiomycota; c__Agaricomycetes; o__Agaricales	0.853441159
1ae09037f4500ac4686dcc19bd5ff0b2	d__Eukaryota; p__Chlorophyta; c__Trebouxiophyceae; o__Trebouxiophyceae; f__Trebouxiophyceae; g__Trebouxiophyceae	1
aeab1de74c7d82f3a3a0acb8599723af	d__Eukaryota; p__LKM15; c__LKM15; o__LKM15; f__LKM15; g__LKM15; s__uncultured_eukaryote	0.956962111
0a262aaac98863af92ba4bfc8dc146c6	d__Eukaryota; p__Chlorophyta; c__Trebouxiophyceae; o__Trebouxiophyceae; f__Trebouxiophyceae; g__Trebouxiophyceae; s__Chloroidium_ellipsoideum	0.867626688
2546954aaf0dfbec9c8552a27e6ff18f	d__Eukaryota; p__Ochrophyta; c__Xanthophyceae; o__Mischococcales; f__Mischococcales; g__Chlorellidium; s__Chlorellidium_tetrabotrys	0.994610746
34c451f2290ea1d6b62f3122d28e2bf4	d__Eukaryota; p__Amoebozoa; c__Amoebozoa; o__Amoebozoa; f__Amoebozoa; g__Amoebozoa; s__metagenome	0.75395359
33921ae13416054d70fa8f87490d09cc	d__Eukaryota; p__Basidiomycota; c__Agaricomycetes; o__Geastrales; f__Geastraceae; g__Geastrum; s__Geastrum_saccatum	0.918851569
e6f9d94efc98cd2ecd2866074063a1af	d__Eukaryota; p__Ascomycota; c__Leotiomycetes; o__Helotiales; f__Helotiaceae; g__Meliniomyces; s__Hyaloscypha_variabilis	0.72199589
e88bcc907d663ffb6caa901b700ecfd4	d__Eukaryota; p__Incertae_Sedis; c__Incertae_Sedis; o__Incertae_Sedis; f__Incertae_Sedis; g__Arboramoeba; s__metagenome	0.966400296
7c0a264713848d6384fcab7f5372c791	d__Eukaryota	1
67c31047ef79d5fc4ac0224cb5f01367	d__Eukaryota; p__Cercozoa; c__Thecofilosea; o__Thecofilosea; f__Thecofilosea; g__uncultured; s__metagenome	0.978390105
349d4d88cedc52115814582505ab0d18	d__Eukaryota; p__Phragmoplastophyta; c__Embryophyta; o__Magnoliophyta; f__Magnoliophyta; g__Magnoliophyta	0.802973117
4cc75ad48e1d305479644c1a8706429f	d__Eukaryota; p__Phragmoplastophyta; c__Embryophyta; o__Magnoliophyta; f__Magnoliophyta; g__Magnoliophyta	0.993885959
6e1bf6a5194cca1a8ce1577ef76b403f	d__Eukaryota; p__Ascomycota; c__Dothideomycetes; o__Pleosporales	0.994163741
52a2291e1ac70d134248567d4c6f1def	d__Eukaryota; p__SAR; c__Labyrinthulomycetes; o__Labyrinthulomycetes; f__Labyrinthulomycetes; g__Sorodiplophrys; s__metagenome	0.999982865
d378d970d1ba3d641ecab49218103833	d__Eukaryota; p__Basidiomycota; c__Agaricomycetes	0.999830259
5501750a1a611cd1f1529af267b32cbe	d__Eukaryota	1
9e78fffacdf523731ce45935ca474827	d__Eukaryota; p__Ascomycota	0.999759233
c6a8b17c3d6ed3d7a72dcc85389b6f17	d__Eukaryota; p__SAR; c__Labyrinthulomycetes; o__Labyrinthulomycetes; f__Labyrinthulomycetes; g__Sorodiplophrys; s__Sorodiplophrys_stercorea	0.99994736
c68fcfcfd2144ff0b0b7068f055c48d4	d__Eukaryota; p__Ascomycota; c__Dothideomycetes; o__Pleosporales	0.999786983
1c4de30d61e3f870985431e20707b7ec	d__Eukaryota; p__Holozoa; c__Ichthyosporea; o__Pseudoperkinsidae; f__Pseudoperkinsidae; g__Anurofeca; s__Anurofeca_richardsi	0.740414209
b9a8157ae609bf81fa314defb41de257	d__Eukaryota; p__Ascomycota; c__Dothideomycetes; o__Pleosporales	0.986772719
141b5b32876d7fb307ae9cbb41826e79	d__Eukaryota; p__Chlorophyta; c__Chlorophyceae; o__Chlorophyceae; f__Chlorophyceae; g__Chlorophyceae	0.984813964
338fd977718dd2ec22b29396b9c4a551	d__Eukaryota; p__Chlorophyta; c__Trebouxiophyceae; o__Trebouxiophyceae; f__Trebouxiophyceae; g__Trebouxiophyceae	0.743011511
673fdb16a49f1d50a0ca8bdbcd4a8767	d__Eukaryota; p__Ochrophyta; c__Xanthophyceae; o__Tribonematales; f__Tribonematales	0.703312098
364dbba516fe934216384478d2edfc33	d__Eukaryota; p__Apicomplexa; c__Conoidasida; o__Gregarinasina; f__Eugregarinorida	0.999999955
2553493d6f23ef0a0d9ef41005ac631a	d__Eukaryota; p__Cercozoa; c__Thecofilosea; o__Thecofilosea; f__Thecofilosea; g__uncultured; s__metagenome	0.939148515
ce7229ca4ffcc92d87b0fc1916adc7cf	d__Eukaryota; p__Aphelidea; c__Aphelidea; o__Aphelidea; f__Aphelidea; g__uncultured; s__uncultured_fungus	0.955700846
1b9f2bb837d9aa431588fdb2c234abe5	d__Eukaryota; p__Chytridiomycota; c__Chytridiomycetes; o__Spizellomycetales; f__Olpidiaceae; g__Olpidium; s__Olpidium_brassicae	0.879565062
0b35d23789571387199a7f9c3a9a30e8	d__Eukaryota; p__Phragmoplastophyta; c__Embryophyta; o__Magnoliophyta; f__Magnoliophyta; g__Magnoliophyta	0.991178193
33419fa3ed68ddceb185f255c98e4b40	d__Eukaryota; p__Ascomycota; c__Pezizomycetes; o__Pezizales; f__Ascodesmidaceae; g__Cephaliophora	0.827475764
c1dac9f7e87458dd1cf94de9bd4337d6	d__Eukaryota; p__Chlorophyta; c__Chlorophyceae; o__Chlorophyceae; f__Chlorophyceae; g__Chlorophyceae; s__Tetracystis_pampae	0.924828706
f80b31b974fe41dd9335f194eeb7f8ea	d__Eukaryota; p__Ochrophyta; c__Xanthophyceae; o__Mischococcales; f__Mischococcales; g__Mischococcales; s__Botrydiopsis_sp.	0.798616431
7dfa9deb21654f61dda023ed70c062df	d__Eukaryota; p__Chlorophyta; c__Trebouxiophyceae; o__Trebouxiophyceae; f__Trebouxiophyceae; g__Trebouxiophyceae; s__Nannochloris_sp.	0.97831846
f66faf70fac8c3143f068741dcb718b3	d__Eukaryota; p__Ciliophora; c__Intramacronucleata; o__Conthreep; f__Colpodea; g__Colpoda; s__metagenome	0.911234288
f3f45084edffa66aee53fdf65d1e3e25	d__Eukaryota; p__Chytridiomycota; c__Chytridiomycetes; o__Spizellomycetales; f__Olpidiaceae; g__Olpidium; s__Olpidium_brassicae	0.999994442
733b42bf98d99cdd58a7d6798816ec84	d__Eukaryota; p__Cryptomycota; c__LKM11; o__LKM11; f__LKM11; g__LKM11; s__uncultured_eukaryote	0.99577625
28c6906aa127b86af9b19fa5c33a9800	d__Eukaryota; p__Basidiomycota; c__Cystobasidiomycetes; o__Incertae_Sedis; f__Incertae_Sedis; g__Sakaguchia; s__Sakaguchia_lamellibrachiae	0.937314098
67f4c1aa801c8e8fd48717f37b9fdf12	d__Eukaryota; p__Cercozoa; c__Incertae_Sedis; o__Incertae_Sedis; f__Incertae_Sedis; g__Gymnophrys; s__Athalamea_environmental	0.993880357
2ac68422109f76b7ddbb621b4e0599f9	d__Eukaryota; p__Peronosporomycetes; c__Peronosporomycetes; o__Peronosporomycetes; f__Peronosporomycetes	0.999835473
2ddfaf5de8f1bf701a9b72654c6de337	d__Eukaryota; p__Chlorophyta; c__Chlorophyceae; o__Chlorophyceae; f__Chlorophyceae; g__Chlorophyceae	0.999634268
8c43d1003171d7202cedcd92013add82	d__Eukaryota; p__Ciliophora; c__Intramacronucleata; o__Conthreep; f__Colpodea; g__Platyophrya; s__metagenome	0.942784484
3ad98b57a5d27797fa4b6a2fd432ef48	d__Eukaryota; p__Protalveolata; c__Colpodellida; o__Colpodellida; f__Colpodellida; g__Colpodella; s__Colpodella_edax	0.925113969
32654b43e19596382a46728889f657d7	d__Eukaryota; p__Nematozoa; c__Chromadorea; o__Tylenchida; f__Tylenchida; g__Tylenchida	0.999975638
1921df052dbc60cb3993fa304b37189f	d__Eukaryota	1
6248caa3cc1fe012e49d0b89f4cd562a	d__Eukaryota; p__Mucoromycota; c__Incertae_Sedis; o__Mortierellales; f__Mortierellaceae; g__Mortierella; s__Mortierella_sp.	0.999999019
afb9cb7f52ae59ad6bbef48370524aca	d__Eukaryota; p__Cercozoa; c__Cercomonadidae; o__Cercomonadidae; f__Cercomonadidae; g__Paracercomonas; s__Paracercomonas_sp.	0.975844169
493c4ba1f0e394962998e16c10a5212f	d__Eukaryota	1
57b7822b3208360eef5a4bae21b7000c	d__Eukaryota; p__Cryptomycota; c__LKM11; o__LKM11; f__LKM11; g__LKM11; s__invertebrate_environmental	0.994482959
23095de174d43b3efe66673b822685cc	d__Eukaryota; p__Cryptomycota; c__Incertae_Sedis; o__Incertae_Sedis; f__Incertae_Sedis; g__Paramicrosporidium; s__uncultured_eukaryote	0.999991921
e3e611970f46f386e443bf03abca9f82	d__Eukaryota; p__Ciliophora; c__Intramacronucleata; o__Conthreep; f__Colpodea; g__Platyophrya; s__metagenome	0.921555494
53b51438fa2936bea74172e621cf9a43	d__Eukaryota; p__Cryptophyceae; c__Cryptophyceae; o__Cryptomonadales; f__Cryptomonadales; g__Cryptomonas; s__Vorticella_sp.	0.975090181
065c83586b065c9769e13460fd5bf8e6	d__Eukaryota; p__Phragmoplastophyta; c__Embryophyta; o__Magnoliophyta; f__Magnoliophyta; g__Magnoliophyta	0.98860982
b3fdd2e5ece3a5943d7bccbf3e5b0dab	d__Eukaryota; p__Basidiomycota; c__Agaricomycetes; o__Agaricales; f__Marasmiaceae; g__Marasmiaceae; s__uncultured_fungus	0.950755296
a0b0c99579e4a84d6344dc3440c95cbc	d__Eukaryota; p__Zoopagomycota; c__Incertae_Sedis; o__Zoopagales; f__Zoopagales; g__Acaulopage; s__Acaulopage_dichotoma	1
d1aff90492af30a6f64cbcded08f4123	d__Eukaryota; p__Chlorophyta; c__Chlorophyceae; o__Chlorophyceae; f__Chlorophyceae; g__Chlorophyceae	0.999873829
807f6fb3716be2519ee2039b18e93ec3	d__Eukaryota; p__Ascomycota; c__Leotiomycetes	0.872632974
8d8322fef121e0c13d88c24a2aa45e0f	d__Eukaryota; p__Chytridiomycota; c__Chytridiomycetes; o__Rhizophydiales	0.907179636
adf524d6939b9b57dbd26dd82dd7d920	d__Eukaryota; p__Basidiomycota; c__Tremellomycetes; o__Tremellales; f__Trimorphomycetaceae; g__Saitozyma; s__Saitozyma_flava	0.986589856
4a09e7527670565143d59d2a642fa9df	d__Eukaryota; p__Nucleariidae_and_Fonticula_group; c__Nucleariidae_and_Fonticula_group; o__Nucleariidae_and_Fonticula_group; f__Nucleariidae; g__Nuclearia; s__metagenome	0.999955974
29fd6ba07a6795dd75bed60643b2bcd1	d__Eukaryota	0.999999999
7bc5d792efeed75aaa0e5607b42c1fb4	d__Eukaryota; p__Cercozoa; c__Imbricatea; o__Imbricatea; f__Euglyphida; g__Trinema	0.84398094
8e364dba0641366e2a0be13c4392e1f3	d__Eukaryota; p__Ciliophora; c__Intramacronucleata; o__Conthreep; f__Colpodea; g__Colpoda; s__metagenome	0.82481588
48bb3b58bfc382a4d819a5a41ef82262	d__Eukaryota; p__Ascomycota	0.854652479
df1bb85c3d78f656ca4d54bc189db51d	d__Eukaryota; p__SAR; c__Labyrinthulomycetes; o__Labyrinthulomycetes; f__Labyrinthulomycetes; g__Sorodiplophrys; s__Sorodiplophrys_stercorea	0.999492095
08ca58365cb5a523bcb83a0ef1e4d7bf	d__Eukaryota; p__Chytridiomycota; c__Chytridiomycetes; o__Spizellomycetales; f__Olpidiaceae; g__Olpidium; s__Olpidium_brassicae	0.825310333
6fa043ac0096862ca308ade62a713215	d__Eukaryota; p__SAR; c__Labyrinthulomycetes; o__Labyrinthulomycetes; f__Labyrinthulomycetes; g__Sorodiplophrys; s__Sorodiplophrys_stercorea	0.998573628
f64556c73c4fb230f5be7c5bf66dbba3	d__Eukaryota; p__Cercozoa; c__Cercomonadidae; o__Cercomonadidae; f__Cercomonadidae; g__uncultured; s__Cercomonas_sp.	0.993827701
29a6d816fb940aaa93cad521e4e53d7a	d__Eukaryota	1
79a15145d5f4cd5fe95b0410fc39b507	d__Eukaryota; p__Ciliophora; c__Intramacronucleata; o__Conthreep; f__Colpodea; g__Pseudoplatyophrya; s__Pseudoplatyophrya_nana	0.99369971
52cf763bd00e776b1865cb45cf31712e	d__Eukaryota; p__Ciliophora; c__Intramacronucleata; o__Spirotrichea; f__Hypotrichia	0.999989216
ac170c2713e2b881b908104ef27c9245	d__Eukaryota; p__Cryptomycota; c__LKM11; o__LKM11; f__LKM11; g__LKM11	0.870779896
72dcac7499a45323c075ede287ab1b94	d__Eukaryota; p__Cryptomycota; c__Incertae_Sedis; o__Incertae_Sedis; f__Incertae_Sedis; g__Paramicrosporidium; s__uncultured_eukaryote	0.999980481
f9705f1a2b046a1e31a9d4370a965832	d__Eukaryota; p__Basidiomycota; c__Agaricomycetes; o__Agaricales; f__Marasmiaceae; g__Marasmiaceae; s__uncultured_fungus	0.934871734
79d99288ded836bfd2aa16b4aea8e3be	d__Eukaryota; p__Bicosoecida; c__Bicosoecida; o__Bicosoecida; f__Bicosoecida; g__Bicosoeca; s__metagenome	0.999989563
eb1e5c8a3faf645e0494adfb61f632fe	d__Eukaryota; p__Ascomycota; c__Dothideomycetes; o__Incertae_Sedis; f__Incertae_Sedis; g__Heliocephala	0.911478335
b86aa6089c77f5f5c22fee2119619d1a	d__Eukaryota; p__Ciliophora; c__Intramacronucleata; o__Conthreep; f__Colpodea	0.999999951
ea5ebbb1f28222b912d984c42e4333c2	d__Eukaryota; p__Cercozoa; c__Cercomonadidae; o__Cercomonadidae; f__Cercomonadidae; g__uncultured; s__metagenome	0.99999999
f55a602088c682624725c86eb8fe1391	d__Eukaryota	0.999999964
c99d0a8f10f26c241531a6541b7d189e	d__Eukaryota; p__Basidiomycota; c__Agaricomycetes	0.825522854
5a47d2e8faea291a09f0d1bb5db71943	d__Eukaryota	0.999984875
7eca7d503afd3b4de035b894752bdc89	d__Eukaryota; p__Amoebozoa; c__Tubulinea; o__Leptomyxida; f__Leptomyxida; g__Leptomyxida; s__metagenome	0.871797429
28f72d786e820c5a7fdc0e6f167200b7	d__Eukaryota; p__Cercozoa; c__Imbricatea; o__Imbricatea; f__Euglyphida; g__Paulinella; s__Paulinella_chromatophora	0.96522364
dd728ea043d56cf698d0f7c7f90dccb5	d__Eukaryota; p__LKM15; c__LKM15; o__LKM15; f__LKM15; g__LKM15	0.999919546
e95ccd6873157a09b21f06c98e5983d2	d__Eukaryota	1
2e09b392ecbea12cc8c2fe1c4d1e5adb	d__Eukaryota; p__Ciliophora; c__Intramacronucleata; o__Conthreep; f__Colpodea; g__Pseudoplatyophrya; s__Pseudoplatyophrya_nana	0.771297253
d978459a9e0abf74b4a6456ddaabad01	d__Eukaryota; p__Ciliophora; c__Intramacronucleata; o__Conthreep; f__Colpodea; g__Colpoda; s__metagenome	0.858008731
9042fd1d05124b8ef90e823e128cbc06	d__Eukaryota; p__Nematozoa; c__Chromadorea; o__Tylenchida; f__Tylenchida; g__Tylenchida	0.999999994
68aa0d567cb2b37218a7fb21e605f484	d__Eukaryota; p__Peronosporomycetes; c__Peronosporomycetes; o__Peronosporomycetes; f__Peronosporomycetes	0.999967646
1a3971ca231bdf5047b8ee8a1711ca81	d__Eukaryota; p__Ascomycota; c__Dothideomycetes; o__Capnodiales	0.998453382
622391678a1433c3a6301918fc83cc51	d__Eukaryota; p__Basidiomycota; c__Agaricomycetes; o__Gomphales; f__Gomphaceae; g__Clavariadelphus; s__Clavariadelphus_pistillaris	0.707844153
20625bf4daf01f34b26e65feaa8333fe	d__Eukaryota; p__Ochrophyta; c__Raphidophyceae; o__Chattonellales; f__Chattonellales	0.829394624
b2b343656d1d6585cb0f1d3d6e4f6db9	d__Eukaryota	0.999999967
808150e3520e47d045220e3fd7f3609d	d__Eukaryota; p__Cercozoa; c__Cercomonadidae; o__Cercomonadidae; f__Cercomonadidae; g__uncultured; s__metagenome	0.999999904
789d86281e9e66870615499795e3d347	d__Eukaryota; p__Gracilipodida; c__Gracilipodida; o__Gracilipodida; f__Gracilipodida; g__Flamella; s__Macrotyloma_uniflorum	0.99999818
57a30c15a6a0cb686c7df62b2d72f837	d__Eukaryota; p__Ciliophora; c__Intramacronucleata; o__Conthreep; f__Colpodea; g__uncultured; s__metagenome	0.911157443
2bbc3446d71f31533fb88f79ce3e169e	d__Eukaryota; p__Phragmoplastophyta; c__Embryophyta; o__Magnoliophyta; f__Magnoliophyta; g__Magnoliophyta	0.994441516
bb0c93999b857e8a756e0f3e6b9fa91c	d__Eukaryota; p__Cercozoa; c__Cercomonadidae; o__Cercomonadidae; f__Cercomonadidae; g__uncultured; s__metagenome	0.979923703
fed7362f3b6b31605db8fca2818f2002	d__Eukaryota; p__Cercozoa; c__Cercomonadidae; o__Cercomonadidae; f__Cercomonadidae	0.999216433
659c420c87f66b94807dd1334bac9c25	d__Eukaryota; p__Cryptomycota; c__LKM11; o__LKM11; f__LKM11; g__LKM11	0.796011476
204a11cbe066df3eed1557ecdd7a179c	d__Eukaryota; p__Ascomycota; c__Dothideomycetes; o__Pleosporales; f__Didymellaceae; g__Neoascochyta; s__Neoascochyta_exitialis	0.934593409
afb38477aedad5ed8ae90a350012facb	d__Eukaryota; p__Dinoflagellata; c__Dinophyceae	0.851317387
bab9b80dc28bc5ae6e4fd64387a9dd8b	d__Eukaryota; p__Chytridiomycota; c__Chytridiomycetes; o__Rhizophydiales; f__Kappamycetaceae; g__Kappamycetaceae; s__uncultured_Chytridiomycota	0.706073252
c23efdcdbcc848eb53bbfd2b9c276ae2	d__Eukaryota; p__Cryptomycota; c__LKM11; o__LKM11; f__LKM11; g__LKM11	0.999999767
a322dd5be809c21c94c5a9efd414f8d9	d__Eukaryota; p__Cercozoa; c__Glissomonadida; o__Glissomonadida; f__Glissomonadida; g__Proleptomonas; s__Proleptomonas_faecicola	0.711445473
5d4355c68df9d9cb864b45fe3a173c80	d__Eukaryota; p__Ciliophora; c__Intramacronucleata; o__Conthreep; f__Colpodea; g__Platyophrya; s__metagenome	0.974000403
fa167a9735f3a1779ceab2eda01c9ef1	d__Eukaryota; p__Cercozoa; c__Thecofilosea; o__Thecofilosea; f__Thecofilosea; g__Thecofilosea; s__metagenome	0.891138729
71aa6cb8047c70a1141e8d7d4a22b56c	d__Eukaryota; p__Ascomycota; c__Eurotiomycetes; o__Chaetothyriales; f__Herpotrichiellaceae	0.987390667
d4882a50bac9514c6cb09a1c99be7658	d__Eukaryota; p__Protalveolata; c__Perkinsidae; o__A31; f__A31; g__A31; s__uncultured_alveolate	0.999836831
987988dba8e94e18e08f97bd13bfdb0d	d__Eukaryota; p__Holozoa; c__Choanoflagellida; o__Craspedida; f__Salpingoecidae; g__Salpingoeca	0.910700414
c0d3c5fc06bef67224fa332bc1fcf4e0	d__Eukaryota; p__Amoebozoa; c__Tubulinea; o__Euamoebida; f__Euamoebida; g__Hartmannella; s__Nolandella_sp.	0.997290185
73b806afd27fc5e359524292ba91e6aa	d__Eukaryota; p__Cercozoa; c__Incertae_Sedis; o__Incertae_Sedis; f__Incertae_Sedis; g__Kraken; s__metagenome	1
ed18c3d39ec3afe2dd8c132fffaf7a68	d__Eukaryota; p__LKM15; c__LKM15; o__LKM15; f__LKM15; g__LKM15; s__uncultured_eukaryote	0.992548104
7f409c484151e0c0910a2f72daefc1df	d__Eukaryota; p__Nematozoa; c__Enoplea; o__Dorylaimia; f__Trichocephalida; g__Trichocephalida; s__Aonchotheca_paranalis	0.999999625
ffe2dbbb4a4da2ca7ca04dcd12d002e2	d__Eukaryota; p__Ascomycota; c__Dothideomycetes; o__Capnodiales	0.93043749
1dcb5a38b85ef1bd0d3d2f6424784f56	d__Eukaryota; p__Ascomycota	0.999794341
96ae08c6f78bb15c364c05564149cbfa	d__Eukaryota	1
3bbdad7cc1ce57d0b33e211b8db3aefb	d__Eukaryota; p__Chlorophyta	0.999358674
4b72314d8741142c2f3bf7c68502081f	d__Eukaryota; p__Cercozoa; c__Imbricatea; o__Imbricatea; f__Euglyphida; g__Trinema	0.994618299
69a2d5094fea9a8433e7aa9296907c38	d__Eukaryota; p__Cercozoa; c__Glissomonadida; o__Glissomonadida; f__Glissomonadida; g__Glissomonadida; s__metagenome	0.915168405
0c8dadc218a2947e6ef909c2b77d8af1	d__Eukaryota; p__Ascomycota; c__Dothideomycetes	0.859645911
64c1893a3fffba512b69ea869aa30e04	d__Eukaryota; p__Cercozoa; c__Cercomonadidae; o__Cercomonadidae; f__Cercomonadidae; g__Cercomonadidae; s__Eocercomonas_perecta	0.923847824
5179d3f770ed508b7704412f469d2742	d__Eukaryota; p__Rotifera; c__Monogononta; o__Ploimida; f__Ploimida; g__Ploimida	0.939715048
4528ecac19fa764f28a05282deb2e2c5	d__Eukaryota; p__Basidiomycota	0.998441959
44fb412b3316db0ced1a5f1267bae445	d__Eukaryota; p__Diatomea; c__Bacillariophyceae; o__Bacillariophyceae; f__Bacillariophyceae	0.999946677
84469e071d889e958ab4331276dadede	d__Eukaryota; p__Ascomycota; c__uncultured; o__uncultured; f__uncultured; g__uncultured; s__metagenome	0.729215796
87feb654e8e63ae990932010d4deb096	d__Eukaryota	1
43622ee4d0714b929e1c165648859d84	d__Eukaryota; p__Chytridiomycota; c__Chytridiomycetes; o__Spizellomycetales; f__Olpidiaceae; g__Olpidium; s__Olpidium_brassicae	0.997138964
f68a760c98570ab4088158b66e834336	d__Eukaryota; p__Chytridiomycota; c__Chytridiomycetes; o__Lobulomycetales; f__Lobulomycetaceae	0.909691784
c47f756419def0db49b24fc257f33499	d__Eukaryota; p__Holozoa; c__Ichthyosporea; o__Pseudoperkinsidae; f__Pseudoperkinsidae; g__Anurofeca	0.807064399
fe21d94cd687722fc196395927baebc2	d__Eukaryota; p__Cercozoa; c__Imbricatea; o__Imbricatea; f__Euglyphida; g__uncultured; s__metagenome	0.99998386
d74a12627b5114b09a3ed3e4bcc8717b	d__Eukaryota; p__Apicomplexa; c__Conoidasida; o__Gregarinasina; f__Eugregarinorida; g__Monocystis; s__Monocystis_agilis	0.799855804
56a3897cbdca103294b15675efc2b5ba	d__Eukaryota; p__Mucoromycota	0.709439879
dcde1e9f72e6625abfc545fbda0bcc0c	d__Eukaryota; p__Diatomea; c__Bacillariophyceae; o__Bacillariophyceae; f__Bacillariophyceae; g__Fistulifera; s__Fistulifera_pelliculosa	0.998792934
14ac4c9789ea1dfc6bc89c9886cb889e	d__Eukaryota	1
2410faec33fdb06aa05b5c1b48dc58f7	d__Eukaryota; p__SAR; c__Labyrinthulomycetes; o__Labyrinthulomycetes; f__Labyrinthulomycetes; g__Sorodiplophrys; s__metagenome	0.999502592
d99598be69c25710d8d881dbfd44ab50	d__Eukaryota; p__Amoebozoa; c__Tubulinea; o__Euamoebida; f__Euamoebida; g__Hartmannella; s__Nolandella_sp.	0.972145019
cfdbbfc4ef165512a8a8a163e710057e	d__Eukaryota; p__Cercozoa	0.994862112
52133790c322ca4946636f8539f1f91a	d__Eukaryota; p__Chlorophyta; c__Trebouxiophyceae; o__Trebouxiophyceae; f__Trebouxiophyceae; g__Trebouxiophyceae	0.7337818
9314bcebdbca9217369c3cc539039021	d__Eukaryota	0.999999991
5ea19976471085c1efb3d5866711abbf	d__Eukaryota; p__Ochrophyta; c__Xanthophyceae; o__Mischococcales; f__Mischococcales; g__Chlorellidium; s__Chlorellidium_tetrabotrys	0.989187092
c5b3dc6ffadd4a1930e1a881572d691d	d__Eukaryota; p__Chlorophyta; c__Trebouxiophyceae; o__Trebouxiophyceae; f__Trebouxiophyceae; g__Trebouxiophyceae	0.746026231
8ab1521b05897b3f5842129ffdcefa9b	d__Eukaryota; p__Nematozoa; c__Enoplea; o__Dorylaimia; f__Dorylaimida; g__Dorylaimida	0.992286366
261720ebf27a85b1b0174371d4b91e7d	d__Eukaryota; p__Aphelidea; c__Aphelidea; o__Aphelidea; f__Aphelidea	0.992050746
b9b259c174dc26a50ec05f2c3204891a	d__Eukaryota; p__Ciliophora; c__Intramacronucleata; o__Conthreep; f__Phyllopharyngea; g__Phascolodon; s__Phascolodon_vorticella	0.88146031
76abff74c7533385f7d74a660035e665	d__Eukaryota	1
64f80aa7f156395cf29f4f24f60f5c2f	d__Eukaryota	1
ab9014e2a63132a94cc6340cceea9143	d__Eukaryota; p__Cercozoa; c__Cercomonadidae; o__Cercomonadidae; f__Cercomonadidae; g__uncultured; s__uncultured_Eimeriidae	0.999344039
1cb946cb02036394e00ec41b14f42848	d__Eukaryota; p__Cercozoa; c__Imbricatea; o__Spongomonadida; f__Spongomonadida; g__Spongomonas; s__metagenome	0.99946173
120adf1580bb4bfe992c58eb0cd6c62f	d__Eukaryota; p__Chytridiomycota; c__Chytridiomycetes; o__Rhizophydiales	0.794949402
e87690a9fc44a18cd948e7d5d532077c	d__Eukaryota; p__Ascomycota; c__Dothideomycetes	0.757377391
cfa9858f49531436e630da15fb3e22dd	d__Eukaryota; p__Ascomycota; c__Dothideomycetes; o__Pleosporales; f__Incertae_Sedis; g__uncultured; s__uncultured_marine	0.895394907
58b0b678077066c9c0184c39c4d1348e	d__Eukaryota; p__Cryptomycota; c__LKM11; o__LKM11; f__LKM11; g__LKM11	0.999999593
e9e3b2533b1aed5baff534bdb07e1b12	d__Eukaryota; p__Cercozoa; c__Cercomonadidae; o__Cercomonadidae; f__Cercomonadidae; g__uncultured; s__metagenome	0.953535639
65764834a3c07070a276ecfe798752cf	d__Eukaryota; p__Ascomycota; c__Dothideomycetes; o__Capnodiales	0.931573001
08670c9a429b59d6702d8e3b11dc4e61	d__Eukaryota	1
e0d8fb6d856a524c6632651dfe72c08d	d__Eukaryota; p__Gracilipodida; c__Gracilipodida; o__Gracilipodida; f__Gracilipodida; g__Filamoeba; s__Filamoeba_sp.	0.937102978
0c69a5f60344a12fb370450ddbd6f16d	d__Eukaryota; p__Diatomea; c__Bacillariophyceae; o__Bacillariophyceae; f__Bacillariophyceae	0.826583145
273f24400e88f1de5f71814bbea0ecb2	d__Eukaryota; p__Cercozoa	0.999006652
42b991d8ba339005770a0ebfca9237f3	d__Eukaryota; p__SAR; c__Labyrinthulomycetes; o__Labyrinthulomycetes; f__Labyrinthulomycetes; g__Sorodiplophrys; s__metagenome	0.729768678
cf7988f3304bb1bac776cfb67ea19468	d__Eukaryota; p__Ascomycota; c__Pezizomycetes; o__Pezizales; f__Pyronemataceae	0.773477791
540597b67627a94ebc8ef8795c063c7c	d__Eukaryota; p__Chytridiomycota; c__Chytridiomycetes; o__Rhizophydiales; f__uncultured; g__uncultured; s__uncultured_fungus	0.971500016
3b9a4db7038494080550d7fb87a2be5d	d__Eukaryota; p__Ciliophora; c__Intramacronucleata; o__Litostomatea	0.999999975
a62afd58b746faf5e82d6b0c923893b4	d__Eukaryota; p__Ciliophora; c__Intramacronucleata; o__Litostomatea; f__Haptoria; g__Arcuospathidium; s__metagenome	0.9020996
57efabc85d0f654524e93bf54f461511	d__Eukaryota; p__Apicomplexa; c__Conoidasida; o__Gregarinasina; f__Eugregarinorida; g__Eugregarinorida; s__Apicomplexa_sp.	0.999999734
3161e6ead39399fdb886273dcc64a923	d__Eukaryota; p__Apicomplexa; c__Conoidasida; o__Cryptosporida; f__Cryptosporida; g__Cryptosporidium; s__Colpodella_tetrahymenae	0.895235339
662d7ce713f5d9f9c7fdc808c2032795	d__Eukaryota; p__Basidiomycota; c__Cystobasidiomycetes; o__Incertae_Sedis; f__Incertae_Sedis	0.753694823
d2f33684a6180fa1ffe4ecac3d4edb3b	d__Eukaryota; p__Amoebozoa; c__Amoebozoa; o__Amoebozoa; f__Amoebozoa; g__Amoebozoa; s__metagenome	0.998962479
c12f54cdbdc3b0ed30a6bc761382c028	d__Eukaryota; p__Cercozoa; c__Cercomonadidae; o__Cercomonadidae; f__Cercomonadidae	0.99991462
c0ca9cc5ab3c43125cb8837c0c80a296	d__Eukaryota; p__Mucoromycota; c__Glomeromycetes; o__Glomerales; f__uncultured; g__uncultured; s__metagenome	0.879156604
6301d8c912a14e25f75ff94de49bd790	d__Eukaryota; p__Mucoromycota; c__Glomeromycetes; o__Glomerales; f__uncultured; g__uncultured; s__uncultured_fungus	0.832018297
a84bd48d81af01fdeb1c53b1efe30cd2	d__Eukaryota; p__Gracilipodida; c__Gracilipodida; o__Gracilipodida; f__Gracilipodida; g__Flamella; s__uncultured_marine	0.808304701
f20812fdff473854f7519143e0e2e471	d__Eukaryota; p__Cercozoa; c__Incertae_Sedis; o__Incertae_Sedis; f__Incertae_Sedis; g__Gymnophrys; s__Athalamea_environmental	0.9950466
117270f569c0d1c1b396db298d10421c	d__Eukaryota; p__Aphelidea; c__Aphelidea; o__Aphelidea; f__Aphelidea; g__uncultured	0.945412551
0069ffb813fec531302ae96c4dbcdd46	d__Eukaryota; p__Cryptomycota; c__LKM11; o__LKM11; f__LKM11; g__LKM11; s__uncultured_fungus	0.753086417
933463838fa8876d81411ea0ea2ebedf	d__Eukaryota; p__Basidiomycota; c__Agaricomycetes; o__Agaricales	0.931738361
af5cdf627eb5d51df9d4d0e49c25ca59	d__Eukaryota; p__Gracilipodida; c__Gracilipodida; o__Gracilipodida; f__Gracilipodida; g__Flamella; s__uncultured_marine	0.809664785
172ae3a63358771221261539e0cbd81e	d__Eukaryota; p__Cercozoa; c__Glissomonadida; o__Glissomonadida; f__Glissomonadida; g__uncultured; s__metagenome	0.999999974
ff393e496eed75594e1616ed62aa64cd	d__Eukaryota	0.999999999
cde9afa442703ecf62fd7a861e36f487	d__Eukaryota; p__Basidiomycota; c__Exobasidiomycetes; o__Microstromatales	0.854945469
23f519298dee326e2cd0bb264a28fd84	d__Eukaryota; p__LKM15; c__LKM15; o__LKM15; f__LKM15; g__LKM15; s__uncultured_eukaryote	0.981103755
2208e5eaa7b150e57a83b374dbe46b60	d__Eukaryota; p__Ciliophora; c__Intramacronucleata; o__Conthreep; f__Oligohymenophorea; g__Homalogastra	0.997377748
fac77c2b52691cd25d1fe6a619ebf599	d__Eukaryota; p__Blastocladiomycota; c__Blastocladiomycetes; o__Blastocladiales; f__Blastocladiales	0.97940405
0c56e12f7891685ba50eac3cd9fbd269	d__Eukaryota; p__Ochrophyta; c__Xanthophyceae; o__Mischococcales; f__Mischococcales; g__Mischococcales; s__Botrydiopsis_sp.	0.921636427
798be302c6ed364f767d0656e262ae2e	d__Eukaryota; p__Annelida; c__Clitellata; o__Haplotaxida; f__Haplotaxida; g__Haplotaxida	0.950346676
733e18e77e832b3c60c9b367c3d0f4c6	d__Eukaryota	1
76e6d673f2f8ba194fc54a3dd2e76966	d__Eukaryota; p__Amoebozoa; c__Tubulinea; o__Tubulinea; f__Tubulinea; g__Tubulinea; s__Tubulinea_group	1
c42922bfb5aaee134729d7884ddc5982	d__Eukaryota; p__Amoebozoa; c__Discosea; o__Vannellida; f__Vannellida; g__Protosteliopsis; s__Vannella_sp.	0.945681813
9b8c479e87008e89bda01669c118e82e	d__Eukaryota; p__Cercozoa; c__Cercomonadidae; o__Cercomonadidae; f__Cercomonadidae; g__uncultured; s__metagenome	0.999999978
a4352cc7bd9be75f8ddb62ef9e625520	d__Eukaryota; p__Amoebozoa; c__Discosea; o__Centramoebida; f__Centramoebida; g__Acanthamoeba; s__Acanthamoeba_sp.	0.999869945
17b59acad61ead6e67abea88e2690ca5	d__Eukaryota; p__Ciliophora; c__Intramacronucleata; o__Conthreep; f__Colpodea; g__Bromeliothrix; s__Corchorus_olitorius	0.936533222
c2552e2016ef4b90cc10f90fefe77f6e	d__Eukaryota; p__Basidiomycota; c__Agaricomycetes; o__Agaricales	0.966307171
a9f8d2fedb66c7b61ce54133ebc4bd1c	d__Eukaryota; p__Cercozoa; c__Thecofilosea; o__Thecofilosea; f__Thecofilosea; g__uncultured; s__metagenome	0.988937176
167d806382a2aacf0ed6fdcf2f634b0d	d__Eukaryota; p__Chlorophyta; c__Trebouxiophyceae; o__Trebouxiophyceae; f__Trebouxiophyceae; g__Trebouxiophyceae	0.879107792
1fbabe0a63bc1c83d935e51ea8a13213	d__Eukaryota; p__Chlorophyta; c__Chlorophyceae; o__Chlorophyceae; f__Chlorophyceae; g__Chlorophyceae	0.946516813
b37b3796cafd6c80c9e1b2a14fa7f04b	d__Eukaryota; p__Cercozoa; c__uncultured; o__uncultured; f__uncultured; g__uncultured; s__metagenome	0.733459174
380d8c27c6eff9a0f723b8ce2b86ba03	d__Eukaryota; p__Ciliophora; c__Intramacronucleata; o__Conthreep; f__Oligohymenophorea	0.999307746
5091c933a389acbe378ce1d3bdce0b2a	d__Eukaryota; p__Mucoromycota; c__Glomeromycetes; o__Glomerales; f__uncultured; g__uncultured; s__Glomus_mycorrhizal	0.71751096
ed5cf1b665e316393dc3250d1d94e3d5	d__Eukaryota; p__Ciliophora; c__Intramacronucleata; o__Conthreep; f__Colpodea; g__Colpoda; s__metagenome	0.994599474
000d61f024683135b60f28e294f1c70d	d__Eukaryota; p__Annelida; c__Clitellata; o__Haplotaxida; f__Haplotaxida; g__Haplotaxida; s__Enchytraeus_sp.	0.822192139
9e92108af00f34ce301b809a4aecd88b	d__Eukaryota; p__Mucoromycota; c__Glomeromycetes; o__Glomerales; f__Glomeraceae; g__Rhizophagus; s__Rhizophagus_intraradices	0.990111778
a9df569ea4d65389ed8eaa8e93c83803	d__Eukaryota; p__Ciliophora; c__Intramacronucleata; o__Conthreep; f__Colpodea; g__Colpoda; s__metagenome	0.896213563
0fd3b269c2928729e9628c87f47f15c0	d__Eukaryota; p__Ochrophyta; c__Xanthophyceae	0.999999831
19c8c3a8feae14b8416effecd0a34f32	d__Eukaryota; p__SAR; c__Labyrinthulomycetes; o__Labyrinthulomycetes; f__Labyrinthulomycetes; g__Sorodiplophrys; s__Sorodiplophrys_stercorea	0.996208861
2e26b4d2c944a1e762ebc369ce0c4b02	d__Eukaryota; p__Ciliophora; c__Intramacronucleata; o__Conthreep; f__Oligohymenophorea	1
0ea1b36c54ab334cdde989475448b96c	d__Eukaryota; p__Cryptomycota; c__LKM11; o__LKM11; f__LKM11; g__LKM11	0.999989799
287af1d4af49ad3b75aa1f7e07cbd5e6	d__Eukaryota; p__Cercozoa; c__Incertae_Sedis; o__Incertae_Sedis; f__Incertae_Sedis; g__Gymnophrys	0.800240223
6261f47fd9f58c6ef1ba15b26b9f4b27	d__Eukaryota; p__Ciliophora; c__Intramacronucleata; o__Conthreep; f__Colpodea; g__Platyophrya; s__metagenome	0.964665467
735bf0ca0b398050efa53c94ab47e171	d__Eukaryota; p__Heterolobosea; c__Tetramitia; o__Tetramitia; f__Tetramitia; g__Allovahlkampfia; s__Allovahlkampfia_sp.	0.944095111
f10833fe2d88c21f3041e08fa1473172	d__Eukaryota; p__Ciliophora; c__Intramacronucleata; o__Litostomatea; f__Haptoria; g__Arcuospathidium; s__metagenome	0.938628321
364dc3766a53b59a4b178eeb9d1dae3d	d__Eukaryota; p__Basidiomycota; c__Agaricomycetes	0.96528496
1a8b6965cb6cad6a15fd3d4b5004f5cc	d__Eukaryota; p__Ascomycota	0.997407318
2bc50f9f87d7b1394b4a2659fa2c721b	d__Eukaryota; p__Nematozoa; c__Enoplea; o__Dorylaimia; f__Dorylaimida; g__Dorylaimida	0.80948078
bfcf4404aedc50e5999ccc56825f635e	d__Eukaryota; p__Ciliophora; c__Intramacronucleata; o__Conthreep; f__Colpodea	0.999446287
e45987730b7111772dfd2d29b962bfd9	d__Eukaryota	1
b90b36ae4f44fa967812abe28c554a4d	d__Eukaryota; p__Cercozoa; c__Thecofilosea; o__Incertae_Sedis; f__Incertae_Sedis; g__Lecythium; s__uncultured_eukaryote	0.99972531
601f2371c4fab090da003be10b883ece	d__Eukaryota; p__Amoebozoa; c__Tubulinea; o__Arcellinida; f__Arcellinida; g__Arcellinida; s__metagenome	1
8f281c6fb7f7d698e63cb75c42862f96	d__Eukaryota; p__Chlorophyta; c__Trebouxiophyceae; o__Trebouxiophyceae; f__Trebouxiophyceae; g__Trebouxiophyceae; s__[Myrmecia]_bisecta	0.999750903
c94b926c2bc36c4bb81361b749890740	d__Eukaryota; p__Chlorophyta; c__Trebouxiophyceae; o__Trebouxiophyceae; f__Trebouxiophyceae; g__Trebouxiophyceae; s__Chloroidium_ellipsoideum	0.887528215
fdbaced79dc4a2ad032a1fbaa3b1711c	d__Eukaryota	0.999999999
e713b46658831b4df7cd2a64d9116c60	d__Eukaryota; p__Nematozoa; c__Chromadorea; o__Tylenchida; f__Tylenchida; g__Tylenchida; s__Subanguina_radicicola	0.84412501
cf9f2eadb146064f7a8f9998469614c8	d__Eukaryota; p__Ochrophyta; c__Chrysophyceae; o__Chrysophyceae; f__Chrysophyceae; g__Chrysophyceae; s__marine_metagenome	0.951666211
720d0d0b4121997ae4c71477cc434e53	d__Eukaryota; p__Cercozoa; c__Thecofilosea; o__Incertae_Sedis; f__Incertae_Sedis; g__Pseudodifflugia; s__Pseudodifflugia_cf.	0.942363669
3bf2a4ffcf1376a0b3e2e553bb5f1758	d__Eukaryota; p__Phragmoplastophyta; c__Embryophyta; o__Magnoliophyta; f__Magnoliophyta; g__Magnoliophyta	0.982813241
7e99ba1c5ae7922e99b523988ef7bf07	d__Eukaryota; p__Phragmoplastophyta; c__Embryophyta; o__Magnoliophyta; f__Magnoliophyta; g__Magnoliophyta	0.973491523
6c20d66d0798b1a643d5850f0da534a2	d__Eukaryota	1
abdc1ef9bb493554420e8925bd2bfce2	d__Eukaryota; p__Phragmoplastophyta; c__Embryophyta; o__Magnoliophyta; f__Magnoliophyta; g__Magnoliophyta	0.976842513
8dc63e3b7e4d6a5ced01944c23a7ad8a	d__Eukaryota; p__Cercozoa; c__Imbricatea; o__Imbricatea; f__Euglyphida; g__Trinema	0.999938021
72414ba5ef4c231c64a3951791bec61c	d__Eukaryota; p__Nucleariidae_and_Fonticula_group; c__Nucleariidae_and_Fonticula_group; o__Nucleariidae_and_Fonticula_group; f__Nucleariidae; g__Nuclearia; s__metagenome	1
ef75607252e05ef1bc94b3381030d8b0	d__Eukaryota; p__Ciliophora; c__Intramacronucleata; o__Conthreep; f__Colpodea; g__Bryometopus	0.821954383
0eed59011d71defc9c94580bbff77924	d__Eukaryota; p__Cercozoa; c__Cercomonadidae; o__Cercomonadidae; f__Cercomonadidae; g__uncultured; s__uncultured_Eimeriidae	0.999999975
cd92ef8922ceb46e6a4db23b6f84475c	d__Eukaryota	1
fbee8a29e264703aa23050da6dd8501b	d__Eukaryota; p__Nematozoa; c__Chromadorea; o__Araeolaimida; f__Araeolaimida; g__Araeolaimida; s__Cylindrolaimus_sp.	0.999999924
2fab9e6c5ab6596dbd634ffea67968f7	d__Eukaryota; p__Amoebozoa; c__Discosea; o__Vannellida; f__Vannellida; g__Vannella	0.999982986
b882663cb97cdc972c6682825ca61a74	d__Eukaryota; p__Gracilipodida; c__Gracilipodida; o__Gracilipodida; f__Gracilipodida; g__Telaepolella; s__Telaepolella_sp.	0.966307539
a1b0beef47c1912696c1432a07adf128	d__Eukaryota; p__Ciliophora; c__Intramacronucleata; o__Conthreep; f__Colpodea; g__Colpoda; s__metagenome	0.937575619
244a821f10d85e4dd9f86853a2b6fce3	d__Eukaryota; p__Cercozoa; c__Cercomonadidae; o__Cercomonadidae; f__Cercomonadidae; g__uncultured; s__metagenome	0.966730242
611fee7fe7f22de357ea8f08e7f268c3	d__Eukaryota; p__Amoebozoa; c__Amoebozoa; o__Amoebozoa; f__Amoebozoa; g__Amoebozoa; s__metagenome	0.894736557
e1265690c6ab6a9a068eab82f419fbbf	d__Eukaryota; p__SAR; c__Labyrinthulomycetes; o__Labyrinthulomycetes; f__Labyrinthulomycetes; g__Sorodiplophrys; s__metagenome	0.998360972
eb82f5ce234d3fd53343b7a83f60e34c	d__Eukaryota; p__LKM15; c__LKM15; o__LKM15; f__LKM15; g__LKM15; s__metagenome	0.885439938
eced0d54d59bf0ade8636c3b9a02817a	d__Eukaryota; p__Ascomycota; c__Leotiomycetes; o__Helotiales; f__Incertae_Sedis; g__Tetracladium; s__Helotiales_sp.	0.99992957
b3fb1f7aa729df04e93fa3e56e4e33c1	d__Eukaryota; p__Amoebozoa; c__Tubulinea; o__Euamoebida; f__Euamoebida; g__Hartmannella; s__Nolandella_sp.	0.901724132
74e23c4d43246b07def1809a60a4d01c	d__Eukaryota; p__Chytridiomycota	0.757230016
393a54a0e5c933fc270b5d28fa6b5532	d__Eukaryota; p__Ciliophora; c__Intramacronucleata; o__Spirotrichea; f__Hypotrichia; g__Hypotrichia; s__Anteholosticha_monilata	0.744966131
d7caa4c064058c1687e7dceb9b92c2c8	d__Eukaryota; p__Cercozoa	0.999710417
d5667dbfb1750e931bd4e77e099bc157	d__Eukaryota; p__Heterolobosea; c__Tetramitia; o__Tetramitia; f__Tetramitia; g__Allovahlkampfia; s__Allovahlkampfia_sp.	0.929662613
7f435fc6d23cd314cd7085b462db75c0	d__Eukaryota	1
483ce1f9e06a771193fcc63d26384326	d__Eukaryota; p__Cavosteliida; c__Cavosteliida; o__Cavosteliida; f__Cavosteliida; g__Cavosteliida; s__Gephyramoeba_sp.	0.999910704
c9cb32d624d41d03bba6eb435d486e7b	d__Eukaryota; p__Chlorophyta; c__Chlorophyceae; o__Chlorophyceae; f__Chlorophyceae; g__Chlorophyceae	0.993367828
217ee5f6b641ea18ae26fd289e351ad1	d__Eukaryota; p__Chlorophyta	0.998519545
4858a2f93910f12ddfc781e341bcc8fa	d__Eukaryota; p__Chytridiomycota; c__Chytridiomycetes; o__Spizellomycetales; f__Olpidiaceae; g__Olpidium; s__Olpidium_brassicae	0.997145322
174678a658b148513cb503cc71bc781a	d__Eukaryota	1
124ef0b6fe63e3aff20d51fbc2d8d9b0	d__Eukaryota	0.999999995
acff339ea0abfc1ea98edd80c70506f0	d__Eukaryota; p__Cercozoa	0.787623847
7511b3219cd360e17f5545da767e1127	d__Eukaryota; p__Ciliophora; c__Intramacronucleata; o__Spirotrichea; f__Hypotrichia; g__Bistichella; s__Orthamphisiella_breviseries	0.785994614
cf38f44d9a1ce094474577ac5b55b8a4	d__Eukaryota; p__Ciliophora; c__Intramacronucleata; o__Litostomatea; f__Haptoria; g__Arcuospathidium; s__Trachelophyllum_sp.	0.96228363
250bac256e85cc4b713cfd61bb7335a0	d__Eukaryota; p__Ascomycota; c__Pezizomycetes; o__Pezizales; f__Pyronemataceae; g__Marcelleina; s__Marcelleina_persoonii	0.99954214
6ca510a91e4e73ff51907f9f16e54997	d__Eukaryota; p__Mucoromycota; c__Glomeromycetes; o__Glomerales; f__uncultured; g__uncultured	0.989793395
11fabd03f749fd776dc69df94cbdb875	d__Eukaryota; p__Ochrophyta; c__Xanthophyceae; o__Tribonematales; f__Tribonematales; g__Xanthonema; s__Xanthonema_sessile	0.867915227
732bb371ff5426f01cf2f9f81fcfa7a0	d__Eukaryota; p__Cercozoa; c__Phytomyxea; o__Phytomyxea; f__Phytomyxea; g__uncultured; s__Spongospora_subterranea	0.9650047
27ac7f211fbc50837a7d93f7ce253ae0	d__Eukaryota; p__Ciliophora; c__Intramacronucleata; o__Litostomatea; f__Haptoria; g__Haptoria	0.839256747
179ae1728474815d941ec1f2d45c1774	d__Eukaryota; p__Ciliophora; c__Intramacronucleata; o__Conthreep; f__Colpodea; g__Platyophrya; s__metagenome	0.728584436
c74c2abd704b57e8caea796d14b016c5	d__Eukaryota; p__Apicomplexa; c__Conoidasida; o__Gregarinasina; f__Eugregarinorida; g__uncultured; s__uncultured_alveolate	0.999970699
3dec1b060621429e09cb9591f25fdf58	d__Eukaryota; p__Basidiomycota; c__Agaricomycetes	0.92164655
b9bc4da18e01a45761164fde9d6335a3	d__Eukaryota; p__Mucoromycota; c__Glomeromycetes; o__Glomerales; f__Claroideoglomeraceae; g__Claroideoglomus; s__metagenome	0.99999861
fe976b185d70548de4d61f8da3eac160	d__Eukaryota; p__SAR; c__Labyrinthulomycetes; o__Labyrinthulomycetes; f__Labyrinthulomycetes; g__Sorodiplophrys	0.999996563
1623e402b27e09556ee817f6a11892fb	d__Eukaryota; p__Nematozoa; c__Chromadorea; o__Tylenchida; f__Tylenchida; g__Tylenchida	0.999959367
c77f546a09c80661fa4ac473f5e73e76	d__Eukaryota; p__Ciliophora; c__Intramacronucleata; o__Conthreep; f__Colpodea; g__Microdiaphanosoma; s__Microdiaphanosoma_arcuatum	0.752899837
9cc3f00115f7ff09371a2b0ad385d122	d__Eukaryota; p__Diatomea; c__Bacillariophyceae; o__Bacillariophyceae; f__Bacillariophyceae	0.924804303
3ca25954faa49cef1ccfa5f0cbd8e121	d__Eukaryota	1
be0616ade3838c5168b5e85f1f4501b4	d__Eukaryota; p__Chytridiomycota; c__Chytridiomycetes; o__Rhizophydiales	0.85450002
152fcc4c2e6b6d04efe9d8636e933904	d__Eukaryota; p__Ascomycota; c__Leotiomycetes; o__Helotiales; f__Chaetomellaceae	0.988778971
893e1e8be0195a55d50d6e9f87a3ff3f	d__Eukaryota; p__Apicomplexa; c__Conoidasida; o__Gregarinasina; f__Eugregarinorida; g__uncultured; s__uncultured_alveolate	0.996384759
6e3dd539239fa779fd59a268c65cd25b	d__Eukaryota; p__Mucoromycota; c__Incertae_Sedis; o__Mortierellales; f__Mortierellaceae; g__Mortierella; s__Mortierella_sp.	0.999999986
838c52df31a272fcd41ed9ed8dbd0b41	d__Eukaryota; p__Basidiomycota; c__Agaricomycetes; o__Sebacinales; f__Sebacinaceae; g__Craterocolla; s__Craterocolla_cerasi	0.999783966
104a085820dc8ef8c5d8b9a2826998c7	d__Eukaryota	1
ac3290f134a69594551c0f9e4860cc79	d__Eukaryota; p__Ochrophyta; c__Chrysophyceae; o__Chromulinales; f__Chromulinales; g__Spumella; s__Spumella-like_flagellate	0.993975763
dcdbe0ff01609fd2f05778e468ed2519	d__Eukaryota; p__Rotifera; c__Monogononta; o__Ploimida; f__Ploimida; g__Ploimida; s__Synchaeta_tremula	0.937896581
c0ee48afd62eb62350b6657673bd305c	d__Eukaryota; p__Ascomycota; c__Dothideomycetes	0.951909407
d474c94516d8c03ce5cb0a22ad2aca6a	d__Eukaryota; p__Ochrophyta; c__Xanthophyceae; o__Mischococcales; f__Mischococcales; g__Chlorellidium; s__Chlorellidium_tetrabotrys	0.846461939
b3b4b41d6a973cc4d1c47a708b162157	d__Eukaryota; p__Basidiomycota; c__Pucciniomycetes; o__Pucciniomycetes; f__Platygloeaceae; g__Platygloea; s__Platygloea_disciformis	0.996794485
e7e13b9bf279e0e8c3f09e7e15d70b51	d__Eukaryota; p__Ochrophyta; c__Xanthophyceae; o__Mischococcales; f__Mischococcales	0.808257373
1992b3617c4650609022f95908f251f2	d__Eukaryota; p__Mucoromycota; c__Incertae_Sedis; o__Mortierellales; f__Mortierellaceae; g__Mortierella	0.99944291
78c1adbbae7af3af3ce4d591d0e0a712	d__Eukaryota; p__SAR; c__Labyrinthulomycetes; o__Labyrinthulomycetes; f__Labyrinthulomycetes; g__Sorodiplophrys; s__metagenome	0.999080146
3afb06fd815de179b8b272a372f6e773	d__Eukaryota; p__Cercozoa; c__uncultured; o__uncultured; f__uncultured; g__uncultured; s__uncultured_Cercozoa	0.953614196
0c6b898b3a853d58d79d0d246ee1a07c	d__Eukaryota; p__Chytridiomycota; c__Chytridiomycetes	0.704618826
3c52b0365efcf9f31fc46e4c4b1a3cee	d__Eukaryota; p__Ascomycota; c__Sordariomycetes; o__Hypocreales	0.831918026
68051f3eba0b751239823512b5d424d4	d__Eukaryota; p__SAR; c__Labyrinthulomycetes; o__Labyrinthulomycetes; f__Labyrinthulomycetes; g__Sorodiplophrys; s__metagenome	1
d6656533fa997526490a98db9452d334	d__Eukaryota; p__Nematozoa; c__Chromadorea; o__Chromadorida; f__Chromadorida; g__Chromadorida; s__Paracyatholaimus_intermedius	0.780242155
b24784e0772dc3222cb4f4344581161a	d__Eukaryota; p__Mucoromycota; c__Glomeromycetes; o__Glomerales; f__Glomeraceae	0.804431323
56b790c3fb65f66e9379fc10205db6fb	d__Eukaryota; p__Ciliophora; c__Intramacronucleata; o__Spirotrichea; f__Hypotrichia; g__Halteria; s__uncultured_alveolate	0.849528642
064d1d9ba07ad0690835f4a4ab6b9eb8	d__Eukaryota; p__Cercozoa; c__Cercomonadidae; o__Cercomonadidae; f__Cercomonadidae; g__Eocercomonas; s__Eocercomonas_sp.	0.999982171
541cedfba5318025210b4d2e78a80056	d__Eukaryota; p__Aphelidea; c__Aphelidea; o__Aphelidea; f__Aphelidea	0.990447148
809b04a1ae68d9388a867df3522d2cfd	d__Eukaryota; p__Basidiomycota; c__Malasseziomycetes; o__Malasseziales; f__Malasseziaceae; g__Malassezia; s__Malassezia_restricta	0.989261088
dacb69f9d893be4a92587063798fd122	d__Eukaryota	1
da1d143571fa8a1450941fc9fc2b1426	d__Eukaryota; p__Basidiomycota; c__Geminibasidiomycetes; o__Geminibasidiales; f__Geminibasidiaceae; g__Basidioascus; s__Basidioascus_undulatus	0.999512064
6f148e2a782f754b975cb563fc2f8b7f	d__Eukaryota; p__SAR; c__Labyrinthulomycetes; o__Labyrinthulomycetes; f__Labyrinthulomycetes; g__Sorodiplophrys	0.999999827
48406aaf73944f69f02c5ebec8125eda	d__Eukaryota; p__Chlorophyta; c__Chlorophyceae; o__Chlorophyceae; f__Chlorophyceae; g__Chlorophyceae	0.999867506
bc5fc93be3abec7fb73b128bc8bb26a6	d__Eukaryota; p__Cercozoa; c__Thecofilosea; o__Thecofilosea; f__Thecofilosea; g__uncultured; s__metagenome	0.999963069
c513c41e4a4af68b8265c42b53b49433	d__Eukaryota; p__Amoebozoa; c__Tubulinea; o__Arcellinida; f__Arcellinida; g__Arcellinida; s__metagenome	1
1c097c49b52329b49edb5ea09163f941	d__Eukaryota	0.999999748
7dc0e0054db20e9901c2dd62a26abaa0	d__Eukaryota; p__Amoebozoa; c__Tubulinea; o__Echinamoebida; f__Echinamoebida; g__Echinamoebida; s__metagenome	1
0af08b858f5ec078eee80164d0cdcb07	d__Eukaryota; p__Heterolobosea; c__Tetramitia; o__Tetramitia; f__Tetramitia	0.940637244
e9a1708e8a9cd184ea1c39f5229a04fc	d__Eukaryota; p__Ciliophora; c__Intramacronucleata; o__Litostomatea; f__Haptoria; g__Arcuospathidium; s__metagenome	0.703486245
72e876197a77d9dbe1d539702274a386	d__Eukaryota	1
63382479b5952fa5a7cee03f8a19cf37	d__Eukaryota; p__Cryptomycota; c__Incertae_Sedis; o__Incertae_Sedis; f__Incertae_Sedis; g__Paramicrosporidium; s__uncultured_eukaryote	0.999985573
e61cf12e1b6741b01ee2fbd28565e2d4	d__Eukaryota; p__Ochrophyta; c__Chrysophyceae; o__Chromulinales; f__Chromulinales; g__Spumella; s__Spumella_sp.	0.705561919
a6834459cbf7e2d43ee6708f61e72fb0	d__Eukaryota; p__Cercozoa; c__Imbricatea; o__Imbricatea; f__Imbricatea; g__Nudifila; s__metagenome	0.999999753
2c56e4c3fcba9697e769633c6b12c32e	d__Eukaryota; p__Amoebozoa; c__Tubulinea; o__Euamoebida; f__Euamoebida; g__Euamoebida; s__Amoeba_leningradensis	0.931744162
2c31554b85050b4c574afd1ea8d6856f	d__Eukaryota; p__Chlorophyta; c__Chlorophyceae; o__Chlorophyceae; f__Chlorophyceae; g__Chlorophyceae; s__Chlamydomonadaceae_sp.	0.982073984
65df3d96fa93a26a7680bec9828f7665	d__Eukaryota; p__SAR; c__Labyrinthulomycetes; o__Labyrinthulomycetes; f__Labyrinthulomycetes; g__Sorodiplophrys; s__Sorodiplophrys_stercorea	0.999938437
97649ca857dbcd6b9476c51281287568	d__Eukaryota; p__Ochrophyta; c__Chrysomerophyceae; o__Chrysomerophyceae; f__Chrysomerophyceae; g__Chrysomerophyceae; s__Antarctosaccion_applanatum	0.716228895
968e037d8c81833686535d1d77e50c14	d__Eukaryota; p__Phragmoplastophyta; c__Embryophyta	0.801119213
2d162b6ee49e4d6c88f2f6e74361fb62	d__Eukaryota; p__Mucoromycota; c__Glomeromycetes	0.71262022
716f76ea7b862a252a4e091050c31dca	d__Eukaryota; p__Mucoromycota; c__Incertae_Sedis; o__Mucorales; f__Mucoraceae; g__Mucor; s__Mucorales_sp.	0.79688918
17f87ac61dc3c50ce980480caa2395f2	d__Eukaryota; p__Chlorophyta; c__Chlorophyceae; o__Chlorophyceae; f__Chlorophyceae; g__Chlorophyceae	0.999711612
04e96463a2ab094d6347acf6a86d4984	d__Eukaryota; p__Cercozoa; c__Glissomonadida; o__Glissomonadida; f__Glissomonadida; g__uncultured; s__metagenome	0.999999977
b1c169d4ded82f5adbef416ac84ce68d	d__Eukaryota; p__Amoebozoa; c__Tubulinea; o__Euamoebida; f__Euamoebida; g__Hartmannella; s__Nolandella_sp.	0.854954086
07f920d977c8813ad2b29b03a4802334	d__Eukaryota; p__Ascomycota	0.996292647
eb902ec635c9870d4ae607a931dd8494	d__Eukaryota; p__Apicomplexa; c__Conoidasida; o__Gregarinasina; f__Eugregarinorida; g__Eugregarinorida; s__Apicomplexa_sp.	0.999997239
8663551a07cefb8ffe0a43a3552af88b	d__Eukaryota; p__Ascomycota; c__Dothideomycetes	0.855511409
b0ae6155618e58104b29c313db4d5506	d__Eukaryota; p__Peronosporomycetes; c__Peronosporomycetes; o__Peronosporomycetes; f__Peronosporomycetes	0.99999599
c93998e93d9be3e9c3c28d7b77ea4ad1	d__Eukaryota; p__SAR; c__Labyrinthulomycetes; o__Labyrinthulomycetes; f__Labyrinthulomycetes; g__Sorodiplophrys; s__Sorodiplophrys_stercorea	0.991535885
460e9ef17adae7a266e7a8a787c05b0e	d__Eukaryota; p__Ciliophora; c__Intramacronucleata; o__Conthreep; f__Colpodea; g__Platyophrya; s__metagenome	0.966265462
6fe78cade9b8c8943f036b26442f7124	d__Eukaryota; p__Amoebozoa; c__Amoebozoa; o__Amoebozoa; f__Amoebozoa; g__Amoebozoa; s__metagenome	0.997062905
53d01244b65325160e63d17bb058ea5f	d__Eukaryota; p__Mucoromycota; c__Glomeromycetes; o__Glomerales; f__Glomeraceae; g__Glomus; s__metagenome	0.999880428
1ff849a071f70b64be4ad287f95f059b	d__Eukaryota	1
ad9045eacc577e2b5cb6d566e05609bb	d__Eukaryota; p__Ascomycota; c__Pezizomycetes; o__Pezizales; f__Ascodesmidaceae; g__Cephaliophora; s__Cephaliophora_tropica	0.708051094
974017f57f5fe9f23bc3b6f6e267fcd7	d__Eukaryota; p__Phragmoplastophyta; c__Embryophyta; o__Magnoliophyta; f__Magnoliophyta; g__Magnoliophyta	0.9869339
88dae865cd6b0afdb2da54da9abbf30a	d__Eukaryota	1
5b18fcb2098918d93499069d3f0dfad9	d__Eukaryota; p__Ochrophyta; c__Chrysophyceae; o__Chromulinales; f__Chromulinales; g__JBNA46; s__uncultured_eukaryote	0.946669746
9a1e1dd27ff9af760395d0b61d459f69	d__Eukaryota; p__Peronosporomycetes; c__Peronosporomycetes; o__Peronosporomycetes; f__Peronosporomycetes; g__Pythium; s__Pythium_rostratum	0.999712453
295508abfb8b6fc7c8c70a1e306c332d	d__Eukaryota; p__Ascomycota; c__Pezizomycetes; o__Pezizales; f__Incertae_Sedis; g__Pulchromyces; s__Pulchromyces_fimicola	0.733746919
424dd73d106a6a0b0740ed127db59c2c	d__Eukaryota; p__Ochrophyta; c__Xanthophyceae; o__Mischococcales; f__Mischococcales	0.745708684
834cdd77c14a569415383ff222d10166	d__Eukaryota; p__Nematozoa; c__Enoplea; o__Dorylaimia	0.726161981
8aee3ab6aec91c2a56fce6503b3d6c67	d__Eukaryota	1
159b45298959271529aea4851e9f2b36	d__Eukaryota; p__Cryptomycota; c__LKM11; o__LKM11; f__LKM11; g__LKM11; s__uncultured_eukaryote	0.977466053
568ca897c248c3646a700c1570864e7e	d__Eukaryota; p__Mucoromycota; c__Glomeromycetes; o__Glomerales; f__uncultured; g__uncultured; s__metagenome	0.810162912
c2b5ed8e9ab71226736de6d62c17a005	d__Eukaryota; p__MAST-12; c__MAST-12C; o__MAST-12C; f__MAST-12C; g__MAST-12C; s__Stramenopile_sp.	0.880315038
3b5f4e1c5e331e78efa98790a4af9b2f	d__Eukaryota; p__Nematozoa; c__Chromadorea; o__Araeolaimida; f__Araeolaimida; g__Araeolaimida; s__Nematoda_environmental	0.796284642
8825a1fda80e711f428ddec346677510	d__Eukaryota; p__Ascomycota; c__uncultured; o__uncultured; f__uncultured; g__uncultured; s__metagenome	0.737565005
9ae22b9fdd8ac21dc8ffce9e849d6470	d__Eukaryota; p__Cercozoa; c__Incertae_Sedis; o__Incertae_Sedis; f__Incertae_Sedis; g__Kraken; s__metagenome	1
087b37639898d311a75ff439c7e90a5d	d__Eukaryota; p__Cercozoa; c__Glissomonadida; o__Glissomonadida; f__Glissomonadida	0.993160481
9a1156571fdc2a23f77f65843345971a	d__Eukaryota	1
cffabdf37574ca8e2a8f4ce5f64d2efd	d__Eukaryota; p__Gracilipodida; c__Gracilipodida; o__Gracilipodida; f__Gracilipodida; g__Flamella; s__Flamella_piscinae	0.986279238
95be67da51cc5e124555a7ff0a2abdc9	d__Eukaryota; p__Chlorophyta	0.969861758
8f1f09ea37eeb50260baaa38299c7582	d__Eukaryota; p__Diatomea; c__Bacillariophyceae; o__Bacillariophyceae; f__Bacillariophyceae	0.94760625
fd5724be70ba3e2f0301582dc99f8845	d__Eukaryota; p__Cercozoa; c__Imbricatea; o__Imbricatea; f__Euglyphida; g__Trinema	0.722880811
0a5b6e242c3900876bc21458e3caa10d	d__Eukaryota	1
d77d603b1dc68a8a962f32c4ef74af61	d__Eukaryota; p__Ciliophora; c__Intramacronucleata; o__Conthreep; f__Colpodea; g__Colpoda; s__metagenome	0.980930723
901122471cad7d8d0794bb7a95a7396d	d__Eukaryota; p__Cercozoa; c__Thecofilosea; o__Thecofilosea; f__Thecofilosea; g__uncultured; s__metagenome	0.99992034
e2f850f4b4e6529fd2d5d31f868e6dbe	d__Eukaryota; p__Cryptomycota; c__LKM11; o__LKM11; f__LKM11; g__LKM11; s__uncultured_eukaryote	0.913353134
32cf28efe0654adcc5ba59284bfb22d6	d__Eukaryota; p__Ciliophora; c__Intramacronucleata; o__Spirotrichea; f__Hypotrichia	0.888364815
a15819a089f0cd230840bf878361a2ca	d__Eukaryota; p__Phragmoplastophyta; c__Embryophyta; o__Magnoliophyta; f__Magnoliophyta; g__Magnoliophyta	0.970280442
4dc52079265c0978cc25a6e473ed7ec5	d__Eukaryota; p__Basidiomycota; c__Agaricomycetes; o__Agaricales	0.968076342
058c47caa1137d43a2dbae8a791a84ca	d__Eukaryota; p__Chytridiomycota; c__Chytridiomycetes; o__Rhizophydiales; f__uncultured; g__uncultured; s__uncultured_fungus	0.992870812
b9382945dadbd7ab6af49052c83a3eaf	d__Eukaryota; p__Diatomea; c__Bacillariophyceae; o__Bacillariophyceae; f__Bacillariophyceae	0.832684866
6f8a623b1bf4b84a289296f1fca5c96f	d__Eukaryota; p__Cercozoa; c__Imbricatea; o__Imbricatea; f__Thaumatomonadida	0.852656773
b916f736475187412893e1e4b0ddf0f6	d__Eukaryota; p__Cercozoa; c__Glissomonadida; o__Glissomonadida; f__Glissomonadida; g__Glissomonadida; s__metagenome	0.99913398
92279f97047e95ec8c1837d2f38a4891	d__Eukaryota; p__Amoebozoa; c__Tubulinea; o__Euamoebida; f__Euamoebida; g__Hartmannella; s__Nolandella_sp.	0.869145216
154e47f5b4bfc7e67a480d0b5b5b7adc	d__Eukaryota; p__Chlorophyta; c__Chlorophyceae; o__Chlorophyceae; f__Chlorophyceae; g__Chlorophyceae	0.991637009
048fbd10dab386ea2882e4b0dd0795e8	d__Eukaryota	1
ad4cccdd783687de75a199548e4e9ffa	d__Eukaryota; p__Ochrophyta	0.932818592
612e4efc6a7831d12b4840aa2b3c9a26	d__Eukaryota; p__Haptophyta; c__Haptophyta; o__Haptophyta; f__Haptophyta; g__Haptophyta; s__metagenome	0.919373472
451696ce14fd07e562f0d44a8c59cf69	d__Eukaryota; p__Ochrophyta; c__Xanthophyceae	0.999991145
b715ea1073714995f496255e88db282d	d__Eukaryota; p__Cercozoa; c__Imbricatea; o__Imbricatea; f__Imbricatea; g__Nudifila; s__metagenome	0.999999763
0679b758c7fc5c1eab561da955cd2ae3	d__Eukaryota; p__Cercozoa; c__Glissomonadida; o__Glissomonadida; f__Glissomonadida; g__uncultured; s__metagenome	0.999999985
3dc95afac04049c13f7631c6f6ea54ca	d__Eukaryota; p__Ascomycota; c__Dothideomycetes	0.981269541
a0f6dc04d4715e7d17a7a82f9ae3fe91	d__Eukaryota; p__Ciliophora; c__Intramacronucleata; o__Conthreep; f__Colpodea; g__Woodruffides; s__Woodruffides_metabolicus	0.997495108
83665163e03fc617ddd037cc0f5abd73	d__Eukaryota; p__Mucoromycota; c__Glomeromycetes; o__Glomerales; f__uncultured; g__uncultured; s__metagenome	0.790408889
5434354e44bb5874eb087b44cd7b465f	d__Eukaryota; p__Peronosporomycetes; c__Peronosporomycetes; o__Peronosporomycetes; f__Peronosporomycetes; g__Pythium; s__Oryza_sativa	0.9199537
e21ec7ae09fe10d13440ea8e7233bc63	d__Eukaryota; p__Amoebozoa; c__Discosea; o__Centramoebida; f__Centramoebida; g__Acanthamoeba; s__Acanthamoeba_sp.	0.967887513
5cd4b5c1e7428a637d55b3f11e49b5b0	d__Eukaryota; p__Cercozoa; c__Incertae_Sedis; o__Incertae_Sedis; f__Incertae_Sedis; g__Kraken; s__metagenome	1
8a5e9bb6e88d2c23a08eaecf4f51c76c	d__Eukaryota; p__Chytridiomycota; c__Chytridiomycetes; o__Rhizophydiales; f__uncultured; g__uncultured	0.757838737
d54e33d80b151bc93c637ac8ff544689	d__Eukaryota; p__SAR; c__Labyrinthulomycetes; o__Labyrinthulomycetes; f__Labyrinthulomycetes; g__Sorodiplophrys; s__metagenome	0.999134564
abf06492435e23526f5c87f1f2aeb860	d__Eukaryota; p__Ascomycota; c__Dothideomycetes; o__Pleosporales; f__Didymellaceae	0.815890029
ac974bed34c79ce91724a241ba382f33	d__Eukaryota; p__Cryptomycota; c__LKM11; o__LKM11; f__LKM11; g__LKM11; s__uncultured_fungus	0.836157883
62f32e4bdcf710b02d10ab1b4a9d4c2d	d__Eukaryota; p__Amoebozoa; c__Tubulinea; o__Euamoebida; f__Euamoebida; g__Hartmannella	0.9423821
951de36d5027b98a23a090113edb6040	d__Eukaryota; p__Amoebozoa; c__Tubulinea; o__Tubulinea; f__Tubulinea; g__Tubulinea; s__Tubulinea_group	1
124fb1d46cfc5968086b95293af608ca	d__Eukaryota; p__Ciliophora; c__Intramacronucleata; o__Spirotrichea; f__Hypotrichia; g__Hypotrichia	0.748231316
ef8be144992714787c0bb4e902083166	d__Eukaryota; p__SAR; c__Labyrinthulomycetes; o__Labyrinthulomycetes; f__Labyrinthulomycetes; g__Sorodiplophrys; s__metagenome	0.99837631
15f1c748b9d472aa5ddd89647ed5f40b	d__Eukaryota; p__Nematozoa; c__Chromadorea; o__Tylenchida; f__Tylenchida; g__Tylenchida; s__Hoplolaimus_columbus	0.780588326
50e1848014f0864521e968c42baae7f9	d__Eukaryota; p__Nematozoa; c__Chromadorea	0.999999788
dd6fb6fe0b3afd6ea3ed9b5c54564e0b	d__Eukaryota; p__Cercozoa; c__Imbricatea; o__Imbricatea; f__Euglyphida	0.963350251
407a1ef0f0f6aa48a5aeb645f3439340	d__Eukaryota; p__Cercozoa; c__Glissomonadida; o__Glissomonadida; f__Glissomonadida; g__Proleptomonas; s__Proleptomonas_faecicola	0.932979207
6c967f04167265386f083451372e77df	d__Eukaryota; p__SAR; c__Labyrinthulomycetes; o__Labyrinthulomycetes; f__Labyrinthulomycetes; g__Sorodiplophrys; s__Sorodiplophrys_stercorea	0.997064524
ed0bfdcb41b6a67a36ecddd5e24dc22b	d__Eukaryota; p__Cercozoa; c__Imbricatea; o__Imbricatea; f__Thaumatomonadida; g__Gyromitus; s__metagenome	0.978362533
499155d461ac68329d2fef80cd62232b	d__Eukaryota; p__Ascomycota; c__Pezizomycetes; o__Pezizales; f__Ascodesmidaceae; g__Cephaliophora	0.995122709
9476bcfc77911f1ab0559c1f0c0d3337	d__Eukaryota; p__Cercozoa; c__Phytomyxea; o__Phytomyxea; f__Phytomyxea; g__Spongospora; s__Spongospora_subterranea	1
948b212476d783c7b172dd6a51aa915a	d__Eukaryota; p__Cercozoa; c__Cercomonadidae; o__Cercomonadidae; f__Cercomonadidae; g__Paracercomonas; s__Paracercomonas_oxoniensis	0.922074033
d5ffd666df800b5edad98d8afbfa3480	d__Eukaryota; p__Peronosporomycetes; c__Peronosporomycetes; o__Peronosporomycetes; f__Peronosporomycetes; g__Pythium	0.999430557
aaa9e037d73940ace0f59745e18a5a6a	d__Eukaryota; p__Amoebozoa; c__Tubulinea; o__Euamoebida; f__Euamoebida; g__Hartmannella; s__Nolandella_sp.	0.705931836
cb2cb6ee0046a5bcb393d73efdae11f7	d__Eukaryota; p__Cercozoa; c__Imbricatea; o__Imbricatea; f__Thaumatomonadida; g__Gyromitus; s__metagenome	0.985195405
f102ab1ae368dbe442fe21c76d5e004b	d__Eukaryota; p__Cercozoa; c__Imbricatea; o__Imbricatea; f__Euglyphida; g__Trinema	0.999142701
f68c1b0ee94b91ca854b8415e5a8eb96	d__Eukaryota; p__Ciliophora; c__Intramacronucleata; o__Litostomatea; f__Haptoria; g__uncultured; s__Paraenchelys_terricola	0.963536189
7e02213690f9fc0e682ee8e18073127d	d__Eukaryota; p__Cercozoa; c__Imbricatea; o__Imbricatea; f__Euglyphida; g__Euglypha; s__Euglypha_filifera	0.998995913
098e20176757743a2b2c4f0a34f215c7	d__Eukaryota; p__Cercozoa; c__Imbricatea; o__Imbricatea; f__Euglyphida; g__Paulinella; s__Paulinella_chromatophora	0.965381443
10acf0781b22b862404cedbc0bc1ad6f	d__Eukaryota; p__Chlorophyta; c__Trebouxiophyceae; o__Trebouxiophyceae; f__Trebouxiophyceae; g__Trebouxiophyceae; s__Coccomyxa_subellipsoidea	0.833273008
e5e2c9251b709720a8388b483413f589	d__Eukaryota	1
c941653f496405ef09e6487c07c4dd2d	d__Eukaryota; p__Cercozoa; c__Imbricatea; o__Spongomonadida; f__Spongomonadida; g__Spongomonas; s__metagenome	0.999461708
cc9faabc1d36e5544b6af292c23e23be	d__Eukaryota	1
1669f9c2a63c570c6e0b1a9fa49191fa	d__Eukaryota; p__MAST-12; c__MAST-12C; o__MAST-12C; f__MAST-12C; g__MAST-12C	0.999903731
58b314e4fc9ac2397aec854b786efa90	d__Eukaryota; p__Cercozoa; c__Imbricatea; o__Imbricatea; f__Euglyphida	0.979563136
a82158df91941b4c95657b3c21e617b1	d__Eukaryota; p__Aphelidea; c__Aphelidea; o__Aphelidea; f__Aphelidea; g__Paraphelidium; s__uncultured_eukaryote	0.808693702
8230f8745c457f27d19f0dd7e95eb808	d__Eukaryota; p__Ciliophora; c__Intramacronucleata; o__Conthreep; f__Oligohymenophorea; g__Cothurnia; s__Vaginicola_sp.	0.998444185
b795b5adb5cee9e1828bdfb12def827d	d__Eukaryota; p__Schizoplasmodiida; c__Schizoplasmodiida; o__Schizoplasmodiida; f__Schizoplasmodiida; g__Phalansterium; s__Phalansterium_sp.	0.999329904
89f47b5b39150856868fc7a1b7f2dc9f	d__Eukaryota; p__Rotifera; c__Monogononta; o__Ploimida; f__Ploimida; g__Ploimida; s__uncultured_eukaryote	0.978047485
001f7be9c959f8572ab8d32247f7b3a6	d__Eukaryota; p__Ascomycota; c__Dothideomycetes	0.938430068
cbc2b6e1234d093333ee6f883b6f88fc	d__Eukaryota; p__Basidiomycota; c__Agaricomycetes; o__Sebacinales; f__Sebacinaceae; g__Craterocolla; s__Craterocolla_cerasi	0.995463256
baa8c9b7a28b52dccc47afbf9ce4b42b	d__Eukaryota; p__Ciliophora; c__Intramacronucleata; o__Conthreep; f__Nassophorea; g__Nassophorea; s__Pseudomicrothorax_dubius	0.999997889
83e7be53db281841b740849acc0e5568	d__Eukaryota; p__Incertae_Sedis; c__Incertae_Sedis; o__Incertae_Sedis; f__Incertae_Sedis; g__Arboramoeba; s__metagenome	0.972483854
b7fe5de3576a79202608c7f3e509ca3d	d__Eukaryota; p__Gracilipodida; c__Gracilipodida; o__Gracilipodida; f__Gracilipodida; g__Filamoeba; s__Filamoeba_sp.	0.923085594
b135f2be30af157b8ef87e8debf8edac	d__Eukaryota; p__Ochrophyta; c__Xanthophyceae; o__Tribonematales; f__Tribonematales	0.77889566
c5399be8102f2d5638cd294eb6c9e8ca	d__Eukaryota; p__Cryptomycota; c__LKM11; o__LKM11; f__LKM11; g__LKM11	0.993458695
a3f1714033fb2682e533bd6f6789f5cd	d__Eukaryota; p__Centrohelida; c__Centrohelida; o__Centrohelida; f__Acanthocystidae; g__Pterocystis; s__metagenome	0.936856629
b17393c4208c87f946187cea99716c1a	d__Eukaryota; p__Ochrophyta; c__Xanthophyceae; o__Tribonematales; f__Tribonematales; g__Tribonema; s__Tribonema_aequale	0.746805206
3e77b0ec8db0b3ec31ef315fb61c2cba	d__Eukaryota	1
5febd08411e19dcb7302b06c136dc7e0	d__Eukaryota; p__Ciliophora; c__Intramacronucleata; o__Spirotrichea; f__Hypotrichia	0.999959673
6c4dc8dc27521bbef65da007f7443c44	d__Eukaryota; p__Mucoromycota; c__Glomeromycetes; o__Glomerales; f__Claroideoglomeraceae; g__Claroideoglomus; s__metagenome	0.999999999
41e2681449ec1a3ce1630c26f3fd0bb2	d__Eukaryota; p__Amoebozoa; c__Discosea; o__Centramoebida; f__Centramoebida; g__Balamuthia; s__Balamuthia_mandrillaris	0.966609327
a8bd22413147cf86c34e9abc1ca220b2	d__Eukaryota; p__Ascomycota; c__Dothideomycetes; o__Pleosporales; f__Pleosporaceae; g__Bipolaris; s__Embellisia_sp.	0.99590363
108a202d5dbdddda8b638ecd31344e72	d__Eukaryota; p__Phragmoplastophyta; c__Embryophyta; o__Magnoliophyta; f__Magnoliophyta; g__Magnoliophyta	0.999997273
14a1c93626d2e6c503d12f8f5d258136	d__Eukaryota; p__Ciliophora; c__Intramacronucleata; o__Spirotrichea; f__Hypotrichia; g__Hypotrichia; s__Kleinstyla_dorsicirrata	0.836400482
8d446f4083a55a708cccb69b6c97da70	d__Eukaryota; p__Ascomycota; c__Dothideomycetes; o__Capnodiales	0.983326152
12bf32805089e50c06069b54cfc38ad4	d__Eukaryota	1
8f114e75c21a6823701e2557fbc7b909	d__Eukaryota; p__Cryptomycota; c__LKM11; o__LKM11; f__LKM11; g__LKM11; s__uncultured_eukaryote	0.943766078
a48f7135763d155543aebdba06a63ca0	d__Eukaryota; p__Ochrophyta; c__Xanthophyceae	0.999720856
ea07f4466d17f526c91ec35574712a0b	d__Eukaryota; p__Ciliophora; c__Intramacronucleata; o__Conthreep; f__Colpodea; g__Pseudoplatyophrya; s__Pseudoplatyophrya_nana	0.779667939
0ba6990b139074daf45f1aaaae83be7c	d__Eukaryota	1
4a0324ae4451333640c9d29d4d1a6c2c	d__Eukaryota	1
1d3731242430a136f7d6d6e43962c9c1	d__Eukaryota; p__Amoebozoa; c__Discosea; o__Centramoebida; f__Centramoebida; g__Centramoebida; s__uncultured_eukaryote	1
93a2d47e7feef5ff67725fcbec9adcdf	d__Eukaryota; p__Phragmoplastophyta; c__Embryophyta; o__Magnoliophyta; f__Magnoliophyta; g__Magnoliophyta	0.985095929
5910a414ffb23966273c9d1f5ae055f7	d__Eukaryota; p__LKM15; c__LKM15; o__LKM15; f__LKM15; g__LKM15; s__metagenome	0.703446157
17de0adf77886748cd885a6590bdb95b	d__Eukaryota; p__Centrohelida; c__Centrohelida; o__Centrohelida; f__Acanthocystidae; g__Pterocystis	0.920174825
2764c4edf00a00bbfee4d25a326eb1fe	d__Eukaryota; p__Cercozoa; c__Thecofilosea; o__Incertae_Sedis; f__Incertae_Sedis; g__Lecythium; s__uncultured_eukaryote	0.988732839
d055a6432a9e86da968d3e80162cbc0b	d__Eukaryota; p__Amoebozoa; c__Tubulinea; o__Echinamoebida; f__Echinamoebida; g__Echinamoebida; s__metagenome	0.985448135
da79811f1e058ec46c9490287cc838d7	d__Eukaryota; p__Nematozoa; c__Enoplea; o__Dorylaimia; f__Dorylaimida; g__Dorylaimida; s__Allodorylaimus_sp.	0.994006606
f04a530c2fcb87a9b3f90ab926657469	d__Eukaryota; p__Ciliophora; c__Intramacronucleata; o__Conthreep; f__Colpodea; g__Colpoda; s__metagenome	0.923356139
4324c25551f5f8ee6c7781170b045f8c	d__Eukaryota; p__Ochrophyta; c__Chrysophyceae; o__uncultured; f__uncultured; g__uncultured; s__metagenome	0.99111088
82b232aed3ca240c26653e78ff1c5eec	d__Eukaryota; p__Diatomea; c__Bacillariophyceae; o__Bacillariophyceae; f__Bacillariophyceae; g__Sellaphora	0.78637709
c40040ae6dbd5d9fe40cfe9f9e158d85	d__Eukaryota; p__Amoebozoa; c__Tubulinea; o__Arcellinida; f__Arcellinida; g__Arcellinida; s__metagenome	1
5a66d8323e1d25d81703f098f1526991	d__Eukaryota; p__SAR; c__Labyrinthulomycetes; o__Labyrinthulomycetes; f__Labyrinthulomycetes; g__Sorodiplophrys; s__metagenome	0.999998846
5926ad00e4f634b772da8be414f77984	d__Eukaryota; p__Chlorophyta; c__Chlorophyceae; o__Chlorophyceae; f__Chlorophyceae; g__Chlorophyceae	0.9752177
49c0605a68b43e505180498780526068	d__Eukaryota; p__Cercozoa; c__Imbricatea; o__Imbricatea; f__Euglyphida; g__uncultured; s__metagenome	0.844068511
5338fbb3c557a46c917486c1394048d0	d__Eukaryota; p__Amoebozoa; c__Tubulinea; o__Arcellinida; f__Arcellinida; g__Arcellinida; s__metagenome	0.999999968
b42df502a99c01e9fcaa0221bcb8e443	d__Eukaryota; p__Ascomycota; c__Pezizomycetes; o__Pezizales; f__Ascodesmidaceae; g__Cephaliophora	0.908643603
c13a69a23913b896b5d38e57047c2917	d__Eukaryota; p__LKM15; c__LKM15; o__LKM15; f__LKM15; g__LKM15; s__uncultured_eukaryote	0.99758126
4997806e26084f1da2a80444b3315b33	d__Eukaryota; p__Ciliophora; c__Intramacronucleata; o__Conthreep; f__Colpodea	0.999999235
7841e182053c04cf6da099a9aa8052ae	d__Eukaryota; p__Chytridiomycota; c__Chytridiomycetes; o__Incertae_Sedis; f__Incertae_Sedis; g__Catenomyces; s__Catenomyces_persicinus	0.995320019
2846151bad66a4284cfd3625a278e521	d__Eukaryota; p__Ciliophora; c__Intramacronucleata; o__Spirotrichea; f__Hypotrichia	0.963986542
42c81a9616652374f022de18c64b43be	d__Eukaryota; p__Chytridiomycota; c__Chytridiomycetes; o__Spizellomycetales; f__Olpidiaceae; g__Olpidium; s__Olpidium_brassicae	0.980202657
3df3601ec1bc3475030a8952cffb5a52	d__Eukaryota; p__Protalveolata; c__Perkinsidae; o__A31; f__A31; g__A31; s__metagenome	0.972862488
ae9fa296b0be1fd8451aaa4ee8b5d417	d__Eukaryota; p__Cryptomycota	0.93194085
ca10a3476702f3e841bfddf14050a170	d__Eukaryota; p__Cryptomycota; c__LKM11; o__LKM11; f__LKM11; g__LKM11; s__uncultured_eukaryote	0.985985611
632b22707d863b25d33a777e1f774501	d__Eukaryota; p__Ascomycota	0.995258376
e4896daa34b052b060c20d017bb293dc	d__Eukaryota; p__Cercozoa; c__Vampyrellidae; o__Vampyrellidae; f__Vampyrellidae; g__Vampyrellidae; s__Platyreta_germanica	0.999449845
31d29a24aada23e70874fe6c405cd7b6	d__Eukaryota; p__Chytridiomycota; c__Monoblepharidomycetes; o__Monoblepharidales	0.809613431
b73f8a44b6ac0beceb55220cb0af5a03	d__Eukaryota; p__Chlorophyta; c__Chlorophyceae; o__Chlorophyceae; f__Chlorophyceae; g__Chlorophyceae; s__Chloromonas_sp.	0.999944268
3fb7a01b7431daa0c5a82c4eabc5fea8	d__Eukaryota	1
8888ce243de2ac2bc447cf5d74bc831e	d__Eukaryota	1
b90b6fd27ca785c7a0d8391ae1671341	d__Eukaryota; p__Ciliophora; c__Intramacronucleata; o__Conthreep; f__Colpodea	0.999999972
50a783f8380057bad985752703a3b9e6	d__Eukaryota	1
307e82ee3beafefa0a6bca0d54740027	d__Eukaryota	1
143e552a1362bae26fc7fc32f5c7e6f5	d__Eukaryota; p__Cercozoa; c__uncultured; o__uncultured; f__uncultured; g__uncultured; s__metagenome	0.999574637
fc3f2b4a6fcf2773d724d6f1914f800b	d__Eukaryota; p__Basidiomycota; c__Tremellomycetes; o__Cystofilobasidiales; f__Mrakiaceae; g__Itersonilia; s__Itersonilia_perplexans	0.815469701
d7ebb3c3ffa7e5422837c8255c6b9a1b	d__Eukaryota; p__Aphelidea; c__Aphelidea; o__Aphelidea; f__Aphelidea; g__Aphelidea; s__Amoeboaphelidium_protococcarum	0.762383284
321e45ed295dfbcad1ac00dffaf9cc56	d__Eukaryota; p__Cercozoa; c__Incertae_Sedis; o__Incertae_Sedis; f__Incertae_Sedis; g__Gymnophrys; s__Athalamea_environmental	0.995272163
04b416eddb1aa4319e1d9cabd3a3e199	d__Eukaryota; p__Protalveolata; c__Colpodellida; o__Colpodellida; f__Colpodellida; g__Colpodella	0.999786
9a7be91d113fe690dd29934c08257569	d__Eukaryota; p__Ochrophyta; c__Xanthophyceae	0.999999299
a3756bbb89c172396c87e72055bd6092	d__Eukaryota; p__Cercozoa; c__uncultured; o__uncultured; f__uncultured; g__uncultured; s__metagenome	0.999975801
714898b10b9e603d3ab4faa748bf9aea	d__Eukaryota; p__Basidiomycota; c__Agaricomycetes	0.998984609
5b29b58b923f703383cd730b7ab36e6d	d__Eukaryota; p__Ascomycota; c__Pezizomycetes; o__Pezizales	0.716502752
47b5807c2c6033eeef5305ad97b02611	d__Eukaryota; p__Amoebozoa; c__Amoebozoa; o__Amoebozoa; f__Amoebozoa; g__Amoebozoa; s__metagenome	0.998965633
3433073fdaa2a74d732593001593ac3a	d__Eukaryota; p__Chlorophyta; c__Chlorophyceae; o__Chlorophyceae; f__Chlorophyceae; g__Chlorophyceae; s__Chlamydomonas_reinhardtii	0.909047409
75bc0cf1e7ca2cf3f431cd239e19ef3b	d__Eukaryota; p__Ciliophora; c__Intramacronucleata; o__Conthreep; f__Oligohymenophorea; g__Peritrichia; s__uncultured_ciliate	0.836174264
e7013b5445b0554d82651fc137d2e1f1	d__Eukaryota; p__Amoebozoa; c__Tubulinea; o__Leptomyxida; f__Leptomyxida; g__Leptomyxida; s__metagenome	0.919561574
198010550029f7c4cee8c979422d270b	d__Eukaryota	1
52d81794cc64853be2776e96ebe4f814	d__Eukaryota; p__Cercozoa; c__Thecofilosea; o__Thecofilosea; f__Thecofilosea; g__uncultured; s__metagenome	0.992874305
e0221afd1ac76f4130335078a0004ddc	d__Eukaryota	1
179c7aeb8a48aabb59646bd3e2d15bb3	d__Eukaryota; p__Ascomycota; c__Dothideomycetes; o__Pleosporales	0.919363465
4084c0bb7ac104b8c07dd8022440ed93	d__Eukaryota; p__Schizoplasmodiida; c__Schizoplasmodiida; o__Schizoplasmodiida; f__Schizoplasmodiida; g__Phalansterium; s__metagenome	1
ff1220fe5b61e4e6f09622746fd915f9	d__Eukaryota; p__Phragmoplastophyta; c__Embryophyta; o__Magnoliophyta; f__Magnoliophyta; g__Magnoliophyta	0.986102763
21480cc773c8825d706441a74df706b4	d__Eukaryota; p__Phragmoplastophyta; c__Embryophyta; o__Magnoliophyta; f__Magnoliophyta; g__Magnoliophyta	0.986228888
5564bd5ff9e4bb8d9a8706f7d78406ee	d__Eukaryota; p__Ascomycota; c__Dothideomycetes; o__Pleosporales	0.979011493
092787211a6a6e4438fdbb508e83524f	d__Eukaryota; p__Schizoplasmodiida; c__Schizoplasmodiida; o__Schizoplasmodiida; f__Schizoplasmodiida; g__Phalansterium; s__metagenome	0.999999999
80d4ef432f3fc4a71970ffb2b5d8ddab	d__Eukaryota	1
e3662268a572ec9ba312ac6f54dddae8	d__Eukaryota; p__Incertae_Sedis; c__Incertae_Sedis; o__Incertae_Sedis; f__Incertae_Sedis; g__Incertae_Sedis; s__metagenome	0.999976387
ba4d14c5fc798e84285a95d58eae2070	d__Eukaryota; p__Cercozoa; c__Thecofilosea	0.999969661
52f5fa76a81c53f2f17a3a778a02ca18	d__Eukaryota; p__Chlorophyta; c__Chlorophyceae; o__Chlorophyceae; f__Chlorophyceae; g__Chlorophyceae; s__Chlamydomonas_moewusii	0.999993796
44e5c0a1e1ca7143b645555a890d5b54	d__Eukaryota; p__Basidiomycota; c__Dacrymycetes; o__Dacrymycetales; f__Dacrymycetaceae; g__Guepiniopsis; s__Guepiniopsis_buccina	0.764889389
095077b15b71d02bc513f5676bc8a9e6	d__Eukaryota; p__Basidiomycota; c__Microbotryomycetes; o__Leucosporidiales; f__Leucosporidiaceae; g__Leucosporidium; s__Leucosporidium_yakuticum	0.719013715
c7e9e5091d9bd0708927157a03c41c24	d__Eukaryota; p__Cercozoa; c__Vampyrellidae; o__Vampyrellidae; f__Vampyrellidae; g__Vampyrellidae; s__Platyreta_germanica	0.999948728
ae18171f31fa6a966299e15e62d5c9ad	d__Eukaryota; p__Chytridiomycota; c__Chytridiomycetes; o__Spizellomycetales; f__Olpidiaceae; g__Olpidium; s__Olpidium_brassicae	0.999895942
d8b552a6d4881fc430cad4bfa5236cbc	d__Eukaryota; p__Nematozoa; c__Chromadorea; o__Tylenchida; f__Tylenchida; g__Tylenchida	0.999997188
e7ab075805d1e69b6fec0a9a7d798b2c	d__Eukaryota; p__SAR; c__Labyrinthulomycetes; o__Labyrinthulomycetes; f__Labyrinthulomycetes; g__Sorodiplophrys; s__metagenome	0.999990222
a5f617cc6ebf7e5a5c719925819fcea1	d__Eukaryota; p__Ciliophora; c__Intramacronucleata; o__Conthreep; f__Colpodea; g__Platyophrya; s__metagenome	0.981596098
61c575d4249987953e230978278535c0	d__Eukaryota	1
8f9269d8fbb4e6a75890ee40442098c5	d__Eukaryota; p__Basidiomycota; c__Tremellomycetes; o__Tremellales; f__Bulleribasidiaceae; g__Vishniacozyma; s__Vishniacozyma_carnescens	0.756694605
169e5da7938125dbf775ebdf133970d7	d__Eukaryota; p__Amoebozoa; c__Discosea; o__Centramoebida; f__Centramoebida; g__Centramoebida; s__uncultured_eukaryote	0.995588975
857a77e16b2649eb18b1aae4a15e45f4	d__Eukaryota; p__Rotifera; c__Bdelloidea; o__Adinetida; f__Adinetida; g__Adinetida	0.994822402
795aca811f7047526b9a8f090d8b5fc0	d__Eukaryota	1
6dc72e3e61311fc28de360910df94e8f	d__Eukaryota; p__Cercozoa; c__Phytomyxea; o__Phytomyxea; f__Phytomyxea	1
b16e7d2b01e1450a40311551241d1f7e	d__Eukaryota	1
9725cc1168225f8b5ada67ef87f461f6	d__Eukaryota; p__Phragmoplastophyta; c__Embryophyta; o__Magnoliophyta; f__Magnoliophyta; g__Magnoliophyta	0.984763268
a17277c40b3b81bfa48ae1e17c08432c	d__Eukaryota; p__Cercozoa; c__Glissomonadida; o__Glissomonadida; f__Glissomonadida; g__uncultured; s__metagenome	0.999999234
1f02a9a7b4bae3fd09c3e02cd9f37f78	d__Eukaryota; p__Chytridiomycota; c__Chytridiomycetes; o__Rhizophydiales; f__uncultured; g__uncultured	0.948356832
7ff0777f50cb4200d04648261badb4f0	d__Eukaryota; p__Nematozoa; c__Enoplea	0.847302557
eaeeab37c29b8d1db74f67ef5ecc3183	d__Eukaryota; p__Cercozoa; c__Thecofilosea; o__Incertae_Sedis; f__Incertae_Sedis; g__Lecythium; s__uncultured_eukaryote	0.992698648
758e23424e127eba025b8123e8b46476	d__Eukaryota; p__Cercozoa; c__Cercomonadidae; o__Cercomonadidae; f__Cercomonadidae; g__Cercomonadidae; s__metagenome	0.885879306
e2d4ae39a951b9d8eb5cc68d62f0f9e3	d__Eukaryota; p__Amoebozoa; c__Tubulinea; o__Leptomyxida; f__Leptomyxida; g__Leptomyxida; s__metagenome	0.99967558
0fedda3f5a16cb2843052b0044ac58be	d__Eukaryota; p__Gracilipodida; c__Gracilipodida; o__Gracilipodida; f__Gracilipodida; g__Flamella; s__Flamella_piscinae	0.835629503
9403477feec4ba8caece1a4c824d25aa	d__Eukaryota; p__Gracilipodida; c__Gracilipodida; o__Gracilipodida; f__Gracilipodida; g__Telaepolella; s__Telaepolella_sp.	0.898166709
b6acc53a8c70952adc2422f69b046a83	d__Eukaryota; p__Ciliophora; c__Intramacronucleata; o__Conthreep; f__Colpodea; g__Platyophrya; s__metagenome	0.991958587
7a0446dcaab73bb98815cc8c29f6fef9	d__Eukaryota; p__Cercozoa; c__Imbricatea; o__Imbricatea; f__Euglyphida	0.796669432
5116902b2ef88139ce835ca554d54c09	d__Eukaryota; p__Ciliophora; c__Intramacronucleata; o__Conthreep; f__Colpodea; g__Platyophrya; s__metagenome	0.978983436
f43b6b8b1bd73b24953b51e1461153fa	d__Eukaryota	1
bfa5e4e996c60f24a20fd4941c0b280a	d__Eukaryota	1
8f2fa65fd695c104e831c04019e3f98b	d__Eukaryota; p__Cercozoa; c__Imbricatea; o__Spongomonadida; f__Spongomonadida; g__Spongomonas; s__metagenome	0.99625779
c0ddad55e5eb4c0782e8d3e5b15d9619	d__Eukaryota; p__Cercozoa; c__Vampyrellidae; o__Vampyrellidae; f__Vampyrellidae; g__Vampyrellidae; s__Platyreta_germanica	0.999971511
3704e1c333c148c42515277035b7b210	d__Eukaryota; p__Cercozoa; c__Incertae_Sedis; o__Incertae_Sedis; f__Incertae_Sedis; g__Kraken; s__metagenome	1
173e1cebc37043cc04ceb3241c6f282e	d__Eukaryota; p__Gracilipodida; c__Gracilipodida; o__Gracilipodida; f__Gracilipodida; g__Telaepolella; s__Telaepolella_sp.	0.916832743
9cad2fb49fcd90b2ff027c1765dec49f	d__Eukaryota; p__Cryptomycota; c__LKM11; o__LKM11; f__LKM11; g__LKM11; s__uncultured_eukaryote	0.71071068
d434248f79681568c999387842b9a7ee	d__Eukaryota; p__Cercozoa; c__Glissomonadida; o__Glissomonadida; f__Glissomonadida; g__Proleptomonas	0.712499787
eac83c99052b961e950b471b7853b2e0	d__Eukaryota; p__Cercozoa; c__Cercozoa; o__Cercozoa; f__Cercozoa; g__Cercozoa; s__Nuclearia-like_filose	0.983669779
4ee6d7cb7cb663856a799eeee91ae9c4	d__Eukaryota; p__Chlorophyta; c__Chlorophyceae; o__Chlorophyceae; f__Chlorophyceae; g__Chlorophyceae	0.971258976
9d75a91f1efe38c98cd00978282a12e1	d__Eukaryota; p__Cercozoa	0.999597804
79ba09a67c88481aff35cf35f8dbf0ea	d__Eukaryota; p__Ascomycota; c__Leotiomycetes; o__Helotiales; f__Helotiales; g__Neocudoniella; s__Neocudoniella_radicella	0.86818962
08c622e1432b778b550eb97cfc087d60	d__Eukaryota; p__Cercozoa; c__uncultured; o__uncultured; f__uncultured; g__uncultured; s__metagenome	0.998438717
07a7b5d6aaa81e0e87489810dc207958	d__Eukaryota; p__Cercozoa; c__Glissomonadida; o__Glissomonadida; f__Glissomonadida; g__uncultured; s__metagenome	0.999999227
c17974959975388631834d3ce431f8c2	d__Eukaryota; p__Cercozoa; c__Imbricatea; o__Imbricatea; f__Thaumatomonadida; g__Gyromitus; s__metagenome	0.975387396
6b75dfdaaed564a52a0e73d490a097a9	d__Eukaryota	1
26313e7c35ed6a0adf94d1e98b1ca33e	d__Eukaryota	0.999999997
573891494bd4b64c5398d8acacb4acf5	d__Eukaryota; p__Schizoplasmodiida; c__Schizoplasmodiida; o__Schizoplasmodiida; f__Schizoplasmodiida; g__Schizoplasmodiida; s__Schizoplasmodium_cavostelioides	0.999999876
7e985c5fbe79fae486e67bda084527d7	d__Eukaryota; p__Ascomycota; c__Pezizomycetes; o__Pezizales	0.758426233
50352ada5741a7c294a2b087959ecfa2	d__Eukaryota; p__Mucoromycota; c__Glomeromycetes; o__Glomerales	0.808590868
8b1231a87471b2b1b43f9457677f3895	d__Eukaryota; p__Ascomycota	0.82038427
10462556d107b38138f2ddde28a8fd70	d__Eukaryota; p__Chlorophyta; c__Trebouxiophyceae; o__Trebouxiophyceae; f__Trebouxiophyceae; g__Trebouxiophyceae; s__Nannochloris_sp.	0.956714022
fd7a28880c204c4f8faca15066481ef0	d__Eukaryota; p__Cryptomycota; c__LKM11; o__LKM11; f__LKM11; g__LKM11	0.93224943
ff1ae57d6930242177ea669a2bf95128	d__Eukaryota; p__Cercozoa; c__Imbricatea; o__Imbricatea; f__Euglyphida	0.998981642
0fff4c2a3de63b4a77457dd7b2ea673c	d__Eukaryota; p__Mucoromycota; c__Glomeromycetes; o__Glomerales; f__uncultured; g__uncultured	0.96036456
fee24a8a73b4c39cbf3dfbeedeaa2aa0	d__Eukaryota; p__Phragmoplastophyta; c__Embryophyta; o__Magnoliophyta; f__Magnoliophyta; g__Magnoliophyta	0.993261861
6124878dd8a71e26e1440e605beb3211	d__Eukaryota; p__LKM15; c__LKM15; o__LKM15; f__LKM15; g__LKM15	0.999994834
aa1f0d8fb573f8258af3d7043b25fd9d	d__Eukaryota; p__Mucoromycota; c__Glomeromycetes; o__Diversisporales; f__Diversisporaceae; g__Diversispora; s__Diversispora_eburnea	0.99996311
e8536e1a8c289f54777cd345f37cd042	d__Eukaryota; p__Mucoromycota; c__Glomeromycetes; o__Glomerales; f__Glomeraceae; g__Rhizophagus; s__Rhizophagus_intraradices	0.921579736
8ca304704042df6d5e2d7a0b08d81577	d__Eukaryota; p__Ascomycota; c__Leotiomycetes; o__Helotiales; f__Sclerotiniaceae; g__Sclerotinia; s__Sclerotinia_homoeocarpa	0.988290224
0d15b185f0b3666f02e2e31f25f733ef	d__Eukaryota; p__Cercozoa; c__Cercomonadidae; o__Cercomonadidae; f__Cercomonadidae; g__Cercomonas; s__metagenome	0.747997877
47de6e09d748f8d1ae05b457ab9196c6	d__Eukaryota	1
5d1c23d60e61d934c35faff40c6f637f	d__Eukaryota; p__Ciliophora; c__Intramacronucleata; o__Litostomatea; f__Haptoria	0.992402774
894df798a506d8858a6d0e7e2dc82e8e	d__Eukaryota; p__Chlorophyta; c__Chlorophyceae; o__Chlorophyceae; f__Chlorophyceae; g__Chlorophyceae	0.98948301
9be5cc24d3534b6d3b4cef1d09014767	d__Eukaryota; p__Cercozoa; c__Cercomonadidae; o__Cercomonadidae; f__Cercomonadidae; g__uncultured; s__uncultured_Eimeriidae	0.997683442
76e3fce257c963d366275ba52994e557	d__Eukaryota	1
c396892e28a142e9b9122654de9be5cc	d__Eukaryota; p__Heterolobosea; c__Tetramitia; o__Tetramitia; f__Tetramitia	0.920006345
cfbe5049be1f7bd5846531a78b1fbd4b	d__Eukaryota; p__Diatomea; c__Bacillariophyceae; o__Bacillariophyceae; f__Bacillariophyceae	0.926525952
c083549de424158a117979494d14f352	d__Eukaryota	1
48bab7fe95ef9adcc8bb3f793784a2b1	d__Eukaryota; p__Ciliophora; c__Intramacronucleata; o__Conthreep; f__Colpodea	0.999999901
289ec449a38144ca16287cc598f81516	d__Eukaryota; p__Diatomea; c__Bacillariophyceae; o__Bacillariophyceae; f__Bacillariophyceae	0.849018337
a20c3c1c3a066d4d0834307485a853ff	d__Eukaryota; p__SAR; c__Labyrinthulomycetes; o__Labyrinthulomycetes; f__Labyrinthulomycetes; g__Sorodiplophrys; s__Sorodiplophrys_stercorea	0.9999974
322fc124d0c2b2aa76182a45074fac49	d__Eukaryota; p__Amoebozoa; c__Tubulinea; o__Tubulinea; f__Tubulinea; g__Tubulinea; s__Tubulinea_group	1
019b3de601a23ef7ff034735059c3844	d__Eukaryota; p__Phragmoplastophyta; c__Embryophyta	0.996104739
7b326ef3b88f8df26ec7cba9a4777c14	d__Eukaryota; p__Ascomycota; c__Dothideomycetes	0.886921569
f68cfe5a5eb4a87ed550e8acd2913558	d__Eukaryota; p__Ciliophora; c__Intramacronucleata; o__Spirotrichea; f__Hypotrichia; g__Hypotrichia	0.749162043
ccd0ebb6634df035ebc84b19ca9c390d	d__Eukaryota; p__Ciliophora; c__Intramacronucleata; o__Spirotrichea; f__Hypotrichia	0.999989223
eea2894c25af10f9fa007fb714d81d47	d__Eukaryota; p__Zoopagomycota; c__Incertae_Sedis	0.731796209
bbd889fb4c06a477b7c2b83959d5fc28	d__Eukaryota; p__Amoebozoa; c__Tubulinea; o__Tubulinea; f__Tubulinea; g__Tubulinea; s__Tubulinea_group	1
57b24d22a1ca08bb57b9445b78bd878f	d__Eukaryota; p__Holozoa; c__Choanoflagellida	0.999036862
f2a7b129aee5d37c2273dd9a8034c8e3	d__Eukaryota; p__Cercozoa; c__Incertae_Sedis; o__Incertae_Sedis; f__Incertae_Sedis; g__Gymnophrys	0.862319748
7c29857fa3d0454495b27537fc445964	d__Eukaryota; p__SAR; c__Labyrinthulomycetes; o__Labyrinthulomycetes; f__Labyrinthulomycetes; g__Sorodiplophrys; s__metagenome	1
38c77ffbfd97bfceaee7c444bd6958b0	d__Eukaryota; p__Ciliophora; c__Intramacronucleata; o__Conthreep; f__Colpodea	0.999999996
8f76fe9836af2b66bc3f411b61550fff	d__Eukaryota; p__Basidiomycota; c__Agaricomycetes; o__Agaricales	0.845606679
bef9e480dd264833ecd8eaefb0918dad	d__Eukaryota; p__Cercozoa; c__Imbricatea; o__Imbricatea; f__Euglyphida; g__Trinema	0.926014815
b0c5adef0ab661f60dda8edbcc2ea267	d__Eukaryota	0.9982025
75c803781667af701350dea05221fe37	d__Eukaryota	1
6ba3b70e19a54e58e7f7b81eeee9d8d9	d__Eukaryota; p__Cercozoa; c__Cercomonadidae; o__Cercomonadidae; f__Cercomonadidae; g__uncultured; s__uncultured_Eimeriidae	0.999932907
6d7b3b63491c15b56d998a363e187627	d__Eukaryota; p__Phragmoplastophyta; c__Embryophyta; o__Bryophyta; f__Bryophyta; g__Bryophyta	0.70663163
49f3d1eb3f7f145910895fed3f056ba1	d__Eukaryota; p__Basidiomycota	0.8702922
9f8bf101d2892ce6593f3883a369ea8c	d__Eukaryota; p__SAR; c__Labyrinthulomycetes; o__Labyrinthulomycetes; f__Labyrinthulomycetes; g__Sorodiplophrys; s__metagenome	0.88533281
0c10122f53b1e3be5be556b53be87314	d__Eukaryota; p__Amoebozoa; c__Tubulinea; o__Euamoebida; f__Euamoebida; g__Hartmannella; s__Nolandella_sp.	0.73365514
dbfec4ca72650512bd28f0729990df54	d__Eukaryota	1
92795bca437a86ca2fe781f83678dce2	d__Eukaryota	1
74d430b76e82b010e38d9a36d6e4b467	d__Eukaryota	0.999999995
3a0c98ec71a12806d92ee0366fc277a6	d__Eukaryota; p__Cercozoa	0.971858593
3b505682ef588a0b4b1666175dc15e57	d__Eukaryota; p__Aphelidea; c__Aphelidea; o__Aphelidea; f__Aphelidea; g__uncultured; s__uncultured_fungus	0.999998108
1db2f0b1eb5fc787503877e098515879	d__Eukaryota; p__Rotifera; c__Monogononta; o__Ploimida; f__Ploimida; g__Ploimida	0.871345371
9e90660ba1ee22de5552bbc6073ad253	d__Eukaryota; p__Basidiomycota; c__Geminibasidiomycetes; o__Geminibasidiales; f__Geminibasidiaceae; g__Basidioascus; s__Basidioascus_undulatus	0.999610594
bacebc33d7974d7685125e3bf66dec7f	d__Eukaryota; p__Amoebozoa; c__Discosea; o__Centramoebida; f__Centramoebida; g__Acanthamoeba; s__Acanthamoeba_sp.	0.956819076
e383504a4a170bb7ded3c6c2a786ed5a	d__Eukaryota; p__Basidiomycota; c__Agaricomycetes; o__Agaricales	0.969369146
be45eb32cfcd7bbfa1dabfd028fdb590	d__Eukaryota; p__Ciliophora; c__Intramacronucleata; o__Conthreep; f__Colpodea	0.999999956
2f0f70463fc50ff05785b859e1d5e87f	d__Eukaryota; p__Peronosporomycetes; c__Peronosporomycetes; o__Peronosporomycetes; f__Peronosporomycetes; g__Peronosporomycetes	0.819018573
f80e3f5e90158b2263e0dc4a6b1e4b95	d__Eukaryota; p__Phragmoplastophyta; c__Embryophyta; o__Magnoliophyta; f__Magnoliophyta; g__Magnoliophyta	0.988634541
89019202c9d7b1d46108470a5db8cf53	d__Eukaryota; p__Cercozoa; c__Cercomonadidae; o__Cercomonadidae; f__Cercomonadidae; g__Cercomonadidae; s__metagenome	0.99979312
e3d2f2b6ccb08dd3e10e212c1f605a39	d__Eukaryota; p__Ascomycota; c__Dothideomycetes; o__Capnodiales	0.719535646
cca717d7285c9b9b037748f8e174f637	d__Eukaryota; p__Phragmoplastophyta; c__Embryophyta; o__Magnoliophyta; f__Magnoliophyta; g__Magnoliophyta	0.99280978
085fbb24fe220fbc309fb52730a11f0b	d__Eukaryota; p__Phragmoplastophyta; c__Embryophyta; o__Magnoliophyta; f__Magnoliophyta; g__Magnoliophyta	0.996362604
72cc80b2255d44785b1aaa3ec2df0ce4	d__Eukaryota; p__Phragmoplastophyta; c__Embryophyta; o__Magnoliophyta; f__Magnoliophyta; g__Magnoliophyta	0.968482608
b7065408a7131c85843b9409ee03eb38	d__Eukaryota; p__Phragmoplastophyta; c__Embryophyta; o__Magnoliophyta; f__Magnoliophyta; g__Magnoliophyta	0.989454881
fd0911bc4e3a9ba704d039af4691108a	d__Eukaryota; p__Ciliophora; c__Intramacronucleata; o__Conthreep; f__Oligohymenophorea	0.999717615
b2c823b8abcd13be6b769461777a6580	d__Eukaryota; p__Ochrophyta; c__Chrysophyceae; o__Chromulinales; f__Chromulinales	0.706626425
f29ff451bd90edf8c20629a0cf04c2dd	d__Eukaryota; p__Chlorophyta; c__Chlorophyceae; o__Chlorophyceae; f__Chlorophyceae; g__Chlorophyceae; s__Tetracystis_sarcinalis	0.788239717
e29fee5f435a31f32f4fc8b2fa8dd0e2	d__Eukaryota; p__Ascomycota	0.996604893
8318d5505388770205749b55ed5aedcd	d__Eukaryota; p__Cercozoa; c__Cercomonadidae; o__Cercomonadidae; f__Cercomonadidae; g__uncultured; s__metagenome	0.999999415
318cf6ec76d28d192c1abb58162bab25	d__Eukaryota; p__Cercozoa; c__Glissomonadida; o__Glissomonadida; f__Glissomonadida; g__uncultured; s__metagenome	0.999999964
352012926c556e7c893cdadcae3a266f	d__Eukaryota; p__Cercozoa; c__Incertae_Sedis; o__Incertae_Sedis; f__Incertae_Sedis; g__Gymnophrys	0.856526292
e1149ddd3440ffaa322bd34e2d8886ef	d__Eukaryota; p__Cryptomycota; c__Incertae_Sedis; o__Incertae_Sedis; f__Incertae_Sedis; g__Paramicrosporidium; s__uncultured_eukaryote	0.998559196
b388fd9e3fb4ea4025e4ac5cba313d94	d__Eukaryota; p__Cercozoa; c__Cercomonadidae; o__Cercomonadidae; f__Cercomonadidae	0.992971496
a3065212e23bab44cf1720cd0a60072f	d__Eukaryota; p__Ascomycota; c__Dothideomycetes; o__Capnodiales	0.973902191
32b6d9086057a9fe951cc3434c865d8f	d__Eukaryota; p__Cercozoa; c__Incertae_Sedis; o__Incertae_Sedis; f__Incertae_Sedis; g__Kraken; s__metagenome	1
ae22d48c13e70959af33c2b2dcf86a58	d__Eukaryota; p__Cercozoa; c__Phytomyxea; o__Phytomyxea; f__Phytomyxea; g__uncultured; s__Spongospora_subterranea	0.99994773
b39fd33fd752dabb8779ed11582452e5	d__Eukaryota; p__SAR; c__Labyrinthulomycetes; o__Labyrinthulomycetes; f__Labyrinthulomycetes; g__Sorodiplophrys	0.88970546
efe523f6adcbeba17ba2982c8a0013e9	d__Eukaryota; p__Cercozoa; c__Phytomyxea; o__Phytomyxea; f__Phytomyxea; g__Sorosphaerula; s__Sorosphaerula_veronicae	0.754906342
a526244e4394cc24fb8e466a6ee89ce8	d__Eukaryota; p__SAR; c__Labyrinthulomycetes; o__Labyrinthulomycetes; f__Labyrinthulomycetes; g__Sorodiplophrys; s__Sorodiplophrys_stercorea	0.999985603
ba289c2fedf6f6a38af50ba99d56f2ee	d__Eukaryota; p__Arthropoda; c__Arachnida; o__Acari; f__Acari; g__Acari	0.999999984
57cb714dab890cdbb9f4205d4ad0a52b	d__Eukaryota; p__Nematozoa; c__Chromadorea; o__Chromadorida; f__Chromadorida; g__Chromadorida; s__Paracyatholaimus_intermedius	0.804365588
e77dc850897cb7423ba54582edabfc0d	d__Eukaryota; p__MAST-12; c__MAST-12C; o__MAST-12C; f__MAST-12C; g__MAST-12C	0.999951664
3da16abe9cb059dd1e7e7bda2a93ff08	d__Eukaryota; p__Amoebozoa; c__Discosea; o__Vannellida; f__Vannellida; g__Vannella	0.999848611
5b5da593962dafe3c043d351d592992a	d__Eukaryota; p__Incertae_Sedis; c__Incertae_Sedis; o__Incertae_Sedis; f__Incertae_Sedis; g__Incertae_Sedis; s__metagenome	0.999951096
538b4aef7bd8a4870d18c7178bc69bd6	d__Eukaryota; p__Cercozoa; c__Cercomonadidae; o__Cercomonadidae; f__Cercomonadidae; g__Cercomonas	0.956232791
b0d3ebf8065d5b35dccf3bd6d4f84bff	d__Eukaryota; p__SAR; c__Labyrinthulomycetes; o__Labyrinthulomycetes; f__Labyrinthulomycetes; g__Sorodiplophrys; s__metagenome	0.966429097
c5a25bc5def333af2ebe9fc62251ec7a	d__Eukaryota; p__Amoebozoa; c__Amoebozoa; o__Amoebozoa; f__Amoebozoa; g__Amoebozoa; s__metagenome	0.999999735
d28d358ef57acf8eccf1a671759c7e69	d__Eukaryota; p__Basidiomycota; c__Agaricomycetes	0.9941712
5d5bb3859e415c08dd6eb12ef94e2f7a	d__Eukaryota; p__Basidiomycota; c__Agaricomycetes	0.860801919
609410cf3777da590db798f0ae300acc	d__Eukaryota; p__Cercozoa; c__Vampyrellidae; o__Vampyrellidae; f__Vampyrellidae; g__Vampyrellidae; s__Platyreta_germanica	0.998934524
c51b89ae0b6fc5df5826bce51061b0d3	d__Eukaryota; p__Cercozoa; c__uncultured; o__uncultured; f__uncultured; g__uncultured	0.854640258
e84baa20d858d41b4cd632707dace470	d__Eukaryota; p__Ascomycota	0.818860681
828a125e84c8f9fca4aa5ba11bb7a874	d__Eukaryota; p__Cercozoa; c__Imbricatea; o__Imbricatea; f__Euglyphida	0.906379069
fdc25ad2f7fbec10a2cbe9be110df762	d__Eukaryota; p__Aphelidea; c__Aphelidea; o__Aphelidea; f__Aphelidea	0.99790238
b11c2280fec1de85267f337499b3c168	d__Eukaryota	1
450c98db73c7528757bedc514f094a9b	d__Eukaryota; p__Bicosoecida; c__Bicosoecida; o__Bicosoecida; f__Bicosoecida; g__Bicosoecida; s__Adriamonas_peritocrescens	0.740471296
22ff4429badc25e43f9341a17eb46c4b	d__Eukaryota; p__Cercozoa; c__Glissomonadida; o__Glissomonadida; f__Glissomonadida; g__Proleptomonas; s__Proleptomonas_faecicola	0.711444767
2e98f01d63c6c12e5ea8b993a8a4c55e	d__Eukaryota; p__Cercozoa; c__uncultured; o__uncultured; f__uncultured; g__uncultured; s__metagenome	0.995317162
1caa43bff775511c9bc5b12aae609fa0	d__Eukaryota; p__Ascomycota; c__Dothideomycetes	0.944949112
e77d896c2d04bdccb4c28ed832292fc8	d__Eukaryota; p__Chlorophyta; c__Trebouxiophyceae; o__Trebouxiophyceae; f__Trebouxiophyceae; g__Trebouxiophyceae; s__Coenocystis_inconstans	0.999960425
f18f08ccd70d61c525b8c989fa67877f	d__Eukaryota; p__Chlorophyta	0.982854091
a626de3eea868764eb703c42b2f7384f	d__Eukaryota; p__Chlorophyta; c__Trebouxiophyceae; o__Trebouxiophyceae; f__Trebouxiophyceae; g__Trebouxiophyceae; s__Elliptochloris_bilobata	0.995978882
0b5c80f826d02be862285a3154968fc7	d__Eukaryota; p__Cercozoa; c__uncultured; o__uncultured; f__uncultured; g__uncultured; s__uncultured_Cercozoa	0.999998544
55f62cb259b1e80f151d36ae2f269314	d__Eukaryota	0.999991896
0becb39b5b7bcfa68fc04642b81af715	d__Eukaryota; p__Amoebozoa; c__Tubulinea; o__Arcellinida; f__Arcellinida; g__Arcellinida; s__metagenome	0.999999881
00900e2a3bcb75ff31adf07fc50dc591	d__Eukaryota; p__Holozoa; c__Ichthyosporea; o__Pseudoperkinsidae; f__Pseudoperkinsidae; g__Anurofeca; s__Anurofeca_sp.	0.711513918
bf7bb9ceca955fda85b1314b9c01075b	d__Eukaryota; p__Cercozoa; c__Glissomonadida; o__Glissomonadida; f__Glissomonadida; g__Glissomonadida; s__metagenome	0.947674866
8e1b1a331dc8ce5f4ea34fd10aff2961	d__Eukaryota; p__Basidiomycota; c__Ustilaginomycetes; o__Ustilaginales; f__Ustilaginaceae; g__Melanopsichium; s__uncultured_eukaryote	0.871308721
a415842533658ecdf8f029964bcd7178	d__Eukaryota; p__Ciliophora; c__Intramacronucleata; o__Litostomatea; f__Haptoria; g__uncultured; s__Paraenchelys_terricola	0.890452753
49ccbe8d19805167328d5fce46083bbd	d__Eukaryota; p__Cercozoa	0.999906541
9ce3008135ae3bd280ad5699c4198390	d__Eukaryota; p__Peronosporomycetes; c__Peronosporomycetes; o__Peronosporomycetes; f__Peronosporomycetes; g__Peronosporomycetes; s__Myzocytiopsis_subuliformis	0.854363599
76f993c5720986c7f6e92110609d743b	d__Eukaryota; p__Ciliophora; c__Intramacronucleata; o__Conthreep; f__Colpodea; g__Colpoda; s__metagenome	0.946357893
8cfb9bc128df1d25087d8e6d92599d96	d__Eukaryota; p__Gracilipodida; c__Gracilipodida; o__Gracilipodida; f__Gracilipodida; g__Telaepolella; s__Telaepolella_sp.	0.999991836
cbf7374a513cd3b4b42fba661e562978	d__Eukaryota; p__Cercozoa; c__Thecofilosea; o__Thecofilosea; f__Thecofilosea; g__Thecofilosea; s__metagenome	0.999831751
3d005645f861c3ce921cde349c151729	d__Eukaryota; p__uncultured; c__uncultured; o__uncultured; f__uncultured; g__uncultured; s__metagenome	0.999998804
33dbf7be62a2883e19516a96c08703b5	d__Eukaryota; p__LKM15; c__LKM15; o__LKM15; f__LKM15; g__LKM15; s__uncultured_eukaryote	0.948728009
dbb8a4b0be394dd8e7239ad354c71b8d	d__Eukaryota; p__Cercozoa; c__Thecofilosea; o__Thecofilosea; f__Thecofilosea; g__Thecofilosea; s__metagenome	0.818365694
24a56857e2cd62d927480965274e5647	d__Eukaryota; p__Phragmoplastophyta; c__Embryophyta; o__Magnoliophyta; f__Magnoliophyta; g__Magnoliophyta	0.99514865
cbf367b8df29e4a3585272886b7c4b87	d__Eukaryota; p__Zoopagomycota; c__Incertae_Sedis; o__Zoopagales; f__Piptocephalidaceae; g__Piptocephalis	0.950572149
efad094b669b41bc777fb5061684931b	d__Eukaryota; p__Cercozoa; c__Cercomonadidae; o__Cercomonadidae; f__Cercomonadidae; g__Cercomonadidae; s__metagenome	0.981764235
58bdb87372130bf84278643be60fd329	d__Eukaryota; p__Cercozoa; c__Cercomonadidae; o__Cercomonadidae; f__Cercomonadidae; g__Cercomonas	0.999580998
1d8ffc5aa698689ec3c2096fb1aeb712	d__Eukaryota; p__Ciliophora; c__Intramacronucleata; o__Conthreep; f__Colpodea	0.999999983
495d346ede8e3486209218b02debc0ef	d__Eukaryota; p__Schizoplasmodiida; c__Schizoplasmodiida; o__Schizoplasmodiida; f__Schizoplasmodiida; g__Phalansterium; s__metagenome	1
81b9cd1f69e0d291994fa643b638d4bb	d__Eukaryota; p__Cercozoa; c__Imbricatea; o__Imbricatea; f__Euglyphida; g__Euglypha; s__Euglypha_filifera	0.999949859
1dd9252c2e4cd138c85db110cfd6c448	d__Eukaryota; p__Ciliophora; c__Intramacronucleata; o__Conthreep; f__Colpodea; g__Colpoda; s__metagenome	0.966961327
d0029620210c17e4f2bb8cf2b44c8c67	d__Eukaryota; p__Ciliophora; c__Intramacronucleata; o__Conthreep; f__Colpodea; g__Maryna; s__Maryna_ovata	0.776941717
a6a20704d2667eddec138e79b86f43f8	d__Eukaryota; p__Ascomycota; c__Sordariomycetes	0.999823683
16833012eb8e325f839a985c726bb557	d__Eukaryota; p__Nematozoa; c__Chromadorea; o__Tylenchida; f__Tylenchida; g__Tylenchida; s__Tylenchus_arcuatus	0.994960768
563fcb84ec114ea1f7331a366d3461c2	d__Eukaryota; p__Chlorophyta; c__Trebouxiophyceae; o__Trebouxiophyceae; f__Trebouxiophyceae; g__Trebouxiophyceae; s__Asterochloris_erici	0.999999982
4f681027763cde91b6985aa5704955d9	d__Eukaryota; p__Amoebozoa; c__Tubulinea; o__Tubulinea; f__Tubulinea; g__Tubulinea; s__Tubulinea_group	0.999999243
931ca4c6075e63b3eafabcb1a6fa7844	d__Eukaryota; p__Nematozoa; c__Chromadorea; o__Monhysterida; f__Monhysterida; g__Monhysterida; s__metagenome	0.999999753
51baf77344304cacab8316d58c785b5f	d__Eukaryota; p__Ascomycota; c__Leotiomycetes; o__Helotiales; f__Incertae_Sedis; g__Tetracladium; s__Helotiales_sp.	0.999976582
10d3d3e0c16c847fef00dd351e50333c	d__Eukaryota; p__SAR; c__Labyrinthulomycetes; o__Labyrinthulomycetes; f__Labyrinthulomycetes; g__Sorodiplophrys; s__Sorodiplophrys_stercorea	0.852164343
aafb7412744407023a02e8c5f346f100	d__Eukaryota; p__Phragmoplastophyta; c__Embryophyta; o__Magnoliophyta; f__Magnoliophyta; g__Magnoliophyta	0.997840946
add4a46c99ee71c119a98a70f91f941a	d__Eukaryota; p__Ciliophora; c__Intramacronucleata; o__Conthreep; f__Colpodea	0.999999963
ee93dc596fa2033d156107993fbc536f	d__Eukaryota; p__Ochrophyta; c__Xanthophyceae; o__Tribonematales; f__Tribonematales	0.814785038
0bc9dfe11921cc54b02a0bc82c134e94	d__Eukaryota; p__SAR; c__Labyrinthulomycetes; o__Labyrinthulomycetes; f__Labyrinthulomycetes; g__Sorodiplophrys; s__Sorodiplophrys_stercorea	0.835304058
da2e5454bf2692cc3af827f1baf760cf	d__Eukaryota; p__Basidiomycota; c__Tremellomycetes; o__Tremellales; f__Bulleribasidiaceae; g__Vishniacozyma; s__Vishniacozyma_dimennae	0.910600219
730401cd4287dfe5cf298575f948f8dd	d__Eukaryota; p__Chlorophyta; c__Chlorophyceae; o__Chlorophyceae; f__Chlorophyceae; g__Chlorophyceae; s__Pleurastrum_insigne	0.975619983
1778c6b83b1ddd7a38a04d8fbc49e42d	d__Eukaryota; p__Heterolobosea; c__Tetramitia; o__Tetramitia; f__Tetramitia; g__Neovahlkampfia; s__Nematostella_vectensis	0.786466326
5705862742156327c5e8729b6465d8c2	d__Eukaryota; p__Cercozoa; c__uncultured; o__uncultured; f__uncultured; g__uncultured; s__metagenome	0.999998213
b40da90ba734cc61a84b5c80f6bce285	d__Eukaryota; p__Basidiomycota; c__Tremellomycetes; o__Tremellales; f__Trimorphomycetaceae; g__Saitozyma; s__Saitozyma_flava	0.947814842
512eb729f433c08343b31caa79971103	d__Eukaryota; p__Ascomycota; c__Leotiomycetes; o__Helotiales; f__Helotiaceae; g__Helotiaceae; s__Helotiales_sp.	0.993668148
bebb6f89b5bb582100e6cfc9581e08f6	d__Eukaryota; p__Phragmoplastophyta; c__Embryophyta; o__Magnoliophyta; f__Magnoliophyta; g__Magnoliophyta	0.763930937
3c3703280738dfa1b2c02f9be627f0a1	d__Eukaryota; p__Cryptomycota; c__Incertae_Sedis; o__Incertae_Sedis; f__Incertae_Sedis; g__Paramicrosporidium; s__uncultured_eukaryote	0.999585065
5fc51574837b1cc65c26fb15eb6f3b57	d__Eukaryota	1
fbbcc082021911a444bf90faf3535927	d__Eukaryota; p__Cercozoa; c__Imbricatea; o__Imbricatea; f__Thaumatomonadida	0.999611279
02684686789512daba3b3edbb4ab5f42	d__Eukaryota; p__Microsporidia; c__Microsporidia; o__Microsporidia; f__Microsporidia; g__Microsporidia; s__Lanatospora_costata	0.933071695
c0b70d0b79c1f4b0108dec4e57d577a9	d__Eukaryota; p__LKM15; c__LKM15; o__LKM15; f__LKM15; g__LKM15	0.999999974
69d97fec452ac16c4504fe039049f03d	d__Eukaryota; p__Ciliophora; c__Intramacronucleata; o__Litostomatea; f__Haptoria	0.95100688
5ea1cc5ee56a8dfa0fcbc4f76b7cadcd	d__Eukaryota; p__Dinoflagellata; c__Dinophyceae; o__Gymnodiniphycidae; f__Gymnodinium_clade	0.730286284
2fb474dedbbceb041ba1644cbbe35fb2	d__Eukaryota; p__Ciliophora; c__Intramacronucleata; o__Conthreep; f__Colpodea	0.999999691
9e8d155992fe381ede5d474f7119d29b	d__Eukaryota; p__Cercozoa; c__Glissomonadida; o__Glissomonadida; f__Glissomonadida; g__Glissomonadida; s__metagenome	0.999754882
e5cde43c8a7fe77ebd7c58f46e12a0c7	d__Eukaryota; p__Chlorophyta; c__Chlorophyceae; o__Chlorophyceae; f__Chlorophyceae; g__Chlorophyceae	0.999568687
6f447e898f55b16fe078abf0a7b4e975	d__Eukaryota; p__Ascomycota; c__Eurotiomycetes; o__Eurotiales; f__Aspergillaceae; g__Aspergillus	0.988002905
1410b204d99e90e606b3f5d9f5b0b3c3	d__Eukaryota; p__Nematozoa; c__Chromadorea; o__Rhabditida; f__Rhabditida; g__Rhabditida; s__Nematoda_environmental	0.999973499
e8a5d58566034c3abff46790d5215ade	d__Eukaryota; p__Diatomea; c__Bacillariophyceae; o__Bacillariophyceae; f__Bacillariophyceae; g__Fistulifera; s__Fistulifera_pelliculosa	0.997027005
21f7bfe7b67abedc4002e967eb4ef0d9	d__Eukaryota; p__SAR; c__Labyrinthulomycetes; o__Labyrinthulomycetes; f__Labyrinthulomycetes; g__Sorodiplophrys; s__Sorodiplophrys_stercorea	0.999999305
f075cffded6f05719dfcfdcd159e171c	d__Eukaryota; p__Ochrophyta; c__Chrysophyceae; o__Ochromonadales; f__Ochromonadales; g__Ochromonas	0.892347696
412b6481dc68bc135c941ffed158231b	d__Eukaryota	0.999999991
7a6de1f6cf0c5607a9ce97378b3d8357	d__Eukaryota; p__LKM15; c__LKM15; o__LKM15; f__LKM15; g__LKM15; s__Mitosporidium_daphniae	0.987977594
2ef5e1d1b7fa13e13d68456a8ab5aff4	d__Eukaryota; p__Amoebozoa; c__Tubulinea; o__Echinamoebida; f__Echinamoebida; g__Echinamoebida; s__metagenome	1
95cde1b10167a255276afb3fc08dabdf	d__Eukaryota; p__Ascomycota; c__Dothideomycetes	0.974984189
ecd81c621d38fada0623a56b386caf4f	d__Eukaryota; p__Cercozoa; c__Imbricatea; o__Imbricatea; f__Euglyphida; g__Euglypha; s__Euglypha_filifera	0.999906078
342f0391932f53e4a9c457fd8d0f242b	d__Eukaryota; p__Ascomycota; c__Eurotiomycetes; o__Eurotiales; f__Trichocomaceae; g__Talaromyces	0.889247531
b889639752d766c0bfe3262ee1444615	d__Eukaryota	1
8efb2571d65f351aca3d73d3d55cb56b	d__Eukaryota; p__Phragmoplastophyta; c__Embryophyta; o__Bryophyta; f__Bryophyta; g__Bryophyta	0.725555876
a304267a2760242828831de304c9ea9d	d__Eukaryota; p__LKM15; c__LKM15; o__LKM15; f__LKM15; g__LKM15; s__uncultured_eukaryote	0.995749812
edc338ccef14c0bc3616f0da74e5a4a2	d__Eukaryota	1
91a009fd39b9385c4a122e6cff6e0d3c	d__Eukaryota; p__Cercozoa; c__Phytomyxea; o__Phytomyxea; f__Phytomyxea; g__uncultured; s__Spongospora_subterranea	0.99997856
50d9b8307832e9055152a79dff96c70e	d__Eukaryota; p__Cercozoa; c__uncultured; o__uncultured; f__uncultured; g__uncultured; s__metagenome	0.883775416
61d6c4f5a4a64b407ade61fef3848250	d__Eukaryota; p__Cercozoa; c__Vampyrellidae; o__Vampyrellidae; f__Vampyrellidae; g__Vampyrellidae	0.999260693
091a67d3500d65f8fc40b3af950c8d63	d__Eukaryota; p__Chytridiomycota; c__Chytridiomycetes	0.823186928
5a55c6f6c8e65649769a89b2b8d7826a	d__Eukaryota; p__SAR; c__Labyrinthulomycetes; o__Labyrinthulomycetes; f__Labyrinthulomycetes; g__Sorodiplophrys; s__metagenome	0.947712504
8603567e63347a96e0ae816f59bf444f	d__Eukaryota; p__Gracilipodida; c__Gracilipodida; o__Gracilipodida; f__Gracilipodida; g__Flamella; s__Macrotyloma_uniflorum	0.999228001
d5e7112e55a6fd59089aaf29ed453f4d	d__Eukaryota; p__Cercozoa; c__Glissomonadida; o__Glissomonadida; f__Glissomonadida; g__Glissomonadida; s__metagenome	0.998152322
02f285d7bb202017a0efff546ee59a5c	d__Eukaryota; p__Cercozoa; c__Imbricatea; o__Imbricatea; f__Euglyphida; g__Trinema; s__metagenome	0.709942465
f4e6742dc9dec52a9647498e9a9d9ec1	d__Eukaryota; p__Cercozoa; c__Incertae_Sedis; o__Incertae_Sedis; f__Incertae_Sedis; g__Gymnophrys; s__uncultured_eukaryote	0.879306082
90a31abdd08ab8d635cd0b76324b8ea7	d__Eukaryota; p__Chlorophyta; c__Chlorophyceae; o__Chlorophyceae; f__Chlorophyceae; g__Chlorophyceae	0.932583588
56128aaaa4ed98a95d72f0e6765e7dce	d__Eukaryota; p__Chytridiomycota	0.734529561
bff929684587a69aefd19305d3f17fb6	d__Eukaryota; p__Gracilipodida; c__Gracilipodida; o__Gracilipodida; f__Gracilipodida; g__Flamella; s__uncultured_marine	0.956866152
c5c1a737569afa2a4d8923003aeebdce	d__Eukaryota; p__Phragmoplastophyta	0.848068622
fae7184245add782d739709698ace639	d__Eukaryota; p__Ascomycota; c__Dothideomycetes; o__Pleosporales	0.912242758
23666dacc27b694540424f9cf8f31a84	d__Eukaryota	1
45b3788b042c92eecd3a5a8fb6102488	d__Eukaryota	1
95ff95b0c9b1c5126294c2b12f8dc4de	d__Eukaryota	1
e8d49ab30a176181b0ce472dd9de92a4	d__Eukaryota; p__Aphelidea; c__Aphelidea; o__Aphelidea; f__Aphelidea; g__uncultured	0.913920881
d9c25d99669a6057a51f355e068093fe	d__Eukaryota; p__Phragmoplastophyta; c__Embryophyta; o__Magnoliophyta; f__Magnoliophyta; g__Magnoliophyta	0.993777311
38f4c47da47ffc5ddded70c35a3d3db3	d__Eukaryota	0.999999995
da207043e4f937b1e5e57b90101c0304	d__Eukaryota	1
51fa48e91070bb5140aba511a80296a6	d__Eukaryota; p__Ciliophora; c__Intramacronucleata; o__Spirotrichea; f__Hypotrichia; g__Hypotrichia; s__Anteholosticha_monilata	0.748526342
094379e7c6e0e3ed64d60eea9da480b1	d__Eukaryota; p__Ascomycota; c__Eurotiomycetes; o__Eurotiales; f__Trichocomaceae; g__Talaromyces	0.767357552
592510bbc0bfe5698a0891b3f72b3c45	d__Eukaryota; p__Peronosporomycetes; c__Peronosporomycetes; o__Peronosporomycetes; f__Peronosporomycetes; g__Pythium	0.997420775
014b6f1eace6ac76f19f95c6431623fd	d__Eukaryota; p__Aphelidea; c__Aphelidea; o__Aphelidea; f__Aphelidea; g__Paraphelidium	0.925491607
c12ff76b922680b84c052a67bd762879	d__Eukaryota; p__Chytridiomycota; c__Chytridiomycetes; o__Lobulomycetales; f__Lobulomycetaceae	0.940947272
fecf93b4ea73bc2c2a34c98b1c987bf7	d__Eukaryota; p__Nematozoa; c__Chromadorea; o__Tylenchida; f__Tylenchida; g__Tylenchida; s__Filenchus_hamuliger	0.760091205
a3e8b915e4602c8d693f0454e302b576	d__Eukaryota; p__Cercozoa; c__Vampyrellidae; o__Vampyrellidae; f__Vampyrellidae; g__Vampyrellidae; s__Platyreta_germanica	0.99838502
ee779cae541d6320e2ca2188f663c633	d__Eukaryota; p__Peronosporomycetes; c__Peronosporomycetes; o__Peronosporomycetes; f__Peronosporomycetes; g__Aphanomyces; s__Aphanomyces_astaci	0.961570198
37b666ed25df4e3a52b090b12c9cbb0b	d__Eukaryota; p__Phragmoplastophyta; c__Embryophyta; o__Magnoliophyta; f__Magnoliophyta; g__Magnoliophyta	0.993260404
d271e87da018b20f35f87d0f834b3b0e	d__Eukaryota; p__Phragmoplastophyta; c__Embryophyta; o__Magnoliophyta; f__Magnoliophyta; g__Magnoliophyta	0.990003106
b2baeb8702a9d7f97fcc9f65b6e42e82	d__Eukaryota; p__Gracilipodida; c__Gracilipodida; o__Gracilipodida; f__Gracilipodida; g__Telaepolella; s__Telaepolella_sp.	0.98499342
4d5a0602d3cf9b58cd53d2772493bd63	d__Eukaryota; p__Amoebozoa; c__Discosea; o__Centramoebida; f__Centramoebida; g__Acanthamoeba	0.824457251
bc77ffafe4e5e5b8badd19d838bcb579	d__Eukaryota; p__Basidiomycota; c__Agaricostilbomycetes; o__Agaricostilbales	0.977456138
259e1892b6427d9f2c1286f8bb03a1cc	d__Eukaryota; p__Dinoflagellata; c__Dinophyceae; o__Gymnodiniphycidae	0.707395212
a3f500113e7a4752a6de7eb568d8778f	d__Eukaryota; p__Ascomycota; c__Pezizomycetes; o__Pezizales; f__Pyronemataceae; g__Miladina; s__Miladina_lecithina	0.782103825
248e7c08f39c78ed15cfbcdecf3cdb9f	d__Eukaryota	0.999999978
0be48a9cc6a99ab03375be97a872ef04	d__Eukaryota; p__Rotifera; c__Bdelloidea; o__Adinetida; f__Adinetida; g__Adinetida; s__Biomphalaria_glabrata	0.830386318
dc5408bebcd2b80ba6b9ed6325b8c448	d__Eukaryota; p__SAR; c__Labyrinthulomycetes; o__Labyrinthulomycetes; f__Labyrinthulomycetes; g__Sorodiplophrys; s__Sorodiplophrys_stercorea	0.999979926
2760bde062ca45ff13359aacf859eb86	d__Eukaryota; p__Amoebozoa; c__Amoebozoa; o__Amoebozoa; f__Amoebozoa; g__Amoebozoa; s__metagenome	0.817468235
c5688949489fed51f46fe2d96100600e	d__Eukaryota; p__Gracilipodida; c__Gracilipodida; o__Gracilipodida; f__Gracilipodida; g__Telaepolella; s__Telaepolella_sp.	0.999364211
c9f9141d6e86e70ad91270c228d36c51	d__Eukaryota; p__Ciliophora; c__Intramacronucleata; o__Conthreep; f__Colpodea; g__Colpoda; s__metagenome	0.898288181
aec6ea811c7f650fd4259f237f87911b	d__Eukaryota; p__Cercozoa; c__Cercomonadidae; o__Cercomonadidae; f__Cercomonadidae; g__uncultured; s__metagenome	0.982277286
d1109ceed0f3e4ac4c8211baf903c5c8	d__Eukaryota; p__Cryptomycota; c__Incertae_Sedis; o__Incertae_Sedis; f__Incertae_Sedis; g__Paramicrosporidium; s__uncultured_eukaryote	0.999991206
c434706b456ad907433f0e1c1a1c286d	d__Eukaryota; p__SAR; c__Labyrinthulomycetes; o__Labyrinthulomycetes; f__Labyrinthulomycetes; g__Sorodiplophrys; s__metagenome	0.99936691
f69eeb1b35cceb64e3800183cafb3e0f	d__Eukaryota	1
9fa57d4c7aa6b4b8d4b0d8aa6bcb40cc	d__Eukaryota; p__Zoopagomycota; c__Incertae_Sedis	0.743095105
9a222d1b9e956035b6e78b74ae67f7d3	d__Eukaryota; p__LKM15; c__LKM15; o__LKM15; f__LKM15; g__LKM15; s__uncultured_eukaryote	0.973408119
0a86a7cddad5e250737bdb8641e5fe60	d__Eukaryota; p__Amoebozoa; c__Discosea; o__Vannellida; f__Vannellida; g__Protosteliopsis; s__Vannella_sp.	0.962322879
517b6fcc0d2600dfecc18154148fbcf5	d__Eukaryota; p__Cercozoa; c__Glissomonadida; o__Glissomonadida; f__Glissomonadida; g__Glissomonadida; s__metagenome	0.876002328
ef4ebfcc03229ad5f128e1fd022a90de	d__Eukaryota; p__Basidiomycota; c__Ustilaginomycetes; o__Ustilaginales; f__Ustilaginaceae; g__Melanopsichium; s__uncultured_eukaryote	0.801965916
1e9e113bd12b0036ddc203b83140b46a	d__Eukaryota; p__Chytridiomycota	0.707315845
a963af594bc16a53b491fd77602e87d2	d__Eukaryota; p__Cercozoa; c__Vampyrellidae; o__Vampyrellidae; f__Vampyrellidae; g__Vampyrella; s__uncultured_eukaryote	0.969850366
6a8eef7710ff6b929bf56d21b9552327	d__Eukaryota; p__Cercozoa; c__Imbricatea; o__Spongomonadida; f__Spongomonadida; g__Spongomonas; s__metagenome	0.990585415
e02b26a261bdc298c4ec63ddd3543f67	d__Eukaryota; p__Amoebozoa; c__Tubulinea; o__Leptomyxida; f__Leptomyxida; g__Flabellula; s__metagenome	0.999999495
9dd1bb91f50a9c0078b4228d6ad4a307	d__Eukaryota; p__Cercozoa; c__uncultured; o__uncultured; f__uncultured; g__uncultured; s__metagenome	0.970841355
c03cb1e40c3c438167bc0de618387b3e	d__Eukaryota; p__Peronosporomycetes; c__Peronosporomycetes; o__Peronosporomycetes; f__Peronosporomycetes	0.998394112
e07e978e941eb56d295051228e6168ea	d__Eukaryota; p__Gracilipodida; c__Gracilipodida; o__Gracilipodida; f__Gracilipodida; g__Telaepolella; s__Telaepolella_sp.	0.959675131
dcb09068ddf863713ebed535bdef4b22	d__Eukaryota; p__Chlorophyta; c__Chlorophyceae; o__Chlorophyceae; f__Chlorophyceae; g__Chlorophyceae	0.982281612
627443c31c3bd000c4851cd6cd60df4d	d__Eukaryota; p__Centrohelida; c__Centrohelida; o__Centrohelida; f__Acanthocystidae; g__Pterocystis	0.719895051
183d09e5b92344cea9ab67a8360a486e	d__Eukaryota; p__Ascomycota; c__Incertae_Sedis; o__Incertae_Sedis; f__Incertae_Sedis; g__Lecophagus	0.998044975
c67420977b8fabce0283b123d671697e	d__Eukaryota; p__Amoebozoa; c__Amoebozoa; o__Amoebozoa; f__Amoebozoa; g__Amoebozoa; s__metagenome	0.902767366
5f40e842360f7c1310d5a0527ee92283	d__Eukaryota; p__SAR; c__Labyrinthulomycetes; o__Labyrinthulomycetes; f__Labyrinthulomycetes; g__Sorodiplophrys; s__Sorodiplophrys_stercorea	0.840817855
cc82c40eba66c0726a25b1b564fb33d1	d__Eukaryota; p__Cercozoa; c__Thecofilosea; o__Thecofilosea; f__Thecofilosea; g__Thecofilosea; s__metagenome	0.99861933
ad48715ba39e3ace1de75814c5cd2576	d__Eukaryota; p__Basidiomycota; c__Agaricomycetes; o__Gomphales; f__Gomphaceae; g__Clavariadelphus; s__Clavariadelphus_pistillaris	0.96772588
82e4c989c1da1e1a89d663b42d9f6314	d__Eukaryota; p__Microsporidia; c__Microsporidia; o__Microsporidia; f__Microsporidia; g__Microsporidia	0.999362687
414426427d32f51f9548412e24e0b607	d__Eukaryota	1
e15db609e470c30bc076a680abb97d85	d__Eukaryota; p__Amoebozoa; c__Tubulinea; o__Euamoebida; f__Euamoebida; g__Euamoebida	0.999250855
0e2c65a660998a656836ef8b515cce55	d__Eukaryota; p__Heterolobosea; c__Tetramitia; o__Tetramitia; f__Tetramitia; g__Singhamoeba; s__Singhamoeba_horticola	0.782823339
9822288a83b166bbe6cc7bdbb73c433c	d__Eukaryota; p__Cavosteliida; c__Cavosteliida; o__Cavosteliida; f__Cavosteliida; g__Cavosteliida; s__Gephyramoeba_sp.	0.997953599
b15e9b84f99687cc901de83e391bc628	d__Eukaryota; p__Ciliophora; c__Intramacronucleata; o__Litostomatea; f__Haptoria; g__Dileptus; s__Dileptus_sp.	0.919441802
9ea93cca9edebb4488dca11daa6ae9fd	d__Eukaryota; p__Cercozoa; c__Imbricatea; o__Imbricatea; f__Euglyphida; g__Trinema	0.831916339
8eddc7960c08df8c96d2307f1ec30399	d__Eukaryota; p__Mucoromycota; c__Incertae_Sedis; o__Endogonales; f__Endogonaceae; g__Endogone	0.841127145
f8e7ef0c260de5d5116d431e0c047f56	d__Eukaryota; p__Mucoromycota; c__Incertae_Sedis; o__Endogonales; f__Endogonaceae; g__Endogone; s__uncultured_fungus	0.971717728
b8b733a65dd8c39ac06837c9a12a7770	d__Eukaryota; p__Ciliophora; c__Intramacronucleata; o__Conthreep; f__Colpodea; g__Maryna; s__Maryna_ovata	0.786753251
6d1c6ad8e8f348a73029243755ec894f	d__Eukaryota; p__Peronosporomycetes; c__Peronosporomycetes; o__Peronosporomycetes; f__Peronosporomycetes; g__Pythium	0.784662395
c632e1f0f01e347c0127b8ea2cf07724	d__Eukaryota; p__Cercozoa; c__Cercomonadidae; o__Cercomonadidae; f__Cercomonadidae	0.999442097
139f51d2a7548d90032b97f2ccc1bc3d	d__Eukaryota; p__Cercozoa	0.999837511
3fd3757e6401256e805595627b8babc0	d__Eukaryota; p__Chytridiomycota	0.766352747
e972ac7379179e5cfaf01185a4b992c4	d__Eukaryota	1
6b3c4531341b900563d7b6a8ae5933f5	d__Eukaryota	0.999998802
c8586b7c8973a9428216bdabc46a07c0	d__Eukaryota; p__Bicosoecida; c__Bicosoecida; o__Bicosoecida; f__Bicosoecida; g__Bicosoecida; s__Adriamonas_peritocrescens	0.703998385
13f3455db458e46f13ba34e14baacdd9	d__Eukaryota	1
87e75f92146a4d359c50401842a15dfc	d__Eukaryota; p__Cercozoa; c__Glissomonadida; o__Glissomonadida; f__Glissomonadida; g__Glissomonadida; s__metagenome	0.999602001
d8a056c8278fe0fbeaabe3dd417bbc56	d__Eukaryota; p__Ciliophora; c__Intramacronucleata; o__Conthreep; f__Colpodea; g__Colpoda; s__metagenome	0.906406254
dbcf91de3a61108ae651925a43c06861	d__Eukaryota; p__Phragmoplastophyta; c__Embryophyta; o__Bryophyta; f__Bryophyta; g__Bryophyta	0.811899858
3de77f71176bd9a96838581cfc81e9ae	d__Eukaryota; p__Apicomplexa; c__Conoidasida; o__Gregarinasina; f__Eugregarinorida; g__uncultured; s__uncultured_alveolate	0.706258914
946f74875294bbe0a7f920336fd1c58d	d__Eukaryota; p__Cercozoa; c__Cercomonadidae; o__Cercomonadidae; f__Cercomonadidae; g__Cercomonadidae; s__metagenome	0.817868993
faa8dc5ec36c4449fa510455a29b06b0	d__Eukaryota; p__Cercozoa; c__Thecofilosea; o__Thecofilosea; f__Thecofilosea; g__Thecofilosea; s__metagenome	0.903671501
a14b30fb6b60b8249713a00f0e5cc04c	d__Eukaryota; p__Ascomycota; c__Eurotiomycetes; o__Eurotiales; f__Aspergillaceae; g__Aspergillus	0.98150542
78658adf3f054d52e3bcde8dc2b17458	d__Eukaryota; p__Ascomycota; c__Lecanoromycetes	0.817063422
95bbe8e0c36de778f49632d67f567f09	d__Eukaryota	1
7e57b3bcea8ec673aff7de41fcebab38	d__Eukaryota; p__Schizoplasmodiida; c__Schizoplasmodiida; o__Schizoplasmodiida; f__Schizoplasmodiida; g__Schizoplasmodiida; s__Schizoplasmodium_cavostelioides	0.959880102
f7c9c6a0655b6ae2167549590ac78f3a	d__Eukaryota; p__Cercozoa; c__Thecofilosea	0.99942932
a5fa505885fe6466bae6150ba54df17b	d__Eukaryota; p__Ascomycota; c__Pezizomycetes; o__Pezizales; f__Pyronemataceae; g__Miladina; s__Miladina_lecithina	0.995021036
61c4d29b08fba04969f63b98afc4644d	d__Eukaryota; p__Peronosporomycetes; c__Peronosporomycetes; o__Peronosporomycetes; f__Peronosporomycetes; g__Lagenidium	0.828817385
1fe46b2e2bf12a6a7408550ce37669ce	d__Eukaryota	1
821866b7fb398d9b5e911c56460b6050	d__Eukaryota; p__Peronosporomycetes; c__Peronosporomycetes; o__Peronosporomycetes; f__Peronosporomycetes; g__Pythium; s__Pythium_iwayamai	0.807336723
58d670f4fb950124259074fb298dbd78	d__Eukaryota; p__Amoebozoa; c__Discosea; o__Vannellida; f__BIO10-D10; g__BIO10-D10; s__Vannella_sp.	1
1e167be7622ff6cc667fdc9c5f605240	d__Eukaryota; p__Diatomea; c__Bacillariophyceae; o__Bacillariophyceae; f__Bacillariophyceae	0.999554091
3c08b411747eba69b26a252ce9858abc	d__Eukaryota; p__Chlorophyta; c__Chlorophyceae; o__Chlorophyceae; f__Chlorophyceae; g__Chlorophyceae	0.969796309
762a66dc765b4ea3ae382245ceb635b0	d__Eukaryota; p__Cercozoa; c__Vampyrellidae; o__Vampyrellidae; f__Vampyrellidae; g__Vampyrella; s__uncultured_eukaryote	0.989462465
fc846fdb2851bbe29a88174339749361	d__Eukaryota; p__Cercozoa	0.999909603
efdf6c6e0bccec6435bdfdc64c655d72	d__Eukaryota	1
8b6bd5d7b4f1bc530aa52a186aa78cdb	d__Eukaryota	1
e8df4c8a4ffad79e79b066d7ed6782d8	d__Eukaryota; p__Ascomycota; c__Eurotiomycetes; o__Onygenales	0.94481972
61e0dc00dc75cdda5fb23361db38f0c9	d__Eukaryota; p__Amoebozoa; c__Discosea; o__Centramoebida; f__Centramoebida; g__Centramoebida; s__uncultured_eukaryote	1
a40605dffa6b13632d76974c58d0ae08	d__Eukaryota; p__Ciliophora; c__Intramacronucleata; o__Conthreep; f__Colpodea; g__Bromeliothrix; s__Corchorus_olitorius	0.952874905
6bff38833b2a5823a496be079cf870ed	d__Eukaryota; p__Phragmoplastophyta; c__Embryophyta; o__Magnoliophyta; f__Magnoliophyta; g__Magnoliophyta	0.99399861
cabfd599311877fe899a72140a53eeb4	d__Eukaryota; p__Cercozoa; c__Glissomonadida; o__Glissomonadida; f__Glissomonadida	0.992408514
29388e1369a2e5aa023405f705b5ec83	d__Eukaryota; p__Mucoromycota; c__Incertae_Sedis; o__Mortierellales; f__Mortierellaceae; g__Mortierella; s__Mortierella_alpina	0.79727526
02755c8c2c287b5e40a87847118ea64c	d__Eukaryota; p__Nematozoa; c__Chromadorea; o__Tylenchida; f__Tylenchida; g__Tylenchida; s__Filenchus_hamuliger	0.837989517
0130e620edf4b120d6cab9c214cd472e	d__Eukaryota; p__SAR; c__Labyrinthulomycetes; o__Labyrinthulomycetes; f__Labyrinthulomycetes; g__Sorodiplophrys; s__metagenome	0.999710573
ba6eeb779f0ce05b05a0c6d25600ad7d	d__Eukaryota; p__Ciliophora; c__Intramacronucleata; o__Conthreep; f__Colpodea; g__uncultured; s__metagenome	0.961736482
b661969e82e7d92551105db86d75f262	d__Eukaryota; p__Aphelidea; c__Aphelidea; o__Aphelidea; f__Aphelidea; g__uncultured; s__uncultured_fungus	0.967870375
2ab3e78b69c3b434e8d429aeacf64406	d__Eukaryota; p__Chytridiomycota; c__Chytridiomycetes; o__Incertae_Sedis; f__Incertae_Sedis; g__Catenomyces; s__Catenomyces_persicinus	0.987323862
e206f768181720244ad39ab18937b749	d__Eukaryota	1
76e362f0a08dca8defd51be312d93c74	d__Eukaryota; p__Cercozoa; c__Imbricatea; o__Imbricatea; f__Euglyphida; g__Euglypha; s__Euglypha_filifera	0.999968134
20b70c1358ffa3a7d46b95bbc25a71ce	d__Eukaryota; p__Basidiomycota; c__Tremellomycetes; o__Tremellales; f__Phaeotremellaceae; g__Phaeotremella; s__Phaeotremella_skinneri	0.902992822
738b90280379db6d3e51f3200d7a055f	d__Eukaryota; p__Heterolobosea; c__Tetramitia; o__Tetramitia; f__Tetramitia; g__Allovahlkampfia; s__Allovahlkampfia_sp.	0.903597143
a6c1ced440d912d10765cf5769f829e1	d__Eukaryota; p__Mucoromycota; c__Glomeromycetes	0.71253024
88f64a24829631a1ed0ab4fb70246bac	d__Eukaryota; p__Diatomea; c__Bacillariophyceae; o__Bacillariophyceae; f__Bacillariophyceae	0.999927046
794d6d866021a32210fc8c4839b959f5	d__Eukaryota; p__Basidiomycota; c__Tremellomycetes; o__Tremellales; f__Bulleribasidiaceae	0.998226696
06c60f0f257d46036be4a06f4dad07a0	d__Eukaryota; p__Cercozoa; c__Cercomonadidae; o__Cercomonadidae; f__Cercomonadidae; g__Cercomonadidae; s__metagenome	0.744635496
6fa24ebc9750ed8b3586058b0cddd3c2	d__Eukaryota; p__Cercozoa; c__Vampyrellidae; o__Vampyrellidae; f__Vampyrellidae; g__Vampyrellidae; s__Platyreta_germanica	0.99865586
223b316241495f09416b4c63ca1a70d5	d__Eukaryota	1
38a5cd9f230090bcac0d5863fddc9387	d__Eukaryota	0.999998993
f0b97f8996150b92a68001a5a80f2020	d__Eukaryota; p__Ascomycota; c__Eurotiomycetes; o__Onygenales	0.934002769
c24cca16e86542531cd25d7804d54810	d__Eukaryota; p__Cercozoa; c__Imbricatea; o__Imbricatea; f__Euglyphida	0.999578082
0c516520165d35b1c4badee6f5ac1302	d__Eukaryota; p__Ascomycota; c__Dothideomycetes; o__Pleosporales; f__Pleosporaceae; g__Alternaria; s__Alternaria_solani	0.855157762
dd0b9fe84ca5ce3eacbfb54deb3a78e4	d__Eukaryota; p__Cercozoa; c__Cercomonadidae; o__Cercomonadidae; f__Cercomonadidae; g__Paracercomonas; s__metagenome	0.926274183
7605f16c8a5edb70a51d1fc22fb8dd13	d__Eukaryota; p__LKM15; c__LKM15; o__LKM15; f__LKM15; g__LKM15	0.978112162
6b92aed6e431f1990c1f017e04ab2a1b	d__Eukaryota; p__Cercozoa; c__uncultured; o__uncultured; f__uncultured; g__uncultured; s__metagenome	0.999872475
fe0c5f06dc8cfa9ab96a9060f5bcd8f0	d__Eukaryota; p__Ciliophora; c__Intramacronucleata; o__Conthreep; f__Colpodea; g__Maryna; s__Maryna_ovata	0.84534012
4feb5aab4fe80954ffe927cb4da956b9	d__Eukaryota; p__Gastrotricha; c__Gastrotricha; o__Chaetonotida; f__Chaetonotida; g__Chaetonotida; s__Chaetonotus_sp.	0.768253402
44807feaa7c17b802a22e08cdc1ec848	d__Eukaryota; p__Basidiomycota; c__Pucciniomycetes; o__Pucciniales; f__Pucciniaceae; g__Puccinia	0.999881444
55047da68522cfb187c3441e015a87b4	d__Eukaryota; p__Chytridiomycota; c__Chytridiomycetes; o__Rhizophydiales; f__uncultured; g__uncultured; s__uncultured_fungus	0.973621685
ba77252f4e1f66c15ac022df194aeac0	d__Eukaryota; p__Apicomplexa; c__Conoidasida; o__Gregarinasina; f__Eugregarinorida; g__uncultured; s__uncultured_alveolate	0.991779555
115dc465bcb54840bd0bdb75523fee94	d__Eukaryota; p__Cercozoa; c__Cercomonadidae; o__Cercomonadidae; f__Cercomonadidae; g__Cercomonas; s__uncultured_Thaumatomonadida	0.9969438
96663ccdec538781ad81777bb7dc2c49	d__Eukaryota; p__Cryptomycota; c__LKM11; o__LKM11; f__LKM11; g__LKM11; s__uncultured_eukaryote	0.972035781
e1fd2b622e9079790c41c56b916ee5d1	d__Eukaryota; p__Cercozoa; c__Cercomonadidae; o__Cercomonadidae; f__Cercomonadidae; g__uncultured; s__metagenome	0.999999998
4edc2e225a37caecadea9ef713e08149	d__Eukaryota; p__Gracilipodida; c__LEMD267; o__LEMD267; f__LEMD267; g__LEMD267; s__metagenome	1
adf415e367a6fccae35b03abce41d9aa	d__Eukaryota; p__Klebsormidiophyceae; c__Klebsormidiophyceae; o__Klebsormidiophyceae; f__Klebsormidiophyceae; g__Klebsormidiophyceae	0.999885184
2dc591e5ae5dd36f4ffa510d3f1cda0d	d__Eukaryota; p__Amoebozoa; c__Tubulinea; o__Euamoebida; f__Euamoebida; g__Hartmannella; s__Nolandella_sp.	0.968671206
82aef471a1c5015bce0f964f356471bc	d__Eukaryota; p__Ciliophora; c__Intramacronucleata; o__Spirotrichea; f__Hypotrichia; g__Hypotrichia	0.999060687
d275de2292ad63d56e43b160f6e3716a	d__Eukaryota; p__Cercozoa; c__uncultured; o__uncultured; f__uncultured; g__uncultured; s__uncultured_Cercozoa	0.999995109
b2cde9ccf3d72bf4faaaeb9511c560f4	d__Eukaryota; p__Ochrophyta; c__Xanthophyceae; o__Tribonematales; f__Tribonematales	0.714910273
a686f2ed4025d65b1c38a068f5218750	d__Eukaryota; p__Cercozoa	0.999734405
8eef89724f57126b8cc3bcddedd460e9	d__Eukaryota; p__SAR; c__Labyrinthulomycetes; o__Labyrinthulomycetes; f__Labyrinthulomycetes; g__Sorodiplophrys; s__metagenome	1
5501271d839c261cbb5e814d0e8eadb0	d__Eukaryota; p__Incertae_Sedis; c__Incertae_Sedis; o__Incertae_Sedis; f__Incertae_Sedis; g__Incertae_Sedis; s__metagenome	0.999997109
85eada23f6ad439ff30b0c4eaf63ae14	d__Eukaryota; p__Heterolobosea; c__Tetramitia; o__Tetramitia; f__Tetramitia; g__Allovahlkampfia	0.721138592
6d8b57cd0b48f52df68728836293968a	d__Eukaryota; p__Cercozoa; c__Imbricatea; o__Imbricatea; f__Euglyphida; g__Euglypha	0.706427739
214ccb77e4a9b22d70dbb5e83b9a80a9	d__Eukaryota; p__Chlorophyta; c__Chlorophyceae; o__Chlorophyceae; f__Chlorophyceae; g__Chlorophyceae; s__Chlamydomonadaceae_sp.	0.800144987
01f71e1281384b0090eddcd4e8e05cb4	d__Eukaryota; p__Cercozoa; c__Cercomonadidae; o__Cercomonadidae; f__Cercomonadidae; g__uncultured; s__metagenome	0.91545961
a054e61de0e84a13467c615edabe5c9a	d__Eukaryota; p__Cryptomycota; c__LKM11; o__LKM11; f__LKM11; g__LKM11; s__uncultured_eukaryote	0.971807188
e7a5f876fdd4b59765faf3bcd958ba61	d__Eukaryota; p__Chlorophyta; c__Chlorophyceae; o__Chlorophyceae; f__Chlorophyceae; g__Chlorophyceae; s__uncultured_Chlamydomonadales	0.999999363
0433f03d0ad861ddb23b4d771c08bad3	d__Eukaryota; p__Ascomycota; c__Orbiliomycetes; o__Orbiliales; f__Orbiliaceae; g__Dactylella; s__Dactylella_oxyspora	0.999844844
5f955b14678d153dda983a02c2c7ccc6	d__Eukaryota; p__Cercozoa; c__Incertae_Sedis; o__Incertae_Sedis; f__Incertae_Sedis; g__Kraken; s__metagenome	1
4adfb74fffa9e7a6b60c88aab9a5b51b	d__Eukaryota; p__Ochrophyta; c__Xanthophyceae; o__Mischococcales; f__Mischococcales; g__Chlorellidium; s__Chlorellidium_tetrabotrys	0.986281653
9467c5477f915c5dab3453066f10c77e	d__Eukaryota; p__Chytridiomycota; c__Chytridiomycetes; o__Rhizophydiales; f__uncultured; g__uncultured	0.751519278
b394eeb4448865bf6bd4a46e592731ae	d__Eukaryota	0.999999994
a255f7e52b40b564cfa0c01618018fed	d__Eukaryota; p__Ochrophyta; c__Xanthophyceae; o__Mischococcales; f__Mischococcales; g__Chlorellidium; s__Chlorellidium_tetrabotrys	0.983954616
3cbfecd51198900b25ef397311e77254	d__Eukaryota; p__Cercozoa; c__Imbricatea; o__Spongomonadida; f__Spongomonadida; g__Spongomonas; s__metagenome	0.987230465
6566e3f7e063d685009d314911225a17	d__Eukaryota; p__Cercozoa; c__Cercomonadidae; o__Cercomonadidae; f__Cercomonadidae; g__Cercomonadidae; s__metagenome	0.704742861
1b71e08033f87fd093c15208f102bd78	d__Eukaryota	1
3c00c576d145a1452c6f25ff7fb8652d	d__Eukaryota; p__Cercozoa; c__Thecofilosea; o__Thecofilosea; f__Thecofilosea; g__uncultured; s__metagenome	0.991299691
cd0950e1b284feeeba6120dc19cfb746	d__Eukaryota; p__Ascomycota	0.748649951
3b7282adb20dcd736f02dc1ad6e8d8ff	d__Eukaryota; p__Cryptomycota; c__LKM11; o__LKM11; f__LKM11; g__LKM11	0.968972466
ad8796ddc50298ec6b8c6823f80221fd	d__Eukaryota; p__Bicosoecida; c__Bicosoecida; o__Bicosoecida; f__Bicosoecida; g__Bicosoecida; s__Adriamonas_peritocrescens	0.896294869
be1b56d1d24cfa5a3ff65967e39b4b14	d__Eukaryota; p__Cercozoa; c__Glissomonadida; o__Glissomonadida; f__Glissomonadida	0.99345745
e88ccb0720a10f72c7952c5578a27db7	d__Eukaryota; p__Basidiomycota; c__Agaricomycetes; o__Agaricales	0.883683551
98681a37af7c17eed73ed89403cea8ad	d__Eukaryota; p__SAR; c__Labyrinthulomycetes; o__Labyrinthulomycetes; f__Labyrinthulomycetes; g__Sorodiplophrys; s__metagenome	0.967892633
903eada3dde51cec2ea57c3a6fec8608	d__Eukaryota; p__Zoopagomycota; c__Incertae_Sedis; o__Zoopagales; f__Zoopagales; g__Acaulopage; s__Acaulopage_dichotoma	0.999999793
352db6e2ee38d36e171b9ef075bdf94d	d__Eukaryota; p__Ciliophora; c__Intramacronucleata; o__Conthreep; f__Colpodea; g__Microdiaphanosoma; s__Microdiaphanosoma_arcuatum	0.999506928
23a15d49453c13b97eb11cd70b38e442	d__Eukaryota; p__Phragmoplastophyta; c__Embryophyta	0.739211182
a155bbcd9b926fc5c86cd0e55e01b6fa	d__Eukaryota; p__Cercozoa; c__Novel_Clade_12; o__Novel_Clade_12; f__Novel_Clade_12; g__Novel_Clade_12; s__uncultured_freshwater	0.971822355
e10f7f7f79afa96900c233556a2663b0	d__Eukaryota; p__Chytridiomycota; c__Chytridiomycetes; o__Chytridiales; f__Chytriomycetaceae; g__Chytriomyces	0.715923865
cd80a5af4e5cccb24a38b8cd15bf7a1e	d__Eukaryota; p__Peronosporomycetes; c__Peronosporomycetes; o__Peronosporomycetes; f__Peronosporomycetes; g__Phytophthora; s__Phytophthora_infestans	0.884736069
613f2d7b641d04497851c50aa3368273	d__Eukaryota; p__Ciliophora; c__Intramacronucleata; o__Conthreep; f__Colpodea; g__Platyophrya; s__Platyophrya_vorax	0.851364785
d1d2e3a4a3dffbaa80becee8f419872f	d__Eukaryota; p__Ochrophyta; c__Xanthophyceae; o__Mischococcales; f__Mischococcales; g__Mischococcales; s__Botrydiopsis_sp.	0.875868378
23e5613d357d042762c5825e057882cf	d__Eukaryota	1
aba963076d04292d13e76cd47d168821	d__Eukaryota	0.999999994
edf9a3af631e58a97a093e12f9918a50	d__Eukaryota; p__Peronosporomycetes; c__Peronosporomycetes; o__Peronosporomycetes; f__Peronosporomycetes; g__Pythium; s__Oryza_sativa	0.721631248
e4625ff07bcaa40445442b13745268f9	d__Eukaryota; p__Ochrophyta; c__Chrysophyceae	0.99999825
e47683fe2e0583702d411ae13631e536	d__Eukaryota; p__Zoopagomycota; c__Incertae_Sedis; o__Zoopagales; f__Piptocephalidaceae; g__Piptocephalis; s__Piptocephalis_graefenhanii	0.968584362
d7cfa5bc73d663184f77c36a652f6a84	d__Eukaryota; p__Ciliophora; c__Intramacronucleata; o__Conthreep; f__Oligohymenophorea; g__Homalogastra; s__metagenome	0.904475358
335fe83daf3598787797fc6de55fd9e8	d__Eukaryota; p__Mucoromycota; c__Glomeromycetes; o__Glomerales; f__Glomeraceae; g__Funneliformis; s__Funneliformis_mosseae	0.719531382
8bb0e7ac918ebc9f9c7df31fb8552fe5	d__Eukaryota; p__Cercozoa; c__Imbricatea; o__Imbricatea; f__Euglyphida; g__Trinema	0.767529804
488932578a4b57f67f461739145b3dd5	d__Eukaryota; p__Basidiomycota; c__Tremellomycetes; o__Cystofilobasidiales; f__Cystofilobasidiaceae; g__Cystofilobasidium	0.999990327
6674d788ebffd0137e46d1a2da9bbf43	d__Eukaryota; p__Ciliophora; c__Intramacronucleata; o__Spirotrichea; f__Hypotrichia; g__Stylonychia; s__Sterkiella_sp.	0.910984628
615a82f6040a44658f599604364fa7f4	d__Eukaryota	1
71d4b8db58799194f94e7406ffafd934	d__Eukaryota; p__Phragmoplastophyta; c__Embryophyta; o__Magnoliophyta; f__Magnoliophyta; g__Magnoliophyta	0.989423599
dbf15b24f7d958dde967d4653529c905	d__Eukaryota; p__Ochrophyta; c__Xanthophyceae; o__Mischococcales; f__Mischococcales; g__Chlorellidium; s__Chlorellidium_tetrabotrys	0.999292076
8496ce136238512c41593bb2286ca826	d__Eukaryota	1
96da50c76dc848cdbe0f53b8a4d0d806	d__Eukaryota; p__Cryptomycota; c__LKM11; o__LKM11; f__LKM11; g__LKM11; s__uncultured_eukaryote	0.930098204
08aa699604972e5d03b1f83df440702c	d__Eukaryota	1
fb255b9036c356d2a54751ee6f16b3c1	d__Eukaryota; p__Ciliophora; c__Intramacronucleata; o__Spirotrichea; f__Hypotrichia; g__Hypotrichia	0.969611517
8351e825f5a10c6167be2bb20b10c1f5	d__Eukaryota; p__Chlorophyta; c__Chlorophyceae; o__Chlorophyceae; f__Chlorophyceae; g__Chlorophyceae	0.993429582
bb347864059b94a3b20b3698f9c4adae	d__Eukaryota; p__Apicomplexa; c__Conoidasida; o__Gregarinasina; f__Eugregarinorida; g__Eugregarinorida; s__Apicomplexa_sp.	0.999998606
d615bd4e5d5d4db2c8e4d717efe694a5	d__Eukaryota; p__Chlorophyta; c__Chlorophyceae; o__Chlorophyceae; f__Chlorophyceae; g__Chlorophyceae	0.999094046
96e81943b090efd6d173aa6576aec77f	d__Eukaryota; p__Amoebozoa; c__Amoebozoa; o__Amoebozoa; f__Amoebozoa; g__Amoebozoa; s__metagenome	0.734605635
53db9e91d6be24b5fbf2613bbf0daece	d__Eukaryota	1
ec3f17d254d48ed97799cb7d23b83726	d__Eukaryota; p__Amoebozoa; c__Tubulinea; o__Tubulinea; f__Tubulinea; g__Tubulinea; s__Tubulinea_group	0.999971845
c17e9bce3db0cb0fc4738db1dcc71900	d__Eukaryota	0.999999975
364d0ee18a72c4d89074798d1a3b3868	d__Eukaryota; p__Amoebozoa; c__Discosea; o__Centramoebida; f__Centramoebida; g__Acanthamoeba; s__Acanthamoeba_sp.	0.715132656
86a900a2af22e7611666a8fbf7cd70d4	d__Eukaryota; p__Apicomplexa; c__Conoidasida; o__Cryptosporida; f__Cryptosporida; g__Cryptosporidium; s__Colpodella_sp.	0.984829584
7920361134d68759a2e84aa37a84d5cd	d__Eukaryota; p__Nematozoa; c__Chromadorea; o__Tylenchida; f__Tylenchida; g__Tylenchida; s__Filenchus_hamuliger	0.88042127
52774a9f30788e52b138f6d31392c4ad	d__Eukaryota; p__Mucoromycota; c__Glomeromycetes; o__Glomerales; f__Claroideoglomeraceae; g__Claroideoglomus; s__metagenome	0.999988227
c19a5fc5bd15c2fceae500ae261e13b6	d__Eukaryota; p__Ciliophora; c__Intramacronucleata; o__Conthreep; f__Colpodea; g__Bromeliothrix; s__Corchorus_olitorius	0.860351901
e7eb3bffa93533b9302d2a6c64cd71e7	d__Eukaryota; p__Mollusca; c__Gastropoda; o__Heterobranchia; f__Heterobranchia; g__Heterobranchia; s__Acusta_despecta	0.79288079
6c882e7b0679b1f03bc0b064d1a30f4b	d__Eukaryota; p__Amoebozoa; c__Tubulinea; o__Echinamoebida; f__Echinamoebida; g__Vermamoeba; s__Vermamoeba_vermiformis	0.996627566
6b4316eb22f1dc236c7bd78ebaa3afdb	d__Eukaryota; p__Ascomycota; c__Pezizomycetes; o__Pezizales; f__Pyronemataceae	0.973245042
7a588dcd77526d8767cd4b713c028199	d__Eukaryota; p__Cryptomycota; c__LKM11; o__LKM11; f__LKM11; g__LKM11; s__eukaryotic_picoplankton	0.882194517
041125b0a8c80bb5aeab9adfccb192c1	d__Eukaryota; p__Basidiomycota; c__Microbotryomycetes; o__Sporidiobolales; f__Sporidiobolaceae	0.7156887
35039a2cb2097865e6d3b99baae53c80	d__Eukaryota; p__Ascomycota; c__Dothideomycetes; o__Botryosphaeriales; f__Botryosphaeriaceae; g__Lasiodiplodia; s__Lasiodiplodia_theobromae	0.896902917
e45d22540cf86d6e3f5e1a2df43fb0e7	d__Eukaryota; p__Zoopagomycota; c__Incertae_Sedis; o__Zoopagales; f__Piptocephalidaceae; g__Piptocephalis; s__Piptocephalis_graefenhanii	0.712545243
e6045642112afff6e9587d0fd4be74d6	d__Eukaryota; p__Ascomycota; c__Pezizomycetes; o__Pezizales; f__Pyronemataceae; g__Miladina; s__Miladina_lecithina	0.711497911
cf2362805fe38a5a67f8c22a9427486d	d__Eukaryota; p__Phragmoplastophyta; c__Embryophyta; o__Magnoliophyta; f__Magnoliophyta; g__Magnoliophyta	0.981633674
db63f691a9d2b49cb37c08e54d47da6e	d__Eukaryota; p__Phragmoplastophyta; c__Embryophyta; o__Magnoliophyta; f__Magnoliophyta; g__Magnoliophyta	0.995035125
4934ab6282d701bfb2cf0a6885f2458d	d__Eukaryota; p__Ciliophora; c__Intramacronucleata; o__Conthreep; f__Colpodea	0.999999982
0a2c0d3ecceeaa6fde8219933d78d608	d__Eukaryota; p__Rotifera; c__Bdelloidea; o__Adinetida; f__Adinetida; g__Adinetida	0.996260941
e685163bb1340913235c147a58c30783	d__Eukaryota; p__Nematozoa; c__Chromadorea; o__Monhysterida; f__Monhysterida; g__Monhysterida; s__metagenome	0.999999997
866f136b0e9d24579bf45f3eca28e882	d__Eukaryota; p__Chytridiomycota; c__Chytridiomycetes; o__Spizellomycetales	0.997739148
43c01edac295ee8241c4b9e8560d62a5	d__Eukaryota; p__Protosteliida; c__Protosteliida; o__Protosteliida; f__Protosteliida; g__Protosteliida; s__Cercozoa_sp.	1
de81a3466173afea25a1549f56227ec5	d__Eukaryota; p__Cercozoa; c__Imbricatea; o__Imbricatea; f__Euglyphida; g__uncultured; s__metagenome	0.999996611
c432b37a8bed5ea5808e00ba2dcbc49a	d__Eukaryota; p__Ascomycota; c__Dothideomycetes; o__Pleosporales; f__Pleosporaceae; g__Alternaria; s__Alternaria_solani	0.89085756
ec7ade19818b3259020395ab301da69a	d__Eukaryota; p__Peronosporomycetes; c__Peronosporomycetes; o__Peronosporomycetes; f__Peronosporomycetes; g__Lagenidium; s__Lagenidium_giganteum	0.72910967
50e50f53a53b47b59a0c69319b9062b5	d__Eukaryota; p__Chlorophyta; c__Trebouxiophyceae; o__Trebouxiophyceae; f__Trebouxiophyceae; g__Trebouxiophyceae; s__[Myrmecia]_bisecta	0.995839484
721e0cd28da07c4c2e0a7b326fb39486	d__Eukaryota; p__Ciliophora; c__Intramacronucleata; o__Litostomatea; f__Haptoria	0.934688017
506805e0b38062ec3c0bc79182e5c2bd	d__Eukaryota; p__Nematozoa; c__Chromadorea; o__Monhysterida; f__Monhysterida; g__Monhysterida; s__metagenome	0.999960183
925c4a76fe0823fef7e52f4bfa3d6e7d	d__Eukaryota; p__Ascomycota; c__Dothideomycetes; o__Capnodiales; f__Mycosphaerellaceae	0.75101699
9e7709c20b6dce7f2027614a8cc3058a	d__Eukaryota; p__Cercozoa; c__Thecofilosea; o__Thecofilosea; f__Thecofilosea; g__uncultured; s__metagenome	0.867966209
7884c325c9bed0decd110638a11e21c6	d__Eukaryota; p__Chytridiomycota; c__Chytridiomycetes; o__Incertae_Sedis; f__Incertae_Sedis; g__Catenomyces; s__Catenomyces_persicinus	0.784467223
2e6fd574876aed6c8060561b35dd07f8	d__Eukaryota; p__Basidiomycota; c__Tremellomycetes; o__Tremellales; f__Rhynchogastremataceae; g__Papiliotrema; s__Papiliotrema_flavescens	0.74730384
5498f2b3015df3c16ee52622bafa920a	d__Eukaryota; p__Mucoromycota; c__Glomeromycetes	0.999993101
d6b86e3f87ff4189b062bc476bd4e0e8	d__Eukaryota; p__Cercozoa	0.997853766
a5b7f28e554faf7b84f12a2ca4dc0418	d__Eukaryota; p__Gracilipodida; c__LEMD267; o__LEMD267; f__LEMD267; g__LEMD267; s__metagenome	0.999999983
b433361bdaa331ac8cfaf46aec95c13e	d__Eukaryota; p__SAR; c__Labyrinthulomycetes; o__Labyrinthulomycetes; f__Labyrinthulomycetes; g__Sorodiplophrys; s__metagenome	0.999816153
66256bd1eded2a34eb022f964658a421	d__Eukaryota; p__SAR; c__Labyrinthulomycetes; o__Labyrinthulomycetes; f__Labyrinthulomycetes; g__Sorodiplophrys; s__metagenome	0.999999183
a5b2dd59f3a3fc41a1d2ff88f364ffcd	d__Eukaryota	1
5023838f8b8dccd3791a12e61ade11ff	d__Eukaryota; p__Amoebozoa; c__Tubulinea; o__Tubulinea; f__Tubulinea; g__Tubulinea; s__Tubulinea_group	1
112e15639554eb9e47b7bed541f27286	d__Eukaryota; p__Mucoromycota; c__Incertae_Sedis; o__Mucorales; f__Mucoraceae; g__Mucor; s__Mucorales_sp.	0.956048617
f49e016f89dbcd34d7aa953c8a096235	d__Eukaryota; p__Bicosoecida; c__Bicosoecida; o__Bicosoecida; f__Bicosoecida; g__Bicosoeca; s__metagenome	0.999999844
054bc16622afed1345c8c2d625126bb2	d__Eukaryota; p__Cercozoa; c__Imbricatea; o__Imbricatea; f__Euglyphida; g__Trinema	0.942696024
6b8587eca2d640bd1bc56a8e0e5523a2	d__Eukaryota	1
16f2c544dbe5a157eb4388bb4bf51c02	d__Eukaryota; p__Cercozoa; c__Imbricatea; o__Imbricatea; f__Imbricatea; g__Nudifila; s__metagenome	0.999999992
123bdb2a752aeb0c4853758571724c94	d__Eukaryota	1
81b1fad484abd5ef684136151e0af308	d__Eukaryota; p__Ascomycota; c__Orbiliomycetes; o__Orbiliales; f__Orbiliaceae; g__Dactylella; s__Dactylella_oxyspora	0.999870794
5b555c64d7f43b9fca978b7b755d8627	d__Eukaryota; p__Ascomycota; c__Dothideomycetes; o__Pleosporales; f__Massarinaceae; g__Helminthosporium; s__Helminthosporium_hispanicum	0.999773273
e9a8cb8c6fd9583761e8e78891a3cb20	d__Eukaryota; p__Cercozoa; c__Incertae_Sedis; o__Incertae_Sedis; f__Incertae_Sedis; g__Kraken; s__metagenome	1
1e07b88fac5ad8b7ef2efce9110e2666	d__Eukaryota; p__Basidiomycota; c__Agaricomycetes; o__Corticiales; f__Corticiaceae; g__Hyphodontia; s__Hyphodontia_arguta	0.817940789
2a3d8f3b717fb53e366a99b18a9c7c57	d__Eukaryota; p__Cercozoa; c__Cercomonadidae; o__Cercomonadidae; f__Cercomonadidae; g__Paracercomonas	0.819174985
82cd0cd10791835cc872702d17d696dd	d__Eukaryota; p__Cercozoa; c__Thecofilosea; o__Thecofilosea; f__Thecofilosea; g__uncultured; s__metagenome	0.999956237
daa41f86f14ba19b4c34a1ce3f769c68	d__Eukaryota; p__Ciliophora; c__Intramacronucleata; o__Litostomatea; f__Haptoria; g__Haptoria; s__metagenome	0.925180053
de18b838c12f8fb286eee66fe9c2ae00	d__Eukaryota; p__Ochrophyta; c__Xanthophyceae; o__Mischococcales; f__Mischococcales; g__Mischococcales; s__Botrydiopsis_sp.	0.99548972
d9965ce12e7d2aff20b8cb3a45a83b4b	d__Eukaryota; p__Amoebozoa; c__Tubulinea; o__Leptomyxida; f__Leptomyxida	0.999557866
6a790927f4e3220c20ee6e16ee076635	d__Eukaryota; p__Chlorophyta; c__Trebouxiophyceae; o__Trebouxiophyceae; f__Trebouxiophyceae; g__Trebouxiophyceae; s__Stichococcus_sp.	0.702359286
b1659110a937cf0b27143abcb0391134	d__Eukaryota; p__Cercozoa; c__uncultured; o__uncultured; f__uncultured; g__uncultured; s__uncultured_Cercozoa	0.999980684
ac71834929c462ab6efbdc64b0544a10	d__Eukaryota; p__Cercozoa; c__Cercomonadidae; o__Cercomonadidae; f__Cercomonadidae; g__Cercomonas	0.990972746
5bf7baec4284a845747e3aa2691c61eb	d__Eukaryota; p__Ascomycota; c__Pezizomycetes; o__Pezizales; f__Ascodesmidaceae; g__Cephaliophora	0.927737747
6400d18659470c7001868b0e3ec56fb3	d__Eukaryota; p__Cercozoa; c__Imbricatea; o__Imbricatea; f__Euglyphida; g__Trinema; s__Trinema_enchelys	0.708377335
fb6c6470a532c5f98e8d02d0113e113b	d__Eukaryota; p__Cercozoa	0.870607612
36e626f82298b61014dc51dce970569a	d__Eukaryota; p__Cercozoa; c__Cercomonadidae; o__Cercomonadidae; f__Cercomonadidae; g__uncultured; s__Cercomonas_sp.	0.860977591
13674bdc16894ce65e8128e22247f9f3	d__Eukaryota; p__Protalveolata; c__Perkinsidae; o__A31; f__A31; g__A31; s__metagenome	0.999862948
9cb1e91da87e37fb7e0518d10a10c1a4	d__Eukaryota; p__Gracilipodida; c__LEMD267; o__LEMD267; f__LEMD267; g__LEMD267; s__metagenome	0.999999999
a747d4b4a3269b9f685b2ea668e08a80	d__Eukaryota; p__Chytridiomycota; c__Chytridiomycetes	0.96096774
5630fffa7705d6e026e95a4f383fcf2d	d__Eukaryota; p__Cercozoa; c__uncultured; o__uncultured; f__uncultured; g__uncultured; s__metagenome	0.999422327
652ed059486e063cd4ec611d466c9fd9	d__Eukaryota; p__Cercozoa	0.985782339
4471197298a9e5c7ad410c84b6cf12c6	d__Eukaryota; p__Cryptomycota; c__Incertae_Sedis; o__Incertae_Sedis; f__Incertae_Sedis; g__Paramicrosporidium; s__uncultured_eukaryote	0.958243981
5e8225f1d8cbe962a92b42eb47de12f3	d__Eukaryota; p__Chlorophyta; c__Chlorophyceae; o__Chlorophyceae; f__Chlorophyceae; g__Chlorophyceae; s__Eubrownia_aggregata	0.999978356
cc8d24f5d60c30ac3cf89752f6ebf6cc	d__Eukaryota; p__Ochrophyta; c__Chrysophyceae; o__Chromulinales; f__Chromulinales; g__Poterioochromonas	0.752203692
899a51099f733375a706ea857e4dcb9d	d__Eukaryota; p__Gracilipodida; c__Gracilipodida; o__Gracilipodida; f__Gracilipodida; g__Flamella; s__uncultured_marine	0.964191168
b662f538259989d943c2adfad1123b1b	d__Eukaryota; p__Zoopagomycota; c__Incertae_Sedis; o__Zoopagales; f__Piptocephalidaceae; g__Piptocephalis	0.932120602
9b0ec04b34cf48bbcc0bc96f58b3d412	d__Eukaryota	1
05cb615de0933301a2d2298dec46a06e	d__Eukaryota; p__Holozoa; c__Ichthyosporea; o__Pseudoperkinsidae; f__Pseudoperkinsidae; g__Anurofeca; s__Anurofeca_sp.	0.874951997
982db4448a3c326383cca3d30e2183b4	d__Eukaryota; p__Ciliophora; c__Intramacronucleata; o__Conthreep; f__Colpodea; g__Cyrtolophosidida; s__Pseudocyrtolophosis_alpestris	0.834091223
58e0401c44d061cd6ba127b7a0023533	d__Eukaryota; p__Ochrophyta; c__Chrysophyceae	0.999989917
8fa0cd915e3de7aaa0842e83ba2a8633	d__Eukaryota	1
efda4a8a4be78997b72f236feeaafbfb	d__Eukaryota; p__Ciliophora; c__Intramacronucleata; o__Conthreep; f__Colpodea; g__Colpoda; s__metagenome	0.986459221
e092cae91770a32a6bda422b081048f6	d__Eukaryota; p__Amoebozoa; c__Amoebozoa; o__Amoebozoa; f__Amoebozoa; g__Amoebozoa; s__metagenome	0.982328379
3416309880c27fe75e01274ce422c9e2	d__Eukaryota	1
6096493fbdae6c9e3fa0ba6a597b4630	d__Eukaryota; p__Amoebozoa; c__Tubulinea; o__Euamoebida; f__Euamoebida; g__Hartmannella; s__Nolandella_sp.	0.93220946
972b315b28db0b0223cdcda4fdfe6a3c	d__Eukaryota; p__Blastocladiomycota; c__Blastocladiomycetes; o__Blastocladiales; f__Blastocladiaceae; g__Allomyces; s__Allomyces_macrogynus	1
712579aaf738d79ddd64badd236cd6bb	d__Eukaryota; p__Mucoromycota; c__Glomeromycetes; o__Glomerales	0.963255161
e4123191f5eb324cbe771f869be0ab74	d__Eukaryota; p__SAR; c__Labyrinthulomycetes; o__Labyrinthulomycetes; f__Labyrinthulomycetes; g__Sorodiplophrys; s__metagenome	0.996525617
ffcc3552fb4672f98f7b234f6aab8b25	d__Eukaryota; p__LKM15; c__LKM15; o__LKM15; f__LKM15; g__LKM15; s__uncultured_eukaryote	0.996589073
885c9da0df8ae32aa0536165de8ce8b3	d__Eukaryota; p__Zoopagomycota; c__Incertae_Sedis; o__Zoopagales; f__Piptocephalidaceae; g__Piptocephalis	0.845880444
ec90b180924834d12ef52b2d3b36f0dd	d__Eukaryota; p__Nematozoa; c__Enoplea	0.730891578
7d31ac4a8a4446ce40a13143f0a1f8bb	d__Eukaryota; p__Phragmoplastophyta; c__Embryophyta; o__Magnoliophyta; f__Magnoliophyta; g__Magnoliophyta	0.977413471
0ff4b1faeaba5bea43149d87eb03e625	d__Eukaryota; p__Amoebozoa; c__Discosea; o__Centramoebida; f__Centramoebida; g__Acanthamoeba; s__Acanthamoeba_sp.	0.869972073
c806f5364072b6828041f138e16ebf08	d__Eukaryota; p__Diatomea; c__Bacillariophyceae; o__Bacillariophyceae; f__Bacillariophyceae; g__Fistulifera; s__Fistulifera_pelliculosa	0.99336781
5f5d625d2c0bff81b054805a0550906b	d__Eukaryota; p__Cercozoa; c__Cercomonadidae; o__Cercomonadidae; f__Cercomonadidae; g__Cercomonas; s__uncultured_Thaumatomonadida	0.974130184
4000fc1d0ffa22590f7b58176f76f478	d__Eukaryota; p__Ascomycota; c__Leotiomycetes; o__Incertae_Sedis; f__Incertae_Sedis; g__Scytalidium; s__Scytalidium_lignicola	0.999355273
cd30ebf38954935c894513f81a23f7d3	d__Eukaryota	1
8a89c6bcf887443d64053e1b90e9e7e6	d__Eukaryota; p__Apicomplexa; c__Conoidasida; o__Gregarinasina; f__Eugregarinorida; g__Monocystis; s__Monocystis_agilis	0.725070582
48e874bc366e3d321d0facfd3a5e6fce	d__Eukaryota; p__Ochrophyta; c__Xanthophyceae; o__Mischococcales; f__Mischococcales; g__Chlorellidium; s__Chlorellidium_tetrabotrys	0.985053833
57ed4018c92b7cdeed5ef160a7687bec	d__Eukaryota; p__Ciliophora; c__Intramacronucleata; o__Spirotrichea; f__Hypotrichia; g__Pseudouroleptus; s__Pseudouroleptus_caudatus	0.850108133
e871c160ada83ca9dbf830929a99f803	d__Eukaryota; p__Phragmoplastophyta; c__Embryophyta; o__Magnoliophyta; f__Magnoliophyta; g__Magnoliophyta; s__Daucus_carota	0.785381392
828c2998c5b196884f557c9417550012	d__Eukaryota; p__Cercozoa; c__Thecofilosea; o__Cryomonadida; f__Protaspidae; g__Protaspis	0.979773773
12003a8442d8dbdc9b334f89134b858f	d__Eukaryota; p__SAR; c__Labyrinthulomycetes; o__Labyrinthulomycetes; f__Labyrinthulomycetes; g__Sorodiplophrys; s__Sorodiplophrys_stercorea	0.999832009
562d9e017182315ae4893ee00001d6ba	d__Eukaryota; p__Mucoromycota; c__Incertae_Sedis; o__Mucorales; f__Mucoraceae; g__Mucor; s__Mucorales_sp.	0.782774526
aeb9d73ad932b99292e414e469047acc	d__Eukaryota; p__Cercozoa; c__Imbricatea; o__Imbricatea; f__Thaumatomonadida	0.999475536
b5dbe36f07a70d127ef22e816909d934	d__Eukaryota; p__Apicomplexa; c__Conoidasida; o__Gregarinasina; f__Eugregarinorida; g__Eugregarinorida; s__Apicomplexa_sp.	0.999999913
0c29b1474af880f836d8c2b991681ce8	d__Eukaryota; p__Cercozoa; c__Glissomonadida; o__Glissomonadida; f__Glissomonadida; g__Glissomonadida; s__metagenome	0.91613586
71e858ff74e909851c9337dc6666a15f	d__Eukaryota; p__Amoebozoa; c__Tubulinea; o__Euamoebida; f__Euamoebida; g__Hartmannella; s__Hartmannella_abertawensis	0.90565343
ae7ef6f81fc603d3faa2d888052741a7	d__Eukaryota; p__Amoebozoa; c__Discosea; o__Centramoebida; f__Centramoebida; g__Centramoebida; s__uncultured_eukaryote	0.999999999
40cb3b6d3c4580185af0d010389364de	d__Eukaryota	1
1baa0143dbee2d2ebbae3d9a172d3b15	d__Eukaryota	1
9c4bc0cd5990230bbcf81b72d8627f65	d__Eukaryota; p__Mucoromycota; c__Glomeromycetes; o__Glomerales	0.705372518
5fbdc8f0ad4aa694e1435b44cd0be3f4	d__Eukaryota; p__Nematozoa; c__Chromadorea; o__Monhysterida; f__Monhysterida; g__Monhysterida; s__metagenome	0.999999923
46317565679585035254be0f239e540f	d__Eukaryota	1
ea63a32769503a7546ccc89388d11cad	d__Eukaryota; p__uncultured; c__uncultured; o__uncultured; f__uncultured; g__uncultured; s__metagenome	0.999982587
ed98f15ff1b2e991ddeff2faa7ff5155	d__Eukaryota; p__Cercozoa; c__Vampyrellidae; o__Vampyrellidae; f__Vampyrellidae; g__Vampyrella; s__uncultured_eukaryote	0.77090657
f0426d6bdb370b5773be530f8ab98dd2	d__Eukaryota; p__Cercozoa; c__Novel_Clade_Gran-3; o__Novel_Clade_Gran-3; f__Novel_Clade_Gran-3; g__Novel_Clade_Gran-3; s__uncultured_freshwater	0.999987754
f7861fb2172bf0eb6a1e8791def8ef90	d__Eukaryota; p__Phragmoplastophyta; c__Embryophyta; o__Magnoliophyta; f__Magnoliophyta; g__Magnoliophyta	0.992633951
ca8811385406347d1cb5791feb6b9226	d__Eukaryota; p__Phragmoplastophyta; c__Embryophyta; o__Magnoliophyta; f__Magnoliophyta; g__Magnoliophyta	0.989263389
876640853c972e6bc1a0828b958aed21	d__Eukaryota; p__Amoebozoa; c__Tubulinea; o__Echinamoebida; f__Echinamoebida; g__Echinamoebida; s__metagenome	1
8bd083ab160d545a7bc768b5843ef1ef	d__Eukaryota; p__Gracilipodida; c__Gracilipodida; o__Gracilipodida; f__Gracilipodida; g__Telaepolella; s__Telaepolella_sp.	0.993062392
ad2f20e77a6ef7e2aa16f13623ff1258	d__Eukaryota; p__Chlorophyta; c__Trebouxiophyceae; o__Trebouxiophyceae; f__Trebouxiophyceae; g__Trebouxiophyceae	0.737480189
5a075622e128892e93605186c8b62d56	d__Eukaryota; p__Ascomycota; c__Orbiliomycetes; o__Orbiliales; f__Orbiliaceae; g__Dactylella; s__Dactylella_oxyspora	0.993715617
1182dd06b1945b3dc184fe8ea88b67b9	d__Eukaryota; p__Phragmoplastophyta; c__Embryophyta; o__Bryophyta; f__Bryophyta; g__Bryophyta	0.77211242
f8ecda24e3c23a15dcabfdda0149bd36	d__Eukaryota; p__Protalveolata; c__Perkinsidae; o__A31; f__A31; g__A31	0.999933964
b06b730f220e8a00369db81d47e56901	d__Eukaryota	0.999999123
f0916b5928bee0aa8c9719e8f9358c7d	d__Eukaryota; p__Phragmoplastophyta; c__Embryophyta	0.824118395
abcc4dc7f5a3920c4bdb11a4c3217b1f	d__Eukaryota; p__Cercozoa; c__Glissomonadida; o__Glissomonadida; f__Glissomonadida; g__Proleptomonas; s__metagenome	0.991813793
20dd7a9a07371730327f71dd92254d46	d__Eukaryota; p__Cercozoa; c__Cercomonadidae; o__Cercomonadidae; f__Cercomonadidae; g__uncultured; s__metagenome	0.999991403
291850c75caf7e21bda6879f475aa2b8	d__Eukaryota; p__Cercozoa; c__Thecofilosea; o__Incertae_Sedis; f__Incertae_Sedis; g__Lecythium; s__uncultured_eukaryote	0.986025236
3988f141889786e1360dfc40a191879c	d__Eukaryota; p__SAR; c__Labyrinthulomycetes; o__Labyrinthulomycetes; f__Labyrinthulomycetes; g__Sorodiplophrys; s__metagenome	0.96567394
b24a6ad063895abd6719718ad9200e50	d__Eukaryota; p__Ascomycota; c__Eurotiomycetes; o__Onygenales	0.967664727
a1225666eb2a74a0b1ba4f6e22fc0152	d__Eukaryota; p__Ascomycota; c__Dothideomycetes; o__Pleosporales	0.71351283
fcb67a04866d8bb92ab5c0799af0d933	d__Eukaryota; p__Chlorophyta; c__Trebouxiophyceae; o__Trebouxiophyceae; f__Trebouxiophyceae; g__Trebouxiophyceae; s__Myrmecia_biatorellae	0.99785279
7728872f706a9482d0f57e87fe2a6c81	d__Eukaryota; p__SAR; c__Labyrinthulomycetes; o__Labyrinthulomycetes; f__Labyrinthulomycetes; g__Sorodiplophrys; s__metagenome	0.999992959
277ace21c86d4cf1bcec03398f8b7c60	d__Eukaryota; p__Holozoa; c__Choanoflagellida; o__Codosigidae; f__Codosigidae; g__Freshwater_Choanoflagellates_1; s__uncultured_eukaryote	0.999999961
b93a56404103a790a303cd70496fd6a8	d__Eukaryota; p__Protalveolata; c__Syndiniales; o__Syndiniales	0.743845068
d7813918d36a60c3483e6173889b423c	d__Eukaryota; p__Heterolobosea; c__Tetramitia; o__Tetramitia; f__Tetramitia; g__Vahlkampfia; s__Vahlkampfia_avara	0.999997565
34a7351de0691bbb3f1fd52f180aecd8	d__Eukaryota; p__Cercozoa; c__Imbricatea; o__Imbricatea; f__Euglyphida; g__Trinema	0.909427404
daa260967a4495962b9f1f38efd6db17	d__Eukaryota; p__Ascomycota; c__Dothideomycetes; o__Pleosporales	0.77922459
0b1638c7e5045129e806dbea499fe555	d__Eukaryota; p__Ascomycota; c__Lecanoromycetes	0.72776696
408a9440631f071085263a1df84951ac	d__Eukaryota; p__Ciliophora; c__Intramacronucleata; o__Spirotrichea; f__Hypotrichia; g__Hypotrichia	0.956151586
b76d9e300140d2776d87918887e72d70	d__Eukaryota	1
d39aa711820019f21d2cbbf50892c3fa	d__Eukaryota; p__SAR; c__Labyrinthulomycetes; o__Labyrinthulomycetes; f__Labyrinthulomycetes; g__Sorodiplophrys; s__Sorodiplophrys_stercorea	0.954947237
233a5ebb5c60ebc14d8cc754f3c60f92	d__Eukaryota; p__SAR; c__Labyrinthulomycetes; o__Labyrinthulomycetes; f__Labyrinthulomycetes; g__Sorodiplophrys; s__Sorodiplophrys_stercorea	0.993891239
de223dad9f849aae93489bbdf51cf95f	d__Eukaryota; p__Cercozoa; c__Glissomonadida; o__Glissomonadida; f__Glissomonadida; g__Bodomorpha; s__metagenome	0.737635839
4e93ee8754791b33cae1e0504273e882	d__Eukaryota; p__MAST-12; c__MAST-12C; o__MAST-12C; f__MAST-12C; g__MAST-12C; s__uncultured_Eimeriidae	0.996740521
81ea1829bbae814ebbd60c9e5156bcc8	d__Eukaryota; p__Ochrophyta; c__Chrysophyceae; o__Chromulinales; f__Chromulinales; g__Poterioochromonas	0.966925485
a95292326a9ab9280d61d4d901c395ff	d__Eukaryota; p__Cercozoa; c__Glissomonadida; o__Glissomonadida; f__Glissomonadida; g__Heteromita; s__metagenome	0.999405145
f299b130a737d71b5610ce57db8e7615	d__Eukaryota; p__SAR; c__Labyrinthulomycetes; o__Labyrinthulomycetes; f__Labyrinthulomycetes; g__Sorodiplophrys; s__metagenome	0.999999999
3e4209c397c1dcc202195df1df0626c3	d__Eukaryota; p__Chlorophyta; c__Trebouxiophyceae; o__Trebouxiophyceae; f__Trebouxiophyceae; g__Trebouxiophyceae	1
a94ce2d78122f98b0026e64a465991b4	d__Eukaryota; p__Chlorophyta; c__Chlorophyceae; o__Chlorophyceae; f__Chlorophyceae; g__Chlorophyceae	0.99995512
c4d3796613d89d5157423141f97ce25c	d__Eukaryota; p__Ochrophyta; c__Xanthophyceae; o__Mischococcales; f__Mischococcales; g__Chlorellidium; s__Chlorellidium_tetrabotrys	0.999836968
f19f2b06a8b5ab2c90decb3f1b67d5f6	d__Eukaryota; p__Phragmoplastophyta; c__Embryophyta	0.834299494
df7a65f0f4b33efe4aa125c42586e086	d__Eukaryota	1
b46e50b5b9fc6fea5bc3de6b862dcb3e	d__Eukaryota; p__Cercozoa; c__Vampyrellidae; o__Vampyrellidae; f__Vampyrellidae; g__Vampyrella; s__uncultured_eukaryote	0.983284715
6f88735363224a2a0fdce1da0e1ce5c7	d__Eukaryota; p__Gracilipodida; c__LEMD267; o__LEMD267; f__LEMD267; g__LEMD267; s__metagenome	0.999999999
8639c9560ae6159b069aedd055f2a3da	d__Eukaryota; p__Amoebozoa; c__Tubulinea; o__Leptomyxida; f__Leptomyxida; g__Leptomyxida; s__metagenome	0.93552965
8319d91c857d844e82da290101135776	d__Eukaryota; p__Cryptomycota; c__LKM11; o__LKM11; f__LKM11; g__LKM11; s__uncultured_eukaryote	0.999923901
4f3495afae80f3816a53b5f760c5b3e1	d__Eukaryota; p__Cryptomycota; c__Incertae_Sedis; o__Incertae_Sedis; f__Incertae_Sedis; g__Paramicrosporidium; s__uncultured_eukaryote	0.978303777
58ab8536b6345051baad188734bae6a8	d__Eukaryota; p__Cercozoa; c__Thecofilosea; o__Thecofilosea; f__Thecofilosea; g__uncultured; s__metagenome	0.995446609
3328d0fb1ca5643747d992573380f5d0	d__Eukaryota; p__Schizoplasmodiida; c__Schizoplasmodiida; o__Schizoplasmodiida; f__Schizoplasmodiida; g__Phalansterium; s__Phalansterium_sp.	0.998436759
c4cfd07821952b9ffb2b428f678491c6	d__Eukaryota; p__Cercozoa; c__Cercomonadidae; o__Cercomonadidae; f__Cercomonadidae; g__Cercomonadidae; s__metagenome	0.803417557
2e165e22c660413f1f8c01944daf1b92	d__Eukaryota; p__Ciliophora; c__Intramacronucleata; o__Conthreep; f__Colpodea; g__Platyophrya; s__metagenome	0.968044626
549f86c07c65746ac5a2e39cb47b7394	d__Eukaryota; p__SAR; c__Labyrinthulomycetes; o__Labyrinthulomycetes; f__Labyrinthulomycetes; g__Sorodiplophrys; s__Sorodiplophrys_stercorea	0.999963126
8dec4f79cdfb14a396b7c2bb8178abd8	d__Eukaryota; p__Cercozoa; c__Thecofilosea; o__Thecofilosea; f__Thecofilosea; g__uncultured; s__metagenome	0.999980793
58d6051e4edb69128593383cd7686467	d__Eukaryota; p__Phragmoplastophyta; c__Embryophyta; o__Bryophyta; f__Bryophyta; g__Bryophyta	0.74074314
4c366a613560189aa6c36bc21a387582	d__Eukaryota; p__Amoebozoa; c__Tubulinea; o__Leptomyxida; f__Leptomyxida; g__Leptomyxida; s__metagenome	0.944882605
bd47194aac78d64fd5d614c13c0e2362	d__Eukaryota	0.999999677
d2bf25141af9a97235b8f277f19ea3cd	d__Eukaryota; p__Chlorophyta; c__Ulvophyceae; o__Ulvophyceae; f__Ulvophyceae; g__Ulvophyceae; s__Desmochloris_mollenhaueri	0.798174856
3d94b24ca90621364922d5e7cdbdc818	d__Eukaryota; p__Amoebozoa; c__Discosea; o__Dactylopodida; f__Dactylopodida; g__Angulamoeba; s__Angulamoeba_fungorum	0.999957771
40722eb3ee7e5974677dc674a66c4941	d__Eukaryota; p__Chlorophyta; c__Chlorophyceae; o__Chlorophyceae; f__Chlorophyceae; g__Chlorophyceae	0.99621491
020fe80899fe82b6d915aaea71b2c2d1	d__Eukaryota; p__Ascomycota	0.999932635
4d4418076c2b533e64e79059f26eb2d1	d__Eukaryota	0.999998901
c86ea7209655e686b377ced5787ff4fc	d__Eukaryota; p__Protalveolata; c__Colpodellida; o__Colpodellida; f__Colpodellida; g__Colpodellida; s__Voromonas_pontica	0.990576751
dc3ba4ece939b8cfdb0e26cd3a7b4e87	d__Eukaryota; p__Zoopagomycota; c__Incertae_Sedis; o__Zoopagales; f__Zoopagales; g__Acaulopage; s__Acaulopage_dichotoma	0.999970883
4bf33e4eafdd77e1d70cdb37102c2fb5	d__Eukaryota; p__Cercozoa; c__Vampyrellidae; o__Vampyrellidae; f__Vampyrellidae; g__Vampyrellidae; s__Platyreta_germanica	0.808214774
492897abe6aab68005183d1bf7272fba	d__Eukaryota; p__Schizoplasmodiida; c__Schizoplasmodiida; o__Schizoplasmodiida; f__Schizoplasmodiida; g__Phalansterium; s__Phalansterium_sp.	0.999412743
1d35601678722ecd17027cda9f4b4502	d__Eukaryota; p__Cercozoa; c__Imbricatea; o__Imbricatea; f__Euglyphida; g__Assulinidae; s__Assulina_muscorum	0.999999987
1209d652fd3609d157645f6d1c635a75	d__Eukaryota; p__Cercozoa; c__Imbricatea; o__Imbricatea; f__Euglyphida	0.739842254
18d7ea1683f617404e15024e1c4e365d	d__Eukaryota; p__Cercozoa; c__Thecofilosea; o__Thecofilosea; f__Thecofilosea; g__Thecofilosea; s__metagenome	0.850973224
7654d07295a2102f6e7be7fd61874fcf	d__Eukaryota; p__SAR; c__Labyrinthulomycetes; o__Labyrinthulomycetes; f__Labyrinthulomycetes; g__Sorodiplophrys; s__metagenome	0.999977735
28afb55dc6e6afae2288a8a0bbfc29ea	d__Eukaryota; p__Cercozoa; c__Phytomyxea; o__Phytomyxea; f__Phytomyxea; g__Phytomyxea; s__uncultured_eukaryote	0.999999857
de345a107d382685265dde1ad90ba54c	d__Eukaryota; p__Ciliophora; c__Intramacronucleata; o__Spirotrichea; f__Hypotrichia	0.996996507
b3a03adcfaa4c943b1b7cd224c6f2d02	d__Eukaryota; p__Ascomycota; c__Pezizomycetes; o__Pezizales; f__Pyronemataceae	0.968547399
789fd18e6c24ce618e93c1352a1adf34	d__Eukaryota; p__Ciliophora; c__Intramacronucleata; o__Spirotrichea; f__Hypotrichia; g__Hypotrichia; s__Urostylida_sp.	0.828600153
d802cb1314ac768436d8d9211f4a2a7b	d__Eukaryota; p__Basidiomycota; c__Agaricomycetes	0.736108838
07fc9685f27a6f0db3475f084a43e533	d__Eukaryota	1
ec9c2133c1e2c884b8412dcdbb323a32	d__Eukaryota; p__Zoopagomycota; c__Incertae_Sedis; o__Zoopagales; f__Zoopagales; g__Acaulopage; s__Acaulopage_dichotoma	0.999999844
9891921f1c046bd99e2cbd522eda8e56	d__Eukaryota; p__Blastocladiomycota; c__Blastocladiomycetes; o__Blastocladiales	0.999055222
e94d1f61f6110d5c6fe56c38708ddeef	d__Eukaryota	1
c03cd6380716f5bb44efef1f3a921bcf	d__Eukaryota; p__Cercozoa	0.998108967
b9592a5829d3bdbd2f26d6511d406029	d__Eukaryota	0.999999999
e007ea8d73b02e061b29c20ed46d08ca	d__Eukaryota	0.999999948
68ec3d0ae9fc917a550288ff21e045a6	d__Eukaryota; p__Ascomycota	0.999712352
0ff11c553aaceb5ebfe5d1140dbe75f1	d__Eukaryota; p__Ochrophyta; c__Raphidophyceae; o__Chattonellales; f__Chattonellales	0.703090198
6ddac7ec977b7eee905c49b37a38e073	d__Eukaryota; p__Ciliophora; c__Intramacronucleata; o__Spirotrichea; f__Hypotrichia; g__Hypotrichia; s__Holostichides_heterotypicus	0.982241634
dfc6a79814bc1745ea031082b112a884	d__Eukaryota; p__Chlorophyta; c__Chlorophyceae; o__Chlorophyceae; f__Chlorophyceae; g__Chlorophyceae; s__Chloromonas_carrizoensis	0.999997963
4e3b4dd6458a69b8a4b3ecc4601aa5d6	d__Eukaryota; p__Ciliophora; c__Intramacronucleata; o__Spirotrichea; f__Hypotrichia; g__Hypotrichia	0.757864714
74bd7472d774ade890dac94c63e63140	d__Eukaryota; p__Basidiomycota; c__Agaricomycetes	0.998215749
3284c1ac2d152262ca987a83b4604a1e	d__Eukaryota; p__SAR; c__Labyrinthulomycetes; o__Labyrinthulomycetes; f__Labyrinthulomycetes; g__Sorodiplophrys; s__metagenome	0.99434248
ac857d80738f6df2c3e6755b4ec4adf1	d__Eukaryota; p__Chlorophyta; c__Chlorophyceae; o__Chlorophyceae; f__Chlorophyceae; g__Chlorophyceae; s__Tetracystis_intermedia	0.999933468
32dac2908cb8a038827b4f3f9a64e24b	d__Eukaryota; p__Cnidaria; c__Anthozoa	0.857038069
59182e329347234c342f2d63f288a2bd	d__Eukaryota; p__Cercozoa; c__uncultured; o__uncultured; f__uncultured; g__uncultured; s__uncultured_eukaryote	0.927452709
01a6c8469e6d3ca9fced3aeb53265a45	d__Eukaryota; p__Apusomonadidae; c__Apusomonadidae; o__Apusomonadidae; f__Apusomonadidae; g__Apusomonadidae; s__Hemimastix_sp.	0.94590288
0dae713200c866b67d3fe6f1cafdf9e4	d__Eukaryota	1
f3cf186d8d14a3d19b462eede09ef35d	d__Eukaryota; p__Aphelidea; c__Aphelidea; o__Aphelidea; f__Aphelidea; g__uncultured; s__uncultured_fungus	0.968911056
a18148914846838996e0c24637dcc21c	d__Eukaryota; p__Amoebozoa; c__Tubulinea; o__Euamoebida; f__Euamoebida; g__Hartmannella; s__Hartmannella_abertawensis	0.724110731
3e3d02a3b309781e29ee0e7a9f104ca1	d__Eukaryota; p__Holozoa; c__Ichthyosporea; o__Pseudoperkinsidae; f__Pseudoperkinsidae; g__Anurofeca; s__Anurofeca_sp.	0.755854075
4a926e0ba6d3a7ee67316f02906df27b	d__Eukaryota; p__Gracilipodida; c__Gracilipodida; o__Gracilipodida; f__Gracilipodida; g__Flamella; s__Macrotyloma_uniflorum	0.999999013
3f78c5ac4826e0e511f5c9d8cb96c9bd	d__Eukaryota	1
5d8be57f4b735b3dbd777ea89c70ec9d	d__Eukaryota; p__Cercozoa; c__Phytomyxea; o__Phytomyxea; f__Phytomyxea; g__Polymyxa; s__Polymyxa_graminis	0.999714708
256bdb5e0655beb2ae8353dd42e658f6	d__Eukaryota	0.999998181
004bc0e83d044fd071d71381ea2209e9	d__Eukaryota	1
2173ee4675419d1a28ee223b57aef36c	d__Eukaryota; p__uncultured; c__uncultured; o__uncultured; f__uncultured; g__uncultured; s__metagenome	0.999998472
d493c25f41e56c940c2bd178675eabe8	d__Eukaryota; p__Protalveolata; c__Perkinsidae; o__A31; f__A31; g__A31; s__uncultured_eukaryote	0.99766592
af73b08d8bab2741f98536f93c893ba7	d__Eukaryota	0.999999999
92eaa92170489c0cb19ce3dae645575b	d__Eukaryota; p__Apicomplexa; c__Conoidasida; o__Gregarinasina; f__Eugregarinorida; g__Psychodiella; s__Psychodiella_sp.	0.863542293
1c859e421ba90f156c8cdbd03abb1e8b	d__Eukaryota; p__Ciliophora; c__Intramacronucleata; o__Litostomatea; f__Haptoria; g__Haptoria; s__Rurikoplites_longitrichus	0.941684322
e160417d01166cc4c5e4e28976946105	d__Eukaryota; p__Gracilipodida; c__Gracilipodida; o__Gracilipodida; f__Gracilipodida; g__Flamella; s__Macrotyloma_uniflorum	0.999987056
587ce8e550fde9a06663114b796471ae	d__Eukaryota; p__Ciliophora; c__Intramacronucleata; o__Conthreep; f__Colpodea	0.999998791
c92923bc6d337ec8f2ebe0e28dedd6ed	d__Eukaryota	1
5c99e3e86a68417cf03cd178f8a5c39d	d__Eukaryota; p__Cercozoa; c__Glissomonadida; o__Glissomonadida; f__Glissomonadida	0.855168461
ec688f8a748694b434fb6c687f1d120b	d__Eukaryota; p__Ciliophora; c__Intramacronucleata; o__Conthreep; f__Colpodea	0.999161819
148f6126325b0482a3b1a550f74756c6	d__Eukaryota; p__Cercozoa; c__Glissomonadida; o__Glissomonadida; f__Glissomonadida; g__Glissomonadida; s__metagenome	0.999186062
aebae79b79428813fbc945de56b8f597	d__Eukaryota	1
1b8dfa8c5313340e52cc6bdcec9e04d6	d__Eukaryota; p__Cercozoa; c__Vampyrellidae; o__Vampyrellidae; f__Vampyrellidae	0.730640583
419fb9a91105537c60847281ccf0de3c	d__Eukaryota; p__Cercozoa; c__Glissomonadida; o__Glissomonadida; f__Glissomonadida; g__Glissomonadida; s__metagenome	0.891262274
b8c5d1bb8efce8036ba176b37401da01	d__Eukaryota; p__SAR; c__Labyrinthulomycetes; o__Labyrinthulomycetes; f__Labyrinthulomycetes; g__Sorodiplophrys; s__metagenome	0.999945962
16a9fc2373421302726b9f46678f1048	d__Eukaryota; p__Ascomycota; c__Dothideomycetes	0.858866659
685bbd16cc5226c55585dc7150999d0b	d__Eukaryota; p__Cryptomycota; c__LKM11; o__LKM11; f__LKM11; g__LKM11; s__uncultured_eukaryote	0.995891764
d3753d848bd3b4fdd6624fa7dce65f9e	d__Eukaryota; p__Cercozoa; c__Thecofilosea; o__Thecofilosea; f__Thecofilosea; g__uncultured; s__metagenome	0.999943982
dea8d0e163122e229408ffab59ef1325	d__Eukaryota	1
b47b3451e858a4ee1fba253925d5fdee	d__Eukaryota; p__Chlorophyta; c__Chlorophyceae; o__Chlorophyceae; f__Chlorophyceae; g__Chlorophyceae; s__Chloromonas_carrizoensis	0.999999983
32636bb8a84f4cdc997d59fb68075aa1	d__Eukaryota	1
e945c2bd65bb71df15d5efd1e964085f	d__Eukaryota; p__Amoebozoa; c__Discosea; o__Dactylopodida; f__Dactylopodida; g__Dactylopodida; s__Tubulinea_group	0.999999981
c1b0e8972de4a8b433174ebe1884ba38	d__Eukaryota	1
81b19e82b63ae27f18598d0f95c1ab5e	d__Eukaryota; p__Basidiomycota; c__Tremellomycetes; o__Cystofilobasidiales; f__Mrakiaceae; g__Itersonilia; s__Itersonilia_perplexans	0.815141951
81bb956df68c20a82b359e4aed7745bc	d__Eukaryota; p__Amoebozoa; c__Tubulinea; o__Euamoebida; f__Euamoebida; g__Hartmannella; s__Nolandella_sp.	0.787502242
90ae50ebd38451dfb27862528b814962	d__Eukaryota; p__Basidiomycota; c__Cystobasidiomycetes; o__Incertae_Sedis; f__Incertae_Sedis; g__Buckleyzyma; s__Buckleyzyma_aurantiaca	0.749888562
b62aa09ff2dc030081540529aba76e38	d__Eukaryota; p__Ciliophora; c__Intramacronucleata; o__Conthreep; f__Colpodea; g__Platyophrya; s__metagenome	0.904097997
1e45366a9b09431e03c522ca1e772c98	d__Eukaryota	1
643132c263933e8ada02f099ed28ac44	d__Eukaryota	1
a2855438fde01d5d06a03749e3e4a98a	d__Eukaryota; p__SAR; c__Labyrinthulomycetes; o__Labyrinthulomycetes; f__Labyrinthulomycetes; g__Sorodiplophrys; s__metagenome	0.998029741
faa9c8aee0d8e9165d94c5a7bb046685	d__Eukaryota; p__Ascomycota; c__Eurotiomycetes; o__Onygenales	0.924969536
1aae0df86b1796148e8d5e18dc6cdaee	d__Eukaryota; p__Peronosporomycetes; c__Peronosporomycetes; o__Peronosporomycetes; f__Peronosporomycetes; g__Pythium	0.991200694
65bdac24273637b0f7ebf6c0046b6282	d__Eukaryota; p__Ascomycota; c__Dothideomycetes	0.900574312
c6367f58691eb4df04ebf9e11fa53ba8	d__Eukaryota; p__Arthropoda	0.980740308
f7d34f6aef353e52ec59fec2c9d11c59	d__Eukaryota; p__Cercozoa; c__Cercomonadidae; o__Cercomonadidae; f__Cercomonadidae; g__Paracercomonas	0.963749506
d59d0ab3e589bcf5c02db930ce8e33e9	d__Eukaryota; p__Cercozoa; c__Cercomonadidae; o__Cercomonadidae; f__Cercomonadidae; g__Cercomonas; s__metagenome	0.706764116
a963978718bfc02a18ab8d2d20574ce8	d__Eukaryota; p__Phragmoplastophyta; c__Embryophyta; o__Magnoliophyta; f__Magnoliophyta; g__Magnoliophyta	0.99247435
cee9129932a456d30b1a6d64eab8909b	d__Eukaryota; p__Chlorophyta; c__Chlorophyceae; o__Chlorophyceae; f__Chlorophyceae; g__Chlorophyceae; s__Desmotetra_sp.	0.961725004
bf320394e37438ce2f16dcb232c2867a	d__Eukaryota; p__Amoebozoa; c__Tubulinea; o__Arcellinida; f__Arcellinida; g__Arcellinida; s__metagenome	1
fba921740358db1765b38a6d1b8d0e88	d__Eukaryota	1
0c780e162330ce973d3fb49a6342a2ea	d__Eukaryota; p__Cercozoa; c__uncultured; o__uncultured; f__uncultured; g__uncultured; s__metagenome	0.998388112
1a85f0aace713e7003c1968a93a19168	d__Eukaryota; p__Cryptomycota; c__LKM11; o__LKM11; f__LKM11; g__LKM11; s__uncultured_fungus	0.728422204
63fb5fd4fa65225694224a0a79203172	d__Eukaryota	1
44cafb749f92f79e11961b8590f1e9e2	d__Eukaryota; p__Cercozoa; c__Cercomonadidae; o__Cercomonadidae; f__Cercomonadidae; g__uncultured; s__uncultured_Eimeriidae	0.997771368
083aad137fbb937f67d1195d711a405f	d__Eukaryota	1
13262a611804dffeb234ad702b014e4c	d__Eukaryota; p__Cercozoa; c__Imbricatea; o__Spongomonadida; f__Spongomonadida; g__Spongomonas; s__metagenome	0.966488382
45bd4727cd0aba0b5d472181bf136e86	d__Eukaryota; p__SAR; c__Labyrinthulomycetes; o__Labyrinthulomycetes; f__Labyrinthulomycetes; g__Sorodiplophrys; s__Sorodiplophrys_stercorea	0.999984738
cb5a69ba0542f15df025ebbe030f6d4b	d__Eukaryota; p__Ciliophora; c__Intramacronucleata; o__Spirotrichea; f__Hypotrichia; g__Hypotrichia	0.811250517
e2cb3d5ea1a5b90a16e3bfe47be8be06	d__Eukaryota; p__Cercozoa	1
5b2d63397aba87def705b751bf934de0	d__Eukaryota; p__Basidiomycota; c__Agaricomycetes	0.998024297
dcb9490aff2b0ce0cc12a86605f733eb	d__Eukaryota	1
2430919854e160072ff5e7302e45bf88	d__Eukaryota; p__Basidiomycota; c__Microbotryomycetes; o__Microbotryales; f__Microbotryaceae; g__Microbotryum; s__Microbotryum_violaceum	0.999972088
9c7959185254cbaf530c13756b438115	d__Eukaryota; p__Diatomea; c__Bacillariophyceae; o__Bacillariophyceae; f__Bacillariophyceae	0.845950495
62b02b457fe012e69a56d2d04a7f5c0c	d__Eukaryota; p__Nematozoa; c__Chromadorea; o__Chromadorida; f__Chromadorida; g__Chromadorida; s__Paracyatholaimus_intermedius	0.742530356
3b90e5b8769386634963d07cefea854a	d__Eukaryota; p__Apicomplexa; c__Conoidasida; o__Gregarinasina; f__Eugregarinorida; g__Monocystis; s__Monocystis_agilis	0.95363035
e55cfa8e5352cc04d0ea23c39a79d859	d__Eukaryota	1
89b0decb046ec205d7f915509ff6243e	d__Eukaryota; p__Phragmoplastophyta; c__Embryophyta; o__Magnoliophyta; f__Magnoliophyta; g__Magnoliophyta	0.994339777
bc643646711806939cbcf996729d6c0f	d__Eukaryota	1
8e690cab44b21aaa017b59635cfd9b3d	d__Eukaryota	1
a1fbbf91c9433fe420d048526558e270	d__Eukaryota	1
2cb83d66a1a84f73263557081bacf8b1	d__Eukaryota; p__Rotifera; c__Monogononta; o__Ploimida; f__Ploimida; g__Ploimida; s__uncultured_eukaryote	0.722030358
7681841527f12ebd352745b5506172a4	d__Eukaryota	0.999999999
b7881da52af890e67963597ac15c2334	d__Eukaryota; p__Cercozoa; c__Vampyrellidae; o__Vampyrellidae; f__Vampyrellidae; g__Vampyrella; s__uncultured_eukaryote	0.988167968
2bd6de9680b49ca069a9f948dc4c3709	d__Eukaryota; p__Ochrophyta; c__Chrysophyceae; o__uncultured; f__uncultured; g__uncultured; s__Oikomonas_sp.	0.999973949
8605001e8035acf5b2fbc6e8a2af1e8e	d__Eukaryota; p__Cercozoa; c__Imbricatea; o__Imbricatea; f__Imbricatea; g__Nudifila; s__metagenome	0.999998596
e293423b3ca609547110137ceab2fd53	d__Eukaryota; p__SAR; c__Labyrinthulomycetes; o__Labyrinthulomycetes; f__Labyrinthulomycetes; g__Sorodiplophrys; s__metagenome	1
2f0f5280026676d9d067b3df425ec594	d__Eukaryota; p__Ascomycota; c__Dothideomycetes; o__Pleosporales	0.914193189
ec3476a31acbc35ca35fb86b419ef4a1	d__Eukaryota; p__Cercozoa; c__Cercomonadidae; o__Cercomonadidae; f__Cercomonadidae	0.999309797
e7248e13476eb29b5570bd6c05634dfc	d__Eukaryota; p__Ascomycota; c__Pezizomycetes; o__Pezizales; f__Pyronemataceae	0.977737684
0ffabd6b87936e29e9624ad16165f177	d__Eukaryota; p__Nematozoa; c__Enoplea; o__Triplonchida; f__Triplonchida; g__Triplonchida; s__Nematoda_environmental	1
68f03dd0a6082ca57110bcafccb8fad4	d__Eukaryota; p__Cercozoa; c__Imbricatea; o__Imbricatea; f__Euglyphida; g__Trinema	0.787101422
e7addf6090f536ac4209a8bdcd0031b3	d__Eukaryota; p__SAR; c__Labyrinthulomycetes; o__Labyrinthulomycetes; f__Labyrinthulomycetes; g__Sorodiplophrys; s__metagenome	0.999999914
1d4790d0bc9c06da0a7be18f27dfbd67	d__Eukaryota; p__SAR; c__Labyrinthulomycetes; o__Labyrinthulomycetes; f__Labyrinthulomycetes; g__Sorodiplophrys; s__Sorodiplophrys_stercorea	0.998013151
67865c9795c45fe79f8c8f1e8bc33246	d__Eukaryota; p__Aphelidea; c__Aphelidea; o__Aphelidea; f__Aphelidea; g__Paraphelidium; s__uncultured_fungus	0.952160715
0a24fa015c5aa514cf9309c7bd25e536	d__Eukaryota; p__Apicomplexa; c__Conoidasida; o__Gregarinasina; f__Eugregarinorida; g__uncultured; s__uncultured_alveolate	0.986609728
47405124da97f8b53c3e7361b570bf34	d__Eukaryota; p__Cercozoa; c__Vampyrellidae; o__Vampyrellidae; f__Vampyrellidae; g__Vampyrellidae; s__Platyreta_germanica	0.801581841
48891132593122b8263cbcbf4c34cf80	d__Eukaryota; p__Basidiomycota; c__Agaricomycetes; o__Cantharellales; f__Tulasnellaceae; g__Tulasnella	0.996302719
df1856f474ec62fd6256f83d13b3134e	d__Eukaryota	0.999999996
78f122b43e311ded82f9cd6bebd76527	d__Eukaryota; p__Nematozoa; c__Chromadorea; o__Tylenchida; f__Tylenchida; g__Tylenchida; s__Boleodorus_thylactus	0.999971879
c2445ac3800f58fce786591349ffc04c	d__Eukaryota; p__Cercozoa; c__Cercomonadidae; o__Cercomonadidae; f__Cercomonadidae; g__Cercomonadidae; s__metagenome	0.951018817
19c802a6de56cd1ee5e4b5189abcb558	d__Eukaryota; p__Cercozoa; c__Imbricatea; o__Imbricatea; f__Euglyphida; g__Trinema	0.797692945
c1f9e083f80c1b00ade9dd2eaf3d4d7a	d__Eukaryota; p__Basidiomycota; c__Agaricomycetes	0.742873852
dfc4cacb08ef34b4daf8da68329b59b5	d__Eukaryota; p__Amoebozoa; c__Discosea; o__Dactylopodida; f__Dactylopodida; g__Dactylopodida; s__Tubulinea_group	0.999951126
5522fffdb41ce034814017a4a7e8550e	d__Eukaryota; p__Cercozoa; c__Cercomonadidae; o__Cercomonadidae; f__Cercomonadidae; g__Cercomonas; s__metagenome	0.993764741
a946c83172712d64dcfd7fbc477f0ddd	d__Eukaryota; p__Apusomonadidae; c__Apusomonadidae; o__Apusomonadidae; f__Apusomonadidae; g__Apusomonas; s__metagenome	0.999772563
0615cc313699f4f758b2bb7d3060e8b7	d__Eukaryota; p__SAR; c__Labyrinthulomycetes; o__Labyrinthulomycetes; f__Labyrinthulomycetes; g__Sorodiplophrys; s__Sorodiplophrys_stercorea	0.988285414
37779f5fc323372cfbc569c75d05e937	d__Eukaryota; p__Cryptomycota; c__Incertae_Sedis; o__Incertae_Sedis; f__Incertae_Sedis; g__Paramicrosporidium; s__uncultured_eukaryote	0.999652012
74d7a190d85e662ffb51ff30b2c6e2a3	d__Eukaryota; p__Cercozoa; c__Phytomyxea; o__Phytomyxea; f__Phytomyxea; g__uncultured	0.999999975
ae285223e2473472d610f339e3e94faf	d__Eukaryota; p__Basidiomycota; c__Tremellomycetes; o__Tremellales; f__Bulleribasidiaceae; g__Dioszegia; s__Dioszegia_crocea	0.835192677
b058dab2f9651cbc15a633064280ab64	d__Eukaryota; p__SAR; c__Labyrinthulomycetes; o__Labyrinthulomycetes; f__Labyrinthulomycetes; g__Sorodiplophrys; s__Sorodiplophrys_stercorea	0.999941755
9015d4942bf42da1ebc77116086be6e7	d__Eukaryota; p__Cercozoa; c__Cercomonadidae; o__Cercomonadidae; f__Cercomonadidae; g__uncultured	0.708941854
49a1b5dea519533fecc534a01eed8e09	d__Eukaryota; p__Heterolobosea; c__Tetramitia; o__Tetramitia; f__Tetramitia	0.961043613
6260dbe02544802dd3945b1fc7b2fbd8	d__Eukaryota; p__Apicomplexa; c__Conoidasida; o__Gregarinasina; f__Eugregarinorida; g__Ascogregarina	0.966199195
7e2487de563c88c4301df99cfaa78a1f	d__Eukaryota	1
8c6a08649051701e88bebe350e1c762d	d__Eukaryota; p__Ochrophyta; c__Raphidophyceae; o__Chattonellales; f__Chattonellales	0.71725238
2583e3a8e7f469eb8dd408b8276c149e	d__Eukaryota; p__Ciliophora; c__Intramacronucleata; o__Conthreep; f__Colpodea; g__Bryometopus; s__metagenome	0.974315669
77c2cdd8d9f8dcdcff5bf298ab52a9b9	d__Eukaryota; p__Cercozoa; c__uncultured; o__uncultured; f__uncultured; g__uncultured	0.812363296
acc7307ba76b50cf5ab6be95e66968e3	d__Eukaryota; p__Cryptomycota; c__LKM11; o__LKM11; f__LKM11; g__LKM11; s__uncultured_eukaryote	0.977711046
e09b1515cfd6d9765345e0ddcfa83e59	d__Eukaryota; p__Cercozoa; c__Glissomonadida; o__Glissomonadida; f__Glissomonadida	0.95130391
d82a955d4e31907f4e965b4ca5d332e3	d__Eukaryota; p__Amoebozoa; c__Discosea; o__Centramoebida; f__Centramoebida; g__Acanthamoeba; s__Acanthamoeba_sp.	0.998051637
bbb4ecc8b8429acef8d7d1186bec4089	d__Eukaryota; p__Diatomea; c__Bacillariophyceae; o__Bacillariophyceae; f__Bacillariophyceae; g__Pinnularia	0.776000343
2942cb479d4b204b9fad0c09e994d58b	d__Eukaryota; p__Amoebozoa; c__Tubulinea; o__Leptomyxida; f__Leptomyxida; g__Leptomyxa; s__metagenome	0.724710267
5e1bce9535cdaff4404bf88b334a306d	d__Eukaryota; p__Nematozoa; c__Chromadorea; o__Tylenchida; f__Tylenchida; g__Tylenchida; s__Nematoda_environmental	0.999472577
4415cd77c0fb6a918931ea6658c5fdbb	d__Eukaryota; p__Cercozoa; c__Glissomonadida; o__Glissomonadida; f__Glissomonadida; g__Heteromita; s__metagenome	0.998951649
643fb541dad8dabedb06b6f85628e957	d__Eukaryota; p__Cercozoa; c__Thecofilosea; o__Cryomonadida; f__Protaspidae; g__Protaspis	0.912272989
977d7bcafce7a849c52c8809ee5ed59e	d__Eukaryota; p__Basidiomycota; c__Microbotryomycetes	0.999858549
8c2d0cbc482d7e2daf55b12309cfc6a2	d__Eukaryota; p__Cercozoa; c__Thecofilosea; o__Thecofilosea; f__Thecofilosea; g__uncultured; s__metagenome	0.999291376
6095eeb1a338f6ccd24c8d10a2fd3966	d__Eukaryota	1
218224e0904585af55b97a7d43d9931e	d__Eukaryota; p__Cercozoa; c__Cercomonadidae; o__Cercomonadidae; f__Cercomonadidae; g__uncultured	0.70519623
c09369fefef79b6d6fd27218aea8785a	d__Eukaryota; p__Chytridiomycota; c__Chytridiomycetes	0.992969812
2870e40bf8af7bf44500e0aec590cb80	d__Eukaryota; p__Basidiomycota; c__Pucciniomycetes; o__Pucciniales; f__Pucciniaceae; g__Puccinia; s__Gadus_morhua	0.881117111
03592f5888569b29218cffc6e983f7e3	d__Eukaryota; p__Incertae_Sedis; c__Incertae_Sedis; o__Incertae_Sedis; f__Incertae_Sedis; g__Incertae_Sedis; s__metagenome	0.999954647
30d72c898d2c6f531673f0fac7a719ab	d__Eukaryota	0.999999972
a5d362f2b970092b64d4b41ef141266e	d__Eukaryota; p__Bicosoecida; c__Bicosoecida; o__Bicosoecida; f__Bicosoecida; g__Bicosoeca; s__uncultured_eukaryote	0.999222688
520a7c9b45825a6e8ea1efecdf76292d	d__Eukaryota; p__Schizoplasmodiida; c__Schizoplasmodiida; o__Schizoplasmodiida; f__Schizoplasmodiida; g__Phalansterium; s__metagenome	0.999999992
9d11d07f8dabfcdace4270b20d28601d	d__Eukaryota	0.999999856
b50bff7717d439537c60b8d69a7b97c8	d__Eukaryota; p__Ascomycota	0.773467312
a0901ade693405d811f6cdec4b64708c	d__Eukaryota; p__Cercozoa; c__Glissomonadida; o__Glissomonadida; f__Glissomonadida; g__Glissomonadida; s__metagenome	0.999928691
a88433e4b2c8448fb7c57a869643d36e	d__Eukaryota; p__Cercozoa	0.997351479
fcca89952210ddc93514dd8d59083d92	d__Eukaryota; p__Amoebozoa; c__Tubulinea; o__Leptomyxida; f__Leptomyxida; g__Leptomyxida; s__metagenome	0.934567813
9010b749dc23a207632fe43c24e00f76	d__Eukaryota; p__LKM15; c__LKM15; o__LKM15; f__LKM15; g__LKM15; s__uncultured_eukaryote	0.730671415
e6ca8e75ded1a828bf61b79900e2ca28	d__Eukaryota; p__Diatomea; c__Bacillariophyceae; o__Bacillariophyceae; f__Bacillariophyceae	0.992931507
9eb3f6c3d118a8f76f587098b43fd81b	d__Eukaryota; p__LKM15; c__LKM15; o__LKM15; f__LKM15; g__LKM15	0.999996398
5bd93f80d48112ac76e2f3d944ab1132	d__Eukaryota; p__Apicomplexa; c__Conoidasida; o__Gregarinasina; f__Eugregarinorida; g__uncultured; s__uncultured_alveolate	0.784792022
60134cb34d321bb2c647244e90bd9ea3	d__Eukaryota	0.9999998
d051a5823aeb3100f65417ac0170928a	d__Eukaryota; p__Phragmoplastophyta; c__Embryophyta; o__Magnoliophyta; f__Magnoliophyta; g__Magnoliophyta	0.981926682
dcf3be9ca6f5221226aaef1de352cd23	d__Eukaryota; p__Cercozoa; c__Thecofilosea; o__Thecofilosea; f__Thecofilosea; g__Thecofilosea; s__metagenome	0.854230179
41bb917c3fb46c0b9d4569ca10b932d3	d__Eukaryota; p__Basidiomycota; c__Agaricomycetes; o__Agaricales; f__Marasmiaceae; g__Marasmiaceae; s__uncultured_fungus	0.913243607
00d51b749499a0d5a2f251fab795527f	d__Eukaryota; p__Phragmoplastophyta; c__Embryophyta	0.871931869
03ffe0bff52c9af158c27730ab5a06a4	d__Eukaryota; p__Ciliophora; c__Intramacronucleata; o__Conthreep; f__Colpodea; g__Maryna; s__Maryna_ovata	0.956356242
d05d8c03b890914850d266563e452ffd	d__Eukaryota; p__Phragmoplastophyta; c__Embryophyta; o__Magnoliophyta; f__Magnoliophyta; g__Magnoliophyta	0.991938829
1001a99e4571d7718c41668be45ef6ee	d__Eukaryota	0.999999999
cc89b6e23c96242d8bb9bb74d01d28f5	d__Eukaryota	1
01c505b1302862baa9227cb76795bf5f	d__Eukaryota; p__Ascomycota	0.907575344
48cc682c90b530cd6a8727c0eff838ce	d__Eukaryota; p__Ciliophora; c__Intramacronucleata; o__Spirotrichea; f__Hypotrichia; g__Hypotrichia	0.721967258
f0bf07a21e6527e82f8c54f6e873a7d8	d__Eukaryota; p__Chlorophyta; c__Trebouxiophyceae; o__Trebouxiophyceae; f__Trebouxiophyceae; g__Trebouxiophyceae; s__Nannochloris_bacillaris	0.999654707
5c85e5ad2368bc4f7b31cfdb95a2b549	d__Eukaryota; p__Chlorophyta; c__Chlorophyceae; o__Chlorophyceae; f__Chlorophyceae; g__Chlorophyceae; s__Pleurastrum_insigne	0.865560687
7a4bc7ac96211a9fedad5af602962389	d__Eukaryota; p__Basidiomycota; c__Spiculogloeomycetes; o__Spiculogloeales; f__Spiculogloeaceae; g__Phyllozyma; s__Phyllozyma_dimmennae	0.997199011
8c80f7d542e22bfc75d84fabac654c69	d__Eukaryota; p__Cercozoa; c__Cercomonadidae; o__Cercomonadidae; f__Cercomonadidae; g__uncultured; s__uncultured_Cercozoa	0.999999953
1ada549c8540561aeeb069d7ab783a45	d__Eukaryota; p__Cercozoa; c__Vampyrellidae; o__Vampyrellidae; f__Vampyrellidae; g__Vampyrella; s__uncultured_eukaryote	0.985573868
41297303e7d9cdb81f4870d0921cec16	d__Eukaryota; p__Ciliophora; c__Intramacronucleata; o__Conthreep; f__Nassophorea; g__Leptopharynx; s__Leptopharynx_costatus	1
b79ba80870b7d43bde9f801546263fba	d__Eukaryota; p__Phragmoplastophyta; c__Embryophyta; o__Magnoliophyta; f__Magnoliophyta; g__Magnoliophyta	0.998353521
b247c62cb53671bb0959cbbc47e70b66	d__Eukaryota; p__Cercozoa; c__Thecofilosea; o__Thecofilosea; f__Thecofilosea; g__uncultured; s__metagenome	0.996187786
262b4828c4e4954f901137852c9b9864	d__Eukaryota; p__Bicosoecida; c__CH1-2B-3; o__CH1-2B-3; f__CH1-2B-3; g__CH1-2B-3; s__uncultured_stramenopile	0.710084627
effd6d48f9a848d65c21b44021aae03e	d__Eukaryota; p__Cercozoa; c__Cercomonadidae; o__Cercomonadidae; f__Cercomonadidae; g__Cercomonadidae; s__metagenome	0.999963803
f6308bf3206f4fed2fcc04c3e265aadb	d__Eukaryota; p__Ascomycota; c__Leotiomycetes; o__Helotiales	0.725738444
f2900d94471eeb3033eed0d08db971a4	d__Eukaryota	1
3185455db32b6e3db7cabd7f2b7966b3	d__Eukaryota; p__Cercozoa; c__Phytomyxea; o__Phytomyxea; f__Phytomyxea; g__Phytomyxea; s__uncultured_eukaryote	0.999999794
d44d7acddd48ec810eec111bff1455c1	d__Eukaryota; p__Diatomea; c__Bacillariophyceae; o__Bacillariophyceae; f__Bacillariophyceae	0.971155097
d0b38964bc13919caf2886796e68a3c4	d__Eukaryota; p__MAST-12; c__MAST-12C; o__MAST-12C; f__MAST-12C; g__MAST-12C; s__uncultured_Eimeriidae	0.988269703
41c725104064e493c152b094251ca944	d__Eukaryota; p__SAR; c__Labyrinthulomycetes; o__Labyrinthulomycetes; f__Labyrinthulomycetes; g__Sorodiplophrys; s__Sorodiplophrys_stercorea	0.991916785
7a26d44a0b19ac55335e7ddef3618773	d__Eukaryota; p__Chlorophyta; c__Trebouxiophyceae; o__Trebouxiophyceae; f__Trebouxiophyceae; g__Trebouxiophyceae; s__Coenocystis_inconstans	0.99984416
18995515b7a265ec3af92417725d2ee1	d__Eukaryota; p__Amoebozoa; c__Discosea; o__Centramoebida; f__Centramoebida; g__Acanthamoeba	0.83024306
45e1fe358edfea2b535d16b2d247b55d	d__Eukaryota; p__Cercozoa; c__Glissomonadida; o__Glissomonadida; f__Glissomonadida; g__Glissomonadida; s__metagenome	0.999972887
6f895770326ec9a27d8979653bfa7576	d__Eukaryota; p__Ascomycota; c__Leotiomycetes; o__Helotiales; f__Incertae_Sedis; g__Tetracladium; s__Helotiales_sp.	0.881797357
dbf6fd9117610f9b9b291616e37f9a83	d__Eukaryota; p__Phragmoplastophyta; c__Embryophyta	0.764334705
4cd46a7ec8b8d986f06dcfbcdf1d6cc5	d__Eukaryota; p__Chlorophyta; c__Chlorophyceae; o__Chlorophyceae; f__Chlorophyceae; g__Chlorophyceae; s__Chlamydomonas_bacca	0.999093059
a6750bcbbbddddf7245fb7ac58060375	d__Eukaryota; p__SAR; c__Labyrinthulomycetes; o__Labyrinthulomycetes; f__Labyrinthulomycetes; g__Sorodiplophrys; s__Sorodiplophrys_stercorea	0.954171241
cdfd4549dcb988b68c6387be101a4c97	d__Eukaryota; p__Ochrophyta; c__Xanthophyceae; o__Mischococcales; f__Mischococcales; g__Mischococcales; s__Botrydiopsis_sp.	0.7020946
8941542537759cf232b51b514eedc74b	d__Eukaryota; p__Cercozoa; c__Imbricatea; o__Imbricatea; f__Imbricatea; g__Nudifila; s__metagenome	0.999997039
d22da766fa2831068e1eb9db2e39bad1	d__Eukaryota; p__Mucoromycota; c__Glomeromycetes; o__Glomerales; f__Glomeraceae	0.721782678
5e325596cb79186a7c23e7cc4d38cf24	d__Eukaryota; p__Chlorophyta; c__Chlorophyceae; o__Chlorophyceae; f__Chlorophyceae; g__Chlorophyceae; s__Chlamydomonas_reinhardtii	0.995993281
a38349372f20c2d9b7bab2ce3cbff74c	d__Eukaryota; p__Gracilipodida; c__Gracilipodida; o__Gracilipodida; f__Gracilipodida; g__Filamoeba	1
3057af83bdbabac6cb0d0a1557e2af46	d__Eukaryota; p__Cryptomycota; c__LKM11; o__LKM11; f__LKM11; g__LKM11; s__uncultured_eukaryote	0.995419748
3b976fcd16deaf769e222cd12021e986	d__Eukaryota; p__Cryptomycota; c__Incertae_Sedis; o__Incertae_Sedis; f__Incertae_Sedis; g__Rozella; s__uncultured_eukaryote	0.793368966
cf3d02bd0eb20e00f4062fcd54956b23	d__Eukaryota; p__Apicomplexa; c__Conoidasida; o__Gregarinasina; f__Eugregarinorida; g__Gregarina; s__Enterocystis_dorypterygis	1
3269b3fa84713018dd1630815100e2e4	d__Eukaryota; p__Cercozoa; c__Glissomonadida; o__Glissomonadida; f__Glissomonadida; g__Glissomonadida; s__metagenome	0.998690029
c750ae7d3164e8471455a52e2eaad3fa	d__Eukaryota; p__Phragmoplastophyta; c__Embryophyta; o__Magnoliophyta; f__Magnoliophyta; g__Magnoliophyta	0.992216273
e62b507cfc5d97571af5f19052024bd7	d__Eukaryota; p__Amoebozoa; c__Discosea; o__Centramoebida; f__Centramoebida; g__Acanthamoeba	0.749495462
1af165773413f2975b67b8d8009009ff	d__Eukaryota; p__Ochrophyta; c__Xanthophyceae; o__Mischococcales; f__Mischococcales; g__Chlorellidium; s__Chlorellidium_tetrabotrys	0.999849447
6d731c69b2278c510a7a2695d3d14b54	d__Eukaryota; p__Mucoromycota; c__Glomeromycetes; o__Glomerales; f__Glomeraceae; g__Funneliformis; s__Funneliformis_mosseae	0.792966342
eebc4d4701fb8f2c00f142f6e8994195	d__Eukaryota; p__Cercozoa; c__Glissomonadida; o__Glissomonadida; f__Glissomonadida	0.993675085
ae673ec60bef68a39128ac7cd9423d44	d__Eukaryota; p__Phragmoplastophyta; c__Embryophyta; o__Magnoliophyta; f__Magnoliophyta; g__Magnoliophyta	0.992203929
d1bd55fadece124cebc6e9f87d406331	d__Eukaryota; p__SAR; c__Labyrinthulomycetes; o__Labyrinthulomycetes; f__Labyrinthulomycetes; g__Sorodiplophrys; s__metagenome	0.999999933
d37b2e3d0b2863304b394711dbb281d4	d__Eukaryota; p__Chytridiomycota; c__Monoblepharidomycetes; o__Monoblepharidales; f__Monoblepharidaceae; g__Monoblepharella	0.718582671
76cd27b6ebf409a8265ada52061a8184	d__Eukaryota; p__Ascomycota; c__Dothideomycetes; o__Venturiales; f__Sympoventuriaceae; g__Fusicladium; s__Fusicladium_sicilianum	0.778594937
0edfcdcbb206bc473eeef1a267f10996	d__Eukaryota; p__Ciliophora; c__Intramacronucleata; o__Spirotrichea; f__Hypotrichia	0.999694571
a0d324bc57c2244c2836d58b6b96cdef	d__Eukaryota; p__Cercozoa; c__Incertae_Sedis; o__Incertae_Sedis; f__Incertae_Sedis; g__Kraken; s__metagenome	1
dbe71229591ccdb3335a1bea62d5ba22	d__Eukaryota; p__Ascomycota	0.947230563
b4722d0ee2388cdd02c7401d84f3a713	d__Eukaryota; p__Aphelidea; c__Aphelidea; o__Aphelidea; f__Aphelidea; g__uncultured	0.994343318
8c13d06965585bcb7d6682cf8f45486d	d__Eukaryota; p__Chytridiomycota; c__Chytridiomycetes; o__Rhizophydiales; f__uncultured; g__uncultured; s__uncultured_fungus	0.963575726
05fc00ab52ebdd73138fb9b26887e3e1	d__Eukaryota; p__SAR; c__Labyrinthulomycetes; o__Labyrinthulomycetes; f__Labyrinthulomycetes; g__Sorodiplophrys; s__metagenome	0.998491827
83a6699f71afa4ffd85e695cf5e5e37b	d__Eukaryota; p__Cercozoa; c__uncultured; o__uncultured; f__uncultured; g__uncultured; s__uncultured_Cercozoa	0.855848585
c365964453342ad4a6ecfc34eedb1f64	d__Eukaryota; p__Chlorophyta; c__Trebouxiophyceae; o__Trebouxiophyceae; f__Trebouxiophyceae; g__Trebouxiophyceae; s__Microthamnion_kuetzingianum	0.879820475
1bdea044c3dfabf69516e99995c6d0e3	d__Eukaryota; p__Ascomycota; c__Dothideomycetes	0.754383897
f6f6bf82e5b231fa56e9a78943c8dd77	d__Eukaryota; p__Apicomplexa; c__Conoidasida; o__Gregarinasina; f__Eugregarinorida; g__uncultured; s__uncultured_alveolate	0.98395746
bfd2f5d7e7c5f0d97914895a5b44270b	d__Eukaryota; p__Gracilipodida; c__Gracilipodida; o__Gracilipodida; f__Gracilipodida; g__Telaepolella; s__Telaepolella_sp.	0.99845701
0ded8decbc1ba94544af007658e14c2d	d__Eukaryota; p__Amoebozoa; c__Amoebozoa; o__Amoebozoa; f__Amoebozoa; g__Amoebozoa; s__metagenome	0.999999908
eeb8fed4f6896d98afafe763947c8836	d__Eukaryota; p__Ascomycota; c__Eurotiomycetes; o__Onygenales; f__Gymnoascaceae; g__Arachniotus; s__Arachniotus_ruber	0.982560437
b315587444af3ac3a6385a90468e5f15	d__Eukaryota; p__Cercozoa	0.999999486
f7efac0b8f0131b47b27b01599a2a04f	d__Eukaryota	1
f47fd0351622b57d27b21c48b7b491ee	d__Eukaryota	0.998611262
051b75eba4e6001119f4ee6bcaa2552e	d__Eukaryota	1
6953040728f78693e3a617f634c2e155	d__Eukaryota	1
500cf261ab69b00644058703372c2fa3	d__Eukaryota	0.999999835
36baa984b0c8db7de321cf52768afec0	d__Eukaryota	1
b7f3b33786b194a9b70e2bb24a3043c7	d__Eukaryota; p__Cercozoa; c__Thecofilosea; o__Incertae_Sedis; f__Incertae_Sedis; g__Lecythium; s__uncultured_eukaryote	0.992574153
4eafd62fce06ea47b98ce69481181686	d__Eukaryota; p__Amoebozoa; c__Discosea; o__Dactylopodida; f__Dactylopodida; g__Dactylopodida; s__Tubulinea_group	0.999965729
80239627367c42fd6f9bf0e04b0968d2	d__Eukaryota; p__Amoebozoa; c__Discosea; o__Centramoebida; f__Centramoebida; g__Acanthamoeba	0.819484199
29cd94da60d833544e256f8416041867	d__Eukaryota; p__Chlorophyta; c__Chlorophyceae; o__Chlorophyceae; f__Chlorophyceae; g__Chlorophyceae	0.985775013
023949d02753fed2c9bd8b7e885d5668	d__Eukaryota	1
fb435174ccfbb16249d86646c9056b76	d__Eukaryota; p__Chlorophyta; c__Chlorophyceae; o__Chlorophyceae; f__Chlorophyceae; g__Chlorophyceae; s__Chlamydomonas_sp.	0.775735287
6106d504860f8e250fe2f3af08ae1486	d__Eukaryota; p__Ciliophora; c__Intramacronucleata; o__Conthreep; f__Colpodea; g__Bromeliothrix; s__Corchorus_olitorius	0.954099668
c0ee82dcbdf1f726a4ab2a4a2649302c	d__Eukaryota	1
53b7710b0ebb7baeaf40400c36e27dbc	d__Eukaryota; p__Ciliophora; c__Intramacronucleata; o__Conthreep; f__Colpodea; g__uncultured; s__metagenome	0.998840379
00ad54d4838b5f7060960c33b772e642	d__Eukaryota; p__Apusomonadidae; c__Apusomonadidae; o__Apusomonadidae; f__Apusomonadidae; g__Apusomonas; s__Apusomonas_proboscidea	0.895622745
07afbee5357a1b4e75a036959ccfbdb9	d__Eukaryota	1
76365101d8b74a931517de170e4cd860	d__Eukaryota; p__Aphelidea; c__Aphelidea; o__Aphelidea; f__Aphelidea; g__uncultured; s__uncultured_fungus	0.999988671
256e3f461d147ad087a6cbd59211f361	d__Eukaryota; p__Cercozoa; c__Vampyrellidae; o__Vampyrellidae; f__Vampyrellidae; g__Vampyrella; s__uncultured_eukaryote	0.982208734
44e2541b16856c351d1c69514cca5981	d__Eukaryota; p__Zoopagomycota; c__Incertae_Sedis; o__Zoopagales; f__Piptocephalidaceae; g__Piptocephalis	0.833480724
2e4e1e140d34263162fc2689631dd451	d__Eukaryota; p__Cercozoa; c__Glissomonadida; o__Glissomonadida; f__Glissomonadida; g__uncultured; s__metagenome	0.999999982
9a4c66f20d09bca5cf68856db0e5ee26	d__Eukaryota; p__Ascomycota; c__Dothideomycetes	0.849902296
3465a9fa7abceac898210a5ddff67aed	d__Eukaryota; p__Ciliophora; c__Intramacronucleata; o__Conthreep; f__Colpodea; g__Colpoda; s__metagenome	0.996615015
303cce096401685d89daed84b98bcebf	d__Eukaryota; p__Ascomycota; c__Pezizomycetes; o__Pezizales; f__Pyronemataceae; g__Marcelleina; s__Marcelleina_tuberculispora	0.838236914
32831bde8ad0c9d5a6f75d9029e7feeb	d__Eukaryota; p__Heterolobosea; c__Tetramitia; o__Tetramitia; f__Tetramitia; g__Vahlkampfia; s__Vahlkampfia_avara	0.999998059
241e7f5b5b94ef6ed0d2dbd3023515e7	d__Eukaryota; p__Phragmoplastophyta; c__Embryophyta	0.742757482
e8fe7e35b3a4756cdfc41d6e7d7b31f0	d__Eukaryota; p__Ciliophora; c__Intramacronucleata; o__Spirotrichea; f__Hypotrichia; g__Hypotrichia	0.975617297
5655cf49150c638042db26f1ca68456f	d__Eukaryota; p__Cryptomycota; c__LKM11; o__LKM11; f__LKM11; g__LKM11	0.733252324
88196991d640f2d9201f3a9f78312e8c	d__Eukaryota; p__Nucleariidae_and_Fonticula_group; c__Nucleariidae_and_Fonticula_group; o__Nucleariidae_and_Fonticula_group; f__Nucleariidae; g__Nuclearia; s__metagenome	0.999955829
d753ac8aece78d4753eb2ce029f0e81a	d__Eukaryota; p__Cryptomycota; c__Incertae_Sedis; o__Incertae_Sedis; f__Incertae_Sedis; g__Paramicrosporidium; s__uncultured_eukaryote	0.999825906
ebd620985c0a2d4bf2c5fcdd6968bd97	d__Eukaryota	1
cc7b9b2d00d83d149bff808d5049c473	d__Eukaryota; p__Ciliophora; c__Intramacronucleata; o__Conthreep; f__Oligohymenophorea; g__Tetrahymena	0.963160825
58b6e9c6b01fb3bc805e42e98d22176b	d__Eukaryota	1
cbb73be83c98323ea95833ddeea10ce0	d__Eukaryota; p__Ciliophora; c__Intramacronucleata; o__Conthreep; f__Colpodea; g__Bryometopus; s__metagenome	0.884515209
5a06639f1a4a963450eea27702f65982	d__Eukaryota; p__Incertae_Sedis; c__Incertae_Sedis; o__Incertae_Sedis; f__Incertae_Sedis; g__Incertae_Sedis; s__metagenome	0.999966641
0865e2c4a646b579586dd5a5971385e1	d__Eukaryota	0.999999992
a3071670b5b77e3e249e6ba33095cbc3	d__Eukaryota	1
62c48957627df4190a4beef7abf25711	d__Eukaryota; p__Zoopagomycota; c__Incertae_Sedis; o__Zoopagales; f__Zoopagales; g__Acaulopage; s__Acaulopage_dichotoma	0.999999989
d51224016b0a9c81ab86848e4d1474d8	d__Eukaryota; p__LKM15; c__LKM15; o__LKM15; f__LKM15; g__LKM15; s__metagenome	0.939751257
ccb051e222780e7e6485d3d6eff769ec	d__Eukaryota; p__Heterolobosea; c__Tetramitia; o__Tetramitia; f__Tetramitia	0.914362366
d27b4f543e5c058fa7b2f210e26b77f5	d__Eukaryota; p__Cryptomycota; c__LKM11; o__LKM11; f__LKM11; g__LKM11	0.999999732
a840c50693bdadafc9b58ca86d3a1af2	d__Eukaryota; p__SAR; c__Labyrinthulomycetes; o__Labyrinthulomycetes; f__Labyrinthulomycetes; g__Sorodiplophrys; s__metagenome	1
fc75f1a1ca90275f9d963a4cc904fda9	d__Eukaryota; p__Peronosporomycetes; c__Peronosporomycetes; o__Peronosporomycetes; f__Peronosporomycetes; g__Peronosporomycetes; s__Aplanopsis_terrestris	0.781525062
cc705b57fafd2925dcbbbca0b9c61385	d__Eukaryota	1
c7a2d2df036b0955c59ef5192fa19e83	d__Eukaryota	1
8c6a351ef80c6d0975b907229a1ba1a0	d__Eukaryota; p__Chytridiomycota; c__Chytridiomycetes; o__Chytridiales; f__Incertae_Sedis; g__Incertae_Sedis; s__uncultured_Chytridiomycota	0.977023255
9604d6cd6a9e86a7e741657391249744	d__Eukaryota; p__MAST-12; c__MAST-12C; o__MAST-12C; f__MAST-12C; g__MAST-12C	0.99997897
f3c076ed44d4d15e3381a8df7d3a913b	d__Eukaryota; p__Cercozoa; c__Phytomyxea; o__Phytomyxea; f__Phytomyxea; g__uncultured	0.999998937
fab94940f167b50627b70fb7eed0024d	d__Eukaryota	0.999999163
0bdb3ea70e076ec8ffb791234c88407c	d__Eukaryota	0.999999977
1066018234edfd0b35ed12b1d8cd55db	d__Eukaryota; p__Cryptomycota; c__Incertae_Sedis; o__Incertae_Sedis; f__Incertae_Sedis; g__Paramicrosporidium; s__uncultured_eukaryote	0.99999946
38c8318115b2870531da5e4a899023bb	d__Eukaryota; p__SAR; c__Labyrinthulomycetes; o__Labyrinthulomycetes; f__Labyrinthulomycetes; g__Sorodiplophrys; s__metagenome	0.996440462
928b1e9e6e49d4f77773df6f07a0de70	d__Eukaryota	1
15d5b2b4c82c2c76131f3533e9f98d25	d__Eukaryota; p__Cercozoa; c__Imbricatea; o__Imbricatea; f__Euglyphida; g__Euglyphida; s__metagenome	0.895453534
cb2ac79d1d8500dd1ec4b4e843053672	d__Eukaryota; p__Basidiomycota; c__Microbotryomycetes	0.999820938
611ba69e6ecc2e756796b82887b2d240	d__Eukaryota; p__Chlorophyta; c__Trebouxiophyceae; o__Trebouxiophyceae; f__Trebouxiophyceae; g__Trebouxiophyceae; s__uncultured_Apatococcus	0.999999997
49a75e2a0633c1c1a4ad821f5cb25156	d__Eukaryota; p__SAR; c__Labyrinthulomycetes; o__Labyrinthulomycetes; f__Labyrinthulomycetes; g__Sorodiplophrys; s__metagenome	0.999999999
d0ed19b36a5c7fbbbc98f83c7bf07655	d__Eukaryota; p__Basidiomycota; c__Microbotryomycetes; o__Sporidiobolales; f__Sporidiobolaceae	0.994421977
c556c8ab3bb3ecbe2a633545f5987a8b	d__Eukaryota; p__Cercozoa; c__Cercomonadidae; o__Cercomonadidae; f__Cercomonadidae; g__uncultured; s__Cercomonas_sp.	0.992377752
d6dcaffc76cd9d77a5ee93dc1b048ec3	d__Eukaryota; p__Cercozoa; c__Phytomyxea; o__Phytomyxea; f__Phytomyxea	1
dc33abc3fd44535cf85ae97869678b5c	d__Eukaryota	1
8cb37a52d6c0de6538e6a745836f47ce	d__Eukaryota	1
da4dbed16e511febc5c1e3e9561d206a	d__Eukaryota	1
f21c38153776d7714496593902d2b227	d__Eukaryota; p__Gracilipodida; c__Gracilipodida; o__Gracilipodida; f__Gracilipodida; g__Gracilipodida; s__metagenome	0.965852801
8cb5a581806b78bb248de98bba4bb415	d__Eukaryota	1
0044025b3ac172cab8d3a64a502304c6	d__Eukaryota; p__Amoebozoa; c__Discosea; o__Vannellida; f__Vannellida; g__uncultured; s__Vannella_sp.	0.999993323
85d2bdcedd9d9584747af41d1bbc7029	d__Eukaryota; p__MAST-12; c__MAST-12C; o__MAST-12C; f__MAST-12C; g__MAST-12C; s__uncultured_Eimeriidae	0.977578347
499f17373e04c5d190f3a3a9eddf2d86	d__Eukaryota; p__Heterolobosea; c__Tetramitia; o__Tetramitia; f__Tetramitia; g__Allovahlkampfia	0.996053347
89a4f39b1889ebbb7ccfee430b32b042	d__Eukaryota	1
b2d691d360ef9ad548586d7c9b285a64	d__Eukaryota; p__Gracilipodida; c__Gracilipodida; o__Gracilipodida; f__Gracilipodida; g__Telaepolella; s__Telaepolella_sp.	0.999294304
be99feaa9581fd78c7fc7bd8442fb784	d__Eukaryota; p__SAR; c__Labyrinthulomycetes; o__Labyrinthulomycetes; f__Labyrinthulomycetes; g__Sorodiplophrys	0.999993546
c9677a1c5b76b55f7e21843b10eb4756	d__Eukaryota; p__Cercozoa; c__Cercomonadidae; o__Cercomonadidae; f__Cercomonadidae; g__Cercomonas	0.747220639
bc920ed52360ccbc9eed13295ec6cb4f	d__Eukaryota; p__Chlorophyta; c__Trebouxiophyceae; o__Trebouxiophyceae; f__Trebouxiophyceae; g__Trebouxiophyceae	0.883477922
64086e9280f7d239cdc71fdf092de819	d__Eukaryota; p__Heterolobosea; c__Tetramitia; o__Tetramitia; f__Tetramitia; g__Vahlkampfia; s__Vahlkampfia_avara	0.999997213
f454e53a0d6b414ca1515802bef7c768	d__Eukaryota	0.999999999
061de68ba85a87c7a78c48b92f94c28d	d__Eukaryota; p__Chytridiomycota; c__Chytridiomycetes; o__Spizellomycetales; f__Olpidiaceae; g__Olpidium; s__Olpidium_brassicae	0.873206317
9c3c86fc9ece8122eb98d9a2b14aa370	d__Eukaryota	1
571f7bc5f38b2d2cdcc06f0807506452	d__Eukaryota; p__Cercozoa; c__Cercozoa; o__Cercozoa; f__Cercozoa; g__Cercozoa; s__Nuclearia-like_filose	0.972430423
0049e03bfe7425ada8152fcbf3a8ae98	d__Eukaryota; p__Ascomycota; c__Eurotiomycetes; o__Chaetothyriales; f__Trichomeriaceae	0.992327844
f7804a637ec740cdd461118d87e3fd0f	d__Eukaryota; p__Basidiomycota; c__Agaricomycetes; o__Gomphales; f__Gomphaceae; g__Clavariadelphus; s__Clavariadelphus_pistillaris	0.988027899
134f01e03f76dff0be45326bf2a16db1	d__Eukaryota; p__Cercozoa; c__Cercomonadidae; o__Cercomonadidae; f__Cercomonadidae; g__uncultured; s__metagenome	0.950961615
1e30a372eb01dbff4d10cb2a10e3fc7d	d__Eukaryota; p__Diatomea; c__Bacillariophyceae; o__Bacillariophyceae; f__Bacillariophyceae	0.709489746
016fa996e0d9589b73166b457a337f7f	d__Eukaryota; p__Aphelidea; c__Aphelidea; o__Aphelidea; f__Aphelidea	0.742220481
7fea7466335ca3779b3032259174c84b	d__Eukaryota; p__Amoebozoa; c__Tubulinea; o__Echinamoebida; f__Echinamoebida; g__Echinamoebida; s__metagenome	0.995845836
f93680090b538c1bee983da913436aa4	d__Eukaryota; p__Amoebozoa; c__Tubulinea; o__Echinamoebida; f__Echinamoebida; g__Echinamoebida; s__uncultured_eukaryote	1
ff674fdd8b1498af90968cf1b1be6dba	d__Eukaryota; p__Cercozoa; c__Imbricatea; o__Spongomonadida; f__Spongomonadida; g__Spongomonas; s__metagenome	0.999157749
f92fef27c94145c945a801b1a6b96ff1	d__Eukaryota; p__Arthropoda; c__Arachnida; o__Acari; f__Acari; g__Acari	0.934532566
55733455544929ce2359f8846f06b61e	d__Eukaryota	1
5e16fb7eb9eec99ca3a7539f417aa38d	d__Eukaryota; p__Phragmoplastophyta; c__Embryophyta; o__Magnoliophyta; f__Magnoliophyta; g__Magnoliophyta	0.993358639
99671074981c55b03a21c1990c945ab2	d__Eukaryota	1
6e9c723cfbe4721ab88a6aaca05de50c	d__Eukaryota; p__Cercozoa; c__Imbricatea; o__Imbricatea; f__Euglyphida; g__uncultured; s__metagenome	0.999996474
b9ad9c498b89f63c9b0724640fb582ba	d__Eukaryota; p__Bicosoecida	0.877825587
90ee0bf7a7c541be605a1d718d21aad0	d__Eukaryota; p__Holozoa; c__Ichthyosporea; o__Pseudoperkinsidae; f__Pseudoperkinsidae; g__Anurofeca; s__Anurofeca_sp.	0.844888638
1516a1467fc5667be537b4d926f11e39	d__Eukaryota; p__Cercozoa	0.999581045
35f1a09ce3226d93f3dc405a60f49163	d__Eukaryota	1
d9959cc810f51a245cc6fe8628b638ae	d__Eukaryota; p__Cercozoa; c__Thecofilosea; o__Incertae_Sedis; f__Incertae_Sedis; g__Lecythium; s__uncultured_eukaryote	0.996370809
7b0694de000115b7b3bba41a4d9d7c0a	d__Eukaryota; p__Chytridiomycota; c__Chytridiomycetes; o__Spizellomycetales; f__Olpidiaceae; g__Olpidium; s__Olpidium_brassicae	0.85947283
e73492335c22547490e6b8e9a97dc488	d__Eukaryota; p__Cercozoa; c__Incertae_Sedis; o__Incertae_Sedis; f__Incertae_Sedis; g__Gymnophrys; s__Cercozoa_sp.	0.998658955
11d1d51c1ca7d799a572071e17369714	d__Eukaryota; p__Nematozoa; c__Enoplea	0.88545988
4859d1e78944fa3a1f9bf8fe36b67a9d	d__Eukaryota; p__Haptophyta; c__Haptophyta; o__Haptophyta; f__Haptophyta; g__Haptophyta; s__metagenome	0.999999967
41ec65a82b5d964edc766725bad18ff0	d__Eukaryota; p__Chytridiomycota; c__Chytridiomycetes; o__Rhizophydiales	0.771065038
189203b7fe3af19c16f8243cc6d697bf	d__Eukaryota; p__Gracilipodida; c__LEMD267; o__LEMD267; f__LEMD267; g__LEMD267; s__metagenome	0.999999994
ec3f6c5d44c7f5de1308ff9d3f0ba72a	d__Eukaryota	0.99977452
154f4d310d7186bc776e0fc892eb1fb4	d__Eukaryota	1
4a82effb821add989a6698c3bbc53666	d__Eukaryota; p__Chytridiomycota; c__Chytridiomycetes	0.905495475
cc3937d4be22d6651b6645e198daeffc	d__Eukaryota; p__Protalveolata; c__Colpodellida; o__Colpodellida; f__Colpodellida; g__Colpodella; s__Colpodella_edax	0.902768435
747cf9294b9239fafc129f59c442d3dd	d__Eukaryota; p__Cercozoa; c__Imbricatea; o__Imbricatea; f__Euglyphida; g__Paulinella; s__Paulinella_chromatophora	0.935231727
5e9a47ddc48663620b1f82aaf19919f6	d__Eukaryota	1
642afd1809da9432ca930a98215fb8d5	d__Eukaryota; p__Ciliophora; c__Intramacronucleata; o__Conthreep; f__Colpodea; g__Colpoda; s__metagenome	0.959605026
80e88c2d4e22dd481df66445909aca7d	d__Eukaryota; p__Ciliophora; c__Intramacronucleata; o__Spirotrichea; f__Hypotrichia; g__Gonostomum; s__Gonostomum_strenuum	0.869045645
fda7230f51f9f7bebf9cd3850717636b	d__Eukaryota	1
df3616802c3bd9d770a73779f37818fb	d__Eukaryota	1
c1740b9908e8ae6cb0cab10f0074bbae	d__Eukaryota; p__Gracilipodida; c__Gracilipodida; o__Gracilipodida; f__Gracilipodida; g__Flamella; s__uncultured_marine	0.808643099
24c4300ffc8a6d36ceb6de1898344035	d__Eukaryota; p__Protalveolata; c__Perkinsidae; o__A31; f__A31; g__A31; s__uncultured_eukaryote	0.997413886
eae66ffce59abacac6a5ee2d9fc3db61	d__Eukaryota; p__Gracilipodida; c__Gracilipodida; o__Gracilipodida; f__Gracilipodida; g__Filamoeba	1
ef58d5fe6ae4c6ddeadded3d844f4111	d__Eukaryota; p__Chytridiomycota; c__Chytridiomycetes; o__Spizellomycetales; f__Olpidiaceae; g__Olpidium; s__Olpidium_brassicae	0.977887946
16f0b89f8f846c9a60238619cea1c3fa	d__Eukaryota; p__Phragmoplastophyta; c__Embryophyta; o__Magnoliophyta; f__Magnoliophyta; g__Magnoliophyta	0.990021275
eb191c8fa2910e11cb3edc89a348fdfb	d__Eukaryota; p__Phragmoplastophyta; c__Embryophyta; o__Magnoliophyta; f__Magnoliophyta; g__Magnoliophyta	0.992814954
ef13acbdda85aad3c2f06da23762cc73	d__Eukaryota; p__Cercozoa	0.883441039
8a9c5099a0b295ac747f7d3a579bc3ec	d__Eukaryota; p__Ciliophora; c__Intramacronucleata; o__Conthreep; f__Phyllopharyngea; g__Acineta; s__uncultured_marine	0.887648591
4509f1fc02bc8c174dc1815ac72fce8f	d__Eukaryota; p__Phragmoplastophyta; c__Embryophyta; o__Magnoliophyta; f__Magnoliophyta; g__Magnoliophyta	0.970867605
2819fcf418b401b97f9c7aac97fd4653	d__Eukaryota; p__Amoebozoa; c__Discosea; o__Centramoebida; f__Centramoebida; g__Acanthamoeba; s__Acanthamoeba_sp.	0.88572577
7d683a7076168c8412b7ec7dad54810d	d__Eukaryota; p__Chlorophyta; c__Chlorophyceae; o__Chlorophyceae; f__Chlorophyceae; g__Chlorophyceae; s__Pleurastrum_insigne	0.880560686
614d75aed12bfbffd160005926618f56	d__Eukaryota; p__Bicosoecida; c__Bicosoecida; o__Bicosoecida; f__Bicosoecida; g__Bicosoecida; s__Adriamonas_peritocrescens	0.973958994
8d8b322ea9fc46c5e0728f39da67fb38	d__Eukaryota; p__LKM15; c__LKM15; o__LKM15; f__LKM15; g__LKM15; s__uncultured_eukaryote	0.960322771
4947b91850bbe596ad68a3d46900cdff	d__Eukaryota; p__Basidiomycota; c__Agaricomycetes; o__Agaricales	0.883477305
d54e2ef5fa067de984f77051df72485e	d__Eukaryota; p__Cercozoa; c__Incertae_Sedis; o__Incertae_Sedis; f__Incertae_Sedis; g__Gymnophrys; s__uncultured_eukaryote	0.97669568
609b24b189f69674c9dbcfc55bcb3ca5	d__Eukaryota; p__Phragmoplastophyta; c__Embryophyta; o__Magnoliophyta; f__Magnoliophyta; g__Magnoliophyta	0.974478752
d291e9175757d6a0ff2d6f3800cd209d	d__Eukaryota; p__Phragmoplastophyta; c__Embryophyta; o__Magnoliophyta; f__Magnoliophyta; g__Magnoliophyta	0.982688956
5947435be4136fca7e4d5f385ee39b8b	d__Eukaryota; p__Cercozoa; c__uncultured; o__uncultured; f__uncultured; g__uncultured; s__metagenome	0.93431209
e0f901146e45315f6a12c89c242182f9	d__Eukaryota	1
08e47a0954292cc716352343730d7e0e	d__Eukaryota; p__Cercozoa; c__Cercomonadidae; o__Cercomonadidae; f__Cercomonadidae; g__uncultured; s__Cercomonas_sp.	0.881253655
50d6cee7ebd9ae023f84c42a91ae296f	d__Eukaryota; p__Chytridiomycota; c__Chytridiomycetes; o__Spizellomycetales; f__Olpidiaceae; g__Olpidium; s__Olpidium_brassicae	0.997543259
43f1edb62a1e4d16de488bee73a440a5	d__Eukaryota	1
54e7180fe2e35b6bd2b596d8f269569f	d__Eukaryota; p__Chlorophyta; c__Chlorophyceae; o__Chlorophyceae; f__Chlorophyceae; g__Chlorophyceae; s__Deasonia_sp.	0.986927701
3886e8120d944ad1017740805bbbb10f	d__Eukaryota; p__Nematozoa; c__Chromadorea; o__Tylenchida; f__Tylenchida; g__Tylenchida	0.999087971
cc9a8257840b4de1d5366bce147a6e16	d__Eukaryota; p__Cercozoa; c__Cercomonadidae; o__Cercomonadidae; f__Cercomonadidae; g__Cercomonas; s__metagenome	0.897198606
d1ee582043ff738334869ec4273956e4	d__Eukaryota	1
45dd0e7d0cc9a6713fc57ccfe6f3340c	d__Eukaryota; p__Nematozoa; c__Chromadorea; o__Rhabditida; f__Rhabditida; g__Rhabditida; s__Acrobeloides_thornei	0.769964213
27386b9cc9a05d7c3230eaf25c901a92	d__Eukaryota; p__Centrohelida; c__Centrohelida; o__Centrohelida; f__Acanthocystidae; g__Pterocystis	0.719372378
9dc0ea913c8172162f827854f4fe0d3c	d__Eukaryota; p__Cercozoa; c__Imbricatea; o__Imbricatea; f__Euglyphida; g__uncultured; s__metagenome	0.952048847
c919b883fccece430bd41fc624175c94	d__Eukaryota; p__Chytridiomycota; c__Chytridiomycetes; o__Rhizophydiales; f__uncultured; g__uncultured	0.850883281
e5482c2dcd6cc613a899987f5a833913	d__Eukaryota; p__Ochrophyta; c__Chrysophyceae; o__Incertae_Sedis; f__Incertae_Sedis; g__Chlamydomyxa; s__uncultured_eukaryote	0.761356742
b5ff98093174358c0e9eb2e7693ae751	d__Eukaryota; p__Chytridiomycota; c__Chytridiomycetes; o__Rhizophydiales	0.702934888
c3198693b6b0a02cef0fcdd6b294b6ae	d__Eukaryota; p__Phragmoplastophyta; c__Embryophyta; o__Magnoliophyta; f__Magnoliophyta; g__Magnoliophyta	0.979130055
4f44f4d689ded0d4143313da448814e5	d__Eukaryota	1
c9122f06f1d6d8936e8fc3bcd5b50759	d__Eukaryota	1
623ea8f6ab6299809d5d07522c36cf85	d__Eukaryota; p__Cercozoa; c__Cercomonadidae; o__Cercomonadidae; f__Cercomonadidae; g__Cercomonas	0.997718449
631f06d698102cf5e237b57acf0aeb20	d__Eukaryota; p__Chlorophyta; c__Chlorophyceae; o__Chlorophyceae; f__Chlorophyceae; g__Chlorophyceae; s__Heterochlamydomonas_lobata	0.970706573
72ce85e979d30f4841191406c96460f9	d__Eukaryota; p__Amoebozoa; c__Tubulinea; o__Leptomyxida; f__Leptomyxida; g__Leptomyxa; s__metagenome	0.705075331
3c4ccde70e463ba25e4cebab68ea2ec9	d__Eukaryota	1
61e83ed8e4479948e26c603aa700edc8	d__Eukaryota; p__Basidiomycota; c__Agaricomycetes; o__Gomphales; f__Gomphaceae; g__Clavariadelphus; s__Clavariadelphus_pistillaris	0.966849888
5ae38e2ef39d488da6193311eb516c3a	d__Eukaryota; p__Ascomycota	0.997332989
dd3b5a7d3c197c4cb169fbe06f300c9b	d__Eukaryota; p__Cercozoa; c__Imbricatea; o__Imbricatea; f__Imbricatea; g__Nudifila; s__metagenome	0.999999858
6d8965adea75e54b7b7d9d8c25c5b597	d__Eukaryota; p__Cercozoa; c__Imbricatea; o__Imbricatea; f__Thaumatomonadida; g__Gyromitus; s__metagenome	0.983644868
0dcb2311fd64d58c9539a4248b14ccee	d__Eukaryota; p__Ciliophora; c__Intramacronucleata; o__Conthreep; f__Colpodea; g__Colpoda; s__metagenome	0.993639739
e5e77a4d53860e02a0a3995b3a235ae5	d__Eukaryota; p__Ascomycota	0.999996889
1d9da296775af2d77d1cab020c975f8a	d__Eukaryota; p__Cercozoa; c__Thecofilosea; o__Thecofilosea; f__Thecofilosea; g__Thecofilosea; s__metagenome	0.989337379
42cde686d2840bbe5904329d971f2d46	d__Eukaryota; p__Chytridiomycota; c__Chytridiomycetes; o__Spizellomycetales; f__Olpidiaceae; g__Olpidium; s__Olpidium_brassicae	0.996598544
ac0c4917fb0e5f0f27c9fe5d6508c805	d__Eukaryota; p__Gracilipodida; c__Gracilipodida; o__Gracilipodida; f__Gracilipodida; g__Gracilipodida; s__metagenome	0.922386195
ce9e9903cb41f0b93e0ae2427be43d8e	d__Eukaryota; p__Mucoromycota; c__Glomeromycetes; o__Diversisporales; f__Gigasporaceae; g__Gigaspora; s__Gigaspora_margarita	0.992101097
c47d43967dc0d2d3949196b6f9f46869	d__Eukaryota; p__Nematozoa; c__Chromadorea; o__Tylenchida; f__Tylenchida; g__Tylenchida; s__Aphelenchoides_fragariae	0.813743102
91302143f2346feef265d337690fc0a0	d__Eukaryota	1
02f70b7ee9caff7da6f25512f4e91d1f	d__Eukaryota; p__Cercozoa; c__Imbricatea; o__Imbricatea; f__Euglyphida; g__Paulinella	0.995051209
0239fe9f8e4cbcd087096ae69c31e187	d__Eukaryota; p__Cavosteliida; c__Cavosteliida; o__Cavosteliida; f__Cavosteliida; g__Cavosteliida; s__Schizoplasmodiopsis_pseudoendospora	0.999904724
83573a9605e11a1d6e33c641de93d7ca	d__Eukaryota	1
1899d85da280f3b3530b9fd070ed8d3e	d__Eukaryota; p__Amoebozoa; c__Amoebozoa; o__Amoebozoa; f__Amoebozoa; g__Amoebozoa; s__metagenome	0.990501031
cd1d26bfb9f7e75701c0efd6008d76d6	d__Eukaryota; p__Protalveolata; c__Perkinsidae; o__A31; f__A31; g__A31; s__uncultured_alveolate	0.999730243
9c5ecf64faba92f9ef7212918aad5f63	d__Eukaryota; p__Nematozoa; c__Chromadorea; o__Tylenchida; f__Tylenchida; g__Tylenchida	0.99969657
5524831b3f5adae7e3f2c22a02333d29	d__Eukaryota; p__Basidiomycota; c__Cystobasidiomycetes	0.999987595
b425c13673fd457b91a22ac1a889b002	d__Eukaryota; p__Amoebozoa; c__Tubulinea; o__Leptomyxida; f__Leptomyxida; g__Leptomyxa; s__metagenome	0.726443908
6337b55e96d7d992f273b95916613a58	d__Eukaryota; p__Schizoplasmodiida; c__Schizoplasmodiida; o__Schizoplasmodiida; f__Schizoplasmodiida; g__Phalansterium; s__metagenome	1
525b4b67366164847abdefada84c0e77	d__Eukaryota; p__Chlorophyta; c__Chlorophyceae; o__Chlorophyceae; f__Chlorophyceae; g__Chlorophyceae; s__Chlamydomonas_applanata	0.946201752
53b7a0e015200d5ad70c7330460c9e2d	d__Eukaryota; p__Cercozoa; c__Cercomonadidae; o__Cercomonadidae; f__Cercomonadidae; g__Cercomonas; s__Cercomonas_parincurva	0.852657191
658d6601d6b803bdd5a82a8f311fb9c8	d__Eukaryota; p__Ciliophora; c__Intramacronucleata; o__Conthreep; f__Colpodea; g__Colpoda; s__metagenome	0.850384631
851677768711ebd05adfb1c90c072967	d__Eukaryota	1
1794c748452f7ee5b0641b25c39df566	d__Eukaryota; p__Chytridiomycota; c__Monoblepharidomycetes; o__Monoblepharidales; f__Monoblepharidales; g__Hyaloraphidium; s__Hyaloraphidium_curvatum	0.962725506
1c9c5119ad51ba76bd76012d540e8f93	d__Eukaryota	1
32776108a6b58188cd3c5044ddd7ecb7	d__Eukaryota; p__Chytridiomycota; c__Chytridiomycetes; o__Spizellomycetales; f__Olpidiaceae; g__Olpidium; s__Olpidium_brassicae	0.999998201
1332756a5d1fbbd47f9d342d69cb9813	d__Eukaryota; p__Ochrophyta; c__Chrysophyceae; o__Ochromonadales; f__Ochromonadales; g__Paraphysomonas; s__metagenome	0.9997511
29c1e51209217273f857dc7e4c378692	d__Eukaryota; p__Amoebozoa; c__Discosea; o__Dactylopodida; f__Dactylopodida; g__Dactylopodida; s__Tubulinea_group	0.99999997
4e96bbffe47ea80257f889e465ebf3c8	d__Eukaryota; p__Ascomycota; c__Dothideomycetes	0.904090554
c900c823a746371c104785a1e3e8f791	d__Eukaryota; p__Zoopagomycota	0.717816456
efdea13d28e8c0a55c69dd5bab7c30c5	d__Eukaryota; p__Nematozoa; c__Chromadorea; o__Tylenchida; f__Tylenchida; g__Tylenchida; s__Boleodorus_thylactus	0.810665585
fcc99b4839180992c1ac073c3d8b1c6c	d__Eukaryota; p__Ascomycota; c__Dothideomycetes; o__Venturiales; f__Sympoventuriaceae; g__Fusicladium; s__Fusicladium_sicilianum	0.939379415
513e74d03336d10b6f5ded5336846fb1	d__Eukaryota; p__SAR; c__Labyrinthulomycetes; o__Labyrinthulomycetes; f__Labyrinthulomycetes; g__Sorodiplophrys; s__Sorodiplophrys_stercorea	0.99967529
ebf2956034c284d230da5d827a2ad611	d__Eukaryota; p__Cryptomycota; c__LKM11; o__LKM11; f__LKM11; g__LKM11; s__uncultured_fungus	0.984864455
6c658db7f5e54475b138a4b1189499d0	d__Eukaryota; p__Cercozoa; c__Cercomonadidae; o__Cercomonadidae; f__Cercomonadidae; g__Cercomonadidae; s__metagenome	0.999959719
1ace27fcc7c2570d191300b38d17aa19	d__Eukaryota	1
d804280b0490f1281ff0205b02125a1a	d__Eukaryota; p__Apicomplexa; c__Conoidasida; o__Gregarinasina; f__Eugregarinorida; g__Gregarina; s__Enterocystis_dorypterygis	1
d8c34bc141ee3d738cbb7d73e1d2580c	d__Eukaryota; p__Amoebozoa; c__Discosea; o__Dactylopodida; f__Dactylopodida; g__Angulamoeba; s__Angulamoeba_fungorum	0.99997848
2bd56a02ea61bdd0dd1e4866b92e52fe	d__Eukaryota; p__Zoopagomycota; c__Zoopagomycota; o__Zoopagomycota; f__Zoopagomycota; g__Zoopagomycota; s__Barbatospora_ambicaudata	0.999351896
70df290176733b6119f8eb3462e2718a	d__Eukaryota; p__Mucoromycota; c__Glomeromycetes; o__Glomerales; f__Glomeraceae; g__Rhizophagus; s__Rhizophagus_intraradices	0.993886614
1d662e7adb47aa68360f59a5343bfffc	d__Eukaryota; p__SAR; c__Labyrinthulomycetes; o__Labyrinthulomycetes; f__Labyrinthulomycetes; g__Sorodiplophrys; s__metagenome	0.999987221
834acfe842c2b0252fc04f8836bcc656	d__Eukaryota; p__Holozoa; c__Ichthyosporea; o__Rhinosporideacae; f__Rhinosporideacae; g__Rhinosporideacae; s__uncultured_eukaryote	0.863163612
b58df007f5bcb2e95370dc6627154ac1	d__Eukaryota; p__Bicosoecida; c__Bicosoecida; o__Bicosoecida; f__Bicosoecida; g__Bicosoecida; s__Adriamonas_peritocrescens	0.867700638
cd91f4dedb19df18654df4e2d12225bc	d__Eukaryota	1
4b696ab088a4a91e581a8683f7d503bc	d__Eukaryota; p__Basidiomycota	0.998015917
d9fc080f7d1f995e9a771eb74ef98edf	d__Eukaryota; p__Nematozoa; c__Chromadorea; o__Rhabditida; f__Rhabditida; g__Rhabditida; s__Acrobeloides_thornei	0.908023001
e8f4ea0c4414c8b69a94914f557ea67e	d__Eukaryota; p__SAR; c__Labyrinthulomycetes; o__Labyrinthulomycetes; f__Labyrinthulomycetes; g__Sorodiplophrys; s__Sorodiplophrys_stercorea	0.999894807
e9992dddf40d8547b9232ad1f9bd1850	d__Eukaryota; p__Chlorophyta; c__Chlorophyceae; o__Chlorophyceae; f__Chlorophyceae; g__Chlorophyceae; s__uncultured_Chlamydomonadales	0.852943727
13913f1f627772033cba2a3e017c5e6d	d__Eukaryota; p__Cercozoa; c__uncultured; o__uncultured; f__uncultured; g__uncultured; s__metagenome	0.996912529
6ccfa2cfbe492d1ffd6b05ce74dd8b02	d__Eukaryota; p__Cercozoa; c__Imbricatea; o__Imbricatea; f__Euglyphida; g__Trinema; s__Trinema_enchelys	0.754561543
db70c0399b64136c776b1e9ebd7f3b5e	d__Eukaryota	1
3e90c34fd5960e8f77de5189fbd1e490	d__Eukaryota; p__Cercozoa; c__Imbricatea; o__Imbricatea; f__Euglyphida	0.9929766
89e44ae08673c9c588b6182e809f8423	d__Eukaryota; p__Cercozoa; c__Glissomonadida; o__Glissomonadida; f__Glissomonadida	0.989188559
a85f67e925140e6c874164358c3cfe6f	d__Eukaryota; p__Chlorophyta; c__Chlorophyceae; o__Chlorophyceae; f__Chlorophyceae; g__Chlorophyceae	0.999751871
a8e0ee397d1fe8d5ff3edcf1e6cc4b98	d__Eukaryota; p__Dinoflagellata; c__Dinophyceae	0.94261868
67180a833da6aaf2108e58ad81afcf82	d__Eukaryota; p__Cercozoa; c__Glissomonadida; o__Glissomonadida; f__Glissomonadida	0.783007233
abd41fa1b645c3875486c3eb17cd0d19	d__Eukaryota; p__Chlorophyta	0.998411068
22ce6aae614595f6288c9410971afa1a	d__Eukaryota; p__Chlorophyta; c__Chlorophyceae; o__Chlorophyceae; f__Chlorophyceae; g__Chlorophyceae; s__Chlamydomonas_bacca	0.965435668
02a58d8b89d2b00656288827aaa1de60	d__Eukaryota; p__LKM15; c__LKM15; o__LKM15; f__LKM15; g__LKM15	0.999967267
ee781ac02d557fa1f3385091a1d28227	d__Eukaryota; p__Gracilipodida; c__LEMD267; o__LEMD267; f__LEMD267; g__LEMD267; s__uncultured_eukaryote	0.999874582
89e875023e9f4651018ad6462aa6e576	d__Eukaryota	1
c513e219744b9aaf1f91c89cf5dc8089	d__Eukaryota	1
5fb9d7c63d8799d9a826ee0ef7c52464	d__Eukaryota	1
2a1938edb13c6c4f57921173b39d8dd4	d__Eukaryota; p__Mucoromycota; c__Glomeromycetes; o__Glomerales; f__Claroideoglomeraceae; g__Claroideoglomus; s__metagenome	0.999999997
a7aab00756a71367cc011787e0e09c29	d__Eukaryota; p__Cercozoa; c__Imbricatea; o__Imbricatea; f__Imbricatea; g__Nudifila; s__metagenome	0.998880005
876ebcacbcf8441e2a56cbcd928cd168	d__Eukaryota; p__Amoebozoa; c__Tubulinea; o__Echinamoebida; f__Echinamoebida; g__Vermamoeba; s__Vermamoeba_vermiformis	0.997441488
dbd2387b608be97cea85f6dcec21d4ac	d__Eukaryota; p__Phragmoplastophyta; c__Embryophyta	0.965104187
04e603e1529d6c809b679bd6bc5f173d	d__Eukaryota; p__SAR; c__Labyrinthulomycetes; o__Labyrinthulomycetes; f__Labyrinthulomycetes; g__Sorodiplophrys	0.999998806
71b1de1f0458c2ae3ba6679c66001fd3	d__Eukaryota; p__Cercozoa; c__Glissomonadida; o__Glissomonadida; f__Glissomonadida	0.979704462
b9a86dd2a91c25d96796bebb667bda5d	d__Eukaryota; p__Basidiomycota; c__Agaricomycetes; o__Agaricales	0.960139458
0ccfa0b6c8e6fb21ae64599b3b3390ec	d__Eukaryota; p__Cercozoa	0.999427766
b1f8ffd8d13eb26552cfd81597178a3f	d__Eukaryota; p__Ascomycota; c__Eurotiomycetes; o__Onygenales	0.976652571
4e30e368163361448bd02d946b5350c5	d__Eukaryota; p__Chytridiomycota; c__Chytridiomycetes; o__Spizellomycetales; f__Olpidiaceae; g__Olpidium; s__Olpidium_brassicae	0.982850001
3bf5cc048c62f788d539e0376b0d5b83	d__Eukaryota; p__Chytridiomycota; c__Chytridiomycetes; o__Spizellomycetales; f__Powellomycetaceae; g__Powellomycetaceae; s__Powellomyces_sp.	0.828339307
609051bce7e6692af38c181def1e653b	d__Eukaryota; p__Cercozoa; c__Imbricatea; o__Imbricatea; f__Euglyphida; g__uncultured; s__metagenome	0.731976653
7b226ec90005279012db5121e1a8f759	d__Eukaryota	1
60dad0729197ff0adfc79c203b2a1592	d__Eukaryota; p__Diatomea; c__Bacillariophyceae; o__Bacillariophyceae; f__Bacillariophyceae; g__Fistulifera; s__Fistulifera_pelliculosa	0.994910487
3a6dc4ec06237d71685b7cb627b87857	d__Eukaryota; p__Chlorophyta; c__Chlorophyceae; o__Chlorophyceae; f__Chlorophyceae; g__Chlorophyceae; s__Chloromonas_sp.	0.881875018
3604a3d36e87d5ba93612b0e5f676b8f	d__Eukaryota; p__Ascomycota; c__Eurotiomycetes; o__Eurotiales; f__Aspergillaceae; g__Penicillium	0.925779152
8eb02143591a30ce388199764f534413	d__Eukaryota; p__Amoebozoa; c__Tubulinea; o__Arcellinida; f__Arcellinida; g__Arcellinida; s__metagenome	0.999999912
48077b6b91de502b1a8f5466cb0611b6	d__Eukaryota; p__Bicosoecida; c__CH1-2B-3; o__CH1-2B-3; f__CH1-2B-3; g__CH1-2B-3; s__uncultured_stramenopile	0.829630706
519dc92cbf4cf86b9fdb129fd5f18105	d__Eukaryota	1
bc7df4232ca09aa65c1ee2909b9888d4	d__Eukaryota	1
02d53b9625301763e19922c262aa206b	d__Eukaryota	1
be0101c50c71b2eb788026e599fee2aa	d__Eukaryota; p__Cercozoa; c__uncultured; o__uncultured; f__uncultured; g__uncultured; s__metagenome	0.913888269
f63f6bf49a8801ebeb542fbcbce5c65b	d__Eukaryota; p__Amoebozoa; c__Discosea; o__Vannellida; f__Vannellida; g__Protosteliopsis; s__Vannella_sp.	0.720702009
21138f1e75760443c6d02e15cf45424c	d__Eukaryota; p__Cercozoa; c__Thecofilosea; o__Incertae_Sedis; f__Incertae_Sedis; g__Lecythium; s__uncultured_eukaryote	0.997002368
53026bb63860eab77a7af703e2d4c5d0	d__Eukaryota; p__Bicosoecida; c__CH1-2B-3; o__CH1-2B-3; f__CH1-2B-3; g__CH1-2B-3; s__uncultured_stramenopile	0.971362681
d60aac13671ddf5e135fd04c72b2f35b	d__Eukaryota; p__Annelida; c__Clitellata; o__Haplotaxida; f__Haplotaxida; g__Haplotaxida	0.913920464
5e8e6abeba3b3df0c6b7f08ff97996e3	d__Eukaryota; p__Chlorophyta; c__Trebouxiophyceae; o__Trebouxiophyceae; f__Trebouxiophyceae; g__Trebouxiophyceae; s__Coccomyxa_subellipsoidea	0.799859878
6a2ee2a9c29cfb29600bb14c169280b6	d__Eukaryota	1
32e176eacad25818b5d0ddd52fc92856	d__Eukaryota; p__Chytridiomycota; c__Chytridiomycetes	0.994576589
9f41fe3d510bd68998ea2349ff6b16a4	d__Eukaryota; p__Amoebozoa; c__Tubulinea; o__Leptomyxida; f__Leptomyxida	1
3e65256139f2ef2fc370b10f1a2432f5	d__Eukaryota; p__Cercozoa; c__uncultured; o__uncultured; f__uncultured; g__uncultured; s__Ammopiptanthus_mongolicus	0.99999999
edc93ddcb4bc4a61d7d463238fc34eea	d__Eukaryota; p__Mucoromycota; c__Incertae_Sedis; o__Mucorales; f__Mucoraceae; g__Mucor; s__Mucorales_sp.	0.960473809
80911a7fa5db1c97e57ff46fcec33f2d	d__Eukaryota; p__SAR; c__Labyrinthulomycetes; o__Labyrinthulomycetes; f__Labyrinthulomycetes; g__Sorodiplophrys; s__Sorodiplophrys_stercorea	0.958713679
012a5251f86402d969791671269185b2	d__Eukaryota; p__Cercozoa; c__uncultured; o__uncultured; f__uncultured; g__uncultured; s__metagenome	0.999637945
43dace74c615e4a3364c4eec562fc7a3	d__Eukaryota; p__Amoebozoa; c__Amoebozoa; o__Amoebozoa; f__Amoebozoa; g__Amoebozoa; s__metagenome	0.800151946
75b76ae8e47278ee15b66f6e5c276a1b	d__Eukaryota; p__Ciliophora; c__Intramacronucleata; o__Spirotrichea; f__Hypotrichia	0.911391321
4d4bc050047ba93989a411e0a1cb9504	d__Eukaryota; p__Protalveolata; c__Perkinsidae; o__A31; f__A31; g__A31; s__uncultured_alveolate	0.999846621
2527920e79f237048d9e982d3310464f	d__Eukaryota; p__Cercozoa; c__Glissomonadida; o__Glissomonadida; f__Glissomonadida; g__Glissomonadida; s__metagenome	0.987592413
4caea1e5bd1b3394fe51062e6019e63e	d__Eukaryota; p__Chlorophyta; c__Trebouxiophyceae; o__Trebouxiophyceae; f__Trebouxiophyceae; g__Trebouxiophyceae; s__Nannochloris_bacillaris	0.883723154
dc71afc568477a03bd4b165ddfd4d182	d__Eukaryota	1
cca41c616898f6eb82789c636e62f2fa	d__Eukaryota; p__Cercozoa	0.999774808
052da514c3c117cf0104c70a88768702	d__Eukaryota; p__Holozoa; c__Choanoflagellida; o__Codosigidae; f__Codosigidae; g__Freshwater_Choanoflagellates_1; s__uncultured_eukaryote	0.999999989
cad9d40e31b17eaf70dffa800bab02ea	d__Eukaryota; p__Cercozoa; c__Imbricatea; o__Imbricatea; f__Euglyphida; g__uncultured; s__metagenome	0.792928313
fe573a8fb61bba7f7d2a08bcc5f5bceb	d__Eukaryota; p__Bicosoecida	0.873295663
695fb691fb832ee7324736f1d61cbe71	d__Eukaryota; p__uncultured; c__uncultured; o__uncultured; f__uncultured; g__uncultured; s__marine_metagenome	0.999999999
a3abb7e3390cb97226cbd8076a5b3813	d__Eukaryota; p__Mucoromycota; c__Glomeromycetes; o__Diversisporales; f__Diversisporaceae; g__Diversispora; s__Diversispora_eburnea	0.813797051
a660e4bd0e20181f3a783368a9fc0354	d__Eukaryota; p__SAR; c__Labyrinthulomycetes; o__Labyrinthulomycetes; f__Labyrinthulomycetes; g__Sorodiplophrys; s__metagenome	0.704288644
64a8db360eccb4f0f37f6e85b2045a43	d__Eukaryota; p__Cercozoa; c__Imbricatea; o__Imbricatea; f__Imbricatea; g__Nudifila; s__metagenome	0.99999995
1cb82b829ff412e9c1235ab032f60214	d__Eukaryota; p__Gracilipodida; c__Gracilipodida; o__Gracilipodida; f__Gracilipodida; g__Flamella; s__uncultured_marine	0.981279869
5e58f2457d7766c4dc4504bb3b45bc7b	d__Eukaryota; p__Phragmoplastophyta; c__Embryophyta; o__Magnoliophyta; f__Magnoliophyta; g__Magnoliophyta	0.991343616
11167c8afac76f2ffa41ce079fedc6a9	d__Eukaryota; p__Phragmoplastophyta; c__Embryophyta; o__Magnoliophyta; f__Magnoliophyta; g__Magnoliophyta	0.992446948
d3937e4360d50de9083e9e6beffa3c9b	d__Eukaryota; p__Mucoromycota; c__Incertae_Sedis; o__Mortierellales; f__Mortierellaceae; g__Mortierella	0.819486148
e8fb70a5272b6aedf5dadfd9aa747dd7	d__Eukaryota; p__Amoebozoa; c__Tubulinea; o__Euamoebida; f__Euamoebida; g__Hartmannella; s__Nolandella_sp.	0.959137236
58a938de66edfc4eb1668c6d3955bea3	d__Eukaryota; p__Cercozoa; c__Incertae_Sedis; o__Incertae_Sedis; f__Incertae_Sedis; g__Gymnophrys; s__Athalamea_environmental	0.999186539
12bb41939f774d97c9eede6465c02094	d__Eukaryota; p__Phragmoplastophyta; c__Embryophyta; o__Magnoliophyta; f__Magnoliophyta; g__Magnoliophyta	0.983438904
7911a65224ef29a95662fae1979dc067	d__Eukaryota; p__Nematozoa; c__Chromadorea; o__Tylenchida; f__Tylenchida; g__Tylenchida; s__Boleodorus_thylactus	0.999995034
8755910090ea0c3d27ed2f1bb27266ba	d__Eukaryota; p__uncultured; c__uncultured; o__uncultured; f__uncultured; g__uncultured; s__metagenome	0.999989246
cdbb872d5ce8d6905bd0913cfd8344c1	d__Eukaryota; p__Mollusca; c__Gastropoda; o__Heterobranchia; f__Heterobranchia; g__Heterobranchia	0.999999997
ebc35ebc91126a8692e5b348a57087fc	d__Eukaryota; p__Ciliophora; c__Postciliodesmatophora; o__Heterotrichea; f__Heterotrichea; g__Blepharisma; s__Blepharisma_sp.	0.989316778
dc47996952f7a4bb9f0bb2b9d787ed65	d__Eukaryota	1
e7f5e2b2ad3b55bc4ac5dcd89c72427a	d__Eukaryota; p__Peronosporomycetes; c__Peronosporomycetes; o__Peronosporomycetes; f__Peronosporomycetes; g__Peronosporomycetes	0.716860208
91ae37ba8875b7a37c37fa014e89d109	d__Eukaryota; p__Cercozoa; c__Glissomonadida; o__Glissomonadida; f__Glissomonadida	0.716476578
3bf4822cbe690ed4acef97058a65a407	d__Eukaryota; p__Basidiomycota; c__Exobasidiomycetes; o__Microstromatales	0.754178666
d44d15ae6a727fdc6d7626dc9a2f13de	d__Eukaryota; p__Ciliophora; c__Intramacronucleata; o__Conthreep; f__Colpodea; g__uncultured; s__metagenome	0.999606891
88cf1862d0fb707efc800ddb8459f7fd	d__Eukaryota; p__Heterolobosea; c__Tetramitia; o__Tetramitia; f__Tetramitia; g__Vahlkampfia; s__Vahlkampfia_avara	0.999976348
e94fd669b907c4dc558c3ca83866db07	d__Eukaryota	1
d6c6a8e122b6bf3b2952d5d23b7218fb	d__Eukaryota; p__Cercozoa	0.988985889
f02f550450680f46288588f64af981e3	d__Eukaryota; p__Schizoplasmodiida; c__Schizoplasmodiida; o__Schizoplasmodiida; f__Schizoplasmodiida; g__Phalansterium; s__metagenome	1
8c3b18a3da6a0896c2ad68ee8a254bb6	d__Eukaryota; p__Cercozoa; c__Incertae_Sedis; o__Incertae_Sedis; f__Incertae_Sedis; g__Gymnophrys; s__uncultured_eukaryote	0.728094752
f7e63734875b1800d34a63a3880bfee9	d__Eukaryota	1
fae2b2a07df10254558b6de7041399f2	d__Eukaryota; p__LKM15; c__LKM15; o__LKM15; f__LKM15; g__LKM15; s__uncultured_eukaryote	0.931841542
5a3f3b758aba781d54598e0fb19dd785	d__Eukaryota; p__Mucoromycota; c__Glomeromycetes	0.71228061
b12df0a739c101c60f47b91c4aa7cca1	d__Eukaryota	0.999999994
23c682387d003d74137cd610a12be7bf	d__Eukaryota; p__Ciliophora; c__Intramacronucleata; o__Conthreep; f__Colpodea; g__Bryometopus	0.777367144
711fb6e20fc9773bf6d73c6759509d53	d__Eukaryota; p__Gracilipodida; c__Gracilipodida; o__Gracilipodida; f__Gracilipodida; g__Gracilipodida; s__Flamella_pleistocenica	1
a25162bf4c2ee8556837d80b24a7918a	d__Eukaryota; p__Cercozoa; c__Imbricatea; o__Imbricatea; f__Euglyphida; g__Trinema	0.740804083
d8e9d59dfee3ab5ae30806007743387c	d__Eukaryota; p__SAR; c__Labyrinthulomycetes; o__Labyrinthulomycetes; f__Labyrinthulomycetes; g__Sorodiplophrys	0.907012925
d3e54999c57a7efd209394b294483509	d__Eukaryota; p__Basidiomycota; c__Pucciniomycetes; o__Pucciniales; f__Pucciniaceae; g__Puccinia	0.999936976
255221240c1e173c4b4cd5f950fc85c2	d__Eukaryota; p__Gracilipodida; c__Gracilipodida; o__Gracilipodida; f__Gracilipodida; g__Telaepolella; s__Telaepolella_sp.	0.981785337
1354725d5e09927729d62736eb56933f	d__Eukaryota; p__Cercozoa; c__Cercomonadidae; o__Cercomonadidae; f__Cercomonadidae; g__uncultured; s__uncultured_Cercozoa	0.999983784
a78846107fa8a85f45409b203253ef99	d__Eukaryota; p__Ascomycota; c__Eurotiomycetes; o__Onygenales; f__Gymnoascaceae; g__Arachniotus; s__Arachniotus_ruber	0.916305529
d7a2cd53f996eb4bec3735353d5ca20c	d__Eukaryota	1
50bd89e7256d8411de3e0801c2361823	d__Eukaryota; p__Basidiomycota; c__Tremellomycetes; o__Tremellales; f__Bulleribasidiaceae; g__Vishniacozyma; s__Vishniacozyma_dimennae	0.913336178
7cc3dd18869dd1bec48f66ddb00c3a0f	d__Eukaryota; p__Heterolobosea; c__Tetramitia; o__Tetramitia; f__Tetramitia; g__Allovahlkampfia; s__Allovahlkampfia_sp.	0.929212727
beebf92885c0c900c0e42f90ca2883af	d__Eukaryota	0.999999998
66aed7257b0db71e82bf3d5bd9c73cfa	d__Eukaryota; p__Cercozoa; c__Cercomonadidae; o__Cercomonadidae; f__Cercomonadidae	0.963967492
2ea3dbf6cbd4cfc0e5729ee4396c836a	d__Eukaryota; p__SAR; c__Labyrinthulomycetes; o__Labyrinthulomycetes; f__Labyrinthulomycetes; g__Sorodiplophrys; s__metagenome	1
3ac27eaa62dffd0936c1b13ea90c18de	d__Eukaryota; p__SAR; c__Labyrinthulomycetes; o__Labyrinthulomycetes; f__Labyrinthulomycetes; g__Sorodiplophrys; s__metagenome	1
8d881ecde09a8a6202819d6082d4988c	d__Eukaryota; p__Aphelidea; c__Aphelidea; o__Aphelidea; f__Aphelidea; g__uncultured; s__uncultured_fungus	0.870622165
e9c88077adf900206c0b6de618145f16	d__Eukaryota; p__Chlorophyta; c__Chlorophyceae; o__Chlorophyceae; f__Chlorophyceae; g__Chlorophyceae	0.733473229
bf9c213855d32e8fe4f1eb5b5be957e6	d__Eukaryota; p__Ascomycota; c__Dothideomycetes	0.772946241
dd45e8859e8bd201e91ca8946c2edbd6	d__Eukaryota; p__Cryptomycota; c__LKM11; o__LKM11; f__LKM11; g__LKM11; s__uncultured_eukaryote	0.96212565
f34855a20032e1a5f0d4e22c790fd489	d__Eukaryota; p__SAR; c__Labyrinthulomycetes; o__Labyrinthulomycetes; f__Labyrinthulomycetes; g__Sorodiplophrys; s__metagenome	0.999588739
0ce18597bcbe827b3a913758fc75af71	d__Eukaryota; p__Cercozoa	0.99968421
2c5da81ad58077d423988124a5612742	d__Eukaryota; p__SAR; c__Labyrinthulomycetes; o__Labyrinthulomycetes; f__Labyrinthulomycetes; g__Sorodiplophrys; s__metagenome	0.950726561
9c62d3e7ab1d78fde80e6debb08584d4	d__Eukaryota; p__Ciliophora; c__Intramacronucleata; o__Conthreep; f__Colpodea; g__Platyophrya; s__metagenome	0.963411811
8685c6f36036927f15738677ee37286c	d__Eukaryota; p__Cercozoa	0.924959657
531972086c1d1dbf048ad3052d5c599d	d__Eukaryota; p__Labyrinthulomycetes; c__Labyrinthulomycetes; o__Labyrinthulomycetes; f__Thraustochytriaceae; g__Aplanochytrium	0.9999999
1aeb4282eebb3321d073f2cbc4a902f3	d__Eukaryota; p__Mucoromycota; c__Incertae_Sedis; o__Mortierellales; f__Mortierellales; g__Mortierellales; s__uncultured_fungus	0.999999954
8c66cf0e1cbefd95401d5e572c9c8776	d__Eukaryota; p__Ascomycota; c__Pezizomycetes; o__Pezizales; f__Pezizaceae	0.862996149
0876ef7f973eed6a905b6da4a6b9aaac	d__Eukaryota; p__Mucoromycota	0.70409617
cedfa3dd5ac7d59b5c9b532e77758dfa	d__Eukaryota; p__Amoebozoa; c__Amoebozoa; o__Amoebozoa; f__Amoebozoa; g__Amoebozoa; s__metagenome	0.988389895
f97e12cb65ed41d18710e1c790f7b39a	d__Eukaryota; p__LKM15; c__LKM15; o__LKM15; f__LKM15; g__LKM15; s__uncultured_eukaryote	0.937304756
53ab93fa80d7fda84fb24a2c06f3f2ab	d__Eukaryota; p__Ascomycota; c__Dothideomycetes; o__Venturiales; f__Venturiaceae; g__Venturia; s__Venturia_pyrina	0.995215202
e23223861a352489b9c60e6caf844fcb	d__Eukaryota; p__Cercozoa; c__Cercomonadidae; o__Cercomonadidae; f__Cercomonadidae; g__Cercomonas; s__metagenome	0.970299126
cfe4d89c16c241c9882ff80b25b3fca3	d__Eukaryota; p__Aphelidea; c__Aphelidea; o__Aphelidea; f__Aphelidea; g__uncultured; s__uncultured_fungus	0.999890949
8612b21e766c7a9852889adacc88e660	d__Eukaryota; p__Amoebozoa; c__Tubulinea; o__Arcellinida; f__Arcellinida; g__Arcellinida; s__metagenome	1
65321a3958526ce91598707ad962ace3	d__Eukaryota; p__Cercozoa; c__Vampyrellidae; o__Vampyrellidae; f__Vampyrellidae; g__Vampyrellidae; s__Cercozoa_sp.	0.732268738
f472e5382618ca81c7744a40dbe8dd6c	d__Eukaryota; p__Ascomycota; c__Pezizomycetes; o__Pezizales; f__Pyronemataceae; g__Miladina; s__Miladina_lecithina	0.766303353
c4248c0fd0cedbc8f065a9c2e2bbf3cb	d__Eukaryota; p__Ascomycota; c__Saccharomycetes; o__Saccharomycetales	0.953003872
8ec9ebe78a83b4ebc04f7bb9e9fac794	d__Eukaryota	0.999999992
c0a3a6c81c4647975fbe8536787a77bc	d__Eukaryota	0.999999999
1f48dae698a2fb872a04dfcab9ef27df	d__Eukaryota; p__Phragmoplastophyta; c__Embryophyta	0.793372653
be20401baf1ec059dd8428fa4e756673	d__Eukaryota	1
418bf01ff93ec5736e12425a0f2e66e2	d__Eukaryota; p__Chytridiomycota; c__Chytridiomycetes; o__uncultured; f__uncultured; g__uncultured; s__eukaryotic_picoplankton	0.723135403
e7c77705d10d3e8f5c1c73b4c87fd4f4	d__Eukaryota	1
df3d95e46e5e9d08ee9de2b1edc19646	d__Eukaryota; p__SAR; c__Labyrinthulomycetes; o__Labyrinthulomycetes; f__Labyrinthulomycetes; g__Sorodiplophrys; s__metagenome	1
e72a03ee2d3ba76f58123ef8234427dc	d__Eukaryota; p__Nematozoa; c__Chromadorea; o__Monhysterida; f__Monhysterida; g__Monhysterida; s__metagenome	1
42a5790a90f081273f4f1cac28e1212a	d__Eukaryota; p__Ciliophora; c__Intramacronucleata; o__Conthreep; f__Oligohymenophorea	0.998336176
44ae8fce537925ccc287df6db32e9376	d__Eukaryota; p__Diatomea; c__Bacillariophyceae; o__Bacillariophyceae; f__Bacillariophyceae	0.838193412
a97b7077672cece6a9e7327fa6c3124f	d__Eukaryota	1
d3db076e59fab264d8700f169fa654b8	d__Eukaryota; p__uncultured; c__uncultured; o__uncultured; f__uncultured; g__uncultured; s__metagenome	0.965788541
8a84a06ead06c22373d0d45ae140ce59	d__Eukaryota; p__Chlorophyta; c__Ulvophyceae; o__Ulvophyceae; f__Ulvophyceae; g__Ulvophyceae; s__Scotinosphaera_austriaca	0.886092496
7478930a1140cb1f468d2774794fe5c9	d__Eukaryota	1
857ad5d750b9ece3cbcad859b91d8eb9	d__Eukaryota; p__Holozoa	0.729276338
7c1649a81204e32285d0c945294cbd25	d__Eukaryota	0.999998962
fa16234471f18d0f9e987f188a704b24	d__Eukaryota; p__Heterolobosea; c__Tetramitia; o__Tetramitia; f__Tetramitia; g__Allovahlkampfia; s__Allovahlkampfia_sp.	0.922155
4d1eaf1912cc7506c559dc047542f09c	d__Eukaryota; p__Phragmoplastophyta; c__Embryophyta	0.838681439
8305330558367b04ee89e2ff366d15f8	d__Eukaryota	1
2843737b178d02291aa72201b4545104	d__Eukaryota; p__Amoebozoa; c__Discosea; o__Vannellida; f__Vannellida; g__Vannella; s__Amoebozoa_sp.	0.99870114
b60553044423e9b7c41c396754baa517	d__Eukaryota; p__Klebsormidiophyceae; c__Klebsormidiophyceae; o__Klebsormidiophyceae; f__Klebsormidiophyceae; g__Klebsormidiophyceae	0.999887805
a1e95d712bb4768e7d4d380d8c6ba36a	d__Eukaryota; p__Phragmoplastophyta; c__Embryophyta	0.868548887
b7da1c0260bece8f211e889272a51c54	d__Eukaryota; p__Amoebozoa; c__Discosea; o__Vannellida; f__Vannellida; g__uncultured; s__Vannella_sp.	0.990025843
109fbdf6f4019c677e90e4e5db898b48	d__Eukaryota; p__Apusomonadidae; c__Apusomonadidae; o__Apusomonadidae; f__Apusomonadidae; g__Apusomonas	0.999131647
f04aeb46556f2676131ff1a3da6c1c57	d__Eukaryota; p__Cryptomycota; c__LKM11; o__LKM11; f__LKM11; g__LKM11; s__invertebrate_environmental	0.968712388
4fe6b61c6ad131f91eaee9a5f53cb8f6	d__Eukaryota	1
6fc1d2b16d7c36307cc858f44388bbda	d__Eukaryota; p__Cercozoa; c__Phytomyxea; o__Phytomyxea; f__Phytomyxea; g__Spongospora; s__Spongospora_subterranea	1
2b989cc4502168d905484b708e8b451d	d__Eukaryota; p__Cercozoa; c__Imbricatea; o__Imbricatea; f__Euglyphida; g__uncultured; s__metagenome	0.999983899
21f5bc73ce81d41c760f54b98f5f53a3	d__Eukaryota; p__Mucoromycota; c__Glomeromycetes; o__Diversisporales; f__Gigasporaceae; g__Gigaspora; s__Gigaspora_margarita	0.883237304
e5a061f33d406b546554f4562acea822	d__Eukaryota; p__Mucoromycota; c__Glomeromycetes; o__Glomerales; f__uncultured; g__uncultured; s__Glomus_mycorrhizal	0.71335838
f559f35cda8b69890d22c7e73310a2d3	d__Eukaryota	1
1a070d2fb43afcb9ef7e7c9cf3f328a8	d__Eukaryota; p__Cryptomycota; c__LKM11; o__LKM11; f__LKM11; g__LKM11; s__uncultured_eukaryote	0.999945097
adb428ddc68beeecdd30ca7cf9e0c0af	d__Eukaryota; p__Chytridiomycota; c__Chytridiomycetes; o__Incertae_Sedis; f__Incertae_Sedis; g__Catenomyces; s__Catenomyces_persicinus	0.850528882
a1dab52653c946210dcb190da3c4d0bd	d__Eukaryota; p__Ascomycota; c__Dothideomycetes	0.98318191
12458e75471b91d769dcfaebff4bd394	d__Eukaryota; p__Chytridiomycota; c__Chytridiomycetes; o__Spizellomycetales; f__Olpidiaceae; g__Olpidium; s__Olpidium_brassicae	0.98292991
5dfba0777d744d17f8e22bf79d0de692	d__Eukaryota	0.999999999
476f0e5f076f31c1d3dff1de412673f4	d__Eukaryota	1
d04ca47fff002163da01528bfe74ec78	d__Eukaryota; p__Gracilipodida; c__Gracilipodida; o__Gracilipodida; f__Gracilipodida; g__Telaepolella; s__Telaepolella_sp.	0.824140889
d949d8df7d2f3b6ebb56c0539c3ed73f	d__Eukaryota; p__Labyrinthulomycetes; c__Labyrinthulomycetes; o__Labyrinthulomycetes; f__Thraustochytriaceae; g__uncultured; s__uncultured_labyrinthulid	0.845048139
0e5a4d8bea505ffa29dcecf4c48ffbab	d__Eukaryota; p__Apicomplexa; c__Conoidasida; o__Gregarinasina; f__Eugregarinorida; g__uncultured; s__uncultured_alveolate	0.978092188
e50d595885a9f2deeef12e9fb7993892	d__Eukaryota; p__Holozoa	0.711885754
367e51fa592fe26c16883a41182d58c3	d__Eukaryota; p__Phragmoplastophyta; c__Embryophyta	0.985857736
1253c1177a41ac544185828a95357698	d__Eukaryota; p__Ciliophora; c__Intramacronucleata; o__Conthreep; f__Nassophorea; g__Leptopharynx; s__Leptopharynx_costatus	0.999999998
80607462ce3d3b9b28e7716ea8070d09	d__Eukaryota; p__Cercozoa; c__Glissomonadida; o__Glissomonadida; f__Glissomonadida; g__Heteromita; s__metagenome	0.999298124
fdcd9fb1816f204994ecfc731df4d1d3	d__Eukaryota; p__Ochrophyta	0.715878086
16bd1d32a247b0d19cf59a3559a870db	d__Eukaryota; p__Gracilipodida; c__Gracilipodida; o__Gracilipodida; f__Gracilipodida; g__Telaepolella; s__Telaepolella_sp.	0.999988189
a758eb358d8081a217a8463b72b779ad	d__Eukaryota; p__Basidiomycota; c__Ustilaginomycetes; o__Ustilaginales; f__Ustilaginaceae	0.999999999
7816fbc57bf9cf219c9a815f2f772941	d__Eukaryota; p__Blastocladiomycota; c__Blastocladiomycetes; o__Blastocladiales; f__Blastocladiales; g__Catenaria; s__Catenophlyctis_variabilis	0.999999999
96c17f6efb8ceb081312f83553d68a25	d__Eukaryota; p__Chytridiomycota; c__Chytridiomycetes; o__Lobulomycetales; f__Lobulomycetaceae; g__Lobulomycetaceae; s__uncultured_Chytridiomycota	0.761185557
b8c43e135b7e2e8724a7dbdbe062fcdd	d__Eukaryota	1
d81dabe2d6ba0b1ed6737d6fbd5aab6f	d__Eukaryota; p__SAR; c__Labyrinthulomycetes; o__Labyrinthulomycetes; f__Labyrinthulomycetes; g__Sorodiplophrys	0.999999412
e3a7739cc38a23a516440e78ac60f957	d__Eukaryota; p__uncultured; c__uncultured; o__uncultured; f__uncultured; g__uncultured; s__metagenome	0.999993612
faf6fd38e315b8db80058b82c566ea33	d__Eukaryota; p__Cercozoa; c__Glissomonadida; o__Glissomonadida; f__Glissomonadida; g__Glissomonadida; s__metagenome	0.9990184
984414fccdffacdd42f460a2b8d4fb63	d__Eukaryota; p__Nematozoa; c__Chromadorea; o__Tylenchida; f__Tylenchida; g__Tylenchida; s__Boleodorus_thylactus	0.934060176
52ad460910a0d6c985e0892d5d1ca69f	d__Eukaryota; p__Amoebozoa; c__Tubulinea; o__Leptomyxida; f__Leptomyxida	0.999999999
1dbee6fa12bb73c81da3aec2183f50e1	d__Eukaryota; p__Ascomycota; c__Pezizomycetes; o__Pezizales; f__Pyronemataceae; g__Lamprospora; s__Lamprospora_ascoboloides	0.969905788
ca6841e9d4e9fb3ccd3d527407857eef	d__Eukaryota; p__SAR; c__Labyrinthulomycetes; o__Labyrinthulomycetes; f__Labyrinthulomycetes; g__Sorodiplophrys	0.999996644
a899efec4896c90d2c88de93ec3b6214	d__Eukaryota; p__Cercozoa; c__Cercomonadidae; o__Cercomonadidae; f__Cercomonadidae; g__Cercomonadidae; s__metagenome	0.999903983
5d415f1890f60504f01f13a5de969c45	d__Eukaryota; p__Amoebozoa; c__Tubulinea; o__Leptomyxida; f__Leptomyxida	0.999999996
4387afcf7188bede5e5eae51aff5f398	d__Eukaryota; p__Cercozoa; c__uncultured; o__uncultured; f__uncultured; g__uncultured; s__metagenome	0.986532381
b9acbb564be95735d32a0d144ee32fc9	d__Eukaryota	0.999992312
49e193b09eb2090e1b626be8e1106168	d__Eukaryota	1
df7c1149993744c6670eae9c33c1a61e	d__Eukaryota; p__Arthropoda; c__Ellipura; o__Collembola; f__Collembola; g__Collembola; s__Pogonognathellus_sp.	0.774339936
f9be75b5e758d09240e2a807d9265895	d__Eukaryota	1
9ffad53e152543484d4be6641f65b14a	d__Eukaryota	1
c922d07c5fdc498cd92223fda7038782	d__Eukaryota; p__Cercozoa; c__Cercomonadidae; o__Cercomonadidae; f__Cercomonadidae	0.853183059
9050414949c1dc3fc17563d56bc5bcdb	d__Eukaryota	1
b76f5f967f0ae027f7fe9d3b9fc1bc02	d__Eukaryota; p__SAR; c__Labyrinthulomycetes; o__Labyrinthulomycetes; f__Labyrinthulomycetes; g__Sorodiplophrys; s__metagenome	0.723745832
37e877ca3cf8e3947d732b35d05b1536	d__Eukaryota	1
dd414614df67cd2ad9ecc87ff1b467a1	d__Eukaryota; p__Mucoromycota; c__Glomeromycetes; o__Glomerales	0.941416854
683180cc48bfe8cca4e4a7cfc3f17cc7	d__Eukaryota	0.999999036
d52ff0b81288e2aa9049cae88651f751	d__Eukaryota; p__Cercozoa	0.999211184
fe861dc14c43b9b68d727a3cb8c1e599	d__Eukaryota; p__Cryptomycota; c__LKM11; o__LKM11; f__LKM11; g__LKM11; s__uncultured_eukaryote	0.879927326
30b01d43b83079b8ea041d94261d1e85	d__Eukaryota; p__Basidiomycota; c__Agaricomycetes; o__Sebacinales; f__Sebacinaceae; g__Craterocolla; s__Craterocolla_cerasi	0.999897633
dc716754ba90241a4a2b2a796692373b	d__Eukaryota; p__Cercozoa; c__Glissomonadida; o__Glissomonadida; f__Glissomonadida; g__Glissomonadida; s__metagenome	0.966284846
42d817fe2d47267c7e8c22fec655f5b0	d__Eukaryota; p__Ochrophyta; c__Chrysophyceae; o__Chrysophyceae; f__Chrysophyceae; g__Chrysophyceae	0.810234163
72b4cc9119a7630c8decd2d5977f444d	d__Eukaryota; p__Cercozoa; c__Thecofilosea	0.762259378
65da3c2a9ecfcbd2889c7e6b291d473e	d__Eukaryota; p__Basidiomycota; c__Agaricostilbomycetes; o__Agaricostilbales	0.963401336
5245eded94af5d41cfb2010288ca0009	d__Eukaryota; p__Amoebozoa; c__Tubulinea; o__Leptomyxida; f__Leptomyxida	0.999999997
7c50b325adc7cb145a9e57e9b68aab9e	d__Eukaryota; p__Blastocladiomycota; c__Blastocladiomycetes; o__Blastocladiales; f__Blastocladiales	0.986219507
2b5d89b4a2fd92ec998b66c7904aad72	d__Eukaryota; p__Nematozoa; c__Chromadorea; o__Tylenchida; f__Tylenchida; g__Tylenchida	0.999999972
936c53917be319f656e94214317372d3	d__Eukaryota	0.99999998
25fa08c8522e8a953fb9a26537716854	d__Eukaryota	0.999999999
d95739eeaf1f2edf25cbc654905816f9	d__Eukaryota	1
921b1649611fde48329917d3ed60e6a3	d__Eukaryota; p__Ciliophora; c__Intramacronucleata; o__Conthreep; f__Colpodea; g__Bromeliothrix	0.999829063
746d2da7d882048e8f60494ba1922c0d	d__Eukaryota; p__Chytridiomycota; c__Chytridiomycetes; o__Rhizophydiales; f__uncultured; g__uncultured	0.76459148
5fe49585e68789bece19fe0409a4df72	d__Eukaryota; p__Chlorophyta; c__Chlorophyceae; o__Chlorophyceae; f__Chlorophyceae; g__Chlorophyceae; s__Chlorococcum_sp.	0.986756061
b703b17b5e81bec4ee9c05d5e869de79	d__Eukaryota; p__Nematozoa; c__Chromadorea; o__Tylenchida; f__Tylenchida; g__Tylenchida; s__Mesocriconema_curvatum	0.982354293
89b00695a3fcdd0594f0f6f02e1a9dcc	d__Eukaryota; p__Microsporidia; c__Microsporidia; o__Microsporidia; f__Microsporidia; g__Microsporidia; s__Lanatospora_costata	0.782604508
3c48ab11a334846badba79e748c1c7e6	d__Eukaryota	1
4bf350f2e0a33d6f4ac0b9381b548bb8	d__Eukaryota; p__Ciliophora; c__Intramacronucleata; o__Spirotrichea; f__Hypotrichia; g__Hypotrichia; s__Neourostylopsis_orientalis	0.883728955
17106250dfc565c099084a86863dd1de	d__Eukaryota; p__Dinoflagellata; c__Dinophyceae	0.822947539
d1af6749d30c46890a825d0ffb79e29e	d__Eukaryota; p__Mucoromycota; c__Glomeromycetes	0.999936675
180d5a683bcbfc69d05f7020e420290e	d__Eukaryota; p__Mucoromycota; c__Incertae_Sedis; o__Mortierellales; f__Mortierellaceae; g__Mortierella	0.951494899
7551a5a7ff43c16d00b9146bd3fbcb1d	d__Eukaryota; p__Gracilipodida; c__LEMD267; o__LEMD267; f__LEMD267; g__LEMD267; s__uncultured_eukaryote	0.999839334
070acf8897aac7b0f939ec9077ff02ec	d__Eukaryota; p__Mucoromycota; c__Glomeromycetes; o__Glomerales; f__uncultured; g__uncultured	0.984608562
ef07b687211d576d49912cbbcebdc06c	d__Eukaryota	1
e53e163460fb3c8ce8d4336818c44a1d	d__Eukaryota; p__Ciliophora; c__Intramacronucleata; o__Conthreep; f__Oligohymenophorea	0.998395073
4e84d9308da3f2a90e0ac98813ce7628	d__Eukaryota	1
4922d94d11c90bfed7c8c69b478cd4fe	d__Eukaryota	1
a4d387ea41b51778dfe7572992c2fa5a	d__Eukaryota; p__Cercozoa; c__Cercomonadidae; o__Cercomonadidae; f__Cercomonadidae	0.998649648
f141408f1197383ea644da9575e32d45	d__Eukaryota; p__Ciliophora; c__Intramacronucleata; o__Conthreep; f__Oligohymenophorea	0.992998855
70df37646c33a087f81a309261faf13c	d__Eukaryota	1
4a611c069901144ace93b680fb8c03a4	d__Eukaryota	1
7b6f6bd9a97a4cf6138c7cd14207a7ec	d__Eukaryota; p__Cercozoa; c__Glissomonadida; o__Glissomonadida; f__Glissomonadida; g__Glissomonadida; s__metagenome	0.89165042
26de6082b75f287ee6b85d021536b2f2	d__Eukaryota; p__Cercozoa; c__Glissomonadida; o__Glissomonadida; f__Glissomonadida; g__Glissomonadida; s__metagenome	0.798022257
3f30014b4971def566dd7a97c5b68d34	d__Eukaryota; p__Mucoromycota; c__Glomeromycetes; o__Glomerales	0.800390243
98ecb4475b90fab4c744df7ae476d173	d__Eukaryota; p__Basidiomycota; c__Agaricomycetes; o__Agaricales	0.947643496
1b7b8ea5469c10dd60cb197ad03a2370	d__Eukaryota; p__Chlorophyta; c__Chlorophyceae; o__Chlorophyceae; f__Chlorophyceae; g__Chlorophyceae; s__Chlamydomonas_reinhardtii	0.998278076
668fd45c0e26b9d931fd39281a2b2191	d__Eukaryota; p__Chlorophyta; c__Chlorophyceae; o__Chlorophyceae; f__Chlorophyceae; g__Chlorophyceae; s__Chlamydomonas_reinhardtii	0.998745605
cdac1e46f96e0f6ab8cabb03b954e86a	d__Eukaryota; p__SAR; c__Labyrinthulomycetes; o__Labyrinthulomycetes; f__Labyrinthulomycetes; g__Sorodiplophrys; s__metagenome	1
aa6b4ef0a32fdc9d4daa4ec3a82cf457	d__Eukaryota	1
c6b505456cac881c4037ec48e1cf99fb	d__Eukaryota; p__Cercozoa; c__Glissomonadida; o__Glissomonadida; f__Glissomonadida	0.725714579
e0277a69875bfc9144dde3f3d3057f5c	d__Eukaryota; p__Chytridiomycota; c__Chytridiomycetes; o__Gromochytriales; f__Gromochytriaceae; g__uncultured; s__uncultured_Chytridiomycota	0.999631382
926debe9b82cdb82642ed16c8d597358	d__Eukaryota; p__Protalveolata	0.785117464
a939ead1e8f5deb49894bf9e58a61d51	d__Eukaryota	0.999999999
baeba14d51fe52d757d7eba424e01381	d__Eukaryota	1
97a05f248e613794010d97bf3763b649	d__Eukaryota	0.999999997
791314f3c137e007c851148f279dd160	d__Eukaryota	0.999998453
65d10f56ebc9070cf64f1d20741b8ce2	d__Eukaryota	0.999999999
cf48fab2e79ebadf34f3fb1941b32ba2	d__Eukaryota; p__Amoebozoa; c__Tubulinea; o__Leptomyxida; f__Leptomyxida	0.999505008
821e650146779fe42c543198f1f65920	d__Eukaryota; p__Cryptomycota; c__uncultured; o__uncultured; f__uncultured; g__uncultured; s__invertebrate_environmental	0.728213611
acfdf3a76369aafd829ea80a55b70283	d__Eukaryota; p__Incertae_Sedis; c__Incertae_Sedis; o__Incertae_Sedis; f__Incertae_Sedis; g__Arboramoeba; s__metagenome	0.999618791
21c5590b59c1fa746e2c6228804ed28e	d__Eukaryota; p__Amoebozoa; c__Discosea; o__Vannellida; f__Vannellida; g__Protosteliopsis; s__Vannella_sp.	0.916155046
0c55a94c6df485474955533936e0efae	d__Eukaryota; p__Holozoa; c__Ichthyosporea; o__Rhinosporideacae; f__Rhinosporideacae; g__Rhinosporideacae; s__Choanoflagellida	0.809793792
d5675572bbf45c8e0bf56ad2a73686dd	d__Eukaryota; p__Ascomycota; c__Taphrinomycetes; o__Taphrinales; f__Taphrinaceae; g__Taphrina	0.998938925
d7567d799c74da04e9f4f98fc6a05e72	d__Eukaryota; p__Protalveolata; c__Perkinsidae	0.70381817
6d26ac65fe352e037d9290de6136ddb5	d__Eukaryota; p__Protalveolata; c__Perkinsidae; o__A31; f__A31; g__A31; s__uncultured_alveolate	0.998665518
b3ae8aa95cd2dccc033f3e316abbcb92	d__Eukaryota; p__Chlorophyta; c__Chlorophyceae; o__Chlorophyceae; f__Chlorophyceae; g__Chlorophyceae; s__Dictyochloris_fragrans	0.860574826
cedda46e0845b638604c8618e58e3f81	d__Eukaryota; p__Chytridiomycota; c__Chytridiomycetes; o__Rhizophydiales; f__uncultured; g__uncultured; s__uncultured_fungus	0.75695955
9bf9701ac340b5e9826f1212397e0087	d__Eukaryota; p__Ciliophora; c__Intramacronucleata; o__Conthreep; f__Colpodea; g__Bromeliothrix; s__Corchorus_olitorius	0.879459424
48165f3c98a051aa321a04ee89122f9e	d__Eukaryota; p__Incertae_Sedis; c__Incertae_Sedis; o__Incertae_Sedis; f__Incertae_Sedis; g__Arboramoeba; s__metagenome	0.999999958
b8dc48979c0f60aada71bf57ef5d6b5d	d__Eukaryota; p__Ascomycota; c__Dothideomycetes; o__Pleosporales	0.847538817
4200e3c5342e3f62e4aa0ef1e56d6085	d__Eukaryota; p__Diatomea; c__Bacillariophyceae; o__Bacillariophyceae; f__Bacillariophyceae	0.938318007
da2413c30e3dcfae3f5180aba89bbcb3	d__Eukaryota; p__Centrohelida; c__Centrohelida; o__Centrohelida; f__Acanthocystidae; g__Pterocystis; s__metagenome	0.831399788
64ce523b20d0d0c7d1d1c37cb28ad835	d__Eukaryota; p__Ascomycota; c__Leotiomycetes; o__Helotiales; f__Sclerotiniaceae; g__Sclerotinia; s__Sclerotinia_sclerotiorum	0.915145273
ffff2c2a277aabc5cdd449ccda1fc950	d__Eukaryota; p__Basidiomycota; c__Exobasidiomycetes; o__Exobasidiales; f__Exobasidiaceae; g__Exobasidium; s__uncultured_Dikarya	0.952495898
baf0f7b7bc09455af1c46ff321435166	d__Eukaryota; p__Cryptomycota; c__LKM11; o__LKM11; f__LKM11; g__LKM11; s__uncultured_eukaryote	0.996753435
baeb311bee1ad049da170b03b2f748dd	d__Eukaryota; p__Amoebozoa; c__Tubulinea; o__Echinamoebida; f__Echinamoebida; g__Echinamoebida; s__metagenome	1
7745750b5fd3411f6ab9aacd50cabf86	d__Eukaryota; p__Cercozoa; c__Cercomonadidae; o__Cercomonadidae; f__Cercomonadidae; g__uncultured; s__uncultured_Cercozoa	0.999999958
692d0e1cdd28aaf00cc080a61f5950e9	d__Eukaryota; p__Basidiomycota; c__Agaricomycetes; o__Corticiales; f__Corticiaceae; g__Sistotrema	0.90400422
d2cc1075755d57a0845e4482db128e20	d__Eukaryota; p__Ascomycota; c__Dothideomycetes	0.95825045
5a66a41e4d2dea1d20788a6805a08bdb	d__Eukaryota; p__Chlorophyta; c__Chlorophyceae; o__Chlorophyceae; f__Chlorophyceae; g__Chlorophyceae; s__Bracteacoccus_occidentalis	0.998837432
d97ae386f5b3b816c28d2997b222c225	d__Eukaryota	1
e65847e5f3d9433f9cb4782b8a63886a	d__Eukaryota; p__SAR; c__Labyrinthulomycetes; o__Labyrinthulomycetes; f__Labyrinthulomycetes; g__Sorodiplophrys; s__Sorodiplophrys_stercorea	0.935140853
06cdd4dc4e05fdeda0b23c42764f0aca	d__Eukaryota; p__Cercozoa; c__Glissomonadida; o__Glissomonadida; f__Glissomonadida	0.741324511
09fea4b584dac3a3cf9ec8daa3fd460d	d__Eukaryota; p__Cercozoa; c__Clathrulinidae; o__Clathrulinidae; f__Clathrulinidae; g__Hedriocystis; s__uncultured_eukaryote	0.99953191
8a7658cbd68e748b22b90db03d99219b	d__Eukaryota; p__Amoebozoa; c__Discosea; o__Dactylopodida; f__Dactylopodida; g__Angulamoeba; s__Cyanidioschyzon_sp.	0.999998847
908dfca86025952440b1c2562ef196de	d__Eukaryota	1
42a6b0fa44dfd2e2c705787d035f6e82	d__Eukaryota; p__LKM15; c__LKM15; o__LKM15; f__LKM15; g__LKM15; s__Mitosporidium_daphniae	0.722348354
ec3f6ccbf5a061c05cbb732bd835aeab	d__Eukaryota; p__Amoebozoa; c__Discosea; o__Dactylopodida; f__Dactylopodida; g__Dactylopodida; s__Tubulinea_group	0.999953521
e5fefe67d5b6b024067cb9c9fc2d5cb6	d__Eukaryota	0.999999996
68b1db8da207c7f40507deb4f8ed4712	d__Eukaryota	1
32bf59ff1730c747665d744217a5fdac	d__Eukaryota; p__Labyrinthulomycetes; c__Labyrinthulomycetes; o__Labyrinthulomycetes; f__Thraustochytriaceae	0.76169355
a3ee14a0b6ddfa2f625844559304ef66	d__Eukaryota; p__Diatomea; c__Bacillariophyceae; o__Bacillariophyceae; f__Bacillariophyceae	0.967002333
ec2aed905bc845c1c54d81ef4be11dbe	d__Eukaryota; p__Holozoa; c__Ichthyosporea; o__Ichthyophonidae; f__Ichthyophonidae	0.845488098
8ee28c4808d1aac90bc9560410cd8cde	d__Eukaryota; p__Cryptomycota; c__Incertae_Sedis; o__Incertae_Sedis; f__Incertae_Sedis; g__Paramicrosporidium; s__uncultured_eukaryote	0.997881363
02c732ad92bde7a1bf794110abee1fdc	d__Eukaryota; p__Ochrophyta; c__Chrysophyceae	0.999999946
85b97c0e719e883f56373ef8d4c33a34	d__Eukaryota; p__Nematozoa; c__Chromadorea; o__Tylenchida; f__Tylenchida; g__Tylenchida; s__Filenchus_hamuliger	0.76272219
282ea6e19e1efca4d14a332c3c77ecab	d__Eukaryota; p__Ascomycota; c__Pezizomycetes; o__Pezizales	0.705597104
5b62f057235f2d19f0304e1502cea057	d__Eukaryota; p__Chytridiomycota; c__Chytridiomycetes; o__Rhizophydiales	0.904737647
57bb7cc499c5ecd1b45a117bc26f683a	d__Eukaryota	1
96664288d6e01beb849ef7b5e62586da	d__Eukaryota; p__MAST-12; c__MAST-12C; o__MAST-12C; f__MAST-12C; g__MAST-12C	0.999958785
43cce3bdd87efc886f75a1f0051a721e	d__Eukaryota; p__Eukaryota; c__Eukaryota; o__Eukaryota; f__Eukaryota; g__Eukaryota; s__Ciliophrys_infusionum	0.998246502
288d8ab22caa7c34d60604056e85b16c	d__Eukaryota	1
8c653d9971720d21bbbd1ae632b4931f	d__Eukaryota	1
a209fe9cd43761dd58164f6b17e4d639	d__Eukaryota; p__SAR; c__Labyrinthulomycetes; o__Labyrinthulomycetes; f__Labyrinthulomycetes; g__Sorodiplophrys; s__Sorodiplophrys_stercorea	0.995491036
500405464df6984b31be54fc364b26ff	d__Eukaryota; p__Chlorophyta; c__Trebouxiophyceae; o__Trebouxiophyceae; f__Trebouxiophyceae; g__Trebouxiophyceae	0.842758172
d14110b71f46191bcb7b0c8ecc9e46fd	d__Eukaryota; p__Basidiomycota; c__Microbotryomycetes	0.999533984
85d1d5da0e1a207c25b014329c07974f	d__Eukaryota; p__Amoebozoa; c__Tubulinea; o__Arcellinida; f__Arcellinida; g__Arcellinida; s__metagenome	0.999999903
102bab96a80735086b40b391a7aa81a2	d__Eukaryota; p__Holozoa; c__Choanoflagellida; o__Codonosigidae; f__Codonosigidae; g__Sphaeroeca; s__Sphaeroeca_volvox	0.774306671
0287c0c79a3083ad6a1aa72e1f43d38a	d__Eukaryota; p__Peronosporomycetes; c__Peronosporomycetes; o__Peronosporomycetes; f__Peronosporomycetes; g__Pythium	0.996336881
d07a860f7e6eafd1ce657f31fe345f29	d__Eukaryota	1
a8f82a3c0ce6cb9d980da6d2c9c4b2f0	d__Eukaryota; p__Ciliophora; c__Intramacronucleata; o__Conthreep; f__Oligohymenophorea; g__Astomatia	0.994368468
79b5620245ba0c078ad16d052e4ff4dc	d__Eukaryota; p__Nematozoa; c__Chromadorea; o__Tylenchida; f__Tylenchida; g__Tylenchida	0.998889763
cdaacb0dbbc682a980a85120c18fcd77	d__Eukaryota; p__Ciliophora; c__Intramacronucleata; o__Conthreep; f__Nassophorea; g__Obertrumia; s__Obertrumia_georgiana	0.984751425
87dcdbf7609e293d3222ad1c7fb09562	d__Eukaryota; p__Holozoa; c__Ichthyosporea; o__Pseudoperkinsidae; f__Pseudoperkinsidae; g__Anurofeca	0.731287816
448c3e2a18d7a6bdfa5591688b956482	d__Eukaryota; p__SAR; c__Labyrinthulomycetes; o__Labyrinthulomycetes; f__Labyrinthulomycetes; g__Sorodiplophrys; s__Sorodiplophrys_stercorea	0.779770844
0777abb4e1105c95bcffb6c8ed6c90b6	d__Eukaryota	1
91bd8aceb31c1ac269820c825a1c8615	d__Eukaryota; p__Cercozoa; c__uncultured; o__uncultured; f__uncultured; g__uncultured; s__metagenome	0.99466615
21d125d09c5058beb932bd3d6488d634	d__Eukaryota; p__Amoebozoa; c__Tubulinea; o__Leptomyxida; f__Leptomyxida; g__Leptomyxida; s__metagenome	0.928420856
2f9d93ce0ae5e4f93a4da1eaff3f51df	d__Eukaryota; p__Phragmoplastophyta; c__Embryophyta; o__Magnoliophyta; f__Magnoliophyta; g__Magnoliophyta	0.984812496
a786a7c822a07f953f9283733f0f74fb	d__Eukaryota; p__Chytridiomycota; c__Chytridiomycetes; o__Spizellomycetales; f__Olpidiaceae; g__Olpidium; s__Olpidium_brassicae	0.981394652
26bb9db9707a91b3747bf179427db5fb	d__Eukaryota; p__Gracilipodida; c__Gracilipodida; o__Gracilipodida; f__Gracilipodida; g__Gracilipodida; s__soil_amoeba	0.999999706
2845fdcd610069515c95750c76b60b22	d__Eukaryota; p__Nematozoa; c__Chromadorea; o__Tylenchida; f__Tylenchida; g__Tylenchida; s__Filenchus_hamuliger	0.826537329
a3f1b71b8599ff5c3fe96de13d68176b	d__Eukaryota; p__Cercozoa; c__Vampyrellidae; o__Vampyrellidae; f__Vampyrellidae; g__Vampyrellidae; s__Platyreta_germanica	0.981795837
33110b5ba59dcf5f42419a46b1f20eec	d__Eukaryota; p__SAR; c__Labyrinthulomycetes; o__Labyrinthulomycetes; f__Labyrinthulomycetes; g__Sorodiplophrys; s__Sorodiplophrys_stercorea	0.996049755
6a9510f0bdafa4dcdcba6ffec837dbca	d__Eukaryota; p__SAR; c__Labyrinthulomycetes; o__Labyrinthulomycetes; f__Labyrinthulomycetes; g__Sorodiplophrys	0.999911072
93038b8119ec036849dd36ff2967ca16	d__Eukaryota; p__Ochrophyta; c__Chrysophyceae; o__uncultured; f__uncultured; g__uncultured	0.997284319
18e97c93de124aad74c6ad7cfaba779f	d__Eukaryota	1
2b20b433ebaa7b283fa97056b6d483a4	d__Eukaryota; p__Ascomycota; c__Dothideomycetes; o__Pleosporales	0.99698003
985711531cfca70480504b441230d2be	d__Eukaryota; p__Cercozoa; c__Incertae_Sedis; o__Incertae_Sedis; f__Incertae_Sedis; g__Gymnophrys	0.809630478
c02f6a9709d74b6e6febadb13a7e0b0e	d__Eukaryota; p__Gracilipodida; c__Gracilipodida; o__Gracilipodida; f__Gracilipodida; g__Gracilipodida; s__metagenome	0.772531384
55ee533a8fedcad3b81c16b6e756c67e	d__Eukaryota; p__Cercozoa; c__Vampyrellidae; o__Vampyrellidae; f__Vampyrellidae; g__Vampyrella; s__uncultured_eukaryote	0.9992442
8f49ced36b220ddb13bab79d2260b2bd	d__Eukaryota; p__Zoopagomycota; c__Incertae_Sedis; o__Zoopagales; f__Zoopagales; g__Acaulopage; s__Acaulopage_dichotoma	1
add1b3fe5e84ecc83c476e22ec2feedb	d__Eukaryota; p__Ciliophora; c__Intramacronucleata; o__Conthreep; f__Colpodea; g__Platyophrya; s__metagenome	0.999387202
b0e5f1064d210c8e26dd774556dd73af	d__Eukaryota	1
63a2a5b558f67ba60256e2efece9e904	d__Eukaryota; p__LKM15; c__LKM15; o__LKM15; f__LKM15; g__LKM15	0.979364463
1b76d3062bdce82b5af3eaf234ff9238	d__Eukaryota; p__Peronosporomycetes; c__Peronosporomycetes; o__Peronosporomycetes; f__Peronosporomycetes	0.998889803
7dfe573241f118cee7a8998f0ed68128	d__Eukaryota; p__Cryptomycota; c__LKM11; o__LKM11; f__LKM11; g__LKM11; s__uncultured_eukaryote	0.902162961
ab4e6dcb4c2433133d0c3e24cfb70b2f	d__Eukaryota; p__Basidiomycota; c__Agaricomycetes	0.993075612
e5a47fccbaaf96afa0844eafef120946	d__Eukaryota; p__Cercozoa	0.999861581
14d79b333f8e58acd255fe79980516e8	d__Eukaryota; p__Cercozoa; c__Vampyrellidae; o__Vampyrellidae; f__Vampyrellidae; g__Vampyrellidae; s__Platyreta_germanica	0.998423679
7b8fa6531f84b94c08643766eced32e4	d__Eukaryota; p__Bicosoecida; c__Bicosoecida; o__Bicosoecida; f__Bicosoecida; g__Bicosoecida	0.774284607
62fe56fe700d758f478af1eb6b9e2871	d__Eukaryota; p__Cercozoa; c__Imbricatea; o__Imbricatea; f__Euglyphida; g__Euglyphida; s__metagenome	0.994381771
a5baccd026663616dc9bade714c6e655	d__Eukaryota; p__Amoebozoa; c__Tubulinea; o__Euamoebida; f__Euamoebida; g__Hartmannella; s__Nolandella_sp.	0.926951599
36b9007e7763ca903f557317a142c6e7	d__Eukaryota	1
0b2cff0148a8687d522b0dfaf46ab29b	d__Eukaryota; p__Amoebozoa; c__Tubulinea; o__Arcellinida; f__Arcellinida; g__Arcellinida; s__metagenome	0.999971039
1928bd555aad6126400af29ff541c5c9	d__Eukaryota; p__Cercozoa; c__Vampyrellidae; o__Vampyrellidae; f__Vampyrellidae; g__Vampyrellidae; s__Platyreta_germanica	0.808942913
1ff599c7a640b23821ee6de149b3b576	d__Eukaryota; p__Ochrophyta	0.988691197
60ed12407b70e18e9b825f1d628404d0	d__Eukaryota; p__Cercozoa; c__Cercomonadidae; o__Cercomonadidae; f__Cercomonadidae	0.998709745
69f9e3150114801fecc2bc61f30ebb5b	d__Eukaryota; p__Amoebozoa; c__Tubulinea; o__Echinamoebida; f__Echinamoebida; g__Echinamoebida; s__metagenome	1
d159c2e8188756eabe6411033b5ba3e0	d__Eukaryota	1
e0fac9d53c377c31f78909a7290012ac	d__Eukaryota; p__Zoopagomycota; c__Incertae_Sedis; o__Zoopagales; f__Zoopagales; g__Acaulopage; s__Acaulopage_dichotoma	0.999999999
34845c21af28b97b9a74171f10c62939	d__Eukaryota	1
8df12106becc515967a47dea224409a0	d__Eukaryota; p__Amoebozoa; c__Tubulinea; o__Arcellinida; f__Arcellinida; g__Arcellinida; s__metagenome	0.999999941
de544c688fb539e2147478f26bc673b2	d__Eukaryota; p__Cercozoa	0.99805399
1a7cf9e80c7d78dc8287ecba2e17cd45	d__Eukaryota; p__Cercozoa; c__Cercomonadidae; o__Cercomonadidae; f__Cercomonadidae; g__uncultured; s__metagenome	0.906776244
31073d57f4eaa1d465c47b9961decf03	d__Eukaryota; p__Phragmoplastophyta; c__Embryophyta; o__Magnoliophyta; f__Magnoliophyta; g__Magnoliophyta	0.72244359
5ba9b9a0390c7f190d67903205a4b199	d__Eukaryota; p__Heterolobosea; c__Tetramitia; o__Tetramitia; f__Tetramitia; g__Neovahlkampfia; s__Nematostella_vectensis	0.715888007
cd9686a5532f458c2b1a59060676963e	d__Eukaryota; p__Annelida; c__Clitellata; o__Haplotaxida; f__Haplotaxida; g__Haplotaxida	0.926298493
080e08512cfb5a89db8763a4e0f0390a	d__Eukaryota	1
62f351e28291296c8a2b42877f566973	d__Eukaryota; p__Cercozoa; c__Incertae_Sedis; o__Incertae_Sedis; f__Incertae_Sedis; g__Kraken; s__metagenome	1
4ea83c41a5fc9fb026300f4a7e8dd175	d__Eukaryota; p__Ochrophyta; c__Chrysomerophyceae; o__Chrysomerophyceae; f__Chrysomerophyceae; g__Chrysomerophyceae; s__Antarctosaccion_applanatum	0.70047848
2198872d02f5e4507b188f146cb7ecb3	d__Eukaryota	1
8ee938d02c1876320ccbb03fc5986308	d__Eukaryota; p__Cryptomycota; c__LKM11; o__LKM11; f__LKM11; g__LKM11; s__uncultured_eukaryote	0.999986955
41317dfc52db132a78d61190fc7dd06b	d__Eukaryota; p__Diatomea; c__Bacillariophyceae; o__Bacillariophyceae; f__Bacillariophyceae; g__uncultured; s__uncultured_eukaryote	0.927324886
4f272aa52ff33fe79579e200ca9385de	d__Eukaryota	1
e3c5de052f33b9f0cb4ad36d5645e8a3	d__Eukaryota; p__SAR; c__Labyrinthulomycetes; o__Labyrinthulomycetes; f__Labyrinthulomycetes; g__Sorodiplophrys	0.999992799
99c14df2ce26f8af4bf5dfdf16587d54	d__Eukaryota; p__Bicosoecida; c__Bicosoecida; o__Bicosoecida; f__Bicosoecida; g__Bicosoecida; s__Adriamonas_peritocrescens	0.892087601
809056adfd4c305c33cb62360066ec09	d__Eukaryota; p__Apusomonadidae; c__Apusomonadidae; o__Apusomonadidae; f__Apusomonadidae; g__Apusomonadidae; s__Hemimastix_sp.	0.78373669
fd54fb9a7cc7d51bd0100d92f11ccd3d	d__Eukaryota	1
f2caac13eba944b383cae061a6249184	d__Eukaryota	1
68ffa7eb52c8d01c3a665dddbdfecc49	d__Eukaryota; p__Cercozoa; c__Cercomonadidae; o__Cercomonadidae; f__Cercomonadidae; g__uncultured; s__metagenome	0.971460704
f3105841c0b32f15cfd2c13f0cfc4f5e	d__Eukaryota; p__Gracilipodida; c__Gracilipodida; o__Gracilipodida; f__Gracilipodida; g__Telaepolella; s__Telaepolella_sp.	0.998046787
e41227884d5a42f2ddc48fdb8a86e587	d__Eukaryota; p__Cercozoa; c__Phytomyxea; o__Phytomyxea; f__Phytomyxea; g__Polymyxa; s__Polymyxa_graminis	0.999705287
c5c3a0432dc942ae1d1280c86587c224	d__Eukaryota; p__Cercozoa; c__Glissomonadida; o__Glissomonadida; f__Glissomonadida; g__Glissomonadida; s__metagenome	0.966824508
0d04d24953612b6747048e8ac9774acd	d__Eukaryota; p__Aphelidea; c__Aphelidea; o__Aphelidea; f__Aphelidea; g__Aphelidea; s__uncultured_eukaryote	0.999982401
f308ae93bb2d9cfd7ebe92f7204f1eed	d__Eukaryota; p__Ascomycota; c__Saccharomycetes; o__Saccharomycetales	0.924423078
aff1615e9a1ca26f483a42033f5f1a15	d__Eukaryota; p__Ciliophora; c__Intramacronucleata; o__Conthreep; f__Colpodea	0.999938817
6a38b705adb19094141147e2ccac4493	d__Eukaryota; p__Cercozoa; c__Cercomonadidae; o__Cercomonadidae; f__Cercomonadidae; g__Cercomonas; s__metagenome	0.802014878
f93c844b15fcc7f90288fdab6d607c75	d__Eukaryota; p__Vertebrata; c__Mammalia; o__Mammalia; f__Mammalia; g__Mammalia	0.968410886
31f5de39486549ba444138015b5d97ba	d__Eukaryota; p__Amoebozoa; c__Discosea; o__Dactylopodida; f__Dactylopodida; g__Angulamoeba; s__Angulamoeba_fungorum	0.999997376
b1c92ed3824021dd55cb0309da91201a	d__Eukaryota; p__Holozoa; c__Ichthyosporea; o__Pseudoperkinsidae; f__Pseudoperkinsidae; g__Anurofeca; s__Anurofeca_sp.	0.710496588
49cba1abe64b3cf5ddca307508c980c7	d__Eukaryota; p__Aphelidea; c__Aphelidea; o__Aphelidea; f__Aphelidea; g__uncultured	0.862519449
4ffa68c2a3c457f4da695c6ab0ec2bee	d__Eukaryota; p__Cercozoa; c__Cercomonadidae; o__Cercomonadidae; f__Cercomonadidae; g__Cercomonas; s__metagenome	0.970306116
a65e4c681d1b689e4e209b70b795bc3d	d__Eukaryota; p__Phragmoplastophyta; c__Embryophyta; o__Magnoliophyta; f__Magnoliophyta; g__Magnoliophyta	0.986327824
a069d5ede4ec67685b948f0a12de3e3a	d__Eukaryota; p__Apusomonadidae; c__Apusomonadidae; o__Apusomonadidae; f__Apusomonadidae; g__Amastigomonas; s__Amastigomonas_sp.	0.983981815
65822f442af720f4c1109d6275828bb9	d__Eukaryota	1
108a3ec87ba66d5cc9dc72bae0773fd5	d__Eukaryota; p__Nematozoa; c__Chromadorea; o__Rhabditida; f__Rhabditida; g__Rhabditida	0.999986491
0e6bbcacd4fbad4665cf837acae7ec9e	d__Eukaryota; p__Apicomplexa; c__Conoidasida; o__Gregarinasina; f__Eugregarinorida; g__Eugregarinorida; s__Apicomplexa_sp.	0.999999885
8cb4274bc85f35885da70a0688b8c5ba	d__Eukaryota	0.999960633
ca5bffb1f04ccc73065641c0fd24248e	d__Eukaryota; p__Cercozoa; c__Glissomonadida; o__Glissomonadida; f__Glissomonadida	0.994903077
1d3f834dd565aab7effd47059c42f5a9	d__Eukaryota; p__Labyrinthulomycetes; c__Labyrinthulomycetes; o__Labyrinthulomycetes; f__Labyrinthulomycetes; g__Labyrinthulomycetes; s__metagenome	0.999996877
3ad8f6bf3381ef8b9c5901cbbb024bd6	d__Eukaryota; p__Ascomycota; c__Sordariomycetes	0.999820954
48858d8355b24873fc3791b34e81e77e	d__Eukaryota; p__Ochrophyta; c__Xanthophyceae	0.946232159
212ea5348d37a6dcb688fbe857ec0b4f	d__Eukaryota; p__Incertae_Sedis; c__Incertae_Sedis; o__Incertae_Sedis; f__Incertae_Sedis; g__Incertae_Sedis; s__metagenome	0.999997154
acc6f111b9cf21f39399f7ad77a6e104	d__Eukaryota; p__Amoebozoa; c__Tubulinea; o__Leptomyxida; f__Leptomyxida; g__Leptomyxida; s__metagenome	0.999379995
b9f5a989c356b562110b78d65cee1c67	d__Eukaryota; p__Cercozoa	0.991993585
9ad3c30746b08b2f92274b062f22e373	d__Eukaryota; p__Cercozoa; c__Imbricatea; o__Imbricatea; f__Euglyphida	0.805313294
7e56a54c59496d0619916bee0e35a8df	d__Eukaryota	1
f6e0fa364bb15af07ad8559d25e2a927	d__Eukaryota; p__Zoopagomycota; c__Incertae_Sedis; o__Zoopagales; f__Zoopagales; g__Acaulopage; s__Acaulopage_dichotoma	1
556b3f727d178095fca6c30ca8ed5cd0	d__Eukaryota; p__Mucoromycota; c__Incertae_Sedis; o__Mucorales; f__Cunninghamellaceae; g__Gongronella; s__Rhizopus_sp.	0.825635534
11080a40205de0053ab272cdfb754105	d__Eukaryota; p__Chlorophyta; c__Chlorophyceae; o__Chlorophyceae; f__Chlorophyceae; g__Chlorophyceae; s__Neochlorosarcina_negevensis	0.998464934
23e2271ef3de4a2e1a6b525ca69e350f	d__Eukaryota	1
4854ce3a2fdbaec0231700fc385afc3e	d__Eukaryota; p__Cercozoa; c__Thecofilosea; o__Thecofilosea; f__Thecofilosea; g__uncultured; s__metagenome	0.997871278
c08226e7a134a9895070c217c6d4caa3	d__Eukaryota; p__Cercozoa; c__Thecofilosea; o__Thecofilosea; f__Thecofilosea; g__Thecofilosea; s__metagenome	0.883707988
b2fdc20564aa5cc9a6593d72454073a4	d__Eukaryota; p__SAR; c__Labyrinthulomycetes; o__Labyrinthulomycetes; f__Labyrinthulomycetes; g__Sorodiplophrys; s__metagenome	0.915895678
80028303c05fcb834bc225c4482521cb	d__Eukaryota; p__Chytridiomycota; c__Chytridiomycetes; o__Lobulomycetales; f__Lobulomycetaceae	0.951714557
6c4018d05ab44dce63a2e2ec79e47593	d__Eukaryota; p__Ciliophora; c__Intramacronucleata; o__Litostomatea; f__Haptoria; g__Didinium	0.999680214
43fc669c91cf9fa6f28c8f3758e7059a	d__Eukaryota; p__Amoebozoa; c__Tubulinea; o__Euamoebida; f__Euamoebida; g__Hartmannella; s__Nolandella_sp.	0.968144902
60375f6712b5e69ee8de8d88f9c25dca	d__Eukaryota; p__Mucoromycota; c__Incertae_Sedis; o__Endogonales; f__Endogonaceae; g__Endogone	0.847571188
4fc8a1e6ffb5b3fb8eaf6ee4d899eaa8	d__Eukaryota; p__Cryptomycota; c__Incertae_Sedis; o__Incertae_Sedis; f__Incertae_Sedis; g__Paramicrosporidium; s__uncultured_eukaryote	0.99998803
0974d78f6058bef873936c388b1127f2	d__Eukaryota; p__Cercozoa; c__Glissomonadida; o__Glissomonadida; f__Glissomonadida	0.757509284
072eb66b03318bc19ffe39b78bc94328	d__Eukaryota; p__Cercozoa; c__Glissomonadida; o__Glissomonadida; f__Glissomonadida; g__Glissomonadida; s__metagenome	0.999440887
74472ab328b5d11ec702c15f85ed1fb3	d__Eukaryota; p__Amoebozoa; c__Tubulinea; o__Leptomyxida; f__Leptomyxida; g__Leptomyxida; s__metagenome	0.946103763
4d75c48bd75971fbc3947bf9df2410a5	d__Eukaryota	0.999999998
d03b17c2bd84004a049815fa8dd20042	d__Eukaryota; p__Cercozoa; c__Glissomonadida; o__Glissomonadida; f__Glissomonadida; g__Glissomonadida; s__metagenome	0.999355489
312a8e0bbb56fc432431ef2c35b49bf8	d__Eukaryota; p__Chlorophyta; c__Ulvophyceae; o__Ulvophyceae; f__Ulvophyceae; g__Ulvophyceae; s__Desmochloris_mollenhaueri	0.798091576
e2abac0cacdfd8cf66c05c88c78ac1b9	d__Eukaryota; p__Schizoplasmodiida; c__Schizoplasmodiida; o__Schizoplasmodiida; f__Schizoplasmodiida; g__Schizoplasmodiida; s__Schizoplasmodium_cavostelioides	0.993736838
6ff253f762302228be678f1316d9c448	d__Eukaryota; p__Chlorophyta	0.99908531
e22505aba7d0f69f9f06e24a6233e285	d__Eukaryota; p__Amoebozoa; c__Tubulinea; o__Euamoebida; f__Euamoebida; g__Euamoebida; s__Amoeba_leningradensis	0.98558233
2ea06e50420959ba5ddbaccd12b1094d	d__Eukaryota; p__Amoebozoa; c__Discosea; o__Vannellida; f__BIO10-D10; g__BIO10-D10; s__Vannella_sp.	1
9bc43b9ef156a59b29717f2c9f94e344	d__Eukaryota	1
b68d2a18b3e2d591c4533334a9338128	d__Eukaryota; p__Amoebozoa; c__Tubulinea; o__Euamoebida; f__Euamoebida; g__Euamoebida; s__Amoeba_leningradensis	0.794534092
41150f8d688a3d3d607376ef57e11ec9	d__Eukaryota; p__Ochrophyta; c__Chrysophyceae	0.999990877
550031608920cfc3023f2ae0a8bddba1	d__Eukaryota; p__Aphelidea; c__Aphelidea; o__Aphelidea; f__Aphelidea; g__Paraphelidium	0.993855522
7919c1f096bdfc619b3978583e42c45a	d__Eukaryota; p__SAR; c__Labyrinthulomycetes; o__Labyrinthulomycetes; f__Labyrinthulomycetes; g__Sorodiplophrys; s__Sorodiplophrys_stercorea	0.999993553
c2f8ca69ad599a50fadb4021f0ae393d	d__Eukaryota; p__Cercozoa; c__Incertae_Sedis; o__Incertae_Sedis; f__Incertae_Sedis; g__Gymnophrys; s__uncultured_eukaryote	0.945741479
29bedc3f3ddd78d4e850230d9cafb76d	d__Eukaryota	1
ab50f90732035940eff3569dd2f89771	d__Eukaryota	1
af994abc649ced10b43501b215bb6621	d__Eukaryota; p__Gracilipodida; c__Gracilipodida; o__Gracilipodida; f__Gracilipodida; g__Telaepolella; s__Telaepolella_sp.	1
c0dbc053a2a65f685b799cbaaae7bb07	d__Eukaryota; p__Amoebozoa; c__Discosea; o__Vannellida; f__Vannellida; g__Protosteliopsis; s__Vannella_sp.	0.989619128
cfbf2a01851fa4feff792b6f71389f22	d__Eukaryota; p__Phragmoplastophyta; c__Embryophyta	0.974227819
f9d7de03bf8ffc2015874121e7e76887	d__Eukaryota; p__uncultured; c__uncultured; o__uncultured; f__uncultured; g__uncultured; s__metagenome	0.999999975
37a41480037d5cec14996462410a3994	d__Eukaryota; p__Cryptomycota; c__Incertae_Sedis; o__Incertae_Sedis; f__Incertae_Sedis; g__Paramicrosporidium; s__uncultured_eukaryote	0.995619793
1e446555b4c2c7572b8a81c5acfa7e95	d__Eukaryota; p__Cercozoa	0.951900975
476dd35368b9a2e313f435c4f6f2d8d7	d__Eukaryota; p__Cercozoa; c__Cercomonadidae; o__Cercomonadidae; f__Cercomonadidae; g__uncultured; s__metagenome	0.978588084
31a02caae18a4ece52847fcef69b7a36	d__Eukaryota; p__Cercozoa; c__Cercomonadidae; o__Cercomonadidae; f__Cercomonadidae; g__uncultured; s__metagenome	0.99999996
4b974ccf39792966f244f9fcb234891b	d__Eukaryota	1
d2bad2bb89a1f4004d4135510f681c99	d__Eukaryota; p__Cercozoa	0.999986505
c293244d95fe70936a8b173908b8d8c3	d__Eukaryota; p__SAR; c__Labyrinthulomycetes; o__Labyrinthulomycetes; f__Labyrinthulomycetes; g__Sorodiplophrys; s__metagenome	1
08211fdbaafe54c2bc6aed0bf5a6efed	d__Eukaryota; p__SAR; c__Labyrinthulomycetes; o__Labyrinthulomycetes; f__Labyrinthulomycetes; g__Sorodiplophrys; s__metagenome	0.998430193
93039cb5dc0afd0e42394af61bfed218	d__Eukaryota; p__Cryptophyceae; c__Cryptophyceae; o__Cryptomonadales; f__Cryptomonadales	0.809891934
f917138fa80747def9f4f0f1df062f03	d__Eukaryota	0.999999999
6e9fb57c419fccf2e1e92a5273969f5c	d__Eukaryota	0.999978258
8930f40687d33d820b8b94dbe94a31b9	d__Eukaryota; p__Heterolobosea; c__Tetramitia; o__Tetramitia; f__Tetramitia; g__Tetramitia	0.999389271
cf0ea4fba11406bad52b7529f9936bc1	d__Eukaryota; p__Incertae_Sedis; c__Incertae_Sedis; o__Incertae_Sedis; f__Incertae_Sedis; g__Incertae_Sedis; s__uncultured_eukaryote	0.999996621
4d7de375ecee15c87966c03e5f8e895c	d__Eukaryota; p__Amoebozoa; c__Discosea; o__Dactylopodida; f__Dactylopodida; g__Angulamoeba; s__Angulamoeba_fungorum	0.999963786
93d4c4abec50260a9849af81e2da48ed	d__Eukaryota; p__Apicomplexa; c__Conoidasida; o__Cryptosporida; f__Cryptosporida; g__Cryptosporidium; s__Colpodella_sp.	0.984380536
8c8cf9cc41bb4031b266ae77f5bfa0b9	d__Eukaryota; p__Peronosporomycetes; c__Peronosporomycetes; o__Peronosporomycetes; f__Peronosporomycetes; g__Pythium	0.999321261
21c94359249ec1535b51ae9e7edd982a	d__Eukaryota; p__Gracilipodida; c__LEMD267; o__LEMD267; f__LEMD267; g__LEMD267; s__uncultured_eukaryote	0.996248068
4cb96f26cf771c19c58a97c82c27329f	d__Eukaryota; p__Cercozoa; c__Cercomonadidae; o__Cercomonadidae; f__Cercomonadidae; g__Cercomonas; s__metagenome	0.999990784
083b014787c16f77cd26a56a5b08d873	d__Eukaryota; p__Cavosteliida; c__Cavosteliida; o__Cavosteliida; f__Cavosteliida; g__Schizoplasmodiopsis; s__Cavosteliaceae_sp.	1
d42f6db480060cbaba001b6082605a2c	d__Eukaryota; p__Zoopagomycota; c__Incertae_Sedis; o__Zoopagales; f__Zoopagales; g__Acaulopage; s__Acaulopage_dichotoma	0.999997974
0ee90c3444bfa9d1e5b6f8fd7ba0e58d	d__Eukaryota; p__Cercozoa; c__Cercomonadidae; o__Cercomonadidae; f__Cercomonadidae	0.975960943
4e56a38322a51c1a68f5aea535050b57	d__Eukaryota	1
05e91ae07e19931b23f4cd9f77d7bf45	d__Eukaryota; p__Cryptomycota; c__LKM11; o__LKM11; f__LKM11; g__LKM11; s__uncultured_eukaryote	0.992025498
361215479976d220692a9cff698a721e	d__Eukaryota; p__Incertae_Sedis; c__Incertae_Sedis; o__Incertae_Sedis; f__Incertae_Sedis; g__Arboramoeba; s__metagenome	0.964614914
04aaaf8f9cac3f5fe6989ca3934b0fc8	d__Eukaryota	1
ebcbe385c3b890200fb1e7971b15b193	d__Eukaryota; p__Cercozoa; c__Glissomonadida; o__Glissomonadida; f__Glissomonadida; g__Glissomonadida; s__metagenome	0.987046323
02495b4f3ee01c4a8333bd985a1d2d6f	d__Eukaryota; p__Cercozoa; c__uncultured; o__uncultured; f__uncultured; g__uncultured; s__uncultured_Cercozoa	0.902326967
e131f966035b98881eafac1eaa6299cf	d__Eukaryota; p__Mucoromycota; c__Incertae_Sedis; o__Mucorales; f__Mucoraceae; g__Mucor; s__Mucorales_sp.	0.778970696
e7525a899f8c43a2ad272ddae3d6160b	d__Eukaryota; p__Ciliophora; c__Intramacronucleata; o__Conthreep; f__Colpodea	0.999840849
ed630faadb66fc817bea0f51818351e3	d__Eukaryota	1
92de14bc924c2af52e940ed8947e65be	d__Eukaryota; p__Ascomycota; c__Pezizomycetes; o__Pezizales; f__Pyronemataceae; g__Marcelleina; s__Marcelleina_tuberculispora	0.941469036
debe61083e97b4e3149b4d66e9dca6ef	d__Eukaryota; p__Incertae_Sedis; c__Incertae_Sedis; o__Incertae_Sedis; f__Incertae_Sedis; g__Incertae_Sedis; s__uncultured_eukaryote	0.999999998
7800fa87e379ca9018133ae12f1e5184	d__Eukaryota; p__Cercozoa; c__Imbricatea; o__Imbricatea; f__Euglyphida; g__Paulinella; s__Paulinella_chromatophora	0.962362046
66d7558dfbc9df0b641a7d6cbe6634d8	d__Eukaryota; p__Apicomplexa; c__Conoidasida; o__Gregarinasina; f__Eugregarinorida; g__Eugregarinorida; s__Apicomplexa_sp.	0.999999993
807e052094d3cd3ff7efeb4f4db36e1f	d__Eukaryota	1
f155e45493de6c79dc54882498ed828c	d__Eukaryota; p__Aphelidea; c__Aphelidea; o__Aphelidea; f__Aphelidea; g__Paraphelidium	0.999451448
dd1cb65f05ad91af9b81e965f8f89823	d__Eukaryota	1
e75f2cbba0ddef38d2e311f20ff6c493	d__Eukaryota; p__Ochrophyta; c__Chrysophyceae	0.734263274
dee6baa5f1502db94402d152efb13c38	d__Eukaryota; p__Cercozoa; c__Clathrulinidae; o__Clathrulinidae; f__Clathrulinidae; g__Hedriocystis; s__uncultured_eukaryote	0.929677507
2b837ee2964de996034420df7d4e3083	d__Eukaryota	1
3e0afbf2c2fe71180513cf5f142f668e	d__Eukaryota	0.99999908
b62a770741488e0332a9d2e8193b1ff3	d__Eukaryota; p__Holozoa; c__Choanoflagellida; o__Craspedida; f__Salpingoecidae; g__Salpingoeca; s__uncultured_eukaryote	0.999987321
81fa44826e073617143c847811e5790f	d__Eukaryota	1
4d0c3c40370820a1f0a31245490ba0f2	d__Eukaryota	1
bd5601929b641a7c4c455ae474529939	d__Eukaryota; p__Cercozoa; c__uncultured; o__uncultured; f__uncultured; g__uncultured; s__metagenome	0.941160914
1fd310c05057e7998e7d937dd23d4133	d__Eukaryota; p__Cercozoa	0.99999483
676cc10cb8eb3ddec2709219a234bb59	d__Eukaryota; p__Ascomycota; c__Dothideomycetes	0.86037979
9ce0892016728d41cb3349fa6f410c08	d__Eukaryota; p__Incertae_Sedis; c__Incertae_Sedis; o__Incertae_Sedis; f__Incertae_Sedis; g__Incertae_Sedis; s__uncultured_eukaryote	0.999999995
bced244095ed4bca2818fce88d0c555a	d__Eukaryota	1
4e514589a7fc13eb1abe56a44ec2aa1f	d__Eukaryota	0.999999999
65b665636aea09ee9aad19b31024f164	d__Eukaryota; p__Mucoromycota; c__Incertae_Sedis; o__Umbelopsidales; f__Umbelopsidaceae; g__Umbelopsis; s__Umbelopsis_ramanniana	0.968932658
066f345155d8545d488261e77fead57b	d__Eukaryota; p__Cercozoa; c__Thecofilosea	0.782026775
5cc24bc320293c4d41562b066c6eadb5	d__Eukaryota; p__Nematozoa; c__Chromadorea; o__Monhysterida; f__Monhysterida; g__Monhysterida; s__metagenome	0.999893028
7766dbce90b4ccadf466ae32280f1c5e	d__Eukaryota; p__Cercozoa; c__Cercomonadidae; o__Cercomonadidae; f__Cercomonadidae	0.999965496
897df55fb13095b45948be946187e34a	d__Eukaryota; p__Gracilipodida; c__LEMD267; o__LEMD267; f__LEMD267; g__LEMD267; s__uncultured_eukaryote	0.993702001
75ebec4d481be7de461f1c6b9ee8466a	d__Eukaryota; p__uncultured; c__uncultured; o__uncultured; f__uncultured; g__uncultured; s__uncultured_fungus	0.991278946
06a299283a7deb565c8ed94d35db0719	d__Eukaryota; p__Mucoromycota; c__Glomeromycetes; o__Glomerales; f__Claroideoglomeraceae; g__Claroideoglomus; s__metagenome	0.999999994
937314f5e62efdd0a337f56573271bd3	d__Eukaryota; p__Ochrophyta; c__Chrysophyceae	0.999998259
5097cc7e1e883c320ee657d913d90705	d__Eukaryota; p__Holozoa; c__Choanoflagellida; o__Craspedida; f__Salpingoecidae; g__Salpingoecidae	0.999963991
4e5f53a0e8884acebb60cf896286320b	d__Eukaryota	1
83888ce198040c3c149cf796c6f3f878	d__Eukaryota	1
4b9806385ac63e106721349df34d5774	d__Eukaryota; p__Chytridiomycota; c__Chytridiomycetes	0.991733136
7e8be51e4351b937aca744ffb6eb3505	d__Eukaryota; p__Chlorophyta; c__Chlorophyceae; o__Chlorophyceae; f__Chlorophyceae; g__Chlorophyceae; s__Neochlorosarcina_negevensis	0.999582169
6f3f366b2d17e54f3b4e35dc2257dd48	d__Eukaryota; p__Ciliophora; c__Intramacronucleata; o__Conthreep; f__Colpodea; g__Colpoda; s__metagenome	0.764087393
ef01ae3f05a1e7ebd062c6f44e7c710f	d__Eukaryota; p__Basidiomycota; c__Agaricomycetes; o__Agaricales	0.936640606
a876d32295bcd259eec9268ca8ce010f	d__Eukaryota; p__Ascomycota	0.999968048
e0dd419e65f364981a6a23785fa4a6b3	d__Eukaryota; p__Gracilipodida; c__Gracilipodida; o__Gracilipodida; f__Gracilipodida; g__Telaepolella; s__Telaepolella_sp.	0.984166587
d165d1cb93a63d6e2ec5d8e2b6e00070	d__Eukaryota; p__Chytridiomycota; c__Chytridiomycetes; o__Cladochytriales; f__Nowakowskiellaceae; g__Nowakowskiella; s__Nowakowskiella_elegans	0.999999851
2c8c5edb2d6948883fa59e4edaedf5c0	d__Eukaryota; p__Chytridiomycota; c__Chytridiomycetes; o__Rhizophydiales; f__uncultured; g__uncultured; s__uncultured_fungus	0.787668791
ef115994b7b67e79bceca8b98b72ebff	d__Eukaryota; p__SAR; c__Labyrinthulomycetes; o__Labyrinthulomycetes; f__Labyrinthulomycetes; g__Sorodiplophrys; s__metagenome	0.938933105
107ce03ada6512874ca7b1cd587a177c	d__Eukaryota; p__Chytridiomycota; c__Chytridiomycetes; o__Spizellomycetales; f__Olpidiaceae; g__Olpidium; s__Olpidium_brassicae	0.999995735
52eb2713dfbdb809b2f036ff94336188	d__Eukaryota; p__Peronosporomycetes; c__Peronosporomycetes; o__Peronosporomycetes; f__Peronosporomycetes	0.999655232
3ecbf449b7f96ff368a4ee4e0e2f5452	d__Eukaryota; p__Diatomea; c__Bacillariophyceae; o__Bacillariophyceae; f__Bacillariophyceae	0.842360722
cc28567b17c1f8fdc76a02836c3bf2db	d__Eukaryota; p__Amoebozoa; c__Discosea; o__Centramoebida; f__Centramoebida; g__Balamuthia; s__Balamuthia_mandrillaris	0.990707384
d9caf0a629fdd28d2dbcee20bbb9ed64	d__Eukaryota; p__SAR; c__Labyrinthulomycetes; o__Labyrinthulomycetes; f__Labyrinthulomycetes; g__Sorodiplophrys; s__metagenome	0.968488742
7754172430645cd16755ccd42016c489	d__Eukaryota	1
107f30c92473a399e12dca385437ea2b	d__Eukaryota; p__Cercozoa; c__Imbricatea; o__Imbricatea; f__Thaumatomonadida	0.999657514
143bc7b039bce906fc56c99f772e1639	d__Eukaryota; p__Chytridiomycota; c__Chytridiomycetes; o__Spizellomycetales; f__Olpidiaceae; g__Olpidium; s__Olpidium_brassicae	0.873657339
77b8b7409aec31397667f42af1c74f6b	d__Eukaryota	0.997888788
d5d21971a6f2485ad402419ae83655da	d__Eukaryota	1
e724bf3d5389d33677231894e40d7383	d__Eukaryota; p__Amoebozoa; c__Tubulinea; o__Tubulinea; f__Tubulinea; g__Tubulinea; s__Tubulinea_group	0.999898078
1d43c7d421b4df43ca8e1b3c30ec923c	d__Eukaryota; p__Cercozoa; c__Imbricatea; o__Imbricatea; f__Euglyphida; g__Paulinella	0.999302267
cf456110c33c0f94a7b398b0651026cc	d__Eukaryota	1
b113677f296ddad24ad4f90d3e5019cd	d__Eukaryota; p__Holozoa; c__Choanoflagellida; o__Codonosigidae; f__Codonosigidae; g__Monosiga; s__Monosiga_ovata	0.813877496
5d7e0b35954f0e08e3301e5b3f18f396	d__Eukaryota	1
1e6d453692b2fe968c279d0354e14fcc	d__Eukaryota; p__SAR; c__Labyrinthulomycetes; o__Labyrinthulomycetes; f__Labyrinthulomycetes; g__Sorodiplophrys; s__metagenome	0.98175051
d886f4e58bcaac3b58f08536b704bc93	d__Eukaryota; p__LKM15; c__LKM15; o__LKM15; f__LKM15; g__LKM15; s__uncultured_eukaryote	0.715252058
d7a95b05e7d951c8b42b261910715592	d__Eukaryota; p__SAR; c__Labyrinthulomycetes; o__Labyrinthulomycetes; f__Labyrinthulomycetes; g__Sorodiplophrys; s__metagenome	0.957947144
ce87ff193c644d81768040a9da6a8f5a	d__Eukaryota; p__Cercozoa; c__uncultured; o__uncultured; f__uncultured; g__uncultured; s__metagenome	0.947334502
194ba944ad381b2c3048b68c45b8922e	d__Eukaryota; p__Cercozoa; c__Imbricatea; o__Imbricatea; f__Euglyphida	0.988921383
e45cf4382e1ff40093bef1027a703df7	d__Eukaryota; p__Chlorophyta; c__Trebouxiophyceae; o__Trebouxiophyceae; f__Trebouxiophyceae; g__Trebouxiophyceae; s__Chlorella_sp.	0.999830878
ba1abdf67b8c15583db60f0e91249234	d__Eukaryota; p__Basidiomycota; c__Agaricomycetes; o__Agaricales	0.992498741
7cef1db46fe029c4414a07b8f16e1822	d__Eukaryota	1
771bafaf13d4675d368c60c03453b556	d__Eukaryota; p__Ascomycota; c__Leotiomycetes; o__Leotiomycetes; f__Leotiomycetes; g__Leotiomycetes; s__unidentified	0.932096759
bfd9ed3b5583a26e09854c2cbd1352eb	d__Eukaryota; p__Chytridiomycota; c__Chytridiomycetes	0.978956653
92d2cabaf43fac367eca7d6ceb1dacf9	d__Eukaryota; p__Chlorophyta; c__Chlorophyceae; o__Chlorophyceae; f__Chlorophyceae; g__Chlorophyceae; s__Chloromonas_carrizoensis	0.999999997
824bddb8b8f64843b9245b0d4b4b6dbe	d__Eukaryota; p__Amoebozoa; c__Tubulinea; o__Tubulinea; f__Tubulinea; g__Tubulinea; s__Tubulinea_group	1
6bc1fa98218a55b660810b9b1021c414	d__Eukaryota	0.999998956
2219cf1116a594cf68317cd3d3464b64	d__Eukaryota; p__Mucoromycota; c__Glomeromycetes; o__Glomerales; f__Glomeraceae; g__Glomus; s__metagenome	0.963443526
894fa3316b1b0c92441e9796bb43c5d6	d__Eukaryota; p__Cryptophyceae; c__Cryptophyceae; o__Cryptomonadales; f__Cryptomonadales	0.795087519
d8cc13792306b8b65c679fbda0d64772	d__Eukaryota; p__Protalveolata; c__Perkinsidae; o__A31; f__A31; g__A31	0.999951662
4d1122210c8bda1fc4ff5534257294f1	d__Eukaryota; p__Amoebozoa; c__Tubulinea; o__Leptomyxida; f__Leptomyxida; g__Leptomyxida; s__metagenome	0.829335903
df2e344f84e3e80acecf5c6f25be0060	d__Eukaryota; p__Cercozoa	0.999777262
69ef826673eb9193aea48ba71334d811	d__Eukaryota	1
f628ecc6a1d3cc5527f55f3c4d6d3f4f	d__Eukaryota	1
e9699b9b83bf8087f48fe220741020a5	d__Eukaryota; p__Amoebozoa; c__Discosea; o__Vannellida; f__Vannellida; g__uncultured; s__Vannella_sp.	0.999939669
e8efe30781e3c047538064f5656027f4	d__Eukaryota; p__Basidiomycota; c__Agaricomycetes; o__Boletales	0.713900635
4675fdd37e693cc4fb58a142b7f282ab	d__Eukaryota; p__Chlorophyta; c__Chlorophyceae; o__Chlorophyceae; f__Chlorophyceae; g__Chlorophyceae; s__Pleurastrum_insigne	0.726288873
9ad80b2bbb582f8be3890d020e387557	d__Eukaryota; p__Phragmoplastophyta; c__Embryophyta	0.97710964
86719d336b0a11be08c00078b38d19d6	d__Eukaryota	1
e7c0d13de9d4be181894598047d884eb	d__Eukaryota; p__Chytridiomycota; c__Chytridiomycetes; o__Spizellomycetales; f__Olpidiaceae; g__Olpidium; s__Olpidium_brassicae	0.876658828
0621edaba8857ec9b399399aeedde88d	d__Eukaryota; p__Ochrophyta; c__Xanthophyceae; o__Mischococcales; f__Mischococcales; g__Chlorellidium; s__Chlorellidium_tetrabotrys	0.986129812
3ab8abc4666e8a00578ead0165e46189	d__Eukaryota; p__Ascomycota; c__Dothideomycetes; o__Pleosporales	0.981097945
dbd0f0daf24c2951dba9800fd2dc527d	d__Eukaryota; p__Mucoromycota; c__Glomeromycetes; o__Glomerales; f__Glomeraceae; g__Funneliformis; s__Funneliformis_mosseae	0.999861179
ab6aa98df51a528ac7b018ff03fa25b0	d__Eukaryota; p__Gracilipodida; c__Gracilipodida; o__Gracilipodida; f__Gracilipodida; g__Telaepolella; s__Telaepolella_sp.	0.998175327
6a800b63026ff74729c54b4c91c66bda	d__Eukaryota; p__Cavosteliida; c__Cavosteliida; o__Cavosteliida; f__Cavosteliida; g__Cavosteliida; s__Gephyramoeba_sp.	0.97165822
23a3eb3fc179b377822208bce5e99207	d__Eukaryota; p__Amoebozoa; c__Discosea; o__Dactylopodida; f__Dactylopodida; g__Angulamoeba; s__Cyanidioschyzon_sp.	0.999919232
6bdb6b3bc153af8921517214a3ddc9d7	d__Eukaryota	0.999977399
21c50403a96655a4bbfd3c1e888f51db	d__Eukaryota; p__Cryptomycota; c__LKM11; o__LKM11; f__LKM11; g__LKM11	0.999987729
21b45fb6452f6a27f8406ba43e0fbd48	d__Eukaryota; p__SAR; c__Labyrinthulomycetes; o__Labyrinthulomycetes; f__Labyrinthulomycetes; g__Sorodiplophrys; s__metagenome	1
3a90cd915779d9c2c649d1799a913d73	d__Eukaryota; p__Ciliophora; c__Intramacronucleata; o__Litostomatea; f__Haptoria	0.785911889
a8946a1c70141dc1665370eb90620334	d__Eukaryota; p__Cercozoa; c__Imbricatea; o__Imbricatea; f__Euglyphida	0.922131681
76a5075668b6c5aaf42e5370ef44ea58	d__Eukaryota; p__Amoebozoa; c__Tubulinea; o__Euamoebida; f__Euamoebida; g__Hartmannella; s__Nolandella_sp.	0.762935362
62849d274666bff6eb81e857b5402293	d__Eukaryota; p__Ochrophyta; c__Chrysophyceae; o__Chromulinales; f__Chromulinales; g__JBNA46; s__uncultured_eukaryote	0.991827091
60c22467e758f317310351b4883a5121	d__Eukaryota	0.999999996
ebb569130980cc82d0ff05b9898e8e43	d__Eukaryota; p__Phragmoplastophyta; c__Embryophyta; o__Magnoliophyta; f__Magnoliophyta; g__Magnoliophyta	0.992367317
e5838d4691a4d893df90b58ddb33235c	d__Eukaryota; p__Microsporidia; c__Microsporidia; o__Microsporidia; f__Microsporidia; g__Microsporidia; s__Lanatospora_costata	0.999970857
050970bb0a10f9dcc1809d6b8f10ec30	d__Eukaryota; p__Amoebozoa; c__Tubulinea; o__Arcellinida; f__Arcellinida; g__Arcellinida; s__metagenome	1
044c3fe7c7ad7ffc09e61852f026be0f	d__Eukaryota; p__Cercozoa; c__Thecofilosea	0.758330803
3830398068ec0092b14cd32226ca2f63	d__Eukaryota	1
30f87402e55d7069da145fa96e3f8eac	d__Eukaryota	1
29fe06371f2f243cd208c02d6a8cb9d9	d__Eukaryota; p__Blastocladiomycota; c__Blastocladiomycetes; o__Blastocladiales; f__Blastocladiales; g__Blastocladiales; s__uncultured_fungus	0.999999999
4fd40d87bd6def26500d520c236e4ee2	d__Eukaryota	1
717192829c0df87a1b61315f32e85ed2	d__Eukaryota	1
627f65a9e81904bb0dd0270fb662ef7f	d__Eukaryota	1
f6d8ea9ed75073e97322247d6ca63670	d__Eukaryota; p__Cercozoa; c__Glissomonadida; o__Glissomonadida; f__Glissomonadida; g__Proleptomonas; s__Proleptomonas_faecicola	0.711445451
fb67fcb1f1aa632f7786779822250406	d__Eukaryota	1
17d9844f9ac2639d61b2c9dafa2e92b2	d__Eukaryota; p__Cercozoa; c__Glissomonadida; o__Glissomonadida; f__Glissomonadida; g__Glissomonadida; s__metagenome	0.867761647
52994dfd309160032f6c12c88f6d601f	d__Eukaryota; p__Cercozoa; c__Cercomonadidae; o__Cercomonadidae; f__Cercomonadidae	0.997575457
f93a1270f5a716b907efd94d6da1957b	d__Eukaryota; p__Cercozoa; c__Cercomonadidae; o__Cercomonadidae; f__Cercomonadidae; g__uncultured; s__uncultured_Eimeriidae	0.996897114
f1e2bcc83e07f2c44e69d21434e13df6	d__Eukaryota; p__Cercozoa; c__Phytomyxea; o__Phytomyxea; f__Phytomyxea; g__Polymyxa; s__Polymyxa_betae	0.999942749
892015f3fe1a8b55066d326ef520dc94	d__Eukaryota; p__Amoebozoa; c__Tubulinea; o__Leptomyxida; f__Leptomyxida; g__Leptomyxa; s__metagenome	0.720507182
de35ab182648f75f42e2ab2c000facc6	d__Eukaryota	0.999999397
189db43a9cb9c715b26081a91a3a922e	d__Eukaryota; p__Amoebozoa; c__Discosea; o__Centramoebida; f__Centramoebida; g__Acanthamoeba; s__Acanthamoeba_sp.	0.973502741
d6b0fc58c787edd4f21ed41e1393c5df	d__Eukaryota; p__Holozoa; c__Choanoflagellida; o__Codonosigidae; f__Codonosigidae; g__Monosiga; s__Monosiga_ovata	0.999521762
5bda39e0a4580810a269d50b913b252d	d__Eukaryota	1
5381cc67811e71be893cbe195fc46dd8	d__Eukaryota; p__Ascomycota; c__Dothideomycetes; o__Dothideales	0.961152096
1951703ba31948025d8b4d50e4fa5d8b	d__Eukaryota; p__Amoebozoa; c__Tubulinea; o__Euamoebida; f__Euamoebida; g__Hartmannella; s__Nolandella_sp.	0.941398735
7be6063422df2cbde75d2d85d3660a3c	d__Eukaryota; p__Chlorophyta; c__Trebouxiophyceae; o__Trebouxiophyceae; f__Trebouxiophyceae; g__Trebouxiophyceae; s__[Myrmecia]_bisecta	0.996154923
655b0f5723fea1af5489bc89d8f46e3c	d__Eukaryota; p__SAR; c__Labyrinthulomycetes; o__Labyrinthulomycetes; f__Labyrinthulomycetes; g__Sorodiplophrys; s__Sorodiplophrys_stercorea	0.986778619
48d50ded7854d618594164ebd5ac3f3f	d__Eukaryota; p__Bicosoecida; c__Bicosoecida; o__Bicosoecida; f__Bicosoecida; g__Paramonas; s__Paramonas_globosa	0.905603207
988b6ba69d34c8ca7e85d22d74ec8f30	d__Eukaryota; p__Chlorophyta; c__Chlorophyceae; o__Chlorophyceae; f__Chlorophyceae; g__Chlorophyceae; s__Chlamydomonas_sp.	0.74813457
55fe3a7ce5141b6a8a21565347f195ef	d__Eukaryota	1
f48d007e77f5b5c378b047421c28ab8c	d__Eukaryota; p__Basidiomycota; c__Agaricomycetes	0.703456852
0f4f634ca927ce122c46d3eb3b89d049	d__Eukaryota; p__Ciliophora; c__Intramacronucleata; o__Conthreep; f__Colpodea	0.999999943
f79331684e7028fefd15555f13c77bc8	d__Eukaryota	1
414fc6cd6f2be2c6ac02005b63cce0bd	d__Eukaryota	1
65b818d1dc88ddc8766fe82b4f5e5a5a	d__Eukaryota; p__Gracilipodida; c__Gracilipodida; o__Gracilipodida; f__Gracilipodida; g__Telaepolella; s__Telaepolella_sp.	0.998119846
5610f5ef140228046f28296d5a1018b2	d__Eukaryota	1
d7af3f7185f9c79531cad008fb7dcf34	d__Eukaryota; p__Basidiomycota; c__Agaricomycetes	0.869162987
f25db05794a14db0a5dddb87e1076630	d__Eukaryota; p__Cercozoa; c__Cercomonadidae; o__Cercomonadidae; f__Cercomonadidae; g__Cercomonas; s__metagenome	0.840206688
b17254db962219ec5dba17f89a4e5f52	d__Eukaryota; p__Chytridiomycota; c__Chytridiomycetes	0.992405165
41619edc4bebe763520860e32102a7f2	d__Eukaryota	1
f9123e214a0bd40b10feb4325757184d	d__Eukaryota; p__Amoebozoa; c__Amoebozoa; o__Amoebozoa; f__Amoebozoa; g__Amoebozoa; s__metagenome	0.997410696
b2738672a1f0c8585d4c218c3705cdac	d__Eukaryota; p__Basidiomycota; c__Agaricomycetes	0.847573469
93c73b01b8f912dfab4e06b7eb5d4ab3	d__Eukaryota; p__Amoebozoa; c__Tubulinea; o__Euamoebida; f__Euamoebida; g__Euamoebida; s__Amoeba_leningradensis	0.794210975
16101b26de90a746f31fa9f41e75dad1	d__Eukaryota	0.999999999
a634e64eed214e72c2c89873f46df296	d__Eukaryota; p__Arthropoda; c__Arachnida; o__Acari; f__Acari; g__Acari; s__uncultured_eukaryote	0.999982084
192d09329435362f385a85d0730e6d21	d__Eukaryota; p__Amoebozoa; c__Tubulinea; o__Tubulinea; f__Tubulinea; g__Tubulinea; s__Tubulinea_group	0.999996972
6ee9cd75be8f25f72b8c9245399bb109	d__Eukaryota; p__Cercozoa; c__uncultured; o__uncultured; f__uncultured; g__uncultured; s__metagenome	0.904190913
d371ba0dcd38ebf58cfd000db139d7ec	d__Eukaryota; p__Cercozoa; c__Thecofilosea; o__Thecofilosea; f__Thecofilosea; g__uncultured; s__metagenome	0.793379077
9dce6f6390915b364e9ca7c6b75ebfb7	d__Eukaryota; p__Nematozoa; c__Chromadorea; o__Tylenchida; f__Tylenchida; g__Tylenchida; s__Pratylenchus_thornei	0.999295377
ad1c61eaf6fb75df9f6b0e57558aefca	d__Eukaryota; p__Cercozoa; c__Incertae_Sedis; o__Incertae_Sedis; f__Incertae_Sedis; g__Gymnophrys; s__uncultured_eukaryote	0.958393238
f0c09fa09f62e4d1743995c9e4a2e930	d__Eukaryota; p__Cercozoa; c__Imbricatea; o__Spongomonadida; f__Spongomonadida; g__Spongomonas; s__Spongomonas_minima	0.999996798
24a523b5632e265ad062ee4d6c22a9e3	d__Eukaryota	1
88c4af87aadde57aaf9628619076ab84	d__Eukaryota; p__Nematozoa; c__Chromadorea; o__Rhabditida; f__Rhabditida; g__Rhabditida; s__Acrobeloides_thornei	0.997503662
2b339f5291999f1836ccb829a322a75c	d__Eukaryota; p__Phragmoplastophyta	0.902570564
228d63ad521b4a9f839d495b9f096a2d	d__Eukaryota; p__Cercozoa; c__Cercomonadidae; o__Cercomonadidae; f__Cercomonadidae	0.999999482
9e6e9c9366aed460fcaa223c9c305f2b	d__Eukaryota; p__Aphelidea; c__Aphelidea; o__Aphelidea; f__Aphelidea; g__Paraphelidium; s__uncultured_fungus	0.884096222
9cabea488456ab4f794198801a118818	d__Eukaryota; p__SAR; c__Labyrinthulomycetes; o__Labyrinthulomycetes; f__Labyrinthulomycetes; g__Sorodiplophrys; s__Sorodiplophrys_stercorea	0.999971467
2127f72c2bd903eaed2ab66ea110416f	d__Eukaryota; p__Mucoromycota; c__Glomeromycetes; o__Glomerales; f__Glomeraceae; g__Funneliformis; s__Funneliformis_mosseae	0.999953374
86a837e02675693b29ad7220cb7af902	d__Eukaryota; p__Cercozoa; c__Glissomonadida; o__Glissomonadida; f__Glissomonadida; g__uncultured; s__metagenome	0.999992513
d3a5679fb26648cdda22e0164a87c90f	d__Eukaryota; p__Ascomycota; c__Pezizomycetes; o__Pezizales	0.711852705
2409898c90564428dac7a4ab82933e3e	d__Eukaryota	1
9804ec9baa11f18a14c53de1ea703691	d__Eukaryota; p__Mucoromycota; c__Glomeromycetes; o__Glomerales; f__Claroideoglomeraceae; g__Claroideoglomus; s__metagenome	0.999999998
799334874de8034dc89be899d458b27a	d__Eukaryota; p__Ascomycota; c__Pezizomycetes; o__Pezizales	0.900618856
13d60de961ecd74e920c3cc27fe364d6	d__Eukaryota; p__Phragmoplastophyta; c__Embryophyta; o__Magnoliophyta; f__Magnoliophyta; g__Magnoliophyta	0.981615123
2a686e34493fc4d12ce8f7ee7c146003	d__Eukaryota; p__Arthropoda; c__Insecta; o__Hymenoptera; f__Hymenoptera; g__Hymenoptera	0.996665475
e675bcb7ed10ac5fd3d8df63e8d792da	d__Eukaryota; p__Cercozoa; c__Cercomonadidae; o__Cercomonadidae; f__Cercomonadidae; g__Cercomonas; s__Cercomonas_parincurva	0.843735517
8f80fa91f9585c3a11f57de08f90b2b5	d__Eukaryota	1
cf9e6ffa1d56b52b3628239c40a3e9ce	d__Eukaryota; p__Incertae_Sedis; c__Incertae_Sedis; o__Incertae_Sedis; f__Incertae_Sedis; g__Arboramoeba; s__metagenome	0.965580622
f0fbcf7e59c12191c06798296c0e65e9	d__Eukaryota	0.999999992
638cff0150a1827feea884e48bb11b46	d__Eukaryota; p__Amoebozoa; c__Discosea; o__Dactylopodida; f__Dactylopodida; g__Dactylopodida; s__Tubulinea_group	0.999999961
fd2a44199713bfdf3eefda6168300604	d__Eukaryota; p__Amoebozoa; c__Discosea; o__Dactylopodida; f__Dactylopodida; g__Angulamoeba; s__Angulamoeba_fungorum	0.999997954
d450eadaa542c6810852e1482ff31c25	d__Eukaryota	0.999998958
408f822ec28a63b5901141813274525e	d__Eukaryota	1
d52fdcf16ecfd0bea39dee632976641c	d__Eukaryota; p__Amoebozoa; c__Tubulinea; o__Tubulinea; f__Tubulinea; g__Tubulinea; s__Tubulinea_group	1
fbda2163859d5db03f9c90a5e7b8360f	d__Eukaryota	1
96bfdf5ffd303c7527a54f1fefc42840	d__Eukaryota; p__Cercozoa; c__Glissomonadida; o__Glissomonadida; f__Glissomonadida; g__Glissomonadida; s__metagenome	0.993393716
f000c427e5b44b4fe9517db2cbd63f95	d__Eukaryota; p__Aphelidea; c__Aphelidea; o__Aphelidea; f__Aphelidea; g__Paraphelidium	0.999292811
e866acf99bc53464749d8a6817b7409b	d__Eukaryota; p__Cercozoa; c__Vampyrellidae; o__Vampyrellidae; f__Vampyrellidae; g__Vampyrella; s__uncultured_eukaryote	0.976935342
ad9e05e375641dfee07b76d931b695e9	d__Eukaryota; p__Ochrophyta; c__Chrysophyceae; o__Ochromonadales; f__Ochromonadales; g__Ochromonas; s__uncultured_eukaryote	0.945430163
26730762f6aa25a8ba9f9cbff2ab0f66	d__Eukaryota; p__Aphelidea; c__Aphelidea; o__Aphelidea; f__Aphelidea; g__Aphelidea; s__Amoeboaphelidium_protococcarum	0.819907808
f52d1d3175fdaecb6107e19ef7784852	d__Eukaryota; p__Ascomycota; c__Dothideomycetes; o__Venturiales; f__Venturiaceae; g__Venturia; s__Venturia_pyrina	0.998253594
986abcddf15d69bee816f5b7ba87e165	d__Eukaryota; p__Basidiomycota; c__Pucciniomycetes; o__Pucciniales; f__Pucciniaceae; g__Puccinia; s__Gadus_morhua	0.731951759
a3f89c46ac3ed0ac7ec06383adee794e	d__Eukaryota; p__Mucoromycota; c__Glomeromycetes; o__Glomerales; f__uncultured; g__uncultured	0.994906471
8b43c3398cd8f3cecd4f217725c2463b	d__Eukaryota; p__LKM15; c__LKM15; o__LKM15; f__LKM15; g__LKM15; s__uncultured_eukaryote	0.994487823
2250dd738505ecedf8ee973f82380156	d__Eukaryota; p__Chlorophyta; c__Ulvophyceae; o__Ulvophyceae; f__Ulvophyceae; g__Ulvophyceae	0.999994869
a464151d9d3f142ca4e8da2fb18f8710	d__Eukaryota; p__Nematozoa; c__Chromadorea; o__Monhysterida; f__Monhysterida; g__Monhysterida; s__metagenome	0.999999746
15cb666289e849db6c063411b8790395	d__Eukaryota; p__Cercozoa	0.982909838
56272bbcef9036e8d680b8f723affd97	d__Eukaryota; p__Amoebozoa; c__Amoebozoa; o__Amoebozoa; f__Amoebozoa; g__Amoebozoa; s__metagenome	0.993873412
6f6e7199ddde6ee0fd5348c14a352a7b	d__Eukaryota	0.999968261
16b13557d6317fc652d7fe6304a58d52	d__Eukaryota; p__Amoebozoa; c__Discosea; o__Dactylopodida; f__Dactylopodida; g__Angulamoeba; s__Cyanidioschyzon_sp.	0.999930165
75c1bccf8272f61badb795cfdb746838	d__Eukaryota	0.999998929
017b72f0f44005747e2b7ddaf8c6028b	d__Eukaryota; p__Cercozoa; c__Vampyrellidae; o__Vampyrellidae; f__Vampyrellidae; g__Vampyrella; s__uncultured_eukaryote	0.995090112
7341a1430d3096213da84e89461bc7a4	d__Eukaryota; p__Cercozoa; c__Glissomonadida; o__Glissomonadida; f__Glissomonadida; g__Glissomonadida; s__metagenome	0.901889298
c562116f1b86bfe2391ef8d8d17b5f14	d__Eukaryota; p__Nematozoa; c__Gordioida; o__Gordea; f__Gordea; g__Gordea	0.806741041
742692d485871e6b28dcb51c30036c9f	d__Eukaryota	1
b893fc47e232c5fe4bb1ab5f0aecf712	d__Eukaryota; p__Zoopagomycota; c__Zoopagomycota; o__Zoopagomycota; f__Zoopagomycota; g__Zoopagomycota; s__Barbatospora_ambicaudata	0.999265598
fe05c23b66510c403650358c59211b5b	d__Eukaryota; p__Chlorophyta; c__Ulvophyceae; o__Ulvophyceae; f__Ulvophyceae; g__Ulvophyceae; s__Planophila_laetevirens	0.999690065
3cc3ebf0350df204536547f160d72b3b	d__Eukaryota	1
d3c980a4307dde4138ace3646ab59682	d__Eukaryota	1
991d9c07c265f1e8826ad513efcdc0d5	d__Eukaryota; p__Peronosporomycetes; c__Peronosporomycetes; o__Peronosporomycetes; f__Peronosporomycetes	0.999453365
a89fe341e9cd5497088b34c95d6a28f1	d__Eukaryota; p__Ochrophyta; c__Xanthophyceae	0.999997639
92cf07a9622aeed2a29e8b3b993a450f	d__Eukaryota; p__Holozoa; c__Ichthyosporea; o__Pseudoperkinsidae; f__Pseudoperkinsidae; g__Anurofeca	0.812127191
3bbd9022ceb1e675abcea0b2d142bc9c	d__Eukaryota; p__Cercozoa; c__Cercomonadidae; o__Cercomonadidae; f__Cercomonadidae	0.99996511
c109d4021b4b02c0d665e398d5639737	d__Eukaryota; p__Cryptophyceae; c__Cryptophyceae; o__Cryptomonadales; f__Cryptomonadales; g__Cryptomonas; s__Vorticella_sp.	0.99951082
9e9173bb6c70e0ece92dbad4062469ce	d__Eukaryota; p__Amoebozoa; c__Tubulinea; o__Tubulinea; f__Tubulinea; g__Tubulinea; s__Tubulinea_group	0.750739889
e79b48420ca94404ca44de6142fdbb5f	d__Eukaryota	0.999996111
2fa3f33108a13f74ca699b39fc643a06	d__Eukaryota; p__Heterolobosea; c__Tetramitia; o__Tetramitia; f__Tetramitia; g__Neovahlkampfia; s__Nematostella_vectensis	0.756863155
9f7d6974f2eca1e87de52a136dfd2434	d__Eukaryota; p__SAR; c__Labyrinthulomycetes; o__Labyrinthulomycetes; f__Labyrinthulomycetes; g__Sorodiplophrys	0.886144294
67fcd4dbac8781d611a840583c71e87f	d__Eukaryota; p__Centrohelida; c__Centrohelida; o__Centrohelida	0.748698645
efe6663d3b07ea1708a2f3f63654f90b	d__Eukaryota	1
f9241a7ae61ac2d9d260d229ae8f7b2e	d__Eukaryota; p__Amoebozoa; c__Tubulinea; o__Echinamoebida; f__Echinamoebida; g__Vermamoeba; s__Vermamoeba_vermiformis	0.996710087
0a065f38d0045c848396a4316595bbde	d__Eukaryota	1
c2c322dfdab139b21731d49709ae0560	d__Eukaryota	1
9719620da97bec00337f2ea68d97492d	d__Eukaryota; p__Cercozoa; c__Novel_Clade_12; o__Novel_Clade_12; f__Novel_Clade_12; g__Novel_Clade_12; s__uncultured_freshwater	0.94851937
ed5f84cd2e23b566a8575023ec72ae82	d__Eukaryota; p__Cercozoa; c__Imbricatea; o__Imbricatea; f__Euglyphida	0.987173613
272b49da25b58b9ddc52089d3de5bba0	d__Eukaryota; p__Phragmoplastophyta; c__Embryophyta	0.828156352
f244480bb5afc4b702131820d7ee4a54	d__Eukaryota; p__Holozoa; c__Choanoflagellida; o__Craspedida; f__Salpingoecidae; g__Salpingoeca; s__uncultured_eukaryote	0.843885312
2fed907e4b5a2eead6a40682c9b90975	d__Eukaryota; p__Cercozoa; c__Glissomonadida; o__Glissomonadida; f__Glissomonadida	0.817582289
69c60f23db5f9551e8999185488090d6	d__Eukaryota	1
e02cc0b81bad63c62c78d82416c3eae2	d__Eukaryota; p__Cercozoa	0.999937705
7cec5fe9521cbe74be5788528f399570	d__Eukaryota; p__Aphelidea; c__Aphelidea; o__Aphelidea; f__Aphelidea; g__Aphelidea; s__Amoeboaphelidium_protococcarum	0.956979704
361484ebb10a0a2591e3f86a3e33180c	d__Eukaryota; p__Zoopagomycota; c__Incertae_Sedis; o__Harpellales	0.716658526
33c1c372e92d2649bf3692edb4af2a78	d__Eukaryota	1
653b39fe4662b4e20061ebb426752add	d__Eukaryota; p__Phragmoplastophyta; c__Embryophyta	0.972761717
b61c8e4f57899cecebffce9ea185203c	d__Eukaryota; p__Cercozoa; c__Imbricatea; o__Imbricatea; f__Euglyphida; g__Trinema	0.78927754
d2a45861b16f76b42a4d4989165cb327	d__Eukaryota; p__Diatomea; c__Bacillariophyceae; o__Bacillariophyceae; f__Bacillariophyceae; g__Fistulifera; s__Fistulifera_pelliculosa	0.999430344
da0c48b426eb83f03512f414e948b77f	d__Eukaryota	0.999999998
cfa32bb26dbb15ea5a00b92f1c70fde5	d__Eukaryota	1
8636ceb328fe5bc232d5ae036bb4a294	d__Eukaryota	0.999999999
091ced4873e564d3b8f628f62791e35c	d__Eukaryota; p__LKM15; c__LKM15; o__LKM15; f__LKM15; g__LKM15	0.872330405
3912e215614f3a321cde296624700154	d__Eukaryota	1
c918589579f3c49af3f50c1af2cf6de2	d__Eukaryota	1
ece2e66d29c4dc7e60cf93f425ae647e	d__Eukaryota; p__Gracilipodida; c__Gracilipodida; o__Gracilipodida; f__Gracilipodida; g__Gracilipodida; s__soil_amoeba	0.999999904
c2ad0d53624fb97eeb61f40629303428	d__Eukaryota; p__Apicomplexa; c__Conoidasida; o__Gregarinasina; f__Eugregarinorida; g__Gregarina; s__Enterocystis_dorypterygis	1
d7624a62d5ac0fe5658d9c9aa163b6d0	d__Eukaryota	0.999999999
51124251dc983b17acd8f32044b88ca6	d__Eukaryota	1
1739b3f18f98f838b4d68f9b3097d90a	d__Eukaryota; p__Cercozoa; c__Thecofilosea; o__Incertae_Sedis; f__Incertae_Sedis; g__Lecythium; s__uncultured_eukaryote	0.997356071
1b2843df9b44d7eeafd2f3840ce7a920	d__Eukaryota	1
30a3ea16ca3e855a96fb658f543dc397	d__Eukaryota	0.999999868
c28a267181473b9901652f1790fc847b	d__Eukaryota	1
56d163aab1d41ef6ab54f22cda108d45	d__Eukaryota	1
0cf01e7a460609854d91cc1f322e8e5b	d__Eukaryota	1
52b6f593e35c6bb0c710e130790ea19c	d__Eukaryota	1
1aacec6826d11dcd81b51f14bce58146	d__Eukaryota; p__Amoebozoa; c__Tubulinea; o__Euamoebida; f__Euamoebida; g__Hartmannella; s__Nolandella_sp.	0.734247022
9a046dc4b7bfebba2605879ecd4b4241	d__Eukaryota; p__SAR; c__Labyrinthulomycetes; o__Labyrinthulomycetes; f__Labyrinthulomycetes; g__Sorodiplophrys; s__metagenome	0.945170173
b37fa2e83ba8ccab6da52a4dbdea8e94	d__Eukaryota	1
4f636157a20c4922455f334d6ab65539	d__Eukaryota; p__Cercozoa	0.859184206
44d0806de73d7a1c3da7f3cfb0a7baa2	d__Eukaryota	1
db1ee31ae0682befa384c221c8e03965	d__Eukaryota	1
ec5d917ca864cf5a909ae6738c9cd983	d__Eukaryota; p__Cercozoa; c__Imbricatea; o__Imbricatea; f__Thaumatomonadida; g__Gyromitus; s__metagenome	0.999672911
3e4111d8df5b9eadd4a56d4cd500fa69	d__Eukaryota; p__Basidiomycota; c__Tremellomycetes; o__Tremellales; f__Rhynchogastremataceae; g__Rhynchogastremataceae; s__uncultured_fungus	0.998456677
1c5fe6f89c664facd0943e326859d78c	d__Eukaryota; p__Basidiomycota	0.998255351
731da8295c3ec55d1c2da2dcac05ccd5	d__Eukaryota; p__Mucoromycota; c__Glomeromycetes; o__Diversisporales; f__Diversisporaceae; g__Diversispora; s__Diversispora_eburnea	0.848863165
250a2d99692092bdd1882d2e997608a5	d__Eukaryota; p__Gracilipodida; c__Gracilipodida; o__Gracilipodida; f__Gracilipodida; g__Telaepolella; s__Telaepolella_sp.	0.998183685
fbec2922490a8818f6c356314bdecc2a	d__Eukaryota; p__Mucoromycota; c__Incertae_Sedis; o__Endogonales; f__Endogonaceae; g__Endogone; s__uncultured_fungus	0.988716911
fe7e13ce62f72c2b4336e9cf066bef99	d__Eukaryota; p__Basidiomycota; c__Tremellomycetes; o__Tremellales; f__Trimorphomycetaceae; g__Saitozyma; s__Saitozyma_flava	0.891636815
1fc07aa76f73d0232ef6f077828bedbc	d__Eukaryota; p__Basidiomycota; c__Tremellomycetes; o__Tremellales	0.985068491
82fb2d1f07fe52a24897205ec908dc70	d__Eukaryota; p__Cercozoa; c__Incertae_Sedis; o__Incertae_Sedis; f__Incertae_Sedis; g__Kraken; s__metagenome	1
bc73eda9ef88297e276dd52414cdec86	d__Eukaryota; p__Chlorophyta; c__Chlorophyceae; o__Chlorophyceae; f__Chlorophyceae; g__Chlorophyceae	0.729356323
6672aa99d7389ec14f73ff425954b8d0	d__Eukaryota	0.999999992
5a4b6dabaa4f0f0379da35cfd554db22	d__Eukaryota	0.999737502
b9e24cc5551733736c1f6e4c11dc1de6	d__Eukaryota	1
4062311eeb8e593444d6dd443609f2cd	d__Eukaryota; p__Amoebozoa; c__Tubulinea	0.70154504
31d691fe424b2ffb2727b3af1627f450	d__Eukaryota	0.999999998
d4fc7fe27025825d08088b5294552ddc	d__Eukaryota; p__Chytridiomycota; c__Chytridiomycetes; o__Spizellomycetales; f__Olpidiaceae; g__Olpidium; s__Olpidium_brassicae	0.720986733
a3721672d6904464178c236020dba8ca	d__Eukaryota; p__Cercozoa; c__Vampyrellidae; o__Vampyrellidae; f__Vampyrellidae; g__Vampyrella; s__uncultured_eukaryote	0.745889601
5c25c45b77b6e35a449642ddaf5ba822	d__Eukaryota; p__Mucoromycota; c__Glomeromycetes; o__Glomerales; f__Claroideoglomeraceae; g__Claroideoglomus; s__metagenome	0.996439643
2391656b29dbe3b04702a9938d199887	d__Eukaryota; p__Cercozoa; c__Cercomonadidae; o__Cercomonadidae; f__Cercomonadidae; g__uncultured; s__uncultured_Cercozoa	0.999999789
00942365e77177cb9a52e9c9c0ccfc21	d__Eukaryota; p__Mucoromycota; c__Incertae_Sedis; o__Endogonales; f__Endogonaceae; g__Endogone; s__Jimgerdemannia_lactiflua	0.993102953
9701d8695369f8c4d3973d8bb053e170	d__Eukaryota; p__Ciliophora; c__Intramacronucleata; o__Spirotrichea; f__Hypotrichia; g__Gonostomum	0.991969666
d0b2b3e1322e6c97e34312d6956a5784	d__Eukaryota; p__Ciliophora; c__Intramacronucleata; o__Conthreep; f__Colpodea; g__Cyrtolophosidida; s__Pseudocyrtolophosis_alpestris	0.963759324
d29e120816bc2ba64952ce3fc2c447da	d__Eukaryota	0.999999992
d66fcab8f67593a85561db1a20415d19	d__Eukaryota; p__Cercozoa; c__Thecofilosea	0.982937891
686a3a54d18ee74a61aab46cfc4fbe5b	d__Eukaryota; p__SAR; c__Labyrinthulomycetes; o__Labyrinthulomycetes; f__Labyrinthulomycetes; g__Sorodiplophrys; s__metagenome	0.997469416
f6d73a1f13bea3ec6f5c59e51667a6df	d__Eukaryota	0.999999998
1e3c65db903dedfa2ecd25fe2c9bcaaa	d__Eukaryota; p__Heterolobosea; c__Tetramitia; o__Tetramitia; f__Tetramitia; g__Singhamoeba; s__Singhamoeba_horticola	0.7828249
7675117e40c454800264fce5e619f44c	d__Eukaryota	0.999999992
e811e8351dd3e98be6f1822e1a6e0f08	d__Eukaryota; p__Dinoflagellata; c__Dinophyceae	0.87138356
67a857e63245b7815c730dfab641955d	d__Eukaryota	1
56f50718ab4f69b1725cadaf80339731	d__Eukaryota; p__Phragmoplastophyta	0.712689785
671ef50da16607459bc628850e1cf113	d__Eukaryota	1
dd8ef0ea7e75f8d127144fe7812f9e8c	d__Eukaryota; p__Heterolobosea; c__Tetramitia; o__Tetramitia; f__Tetramitia	0.748187027
9d9d2c2ccced95bc166b203a331581fd	d__Eukaryota; p__Cercozoa; c__Cercomonadidae; o__Cercomonadidae; f__Cercomonadidae	0.999979426
ab3f417549e5f3bd0b7ca63b5e4fa3e4	d__Eukaryota; p__Ciliophora; c__Intramacronucleata; o__Conthreep; f__Oligohymenophorea; g__Cardiostomatella	0.751547978
8925237e4f327f93683424efc26378c9	d__Eukaryota	1
1494d1e45567d9122f222f98228989a6	d__Eukaryota; p__Cercozoa; c__Cercozoa; o__Cercozoa; f__Cercozoa; g__Cercozoa; s__metagenome	0.999999992
4213c5f23a9168fda2349d0cec626996	d__Eukaryota	1
c3db2bba997b386b05b7dabcda0cf366	d__Eukaryota	1
e9d4bd8162f75e9196c11f7c70da0617	d__Eukaryota	1
577aba3015494aba3b4eaefbfd57f97e	d__Eukaryota; p__Holozoa; c__Choanoflagellida	0.999822105
98062e83d27bcd2989c773b8aaba83ab	d__Eukaryota; p__Basidiomycota; c__Agaricomycetes	0.986586156
19fe596de672ebd0bfb600f05fbe9d4c	d__Eukaryota; p__Apicomplexa; c__Conoidasida; o__Gregarinasina; f__Eugregarinorida; g__uncultured; s__uncultured_alveolate	0.912388518
a2a28e34750e2397c8a329c662a1df25	d__Eukaryota; p__Cercozoa; c__uncultured; o__uncultured; f__uncultured; g__uncultured; s__Dimorpha-like_sp.	0.995531422
35f67b9fe9c98856ff6d6e8b3bf6589b	d__Eukaryota; p__Ciliophora; c__Intramacronucleata; o__Conthreep; f__Nassophorea; g__Nassophorea; s__metagenome	0.999999999
736a28a7037b116390e4fb1fe69a999b	d__Eukaryota; p__Mucoromycota; c__Incertae_Sedis; o__Mortierellales; f__Mortierellaceae; g__Mortierella	0.984751384
ab3ddb06b87369b5e38e9e71b8d16ba9	d__Eukaryota; p__Protalveolata; c__Colpodellida; o__Colpodellida; f__Colpodellida; g__Colpodella	0.76298291
bac7cb73d671a5e03d840a7b88bd5bb4	d__Eukaryota; p__Dinoflagellata; c__Dinophyceae	0.89138417
6ba9bad5e5548eb369e8721a36e7f2bf	d__Eukaryota; p__Basidiomycota; c__Tremellomycetes; o__Cystofilobasidiales; f__Mrakiaceae; g__Mrakia; s__Mrakia_frigida	0.944924028
6fb33450a8420282b5fd07b9c1f476ba	d__Eukaryota; p__Ochrophyta; c__Chrysophyceae	0.999999308
d68be68ec66ebd9ce7ff4b3d8bef26c6	d__Eukaryota	1
028fde0e355853b6d7e598e052a6704a	d__Eukaryota; p__Cercozoa; c__Imbricatea; o__Imbricatea; f__Euglyphida; g__Trinema	0.731498112
8e5e9cc0274e1905e60f077cda1d3695	d__Eukaryota	1
bef5ef3083cc7f69369674a7ecd0b883	d__Eukaryota; p__Cercozoa; c__Cercomonadidae; o__Cercomonadidae; f__Cercomonadidae; g__Paracercomonas; s__Paracercomonas_sp.	0.999833666
11e68b6aaad3101ab29fc6bca6d3504d	d__Eukaryota; p__Basidiomycota; c__Agaricomycetes; o__Thelephorales; f__uncultured; g__uncultured; s__metagenome	0.826332677
e56c83ea61590a0408658a5086177f4b	d__Eukaryota; p__Amoebozoa; c__Discosea; o__Vannellida; f__Vannellida; g__Vannella	0.999974543
a012ae575d4d13b0847c80d5dfdf3ba8	d__Eukaryota; p__Peronosporomycetes; c__Peronosporomycetes; o__Peronosporomycetes; f__Peronosporomycetes	0.999970576
f833b7ac21cd908e24e826995d6ad6f7	d__Eukaryota; p__Mucoromycota; c__Incertae_Sedis; o__Mortierellales; f__Mortierellaceae; g__Mortierella	0.997957459
ff01491a8becf13d9a2a3a7fb531ddf4	d__Eukaryota; p__Ascomycota; c__Eurotiomycetes; o__Eurotiales; f__Aspergillaceae; g__Penicillium; s__Metarhizium_rileyi	0.80023111
aa1772f9777f6ea2e854c1f62f532fa6	d__Eukaryota; p__Basidiomycota; c__Agaricomycetes; o__Agaricales	0.941988218
b020bd81a001fe9e960394836ba30c67	d__Eukaryota; p__Ascomycota; c__Dothideomycetes; o__Pleosporales; f__Pleosporaceae; g__Pleospora; s__Stemphylium_vesicarium	0.987824278
18ee69c70b493c533efb3bb6fbfbee0a	d__Eukaryota	0.999363511
d154461c017e0bf1386938df9ee2a9db	d__Eukaryota; p__Cercozoa; c__Phytomyxea; o__Phytomyxea; f__Phytomyxea; g__Polymyxa; s__Polymyxa_graminis	0.99150518
b7ec7f265e99dcce933c421f011bef98	d__Eukaryota; p__Ascomycota; c__Dothideomycetes; o__Pleosporales	0.999383871
c476ce03555ebde7f3ca35315be6fdb4	d__Eukaryota; p__Ochrophyta; c__Xanthophyceae	0.997796278
0354b46d0c365eba4f38d51369e45ab6	d__Eukaryota	0.997666077
d21ebcd1d1c298f1eaadfb0c131cad77	d__Eukaryota	1
6f3dc2fda17fc864790d0e830fa7f930	d__Eukaryota; p__Heterolobosea; c__Tetramitia; o__Tetramitia; f__Tetramitia; g__Neovahlkampfia; s__Nematostella_vectensis	0.749411764
fda236963adcfb3787468f400f664e9b	d__Eukaryota; p__Apusomonadidae; c__Apusomonadidae; o__Apusomonadidae; f__Apusomonadidae; g__Apusomonas; s__metagenome	0.993735762
6e509e3d51da7196443845122b7a999b	d__Eukaryota; p__Cercozoa	0.995313913
582bff43b4e350d2dfd7edaba3b7574d	d__Eukaryota; p__Charophyta; c__Charophyta; o__Charophyta; f__Charophyta; g__Charophyta; s__Streptofilum_capillatum	0.999993684
2e3600c8fe4c61eae49a5f1ebf6ded02	d__Eukaryota; p__Basidiomycota; c__Pucciniomycetes; o__Pucciniomycetes; f__Platygloeaceae; g__Platygloea; s__Platygloea_disciformis	0.995227564
0d39170b3dde8b23dc54f6f0a7f26565	d__Eukaryota	1
cd76a1ce442a4ecd09980ea10a661fa7	d__Eukaryota; p__Basidiomycota; c__Agaricomycetes; o__Agaricales	0.742505808
0dcb72a50673e06d6d0eeb53a22b174b	d__Eukaryota; p__Cercozoa; c__Imbricatea; o__Imbricatea; f__Euglyphida; g__Euglypha	0.712889429
c9693c817a7f1d359cc8f15c5a233571	d__Eukaryota; p__Chlorophyta; c__Chlorophyceae; o__Chlorophyceae; f__Chlorophyceae; g__Chlorophyceae; s__Eubrownia_isobilateralis	0.994602816
4a75f3bc2390c2d0930ae306246d087d	d__Eukaryota; p__SAR; c__Labyrinthulomycetes; o__Labyrinthulomycetes; f__Labyrinthulomycetes; g__Sorodiplophrys	0.999999796
ab11897c94845acb0a233a119910cfa6	d__Eukaryota	1
736035bf409d34f76686978cdc56d333	d__Eukaryota	0.999999999
3021b4890ec47f804354e8de40d52a3d	d__Eukaryota	0.99999978
d23cc545bd87a081eed66e17e152eb63	d__Eukaryota	0.999999961
67602e5ef33ad6015f1f32c453d8d956	d__Eukaryota; p__Gracilipodida; c__LEMD267; o__LEMD267; f__LEMD267; g__LEMD267; s__uncultured_eukaryote	1
cde129c80d333eabcea899102f62514f	d__Eukaryota	0.999999999
2a9e1c1499633a3cb7f4d8cab47e3b34	d__Eukaryota	0.999999912
9108a76c788be2e67f18cf57a0b20406	d__Eukaryota; p__Chlorophyta; c__Trebouxiophyceae; o__Trebouxiophyceae; f__Trebouxiophyceae; g__Trebouxiophyceae; s__Symbiochloris_symbiontica	0.99999998
3b023560ab163b33f555ce5fba3e9926	d__Eukaryota	1
1e8a1936ba5bcf6f6756cbab257b1941	d__Eukaryota; p__Zoopagomycota; c__Incertae_Sedis; o__Zoopagales; f__Piptocephalidaceae; g__Piptocephalis; s__Piptocephalis_graefenhanii	0.719972463
69cd529fc208201c9c47be9d76b1123b	d__Eukaryota; p__Apicomplexa; c__Conoidasida; o__Gregarinasina; f__Eugregarinorida; g__uncultured; s__uncultured_alveolate	0.996872279
2b1e73b2a4a59bee7d98ab0591e07410	d__Eukaryota	1
15eb258e71faa51daf27a8883579f6ee	d__Eukaryota; p__Phragmoplastophyta; c__Embryophyta	0.839117153
b1bf53c301420933da93babfdf7c6838	d__Eukaryota	1
66da9a92135fe24b3b80893c7e4669fd	d__Eukaryota	1
002e3e21e9f3fad3a749d42629719c4c	d__Eukaryota; p__Cercozoa; c__Incertae_Sedis; o__Incertae_Sedis; f__Incertae_Sedis; g__Gymnophrys; s__uncultured_eukaryote	0.793234032
57d24741a46f9a850bb730adaf02cf32	d__Eukaryota; p__Apusomonadidae; c__Apusomonadidae; o__Apusomonadidae; f__Apusomonadidae; g__Apusomonas; s__Apusomonas_proboscidea	0.869244266
4f92811269cb57b04dbeb6d7197e5a5f	d__Eukaryota; p__Holozoa; c__Choanoflagellida; o__Craspedida; f__Salpingoecidae; g__Salpingoeca; s__Salpingoeca_fusiformis	0.706366595
f430453a71f82a1fb1a6e35bd3d78f22	d__Eukaryota	1
6219b035ae8b0022558bbbaad14237fb	d__Eukaryota	1
c5e446addbebd82b264a0062e46fc834	d__Eukaryota; p__Bicosoecida; c__CH1-2B-3; o__CH1-2B-3; f__CH1-2B-3; g__CH1-2B-3; s__uncultured_stramenopile	0.785548624
f0b5deb46708a442b2b3cda321d5c2e9	d__Eukaryota; p__Basidiomycota; c__Agaricomycetes; o__Agaricomycetes; f__Agaricomycetes; g__Agaricomycetes; s__Xylodon_brevisetus	0.870138291
eadc8d899e0e019fe7389ba0bcce2cfb	d__Eukaryota	1
2e064d22f31a4f698e287499a12c123d	d__Eukaryota; p__Cercozoa; c__Glissomonadida; o__Glissomonadida; f__Glissomonadida; g__Proleptomonas; s__Proleptomonas_faecicola	0.775447356
8191f1f3ae05e82b466760b1bad21737	d__Eukaryota; p__Ascomycota; c__Eurotiomycetes; o__Eurotiales	0.78568686
015019ed7c797851a6af28a52ec6b5b9	d__Eukaryota; p__Cercozoa; c__Phytomyxea; o__Phytomyxea; f__Phytomyxea	1
c91c2f6e6dc293defd9ad8c1f896a2bd	d__Eukaryota; p__Mucoromycota; c__Glomeromycetes; o__Diversisporales; f__Diversisporaceae; g__Diversispora; s__Diversispora_eburnea	0.796743953
3e27689cf6c93b98c05b41dd10494001	d__Eukaryota	1
c7a706b4790cb3fe59b87b02f72be9a2	d__Eukaryota; p__Cercozoa; c__uncultured; o__uncultured; f__uncultured; g__uncultured; s__metagenome	0.950802322
712d25fbd6015d79deecf6373033e8e5	d__Eukaryota	1
c0fd359bf7eca43451ebfe65665d5979	d__Eukaryota; p__Peronosporomycetes; c__Peronosporomycetes; o__Peronosporomycetes; f__Peronosporomycetes; g__Peronosporomycetes; s__Aplanopsis_terrestris	0.80739896
ce75b9656ed7f41deaa4135007f52c3e	d__Eukaryota; p__Apicomplexa; c__Conoidasida; o__Gregarinasina; f__Eugregarinorida; g__Ascogregarina	0.999971847
cd5bc8dec84f81673afc06cc8bce8f96	d__Eukaryota; p__Heterolobosea; c__Tetramitia; o__Tetramitia; f__Tetramitia; g__Vahlkampfia; s__Vahlkampfia_avara	0.999950825
e29848d5458b88279f79951f55a7b799	d__Eukaryota	1
6a70aeb045ef41f880745ba647a24f69	d__Eukaryota; p__Ascomycota	0.830826147
61fd14b59dc445898f443d54fdc6aab0	d__Eukaryota	1
2edc6d678c358967b7677b12b851ed79	d__Eukaryota	1
6b67c06149a36d895dfcf4610f795fcf	d__Eukaryota; p__Holozoa; c__Choanoflagellida; o__Codonosigidae; f__Codonosigidae; g__Monosiga; s__Monosiga_ovata	0.999999802
d721d5fc69816c816397f3057420927b	d__Eukaryota; p__Cercozoa; c__Cercomonadidae; o__Cercomonadidae; f__Cercomonadidae	0.788882521
4aaddd329791aa76215d708b3c00c542	d__Eukaryota; p__Incertae_Sedis; c__Incertae_Sedis; o__Incertae_Sedis; f__Incertae_Sedis; g__Incertae_Sedis; s__uncultured_eukaryote	0.999999394
ca3b20363535f22aa2a2613d537637d8	d__Eukaryota; p__Labyrinthulomycetes; c__Labyrinthulomycetes; o__Labyrinthulomycetes; f__Thraustochytriaceae; g__uncultured; s__uncultured_labyrinthulid	0.794391672
4bf7de1127f6da5aff08186172bce1f5	d__Eukaryota; p__LKM15; c__LKM15; o__LKM15; f__LKM15; g__LKM15; s__metagenome	0.930226549
9b4d8d6bfb2b18e0ce418e7436b0bdbb	d__Eukaryota	1
42d2e8277ebdd48f2eea8445f02e744d	d__Eukaryota; p__SAR; c__Labyrinthulomycetes; o__Labyrinthulomycetes; f__Labyrinthulomycetes; g__Sorodiplophrys; s__metagenome	0.999812938
2be3766d1a08433a0c3b7244458a4772	d__Eukaryota; p__Gracilipodida; c__Gracilipodida; o__Gracilipodida; f__Gracilipodida; g__Gracilipodida; s__soil_amoeba	0.747492002
63c369388d2b00c3a1722de7a7de0834	d__Eukaryota	1
9932505d9f43def48ce9cba74839549e	d__Eukaryota	1
3594d71ac56843769cd8241ce197cb4e	d__Eukaryota	1
17e83b277723a2c0e4f29fbfe991417a	d__Eukaryota	1
b659edca60a85be1ea1152eb3792e5e1	d__Eukaryota	1
38e91bccf1491beb816e3598a61a8b9e	d__Eukaryota; p__Cercozoa; c__Incertae_Sedis; o__Incertae_Sedis; f__Incertae_Sedis; g__Gymnophrys; s__uncultured_freshwater	0.999867137
071904e2685032dff51247d0beacb317	d__Eukaryota; p__Ciliophora; c__Intramacronucleata; o__Conthreep; f__Colpodea; g__Platyophrya; s__uncultured_eukaryote	0.705979742
99fbce225541b41865a71878e5a302eb	d__Eukaryota; p__Phragmoplastophyta; c__Embryophyta	0.865032816
c418b7c6ea62bfccbdcde3eabd381341	d__Eukaryota; p__Cercozoa; c__Thecofilosea; o__Thecofilosea; f__Thecofilosea; g__uncultured; s__metagenome	0.997134683
483427ac8d8f02dba473e09dcbf70e18	d__Eukaryota; p__Peronosporomycetes; c__Peronosporomycetes; o__Peronosporomycetes; f__Peronosporomycetes	0.985138868
cff8ac215f93318f9386f7a6bbe3ee38	d__Eukaryota	1
5850fb2612dc811f44d02eae0b524310	d__Eukaryota; p__Nematozoa; c__Chromadorea; o__Tylenchida; f__Tylenchida; g__Tylenchida; s__Nematoda_environmental	0.882803332
4d173c28a110ad8d39969af2094fbae0	d__Eukaryota	0.999999999
59a67bf3a99164af523c357230c20eaa	d__Eukaryota	1
aafa7566695414664835c9b0c050481d	d__Eukaryota; p__Ascomycota	0.897212635
8bdf25140b93eb6cb421dc73099b5e2e	d__Eukaryota; p__Peronosporomycetes; c__Peronosporomycetes; o__Peronosporomycetes; f__Peronosporomycetes	0.999980462
e59a4b755cf736533c9dcaf1d8490b15	d__Eukaryota; p__Cercozoa; c__Glissomonadida; o__Glissomonadida; f__Glissomonadida; g__Proleptomonas	0.815884293
3ce49c63dc8eaafbbb4368c5045d53ea	d__Eukaryota; p__Nematozoa; c__Chromadorea; o__Rhabditida; f__Rhabditida; g__Rhabditida; s__Acrobeloides_thornei	0.977969406
dc3689ffa0296a48a0645c7c9253556f	d__Eukaryota; p__Cercozoa; c__Glissomonadida; o__Glissomonadida; f__Glissomonadida	0.963347529
bd3ba56afe6dc37d82c2a3f2fbbcb678	d__Eukaryota	1
189cd5b3ec5749387e14b8970bfc2761	d__Eukaryota; p__Ciliophora; c__Intramacronucleata; o__Spirotrichea; f__Euplotia; g__Euplotes; s__Euplotes_rariseta	0.948884091
3fc5e55ffb96556eb9f70c18bf576b40	d__Eukaryota; p__Amoebozoa; c__Tubulinea; o__Euamoebida; f__Euamoebida; g__Euamoebida	0.995681681
4c4eb2457f56fd7240fa64ae62c90fb7	d__Eukaryota	0.99999974
d700c71a196b20b25893109d0ac62046	d__Eukaryota; p__Amoebozoa; c__Tubulinea; o__Tubulinea; f__Tubulinea; g__Tubulinea; s__Tubulinea_group	0.99999997
e099d48560b8749078da21dfcd1e15c5	d__Eukaryota; p__Heterolobosea; c__Tetramitia; o__Tetramitia; f__Tetramitia	0.8982742
afa241a0b13c0c61aa9eabd758a85a14	d__Eukaryota; p__Amoebozoa; c__Discosea; o__Dactylopodida; f__Dactylopodida; g__Angulamoeba; s__Angulamoeba_fungorum	0.999976591
8150f9e56a3bb2f275e18760f486790a	d__Eukaryota; p__Schizoplasmodiida; c__Schizoplasmodiida; o__Schizoplasmodiida; f__Schizoplasmodiida; g__Phalansterium; s__Phalansterium_sp.	0.992561646
8e25a4bc4392e5e3fef5894ebaf5325e	d__Eukaryota	1
e3511adee0d7d5df065c6f93f4abf88d	d__Eukaryota; p__SAR; c__Labyrinthulomycetes; o__Labyrinthulomycetes; f__Labyrinthulomycetes; g__Sorodiplophrys	0.763533395
07dac5ef07eff40621faf67930827096	d__Eukaryota; p__Ciliophora; c__Intramacronucleata; o__Conthreep; f__Phyllopharyngea; g__Phascolodon; s__Phascolodon_vorticella	0.84916978
6bb710fd541f6859db94a3a64feeb05a	d__Eukaryota; p__Ascomycota; c__Leotiomycetes; o__Helotiales	0.766236156
60d43ada181b02ec3c0a7013b6850aa6	d__Eukaryota; p__Incertae_Sedis; c__Incertae_Sedis; o__Incertae_Sedis; f__Incertae_Sedis; g__Arboramoeba; s__metagenome	0.974122231
dfdd74816d4989479ff14d1f30c7841e	d__Eukaryota; p__LKM15; c__LKM15; o__LKM15; f__LKM15; g__LKM15	0.999998489
83413405aa88ee37fa8878c20bce397f	d__Eukaryota; p__Cercozoa; c__Imbricatea; o__Imbricatea; f__Euglyphida; g__Euglypha	0.769207075
e825a8419cb1cc55f81f89809fa8ffc6	d__Eukaryota; p__Cercozoa; c__uncultured; o__uncultured; f__uncultured; g__uncultured; s__metagenome	0.999999431
aafb5ed40d4d841638f27acbf626c697	d__Eukaryota; p__Cercozoa; c__Cercomonadidae; o__Cercomonadidae; f__Cercomonadidae	0.940718845
fb4c0fc3ae81b6cd23a333ae5e791d39	d__Eukaryota; p__Ascomycota; c__Dothideomycetes; o__Pleosporales; f__Leptosphaeriaceae; g__Leptosphaeria; s__Leptosphaeria_maculans	0.913454181
26cb19135d56059ff167ff3d4b8d3c35	d__Eukaryota	1
24708702be76f267f14fa86964cf9654	d__Eukaryota; p__SAR; c__Labyrinthulomycetes; o__Labyrinthulomycetes; f__Labyrinthulomycetes; g__Sorodiplophrys; s__Sorodiplophrys_stercorea	0.990161383
863a4283ec53e35119021afc777b144b	d__Eukaryota	1
8ead38aee9a573e6355c5745826d9fca	d__Eukaryota; p__SAR; c__Labyrinthulomycetes; o__Labyrinthulomycetes; f__Labyrinthulomycetes; g__Sorodiplophrys; s__Sorodiplophrys_stercorea	0.999912988
eac0e19ccea7e177af497bac2d775316	d__Eukaryota; p__Cercozoa; c__Glissomonadida; o__Glissomonadida; f__Glissomonadida; g__Glissomonadida; s__metagenome	0.876209874
1b24f858795b8ba1bfc037c7083eb1a8	d__Eukaryota; p__Basidiomycota; c__Agaricomycetes; o__Agaricales	0.905482065
8e62094762275a9b14fd2c5a58a50f47	d__Eukaryota; p__Ochrophyta; c__Chrysophyceae; o__Chromulinales; f__Chromulinales; g__Chromulinales; s__metagenome	0.99997956
93da071f2e3ac1837452c8b355d13a10	d__Eukaryota; p__Gracilipodida; c__LEMD267; o__LEMD267; f__LEMD267; g__LEMD267; s__metagenome	0.999999972
f5e069933116899942c2fd1502ec939c	d__Eukaryota; p__Gracilipodida; c__LEMD267; o__LEMD267; f__LEMD267; g__LEMD267; s__uncultured_eukaryote	1
d790bdfaf79c14e7f123157029daad62	d__Eukaryota; p__Basidiomycota; c__Agaricomycetes; o__Agaricomycetes; f__Agaricomycetes; g__Agaricomycetes; s__Xylodon_brevisetus	0.906743017
d28e0aaee711fd7e3d7b33aa632017d0	d__Eukaryota; p__Centrohelida; c__Centrohelida; o__Centrohelida; f__Acanthocystidae; g__Pterocystis	0.981293369
f40d0e479bf210702b66f2ccdf0cc88b	d__Eukaryota; p__Chlorophyta; c__Trebouxiophyceae; o__Trebouxiophyceae; f__Trebouxiophyceae; g__Trebouxiophyceae	0.999827751
b97bed5bcd780d3852975beab5d2a8e6	d__Eukaryota; p__Amoebozoa; c__Amoebozoa; o__Amoebozoa; f__Amoebozoa; g__Amoebozoa; s__metagenome	0.932892468
e6bc06c6be7185b987b31b8e90113afb	d__Eukaryota; p__Cercozoa; c__Glissomonadida; o__Glissomonadida; f__Glissomonadida	0.994818159
cdd228ede0fcac1b5644962a55804f30	d__Eukaryota; p__Cercozoa; c__Glissomonadida; o__Glissomonadida; f__Glissomonadida; g__Proleptomonas	0.736273724
83b0559fd811f3eacaac9b08897f7d14	d__Eukaryota; p__Ochrophyta; c__Chrysophyceae; o__uncultured; f__uncultured; g__uncultured; s__metagenome	0.985971084
f383f1f103ffbbe45ab9dee196f47a32	d__Eukaryota	1
fe44a50f7a095f253cf29940961cb746	d__Eukaryota; p__Incertae_Sedis; c__Incertae_Sedis; o__Incertae_Sedis; f__Incertae_Sedis; g__Incertae_Sedis; s__metagenome	0.999996552
f421684d3ad0242a96fec7a60914bb4e	d__Eukaryota; p__Mucoromycota; c__Glomeromycetes; o__Paraglomerales; f__Paraglomeraceae; g__Paraglomus; s__Paraglomus_occultum	0.999999858
f5fabc3f030801c506da72ce04a9b7ff	d__Eukaryota; p__Cercozoa; c__Cercomonadidae; o__Cercomonadidae; f__Cercomonadidae; g__uncultured; s__metagenome	0.988591052
44390e2a5a65daf5b4a1dea180be3e66	d__Eukaryota; p__Cercozoa; c__Imbricatea; o__Imbricatea	0.73064745
c1c60d0980eb5b321f08abc5efbf3cf4	d__Eukaryota; p__Basidiomycota; c__Agaricostilbomycetes; o__Agaricostilbales; f__Kondoaceae; g__Kondoa; s__Kondoa_yuccicola	0.993039225
035ba26371c2f92dd6b2b952700084fb	d__Eukaryota; p__Basidiomycota	0.998017671
b5b1588a643a3b30445a69143bbb46d6	d__Eukaryota; p__Cercozoa; c__Glissomonadida; o__Glissomonadida; f__Glissomonadida; g__Proleptomonas	0.830760091
be76c87c6c52ad1ac09258e5b4404b49	d__Eukaryota; p__SAR; c__Labyrinthulomycetes; o__Labyrinthulomycetes; f__Labyrinthulomycetes; g__Sorodiplophrys; s__Sorodiplophrys_stercorea	0.999998196
6e7717b0ef8f1cd8fa057e06762ee172	d__Eukaryota	1
8573e0cb96a8a07cdeafd1785f22d0ed	d__Eukaryota	1
8ab553f494fff79687ae273f98a1f2dc	d__Eukaryota; p__Incertae_Sedis; c__Incertae_Sedis; o__Incertae_Sedis; f__Incertae_Sedis; g__Incertae_Sedis; s__metagenome	0.989945752
7439734a7cac5a602bddad3d6779f8e9	d__Eukaryota	0.999999995
0b5d5346ca496106ef5b665ec1e33fb8	d__Eukaryota	0.999999999
5373c66462b6e540c3398588644e7c04	d__Eukaryota	1
c75ec2ecde6d728e511cb024f8dda107	d__Eukaryota	0.999999993
b733ab1c8b14b4d02c382facf078a66f	d__Eukaryota; p__uncultured; c__uncultured; o__uncultured; f__uncultured; g__uncultured; s__marine_metagenome	0.984006215
8c9dd425c665b8e6e2acfca7b0c01ffd	d__Eukaryota	1
1bc7c4eec658cd55fa242f140e764633	d__Eukaryota; p__Holozoa; c__Ichthyosporea; o__Rhinosporideacae; f__Rhinosporideacae	0.736767587
c9507e6124d1694f2d2941cef8b8f83d	d__Eukaryota	1
9fd7b8c7e52bb83c937680b9757db927	d__Eukaryota; p__Cercozoa; c__Clathrulinidae; o__Clathrulinidae; f__Clathrulinidae; g__Hedriocystis; s__uncultured_eukaryote	0.980199319
3af6d78a4e59e7fac8a2ae07666e86aa	d__Eukaryota; p__Amoebozoa; c__Tubulinea; o__Echinamoebida; f__Echinamoebida; g__Echinamoebida	0.993491095
c92701f1ac0cdc4180243c4196921798	d__Eukaryota; p__Cercozoa; c__Imbricatea; o__Imbricatea; f__Euglyphida; g__uncultured; s__metagenome	0.999985057
d326babd3ab216aef68cf2dbf3c572ef	d__Eukaryota; p__Ascomycota; c__Pezizomycetes; o__Pezizales; f__Pyronemataceae; g__Lamprospora; s__Lamprospora_ascoboloides	0.999869513
7e2a182f8a818776a70f6f1319a74b4a	d__Eukaryota; p__Ascomycota; c__Dothideomycetes	0.751832766
1ef084eb725fbaa5b753f7832ce0584d	d__Eukaryota; p__Ciliophora; c__Intramacronucleata; o__Conthreep; f__Colpodea; g__Platyophrya; s__metagenome	0.9546974
f448ee69eada4f83d2351760ebea750e	d__Eukaryota; p__Cercozoa; c__Vampyrellidae; o__Vampyrellidae; f__Vampyrellidae; g__Vampyrellidae; s__Platyreta_germanica	0.999413101
50eefad9bb6317fd41734b5faf6bdda9	d__Eukaryota; p__Chytridiomycota; c__Chytridiomycetes; o__Spizellomycetales	0.999423554
ea442b0aa2c42d91a5ac258181083824	d__Eukaryota; p__Cercozoa; c__Imbricatea; o__Imbricatea; f__Euglyphida	0.999987078
ed22d96972adbcfa4bdeeb8c5fccf825	d__Eukaryota; p__Cercozoa	0.999464835
f07588a89075c1786cfada086d0a572a	d__Eukaryota; p__Ochrophyta; c__Xanthophyceae; o__Mischococcales; f__Mischococcales	0.956347074
874f72d606064d342996ef8ea02578d5	d__Eukaryota; p__Cercozoa; c__Glissomonadida; o__Glissomonadida; f__Glissomonadida; g__Allantion; s__Allapsa_vibrans	0.991563145
eb4990cf74240701cedd931efb1b1774	d__Eukaryota; p__SAR; c__Labyrinthulomycetes; o__Labyrinthulomycetes; f__Labyrinthulomycetes; g__Sorodiplophrys; s__metagenome	1
1597a8978e997ec5075b92d1b6799cd5	d__Eukaryota; p__Aphelidea; c__Aphelidea; o__Aphelidea; f__Aphelidea; g__uncultured; s__uncultured_fungus	0.887814012
1484c90f93de393fb8daecbb27415561	d__Eukaryota; p__Basidiomycota; c__Agaricomycetes; o__Boletales	0.905711538
0f42b26a3abb3d17e8c02b8105695063	d__Eukaryota; p__Cryptomycota; c__LKM11; o__LKM11; f__LKM11; g__LKM11	0.773756392
9403696599ec1330c6949832aa946e29	d__Eukaryota	0.998844141
a888ca4325059a402a5d08997a427223	d__Eukaryota	1
7380ff364c8dfb8d5f5e1070cec2e77f	d__Eukaryota; p__Vertebrata; c__Mammalia; o__Mammalia; f__Mammalia; g__Mammalia	0.958050724
634ad364fb9d6e5952004cdfad0d5503	d__Eukaryota	1
df7149e4793d661eae6a8e70d1213f4c	d__Eukaryota; p__Amoebozoa; c__Tubulinea; o__Echinamoebida; f__Echinamoebida; g__Echinamoebida; s__metagenome	0.981065829
80dc740fbec85ba440b5037c32b472ea	d__Eukaryota; p__Holozoa; c__Choanoflagellida; o__Codonosigidae; f__Codonosigidae; g__Monosiga; s__Monosiga_ovata	0.996856095
3bee35eadcafe7bad8d8cce3f37ba980	d__Eukaryota; p__Amoebozoa; c__Tubulinea; o__Tubulinea; f__Tubulinea; g__Tubulinea; s__Tubulinea_group	1
c1daee24cfa847298c90586ff764f4e8	d__Eukaryota; p__Cryptomycota; c__LKM11; o__LKM11; f__LKM11; g__LKM11; s__uncultured_eukaryote	0.999431166
e87b34147aee38c815cd99e946ff4706	d__Eukaryota; p__LKM15; c__LKM15; o__LKM15; f__LKM15; g__LKM15; s__uncultured_eukaryote	0.956384491
283690c031d26a2caf917e41673c569e	d__Eukaryota; p__Basidiomycota; c__Spiculogloeomycetes; o__Spiculogloeales; f__Spiculogloeaceae; g__Phyllozyma; s__Phyllozyma_dimmennae	0.998374617
8a87ae5aa3edd846a699a32bc57eeafe	d__Eukaryota; p__Zoopagomycota; c__Entomophthoromycetes; o__Entomophthorales; f__Ancylistaceae; g__Conidiobolus; s__Conidiobolus_brefeldianus	1
7b81a4ea3964fbb52cce9d9c5db78c33	d__Eukaryota; p__Cercozoa; c__Cercomonadidae; o__Cercomonadidae; f__Cercomonadidae	0.982217297
ef61629412c91767969d70069c661984	d__Eukaryota; p__Cercozoa; c__uncultured; o__uncultured; f__uncultured; g__uncultured; s__uncultured_Cercozoa	0.851411391
8495062bdee7a7a5895a3de0c31656d0	d__Eukaryota; p__Zoopagomycota; c__Incertae_Sedis; o__Harpellales; f__Legeriomycetaceae	0.71279221
e02be421f925dac3290fedadbe5e0b53	d__Eukaryota; p__SAR; c__Labyrinthulomycetes; o__Labyrinthulomycetes; f__Labyrinthulomycetes; g__Sorodiplophrys; s__metagenome	0.999992198
4b09c18358fb644687ee0f2b14f587dd	d__Eukaryota; p__Cnidaria	0.700516874
56a37684596e1175972705d093f28b05	d__Eukaryota; p__Cercozoa; c__uncultured; o__uncultured; f__uncultured; g__uncultured; s__metagenome	0.996888311
6e4cea6b9fafdc2b69913d1c29f96f0c	d__Eukaryota	0.999999999
2c280b3afcf2676758164597d6ba4c07	d__Eukaryota; p__Ascomycota; c__Dothideomycetes; o__Pleosporales; f__Incertae_Sedis	0.714142482
82ef3f0f77a993fbead588914fc83d9f	d__Eukaryota; p__Ascomycota; c__Pezizomycetes; o__Pezizales; f__Ascodesmidaceae; g__Cephaliophora	0.998100648
2e34c7cd6b53249e63b1d341940b91d0	d__Eukaryota; p__Ascomycota; c__Dothideomycetes	0.778978228
3a379f0af8248819c08bf80fe07aeecf	d__Eukaryota; p__Cercozoa; c__Thecofilosea; o__Thecofilosea; f__Thecofilosea; g__uncultured; s__metagenome	0.842616567
a5df96cfe41c1a4ac8b48a74d1b88117	d__Eukaryota; p__Ciliophora; c__Intramacronucleata; o__Conthreep; f__Colpodea; g__uncultured; s__metagenome	0.998778251
64c93cfeb80234c5c8de00b728613252	d__Eukaryota	0.999999998
7b61578d057c1fc225e036238119bc90	d__Eukaryota; p__Ciliophora; c__Intramacronucleata; o__Conthreep; f__Prostomatea; g__Cryptocaryon	0.99958736
52886300e9fcc8ff6362afae3b88289b	d__Eukaryota; p__Gracilipodida; c__Gracilipodida; o__Gracilipodida; f__Gracilipodida; g__Telaepolella; s__Telaepolella_sp.	0.986917074
fbda8bfd47dcb8fe9ed37f8311e628e2	d__Eukaryota	1
714ed0ab8f7629d4fcad1f0b3a23638d	d__Eukaryota	1
7196d9807e1bd95b65d4ff2a34a0c35a	d__Eukaryota; p__Apusomonadidae; c__Apusomonadidae; o__Apusomonadidae; f__Apusomonadidae; g__Apusomonas; s__Apusomonas_proboscidea	0.965648394
ba440459ac426284b01ed4335a184685	d__Eukaryota; p__Amoebozoa; c__Tubulinea; o__Leptomyxida; f__Leptomyxida	1
f2f549e30bbfcf0836a6e06a9069a88c	d__Eukaryota	0.998528635
01d76cc3105efee10b7803dd5e6e0f11	d__Eukaryota	1
b838942b4cccce47ab926d716bf1a353	d__Eukaryota; p__Euglenozoa; c__Kinetoplastea; o__Neobodonida; f__Neobodonida; g__Neobodo	0.999999404
8734da582d4ddf3c30c8885328d36658	d__Eukaryota	0.999990608
45f5c523b31ca304ef00c4a6277b9235	d__Eukaryota; p__Dinoflagellata	0.700387316
3de199fdf813044577b046715a9034c8	d__Eukaryota; p__Cercozoa; c__Incertae_Sedis; o__Incertae_Sedis; f__Incertae_Sedis; g__Gymnophrys; s__uncultured_freshwater	0.999942866
384d152f9f6bdeda6ec7f5f3b8ad38f7	d__Eukaryota	1
266c9b3be5ecf74bfd8713aa07a61bf2	d__Eukaryota; p__Cercozoa; c__Imbricatea; o__Imbricatea; f__Euglyphida	0.999920488
a80657f525a9a2059a22018757c9e901	d__Eukaryota	1
e55f13b96349a5f6e9d5957c1999b314	d__Eukaryota; p__Basidiomycota; c__Agaricomycetes; o__Agaricales	0.941813499
24c58003328f02a0ee04c956af2b303e	d__Eukaryota	1
fba0c7095cc01fb73aea800146796cda	d__Eukaryota; p__Basidiomycota; c__Agaricostilbomycetes; o__Agaricostilbales	0.876994234
4211f0f7f7e6a9ea081bbd7ece9cbfa8	d__Eukaryota; p__Ascomycota; c__Dothideomycetes; o__Pleosporales; f__Pleosporaceae	0.999536926
d90162478b1040eed5e48f932823554d	d__Eukaryota; p__Phragmoplastophyta	0.844326523
61584eac8a21c9908dd089e489d62604	d__Eukaryota; p__Chytridiomycota; c__Chytridiomycetes	0.703783461
9b5629c186457297811940f8f10647bf	d__Eukaryota; p__LKM15; c__LKM15; o__LKM15; f__LKM15; g__LKM15; s__uncultured_eukaryote	0.986439324
77755531af9816f72f0476bb16e49649	d__Eukaryota; p__Cryptomycota; c__Incertae_Sedis; o__Incertae_Sedis; f__Incertae_Sedis; g__Paramicrosporidium; s__uncultured_eukaryote	0.712385355
dd05553e4c4c34aef3dea875aa9bf51a	d__Eukaryota; p__Cercozoa; c__Vampyrellidae; o__Vampyrellidae; f__Vampyrellidae; g__Vampyrella; s__uncultured_eukaryote	0.998938265
1b9f807bedf6c17b5fd20c2ae5af0d21	d__Eukaryota; p__Ascomycota; c__Saccharomycetes; o__Saccharomycetales; f__Debaryomycetaceae; g__Yamadazyma-Candida_clade	0.956514323
fdafb0423f22c6e7a86ca211dc4431c9	d__Eukaryota	1
c390a63182ed25bb3106bef01d5224c5	d__Eukaryota; p__Ochrophyta; c__Chrysophyceae	0.999999933
2521af0cef5b7bd851eb4ae066966160	d__Eukaryota; p__Ochrophyta; c__Chrysophyceae; o__Chromulinales; f__Chromulinales; g__Poteriospumella; s__Spumella-like_flagellate	0.963396879
48cfc705b18191638f6d7d261864c4d0	d__Eukaryota; p__Basidiomycota; c__Agaricomycetes	0.894871203
8e279a223062ec35771cf2f92771793b	d__Eukaryota; p__Cryptomycota; c__LKM11; o__LKM11; f__LKM11; g__LKM11; s__uncultured_fungus	0.998774033
cbeb4f3c0adbada2a9d66d71ed76f3a8	d__Eukaryota; p__Cercozoa; c__Glissomonadida; o__Glissomonadida; f__Glissomonadida; g__Glissomonadida; s__metagenome	0.999989176
c39cae35152edcf64e5d49f377571471	d__Eukaryota; p__Holozoa; c__Ichthyosporea; o__Pseudoperkinsidae; f__Pseudoperkinsidae; g__Anurofeca	0.798960722
5ba4907cf1383aa4333048cf1f8ef5e4	d__Eukaryota; p__LKM15; c__LKM15; o__LKM15; f__LKM15; g__LKM15	0.999933863
e5a32680cad93c945a7c806d83a5bddb	d__Eukaryota	0.998863597
0492097eecd9e19e46bea46d423327d0	d__Eukaryota	1
d553a5fd33c8840192bda87d051bd831	d__Eukaryota	0.999999961
98e6c8f06803c09d733ca042f0aa8a5c	d__Eukaryota	1
c47a7d9a7246106183f22d1b3963689c	d__Eukaryota	1
80afcb39003689f085ec1044f948a55d	d__Eukaryota; p__Chytridiomycota; c__Chytridiomycetes; o__Spizellomycetales; f__Olpidiaceae; g__Olpidium; s__Olpidium_brassicae	0.86738693
45bd3279f2bb9388735fba5d9a7c3a6a	d__Eukaryota; p__Cercozoa; c__Glissomonadida; o__Glissomonadida; f__Glissomonadida	0.812540305
a8bcf43f0bc3ebb28bf762fc50c1b82a	d__Eukaryota; p__Gracilipodida; c__Gracilipodida; o__Gracilipodida; f__Gracilipodida; g__Telaepolella; s__Telaepolella_sp.	0.994060749
12dc97e9901bfcdb3c15c0403f5c1690	d__Eukaryota; p__Cercozoa; c__Imbricatea; o__Imbricatea; f__Thaumatomonadida	0.99974343
bcea96b67e558dd47239ea1fb673f608	d__Eukaryota; p__Aphelidea; c__Aphelidea; o__Aphelidea; f__Aphelidea; g__uncultured; s__uncultured_fungus	0.985072231
323b924b89289bb50149ccce4c90f0aa	d__Eukaryota; p__Cercozoa; c__Cercomonadidae; o__Cercomonadidae; f__Cercomonadidae; g__uncultured; s__metagenome	0.999999998
36ab1c84cf385efe04d95304dc6ed1bc	d__Eukaryota; p__SAR; c__Labyrinthulomycetes; o__Labyrinthulomycetes; f__Labyrinthulomycetes; g__Sorodiplophrys; s__Sorodiplophrys_stercorea	0.987035222
d21b3f2a3e01c404e6bd8644d7ea4d81	d__Eukaryota; p__SAR; c__Labyrinthulomycetes; o__Labyrinthulomycetes; f__Labyrinthulomycetes; g__Sorodiplophrys; s__Sorodiplophrys_stercorea	0.984212883
b043f816e397d8e721b48c446a8ad23c	d__Eukaryota; p__Gracilipodida; c__Gracilipodida; o__Gracilipodida; f__Gracilipodida; g__Telaepolella; s__Telaepolella_sp.	0.994567494
28af6767d19f0bee7ffaf9efb773c577	d__Eukaryota	0.999999996
749ea93c8171b42f1892adf38fde3ecd	d__Eukaryota	1
aa48614ed23da8f6870fbffa789a77df	d__Eukaryota; p__Amoebozoa; c__Tubulinea; o__Tubulinea; f__Tubulinea; g__Tubulinea; s__Tubulinea_group	0.999987002
b3394e30efce7a441848e45134686db2	d__Eukaryota	0.999999994
201a64f9f4d785e85edc34af30af399b	d__Eukaryota; p__Cercozoa; c__Cercozoa; o__Cercozoa; f__Cercozoa; g__Cercozoa; s__metagenome	0.999997533
484aab8991d9dcf997eaceb6b29ee734	d__Eukaryota; p__Amoebozoa; c__Discosea; o__Vannellida; f__Vannellida; g__Vannella	0.999984069
616fb74220ad89ee4d5d50d5fbc6a7af	d__Eukaryota; p__Cercozoa; c__Vampyrellidae; o__Vampyrellidae; f__Vampyrellidae; g__Vampyrellidae; s__Platyreta_germanica	0.99364314
26903e00ec7b7b867797caf43e12c379	d__Eukaryota; p__Basidiomycota; c__Agaricostilbomycetes; o__Agaricostilbales; f__Kondoaceae; g__Kondoa	0.999999882
4278f871f367454aaa7510d2e2ab3c0c	d__Eukaryota	1
5d4833942f9ff8bfacefc37308f2d3c4	d__Eukaryota	1
f04cc76d3552b9abf7dafeec87921d61	d__Eukaryota; p__MAST-12; c__MAST-12C; o__MAST-12C; f__MAST-12C; g__MAST-12C	0.9999312
1a711ab9a78a1e5007f2139b1b3d05f2	d__Eukaryota	1
77115e94eda5bde428359a4afb075e63	d__Eukaryota	1
313bc2c2ce5c0443d8760b0bb099f65e	d__Eukaryota; p__Cercozoa; c__Imbricatea; o__Imbricatea; f__Euglyphida	0.729826984
56f90e0d501579a58b344fa7b46408b9	d__Eukaryota; p__Cercozoa; c__Imbricatea; o__Imbricatea; f__Euglyphida	0.956406874
a993f903cf4702b1869ee19a866e8df7	d__Eukaryota; p__Cercozoa; c__Glissomonadida; o__Glissomonadida; f__Glissomonadida	0.990794683
18fc728001b765c89e97041192b7fef3	d__Eukaryota; p__Nematozoa; c__Enoplea	0.773167469
4ff3e42b720be577fd4a80978d3a6aba	d__Eukaryota; p__Ascomycota; c__Leotiomycetes; o__Helotiales; f__Incertae_Sedis; g__Tetracladium; s__Helotiales_sp.	0.979343666
59bec84c502c92dc592a61233697ee3a	d__Eukaryota; p__Holozoa; c__Ichthyosporea; o__Ichthyophonidae; f__Ichthyophonidae; g__Ichthyophonidae; s__Amoebidium_parasiticum	0.904082377
197cfd4d016ed7753b07ec3b7f6468cf	d__Eukaryota; p__Cercozoa; c__uncultured; o__uncultured; f__uncultured; g__uncultured	0.735749504
2ca2ba7ff9c70f58a4c4e20e51266bbd	d__Eukaryota; p__Ascomycota; c__Dothideomycetes; o__Pleosporales; f__Pleosporales	0.818078541
055e95d5eea4e71f99ad55d8e9c70bb7	d__Eukaryota; p__Cercozoa; c__Glissomonadida; o__Glissomonadida; f__Glissomonadida; g__Glissomonadida; s__metagenome	0.936727005
942d93ff4f366f441fc0883412bd5ea7	d__Eukaryota; p__Ciliophora; c__Intramacronucleata; o__Conthreep; f__Colpodea	0.999768817
6ebd4fcdc00ac65aee2fb8dccc2c59eb	d__Eukaryota; p__Ochrophyta; c__Chrysophyceae	0.999997348
cc1258ec63257233a8065671a95fa349	d__Eukaryota; p__SAR; c__Labyrinthulomycetes; o__Labyrinthulomycetes; f__Labyrinthulomycetes; g__Sorodiplophrys; s__metagenome	0.999512605
98e40455f739cd97dc0cd4fad11a81fc	d__Eukaryota; p__Apicomplexa; c__Conoidasida; o__Gregarinasina; f__Eugregarinorida; g__Eugregarinorida; s__Apicomplexa_sp.	0.999996173
3c45105596abeaf5359ded3a5371e66c	d__Eukaryota; p__Cercozoa	0.999978821
8d311f23b5ea7df2d2182555e7f3a515	d__Eukaryota; p__Mucoromycota; c__Incertae_Sedis; o__Endogonales; f__Endogonaceae; g__Endogone	0.804116284
619c67994f4983b9b2a818553d438b8c	d__Eukaryota; p__Apicomplexa; c__Conoidasida; o__Gregarinasina; f__Eugregarinorida; g__uncultured; s__uncultured_alveolate	0.994901397
59679e1e866f8b17938e49373ea35d3d	d__Eukaryota; p__Chlorophyta; c__Chlorophyceae; o__Chlorophyceae; f__Chlorophyceae; g__Chlorophyceae	0.96380094
c88c2af0fff6fea0e4e6be725d36c02d	d__Eukaryota; p__Amoebozoa; c__Discosea; o__Dactylopodida; f__Dactylopodida; g__Dactylopodida; s__Tubulinea_group	0.999959162
39a83ce10fd275d78dd58d433a568ca2	d__Eukaryota	1
0e1d2583ef46d7d1dffa1148fae764f0	d__Eukaryota; p__Amoebozoa; c__Amoebozoa; o__Amoebozoa; f__Amoebozoa; g__Amoebozoa; s__metagenome	0.999996102
37d8637a939c3731ac508822b859cf3c	d__Eukaryota	1
6eecc3d7b108a760a1b0e289244f2fe2	d__Eukaryota; p__Cercozoa; c__Imbricatea	0.776677347
15a7426086c74cec16a1a353e1cc2ab4	d__Eukaryota; p__Amoebozoa; c__Discosea; o__Centramoebida; f__Centramoebida; g__Centramoebida; s__uncultured_eukaryote	0.859982089
5634f2e35f97d75554bac22a01608abc	d__Eukaryota; p__Amoebozoa; c__Discosea; o__Dactylopodida; f__Dactylopodida; g__Dactylopodida; s__Tubulinea_group	1
6e22632edbd384432592ddfc69118ec7	d__Eukaryota; p__Blastocladiomycota; c__Blastocladiomycetes; o__Blastocladiales; f__Blastocladiales; g__Blastocladiales; s__uncultured_fungus	0.999999999
f89e9db408574024fbf0642b8a3fd9f9	d__Eukaryota; p__Protalveolata	0.94274706
8871b87cfd87f753a071df02f08505fd	d__Eukaryota; p__Cercozoa; c__Vampyrellidae; o__Vampyrellidae; f__Vampyrellidae; g__Vampyrella; s__uncultured_eukaryote	0.88493842
fbfdf598493d89d5f24aedee42e65d30	d__Eukaryota; p__Amoebozoa; c__Tubulinea; o__Tubulinea; f__Tubulinea; g__Tubulinea; s__Tubulinea_group	0.99999926
882ede77bd98e8e3ded4f4220bc395dc	d__Eukaryota; p__SAR; c__Labyrinthulomycetes; o__Labyrinthulomycetes; f__Labyrinthulomycetes; g__Sorodiplophrys; s__metagenome	0.904347572
6f5c833161b0a5ccf61ab11889be3d98	d__Eukaryota; p__Holozoa; c__Ichthyosporea; o__Rhinosporideacae; f__Rhinosporideacae; g__Rhinosporideacae	0.75430564
0d987d766e4762757d89bcb8ed24e622	d__Eukaryota	1
0ef9fa676e65c9d39c2b8d60428cfe82	d__Eukaryota; p__Peronosporomycetes; c__Peronosporomycetes; o__Peronosporomycetes; f__Peronosporomycetes	0.997679626
866f196a1fde06a010cb01f1136ceae9	d__Eukaryota; p__Mucoromycota; c__Incertae_Sedis; o__Mucorales; f__Cunninghamellaceae; g__Gongronella; s__Rhizopus_sp.	0.82887375
52a8ccc69735528240cc67b7545a7a49	d__Eukaryota; p__Cercozoa; c__Glissomonadida; o__Glissomonadida; f__Glissomonadida; g__Allantion; s__Allapsa_vibrans	0.997649652
3249d9f840197c5c2839980b18f159f0	d__Eukaryota	1
5383474452f04262adfb3936cc43d766	d__Eukaryota; p__Chlorophyta; c__Chlorophyceae; o__Chlorophyceae; f__Chlorophyceae; g__Chlorophyceae; s__Bracteacoccus_xerophilus	0.999793899
9adc7cd1618f98674987e0cb71ad9b33	d__Eukaryota; p__Cercozoa; c__Cercomonadidae; o__Cercomonadidae; f__Cercomonadidae; g__Cercomonas; s__metagenome	0.881337669
23d58837dae82a467dfa8bc70e36c586	d__Eukaryota; p__Holozoa; c__Ichthyosporea; o__Ichthyophonidae; f__Ichthyophonidae; g__Ichthyophonus; s__Ichthyophonus_irregularis	0.788477434
99b7f01a6f27b361d61f778de81d88d0	d__Eukaryota; p__Amoebozoa; c__Tubulinea; o__Arcellinida; f__Arcellinida; g__Arcellinida; s__metagenome	0.999999598
3fa2604c0e50f10fc09d8a12763de631	d__Eukaryota; p__Protalveolata	0.837167387
7dcdac7e43e5cca30ed8a7d3b6090289	d__Eukaryota; p__Basidiomycota; c__Tremellomycetes; o__Filobasidiales	0.88800402
783840579bbdaf544280f9ae2c8a7986	d__Eukaryota; p__Cercozoa; c__Imbricatea; o__Spongomonadida; f__Spongomonadida; g__Spongomonas; s__Spongomonas_minima	0.999836739
8ea2fd90d4bd7cd206b69451e064ab7a	d__Eukaryota; p__Cercozoa	0.999969388
82ce4af87aba4b4128ca4eeca61d3451	d__Eukaryota; p__Mucoromycota; c__Glomeromycetes; o__Paraglomerales; f__Paraglomeraceae; g__Paraglomus; s__Paraglomus_occultum	0.999999883
cf135fd6e3b3581b5b29ead44bc8d86e	d__Eukaryota; p__Cercozoa; c__Glissomonadida; o__Glissomonadida; f__Glissomonadida	0.978703545
f6669dc61a0ef73765e23620a997110f	d__Eukaryota; p__Cercozoa; c__Glissomonadida; o__Glissomonadida; f__Glissomonadida; g__Glissomonadida; s__metagenome	0.796193392
93c6924094defa3c97dc01f63212c96e	d__Eukaryota; p__Peronosporomycetes; c__Peronosporomycetes; o__Peronosporomycetes; f__Peronosporomycetes; g__Peronosporomycetes	0.763702561
dfa539ce4e9cc77f118f644ab1e8cb43	d__Eukaryota; p__Ciliophora; c__Intramacronucleata; o__Conthreep; f__Oligohymenophorea; g__Protocyclidium; s__metagenome	0.813811614
f3144b7751e27e66e5ad2dedfc30dad2	d__Eukaryota; p__Mucoromycota; c__Glomeromycetes; o__Diversisporales; f__Diversisporaceae; g__Diversispora; s__Diversispora_eburnea	0.999970441
78137a8cc2596c7dd777704c059d37ae	d__Eukaryota; p__Chytridiomycota; c__Chytridiomycetes; o__Lobulomycetales; f__Lobulomycetaceae	0.937220877
e7b118acc31e0468977fb95ce9071687	d__Eukaryota; p__Mucoromycota; c__Incertae_Sedis; o__Mortierellales; f__Mortierellales; g__Mortierellales; s__uncultured_fungus	0.999999968
64e9db09652d6aa6f057baf7b3ecb7a7	d__Eukaryota; p__Ascomycota; c__Saccharomycetes; o__Saccharomycetales	0.729441793
8c3f9c681aa76bca1846bfe6f08452bc	d__Eukaryota; p__Chlorophyta; c__Chlorophyceae; o__Chlorophyceae; f__Chlorophyceae; g__Chlorophyceae; s__Chlamydomonas_moewusii	0.999995313
4f1e395dd7db70fef6b483c3b6613dd3	d__Eukaryota; p__Aphelidea; c__Aphelidea; o__Aphelidea; f__Aphelidea; g__Aphelidea; s__Amoeboaphelidium_protococcarum	0.800303916
c295a936a92e8821668a0c5a31263558	d__Eukaryota; p__SAR; c__Labyrinthulomycetes; o__Labyrinthulomycetes; f__Labyrinthulomycetes; g__Sorodiplophrys	0.999997794
831dc58e5a99f60faa053c389cb13b62	d__Eukaryota; p__Cercozoa; c__Imbricatea; o__Imbricatea; f__Euglyphida	0.989519947
dc517d77e27f1c963b95d1db4bbdf2c5	d__Eukaryota; p__Bicosoecida; c__Bicosoecida; o__Bicosoecida; f__Bicosoecida; g__Bicosoecida; s__Adriamonas_peritocrescens	0.98022203
0268553f50715a5dd2367096ea795dc0	d__Eukaryota; p__SAR; c__Labyrinthulomycetes; o__Labyrinthulomycetes; f__Labyrinthulomycetes; g__Sorodiplophrys; s__metagenome	0.999967672
9d04719b97b4586a5759fb955ccebf87	d__Eukaryota; p__Cercozoa; c__Cercozoa; o__Cercozoa; f__Cercozoa; g__Cercozoa; s__metagenome	0.999999674
b9e33568243dfff8561fefd5132cb0e9	d__Eukaryota; p__Amoebozoa; c__Discosea; o__Dactylopodida; f__Dactylopodida; g__Dactylopodida; s__Tubulinea_group	0.999999993
a7a134c463ed2829338a6bae98e3bfa1	d__Eukaryota; p__Cercozoa; c__Vampyrellidae; o__Vampyrellidae; f__Vampyrellidae; g__Vampyrella; s__uncultured_eukaryote	0.982795455
84413194ec7ec3c952b0f98cbada51e8	d__Eukaryota	1
c38ec68487d90409678228b4a46c48cc	d__Eukaryota; p__LKM15; c__LKM15; o__LKM15; f__LKM15; g__LKM15	0.804583097
8b34d2b2961f1269964c0f5f6be77ca0	d__Eukaryota; p__uncultured; c__uncultured; o__uncultured; f__uncultured; g__uncultured; s__uncultured_fungus	0.733434116
dc988ffd909d4c9d3e5fa4067e47e4f6	d__Eukaryota	1
46f34bbdedfd0446cbbbaeeb14d3b17d	d__Eukaryota; p__Cercozoa; c__Phytomyxea; o__Phytomyxea; f__Phytomyxea; g__uncultured; s__Spongospora_subterranea	0.964822004
d3f10d7313f01e15561786f43a72cd64	d__Eukaryota	0.9999911
8415b3763a4d5fc27755ab99f35de42c	d__Eukaryota; p__Cercozoa; c__Imbricatea; o__Imbricatea; f__Euglyphida	0.999936175
3f2c2cafe3848e8c770436308ccdfbb3	d__Eukaryota; p__Protosporangiida; c__Protosporangiidae; o__Protosporangiidae; f__Protosporangiidae; g__Protosporangium; s__Endostelium_crystalliferum	0.999998557
436e180cdd841ec6fee6e7428505485a	d__Eukaryota; p__Cercozoa; c__Imbricatea; o__Imbricatea; f__Euglyphida	0.994128833
522d739860f17c3a2df4e62108d12718	d__Eukaryota	1
f4c22a8e347b49494b4286e40f1f5538	d__Eukaryota	1
3446ca2c0fb2901a99dd4921cf440576	d__Eukaryota; p__Basidiomycota; c__Agaricomycetes	0.978738324
1727c13b3494e317781adc6402a35eed	d__Eukaryota	1
0bb9ea51923342db9cb41fbac14b5f65	d__Eukaryota	0.999999052
736279f98650ea02e9d948b74f8a998b	d__Eukaryota; p__Nematozoa; c__Enoplea	0.998126828
e1608e5abfa8d51c6864ffb567cb7187	d__Eukaryota	1
1c52ea211a057206bdfc96dd966c2af8	d__Eukaryota	1
ddd011559d2422facbea221ad9354275	d__Eukaryota; p__Bicosoecida; c__uncultured; o__uncultured; f__uncultured; g__uncultured; s__uncultured_eukaryote	0.999999994
e2fc3887aa19c50032ddcc9fe9396e48	d__Eukaryota; p__Amoebozoa; c__Tubulinea; o__Leptomyxida; f__Leptomyxida; g__Flabellula; s__metagenome	0.999998354
a137648ecc2c08ec0bb90119ac83ebe2	d__Eukaryota; p__Gracilipodida; c__LEMD267; o__LEMD267; f__LEMD267; g__LEMD267; s__metagenome	0.98720626
4de7a790ad91de02699ec0ab321eafd9	d__Eukaryota	1
a0ff8d22fe4f838fc19248ef0ae0bf82	d__Eukaryota	1
7c4de06d4af115d283c15b7725b3e85e	d__Eukaryota; p__Ascomycota; c__Leotiomycetes; o__Helotiales; f__Sclerotiniaceae; g__Sclerotinia; s__Sclerotinia_sclerotiorum	0.959867367
73af0bf67e8e580a51c65e9a700a0731	d__Eukaryota; p__Cercozoa; c__Imbricatea; o__Imbricatea; f__Euglyphida; g__Tracheleuglypha; s__Tracheleuglypha_dentata	1
b1344e5b8b15e3845cdd4705f7572c7b	d__Eukaryota; p__Basidiomycota; c__Agaricomycetes; o__Agaricales	0.808847629
28522f0f29aaaa5eb8d2e663c7ce2284	d__Eukaryota; p__Cercozoa; c__Glissomonadida; o__Glissomonadida; f__Glissomonadida	0.988714852
db4829ad14cddd5e676800c7b315ea80	d__Eukaryota	1
f5a235cd8086343430928218272b5099	d__Eukaryota	1
6041425a07158ef51c41c92edd302c51	d__Eukaryota	0.999999829
27a24476c1e6a392c6f91d6bb41f7ab4	d__Eukaryota; p__Cryptomycota; c__LKM11; o__LKM11; f__LKM11; g__LKM11; s__uncultured_fungus	0.991815779
e97d8f3d8369a65d3d8be660dc6591e4	d__Eukaryota; p__Holozoa; c__Ichthyosporea	0.709030216
067ebae3b4bd2d6dc0e89382a37d57c2	d__Eukaryota; p__Phragmoplastophyta; c__Embryophyta; o__Polypodiales; f__Polypodiales; g__Adiantum; s__Adiantum_raddianum	0.960545968
8d13f898e13d561754aaaa5035e1ec18	d__Eukaryota; p__Cercozoa; c__Novel_Clade_Gran-3; o__Novel_Clade_Gran-3; f__Novel_Clade_Gran-3; g__Novel_Clade_Gran-3; s__uncultured_freshwater	0.999987464
16dd1cff220d78d30d6fdc81789501e3	d__Eukaryota; p__LKM15; c__LKM15; o__LKM15; f__LKM15; g__LKM15	0.999904054
f644bfabc8a477155d59e540a62dfb94	d__Eukaryota; p__Chytridiomycota; c__Chytridiomycetes; o__Rhizophydiales; f__uncultured; g__uncultured; s__uncultured_Chytridiomycota	0.925637712
a5a85c5a5db9aed0aebff29b3102f32c	d__Eukaryota; p__Basidiomycota; c__Tremellomycetes; o__Tremellales; f__Bulleribasidiaceae; g__Vishniacozyma; s__Vishniacozyma_dimennae	0.875662076
27ae2871a71cb324f729dc03f4b67ea3	d__Eukaryota; p__Cercozoa	0.998713849
2676992f5ba4c46e2e6a3f1c50515ea5	d__Eukaryota; p__Ascomycota; c__Sordariomycetes	0.999655393
42ee67a7d5c0040f0e375a6b5106eb9a	d__Eukaryota; p__Cercozoa; c__uncultured; o__uncultured; f__uncultured; g__uncultured; s__metagenome	0.999999561
4f1743e4a8d47316c5d5bc5bfcfd455a	d__Eukaryota; p__Apicomplexa; c__Conoidasida; o__Gregarinasina; f__Eugregarinorida; g__uncultured; s__uncultured_alveolate	0.998959137
0ce7c1d2f54796bcbc4f750767b56a0a	d__Eukaryota; p__Peronosporomycetes; c__Peronosporomycetes; o__Peronosporomycetes; f__Peronosporomycetes	0.999293402
f27848a8dcd94003f7a14a5dd539b012	d__Eukaryota; p__Ochrophyta; c__Xanthophyceae	0.998629613
2e6b4b9209e2e70dd60175d4eac0e59b	d__Eukaryota; p__Basidiomycota; c__Agaricomycetes; o__Agaricales; f__Marasmiaceae; g__Marasmiaceae; s__uncultured_fungus	0.925845615
7855129b863886c52fa1c565fad31178	d__Eukaryota	0.997880684
ab807f7a5030abcafb115da6c0d1d4fa	d__Eukaryota	0.998457322
88fab26fc3d93b12e57f74ed4ace0240	d__Eukaryota	0.99856485
33393d57e2b810be5e904ac05e67b7c5	d__Eukaryota; p__Mucoromycota; c__Incertae_Sedis; o__Mortierellales; f__Mortierellaceae; g__Mortierella	0.998305408
eae6ceb9d59410d7308e9deacc4c3dae	d__Eukaryota; p__Ochrophyta; c__Xanthophyceae; o__Tribonematales; f__Tribonematales	0.893532459
6c069bb0be8bacf1965aec41f5972ba0	d__Eukaryota	0.998691821
5bb556375b235791852ed7af3dfc4a08	d__Eukaryota; p__Phragmoplastophyta; c__Embryophyta	0.985569159
f8b39a2d6f66c3ecc96e7a690fe2252a	d__Eukaryota	0.99832763
bf8afd8b7236686e7f58aef68e0ced2d	d__Eukaryota	0.999999993
a858849be05713b2cdd38ecf52885c3e	d__Eukaryota; p__Cavosteliida; c__Cavosteliida; o__Cavosteliida; f__Cavosteliida; g__Cavosteliida; s__Schizoplasmodiopsis_pseudoendospora	0.940138919
cc666202353249e31740c09595c80482	d__Eukaryota	0.999999999
29d8cacf7c1f3a6c32fc878a14c3047f	d__Eukaryota	0.999999869
2f56e982081a3c33adadf5b424b46683	d__Eukaryota; p__Microsporidia; c__Microsporidia; o__Microsporidia; f__Microsporidia; g__Microsporidia	0.996883289
f42d0f4565857a8ad507f432d3402077	d__Eukaryota; p__Incertae_Sedis; c__Incertae_Sedis; o__Incertae_Sedis; f__Incertae_Sedis; g__Incertae_Sedis; s__uncultured_eukaryote	0.999977475
711aea13282d479c572348eac2dd04ac	d__Eukaryota; p__Cercozoa	0.784182952
edaf992f52c9930648377a2be468f035	d__Eukaryota; p__Cercozoa; c__Imbricatea; o__Imbricatea; f__Euglyphida; g__Trinema	0.823623639
03da6949461a1da7a925b8916add2cb0	d__Eukaryota; p__Cercozoa; c__Glissomonadida; o__Glissomonadida; f__Glissomonadida; g__Allantion; s__Allapsa_vibrans	0.99358386
d0744307c7b866bb2dd2c1a80e14dd83	d__Eukaryota; p__Amoebozoa; c__Amoebozoa; o__Amoebozoa; f__Amoebozoa; g__Amoebozoa; s__metagenome	0.854544604
1319494a826fb9cc0e0b1d468dd7e7dc	d__Eukaryota; p__Chytridiomycota; c__Chytridiomycetes; o__Spizellomycetales; f__Powellomycetaceae; g__Powellomycetaceae; s__Powellomyces_sp.	0.796027403
a0c41b0be45f8fd4c1b625fcb8bee2cb	d__Eukaryota; p__Cercozoa; c__Cercomonadidae; o__Cercomonadidae; f__Cercomonadidae; g__Cercomonadidae; s__metagenome	0.851051083
9eb0a117e71ae75ec2026e6add612674	d__Eukaryota	1
acbccc2407e8cd9b342d45f9ab8ebad1	d__Eukaryota; p__Chlorophyta; c__Trebouxiophyceae; o__Trebouxiophyceae; f__Trebouxiophyceae; g__Trebouxiophyceae; s__Asterochloris_erici	0.999999982
d423ed53bc863a54c214f27787e503bc	d__Eukaryota; p__Chlorophyta	0.969899266
00560c7a5d154633428478a218fb867f	d__Eukaryota; p__Amoebozoa; c__Discosea; o__Dactylopodida; f__Dactylopodida; g__Dactylopodida; s__Tubulinea_group	0.99999999
de58c7daf20747ec8e14b79071bf9a54	d__Eukaryota; p__Cavosteliida; c__Cavosteliida; o__Cavosteliida; f__Cavosteliida; g__Cavosteliida; s__Schizoplasmodiopsis_pseudoendospora	0.999677747
af4666ceb3ebb3af0596796060577e7c	d__Eukaryota	0.999999996
0e508e3504b4caa08f0e652b9d1e6f5e	d__Eukaryota	0.999999999
fa15fb7bf5f9b03d1b89fc5a65c5e621	d__Eukaryota	0.999275288
8c83463f502856f8067a274eb59a57de	d__Eukaryota	1
7039dcb1740af80c660667ad1cf83e96	d__Eukaryota; p__Rotifera; c__Bdelloidea; o__Adinetida; f__Adinetida; g__Adinetida	0.992542833
3046888ae1be6eac8aa61fc38a50370e	d__Eukaryota	1
dd48871c1d5d8ec307f4a4b6100c3821	d__Eukaryota; p__Amoebozoa; c__Tubulinea; o__Echinamoebida; f__Echinamoebida; g__Echinamoebida; s__metagenome	0.999961377
b608177ae620268deec02a1c31fbba7a	d__Eukaryota	1
8a098887de25ccb3dce2a3b929d96db6	d__Eukaryota	1
1334746a485a2af8665d208e3184014b	d__Eukaryota	1
cea2db9491c703b4437fe8fc558a817c	d__Eukaryota; p__Bicosoecida; c__Bicosoecida; o__Bicosoecida; f__Bicosoecida; g__Bicosoecida	0.808070451
d7e835b8e2eb392966c2d2f09ef2d721	d__Eukaryota; p__Cercozoa; c__Vampyrellidae; o__Vampyrellidae; f__Vampyrellidae; g__Vampyrella; s__uncultured_eukaryote	0.928910011
524143091f370ff50f8ee7d872e287aa	d__Eukaryota	1
aca812efca6bc649aa2c0fce75bf1554	d__Eukaryota; p__Cercozoa	0.994267293
2a6b015dc586f9ec5435b88c30a53a63	d__Eukaryota; p__Cercozoa; c__Vampyrellidae; o__Vampyrellidae; f__Vampyrellidae; g__Vampyrella; s__uncultured_eukaryote	0.978859944
0ad36e46ee60319c9c5c022e61685fe3	d__Eukaryota	0.999999642
100c9aa73de3de1304e491d7dfdbb5d3	d__Eukaryota; p__Cercozoa; c__uncultured; o__uncultured; f__uncultured; g__uncultured; s__uncultured_eukaryote	0.706703549
0a633e976ba8d0262cbcdc3c396fa310	d__Eukaryota; p__Apicomplexa; c__Conoidasida; o__Gregarinasina; f__Eugregarinorida	0.999813508
bbb8ecf079354aea61c6165a1c4b1bc0	d__Eukaryota; p__Cercozoa	0.97878868
e86d8ead748a5dfae4e365156b127f8d	d__Eukaryota	1
b381b5d081aea4ae707283fc86fef7e0	d__Eukaryota; p__Peronosporomycetes; c__Peronosporomycetes; o__Peronosporomycetes; f__Peronosporomycetes	0.999443508
d4c032cfdf13e02c86fc863773322930	d__Eukaryota; p__Ciliophora; c__Intramacronucleata; o__Conthreep; f__Prostomatea; g__Cryptocaryon; s__metagenome	0.998552714
bb4d010fc5c13abe4fe9747ae20bde35	d__Eukaryota; p__Cercozoa; c__Thecofilosea; o__Thecofilosea; f__Thecofilosea; g__uncultured; s__metagenome	0.995757884
0ca80eda54757ec531ad9d0e5e07eda8	d__Eukaryota; p__Apicomplexa; c__Conoidasida; o__Cryptosporida; f__Cryptosporida; g__Cryptosporidium	0.957755864
f9124df51681c16e66943e1b5e262ce8	d__Eukaryota; p__Cercozoa; c__Glissomonadida; o__Glissomonadida; f__Glissomonadida; g__Glissomonadida; s__metagenome	0.893229646
b252f295c0e218faeccc71ab80b3952a	d__Eukaryota; p__Zoopagomycota; c__Incertae_Sedis; o__Zoopagales; f__Zoopagales; g__Acaulopage; s__Acaulopage_dichotoma	0.999999901
9cfcac88ec1bdeed029b0b5422ceecf1	d__Eukaryota; p__Ochrophyta; c__Chrysophyceae; o__uncultured; f__uncultured; g__uncultured; s__metagenome	0.781197958
b7445db9589b49190de6408b79a8879b	d__Eukaryota; p__Basidiomycota; c__Tremellomycetes; o__Tremellales; f__Bulleribasidiaceae; g__Vishniacozyma; s__Vishniacozyma_dimennae	0.921550556
af73d083fc7515e5d1a9e29854364ead	d__Eukaryota; p__Apicomplexa; c__Conoidasida; o__Cryptosporida; f__Cryptosporida; g__Cryptosporidium; s__Colpodella_tetrahymenae	0.999696441
9593ab08563b610e419a15b03e931ecd	d__Eukaryota; p__Cercozoa; c__Cercomonadidae; o__Cercomonadidae; f__Cercomonadidae; g__Paracercomonas	0.782920661
8edaf67058b0428fab0be149dba37b59	d__Eukaryota; p__Chytridiomycota; c__Chytridiomycetes; o__Spizellomycetales; f__Spizellomycetaceae	0.781749995
59587d8de8337fd2e1bbb431effb30b6	d__Eukaryota	1
db58407efc954f3f5ff567429e3633be	d__Eukaryota; p__Apicomplexa; c__Conoidasida; o__Gregarinasina; f__Eugregarinorida; g__uncultured; s__uncultured_alveolate	0.738392054
20e549f0f0279ae5c46ab33bd2e8a9a5	d__Eukaryota	1
a6b3d5f67e34c7d366eeaa9f6245c0e5	d__Eukaryota; p__Amoebozoa; c__Tubulinea; o__Euamoebida; f__Euamoebida; g__Euamoebida; s__metagenome	0.978761965
1272d08958aeb791ed393dc80a8318a0	d__Eukaryota	0.998397606
491cc7f7c4ff0c7e97f00a2a90678a62	d__Eukaryota	1
9857e705fafde0a0a9d45bb7abf2ebdf	d__Eukaryota; p__Amoebozoa; c__Discosea; o__Centramoebida; f__Centramoebida; g__Centramoebida; s__uncultured_eukaryote	0.743634476
0adaeaaeafb152459cda091e69db9750	d__Eukaryota; p__Ochrophyta; c__Chrysomerophyceae; o__Chrysomerophyceae; f__Chrysomerophyceae; g__Chrysomerophyceae; s__Antarctosaccion_applanatum	0.716812009
113109d8dfc9994394dee44133374b27	d__Eukaryota	1
aed5ec1dccc7fcc9efa59b66b5f35964	d__Eukaryota; p__Cercozoa; c__uncultured; o__uncultured; f__uncultured; g__uncultured; s__Dimorpha-like_sp.	0.999979685
45c56263ce63b6c1a1a5ac95d14eb8e6	d__Eukaryota	1
a23360f7580e6aa535a534c72176dae3	d__Eukaryota; p__Ascomycota	0.722239956
4df3daae0a83e3e633b1ccefaf3e63c3	d__Eukaryota; p__Cercozoa; c__Cercomonadidae; o__Cercomonadidae; f__Cercomonadidae; g__uncultured; s__metagenome	0.999724413
3a302b136030866bda2b0ed3ee0c8b25	d__Eukaryota; p__Cercozoa; c__Incertae_Sedis; o__Incertae_Sedis; f__Incertae_Sedis; g__Gymnophrys	0.822433222
faa75546b9c2862830828de4e5c9c9f9	d__Eukaryota; p__Heterolobosea; c__Tetramitia; o__Tetramitia; f__Tetramitia; g__Vahlkampfia; s__Vahlkampfia_avara	0.999969595
aced9f8b84cdfe60c52d2ea3503b9fb9	d__Eukaryota; p__Chytridiomycota; c__Chytridiomycetes; o__Gromochytriales; f__Gromochytriaceae; g__uncultured; s__uncultured_Chytridiomycota	0.728993942
7912a1fb535637e7fa373b2e428cf364	d__Eukaryota; p__Ascomycota; c__Saccharomycetes; o__Saccharomycetales; f__Debaryomycetaceae	0.90543833
04f25fb1daf2b8f526d711976255e451	d__Eukaryota; p__Cercozoa	0.953746384
65c67f499bb9f9ece6747be388d93224	d__Eukaryota; p__Mucoromycota; c__Incertae_Sedis	0.758357846
b4f1ccf23d61acab70047440ad0e831a	d__Eukaryota; p__Amoebozoa; c__Tubulinea; o__Tubulinea; f__Tubulinea; g__Tubulinea; s__Tubulinea_group	0.999965899
f9190938b64e46b5b549e851fb04b01a	d__Eukaryota; p__Amoebozoa; c__Tubulinea; o__Tubulinea; f__Tubulinea; g__Tubulinea; s__Tubulinea_group	0.999984228
cf41ff5fc272bd157cde6a653a2e9077	d__Eukaryota; p__Nematozoa; c__Chromadorea; o__Rhabditida; f__Rhabditida; g__Rhabditida	0.999950726
f84401d3cca7353ea0f92b307f0bfbd2	d__Eukaryota	1
a4eb70cdbbdf5ebe9489cff4d80c2305	d__Eukaryota; p__Cavosteliida; c__Cavosteliida; o__Cavosteliida; f__Cavosteliida; g__Cavosteliida; s__Gephyramoeba_sp.	0.986218477
d8b976adbd29d26b3d2910e8d3951b38	d__Eukaryota	1
577e91a176cfd011446274da25f0f817	d__Eukaryota; p__Chytridiomycota; c__Chytridiomycetes	0.993715688
29f778bbdffdfa4835ba596c46c5fdb1	d__Eukaryota	0.999999999
906a8cd61cc877e5560c1b610b83c143	d__Eukaryota; p__Amoebozoa; c__Discosea; o__Vannellida; f__Vannellida; g__uncultured; s__Vannella_sp.	0.989245669
880169d6bbb538af9c367d493be1cea1	d__Eukaryota; p__Basidiomycota	0.756336658
b0a4ad65d927c33732681ba03f88f9dd	d__Eukaryota; p__Cercozoa; c__Glissomonadida; o__Glissomonadida; f__Glissomonadida; g__Allantion; s__Allapsa_vibrans	0.999209685
396987c724fddf8916486adc1b7b960c	d__Eukaryota	1
7814c416e7ebf6b67ac2f34a59ac63db	d__Eukaryota; p__Bicosoecida; c__Bicosoecida; o__Bicosoecida; f__Bicosoecida; g__Paramonas; s__Paramonas_globosa	0.88344474
8756fc1a06eb9322d5d6405ff5ce4ae3	d__Eukaryota; p__Zoopagomycota; c__Entomophthoromycetes; o__Entomophthorales; f__Ancylistaceae; g__Conidiobolus; s__Conidiobolus_brefeldianus	0.999999999
39578c2f6ef60d8eb6facee577334435	d__Eukaryota; p__Cercozoa; c__Imbricatea; o__Imbricatea; f__Thaumatomonadida; g__Gyromitus; s__metagenome	0.999426543
3cb1fc944e38d8a65ed6ab5bacdb0373	d__Eukaryota; p__Ascomycota; c__Eurotiomycetes; o__Eurotiales	0.961536268
583cc199abd201a59fb5704ccb6d54f0	d__Eukaryota	1
eb428603b19438d3bf1579b6cf9ba00d	d__Eukaryota; p__Ciliophora; c__Intramacronucleata; o__Spirotrichea; f__Hypotrichia	0.767324853
74d95bb2856c3ee483c7f78b85739124	d__Eukaryota	1
cab0fe35095813ee32419bf273cc0ff7	d__Eukaryota	1
1d25350c991a0dcc52ab252ace1f67ec	d__Eukaryota; p__Basidiomycota	0.892613409
b01c7a972e81653876cebd0de5a700f1	d__Eukaryota; p__Cercozoa; c__Imbricatea; o__Imbricatea; f__Euglyphida; g__Euglypha	0.863922509
43d4be13835d31b2ed9b82e18cc3b3c9	d__Eukaryota; p__Cryptomycota; c__Incertae_Sedis; o__Incertae_Sedis; f__Incertae_Sedis; g__Paramicrosporidium; s__uncultured_eukaryote	0.971072709
de086e055670e619d3278993537380bc	d__Eukaryota	0.999999897
5b7369cbc16987b656ff756d40fb45be	d__Eukaryota	0.999999983
d814c6822bf1c6a5cdd3118330541701	d__Eukaryota	0.999999998
e9997afb0b65dcde4353acc50e6f11cc	d__Eukaryota; p__Incertae_Sedis; c__Incertae_Sedis; o__Incertae_Sedis; f__Incertae_Sedis; g__Incertae_Sedis; s__metagenome	0.993955616
23413c408cb01894f3109f10aaa09714	d__Eukaryota	0.999999999
f451b405d884b52dae469e1dbef92ca4	d__Eukaryota	1
14ee34ea28018c05bc5813ad28e49654	d__Eukaryota; p__Amoebozoa; c__Tubulinea; o__Echinamoebida; f__Echinamoebida; g__Vermamoeba; s__Hartmannella_sp.	0.926552438
2e4b9742662186c1f414df9d26230013	d__Eukaryota; p__Ciliophora; c__Intramacronucleata; o__Conthreep; f__Oligohymenophorea; g__Homalogastra; s__Homalogastra_setosa	0.904003706
63dfee64b049150f6dfd5722c092185f	d__Eukaryota; p__Cercozoa; c__Cercomonadidae; o__Cercomonadidae; f__Cercomonadidae	0.939631403
f2b5e38c0b9626591cd3fcf533a564e7	d__Eukaryota; p__Cercozoa; c__Imbricatea; o__Imbricatea; f__Euglyphida; g__Trinema	0.867670227
f1e7d995cd13aee5d3115c536aa3aaf3	d__Eukaryota; p__Ascomycota; c__Dothideomycetes	0.862338186
d5a9956d41d9eb90123a4a7bf7383de0	d__Eukaryota; p__Amoebozoa; c__Tubulinea; o__Euamoebida; f__Euamoebida; g__Euamoebida	0.993636369
e4af1947f107d402eb6eb0b3d5b61153	d__Eukaryota; p__Amoebozoa; c__Discosea; o__Dactylopodida; f__Dactylopodida; g__Angulamoeba; s__Angulamoeba_fungorum	0.999964917
92a5d3f05b9ff8a590e8378e541a50b2	d__Eukaryota	0.99887506
9bb0ee02da3b656e814cf2358ba1ea2f	d__Eukaryota	0.999999998
40b576e38b3a4ba3e50bbaabdeff1737	d__Eukaryota; p__Amoebozoa; c__Tubulinea; o__Leptomyxida; f__Leptomyxida	0.999999713
4a5287c01891bc157433d5616cf81639	d__Eukaryota	0.999972201
ed133f3eafd5039df07bbe62e79d09c3	d__Eukaryota; p__Basidiomycota; c__Pucciniomycetes; o__Pucciniales; f__Uropyxidaceae; g__Tranzschelia; s__Tranzschelia_discolor	0.916056518
8724e31e0c8b31c8c2f0bc583a534011	d__Eukaryota; p__Apusomonadidae; c__Apusomonadidae; o__Apusomonadidae; f__Apusomonadidae; g__Apusomonas; s__metagenome	0.993557264
b636296930b3ba96c2dfb3b9226f0c35	d__Eukaryota; p__Cercozoa; c__Glissomonadida; o__Glissomonadida; f__Glissomonadida; g__Allantion; s__Allapsa_vibrans	0.999209702
62657c0cf3be44acf3fc0d2be8d33db2	d__Eukaryota; p__Zoopagomycota; c__Entomophthoromycetes; o__Entomophthorales; f__Ancylistaceae; g__Conidiobolus; s__Conidiobolus_brefeldianus	0.999543519
eed85406ec332fb71f268ea989fcac11	d__Eukaryota	1
4fe05b127d4769e4afbc219fdb97694e	d__Eukaryota; p__Bicosoecida; c__Bicosoecida; o__Bicosoecida; f__Bicosoecida; g__Bicosoecida; s__Adriamonas_peritocrescens	0.975092128
2d1bdaee388e614f9bdcc4d87323e55f	d__Eukaryota	0.99999239
9b2015219659c1e25bdc70114f4e7779	d__Eukaryota	1
5505da71bfded15624adef3e5522e47a	d__Eukaryota	1
a5b5511d834e6af4303599fc20c29783	d__Eukaryota; p__Amoebozoa; c__Tubulinea; o__Leptomyxida; f__Leptomyxida	1
858075e0a4baf36e345eeccc44ce8b91	d__Eukaryota; p__Chytridiomycota; c__Chytridiomycetes; o__uncultured; f__uncultured; g__uncultured; s__eukaryotic_picoplankton	0.948561562
da0473ea942ecd395c9a9cbc05cbfb2c	d__Eukaryota; p__Amoebozoa; c__Discosea; o__Dactylopodida; f__Dactylopodida; g__Dactylopodida; s__Tubulinea_group	0.999999997
dcecd7bf72578ad1e4998d974ccd11c1	d__Eukaryota; p__Ascomycota; c__Pezizomycetes; o__Pezizales; f__Rhizinaceae; g__Phymatotrichopsis; s__metagenome	0.970627658
969adb4f8006591e70e29db097a75a01	d__Eukaryota; p__Cercozoa; c__Cercomonadidae; o__Cercomonadidae; f__Cercomonadidae; g__uncultured; s__metagenome	0.872132123
a4fad4662bfa4a9c7a711c237ce2dfc2	d__Eukaryota; p__Basidiomycota; c__Tremellomycetes	0.995063145
081e467fdd31ec5cd2642aee578bbb3f	d__Eukaryota; p__Ciliophora; c__Intramacronucleata; o__Conthreep; f__Colpodea	0.983719064
3ec552be4576da2d0cab953215f03202	d__Eukaryota; p__Cercozoa	0.99994613
32b8e3f34595ac28cb7567c872533ba1	d__Eukaryota; p__Protosporangiida; c__Protosporangiidae; o__Protosporangiidae; f__Protosporangiidae; g__Protosporangium; s__Endostelium_amerosporum	0.943744458
77c0b6d29e1ee8b2f12e4cf86dd14f71	d__Eukaryota; p__Heterolobosea; c__Tetramitia; o__Tetramitia; f__Tetramitia	0.828101862
7370977343a28dd6ac24b42168ba9ac9	d__Eukaryota; p__Amoebozoa; c__Discosea; o__Dactylopodida; f__Dactylopodida; g__Angulamoeba; s__Angulamoeba_fungorum	0.999966622
39be6ae0a1e77fd2afde2121c060c627	d__Eukaryota; p__Mucoromycota; c__Incertae_Sedis	0.744276811
e36621276e17d84f2008af08c0023bb0	d__Eukaryota; p__SAR; c__Labyrinthulomycetes; o__Labyrinthulomycetes; f__Labyrinthulomycetes; g__Sorodiplophrys; s__Sorodiplophrys_stercorea	0.784227849
3cf2eefa86028a6bc466678c8493ff26	d__Eukaryota; p__Cercozoa	0.777040142
3347b70bd08f4af9c200fd2c53edc542	d__Eukaryota; p__Ascomycota; c__Eurotiomycetes; o__Eurotiales; f__Aspergillaceae	0.734765782
3185d5431f317f51a46030499e24be79	d__Eukaryota; p__Mucoromycota; c__Glomeromycetes; o__Diversisporales; f__Diversisporaceae; g__Diversispora; s__Diversispora_eburnea	0.984402538
67d316bd42b2a8e28001b0b75daf27f6	d__Eukaryota	1
29fad5884a5843d232d3f5f6505a8b24	d__Eukaryota	1
582c1fe075d4e46993a01cd238cb1332	d__Eukaryota; p__Cercozoa; c__Glissomonadida; o__Glissomonadida; f__Glissomonadida; g__Proleptomonas	0.776571114
e967435f688ccb3fbaedda0d7e86d9c0	d__Eukaryota; p__Cercozoa	0.947973894
8950e6018702ce3bc27fbd43b1b0ac57	d__Eukaryota; p__Cercozoa; c__Glissomonadida; o__Glissomonadida; f__Glissomonadida; g__Allantion; s__Allapsa_vibrans	0.989271902
3f1704d24062676dd328f02c13d6df06	d__Eukaryota	1
4cf0fe5ee1cd56cb5feb4cd66133c4a3	d__Eukaryota; p__Basidiomycota	0.742013916
1acc46ee1300a0a8ca7c1236dd775d9b	d__Eukaryota; p__Ochrophyta; c__Chrysophyceae; o__Chromulinales; f__Chromulinales; g__Poterioochromonas	0.700871783
7b4b77fcf74df33efc657dff9a058010	d__Eukaryota; p__Basidiomycota; c__Agaricomycetes	0.786629515
7aae6c75c5b3f0dd11301d05dc2c6c1a	d__Eukaryota	1
ad13fcb8d92a4562db6e795a51f19e0a	d__Eukaryota; p__Chytridiomycota; c__Chytridiomycetes; o__Rhizophydiales; f__uncultured; g__uncultured; s__uncultured_fungus	0.937200103
00b8fb8edd3c8bd3fe42d66ee0fcc906	d__Eukaryota	1
c864cd523e55f5c3ccf37fa74b718de5	d__Eukaryota	0.999999999
ffe7d2ddb25fd12dddea18ed90a509dc	d__Eukaryota	1
6dcd035400cfd8b5eea2ec44ccc495c0	d__Eukaryota	0.998993519
332c76a07e371c0e64fe86a5f7308c0a	d__Eukaryota	0.999999979
c928908781bd6624dba019b1dbe5abf9	d__Eukaryota	1
93254d9ba266d373c67443bdfecdaa8e	d__Eukaryota; p__Amoebozoa; c__Tubulinea; o__Euamoebida; f__Euamoebida; g__Euamoebida	0.999360576
d59bb60d8399cc0ba81586099b7a9be5	d__Eukaryota	0.999999999
4e553a611a71c25d20abf42ef65d8c2e	d__Eukaryota	1
cca71245624099ad4ea0c9de14ac79b2	d__Eukaryota	1
a77a0265d0a12772b6f9eccbc5b3f11d	d__Eukaryota; p__Amoebozoa; c__Discosea; o__Vannellida; f__Vannellida; g__uncultured; s__Vannella_sp.	0.999225548
aacc02b1f9ad2e4bf3d3ec1d23ce6e1a	d__Eukaryota; p__LKM15; c__LKM15; o__LKM15; f__LKM15; g__LKM15; s__Mitosporidium_daphniae	0.723552737
3d4a5948cce7e110a004e64ea4c39dfd	d__Eukaryota	1
f5322fba045492ea09760faa2bda1770	d__Eukaryota; p__Cercozoa; c__Cercomonadidae; o__Cercomonadidae; f__Cercomonadidae; g__Cavernomonas	0.991918147
472a53348814959a85a3048d55c3fb1f	d__Eukaryota; p__Arthropoda; c__Arachnida; o__Acari; f__Acari; g__Acari; s__Limnozetes_rugosus	0.734279529
fb4feadcf3bf0ee53f92a0e9ae40739b	d__Eukaryota; p__Cercozoa	0.968048282
541ac82fa18e0eee18f208b4fe35f0a4	d__Eukaryota	1
c4ea5b36e78a6c8c02541c92abfa8f90	d__Eukaryota; p__Cercozoa; c__Glissomonadida; o__Glissomonadida; f__Glissomonadida	0.811191757
ed0fd4de282665c6500e368a84154f5c	d__Eukaryota; p__Cercozoa; c__Glissomonadida; o__Glissomonadida; f__Glissomonadida	0.895015877
854e3d0085e0d34f1ae2bf6443b5a5f6	d__Eukaryota; p__Chytridiomycota; c__Chytridiomycetes; o__Spizellomycetales; f__Spizellomycetaceae; g__Phlyctochytrium; s__Spizellomycetales_sp.	0.755864552
9fe6b1d60f8c9c90a5ee60855de22fdf	d__Eukaryota; p__Cercozoa; c__Cercomonadidae; o__Cercomonadidae; f__Cercomonadidae; g__uncultured; s__metagenome	0.956477443
fa03028da5a8bc63228034bf7ac1bc35	d__Eukaryota	0.99999992
1c44fa964ad7e8c4e7475608dc2642dc	d__Eukaryota; p__Amoebozoa; c__Discosea; o__Dactylopodida; f__Dactylopodida; g__Angulamoeba; s__Cyanidioschyzon_sp.	0.96070402
7c613273ec1b94ee34640e3cc27f4092	d__Eukaryota	0.999999991
4ad1988bdfe3f48ae103b18f7a867a26	d__Eukaryota; p__Protosteliida; c__Protosteliida; o__Protosteliida; f__Protosteliida; g__Protosteliida; s__Cercozoa_sp.	0.957875001
7f2c014765ba60dc2e3e4cd050ffb02b	d__Eukaryota	0.999999997
44cef9af14203403c5228300798bf233	d__Eukaryota	0.999999877
9ad6689643ef7b8739bd83fca711c407	d__Eukaryota; p__Incertae_Sedis; c__Incertae_Sedis; o__Incertae_Sedis; f__Incertae_Sedis; g__Incertae_Sedis; s__uncultured_eukaryote	0.999999333
cd8a8ac214e1010354f433914741d86a	d__Eukaryota; p__Cercozoa; c__Thecofilosea; o__Cryomonadida; f__Rhizaspididae; g__Rhogostoma; s__invertebrate_environmental	0.773419462
ae9430922e55ccde99fae4111e826815	d__Eukaryota; p__Heterolobosea; c__Tetramitia; o__Tetramitia; f__Tetramitia; g__Allovahlkampfia; s__soil_amoeba	0.826353984
59ccebaffe069d471cb384ce427e7c70	d__Eukaryota; p__Holozoa	0.827709711
21d3a34034de1df48771657df41c16bf	d__Eukaryota; p__Gracilipodida; c__Gracilipodida; o__Gracilipodida; f__Gracilipodida; g__Gracilipodida; s__soil_amoeba	0.999999908
3eed5c0a912d21a663c74615818c193b	d__Eukaryota	1
50115a062c40c677fbfa07505460430d	d__Eukaryota; p__Amoebozoa; c__Discosea; o__Centramoebida; f__Centramoebida; g__Balamuthia; s__Balamuthia_mandrillaris	0.886599475
e3ef5cce36f5ff388af92698be18dd34	d__Eukaryota; p__Amoebozoa; c__Discosea; o__Vannellida; f__Vannellida; g__uncultured; s__Vannella_sp.	0.999967455
9512ab257c578b27dfc04e7a74bfbbdd	d__Eukaryota	1
d77321fabe8c330a98a567a02e1013af	d__Eukaryota	1
3e7d4b761337a85e6d97d1fc3648f1e7	d__Eukaryota; p__Cercozoa; c__Phytomyxea; o__Phytomyxea; f__Phytomyxea	0.945273631
980344e82f6f007a910f8f2a5de71357	d__Eukaryota; p__Cercozoa; c__Phytomyxea; o__Phytomyxea; f__Phytomyxea; g__Spongospora; s__Spongospora_subterranea	0.781610806
b83388dc2681529f96faf3830005a234	d__Eukaryota; p__Amoebozoa; c__Amoebozoa; o__Amoebozoa; f__Amoebozoa; g__Amoebozoa; s__metagenome	0.998683708
42af4110bd797ddec94522652de1ca8c	d__Eukaryota	1
0882f2042e9e5d9e5aa8e2e3a61f05e4	d__Eukaryota; p__SAR; c__Labyrinthulomycetes; o__Labyrinthulomycetes; f__Labyrinthulomycetes; g__Sorodiplophrys; s__Sorodiplophrys_stercorea	0.993389267
3568ec57ed84280ba3495d3e87092f15	d__Eukaryota; p__Cercozoa; c__Imbricatea; o__Imbricatea; f__Euglyphida	0.99977892
2885c3ee43b4fdd463732394e9c97c87	d__Eukaryota; p__SAR; c__Labyrinthulomycetes; o__Labyrinthulomycetes; f__Labyrinthulomycetes; g__Sorodiplophrys; s__metagenome	0.999999999
4578dfeb821ef2fda93da9ac0076369c	d__Eukaryota; p__Cryptomycota; c__LKM11; o__LKM11; f__LKM11; g__LKM11; s__uncultured_eukaryote	0.980651152
2373c58533520435a65356d3a67fc920	d__Eukaryota; p__Chytridiomycota; c__Chytridiomycetes	0.991384697
6bc2734132d083fb2a9d2301a8b54a34	d__Eukaryota; p__Amoebozoa; c__Discosea; o__Dactylopodida; f__Dactylopodida; g__Angulamoeba; s__Angulamoeba_fungorum	0.999944019
742472205dc4419e6e9213f8df16b5f2	d__Eukaryota; p__Basidiomycota; c__Agaricomycetes; o__Agaricales; f__Marasmiaceae; g__Marasmiaceae; s__uncultured_fungus	0.914349437
ea4f45a61d58d0fa8e0ff657ed02970f	d__Eukaryota; p__Gracilipodida; c__Gracilipodida; o__Gracilipodida; f__Gracilipodida; g__Telaepolella; s__Telaepolella_sp.	0.889074145
67c4af3e8d8c3fef4fcf2a84a992e317	d__Eukaryota	1
f4b2ee13d0351c8b9cf26bc948dfff67	d__Eukaryota; p__Amoebozoa; c__Discosea; o__Dactylopodida; f__Dactylopodida; g__Dactylopodida; s__Tubulinea_group	0.999999933
ce6b763ceec9d8f646542f6aa773d604	d__Eukaryota	0.999999521
ee110efa74f7e4cf448b108adf3898a5	d__Eukaryota; p__Cercozoa; c__uncultured; o__uncultured; f__uncultured; g__uncultured; s__metagenome	0.739142282
ff42523e366d4b687df127e103e619dc	d__Eukaryota; p__Basidiomycota	0.765210183
fcac39b232e291d85cfc850b520acd99	d__Eukaryota; p__Phragmoplastophyta; c__Embryophyta	0.87353985
b89135601844f40320d75b102f97249a	d__Eukaryota; p__Cercozoa; c__Glissomonadida; o__Glissomonadida; f__Glissomonadida	0.986707899
9a31f95ca645ddafb84e5ee203ef3570	d__Eukaryota; p__Cercozoa	0.965649536
ecda5de60ad1bdb4643fa304caa11114	d__Eukaryota; p__Cercozoa; c__Glissomonadida; o__Glissomonadida; f__Glissomonadida; g__Glissomonadida; s__metagenome	0.752291988
6597ed23e1c39a638573c2535abe7bf8	d__Eukaryota; p__Cercozoa; c__Glissomonadida; o__Glissomonadida; f__Glissomonadida	0.970931143
ff1671935433f58a8be9224f6c26d037	d__Eukaryota; p__Cercozoa; c__Glissomonadida; o__Glissomonadida; f__Glissomonadida; g__Glissomonadida; s__metagenome	0.9997682
75dbc77c992bc3fe3e57f65c5579e35a	d__Eukaryota	0.999999999
1adcf6c941743c6d58db4ef1958ecd8d	d__Eukaryota	0.999999801
ac5f5a6e738a30ff19fce92b12b62670	d__Eukaryota; p__Heterolobosea; c__Tetramitia; o__Tetramitia; f__Tetramitia; g__Tetramitia	0.956341334
54f903d1ff00015031736bc958bebb57	d__Eukaryota; p__Amoebozoa; c__Discosea; o__Centramoebida; f__Centramoebida; g__Acanthamoeba	0.999994897
b07590570950ebb304331505b1a9fb42	d__Eukaryota; p__Amoebozoa; c__Tubulinea; o__Echinamoebida; f__Echinamoebida; g__Echinamoebida; s__metagenome	0.94401537
a2dfc149b056d7133c6273a9cfef63d7	d__Eukaryota; p__Chlorophyta; c__Trebouxiophyceae; o__Trebouxiophyceae; f__Trebouxiophyceae; g__Trebouxiophyceae	0.790585011
e6821392ed872a7f25a90f6bae896332	d__Eukaryota; p__Cercozoa	0.95198317
015c8fc1cc7dc54eb2b1c8e247cf1ea1	d__Eukaryota; p__Gracilipodida; c__LEMD267; o__LEMD267; f__LEMD267; g__LEMD267; s__uncultured_eukaryote	0.999874772
fdc8f90f69db3a1d781f077f55bee9c7	d__Eukaryota; p__Cercozoa; c__uncultured; o__uncultured; f__uncultured; g__uncultured; s__Dimorpha-like_sp.	0.99998967
992bc298acc5235ee3b922780f25fbc0	d__Eukaryota; p__Basidiomycota; c__Pucciniomycetes; o__Pucciniomycetes; f__Platygloeaceae; g__Platygloea; s__Platygloea_disciformis	0.996757093
1063f264bba29f381946d592ee7df81c	d__Eukaryota	1
689ba4bd55b52fff8451559b128cc50f	d__Eukaryota; p__Chlorophyta; c__Chlorophyceae; o__Chlorophyceae; f__Chlorophyceae; g__Chlorophyceae; s__uncultured_Chlamydomonadales	0.974757215
c8eda248f0505b4f2e57dbba4cfb7b7d	d__Eukaryota; p__Amoebozoa; c__Discosea; o__Dactylopodida; f__Dactylopodida; g__Angulamoeba; s__Angulamoeba_fungorum	0.999932713
a49d4cafdf8f3db2564a3beb4bd60d99	d__Eukaryota; p__Ascomycota; c__Pezizomycetes; o__Pezizales; f__Rhizinaceae; g__Phymatotrichopsis; s__metagenome	0.858970814
384c4a9c80a9c3cad0396cd69a476ffa	d__Eukaryota; p__Cercozoa; c__Thecofilosea	0.702377211
21f587286b1938171808415c495622fd	d__Eukaryota	0.999999954
c7dc033be6b416003fed9e8c8fe53938	d__Eukaryota; p__Chytridiomycota; c__Chytridiomycetes; o__Chytridiales; f__Incertae_Sedis; g__Incertae_Sedis; s__uncultured_Chytridiomycota	0.850976962
7cfa52d19701758fa6ebee0eac8494a0	d__Eukaryota; p__Protalveolata; c__Perkinsidae; o__A31; f__A31; g__A31; s__uncultured_alveolate	0.99086904
94045c2ed26bfe3815af10e6c4551cea	d__Eukaryota; p__Cercozoa; c__Imbricatea; o__Imbricatea; f__Euglyphida	0.999933236
0a2f30471173edabf45e242dc777fa39	d__Eukaryota; p__Amoebozoa; c__Tubulinea; o__Tubulinea; f__Tubulinea; g__Tubulinea; s__Tubulinea_group	0.999989205
a584c2475f39003ac46ecb3269061315	d__Eukaryota; p__Zoopagomycota; c__Incertae_Sedis; o__Zoopagales; f__Piptocephalidaceae; g__Piptocephalis	0.822661023
73cc1d9b8953c4dd2ef820751659c059	d__Eukaryota; p__SAR; c__Labyrinthulomycetes; o__Labyrinthulomycetes; f__Labyrinthulomycetes; g__Sorodiplophrys; s__Sorodiplophrys_stercorea	0.99952204
22721c7677b9f74502b91b5be907575e	d__Eukaryota; p__Ciliophora; c__Intramacronucleata; o__Spirotrichea; f__Hypotrichia	0.998596423
d7dbc9dc58a7f5db4948140a6e28e91a	d__Eukaryota; p__Ascomycota	0.999480602
bc2b0db47e12a1448a49664ad189c072	d__Eukaryota; p__Arthropoda	0.83400808
833be1548ee80f6599f190a060739790	d__Eukaryota; p__Amoebozoa; c__Tubulinea; o__Leptomyxida; f__Leptomyxida	0.999515999
4154a60f6cb95c1312957502f2b8cbe3	d__Eukaryota	0.999998714
f791ea68b0a138c9e467c8fc9e2ab060	d__Eukaryota	1
59c9fc9c7700635904f12a98276a5f1b	d__Eukaryota; p__Incertae_Sedis; c__Incertae_Sedis; o__Incertae_Sedis; f__Incertae_Sedis; g__Incertae_Sedis; s__metagenome	1
02a0d23c24c77d0b5b776e591f82a257	d__Eukaryota	1
66e0052b3dab725f23d6c58711858165	d__Eukaryota; p__Amoebozoa; c__Tubulinea; o__Leptomyxida; f__Leptomyxida; g__Flabellula; s__metagenome	0.999998422
6aac85cdb5db0f02fd55a23d3d3f097b	d__Eukaryota	1
e4c9dc56c6fae0c53c60c4b36e6c4890	d__Eukaryota; p__Amoebozoa; c__Tubulinea; o__Tubulinea; f__Tubulinea; g__Tubulinea; s__Tubulinea_group	0.999993496
fe729ab0fd74b5ed25f6e7aa1f102a05	d__Eukaryota; p__Incertae_Sedis; c__Incertae_Sedis; o__Incertae_Sedis; f__Incertae_Sedis; g__Incertae_Sedis; s__uncultured_eukaryote	0.99426697
1ebfe73dfc36dd32aae525245e4137b0	d__Eukaryota	1
714bd9af0a9facf8fca08ec1c24295d3	d__Eukaryota; p__Protalveolata; c__Perkinsidae; o__A31; f__A31; g__A31	0.999300367
b89934170fc5228181b0ca31612fc9b7	d__Eukaryota; p__Ascomycota	0.908128197
e1440b976df417779531aa1212873ca7	d__Eukaryota; p__Gracilipodida; c__Gracilipodida; o__Gracilipodida; f__Gracilipodida; g__Telaepolella; s__Telaepolella_sp.	0.836387274
cfa9483c62ade8e088655beb8de51afa	d__Eukaryota; p__Holozoa; c__Ichthyosporea; o__Ichthyophonidae; f__Ichthyophonidae	0.913539591
9768f3622d3643f397e7700d0910dc0f	d__Eukaryota	0.999940065
3f39f59c7b5ab6dac09792e71b4493ea	d__Eukaryota; p__Ochrophyta; c__Xanthophyceae	0.997910267
07fa56c0b4e806f04e309e5ffbaaee36	d__Eukaryota; p__Cercozoa	0.971023655
1d3f7fb51ccba2aad5e9a81be144a029	d__Eukaryota; p__Protosteliida; c__Protosteliida; o__Protosteliida; f__Protosteliida; g__Protosteliida; s__metagenome	0.999999479
2c4aadcc4d3fbc47b716a9c153515cc9	d__Eukaryota; p__Cercozoa; c__Novel_Clade_Gran-3; o__Novel_Clade_Gran-3; f__Novel_Clade_Gran-3; g__Novel_Clade_Gran-3; s__uncultured_freshwater	0.99994377
c1541b8b390f3c1320ce2f7c199dc5a5	d__Eukaryota; p__Zoopagomycota; c__Incertae_Sedis; o__Zoopagales; f__Piptocephalidaceae; g__Piptocephalis	0.978504
c1843a2f83e0a73dcc9169e0a9fc44d3	d__Eukaryota	1
077b91efc822ea8e2bb812def6d9a0f0	d__Eukaryota; p__Cercozoa	0.999508162
1496f6a01a5a8106e1ea3d8a33b4fec0	d__Eukaryota; p__Basidiomycota	0.759050117
d5f28d101668f59f40a2b493f7ed89df	d__Eukaryota; p__Ochrophyta; c__Chrysophyceae; o__Incertae_Sedis; f__Incertae_Sedis; g__Chlamydomyxa; s__uncultured_eukaryote	0.798278216
42d55197b3931bd15719956db3eae284	d__Eukaryota; p__Bicosoecida; c__CH1-2B-3; o__CH1-2B-3; f__CH1-2B-3; g__CH1-2B-3; s__uncultured_stramenopile	0.988299253
5ebb332f8828df780251b4250ca04f18	d__Eukaryota; p__Cercozoa	0.963086071
fa5b6e0c84c441a8aea008a53de5118b	d__Eukaryota; p__Cercozoa; c__Imbricatea; o__Imbricatea; f__Euglyphida; g__Euglypha	0.753133667
657b66b540f6c259ef5fffc0779caed1	d__Eukaryota; p__SAR; c__Labyrinthulomycetes; o__Labyrinthulomycetes; f__Labyrinthulomycetes; g__Sorodiplophrys	0.999999317
2fd21ca074eee5ef22941890682ac006	d__Eukaryota; p__Amoebozoa; c__Discosea; o__Dactylopodida; f__Dactylopodida; g__Dactylopodida; s__Tubulinea_group	0.999999998
d51230dfa0324fa457e4c6c260385ef1	d__Eukaryota	1
0d9cf6b6e293d5c6d5b6a0740c128208	d__Eukaryota	0.999999999
66ebe057b2c0f7607a9524766b0ec78b	d__Eukaryota	1
dbbb657f6e4fa7d6d376668950d3757e	d__Eukaryota; p__Bicosoecida; c__CH1-2B-3; o__CH1-2B-3; f__CH1-2B-3; g__CH1-2B-3; s__uncultured_stramenopile	0.890928904
c4c7a913eda6ad7ca6b99f101ae892a0	d__Eukaryota; p__Gracilipodida; c__Gracilipodida; o__Gracilipodida; f__Gracilipodida; g__Gracilipodida; s__metagenome	0.922866212
e58e5a048ff61670873cee761d376f80	d__Eukaryota; p__Amoebozoa; c__Amoebozoa; o__Amoebozoa; f__Amoebozoa; g__Amoebozoa; s__metagenome	0.882687025
64dd824f635dd26639b01b30b77ad8b1	d__Eukaryota; p__Ochrophyta; c__Chrysophyceae; o__Ochromonadales; f__Ochromonadales; g__Paraphysomonas; s__metagenome	0.999999084
467ccd031162bac8a9136a50790f8e3b	d__Eukaryota; p__Cercozoa; c__Cercomonadidae; o__Cercomonadidae; f__Cercomonadidae; g__Cavernomonas; s__Cavernomonas_stercoris	0.837250512
a9b986164eac2a0a6160bada5af0bd6c	d__Eukaryota; p__Holozoa; c__Ichthyosporea; o__Rhinosporideacae; f__Rhinosporideacae; g__Rhinosporideacae	0.905630334
0ae09cbf03f9418e305c673339d43ad1	d__Eukaryota; p__Cercozoa; c__Vampyrellidae; o__Vampyrellidae; f__Vampyrellidae; g__Vampyrella; s__uncultured_eukaryote	0.994817424
15019e2dbeb74ba5a4ccbac26e629ccd	d__Eukaryota; p__Basidiomycota; c__Cystobasidiomycetes; o__Erythrobasidiales; f__Erythrobasidiaceae; g__Bannoa	0.910911957
6114fbb46b76b04de79e65e17cbb93f0	d__Eukaryota; p__Chlorophyta; c__Chlorophyceae; o__Chlorophyceae; f__Chlorophyceae; g__Chlorophyceae; s__Tetracystis_vinatzeri	0.954778697
b70579878354924284df3acad943f778	d__Eukaryota; p__Ochrophyta	0.996034108
5527c2760075387cf5c1aa4934fa8783	d__Eukaryota	0.999999996
9ef5ca9e4db1edb752c2aa2dd9aa92da	d__Eukaryota; p__Amoebozoa; c__Tubulinea; o__Euamoebida; f__Euamoebida; g__Euamoebida	0.995123436
b5c55d1e82353f7b8508e3e4848e2419	d__Eukaryota	0.999999976
22c817c8f2689a26d82ee7d7b02cf1f6	d__Eukaryota	0.999999996
880baa3ba3d07de2e198d5cba08f2756	d__Eukaryota; p__Amoebozoa; c__Tubulinea; o__Arcellinida; f__Arcellinida; g__Arcellinida; s__metagenome	0.945748552
df90b52cc44b638fbabac36ecabfee3a	d__Eukaryota	0.999999513
a7708b9369566c204da1cd435f06350f	d__Eukaryota	0.999996972
5f7a95d66954bdc2764b898ea2678b53	d__Eukaryota; p__Incertae_Sedis; c__Incertae_Sedis; o__Incertae_Sedis; f__Incertae_Sedis; g__Incertae_Sedis; s__metagenome	0.99999882
fff7642343bc6eb0a8a2540922fa5ce7	d__Eukaryota; p__Incertae_Sedis; c__Incertae_Sedis; o__Incertae_Sedis; f__Incertae_Sedis; g__Incertae_Sedis; s__metagenome	0.999998284
6e772ec0f8bac097a2a03f6c253faf28	d__Eukaryota; p__Arthropoda	0.816325231
ca18a0c8b3e1c8f975f7bc92b33b16dc	d__Eukaryota	0.999999999
36733cf4c47c424118d36a3bdd5b3662	d__Eukaryota	0.999999995
f015b24a77476f7278d9a65ae7eb11a6	d__Eukaryota	0.999999999
0e255a1782df47e10ee92c1c1599a9cb	d__Eukaryota; p__Cercozoa; c__Thecofilosea; o__Thecofilosea; f__Thecofilosea; g__Thecofilosea; s__metagenome	0.990752576
235412f6defa07c9b8332e0cd73e94e5	d__Eukaryota	1
394182ba9c8818af79ea59912b714b66	d__Eukaryota; p__Heterolobosea; c__Tetramitia; o__Tetramitia; f__Tetramitia; g__Vahlkampfia; s__Vahlkampfia_avara	0.999999997
8f963efe62d2696a84df459339edc91f	d__Eukaryota; p__Ochrophyta; c__Chrysophyceae	0.999995103
9ae8792d8f4f73ad22360208d24e141d	d__Eukaryota; p__Rigifilida; c__Rigifilida; o__Rigifilida; f__Rigifilida; g__Rigifilida; s__metagenome	1
02aa1fea8bf349e35894e2f00ad6f81d	d__Eukaryota	1
8797a499bdd3ae82c5d6237e74d327a6	d__Eukaryota; p__Bicosoecida; c__Bicosoecida; o__Bicosoecida; f__Bicosoecida; g__Bicosoeca; s__uncultured_eukaryote	0.737597332
c3b78e843b4215dd2b13b82ae70e777f	d__Eukaryota	1
d31a18b0229dbd33cc0537160f377143	d__Eukaryota; p__SAR; c__Labyrinthulomycetes; o__Labyrinthulomycetes; f__Labyrinthulomycetes; g__Sorodiplophrys; s__metagenome	0.971382129
f8d0530fe3a14f8f0b8517eddf7f25b1	d__Eukaryota; p__Cercozoa	0.943813032
f86384567b38a82fe55ed33086b1a443	d__Eukaryota; p__Labyrinthulomycetes; c__Labyrinthulomycetes; o__Labyrinthulomycetes; f__Labyrinthulomycetes; g__Labyrinthulomycetes; s__metagenome	0.830540696
8161a00069e240510c92b9ebdb2708a5	d__Eukaryota; p__Cercozoa; c__Thecofilosea; o__Thecofilosea; f__Thecofilosea	0.814080338
364629e23abb292b6beb017294b35933	d__Eukaryota; p__Cercozoa; c__Cercomonadidae; o__Cercomonadidae; f__Cercomonadidae; g__Cavernomonas	0.985712882
d9a21b5170fcc1a6aff05b2338910cc1	d__Eukaryota; p__Cercozoa	0.997710879
a22a6ee70fa700866b7f20b702a61023	d__Eukaryota	0.999999995
7cb0841d703ba8c690d13b42be37c068	d__Eukaryota; p__Ascomycota; c__Dothideomycetes	0.791421892
e9a5a8d7259bfabafb37864a5dad6917	d__Eukaryota; p__Ascomycota	0.711906881
53f0de086400d3e6d58ba2bf8cd9f421	d__Eukaryota; p__Cercozoa; c__Imbricatea; o__Imbricatea; f__Euglyphida; g__Paulinella; s__Paulinella_chromatophora	0.944582759
1306752877325d541bfa81dae72b63ba	d__Eukaryota; p__Cercozoa; c__Vampyrellidae; o__Vampyrellidae; f__Vampyrellidae; g__Vampyrella; s__uncultured_eukaryote	0.930529411
99564ad9352cff3c7e755ac34cf25f44	d__Eukaryota; p__Cercozoa; c__Glissomonadida; o__Glissomonadida; f__Glissomonadida; g__Bodomorpha; s__metagenome	0.999999273
004a1cba59ffdfef3ff97b9d862b0c32	d__Eukaryota; p__Cercozoa; c__Glissomonadida; o__Glissomonadida; f__Glissomonadida; g__Allantion; s__Allapsa_vibrans	0.99927281
ec8d98acc415ee4782916f30ace4573c	d__Eukaryota; p__Cryptomycota; c__LKM11; o__LKM11; f__LKM11; g__LKM11; s__uncultured_fungus	0.876774905
341125e05f4dc7456ba95e8daf5c8d85	d__Eukaryota; p__Nematozoa; c__Chromadorea; o__Tylenchida; f__Tylenchida; g__Tylenchida; s__Helicotylenchus_varicaudatus	0.847290023
15d4704ffc3f6c53bc51555915667cf0	d__Eukaryota; p__Amoebozoa; c__Discosea; o__Centramoebida; f__Centramoebida; g__Centramoebida; s__uncultured_eukaryote	0.93339871
e98a37a646d44f259c3f1fbaff33e75f	d__Eukaryota; p__Cercozoa; c__Thecofilosea	0.745503422
1c3c15d940208caf54f25beff447046e	d__Eukaryota	1
f87952311bd54d2b2546ea9514fe6bc6	d__Eukaryota	1
98a7a2ba7db47116afb79f69da727024	d__Eukaryota; p__Cercozoa; c__Thecofilosea; o__Incertae_Sedis; f__Incertae_Sedis; g__Lecythium; s__uncultured_eukaryote	0.999080036
b5b7839fe8bcf23f9e18b5cd5887ddd6	d__Eukaryota; p__Cercozoa	0.999604097
92cbcfa549d1388e57702eb842da5497	d__Eukaryota; p__Chytridiomycota; c__Chytridiomycetes; o__Chytridiales; f__Incertae_Sedis; g__Incertae_Sedis; s__uncultured_Chytridiomycota	0.895375953
286b096f6b378ba284fa413506caa5d0	d__Eukaryota; p__Chytridiomycota; c__Chytridiomycetes; o__Cladochytriales; f__Nowakowskiellaceae; g__Nowakowskiella; s__Nowakowskiella_elegans	0.99999771
b4bbf8f16c2ae051c328280a40ef5ef1	d__Eukaryota; p__Holozoa; c__Choanoflagellida; o__Codonosigidae; f__Codonosigidae; g__Monosiga; s__Monosiga_ovata	0.999999783
0f7b9795890fbae5dc5df4f9e654ac97	d__Eukaryota; p__Cercozoa; c__Cercomonadidae; o__Cercomonadidae; f__Cercomonadidae; g__Paracercomonas	0.828722511
b3587eef58e92886b00fed5e2be56c0b	d__Eukaryota	1
d567a7f0f42163d0dd08b991e76f7305	d__Eukaryota; p__Cercozoa; c__Glissomonadida; o__Glissomonadida; f__Glissomonadida; g__Glissomonadida; s__metagenome	0.842678237
50564101e39e636de99668c111098579	d__Eukaryota; p__Cercozoa	0.756525629
ed6e55a31e331e4df7f8f60ae3600a29	d__Eukaryota; p__Cercozoa	0.999997581
3544f3d5e096e14777f20eb258f2e527	d__Eukaryota; p__Mucoromycota; c__Glomeromycetes; o__Paraglomerales; f__Paraglomeraceae; g__Paraglomus; s__Paraglomus_occultum	0.757141361
e1594e7bf2a600ee7e935e843d4450b2	d__Eukaryota; p__Cercozoa; c__Thecofilosea; o__Thecofilosea; f__Thecofilosea	0.977205224
4382797c8cddf78dc4e022262aa2bed9	d__Eukaryota	1
bcdd2b316e7d3c2f7b63a358a4569294	d__Eukaryota	1
73c7b48bf13d6f5f7913145349530fb3	d__Eukaryota; p__Basidiomycota; c__Agaricomycetes	0.907510762
c8653cf71c7cd9aa6de1486eaad0c68d	d__Eukaryota	1
a9c5c453353d9885f02489265cc1c755	d__Eukaryota; p__Basidiomycota; c__Agaricomycetes	0.851468596
0e914804fdefde48e43ebfd65dda73e3	d__Eukaryota; p__SAR; c__Labyrinthulomycetes; o__Labyrinthulomycetes; f__Labyrinthulomycetes; g__Sorodiplophrys; s__metagenome	0.888230544
1f26bcc7c3646782b5fd5650016542de	d__Eukaryota; p__Ochrophyta; c__Chrysophyceae	0.999992556
d38d43e23205b81f2082a9c796656598	d__Eukaryota; p__Ochrophyta; c__Chrysophyceae; o__uncultured; f__uncultured; g__uncultured; s__Oikomonas_sp.	0.721194467
1fe48dc9fb8cd7d3d4d410066d52a2d6	d__Eukaryota; p__Chlorophyta; c__Trebouxiophyceae; o__Trebouxiophyceae; f__Trebouxiophyceae; g__Trebouxiophyceae	0.85056392
f5176c9eeeacdccbc10da376d1773a91	d__Eukaryota; p__Cercozoa; c__Thecofilosea	0.998150865
dc9b7eb5eacc82c25019852a16de3e5e	d__Eukaryota; p__Ascomycota; c__Pezizomycetes; o__Pezizales; f__Ascodesmidaceae; g__Cephaliophora	0.961753529
ba7d49dbed296798d8bd24e6f01ec58b	d__Eukaryota	0.998506436
ef47c361faf8fcd6af5a9b7a3038a43e	d__Eukaryota	0.99949242
7a17b28cdf8977c1ce4ae318720945e3	d__Eukaryota	0.997584166
6a8382507458ea4df5b343a991b22f32	d__Eukaryota; p__Cercozoa; c__Phytomyxea; o__Phytomyxea; f__Phytomyxea; g__Spongospora; s__Spongospora_subterranea	1
22a5ecd09860a6f23bec0b31594e7130	d__Eukaryota; p__Ascomycota; c__Dothideomycetes	0.974754206
e33bef3ec7e2ba5073ca971692414a88	d__Eukaryota	0.999416809
22c68ae33e56de6f6d4a18645eaa7e84	d__Eukaryota; p__Ochrophyta; c__Xanthophyceae	0.997902021
02b89f301a2078c84c0a58e2fadb7c17	d__Eukaryota; p__Chlorophyta; c__Chlorophyceae; o__Chlorophyceae; f__Chlorophyceae; g__Chlorophyceae	0.952730955
225afb22d8bfbbc1c11160d46eea0139	d__Eukaryota	0.998370132
172141a8d0a59470dff80ffad2f50158	d__Eukaryota	0.999585899
8782e0fb604e96e6dcca2a33b8e09798	d__Eukaryota; p__Ascomycota; c__Eurotiomycetes; o__Eurotiales	0.999964259
cacb3a010bbc20e2a9119f4a850c6828	d__Eukaryota	0.997996654
1aaaf9116fa818ada8140c6317c9f3d9	d__Eukaryota; p__Nematozoa; c__Enoplea; o__Dorylaimia; f__Dorylaimida; g__Dorylaimida; s__Nematoda_environmental	0.757567064
c6bbc125b20d7ed578b7e87aa888fa38	d__Eukaryota	0.997996124
807d5e6348d9e5ec56925f3a0d390d2d	d__Eukaryota; p__Nematozoa; c__Chromadorea; o__Monhysterida; f__Monhysterida; g__Monhysterida; s__Tridentulus_sp.	0.980810105
4b83b89302e2261b4299598d77904518	d__Eukaryota; p__Ciliophora; c__Intramacronucleata; o__Conthreep; f__Colpodea; g__Platyophrya; s__Platyophrya_vorax	0.965785102
a13a018741ca2e9a767cdec47e8e0e41	d__Eukaryota; p__Cercozoa; c__Thecofilosea; o__Thecofilosea; f__Thecofilosea; g__Thecofilosea; s__metagenome	0.954525687
fd7a7b756611c978660c085b20f36dcb	d__Eukaryota	0.998522268
9bc57f9cf3cec373ca2871c28adf7634	d__Eukaryota; p__Apicomplexa; c__Conoidasida; o__Gregarinasina; f__Eugregarinorida; g__Monocystis; s__Monocystis_agilis	0.999999993
