"AverageShortestPathLength","BetweennessCentrality","Class","ClosenessCentrality","ClusteringCoefficient","Degree","Eccentricity","Family","Genus","IsSingleNode","Kingdom","name","NeighborhoodConnectivity","NumberOfDirectedEdges","NumberOfUndirectedEdges","Order","PartnerOfMultiEdgedNodePairs","Phylum","Radiality","selected","SelfLoops","shared name","Stress","TopologicalCoefficient"
"2.2462264150943394","8.798990138011045E-4","c__Abditibacteria","0.4451910961780765","0.41044776119402987","68","3","f__Abditibacteriaceae","g__Abditibacterium","false","d__Bacteria","d__Bacteria |  p__Abditibacteriota |  c__Abditibacteria | Abditibacteriales |  f__Abditibacteriaceae |  g__Abditibacterium","80.08823529411765","0","68","Abditibacteriales","0","p__Abditibacteriota","0.9946050804541371","false","0","d__Bacteria |  p__Abditibacteriota |  c__Abditibacteria | Abditibacteriales |  f__Abditibacteriaceae |  g__Abditibacterium","38048","0.10955982940371771"
"2.082075471698113","0.0013991511884211977","c__Holophagae","0.4802899864068872","0.3396358543417367","120","3","f__Subgroup_7","g__Subgroup_7.2","false","d__Bacteria","d__Bacteria |  p__Acidobacteriota |  c__Holophagae | Subgroup_7 |  f__Subgroup_7 |  g__Subgroup_7.2","107.33333333333333","0","120","Subgroup_7","0","p__Acidobacteriota","0.9953156905987094","false","0","d__Bacteria |  p__Acidobacteriota |  c__Holophagae | Subgroup_7 |  f__Subgroup_7 |  g__Subgroup_7.2","89852","0.12583040250097693"
"2.269811320754717","4.90147923750964E-4","c__Acidimicrobiia","0.4405652535328346","0.44064386317907445","71","3","f__IMCC26256","g__IMCC26256","false","d__Bacteria","d__Bacteria |  p__Actinobacteriota |  c__Acidimicrobiia | IMCC26256 |  f__IMCC26256 |  g__IMCC26256","87.5774647887324","0","71","IMCC26256","0","p__Actinobacteriota","0.9945029812954341","false","0","d__Bacteria |  p__Actinobacteriota |  c__Acidimicrobiia | IMCC26256 |  f__IMCC26256 |  g__IMCC26256","26884","0.12457676356860937"
"2.147169811320755","0.0018315083250062013","c__Acidimicrobiia","0.4657293497363796","0.2632010943912449","86","3","f__uncultured","g__uncultured","false","d__Bacteria","d__Bacteria |  p__Actinobacteriota |  c__Acidimicrobiia | uncultured |  f__uncultured |  g__uncultured","91.9186046511628","0","86","uncultured","0","p__Actinobacteriota","0.9950338969206893","false","0","d__Bacteria |  p__Actinobacteriota |  c__Acidimicrobiia | uncultured |  f__uncultured |  g__uncultured","97096","0.11236993233638483"
"2.138679245283019","0.0012141209493444398","c__Acidimicrobiia","0.4675782973092192","0.37215397215397217","111","3","f__uncultured","g__uncultured.1","false","d__Bacteria","d__Bacteria |  p__Actinobacteriota |  c__Acidimicrobiia | uncultured |  f__uncultured |  g__uncultured.1","92.02702702702703","0","111","uncultured","0","p__Actinobacteriota","0.9950706526178225","false","0","d__Bacteria |  p__Actinobacteriota |  c__Acidimicrobiia | uncultured |  f__uncultured |  g__uncultured.1","68174","0.1147469164925524"
"2.0886792452830187","0.002276401932986587","c__Actinobacteria","0.4787714543812105","0.27184466019417475","104","3","f__Nocardioidaceae","g__Kribbella","false","d__Bacteria","d__Bacteria |  p__Actinobacteriota |  c__Actinobacteria | Propionibacteriales |  f__Nocardioidaceae |  g__Kribbella","113.01923076923077","0","104","Propionibacteriales","0","p__Actinobacteriota","0.9952871028342726","false","0","d__Bacteria |  p__Actinobacteriota |  c__Actinobacteria | Propionibacteriales |  f__Nocardioidaceae |  g__Kribbella","147136","0.13111279671604498"
"2.15188679245283","0.0010958753460756589","c__Bacteroidia","0.46470846120122755","0.360180412371134","97","3","f__Hymenobacteraceae","g__Adhaeribacter.1","false","d__Bacteria","d__Bacteria |  p__Bacteroidota |  c__Bacteroidia | Cytophagales |  f__Hymenobacteraceae |  g__Adhaeribacter.1","102.25773195876289","0","97","Cytophagales","0","p__Bacteroidota","0.9950134770889487","false","0","d__Bacteria |  p__Bacteroidota |  c__Bacteroidia | Cytophagales |  f__Hymenobacteraceae |  g__Adhaeribacter.1","81394","0.12750340643237268"
"2.1254716981132074","0.0015016422578775451","c__Bacteroidia","0.47048379937860635","0.34172528693076637","74","3","f__Hymenobacteraceae","g__Adhaeribacter.3","false","d__Bacteria","d__Bacteria |  p__Bacteroidota |  c__Bacteroidia | Cytophagales |  f__Hymenobacteraceae |  g__Adhaeribacter.3","82.5945945945946","0","74","Cytophagales","0","p__Bacteroidota","0.995127828146696","false","0","d__Bacteria |  p__Bacteroidota |  c__Bacteroidia | Cytophagales |  f__Hymenobacteraceae |  g__Adhaeribacter.3","69618","0.09682836412027503"
"2.229245283018868","5.609886109088452E-4","c__TK10","0.44858231062209053","0.41782130912565696","92","3","f__TK10","g__TK10.17","false","d__Bacteria","d__Bacteria |  p__Chloroflexi |  c__TK10 | TK10 |  f__TK10 |  g__TK10.17","90.3695652173913","0","92","TK10","0","p__Chloroflexi","0.9946785918484032","false","0","d__Bacteria |  p__Chloroflexi |  c__TK10 | TK10 |  f__TK10 |  g__TK10.17","36034","0.12464767616191905"
"2.293396226415094","2.909020121196157E-4","c__TK10","0.43603455368161254","0.4484399788471708","62","3","f__TK10","g__TK10.48","false","d__Bacteria","d__Bacteria |  p__Chloroflexi |  c__TK10 | TK10 |  f__TK10 |  g__TK10.48","80.96774193548387","0","62","TK10","0","p__Chloroflexi","0.9944008821367312","false","0","d__Bacteria |  p__Chloroflexi |  c__TK10 | TK10 |  f__TK10 |  g__TK10.48","18508","0.11785697516082078"
"2.137735849056604","0.0012343405343425676","c__TK10","0.4677846425419241","0.34116129032258063","125","3","f__TK10","g__TK10.9","false","d__Bacteria","d__Bacteria |  p__Chloroflexi |  c__TK10 | TK10 |  f__TK10 |  g__TK10.9","101.856","0","125","TK10","0","p__Chloroflexi","0.9950747365841706","false","0","d__Bacteria |  p__Chloroflexi |  c__TK10 | TK10 |  f__TK10 |  g__TK10.9","75282","0.12909505703422053"
"2.2547169811320753","5.355871000478566E-4","c__Gemmatimonadetes","0.4435146443514645","0.22190611664295876","38","3","f__Gemmatimonadaceae","g__uncultured.1","false","d__Bacteria","d__Bacteria |  p__Gemmatimonadota |  c__Gemmatimonadetes | Gemmatimonadales |  f__Gemmatimonadaceae |  g__uncultured.1","80.47368421052632","0","38","Gemmatimonadales","0","p__Gemmatimonadota","0.994568324757004","false","0","d__Bacteria |  p__Gemmatimonadota |  c__Gemmatimonadetes | Gemmatimonadales |  f__Gemmatimonadaceae |  g__uncultured.1","26426","0.10701287793952967"
"2.1179245283018866","7.965280909894597E-4","c__Alphaproteobacteria","0.4721603563474388","0.35074626865671643","68","3","f__Acetobacteraceae","0.999996858","false","d__Bacteria","d__Bacteria |  p__Proteobacteria |  c__Alphaproteobacteria | Acetobacterales |  f__Acetobacteraceae | 0.999996858","97.94117647058823","0","68","Acetobacterales","0","p__Proteobacteria","0.995160499877481","false","0","d__Bacteria |  p__Proteobacteria |  c__Alphaproteobacteria | Acetobacterales |  f__Acetobacteraceae | 0.999996858","50258","0.1129656014654997"
"2.271698113207547","7.752082084703386E-4","c__Alphaproteobacteria","0.44019933554817275","0.3430619559651818","63","3","f__Caulobacteraceae","g__Brevundimonas.1","false","d__Bacteria","d__Bacteria |  p__Proteobacteria |  c__Alphaproteobacteria | Caulobacterales |  f__Caulobacteraceae |  g__Brevundimonas.1","82.65079365079364","0","63","Caulobacterales","0","p__Proteobacteria","0.9944948133627379","false","0","d__Bacteria |  p__Proteobacteria |  c__Alphaproteobacteria | Caulobacterales |  f__Caulobacteraceae |  g__Brevundimonas.1","34444","0.11657375691226185"
"2.279245283018868","5.609085073985832E-4","c__Alphaproteobacteria","0.43874172185430466","0.3641552511415525","73","3","f__Caulobacteraceae","g__Phenylobacterium","false","d__Bacteria","d__Bacteria |  p__Proteobacteria |  c__Alphaproteobacteria | Caulobacterales |  f__Caulobacteraceae |  g__Phenylobacterium","86.78082191780823","0","73","Caulobacterales","0","p__Proteobacteria","0.994462141631953","false","0","d__Bacteria |  p__Proteobacteria |  c__Alphaproteobacteria | Caulobacterales |  f__Caulobacteraceae |  g__Phenylobacterium","29894","0.12558729655254447"
"2.0443396226415094","0.002968900716350473","c__Alphaproteobacteria","0.4891555145362252","0.35804263565891475","129","3","f__Beijerinckiaceae","g__Methylorosula","false","d__Bacteria","d__Bacteria |  p__Proteobacteria |  c__Alphaproteobacteria | Rhizobiales |  f__Beijerinckiaceae |  g__Methylorosula","88.70542635658914","0","129","Rhizobiales","0","p__Proteobacteria","0.9954790492526342","false","0","d__Bacteria |  p__Proteobacteria |  c__Alphaproteobacteria | Rhizobiales |  f__Beijerinckiaceae |  g__Methylorosula","131892","0.10034550492826827"
"2.2433962264150944","4.795926136303623E-4","c__Alphaproteobacteria","0.44575273338940286","0.39099941554646406","59","3","f__Xanthobacteraceae","g__Bradyrhizobium.4","false","d__Bacteria","d__Bacteria |  p__Proteobacteria |  c__Alphaproteobacteria | Rhizobiales |  f__Xanthobacteraceae |  g__Bradyrhizobium.4","96.30508474576271","0","59","Rhizobiales","0","p__Proteobacteria","0.9946173323531814","false","0","d__Bacteria |  p__Proteobacteria |  c__Alphaproteobacteria | Rhizobiales |  f__Xanthobacteraceae |  g__Bradyrhizobium.4","26720","0.12961653397814632"
"2.299056603773585","3.2458123538005226E-4","c__Alphaproteobacteria","0.434961017644645","0.4320436507936508","64","3","f__Mitochondria","g__Mitochondria.1","false","d__Bacteria","d__Bacteria |  p__Proteobacteria |  c__Alphaproteobacteria | Rickettsiales |  f__Mitochondria |  g__Mitochondria.1","80.296875","0","64","Rickettsiales","0","p__Proteobacteria","0.9943763783386426","false","0","d__Bacteria |  p__Proteobacteria |  c__Alphaproteobacteria | Rickettsiales |  f__Mitochondria |  g__Mitochondria.1","19622","0.11825754786450662"
"1.95","0.004192804626949237","c__Alphaproteobacteria","0.5128205128205129","0.33344226579520697","136","3","f__Sphingomonadaceae","g__Altererythrobacter.1","false","d__Bacteria","d__Bacteria |  p__Proteobacteria |  c__Alphaproteobacteria | Sphingomonadales |  f__Sphingomonadaceae |  g__Altererythrobacter.1","94.99264705882354","0","136","Sphingomonadales","0","p__Proteobacteria","0.9958874458874459","false","0","d__Bacteria |  p__Proteobacteria |  c__Alphaproteobacteria | Sphingomonadales |  f__Sphingomonadaceae |  g__Altererythrobacter.1","192280","0.09722891203564332"
"2.267924528301887","3.811013591053425E-4","c__Alphaproteobacteria","0.4409317803660565","0.4299034299034299","78","3","f__Sphingomonadaceae","g__Polymorphobacter.1","false","d__Bacteria","d__Bacteria |  p__Proteobacteria |  c__Alphaproteobacteria | Sphingomonadales |  f__Sphingomonadaceae |  g__Polymorphobacter.1","88.98717948717949","0","78","Sphingomonadales","0","p__Proteobacteria","0.9945111492281304","false","0","d__Bacteria |  p__Proteobacteria |  c__Alphaproteobacteria | Sphingomonadales |  f__Sphingomonadaceae |  g__Polymorphobacter.1","24164","0.1274887958269047"
"2.3650943396226416","1.333239048389817E-4","c__Alphaproteobacteria","0.42281611487834064","0.5540780141843972","48","3","f__Sphingomonadaceae","g__Sphingomonas.10","false","d__Bacteria","d__Bacteria |  p__Proteobacteria |  c__Alphaproteobacteria | Sphingomonadales |  f__Sphingomonadaceae |  g__Sphingomonas.10","75.3125","0","48","Sphingomonadales","0","p__Proteobacteria","0.9940905006942743","false","0","d__Bacteria |  p__Proteobacteria |  c__Alphaproteobacteria | Sphingomonadales |  f__Sphingomonadaceae |  g__Sphingomonas.10","9154","0.1205"
"2.1962264150943396","9.482284301263076E-4","c__Alphaproteobacteria","0.45532646048109965","0.3235576923076923","65","3","f__Sphingomonadaceae","g__Sphingomonas.15","false","d__Bacteria","d__Bacteria |  p__Proteobacteria |  c__Alphaproteobacteria | Sphingomonadales |  f__Sphingomonadaceae |  g__Sphingomonas.15","81.6923076923077","0","65","Sphingomonadales","0","p__Proteobacteria","0.9948215306705872","false","0","d__Bacteria |  p__Proteobacteria |  c__Alphaproteobacteria | Sphingomonadales |  f__Sphingomonadaceae |  g__Sphingomonas.15","53464","0.10380216987586746"
"2.230188679245283","7.179641220357468E-4","c__Alphaproteobacteria","0.44839255499153974","0.41621621621621624","75","3","f__Sphingomonadaceae","g__Sphingomonas.16","false","d__Bacteria","d__Bacteria |  p__Proteobacteria |  c__Alphaproteobacteria | Sphingomonadales |  f__Sphingomonadaceae |  g__Sphingomonas.16","90.58666666666667","0","75","Sphingomonadales","0","p__Proteobacteria","0.994674507882055","false","0","d__Bacteria |  p__Proteobacteria |  c__Alphaproteobacteria | Sphingomonadales |  f__Sphingomonadaceae |  g__Sphingomonas.16","45994","0.12224921277552857"
"2.209433962264151","9.595602407303907E-4","c__Alphaproteobacteria","0.45260461144321096","0.3814866760168303","93","3","f__Sphingomonadaceae","g__Sphingomonas.17","false","d__Bacteria","d__Bacteria |  p__Proteobacteria |  c__Alphaproteobacteria | Sphingomonadales |  f__Sphingomonadaceae |  g__Sphingomonas.17","89.60215053763442","0","93","Sphingomonadales","0","p__Proteobacteria","0.9947643551417137","false","0","d__Bacteria |  p__Proteobacteria |  c__Alphaproteobacteria | Sphingomonadales |  f__Sphingomonadaceae |  g__Sphingomonas.17","49046","0.12027134300353612"
"2.25","8.280001448404141E-4","c__Alphaproteobacteria","0.4444444444444444","0.38883526383526384","112","3","f__Sphingomonadaceae","g__Sphingomonas.26","false","d__Bacteria","d__Bacteria |  p__Proteobacteria |  c__Alphaproteobacteria | Sphingomonadales |  f__Sphingomonadaceae |  g__Sphingomonas.26","91.33928571428571","0","112","Sphingomonadales","0","p__Proteobacteria","0.9945887445887446","false","0","d__Bacteria |  p__Proteobacteria |  c__Alphaproteobacteria | Sphingomonadales |  f__Sphingomonadaceae |  g__Sphingomonas.26","49184","0.13373248274419577"
"2.159433962264151","0.0012675582998227298","c__Alphaproteobacteria","0.4630843162953255","0.2613430127041742","58","3","f__Sphingomonadaceae","g__Sphingomonas.3","false","d__Bacteria","d__Bacteria |  p__Proteobacteria |  c__Alphaproteobacteria | Sphingomonadales |  f__Sphingomonadaceae |  g__Sphingomonas.3","83.51724137931035","0","58","Sphingomonadales","0","p__Proteobacteria","0.9949808053581638","false","0","d__Bacteria |  p__Proteobacteria |  c__Alphaproteobacteria | Sphingomonadales |  f__Sphingomonadaceae |  g__Sphingomonas.3","57680","0.10026079397276152"
"2.2216981132075473","7.693925440278559E-4","c__Alphaproteobacteria","0.4501061571125265","0.3531645569620253","80","3","f__Sphingomonadaceae","g__Sphingomonas.4","false","d__Bacteria","d__Bacteria |  p__Proteobacteria |  c__Alphaproteobacteria | Sphingomonadales |  f__Sphingomonadaceae |  g__Sphingomonas.4","98.875","0","80","Sphingomonadales","0","p__Proteobacteria","0.9947112635791882","false","0","d__Bacteria |  p__Proteobacteria |  c__Alphaproteobacteria | Sphingomonadales |  f__Sphingomonadaceae |  g__Sphingomonas.4","46326","0.13271812080536913"
"2.211320754716981","0.001015886302819687","c__Alphaproteobacteria","0.4522184300341297","0.3466666666666667","76","3","f__Sphingomonadaceae","g__Sphingomonas.6","false","d__Bacteria","d__Bacteria |  p__Proteobacteria |  c__Alphaproteobacteria | Sphingomonadales |  f__Sphingomonadaceae |  g__Sphingomonas.6","85.78947368421052","0","76","Sphingomonadales","0","p__Proteobacteria","0.9947561872090174","false","0","d__Bacteria |  p__Proteobacteria |  c__Alphaproteobacteria | Sphingomonadales |  f__Sphingomonadaceae |  g__Sphingomonas.6","54918","0.1128808864265928"
"2.1037735849056602","0.0016065519113540234","c__Alphaproteobacteria","0.4753363228699552","0.3455445544554455","101","3","f__Sphingomonadaceae","g__uncultured","false","d__Bacteria","d__Bacteria |  p__Proteobacteria |  c__Alphaproteobacteria | Sphingomonadales |  f__Sphingomonadaceae |  g__uncultured","89.9009900990099","0","101","Sphingomonadales","0","p__Proteobacteria","0.9952217593727027","false","0","d__Bacteria |  p__Proteobacteria |  c__Alphaproteobacteria | Sphingomonadales |  f__Sphingomonadaceae |  g__uncultured","80002","0.10589044770201402"
"2.0716981132075474","0.001995666342627789","c__Alphaproteobacteria","0.482695810564663","0.29979879275653926","71","3","f__Sphingomonadaceae","0.999914469","false","d__Bacteria","d__Bacteria |  p__Proteobacteria |  c__Alphaproteobacteria | Sphingomonadales |  f__Sphingomonadaceae | 0.999914469","85.77464788732394","0","71","Sphingomonadales","0","p__Proteobacteria","0.9953606142285387","false","0","d__Bacteria |  p__Proteobacteria |  c__Alphaproteobacteria | Sphingomonadales |  f__Sphingomonadaceae | 0.999914469","94030","0.09394813569257825"
"2.0367924528301886","0.002506888026107081","c__Gammaproteobacteria","0.4909680407596109","0.22168568920105355","68","3","f__Oxalobacteraceae","g__Massilia","false","d__Bacteria","d__Bacteria |  p__Proteobacteria |  c__Gammaproteobacteria | Burkholderiales |  f__Oxalobacteraceae |  g__Massilia","87.77941176470588","0","68","Burkholderiales","0","p__Proteobacteria","0.9955117209834191","false","0","d__Bacteria |  p__Proteobacteria |  c__Gammaproteobacteria | Burkholderiales |  f__Oxalobacteraceae |  g__Massilia","107674","0.092108511820258"
"2.2358490566037736","5.502016269889033E-4","c__Gammaproteobacteria","0.4472573839662447","0.3563218390804598","58","3","f__Oxalobacteraceae","g__Massilia.1","false","d__Bacteria","d__Bacteria |  p__Proteobacteria |  c__Gammaproteobacteria | Burkholderiales |  f__Oxalobacteraceae |  g__Massilia.1","86.41379310344827","0","58","Burkholderiales","0","p__Proteobacteria","0.9946500040839664","false","0","d__Bacteria |  p__Proteobacteria |  c__Gammaproteobacteria | Burkholderiales |  f__Oxalobacteraceae |  g__Massilia.1","30478","0.11491195891415994"
"2.190566037735849","9.061482186388251E-4","c__Abditibacteria","0.4565030146425495","0.30972417017297804","93","3","f__Abditibacteriaceae","g__Abditibacterium.1","false","d__Bacteria","d__Bacteria |  p__Abditibacteriota |  c__Abditibacteria | Abditibacteriales |  f__Abditibacteriaceae |  g__Abditibacterium.1","105.74193548387096","0","93","Abditibacteriales","0","p__Abditibacteriota","0.9948460344686759","false","0","d__Bacteria |  p__Abditibacteriota |  c__Abditibacteria | Abditibacteriales |  f__Abditibacteriaceae |  g__Abditibacterium.1","50124","0.138224752266498"
"2.0924528301886793","0.001471950853670926","c__Acidobacteriae","0.4779080252479711","0.36051151822963906","149","3","f__Bryobacteraceae","g__Bryobacter.3","false","d__Bacteria","d__Bacteria |  p__Acidobacteriota |  c__Acidobacteriae | Bryobacterales |  f__Bryobacteraceae |  g__Bryobacter.3","114.3489932885906","0","149","Bryobacterales","0","p__Acidobacteriota","0.9952707669688802","false","0","d__Bacteria |  p__Acidobacteriota |  c__Acidobacteriae | Bryobacterales |  f__Bryobacteraceae |  g__Bryobacter.3","97778","0.14065066825164896"
"2.1037735849056602","7.373034655667995E-4","c__Acidimicrobiia","0.4753363228699552","0.40834824090638044","130","3","f__Ilumatobacteraceae","g__Ilumatobacter.1","false","d__Bacteria","d__Bacteria |  p__Actinobacteriota |  c__Acidimicrobiia | Microtrichales |  f__Ilumatobacteraceae |  g__Ilumatobacter.1","130.2153846153846","0","130","Microtrichales","0","p__Actinobacteriota","0.9952217593727027","false","0","d__Bacteria |  p__Actinobacteriota |  c__Acidimicrobiia | Microtrichales |  f__Ilumatobacteraceae |  g__Ilumatobacter.1","57498","0.15879924953095684"
"2.180188679245283","8.652473573121236E-4","c__Actinobacteria","0.45867589787970575","0.42390942390942393","78","3","f__Geodermatophilaceae","g__Blastococcus.4","false","d__Bacteria","d__Bacteria |  p__Actinobacteriota |  c__Actinobacteria | Frankiales |  f__Geodermatophilaceae |  g__Blastococcus.4","103.51282051282051","0","78","Frankiales","0","p__Actinobacteriota","0.9948909580985053","false","0","d__Bacteria |  p__Actinobacteriota |  c__Actinobacteria | Frankiales |  f__Geodermatophilaceae |  g__Blastococcus.4","46604","0.13086323705792732"
"2.0858490566037737","0.0010756243340628207","c__Actinobacteria","0.4794210764360018","0.37609011627906974","129","3","f__Geodermatophilaceae","g__Geodermatophilus","false","d__Bacteria","d__Bacteria |  p__Actinobacteriota |  c__Actinobacteria | Frankiales |  f__Geodermatophilaceae |  g__Geodermatophilus","116.64341085271317","0","129","Frankiales","0","p__Actinobacteriota","0.995299354733317","false","0","d__Bacteria |  p__Actinobacteriota |  c__Actinobacteria | Frankiales |  f__Geodermatophilaceae |  g__Geodermatophilus","85994","0.13886120339608712"
"2.1235849056603775","0.0012186295166867554","c__Actinobacteria","0.4709018214127054","0.3376146788990826","110","3","f__Nakamurellaceae","g__Nakamurella","false","d__Bacteria","d__Bacteria |  p__Actinobacteriota |  c__Actinobacteria | Frankiales |  f__Nakamurellaceae |  g__Nakamurella","99.46363636363637","0","110","Frankiales","0","p__Actinobacteriota","0.9951359960793923","false","0","d__Bacteria |  p__Actinobacteriota |  c__Actinobacteria | Frankiales |  f__Nakamurellaceae |  g__Nakamurella","73650","0.12144522144522145"
"1.9566037735849056","0.002777315408253942","c__Actinobacteria","0.5110896817743491","0.3317650413458797","168","3","f__Cellulomonadaceae","g__Cellulomonas.1","false","d__Bacteria","d__Bacteria |  p__Actinobacteriota |  c__Actinobacteria | Micrococcales |  f__Cellulomonadaceae |  g__Cellulomonas.1","116.23214285714286","0","168","Micrococcales","0","p__Actinobacteriota","0.9958588581230091","false","0","d__Bacteria |  p__Actinobacteriota |  c__Actinobacteria | Micrococcales |  f__Cellulomonadaceae |  g__Cellulomonas.1","167772","0.12391486445324398"
"2.017924528301887","0.0015099366367641873","c__Actinobacteria","0.4955586722767648","0.3604965315808689","166","3","f__Intrasporangiaceae","0.99254881","false","d__Bacteria","d__Bacteria |  p__Actinobacteriota |  c__Actinobacteria | Micrococcales |  f__Intrasporangiaceae | 0.99254881","120.69277108433735","0","166","Micrococcales","0","p__Actinobacteriota","0.9955934003103815","false","0","d__Bacteria |  p__Actinobacteriota |  c__Actinobacteria | Micrococcales |  f__Intrasporangiaceae | 0.99254881","119282","0.13793459552495696"
"1.9924528301886792","0.0027682918720256483","c__Actinobacteria","0.5018939393939394","0.3020030816640986","177","3","f__Micromonosporaceae","g__Actinoplanes","false","d__Bacteria","d__Bacteria |  p__Actinobacteriota |  c__Actinobacteria | Micromonosporales |  f__Micromonosporaceae |  g__Actinoplanes","119.954802259887","0","177","Micromonosporales","0","p__Actinobacteriota","0.9957036674017806","false","0","d__Bacteria |  p__Actinobacteriota |  c__Actinobacteria | Micromonosporales |  f__Micromonosporaceae |  g__Actinoplanes","204274","0.13462940769908754"
"2.090566037735849","0.0016748577019038095","c__Actinobacteria","0.47833935018050544","0.31679389312977096","132","3","f__Nocardioidaceae","g__Marmoricola","false","d__Bacteria","d__Bacteria |  p__Actinobacteriota |  c__Actinobacteria | Propionibacteriales |  f__Nocardioidaceae |  g__Marmoricola","106.81060606060606","0","132","Propionibacteriales","0","p__Actinobacteriota","0.9952789349015765","false","0","d__Bacteria |  p__Actinobacteriota |  c__Actinobacteria | Propionibacteriales |  f__Nocardioidaceae |  g__Marmoricola","111394","0.12837813228438227"
"2.0141509433962264","0.0012407877098348534","c__Actinobacteria","0.4964871194379391","0.35817091454272865","116","3","f__Nocardioidaceae","g__Marmoricola.2","false","d__Bacteria","d__Bacteria |  p__Actinobacteriota |  c__Actinobacteria | Propionibacteriales |  f__Nocardioidaceae |  g__Marmoricola.2","116.50862068965517","0","116","Propionibacteriales","0","p__Actinobacteriota","0.9956097361757739","false","0","d__Bacteria |  p__Actinobacteriota |  c__Actinobacteria | Propionibacteriales |  f__Nocardioidaceae |  g__Marmoricola.2","89146","0.12541293938606585"
"1.9952830188679245","0.002778163850639874","c__Actinobacteria","0.5011820330969268","0.31399747793190413","183","3","f__Pseudonocardiaceae","g__Actinomycetospora","false","d__Bacteria","d__Bacteria |  p__Actinobacteriota |  c__Actinobacteria | Pseudonocardiales |  f__Pseudonocardiaceae |  g__Actinomycetospora","121.95081967213115","0","183","Pseudonocardiales","0","p__Actinobacteriota","0.9956914155027362","false","0","d__Bacteria |  p__Actinobacteriota |  c__Actinobacteria | Pseudonocardiales |  f__Pseudonocardiaceae |  g__Actinomycetospora","199832","0.138266235455931"
"2.239622641509434","8.01269380151138E-4","c__Actinobacteria","0.4465037910699242","0.40238836967808933","108","3","f__Pseudonocardiaceae","g__Pseudonocardia.1","false","d__Bacteria","d__Bacteria |  p__Actinobacteriota |  c__Actinobacteria | Pseudonocardiales |  f__Pseudonocardiaceae |  g__Pseudonocardia.1","96.87962962962963","0","108","Pseudonocardiales","0","p__Actinobacteriota","0.9946336682185738","false","0","d__Bacteria |  p__Actinobacteriota |  c__Actinobacteria | Pseudonocardiales |  f__Pseudonocardiaceae |  g__Pseudonocardia.1","42222","0.13879603098800808"
"2.228301886792453","6.152736226677003E-4","c__Thermoleophilia","0.4487722269263336","0.3124048706240487","73","4","f__Solirubrobacteraceae","g__Solirubrobacter.2","false","d__Bacteria","d__Bacteria |  p__Actinobacteriota |  c__Thermoleophilia | Solirubrobacterales |  f__Solirubrobacteraceae |  g__Solirubrobacter.2","103.06849315068493","0","73","Solirubrobacterales","0","p__Actinobacteriota","0.9946826758147513","false","0","d__Bacteria |  p__Actinobacteriota |  c__Thermoleophilia | Solirubrobacterales |  f__Solirubrobacteraceae |  g__Solirubrobacter.2","40338","0.13816151896874657"
"2.031132075471698","0.0018544586359741072",,"0.49233627496516486","0.34981291298463496","159","3",,,"false",,"d__Bacteria |  p__Actinobacteriota |  c__Thermoleophilia | Solirubrobacterales | 0.996725568 | ","111.08176100628931","0","159",,"0",,"0.9955362247815078","false","0","d__Bacteria |  p__Actinobacteriota |  c__Thermoleophilia | Solirubrobacterales | 0.996725568 | ","122738","0.12797437903950382"
"2.1452830188679246","6.27601221711836E-4","c__Bacteroidia","0.4661389621811785","0.35624150650359154","102","3","f__Flavobacteriaceae","g__Flavobacterium.18","false","d__Bacteria","d__Bacteria |  p__Bacteroidota |  c__Bacteroidia | Flavobacteriales |  f__Flavobacteriaceae |  g__Flavobacterium.18","121.0","0","102","Flavobacteriales","0","p__Bacteroidota","0.9950420648533856","false","0","d__Bacteria |  p__Bacteroidota |  c__Bacteroidia | Flavobacteriales |  f__Flavobacteriaceae |  g__Flavobacterium.18","43942","0.15049751243781095"
"1.9952830188679245","0.002459934013339186","c__Kapabacteria","0.5011820330969268","0.3203206692227257","152","3","f__Kapabacteriales","g__Kapabacteriales","false","d__Bacteria","d__Bacteria |  p__Bacteroidota |  c__Kapabacteria | Kapabacteriales |  f__Kapabacteriales |  g__Kapabacteriales","106.5592105263158","0","152","Kapabacteriales","0","p__Bacteroidota","0.9956914155027362","false","0","d__Bacteria |  p__Bacteroidota |  c__Kapabacteria | Kapabacteriales |  f__Kapabacteriales |  g__Kapabacteriales","148322","0.11671326454141927"
"2.140566037735849","6.400924615592679E-4","c__Ktedonobacteria","0.4671661524900838","0.37751285647498833","93","3","f__C0119","g__C0119.1","false","d__Bacteria","d__Bacteria |  p__Chloroflexi |  c__Ktedonobacteria | C0119 |  f__C0119 |  g__C0119.1","108.15053763440861","0","93","C0119","0","p__Chloroflexi","0.9950624846851261","false","0","d__Bacteria |  p__Chloroflexi |  c__Ktedonobacteria | C0119 |  f__C0119 |  g__C0119.1","40820","0.13221337119120857"
"2.1547169811320757","4.515238641501665E-4","c__TK10","0.46409807355516636","0.4890781192151055","74","3","f__TK10","g__TK10.47","false","d__Bacteria","d__Bacteria |  p__Chloroflexi |  c__TK10 | TK10 |  f__TK10 |  g__TK10.47","101.55405405405405","0","74","TK10","0","p__Chloroflexi","0.9950012251899044","false","0","d__Bacteria |  p__Chloroflexi |  c__TK10 | TK10 |  f__TK10 |  g__TK10.47","35636","0.12354507792463996"
"2.047169811320755","0.0013655582121517174","c__TK10","0.48847926267281105","0.35628114345659584","124","3","f__TK10","g__TK10.51","false","d__Bacteria","d__Bacteria |  p__Chloroflexi |  c__TK10 | TK10 |  f__TK10 |  g__TK10.51","114.19354838709677","0","124","TK10","0","p__Chloroflexi","0.9954667973535899","false","0","d__Bacteria |  p__Chloroflexi |  c__TK10 | TK10 |  f__TK10 |  g__TK10.51","93632","0.12888662346173452"
"1.8971698113207547","0.004408290357083924",,"0.5271009448035803","0.29358072721831513","164","3",,,"false",,"d__Bacteria |  p__Chloroflexi | 0.976275408 |  |  | ","120.85365853658537","0","164",,"0",,"0.9961161480029405","false","0","d__Bacteria |  p__Chloroflexi | 0.976275408 |  |  | ","276186","0.12025239655381628"
"2.3047169811320756","4.326066524521044E-4","c__Gemmatimonadetes","0.4338927548096602","0.4068863383931877","74","3","f__Gemmatimonadaceae","g__Gemmatimonas.2","false","d__Bacteria","d__Bacteria |  p__Gemmatimonadota |  c__Gemmatimonadetes | Gemmatimonadales |  f__Gemmatimonadaceae |  g__Gemmatimonas.2","78.47297297297297","0","74","Gemmatimonadales","0","p__Gemmatimonadota","0.9943518745405537","false","0","d__Bacteria |  p__Gemmatimonadota |  c__Gemmatimonadetes | Gemmatimonadales |  f__Gemmatimonadaceae |  g__Gemmatimonas.2","25108","0.11836044188985366"
"2.2","6.026515955530919E-4","c__Polyangia","0.45454545454545453","0.3761569788967049","74","3","f__Polyangiaceae","g__Aetherobacter","false","d__Bacteria","d__Bacteria |  p__Myxococcota |  c__Polyangia | Polyangiales |  f__Polyangiaceae |  g__Aetherobacter","98.44594594594595","0","74","Polyangiales","0","p__Myxococcota","0.9948051948051948","false","0","d__Bacteria |  p__Myxococcota |  c__Polyangia | Polyangiales |  f__Polyangiaceae |  g__Aetherobacter","35232","0.1271911446330051"
"2.1009433962264152","5.214233458931349E-4","c__Polyangia","0.47597665020206553","0.46073674752920035","106","3","f__Polyangiaceae","g__Pajaroellobacter","false","d__Bacteria","d__Bacteria |  p__Myxococcota |  c__Polyangia | Polyangiales |  f__Polyangiaceae |  g__Pajaroellobacter","121.26415094339623","0","106","Polyangiales","0","p__Myxococcota","0.995234011271747","false","0","d__Bacteria |  p__Myxococcota |  c__Polyangia | Polyangiales |  f__Polyangiaceae |  g__Pajaroellobacter","37978","0.14316900937827182"
"2.0632075471698115","0.001006213727948511","c__Phycisphaerae","0.48468221307727477","0.4014061207609595","156","3","f__Phycisphaeraceae","g__SM1A02.4","false","d__Bacteria","d__Bacteria |  p__Planctomycetota |  c__Phycisphaerae | Phycisphaerales |  f__Phycisphaeraceae |  g__SM1A02.4","119.66666666666667","0","156","Phycisphaerales","0","p__Planctomycetota","0.9953973699256718","false","0","d__Bacteria |  p__Planctomycetota |  c__Phycisphaerae | Phycisphaerales |  f__Phycisphaeraceae |  g__SM1A02.4","86050","0.14297092791716448"
"2.111320754716981","0.0016098268106658614","c__Alphaproteobacteria","0.47363717605004474","0.26322930800542743","67","3","f__Caulobacteraceae","g__Caulobacter","false","d__Bacteria","d__Bacteria |  p__Proteobacteria |  c__Alphaproteobacteria | Caulobacterales |  f__Caulobacteraceae |  g__Caulobacter","95.0","0","67","Caulobacterales","0","p__Proteobacteria","0.9951890876419178","false","0","d__Bacteria |  p__Proteobacteria |  c__Alphaproteobacteria | Caulobacterales |  f__Caulobacteraceae |  g__Caulobacter","74342","0.10857142857142857"
"2.2122641509433962","0.0010902467434327843","c__Alphaproteobacteria","0.4520255863539446","0.2869674185463659","57","3","f__Caulobacteraceae","0.999813735","false","d__Bacteria","d__Bacteria |  p__Proteobacteria |  c__Alphaproteobacteria | Caulobacterales |  f__Caulobacteraceae | 0.999813735","82.87719298245614","0","57","Caulobacterales","0","p__Proteobacteria","0.9947521032426694","false","0","d__Bacteria |  p__Proteobacteria |  c__Alphaproteobacteria | Caulobacterales |  f__Caulobacteraceae | 0.999813735","48200","0.10652595499030353"
"2.150943396226415","8.160370968586977E-4","c__Alphaproteobacteria","0.4649122807017544","0.36556776556776555","91","3","f__Beijerinckiaceae","g__Microvirga.1","false","d__Bacteria","d__Bacteria |  p__Proteobacteria |  c__Alphaproteobacteria | Rhizobiales |  f__Beijerinckiaceae |  g__Microvirga.1","104.06593406593407","0","91","Rhizobiales","0","p__Proteobacteria","0.9950175610552969","false","0","d__Bacteria |  p__Proteobacteria |  c__Alphaproteobacteria | Rhizobiales |  f__Beijerinckiaceae |  g__Microvirga.1","47764","0.12863527078607426"
"2.280188679245283","5.51420934188929E-4","c__Alphaproteobacteria","0.4385601985932975","0.3609217786432976","79","3","f__Devosiaceae","g__Devosia","false","d__Bacteria","d__Bacteria |  p__Proteobacteria |  c__Alphaproteobacteria | Rhizobiales |  f__Devosiaceae |  g__Devosia","93.07594936708861","0","79","Rhizobiales","0","p__Proteobacteria","0.9944580576656049","false","0","d__Bacteria |  p__Proteobacteria |  c__Alphaproteobacteria | Rhizobiales |  f__Devosiaceae |  g__Devosia","29432","0.1360759493670886"
"1.9943396226415093","0.001951870462950027","c__Alphaproteobacteria","0.5014191106906339","0.3565019228030195","119","3","f__Xanthobacteraceae","g__uncultured","false","d__Bacteria","d__Bacteria |  p__Proteobacteria |  c__Alphaproteobacteria | Rhizobiales |  f__Xanthobacteraceae |  g__uncultured","113.23529411764706","0","119","Rhizobiales","0","p__Proteobacteria","0.9956954994690843","false","0","d__Bacteria |  p__Proteobacteria |  c__Alphaproteobacteria | Rhizobiales |  f__Xanthobacteraceae |  g__uncultured","127602","0.11969015936184199"
"2.0943396226415096","0.0011149264862272093","c__Alphaproteobacteria","0.47747747747747743","0.3720246841022627","83","3","f__Xanthobacteraceae","g__uncultured.4","false","d__Bacteria","d__Bacteria |  p__Proteobacteria |  c__Alphaproteobacteria | Rhizobiales |  f__Xanthobacteraceae |  g__uncultured.4","103.33734939759036","0","83","Rhizobiales","0","p__Proteobacteria","0.995262599036184","false","0","d__Bacteria |  p__Proteobacteria |  c__Alphaproteobacteria | Rhizobiales |  f__Xanthobacteraceae |  g__uncultured.4","67982","0.11783050102347818"
"2.0650943396226413","0.0012232145692209406","c__Alphaproteobacteria","0.48423937871174055","0.33775593775593776","111","3","f__Sphingomonadaceae","g__Novosphingobium","false","d__Bacteria","d__Bacteria |  p__Proteobacteria |  c__Alphaproteobacteria | Sphingomonadales |  f__Sphingomonadaceae |  g__Novosphingobium","112.25225225225225","0","111","Sphingomonadales","0","p__Proteobacteria","0.9953892019929755","false","0","d__Bacteria |  p__Proteobacteria |  c__Alphaproteobacteria | Sphingomonadales |  f__Sphingomonadaceae |  g__Novosphingobium","75618","0.12755937755937755"
"2.15188679245283","8.216526216808633E-4","c__Alphaproteobacteria","0.46470846120122755","0.3477233676975945","97","3","f__Sphingomonadaceae","g__Sphingoaurantiacus","false","d__Bacteria","d__Bacteria |  p__Proteobacteria |  c__Alphaproteobacteria | Sphingomonadales |  f__Sphingomonadaceae |  g__Sphingoaurantiacus","110.1340206185567","0","97","Sphingomonadales","0","p__Proteobacteria","0.9950134770889487","false","0","d__Bacteria |  p__Proteobacteria |  c__Alphaproteobacteria | Sphingomonadales |  f__Sphingomonadaceae |  g__Sphingoaurantiacus","54944","0.1373242152351081"
"2.180188679245283","6.157450322686019E-4","c__Alphaproteobacteria","0.45867589787970575","0.27340031729243786","62","3","f__Sphingomonadaceae","g__Sphingomonas.28","false","d__Bacteria","d__Bacteria |  p__Proteobacteria |  c__Alphaproteobacteria | Sphingomonadales |  f__Sphingomonadaceae |  g__Sphingomonas.28","101.54838709677419","0","62","Sphingomonadales","0","p__Proteobacteria","0.9948909580985053","false","0","d__Bacteria |  p__Proteobacteria |  c__Alphaproteobacteria | Sphingomonadales |  f__Sphingomonadaceae |  g__Sphingomonas.28","35868","0.12583443258584162"
"2.1349056603773584","8.131764774912082E-4","c__Alphaproteobacteria","0.4684047724259832","0.39605007935108444","107","3","f__Sphingomonadaceae","g__Sphingomonas.41","false","d__Bacteria","d__Bacteria |  p__Proteobacteria |  c__Alphaproteobacteria | Sphingomonadales |  f__Sphingomonadaceae |  g__Sphingomonas.41","115.04672897196262","0","107","Sphingomonadales","0","p__Proteobacteria","0.9950869884832149","false","0","d__Bacteria |  p__Proteobacteria |  c__Alphaproteobacteria | Sphingomonadales |  f__Sphingomonadaceae |  g__Sphingomonas.41","54906","0.14203299873081804"
"1.9990566037735849","0.0018139043566533862","c__Gammaproteobacteria","0.5002359603586598","0.34599052751918996","157","3","f__A21b","g__A21b","false","d__Bacteria","d__Bacteria |  p__Proteobacteria |  c__Gammaproteobacteria | Burkholderiales |  f__A21b |  g__A21b","119.03821656050955","0","157","Burkholderiales","0","p__Proteobacteria","0.9956750796373437","false","0","d__Bacteria |  p__Proteobacteria |  c__Gammaproteobacteria | Burkholderiales |  f__A21b |  g__A21b","135758","0.1316794430979088"
"1.9858490566037736","0.0021890576161640763","c__Gammaproteobacteria","0.503562945368171","0.32397350993377483","151","3","f__SC-I-84","g__SC-I-84.1","false","d__Bacteria","d__Bacteria |  p__Proteobacteria |  c__Gammaproteobacteria | Burkholderiales |  f__SC-I-84 |  g__SC-I-84.1","116.49006622516556","0","151","Burkholderiales","0","p__Proteobacteria","0.9957322551662174","false","0","d__Bacteria |  p__Proteobacteria |  c__Gammaproteobacteria | Burkholderiales |  f__SC-I-84 |  g__SC-I-84.1","143210","0.12607150024368569"
"2.2783018867924527","3.9145766592079935E-4","c__Abditibacteria","0.4389233954451346","0.35119047619047616","49","3","f__Abditibacteriaceae","g__Abditibacterium.10","false","d__Bacteria","d__Bacteria |  p__Abditibacteriota |  c__Abditibacteria | Abditibacteriales |  f__Abditibacteriaceae |  g__Abditibacterium.10","102.06122448979592","0","49","Abditibacteriales","0","p__Abditibacteriota","0.994466225598301","false","0","d__Bacteria |  p__Abditibacteriota |  c__Abditibacteria | Abditibacteriales |  f__Abditibacteriaceae |  g__Abditibacterium.10","24406","0.14254360962262"
"2.2245283018867923","8.706888518582639E-4","c__Abditibacteria","0.4495335029686175","0.3069620253164557","80","3","f__Abditibacteriaceae","g__Abditibacterium.6","false","d__Bacteria","d__Bacteria |  p__Abditibacteriota |  c__Abditibacteria | Abditibacteriales |  f__Abditibacteriaceae |  g__Abditibacterium.6","88.1875","0","80","Abditibacteriales","0","p__Abditibacteriota","0.9946990116801439","false","0","d__Bacteria |  p__Abditibacteriota |  c__Abditibacteria | Abditibacteriales |  f__Abditibacteriaceae |  g__Abditibacterium.6","38616","0.1188510781671159"
"2.2471698113207546","5.044923211557201E-4","c__Holophagae","0.4450041981528128","0.44972972972972974","75","3","f__Subgroup_7","g__Subgroup_7.1","false","d__Bacteria","d__Bacteria |  p__Acidobacteriota |  c__Holophagae | Subgroup_7 |  f__Subgroup_7 |  g__Subgroup_7.1","90.22666666666667","0","75","Subgroup_7","0","p__Acidobacteriota","0.9946009964877889","false","0","d__Bacteria |  p__Acidobacteriota |  c__Holophagae | Subgroup_7 |  f__Subgroup_7 |  g__Subgroup_7.1","30318","0.12479483633010605"
"2.20188679245283","7.539342262815956E-4","c__Actinobacteria","0.4541559554413025","0.27049180327868855","61","3","f__Mycobacteriaceae","g__Mycobacterium.3","false","d__Bacteria","d__Bacteria |  p__Actinobacteriota |  c__Actinobacteria | Corynebacteriales |  f__Mycobacteriaceae |  g__Mycobacterium.3","92.70491803278688","0","61","Corynebacteriales","0","p__Actinobacteriota","0.9947970268724986","false","0","d__Bacteria |  p__Actinobacteriota |  c__Actinobacteria | Corynebacteriales |  f__Mycobacteriaceae |  g__Mycobacterium.3","42442","0.11809543698444189"
"2.371698113207547","1.9260571804403337E-4","c__Actinobacteria","0.4216388225934765","0.4412580943570768","47","3","f__Nocardioidaceae","g__Marmoricola.3","false","d__Bacteria","d__Bacteria |  p__Actinobacteriota |  c__Actinobacteria | Propionibacteriales |  f__Nocardioidaceae |  g__Marmoricola.3","87.25531914893617","0","47","Propionibacteriales","0","p__Actinobacteriota","0.9940619129298375","false","0","d__Bacteria |  p__Actinobacteriota |  c__Actinobacteria | Propionibacteriales |  f__Nocardioidaceae |  g__Marmoricola.3","11214","0.14096174337469494"
"2.119811320754717","0.001068172056389882","c__Actinobacteria","0.4717400979083222","0.33972153972153973","111","3","f__Nocardioidaceae","g__Nocardioides.17","false","d__Bacteria","d__Bacteria |  p__Actinobacteriota |  c__Actinobacteria | Propionibacteriales |  f__Nocardioidaceae |  g__Nocardioides.17","111.68468468468468","0","111","Propionibacteriales","0","p__Actinobacteriota","0.9951523319447848","false","0","d__Bacteria |  p__Actinobacteriota |  c__Actinobacteria | Propionibacteriales |  f__Nocardioidaceae |  g__Nocardioides.17","75894","0.1358694460884242"
"2.2915094339622644","2.8515924065207915E-4","c__Actinobacteria","0.4363935776039522","0.32432432432432434","37","4","f__Pseudonocardiaceae","g__Pseudonocardia.31","false","d__Bacteria","d__Bacteria |  p__Actinobacteriota |  c__Actinobacteria | Pseudonocardiales |  f__Pseudonocardiaceae |  g__Pseudonocardia.31","96.48648648648648","0","37","Pseudonocardiales","0","p__Actinobacteriota","0.9944090500694275","false","0","d__Bacteria |  p__Actinobacteriota |  c__Actinobacteria | Pseudonocardiales |  f__Pseudonocardiaceae |  g__Pseudonocardia.31","15116","0.13494613494613494"
"1.9943396226415093","0.002487060623620249","c__Rubrobacteria","0.5014191106906339","0.264470372912377","94","3","f__Rubrobacteriaceae","g__Rubrobacter.3","false","d__Bacteria","d__Bacteria |  p__Actinobacteriota |  c__Rubrobacteria | Rubrobacterales |  f__Rubrobacteriaceae |  g__Rubrobacter.3","102.22340425531915","0","94","Rubrobacterales","0","p__Actinobacteriota","0.9956954994690843","false","0","d__Bacteria |  p__Actinobacteriota |  c__Rubrobacteria | Rubrobacterales |  f__Rubrobacteriaceae |  g__Rubrobacter.3","137852","0.10516811137378514"
"2.15188679245283","5.043439502827161E-4","c__Thermoleophilia","0.46470846120122755","0.47211394302848575","116","3","f__Gaiellaceae","g__Gaiella","false","d__Bacteria","d__Bacteria |  p__Actinobacteriota |  c__Thermoleophilia | Gaiellales |  f__Gaiellaceae |  g__Gaiella","123.13793103448276","0","116","Gaiellales","0","p__Actinobacteriota","0.9950134770889487","false","0","d__Bacteria |  p__Actinobacteriota |  c__Thermoleophilia | Gaiellales |  f__Gaiellaceae |  g__Gaiella","38812","0.15726427973752588"
"1.9367924528301887","0.0027038801694201065","c__Thermoleophilia","0.5163175840233803","0.3601548012577602","158","3","f__Gaiellaceae","g__Gaiella.9","false","d__Bacteria","d__Bacteria |  p__Actinobacteriota |  c__Thermoleophilia | Gaiellales |  f__Gaiellaceae |  g__Gaiella.9","122.5126582278481","0","158","Gaiellales","0","p__Actinobacteriota","0.9959446214163196","false","0","d__Bacteria |  p__Actinobacteriota |  c__Thermoleophilia | Gaiellales |  f__Gaiellaceae |  g__Gaiella.9","212102","0.12643205183472456"
"2.0056603773584905","0.0014352074305404325","c__Thermoleophilia","0.49858889934148637","0.3961499493414387","141","3","f__uncultured","g__uncultured.1","false","d__Bacteria","d__Bacteria |  p__Actinobacteriota |  c__Thermoleophilia | Gaiellales |  f__uncultured |  g__uncultured.1","121.53191489361703","0","141","Gaiellales","0","p__Actinobacteriota","0.995646491872907","false","0","d__Bacteria |  p__Actinobacteriota |  c__Thermoleophilia | Gaiellales |  f__uncultured |  g__uncultured.1","104892","0.13311272167975577"
"1.978301886792453","0.0019445686364543513","c__Bacteroidia","0.5054840247973295","0.34292949486871915","123","3","f__Hymenobacteraceae","g__Adhaeribacter.2","false","d__Bacteria","d__Bacteria |  p__Bacteroidota |  c__Bacteroidia | Cytophagales |  f__Hymenobacteraceae |  g__Adhaeribacter.2","116.45528455284553","0","123","Cytophagales","0","p__Bacteroidota","0.9957649268970024","false","0","d__Bacteria |  p__Bacteroidota |  c__Bacteroidia | Cytophagales |  f__Hymenobacteraceae |  g__Adhaeribacter.2","144666","0.12130758807588075"
"2.2056603773584906","6.870899854001385E-4","c__Bacteroidia","0.4533789563729683","0.32198748043818465","72","3","f__Flavobacteriaceae","g__Flavobacterium.29","false","d__Bacteria","d__Bacteria |  p__Bacteroidota |  c__Bacteroidia | Flavobacteriales |  f__Flavobacteriaceae |  g__Flavobacterium.29","103.01388888888889","0","72","Flavobacteriales","0","p__Bacteroidota","0.9947806910071061","false","0","d__Bacteria |  p__Bacteroidota |  c__Bacteroidia | Flavobacteriales |  f__Flavobacteriaceae |  g__Flavobacterium.29","43108","0.13378427128427128"
"2.1858490566037734","8.116380295086985E-4","c__Bacteroidia","0.45748813120414333","0.3553477498538866","59","3","f__Flavobacteriaceae","g__Flavobacterium.30","false","d__Bacteria","d__Bacteria |  p__Bacteroidota |  c__Bacteroidia | Flavobacteriales |  f__Flavobacteriaceae |  g__Flavobacterium.30","90.77966101694915","0","59","Flavobacteriales","0","p__Bacteroidota","0.9948664543004165","false","0","d__Bacteria |  p__Bacteroidota |  c__Bacteroidia | Flavobacteriales |  f__Flavobacteriaceae |  g__Flavobacterium.30","41876","0.11291002614048402"
"2.1047169811320754","8.308772424110332E-4","c__Dehalococcoidia","0.4751232631107127","0.42911877394636017","117","3","f__S085","g__S085.4","false","d__Bacteria","d__Bacteria |  p__Chloroflexi |  c__Dehalococcoidia | S085 |  f__S085 |  g__S085.4","116.2905982905983","0","117","S085","0","p__Chloroflexi","0.9952176754063546","false","0","d__Bacteria |  p__Chloroflexi |  c__Dehalococcoidia | S085 |  f__S085 |  g__S085.4","59418","0.1397723537146614"
"2.0584905660377357","9.700084950224957E-4","c__Ktedonobacteria","0.4857928505957837","0.44019138755980863","133","3","f__C0119","g__C0119.6","false","d__Bacteria","d__Bacteria |  p__Chloroflexi |  c__Ktedonobacteria | C0119 |  f__C0119 |  g__C0119.6","123.18796992481202","0","133","C0119","0","p__Chloroflexi","0.9954177897574125","false","0","d__Bacteria |  p__Chloroflexi |  c__Ktedonobacteria | C0119 |  f__C0119 |  g__C0119.6","80622","0.14241383806336652"
"1.969811320754717","0.0018966906120079386","c__TK10","0.5076628352490421","0.40388637155803414","152","3","f__TK10","g__TK10.12","false","d__Bacteria","d__Bacteria |  p__Chloroflexi |  c__TK10 | TK10 |  f__TK10 |  g__TK10.12","121.36842105263158","0","152","TK10","0","p__Chloroflexi","0.9958016825941354","false","0","d__Bacteria |  p__Chloroflexi |  c__TK10 | TK10 |  f__TK10 |  g__TK10.12","153924","0.12911534154535273"
"2.0584905660377357","8.715700359972805E-4","c__TK10","0.4857928505957837","0.4454584963059539","118","3","f__TK10","g__TK10.2","false","d__Bacteria","d__Bacteria |  p__Chloroflexi |  c__TK10 | TK10 |  f__TK10 |  g__TK10.2","123.63559322033899","0","118","TK10","0","p__Chloroflexi","0.9954177897574125","false","0","d__Bacteria |  p__Chloroflexi |  c__TK10 | TK10 |  f__TK10 |  g__TK10.2","70490","0.14049499229583975"
"2.1273584905660377","0.0010358877579774355","c__TK10","0.4700665188470067","0.4037692747001713","103","3","f__TK10","g__TK10.24","false","d__Bacteria","d__Bacteria |  p__Chloroflexi |  c__TK10 | TK10 |  f__TK10 |  g__TK10.24","94.2135922330097","0","103","TK10","0","p__Chloroflexi","0.9951196602139999","false","0","d__Bacteria |  p__Chloroflexi |  c__TK10 | TK10 |  f__TK10 |  g__TK10.24","59768","0.11461507570925755"
"1.9688679245283018","0.0020387766705022327","c__TK10","0.5079060852898898","0.38049273763559477","148","3","f__TK10","g__TK10.6","false","d__Bacteria","d__Bacteria |  p__Chloroflexi |  c__TK10 | TK10 |  f__TK10 |  g__TK10.6","121.73648648648648","0","148","TK10","0","p__Chloroflexi","0.9958057665604836","false","0","d__Bacteria |  p__Chloroflexi |  c__TK10 | TK10 |  f__TK10 |  g__TK10.6","160800","0.12882167882167883"
"2.1339622641509433","0.0012242525722272767","c__TK10","0.4686118479221928","0.3490073145245559","88","3","f__TK10","g__TK10.8","false","d__Bacteria","d__Bacteria |  p__Chloroflexi |  c__TK10 | TK10 |  f__TK10 |  g__TK10.8","85.36363636363636","0","88","TK10","0","p__Chloroflexi","0.9950910724495631","false","0","d__Bacteria |  p__Chloroflexi |  c__TK10 | TK10 |  f__TK10 |  g__TK10.8","59082","0.10284775465498357"
"2.0735849056603772","0.001210406978495248","c__Gemmatimonadetes","0.4822565969062785","0.36780684104627764","71","3","f__Gemmatimonadaceae","g__uncultured.5","false","d__Bacteria","d__Bacteria |  p__Gemmatimonadota |  c__Gemmatimonadetes | Gemmatimonadales |  f__Gemmatimonadaceae |  g__uncultured.5","104.36619718309859","0","71","Gemmatimonadales","0","p__Gemmatimonadota","0.9953524462958425","false","0","d__Bacteria |  p__Gemmatimonadota |  c__Gemmatimonadetes | Gemmatimonadales |  f__Gemmatimonadaceae |  g__uncultured.5","65680","0.1146726512923696"
"2.207547169811321","4.6824973506989656E-4","c__Myxococcia","0.45299145299145294","0.4528301886792453","54","3","f__Myxococcaceae","0.999998855","false","d__Bacteria","d__Bacteria |  p__Myxococcota |  c__Myxococcia | Myxococcales |  f__Myxococcaceae | 0.999998855","98.4074074074074","0","54","Myxococcales","0","p__Myxococcota","0.9947725230744098","false","0","d__Bacteria |  p__Myxococcota |  c__Myxococcia | Myxococcales |  f__Myxococcaceae | 0.999998855","27658","0.12520026387710867"
"2.180188679245283","0.0010744031267718836","c__Alphaproteobacteria","0.45867589787970575","0.36277072442120983","104","3","f__Micropepsaceae","g__uncultured","false","d__Bacteria","d__Bacteria |  p__Proteobacteria |  c__Alphaproteobacteria | Micropepsales |  f__Micropepsaceae |  g__uncultured","93.0673076923077","0","104","Micropepsales","0","p__Proteobacteria","0.9948909580985053","false","0","d__Bacteria |  p__Proteobacteria |  c__Alphaproteobacteria | Micropepsales |  f__Micropepsaceae |  g__uncultured","62524","0.12165661136249371"
"2.1537735849056605","6.221555358189442E-4","c__Alphaproteobacteria","0.46430135786246163","0.3958834536220262","87","3","f__Beijerinckiaceae","g__Microvirga","false","d__Bacteria","d__Bacteria |  p__Proteobacteria |  c__Alphaproteobacteria | Rhizobiales |  f__Beijerinckiaceae |  g__Microvirga","121.89655172413794","0","87","Rhizobiales","0","p__Proteobacteria","0.9950053091562526","false","0","d__Bacteria |  p__Proteobacteria |  c__Alphaproteobacteria | Rhizobiales |  f__Beijerinckiaceae |  g__Microvirga","44650","0.1504895700297999"
"1.9132075471698113","0.0038776866387599794","c__Alphaproteobacteria","0.5226824457593688","0.29783896828163126","152","3","f__Devosiaceae","g__Devosia.6","false","d__Bacteria","d__Bacteria |  p__Proteobacteria |  c__Alphaproteobacteria | Rhizobiales |  f__Devosiaceae |  g__Devosia.6","109.84868421052632","0","152","Rhizobiales","0","p__Proteobacteria","0.9960467205750225","false","0","d__Bacteria |  p__Proteobacteria |  c__Alphaproteobacteria | Rhizobiales |  f__Devosiaceae |  g__Devosia.6","248248","0.10984868421052632"
"2.1349056603773584","7.811629932239193E-4","c__Alphaproteobacteria","0.4684047724259832","0.4129266750948167","113","3","f__Hyphomicrobiaceae","0.999909979","false","d__Bacteria","d__Bacteria |  p__Proteobacteria |  c__Alphaproteobacteria | Rhizobiales |  f__Hyphomicrobiaceae | 0.999909979","119.69026548672566","0","113","Rhizobiales","0","p__Proteobacteria","0.9950869884832149","false","0","d__Bacteria |  p__Proteobacteria |  c__Alphaproteobacteria | Rhizobiales |  f__Hyphomicrobiaceae | 0.999909979","56026","0.14886848941135034"
"1.9641509433962263","0.0026096712480867187","c__Alphaproteobacteria","0.5091258405379443","0.35472035794183443","150","3","f__Sphingomonadaceae","g__Altererythrobacter","false","d__Bacteria","d__Bacteria |  p__Proteobacteria |  c__Alphaproteobacteria | Sphingomonadales |  f__Sphingomonadaceae |  g__Altererythrobacter","112.73333333333333","0","150","Sphingomonadales","0","p__Proteobacteria","0.9958261863922242","false","0","d__Bacteria |  p__Proteobacteria |  c__Alphaproteobacteria | Sphingomonadales |  f__Sphingomonadaceae |  g__Altererythrobacter","159664","0.11891701828410689"
"1.9990566037735849","0.002023892660721316","c__Alphaproteobacteria","0.5002359603586598","0.3383458646616541","134","3","f__Sphingomonadaceae","g__Sphingomonas.19","false","d__Bacteria","d__Bacteria |  p__Proteobacteria |  c__Alphaproteobacteria | Sphingomonadales |  f__Sphingomonadaceae |  g__Sphingomonas.19","115.22388059701493","0","134","Sphingomonadales","0","p__Proteobacteria","0.9956750796373437","false","0","d__Bacteria |  p__Proteobacteria |  c__Alphaproteobacteria | Sphingomonadales |  f__Sphingomonadaceae |  g__Sphingomonas.19","142222","0.12429760582202257"
"2.150943396226415","9.080152932921442E-4","c__Alphaproteobacteria","0.4649122807017544","0.3869747899159664","120","3","f__Sphingomonadaceae","g__Sphingomonas.34","false","d__Bacteria","d__Bacteria |  p__Proteobacteria |  c__Alphaproteobacteria | Sphingomonadales |  f__Sphingomonadaceae |  g__Sphingomonas.34","106.16666666666667","0","120","Sphingomonadales","0","p__Proteobacteria","0.9950175610552969","false","0","d__Bacteria |  p__Proteobacteria |  c__Alphaproteobacteria | Sphingomonadales |  f__Sphingomonadaceae |  g__Sphingomonas.34","55246","0.1361111111111111"
"2.2","4.960313290436181E-4","c__Alphaproteobacteria","0.45454545454545453","0.4326517364492048","79","3","f__Sphingomonadaceae","g__Sphingomonas.43","false","d__Bacteria","d__Bacteria |  p__Proteobacteria |  c__Alphaproteobacteria | Sphingomonadales |  f__Sphingomonadaceae |  g__Sphingomonas.43","93.69620253164557","0","79","Sphingomonadales","0","p__Proteobacteria","0.9948051948051948","false","0","d__Bacteria |  p__Proteobacteria |  c__Alphaproteobacteria | Sphingomonadales |  f__Sphingomonadaceae |  g__Sphingomonas.43","37344","0.121841615775872"
"2.1943396226415093","9.89642793999014E-4","c__Alphaproteobacteria","0.45571797076526227","0.31650303880317904","93","3","f__Sphingomonadaceae","g__uncultured.1","false","d__Bacteria","d__Bacteria |  p__Proteobacteria |  c__Alphaproteobacteria | Sphingomonadales |  f__Sphingomonadaceae |  g__uncultured.1","113.08602150537635","0","93","Sphingomonadales","0","p__Proteobacteria","0.9948296986032835","false","0","d__Bacteria |  p__Proteobacteria |  c__Alphaproteobacteria | Sphingomonadales |  f__Sphingomonadaceae |  g__uncultured.1","60902","0.14860186794398994"
"2.0235849056603774","0.0021050436923576877","c__Alphaproteobacteria","0.49417249417249415","0.26985370950888193","88","3","f__Sphingomonadaceae","g__uncultured.4","false","d__Bacteria","d__Bacteria |  p__Proteobacteria |  c__Alphaproteobacteria | Sphingomonadales |  f__Sphingomonadaceae |  g__uncultured.4","104.27272727272727","0","88","Sphingomonadales","0","p__Proteobacteria","0.9955688965122927","false","0","d__Bacteria |  p__Proteobacteria |  c__Alphaproteobacteria | Sphingomonadales |  f__Sphingomonadaceae |  g__uncultured.4","121292","0.11010847652875108"
"2.230188679245283","2.6337335291334494E-4","c__Alphaproteobacteria","0.44839255499153974","0.45027322404371584","61","3","f__Sphingomonadaceae","0.999999534","false","d__Bacteria","d__Bacteria |  p__Proteobacteria |  c__Alphaproteobacteria | Sphingomonadales |  f__Sphingomonadaceae | 0.999999534","116.52459016393442","0","61","Sphingomonadales","0","p__Proteobacteria","0.994674507882055","false","0","d__Bacteria |  p__Proteobacteria |  c__Alphaproteobacteria | Sphingomonadales |  f__Sphingomonadaceae | 0.999999534","17814","0.15433720551514493"
"2.069811320754717","0.0015183963423042247",,"0.4831358249772105","0.3497133497133497","111","3",,,"false",,"d__Bacteria |  p__Proteobacteria |  c__Gammaproteobacteria | 0.999996141 |  | ","114.16216216216216","0","111",,"0",,"0.9953687821612349","false","0","d__Bacteria |  p__Proteobacteria |  c__Gammaproteobacteria | 0.999996141 |  | ","107694","0.13047104247104246"
"2.430188679245283","1.6971047691025844E-4","c__Gammaproteobacteria","0.4114906832298137","0.488961038961039","56","3","f__SC-I-84","g__SC-I-84.16","false","d__Bacteria","d__Bacteria |  p__Proteobacteria |  c__Gammaproteobacteria | Burkholderiales |  f__SC-I-84 |  g__SC-I-84.16","89.23214285714286","0","56","Burkholderiales","0","p__Proteobacteria","0.9938087070162542","false","0","d__Bacteria |  p__Proteobacteria |  c__Gammaproteobacteria | Burkholderiales |  f__SC-I-84 |  g__SC-I-84.16","10322","0.16283237747653806"
"2.0877358490566036","9.171277183626684E-4","c__Gammaproteobacteria","0.4789877993673746","0.4144927536231884","115","3","f__SC-I-84","g__SC-I-84.17","false","d__Bacteria","d__Bacteria |  p__Proteobacteria |  c__Gammaproteobacteria | Burkholderiales |  f__SC-I-84 |  g__SC-I-84.17","115.6086956521739","0","115","Burkholderiales","0","p__Proteobacteria","0.9952911868006208","false","0","d__Bacteria |  p__Proteobacteria |  c__Gammaproteobacteria | Burkholderiales |  f__SC-I-84 |  g__SC-I-84.17","62082","0.1356909573382323"
"1.929245283018868","0.003926108964515141","c__Gammaproteobacteria","0.5183374083129584","0.295562435500516","171","3","f__Sutterellaceae","g__uncultured","false","d__Bacteria","d__Bacteria |  p__Proteobacteria |  c__Gammaproteobacteria | Burkholderiales |  f__Sutterellaceae |  g__uncultured","114.42690058479532","0","171","Burkholderiales","0","p__Proteobacteria","0.9959772931471045","false","0","d__Bacteria |  p__Proteobacteria |  c__Gammaproteobacteria | Burkholderiales |  f__Sutterellaceae |  g__uncultured","231498","0.11870010434107399"
"2.3075471698113206","1.673297054870595E-4","c__Gammaproteobacteria","0.4333605887162715","0.37112010796221323","39","3","f__Unknown_Family","g__Acidibacter.3","false","d__Bacteria","d__Bacteria |  p__Proteobacteria |  c__Gammaproteobacteria | Gammaproteobacteria_Incertae_Sedis |  f__Unknown_Family |  g__Acidibacter.3","95.97435897435898","0","39","Gammaproteobacteria_Incertae_Sedis","0","p__Proteobacteria","0.9943396226415094","false","0","d__Bacteria |  p__Proteobacteria |  c__Gammaproteobacteria | Gammaproteobacteria_Incertae_Sedis |  f__Unknown_Family |  g__Acidibacter.3","9606","0.13809260284080427"
"2.050943396226415","0.0011803985704914473","c__Gammaproteobacteria","0.4875804967801288","0.4225721784776903","127","3","f__Steroidobacteraceae","g__uncultured","false","d__Bacteria","d__Bacteria |  p__Proteobacteria |  c__Gammaproteobacteria | Steroidobacterales |  f__Steroidobacteraceae |  g__uncultured","116.4015748031496","0","127","Steroidobacterales","0","p__Proteobacteria","0.9954504614881974","false","0","d__Bacteria |  p__Proteobacteria |  c__Gammaproteobacteria | Steroidobacterales |  f__Steroidobacteraceae |  g__uncultured","92196","0.13242499977605188"
"2.1858490566037734","6.156939322582768E-4","c__Gammaproteobacteria","0.45748813120414333","0.39198161389172625","89","3","f__Xanthomonadaceae","0.99836207","false","d__Bacteria","d__Bacteria |  p__Proteobacteria |  c__Gammaproteobacteria | Xanthomonadales |  f__Xanthomonadaceae | 0.99836207","114.70786516853933","0","89","Xanthomonadales","0","p__Proteobacteria","0.9948664543004165","false","0","d__Bacteria |  p__Proteobacteria |  c__Gammaproteobacteria | Xanthomonadales |  f__Xanthomonadaceae | 0.99836207","36664","0.1482013761867433"
"2.2056603773584906","7.312637276094611E-4",,"0.4533789563729683","0.5417032484635645","68","3",,,"false",,"d__Bacteria | 1 |  |  |  | ","114.76470588235294","0","68",,"0",,"0.9947806910071061","false","0","d__Bacteria | 1 |  |  |  | ","40660","0.14827481380148957"
"2.1556603773584904","8.334939920599689E-4","c__Acidimicrobiia","0.46389496717724293","0.35498089920658243","83","3","f__IMCC26256","g__IMCC26256.1","false","d__Bacteria","d__Bacteria |  p__Actinobacteriota |  c__Acidimicrobiia | IMCC26256 |  f__IMCC26256 |  g__IMCC26256.1","94.32530120481928","0","83","IMCC26256","0","p__Actinobacteriota","0.9949971412235563","false","0","d__Bacteria |  p__Actinobacteriota |  c__Acidimicrobiia | IMCC26256 |  f__IMCC26256 |  g__IMCC26256.1","48190","0.11616416404534394"
"2.1792452830188678","0.0013254472303560491","c__Actinobacteria","0.4588744588744589","0.3424657534246575","74","3","f__Geodermatophilaceae","g__Blastococcus.3","false","d__Bacteria","d__Bacteria |  p__Actinobacteriota |  c__Actinobacteria | Frankiales |  f__Geodermatophilaceae |  g__Blastococcus.3","83.20270270270271","0","74","Frankiales","0","p__Actinobacteriota","0.9948950420648534","false","0","d__Bacteria |  p__Actinobacteriota |  c__Actinobacteria | Frankiales |  f__Geodermatophilaceae |  g__Blastococcus.3","62970","0.10452600842048078"
"2.0764150943396227","0.0018998607411015876","c__Actinobacteria","0.48159927305770106","0.3312157721796276","166","3","f__Geodermatophilaceae","g__Modestobacter","false","d__Bacteria","d__Bacteria |  p__Actinobacteriota |  c__Actinobacteria | Frankiales |  f__Geodermatophilaceae |  g__Modestobacter","109.77710843373494","0","166","Frankiales","0","p__Actinobacteriota","0.9953401943967982","false","0","d__Bacteria |  p__Actinobacteriota |  c__Actinobacteria | Frankiales |  f__Geodermatophilaceae |  g__Modestobacter","131262","0.13502719364543042"
"2.3150943396226413","1.5616888454530117E-4","c__Actinobacteria","0.43194784026079874","0.245014245014245","27","4","f__Sporichthyaceae","g__uncultured","false","d__Bacteria","d__Bacteria |  p__Actinobacteriota |  c__Actinobacteria | Frankiales |  f__Sporichthyaceae |  g__uncultured","96.25925925925925","0","27","Frankiales","0","p__Actinobacteriota","0.9943069509107245","false","0","d__Bacteria |  p__Actinobacteriota |  c__Actinobacteria | Frankiales |  f__Sporichthyaceae |  g__uncultured","9824","0.1375132275132275"
"2.5669811320754716","6.362383693557101E-5","c__Actinobacteria","0.38956266078647556","0.2087912087912088","14","4","f__Kineosporiaceae","g__Quadrisphaera","false","d__Bacteria","d__Bacteria |  p__Actinobacteriota |  c__Actinobacteria | Kineosporiales |  f__Kineosporiaceae |  g__Quadrisphaera","61.357142857142854","0","14","Kineosporiales","0","p__Actinobacteriota","0.9932165318957771","false","0","d__Bacteria |  p__Actinobacteriota |  c__Actinobacteria | Kineosporiales |  f__Kineosporiaceae |  g__Quadrisphaera","2620","0.13757206918641895"
"2.2471698113207546","2.883900427714419E-4","c__Actinobacteria","0.4450041981528128","0.39392168322618354","59","3","f__Micromonosporaceae","0.999697107","false","d__Bacteria","d__Bacteria |  p__Actinobacteriota |  c__Actinobacteria | Micromonosporales |  f__Micromonosporaceae | 0.999697107","110.37288135593221","0","59","Micromonosporales","0","p__Actinobacteriota","0.9946009964877889","false","0","d__Bacteria |  p__Actinobacteriota |  c__Actinobacteria | Micromonosporales |  f__Micromonosporaceae | 0.999697107","18788","0.14935437260613288"
"2.2547169811320753","5.966787254220572E-4","c__Actinobacteria","0.4435146443514645","0.38425925925925924","81","3","f__Nocardioidaceae","g__Nocardioides.12","false","d__Bacteria","d__Bacteria |  p__Actinobacteriota |  c__Actinobacteria | Propionibacteriales |  f__Nocardioidaceae |  g__Nocardioides.12","86.50617283950618","0","81","Propionibacteriales","0","p__Actinobacteriota","0.994568324757004","false","0","d__Bacteria |  p__Actinobacteriota |  c__Actinobacteria | Propionibacteriales |  f__Nocardioidaceae |  g__Nocardioides.12","34862","0.12201152727715962"
"1.9339622641509433","0.0038679942266771046","c__Actinobacteria","0.5170731707317073","0.33175465838509316","161","3","f__Pseudonocardiaceae","g__Pseudonocardia.3","false","d__Bacteria","d__Bacteria |  p__Actinobacteriota |  c__Actinobacteria | Pseudonocardiales |  f__Pseudonocardiaceae |  g__Pseudonocardia.3","101.0807453416149","0","161","Pseudonocardiales","0","p__Actinobacteriota","0.9959568733153639","false","0","d__Bacteria |  p__Actinobacteriota |  c__Actinobacteria | Pseudonocardiales |  f__Pseudonocardiaceae |  g__Pseudonocardia.3","199002","0.10431449467658917"
"2.206603773584906","5.108167220950543E-4","c__Thermoleophilia","0.4531851218469431","0.43360287511230905","106","3","f__67-14","g__67-14.12","false","d__Bacteria","d__Bacteria |  p__Actinobacteriota |  c__Thermoleophilia | Solirubrobacterales |  f__67-14 |  g__67-14.12","110.66981132075472","0","106","Solirubrobacterales","0","p__Actinobacteriota","0.994776607040758","false","0","d__Bacteria |  p__Actinobacteriota |  c__Thermoleophilia | Solirubrobacterales |  f__67-14 |  g__67-14.12","35748","0.1505711718649724"
"2.1650943396226414","0.0011304350676680478","c__Armatimonadia","0.4618736383442266","0.2914764079147641","73","3","f__Armatimonadales","g__Armatimonadales.2","false","d__Bacteria","d__Bacteria |  p__Armatimonadota |  c__Armatimonadia | Armatimonadales |  f__Armatimonadales |  g__Armatimonadales.2","88.87671232876713","0","73","Armatimonadales","0","p__Armatimonadota","0.9949563015600752","false","0","d__Bacteria |  p__Armatimonadota |  c__Armatimonadia | Armatimonadales |  f__Armatimonadales |  g__Armatimonadales.2","55666","0.10945407922261961"
"2.1537735849056605","9.296760614592321E-4","c__Kapabacteria","0.46430135786246163","0.3798165137614679","110","3","f__Kapabacteriales","g__Kapabacteriales.1","false","d__Bacteria","d__Bacteria |  p__Bacteroidota |  c__Kapabacteria | Kapabacteriales |  f__Kapabacteriales |  g__Kapabacteriales.1","100.72727272727273","0","110","Kapabacteriales","0","p__Bacteroidota","0.9950053091562526","false","0","d__Bacteria |  p__Bacteroidota |  c__Kapabacteria | Kapabacteriales |  f__Kapabacteriales |  g__Kapabacteriales.1","59384","0.12798891070809748"
"2.111320754716981","9.83763003291352E-4","c__Chloroflexia","0.47363717605004474","0.3291316526610644","85","3","f__Roseiflexaceae","g__uncultured.19","false","d__Bacteria","d__Bacteria |  p__Chloroflexi |  c__Chloroflexia | Chloroflexales |  f__Roseiflexaceae |  g__uncultured.19","107.92941176470588","0","85","Chloroflexales","0","p__Chloroflexi","0.9951890876419178","false","0","d__Bacteria |  p__Chloroflexi |  c__Chloroflexia | Chloroflexales |  f__Roseiflexaceae |  g__uncultured.19","58902","0.12593863683162881"
"2.1","9.020293605012942E-4","c__TK10","0.47619047619047616","0.3970640046975925","131","3","f__TK10","g__TK10.106","false","d__Bacteria","d__Bacteria |  p__Chloroflexi |  c__TK10 | TK10 |  f__TK10 |  g__TK10.106","113.96946564885496","0","131","TK10","0","p__Chloroflexi","0.9952380952380953","false","0","d__Bacteria |  p__Chloroflexi |  c__TK10 | TK10 |  f__TK10 |  g__TK10.106","67930","0.13848051719180432"
"2.2358490566037736","4.0067846490701503E-4","c__TK10","0.4472573839662447","0.4449760765550239","77","3","f__TK10","g__TK10.117","false","d__Bacteria","d__Bacteria |  p__Chloroflexi |  c__TK10 | TK10 |  f__TK10 |  g__TK10.117","105.14285714285714","0","77","TK10","0","p__Chloroflexi","0.9946500040839664","false","0","d__Bacteria |  p__Chloroflexi |  c__TK10 | TK10 |  f__TK10 |  g__TK10.117","28840","0.14344182420580784"
"2.2726415094339623","4.759735689529315E-4","c__TK10","0.44001660440016604","0.4041471048513302","72","3","f__TK10","g__TK10.142","false","d__Bacteria","d__Bacteria |  p__Chloroflexi |  c__TK10 | TK10 |  f__TK10 |  g__TK10.142","93.29166666666667","0","72","TK10","0","p__Chloroflexi","0.9944907293963898","false","0","d__Bacteria |  p__Chloroflexi |  c__TK10 | TK10 |  f__TK10 |  g__TK10.142","28200","0.13346447305674775"
"2.231132075471698","4.046522988119086E-4","c__TK10","0.44820295983086683","0.41659350307287096","68","3","f__TK10","g__TK10.143","false","d__Bacteria","d__Bacteria |  p__Chloroflexi |  c__TK10 | TK10 |  f__TK10 |  g__TK10.143","100.20588235294117","0","68","TK10","0","p__Chloroflexi","0.9946704239157069","false","0","d__Bacteria |  p__Chloroflexi |  c__TK10 | TK10 |  f__TK10 |  g__TK10.143","27812","0.13414442082053704"
"2.1915094339622643","6.20288115858942E-4","c__TK10","0.4563065002152389","0.36594493450948945","87","3","f__TK10","g__TK10.76","false","d__Bacteria","d__Bacteria |  p__Chloroflexi |  c__TK10 | TK10 |  f__TK10 |  g__TK10.76","100.52873563218391","0","87","TK10","0","p__Chloroflexi","0.9948419505023278","false","0","d__Bacteria |  p__Chloroflexi |  c__TK10 | TK10 |  f__TK10 |  g__TK10.76","37452","0.13055679952231677"
"2.0839622641509434","0.0016099825283780141","c__TK10","0.4798551380715256","0.29568321973385264","79","3","f__TK10","g__TK10.78","false","d__Bacteria","d__Bacteria |  p__Chloroflexi |  c__TK10 | TK10 |  f__TK10 |  g__TK10.78","99.9113924050633","0","79","TK10","0","p__Chloroflexi","0.9953075226660132","false","0","d__Bacteria |  p__Chloroflexi |  c__TK10 | TK10 |  f__TK10 |  g__TK10.78","86440","0.11200828744962252"
"2.262264150943396","2.7957286884779613E-4","c__TK10","0.4420350291909925","0.3385753931544866","47","3","f__TK10","g__TK10.89","false","d__Bacteria","d__Bacteria |  p__Chloroflexi |  c__TK10 | TK10 |  f__TK10 |  g__TK10.89","112.19148936170212","0","47","TK10","0","p__Chloroflexi","0.994535653026219","false","0","d__Bacteria |  p__Chloroflexi |  c__TK10 | TK10 |  f__TK10 |  g__TK10.89","19394","0.1526414821247648"
"2.086792452830189","0.0015409863872990859","c__Deinococci","0.4792043399638336","0.3805841924398625","97","3","f__Deinococcaceae","g__Deinococcus.3","false","d__Bacteria","d__Bacteria |  p__Deinococcota |  c__Deinococci | Deinococcales |  f__Deinococcaceae |  g__Deinococcus.3","96.80412371134021","0","97","Deinococcales","0","p__Deinococcota","0.9952952707669689","false","0","d__Bacteria |  p__Deinococcota |  c__Deinococci | Deinococcales |  f__Deinococcaceae |  g__Deinococcus.3","96754","0.11114135902564892"
"2.300943396226415","3.3526735232831164E-4","c__Gemmatimonadetes","0.43460434604346043","0.4349315068493151","73","3","f__Gemmatimonadaceae","g__Gemmatimonas.9","false","d__Bacteria","d__Bacteria |  p__Gemmatimonadota |  c__Gemmatimonadetes | Gemmatimonadales |  f__Gemmatimonadaceae |  g__Gemmatimonas.9","80.3972602739726","0","73","Gemmatimonadales","0","p__Gemmatimonadota","0.9943682104059463","false","0","d__Bacteria |  p__Gemmatimonadota |  c__Gemmatimonadetes | Gemmatimonadales |  f__Gemmatimonadaceae |  g__Gemmatimonas.9","20658","0.12035518005085719"
"2.322641509433962","3.32115726165466E-4","c__Myxococcia","0.43054427294882214","0.4311263318112633","73","4","f__Myxococcaceae","0.999987416","false","d__Bacteria","d__Bacteria |  p__Myxococcota |  c__Myxococcia | Myxococcales |  f__Myxococcaceae | 0.999987416","93.38356164383562","0","73","Myxococcales","0","p__Myxococcota","0.9942742791799396","false","0","d__Bacteria |  p__Myxococcota |  c__Myxococcia | Myxococcales |  f__Myxococcaceae | 0.999987416","18566","0.1443331710105651"
"2.3160377358490565","3.196664880502704E-4","c__Polyangia","0.4317718940936864","0.37104377104377106","55","3","f__Haliangiaceae","g__Haliangium.2","false","d__Bacteria","d__Bacteria |  p__Myxococcota |  c__Polyangia | Haliangiales |  f__Haliangiaceae |  g__Haliangium.2","94.4","0","55","Haliangiales","0","p__Myxococcota","0.9943028669443764","false","0","d__Bacteria |  p__Myxococcota |  c__Polyangia | Haliangiales |  f__Haliangiaceae |  g__Haliangium.2","17126","0.1408955223880597"
"2.042452830188679","0.001027465060428912","c__Polyangia","0.489607390300231","0.3604670558798999","110","3","f__BIrii41","g__BIrii41","false","d__Bacteria","d__Bacteria |  p__Myxococcota |  c__Polyangia | Polyangiales |  f__BIrii41 |  g__BIrii41","120.51818181818182","0","110","Polyangiales","0","p__Myxococcota","0.9954872171853305","false","0","d__Bacteria |  p__Myxococcota |  c__Polyangia | Polyangiales |  f__BIrii41 |  g__BIrii41","73258","0.13316926167754897"
"2.3433962264150945","2.696560160767734E-4","c__Alphaproteobacteria","0.4267310789049919","0.4336349924585219","52","3","f__Caulobacteraceae","g__Asticcacaulis","false","d__Bacteria","d__Bacteria |  p__Proteobacteria |  c__Alphaproteobacteria | Caulobacterales |  f__Caulobacteraceae |  g__Asticcacaulis","102.28846153846153","0","52","Caulobacterales","0","p__Proteobacteria","0.994184431920281","false","0","d__Bacteria |  p__Proteobacteria |  c__Alphaproteobacteria | Caulobacterales |  f__Caulobacteraceae |  g__Asticcacaulis","13470","0.15883301481127568"
"2.1877358490566037","7.614610091114934E-4","c__Alphaproteobacteria","0.45709357481673135","0.3119298245614035","76","3","f__Caulobacteraceae","g__uncultured","false","d__Bacteria","d__Bacteria |  p__Proteobacteria |  c__Alphaproteobacteria | Caulobacterales |  f__Caulobacteraceae |  g__uncultured","103.88157894736842","0","76","Caulobacterales","0","p__Proteobacteria","0.9948582863677203","false","0","d__Bacteria |  p__Proteobacteria |  c__Alphaproteobacteria | Caulobacterales |  f__Caulobacteraceae |  g__uncultured","45892","0.13233322158900435"
"2.177358490566038","5.896465744307875E-4","c__Alphaproteobacteria","0.4592720970537261","0.4271062271062271","91","3","f__Caulobacteraceae","0.999852762","false","d__Bacteria","d__Bacteria |  p__Proteobacteria |  c__Alphaproteobacteria | Caulobacterales |  f__Caulobacteraceae | 0.999852762","107.74725274725274","0","91","Caulobacterales","0","p__Proteobacteria","0.9949032099975497","false","0","d__Bacteria |  p__Proteobacteria |  c__Alphaproteobacteria | Caulobacterales |  f__Caulobacteraceae | 0.999852762","38842","0.1379606309183774"
"2.1650943396226414","6.249915485755723E-4","c__Alphaproteobacteria","0.4618736383442266","0.42391482391482393","111","3","f__Beijerinckiaceae","g__Microvirga.6","false","d__Bacteria","d__Bacteria |  p__Proteobacteria |  c__Alphaproteobacteria | Rhizobiales |  f__Beijerinckiaceae |  g__Microvirga.6","108.07207207207207","0","111","Rhizobiales","0","p__Proteobacteria","0.9949563015600752","false","0","d__Bacteria |  p__Proteobacteria |  c__Alphaproteobacteria | Rhizobiales |  f__Beijerinckiaceae |  g__Microvirga.6","44774","0.13962800009311638"
"2.1669811320754717","6.099617403183687E-4","c__Alphaproteobacteria","0.46147148454505876","0.4103925353925354","112","3","f__Beijerinckiaceae","g__Neo-b11","false","d__Bacteria","d__Bacteria |  p__Proteobacteria |  c__Alphaproteobacteria | Rhizobiales |  f__Beijerinckiaceae |  g__Neo-b11","107.09821428571429","0","112","Rhizobiales","0","p__Proteobacteria","0.9949481336273789","false","0","d__Bacteria |  p__Proteobacteria |  c__Alphaproteobacteria | Rhizobiales |  f__Beijerinckiaceae |  g__Neo-b11","46434","0.138908189735038"
"2.1952830188679244","9.743780173761547E-4","c__Alphaproteobacteria","0.45552213149978515","0.38337628865979384","97","3","f__Beijerinckiaceae","0.723813121","false","d__Bacteria","d__Bacteria |  p__Proteobacteria |  c__Alphaproteobacteria | Rhizobiales |  f__Beijerinckiaceae | 0.723813121","97.84536082474227","0","97","Rhizobiales","0","p__Proteobacteria","0.9948256146369354","false","0","d__Bacteria |  p__Proteobacteria |  c__Alphaproteobacteria | Rhizobiales |  f__Beijerinckiaceae | 0.723813121","49860","0.12942508045600828"
"2.2839622641509436","3.9795169609678954E-4",,"0.43783560512185044","0.4514124293785311","60","3",,,"false",,"d__Bacteria |  p__Proteobacteria |  c__Alphaproteobacteria | Rhizobiales | 0.994209307 | ","92.81666666666666","0","60",,"0",,"0.9944417218002124","false","0","d__Bacteria |  p__Proteobacteria |  c__Alphaproteobacteria | Rhizobiales | 0.994209307 | ","20174","0.1329512893982808"
"2.1150943396226416","9.820969422070802E-4","c__Alphaproteobacteria","0.4727921498661909","0.3707036620422447","127","3","f__Sphingomonadaceae","g__Altererythrobacter.2","false","d__Bacteria","d__Bacteria |  p__Proteobacteria |  c__Alphaproteobacteria | Sphingomonadales |  f__Sphingomonadaceae |  g__Altererythrobacter.2","110.85039370078741","0","127","Sphingomonadales","0","p__Proteobacteria","0.9951727517765254","false","0","d__Bacteria |  p__Proteobacteria |  c__Alphaproteobacteria | Sphingomonadales |  f__Sphingomonadaceae |  g__Altererythrobacter.2","70380","0.13668359272600172"
"2.249056603773585","2.8681097559311516E-4","c__Alphaproteobacteria","0.4446308724832215","0.438715513342379","67","3","f__Sphingomonadaceae","g__Sphingomonas.13","false","d__Bacteria","d__Bacteria |  p__Proteobacteria |  c__Alphaproteobacteria | Sphingomonadales |  f__Sphingomonadaceae |  g__Sphingomonas.13","109.14925373134328","0","67","Sphingomonadales","0","p__Proteobacteria","0.9945928285550927","false","0","d__Bacteria |  p__Proteobacteria |  c__Alphaproteobacteria | Sphingomonadales |  f__Sphingomonadaceae |  g__Sphingomonas.13","19396","0.14972462788935978"
"1.9452830188679244","0.0031652975516594933","c__Alphaproteobacteria","0.5140640155189137","0.3265806451612903","125","3","f__Sphingomonadaceae","g__Sphingomonas.30","false","d__Bacteria","d__Bacteria |  p__Proteobacteria |  c__Alphaproteobacteria | Sphingomonadales |  f__Sphingomonadaceae |  g__Sphingomonas.30","98.088","0","125","Sphingomonadales","0","p__Proteobacteria","0.9959078657191865","false","0","d__Bacteria |  p__Proteobacteria |  c__Alphaproteobacteria | Sphingomonadales |  f__Sphingomonadaceae |  g__Sphingomonas.30","174044","0.09877945619335347"
"2.280188679245283","5.255552362962259E-4","c__Alphaproteobacteria","0.4385601985932975","0.36935817805383026","70","3","f__Sphingomonadaceae","g__Sphingomonas.61","false","d__Bacteria","d__Bacteria |  p__Proteobacteria |  c__Alphaproteobacteria | Sphingomonadales |  f__Sphingomonadaceae |  g__Sphingomonas.61","82.2","0","70","Sphingomonadales","0","p__Proteobacteria","0.9944580576656049","false","0","d__Bacteria |  p__Proteobacteria |  c__Alphaproteobacteria | Sphingomonadales |  f__Sphingomonadaceae |  g__Sphingomonas.61","26892","0.11861471861471862"
"2.230188679245283","5.810535491146037E-4","c__Alphaproteobacteria","0.44839255499153974","0.28448665762098596","67","4","f__Sphingomonadaceae","g__uncultured.3","false","d__Bacteria","d__Bacteria |  p__Proteobacteria |  c__Alphaproteobacteria | Sphingomonadales |  f__Sphingomonadaceae |  g__uncultured.3","96.83582089552239","0","67","Sphingomonadales","0","p__Proteobacteria","0.994674507882055","false","0","d__Bacteria |  p__Proteobacteria |  c__Alphaproteobacteria | Sphingomonadales |  f__Sphingomonadaceae |  g__uncultured.3","32174","0.12911442786069652"
"2.1915094339622643","7.441310558485934E-4","c__Alphaproteobacteria","0.4563065002152389","0.3755707762557078","73","3","f__Sphingomonadaceae","0.999876461","false","d__Bacteria","d__Bacteria |  p__Proteobacteria |  c__Alphaproteobacteria | Sphingomonadales |  f__Sphingomonadaceae | 0.999876461","82.86301369863014","0","73","Sphingomonadales","0","p__Proteobacteria","0.9948419505023278","false","0","d__Bacteria |  p__Proteobacteria |  c__Alphaproteobacteria | Sphingomonadales |  f__Sphingomonadaceae | 0.999876461","41272","0.10569261951355885"
"2.2745283018867926","2.3892827174392233E-4","c__Alphaproteobacteria","0.439651596847781","0.37402597402597404","56","3","f__Sphingomonadaceae","0.999985069","false","d__Bacteria","d__Bacteria |  p__Proteobacteria |  c__Alphaproteobacteria | Sphingomonadales |  f__Sphingomonadaceae | 0.999985069","110.69642857142857","0","56","Sphingomonadales","0","p__Proteobacteria","0.9944825614636935","false","0","d__Bacteria |  p__Proteobacteria |  c__Alphaproteobacteria | Sphingomonadales |  f__Sphingomonadaceae | 0.999985069","15088","0.155254458024444"
"2.3028301886792453","2.6122619683214524E-4","c__Gammaproteobacteria","0.4342482589102827","0.42138364779874216","54","3","f__Burkholderiaceae","g__Lautropia","false","d__Bacteria","d__Bacteria |  p__Proteobacteria |  c__Gammaproteobacteria | Burkholderiales |  f__Burkholderiaceae |  g__Lautropia","87.96296296296296","0","54","Burkholderiales","0","p__Proteobacteria","0.9943600424732499","false","0","d__Bacteria |  p__Proteobacteria |  c__Gammaproteobacteria | Burkholderiales |  f__Burkholderiaceae |  g__Lautropia","15566","0.12841308461746417"
"2.1132075471698113","0.0017034782231343272","c__Abditibacteria","0.4732142857142857","0.363539160652232","87","3","f__Abditibacteriaceae","g__Abditibacterium.9","false","d__Bacteria","d__Bacteria |  p__Abditibacteriota |  c__Abditibacteria | Abditibacteriales |  f__Abditibacteriaceae |  g__Abditibacterium.9","89.14942528735632","0","87","Abditibacteriales","0","p__Abditibacteriota","0.9951809197092215","false","0","d__Bacteria |  p__Abditibacteriota |  c__Abditibacteria | Abditibacteriales |  f__Abditibacteriaceae |  g__Abditibacterium.9","94834","0.10451280807427471"
"2.1141509433962264","9.358653633493918E-4","c__Actinobacteria","0.47300312360553326","0.3651105651105651","111","3","f__Frankiaceae","g__Jatrophihabitans","false","d__Bacteria","d__Bacteria |  p__Actinobacteriota |  c__Actinobacteria | Frankiales |  f__Frankiaceae |  g__Jatrophihabitans","115.77477477477477","0","111","Frankiales","0","p__Actinobacteriota","0.9951768357428735","false","0","d__Bacteria |  p__Actinobacteriota |  c__Actinobacteria | Frankiales |  f__Frankiaceae |  g__Jatrophihabitans","69910","0.13982460721591156"
"2.1783018867924526","7.902389229275614E-4","c__Actinobacteria","0.4590731918579472","0.37140681515324575","103","3","f__Geodermatophilaceae","g__Blastococcus.2","false","d__Bacteria","d__Bacteria |  p__Actinobacteriota |  c__Actinobacteria | Frankiales |  f__Geodermatophilaceae |  g__Blastococcus.2","105.19417475728156","0","103","Frankiales","0","p__Actinobacteriota","0.9948991260312016","false","0","d__Bacteria |  p__Actinobacteriota |  c__Actinobacteria | Frankiales |  f__Geodermatophilaceae |  g__Blastococcus.2","50260","0.13697158171521034"
"2.082075471698113","0.0033287563066827304","c__Actinobacteria","0.4802899864068872","0.3521212121212121","100","3","f__Geodermatophilaceae","g__Blastococcus.7","false","d__Bacteria","d__Bacteria |  p__Actinobacteriota |  c__Actinobacteria | Frankiales |  f__Geodermatophilaceae |  g__Blastococcus.7","87.27","0","100","Frankiales","0","p__Actinobacteriota","0.9953156905987094","false","0","d__Bacteria |  p__Actinobacteriota |  c__Actinobacteria | Frankiales |  f__Geodermatophilaceae |  g__Blastococcus.7","141550","0.09996563573883162"
"2.297169811320755","5.275984869595161E-4","c__Actinobacteria","0.43531827515400406","0.44243836148320714","102","3","f__Micromonosporaceae","0.971646473","false","d__Bacteria","d__Bacteria |  p__Actinobacteriota |  c__Actinobacteria | Micromonosporales |  f__Micromonosporaceae | 0.971646473","91.41176470588235","0","102","Micromonosporales","0","p__Actinobacteriota","0.9943845462713388","false","0","d__Bacteria |  p__Actinobacteriota |  c__Actinobacteria | Micromonosporales |  f__Micromonosporaceae | 0.971646473","33344","0.1421644863233007"
"2.300943396226415","4.0555562368952867E-4","c__Actinobacteria","0.43460434604346043","0.3565166569257744","59","4","f__Nocardioidaceae","g__Nocardioides.21","false","d__Bacteria","d__Bacteria |  p__Actinobacteriota |  c__Actinobacteria | Propionibacteriales |  f__Nocardioidaceae |  g__Nocardioides.21","100.44067796610169","0","59","Propionibacteriales","0","p__Actinobacteriota","0.9943682104059463","false","0","d__Bacteria |  p__Actinobacteriota |  c__Actinobacteria | Propionibacteriales |  f__Nocardioidaceae |  g__Nocardioides.21","26824","0.14705809365461447"
"2.1226415094339623","0.0014905992869257022","c__Actinobacteria","0.4711111111111111","0.3879120879120879","105","3","f__Pseudonocardiaceae","g__Pseudonocardia.11","false","d__Bacteria","d__Bacteria |  p__Actinobacteriota |  c__Actinobacteria | Pseudonocardiales |  f__Pseudonocardiaceae |  g__Pseudonocardia.11","96.36190476190477","0","105","Pseudonocardiales","0","p__Actinobacteriota","0.9951400800457404","false","0","d__Bacteria |  p__Actinobacteriota |  c__Actinobacteria | Pseudonocardiales |  f__Pseudonocardiaceae |  g__Pseudonocardia.11","95994","0.1168023088023088"
"2.171698113207547","4.832615597209067E-4","c__Actinobacteria","0.4604691572545613","0.34011759384893714","67","3","f__Thermomonosporaceae","g__Actinocorallia","false","d__Bacteria","d__Bacteria |  p__Actinobacteriota |  c__Actinobacteria | Streptosporangiales |  f__Thermomonosporaceae |  g__Actinocorallia","114.68656716417911","0","67","Streptosporangiales","0","p__Actinobacteriota","0.9949277137956383","false","0","d__Bacteria |  p__Actinobacteriota |  c__Actinobacteria | Streptosporangiales |  f__Thermomonosporaceae |  g__Actinocorallia","30028","0.14141376962290889"
"1.9726415094339622","0.0029259268968248138","c__Rubrobacteria","0.506934481109517","0.2850831054071113","98","3","f__Rubrobacteriaceae","g__Rubrobacter.2","false","d__Bacteria","d__Bacteria |  p__Actinobacteriota |  c__Rubrobacteria | Rubrobacterales |  f__Rubrobacteriaceae |  g__Rubrobacter.2","107.61224489795919","0","98","Rubrobacterales","0","p__Actinobacteriota","0.9957894306950911","false","0","d__Bacteria |  p__Actinobacteriota |  c__Rubrobacteria | Rubrobacterales |  f__Rubrobacteriaceae |  g__Rubrobacter.2","182696","0.10858955085566012"
"2.1783018867924526","6.306529867809048E-4","c__Thermoleophilia","0.4590731918579472","0.39080459770114945","88","3","f__uncultured","g__uncultured.17","false","d__Bacteria","d__Bacteria |  p__Actinobacteriota |  c__Thermoleophilia | Gaiellales |  f__uncultured |  g__uncultured.17","100.9659090909091","0","88","Gaiellales","0","p__Actinobacteriota","0.9948991260312016","false","0","d__Bacteria |  p__Actinobacteriota |  c__Thermoleophilia | Gaiellales |  f__uncultured |  g__uncultured.17","46696","0.1289475211889005"
"2.1018867924528304","0.0013305569703814081","c__Thermoleophilia","0.47576301615798916","0.3707054812483609","124","3","f__Solirubrobacteraceae","g__Solirubrobacter.7","false","d__Bacteria","d__Bacteria |  p__Actinobacteriota |  c__Thermoleophilia | Solirubrobacterales |  f__Solirubrobacteraceae |  g__Solirubrobacter.7","99.51612903225806","0","124","Solirubrobacterales","0","p__Actinobacteriota","0.995229927305399","false","0","d__Bacteria |  p__Actinobacteriota |  c__Thermoleophilia | Solirubrobacterales |  f__Solirubrobacteraceae |  g__Solirubrobacter.7","82748","0.12018856163316191"
"2.15","0.0010554025533442998","c__Bacteroidia","0.46511627906976744","0.3891089108910891","101","3","f__Flavobacteriaceae","g__Flavobacterium.34","false","d__Bacteria","d__Bacteria |  p__Bacteroidota |  c__Bacteroidia | Flavobacteriales |  f__Flavobacteriaceae |  g__Flavobacterium.34","91.8019801980198","0","101","Flavobacteriales","0","p__Bacteroidota","0.995021645021645","false","0","d__Bacteria |  p__Bacteroidota |  c__Bacteroidia | Flavobacteriales |  f__Flavobacteriaceae |  g__Flavobacterium.34","67660","0.11475247524752476"
"2.1273584905660377","8.469539947280903E-4","c__Chloroflexia","0.4700665188470067","0.37410805300713557","109","3","f__Roseiflexaceae","g__uncultured.21","false","d__Bacteria","d__Bacteria |  p__Chloroflexi |  c__Chloroflexia | Chloroflexales |  f__Roseiflexaceae |  g__uncultured.21","101.60550458715596","0","109","Chloroflexales","0","p__Chloroflexi","0.9951196602139999","false","0","d__Bacteria |  p__Chloroflexi |  c__Chloroflexia | Chloroflexales |  f__Roseiflexaceae |  g__uncultured.21","60882","0.12451654973916172"
"2.1367924528301887","0.0010246073079515413","c__TK10","0.46799116997792495","0.30887491264849753","54","3","f__TK10","g__TK10.10","false","d__Bacteria","d__Bacteria |  p__Chloroflexi |  c__TK10 | TK10 |  f__TK10 |  g__TK10.10","104.61111111111111","0","54","TK10","0","p__Chloroflexi","0.9950788205505187","false","0","d__Bacteria |  p__Chloroflexi |  c__TK10 | TK10 |  f__TK10 |  g__TK10.10","52986","0.12149954832881663"
"2.121698113207547","8.838937330131843E-4","c__TK10","0.4713205869275233","0.38728070175438595","96","3","f__TK10","g__TK10.163","false","d__Bacteria","d__Bacteria |  p__Chloroflexi |  c__TK10 | TK10 |  f__TK10 |  g__TK10.163","94.61458333333333","0","96","TK10","0","p__Chloroflexi","0.9951441640120886","false","0","d__Bacteria |  p__Chloroflexi |  c__TK10 | TK10 |  f__TK10 |  g__TK10.163","56884","0.11331087824351298"
"2.1009433962264152","8.492295090665211E-4","c__TK10","0.47597665020206553","0.3967168262653899","86","3","f__TK10","g__TK10.37","false","d__Bacteria","d__Bacteria |  p__Chloroflexi |  c__TK10 | TK10 |  f__TK10 |  g__TK10.37","102.13953488372093","0","86","TK10","0","p__Chloroflexi","0.995234011271747","false","0","d__Bacteria |  p__Chloroflexi |  c__TK10 | TK10 |  f__TK10 |  g__TK10.37","53636","0.11780799871248089"
"2.1188679245283017","0.00128600640727799","c__TK10","0.4719501335707926","0.363761153054221","94","3","f__TK10","g__TK10.58","false","d__Bacteria","d__Bacteria |  p__Chloroflexi |  c__TK10 | TK10 |  f__TK10 |  g__TK10.58","90.3936170212766","0","94","TK10","0","p__Chloroflexi","0.9951564159111329","false","0","d__Bacteria |  p__Chloroflexi |  c__TK10 | TK10 |  f__TK10 |  g__TK10.58","85092","0.10761144883485309"
"2.040566037735849","0.0014929623615977806","c__TK10","0.4900601017105871","0.3170731707317073","123","3","f__TK10","g__TK10.71","false","d__Bacteria","d__Bacteria |  p__Chloroflexi |  c__TK10 | TK10 |  f__TK10 |  g__TK10.71","113.46341463414635","0","123","TK10","0","p__Chloroflexi","0.9954953851180266","false","0","d__Bacteria |  p__Chloroflexi |  c__TK10 | TK10 |  f__TK10 |  g__TK10.71","100412","0.1269165711791346"
"2.240566037735849","6.136490748364892E-4","c__TK10","0.4463157894736842","0.41766609556443934","103","3","f__TK10","g__TK10.82","false","d__Bacteria","d__Bacteria |  p__Chloroflexi |  c__TK10 | TK10 |  f__TK10 |  g__TK10.82","98.35922330097087","0","103","TK10","0","p__Chloroflexi","0.9946295842522258","false","0","d__Bacteria |  p__Chloroflexi |  c__TK10 | TK10 |  f__TK10 |  g__TK10.82","38082","0.14011285370508672"
"1.989622641509434","0.0040184827236374576","c__TK10","0.5026078710289237","0.31227192159316025","139","3","f__TK10","g__TK10.91","false","d__Bacteria","d__Bacteria |  p__Chloroflexi |  c__TK10 | TK10 |  f__TK10 |  g__TK10.91","103.5179856115108","0","139","TK10","0","p__Chloroflexi","0.9957159193008249","false","0","d__Bacteria |  p__Chloroflexi |  c__TK10 | TK10 |  f__TK10 |  g__TK10.91","253032","0.11107080001235063"
"2.2858490566037735","5.659276941644436E-4",,"0.43747420553033434","0.3185792349726776","61","3",,,"false",,"d__Bacteria |  p__Chloroflexi | 0.957257173 |  |  | ","86.34426229508196","0","61",,"0",,"0.9944335538675161","false","0","d__Bacteria |  p__Chloroflexi | 0.957257173 |  |  | ","31416","0.12405784812511778"
"2.1367924528301887","0.0013969718234494153","c__Deinococci","0.46799116997792495","0.39880952380952384","112","3","f__Deinococcaceae","g__Deinococcus","false","d__Bacteria","d__Bacteria |  p__Deinococcota |  c__Deinococci | Deinococcales |  f__Deinococcaceae |  g__Deinococcus","91.71428571428571","0","112","Deinococcales","0","p__Deinococcota","0.9950788205505187","false","0","d__Bacteria |  p__Deinococcota |  c__Deinococci | Deinococcales |  f__Deinococcaceae |  g__Deinococcus","74266","0.11421455257071696"
"2.2952830188679245","3.9877151343740915E-4","c__Gemmatimonadetes","0.4356761200164406","0.45437171524128045","92","3","f__Gemmatimonadaceae","g__Gemmatimonas.10","false","d__Bacteria","d__Bacteria |  p__Gemmatimonadota |  c__Gemmatimonadetes | Gemmatimonadales |  f__Gemmatimonadaceae |  g__Gemmatimonas.10","89.81521739130434","0","92","Gemmatimonadales","0","p__Gemmatimonadota","0.994392714204035","false","0","d__Bacteria |  p__Gemmatimonadota |  c__Gemmatimonadetes | Gemmatimonadales |  f__Gemmatimonadaceae |  g__Gemmatimonas.10","26170","0.1371224692997013"
"2.1575471698113207","9.134775371718007E-4","c__Gemmatimonadetes","0.4634892872759073","0.3531645569620253","80","3","f__Gemmatimonadaceae","g__uncultured.4","false","d__Bacteria","d__Bacteria |  p__Gemmatimonadota |  c__Gemmatimonadetes | Gemmatimonadales |  f__Gemmatimonadaceae |  g__uncultured.4","101.5125","0","80","Gemmatimonadales","0","p__Gemmatimonadota","0.9949889732908601","false","0","d__Bacteria |  p__Gemmatimonadota |  c__Gemmatimonadetes | Gemmatimonadales |  f__Gemmatimonadaceae |  g__uncultured.4","61912","0.12486162361623616"
"2.0858490566037737","0.001004196405924461","c__Alphaproteobacteria","0.4794210764360018","0.3973249409913454","124","3","f__Micropepsaceae","g__uncultured.3","false","d__Bacteria","d__Bacteria |  p__Proteobacteria |  c__Alphaproteobacteria | Micropepsales |  f__Micropepsaceae |  g__uncultured.3","105.85483870967742","0","124","Micropepsales","0","p__Proteobacteria","0.995299354733317","false","0","d__Bacteria |  p__Proteobacteria |  c__Alphaproteobacteria | Micropepsales |  f__Micropepsaceae |  g__uncultured.3","71432","0.12527199847299103"
"2.202830188679245","4.520269159257747E-4","c__Alphaproteobacteria","0.45396145610278377","0.384703196347032","73","3","f__Reyranellaceae","g__Reyranella.6","false","d__Bacteria","d__Bacteria |  p__Proteobacteria |  c__Alphaproteobacteria | Reyranellales |  f__Reyranellaceae |  g__Reyranella.6","119.15068493150685","0","73","Reyranellales","0","p__Proteobacteria","0.9947929429061504","false","0","d__Bacteria |  p__Proteobacteria |  c__Alphaproteobacteria | Reyranellales |  f__Reyranellaceae |  g__Reyranella.6","29162","0.15434026545531976"
"2.241509433962264","4.2098446988369685E-4","c__Alphaproteobacteria","0.44612794612794615","0.5058733401430031","89","3","f__Beijerinckiaceae","g__Psychroglaciecola","false","d__Bacteria","d__Bacteria |  p__Proteobacteria |  c__Alphaproteobacteria | Rhizobiales |  f__Beijerinckiaceae |  g__Psychroglaciecola","100.08988764044943","0","89","Rhizobiales","0","p__Proteobacteria","0.9946255002858776","false","0","d__Bacteria |  p__Proteobacteria |  c__Alphaproteobacteria | Rhizobiales |  f__Beijerinckiaceae |  g__Psychroglaciecola","27900","0.13998585683978942"
"2.2858490566037735","6.356365216322792E-4","c__Alphaproteobacteria","0.43747420553033434","0.4402587519025875","73","3","f__Devosiaceae","g__Devosia.9","false","d__Bacteria","d__Bacteria |  p__Proteobacteria |  c__Alphaproteobacteria | Rhizobiales |  f__Devosiaceae |  g__Devosia.9","91.5068493150685","0","73","Rhizobiales","0","p__Proteobacteria","0.9944335538675161","false","0","d__Bacteria |  p__Proteobacteria |  c__Alphaproteobacteria | Rhizobiales |  f__Devosiaceae |  g__Devosia.9","31306","0.13378194344308258"
"2.120754716981132","0.0011391450423605118","c__Alphaproteobacteria","0.47153024911032027","0.38642146657413834","132","3","f__Rhizobiales_Incertae_Sedis","g__Alsobacter","false","d__Bacteria","d__Bacteria |  p__Proteobacteria |  c__Alphaproteobacteria | Rhizobiales |  f__Rhizobiales_Incertae_Sedis |  g__Alsobacter","94.99242424242425","0","132","Rhizobiales","0","p__Proteobacteria","0.9951482479784366","false","0","d__Bacteria |  p__Proteobacteria |  c__Alphaproteobacteria | Rhizobiales |  f__Rhizobiales_Incertae_Sedis |  g__Alsobacter","71198","0.1187405303030303"
"2.309433962264151","3.8015326859970204E-4","c__Alphaproteobacteria","0.43300653594771243","0.43575949367088607","80","3","f__uncultured","g__uncultured.1","false","d__Bacteria","d__Bacteria |  p__Proteobacteria |  c__Alphaproteobacteria | Rhizobiales |  f__uncultured |  g__uncultured.1","91.425","0","80","Rhizobiales","0","p__Proteobacteria","0.9943314547088132","false","0","d__Bacteria |  p__Proteobacteria |  c__Alphaproteobacteria | Rhizobiales |  f__uncultured |  g__uncultured.1","21506","0.14022239263803682"
"1.9358490566037736","0.004213804824043553","c__Alphaproteobacteria","0.5165692007797271","0.2870657034743722","153","3","f__Xanthobacteraceae","g__Bradyrhizobium.1","false","d__Bacteria","d__Bacteria |  p__Proteobacteria |  c__Alphaproteobacteria | Rhizobiales |  f__Xanthobacteraceae |  g__Bradyrhizobium.1","97.97385620915033","0","153","Rhizobiales","0","p__Proteobacteria","0.9959487053826676","false","0","d__Bacteria |  p__Proteobacteria |  c__Alphaproteobacteria | Rhizobiales |  f__Xanthobacteraceae |  g__Bradyrhizobium.1","227584","0.1004860063683593"
"2.233018867924528","5.21144923002241E-4","c__Alphaproteobacteria","0.44782425010561894","0.372972972972973","75","3","f__Sphingomonadaceae","g__Ellin6055.1","false","d__Bacteria","d__Bacteria |  p__Proteobacteria |  c__Alphaproteobacteria | Sphingomonadales |  f__Sphingomonadaceae |  g__Ellin6055.1","94.52","0","75","Sphingomonadales","0","p__Proteobacteria","0.9946622559830107","false","0","d__Bacteria |  p__Proteobacteria |  c__Alphaproteobacteria | Sphingomonadales |  f__Sphingomonadaceae |  g__Ellin6055.1","32974","0.12807588075880758"
"2.233018867924528","0.0011687205774915538","c__Alphaproteobacteria","0.44782425010561894","0.3536953242835596","52","3","f__Sphingomonadaceae","g__Parablastomonas","false","d__Bacteria","d__Bacteria |  p__Proteobacteria |  c__Alphaproteobacteria | Sphingomonadales |  f__Sphingomonadaceae |  g__Parablastomonas","80.59615384615384","0","52","Sphingomonadales","0","p__Proteobacteria","0.9946622559830107","false","0","d__Bacteria |  p__Proteobacteria |  c__Alphaproteobacteria | Sphingomonadales |  f__Sphingomonadaceae |  g__Parablastomonas","46824","0.10590821793187102"
"2.236792452830189","8.980767657596334E-4","c__Alphaproteobacteria","0.44706874736398144","0.3047895500725689","53","3","f__Sphingomonadaceae","g__Sphingomonas.18","false","d__Bacteria","d__Bacteria |  p__Proteobacteria |  c__Alphaproteobacteria | Sphingomonadales |  f__Sphingomonadaceae |  g__Sphingomonas.18","85.60377358490567","0","53","Sphingomonadales","0","p__Proteobacteria","0.9946459201176182","false","0","d__Bacteria |  p__Proteobacteria |  c__Alphaproteobacteria | Sphingomonadales |  f__Sphingomonadaceae |  g__Sphingomonas.18","45078","0.1132325047419387"
"2.240566037735849","9.161090562699346E-4","c__Alphaproteobacteria","0.4463157894736842","0.40584415584415584","56","3","f__Sphingomonadaceae","g__Sphingomonas.44","false","d__Bacteria","d__Bacteria |  p__Proteobacteria |  c__Alphaproteobacteria | Sphingomonadales |  f__Sphingomonadaceae |  g__Sphingomonas.44","89.73214285714286","0","56","Sphingomonadales","0","p__Proteobacteria","0.9946295842522258","false","0","d__Bacteria |  p__Proteobacteria |  c__Alphaproteobacteria | Sphingomonadales |  f__Sphingomonadaceae |  g__Sphingomonas.44","36756","0.11980259393477016"
"2.1641509433962263","7.670429403648537E-4","c__Alphaproteobacteria","0.4620749782040105","0.42396039603960395","101","3","f__Sphingomonadaceae","g__Sphingomonas.69","false","d__Bacteria","d__Bacteria |  p__Proteobacteria |  c__Alphaproteobacteria | Sphingomonadales |  f__Sphingomonadaceae |  g__Sphingomonas.69","90.85148514851485","0","101","Sphingomonadales","0","p__Proteobacteria","0.9949603855264232","false","0","d__Bacteria |  p__Proteobacteria |  c__Alphaproteobacteria | Sphingomonadales |  f__Sphingomonadaceae |  g__Sphingomonas.69","46994","0.11573437598536923"
"2.400943396226415","1.5630893772418841E-4","c__Alphaproteobacteria","0.4165029469548134","0.5300768882858435","67","3","f__Sphingomonadaceae","g__Sphingomonas.78","false","d__Bacteria","d__Bacteria |  p__Proteobacteria |  c__Alphaproteobacteria | Sphingomonadales |  f__Sphingomonadaceae |  g__Sphingomonas.78","94.76119402985074","0","67","Sphingomonadales","0","p__Proteobacteria","0.9939353099730458","false","0","d__Bacteria |  p__Proteobacteria |  c__Alphaproteobacteria | Sphingomonadales |  f__Sphingomonadaceae |  g__Sphingomonas.78","9310","0.16683308808072314"
"2.2141509433962265","8.71960185115432E-4","c__Alphaproteobacteria","0.4516403919897742","0.39789330615018687","109","3","f__Sphingomonadaceae","g__Sphingomonas.8","false","d__Bacteria","d__Bacteria |  p__Proteobacteria |  c__Alphaproteobacteria | Sphingomonadales |  f__Sphingomonadaceae |  g__Sphingomonas.8","94.14678899082568","0","109","Sphingomonadales","0","p__Proteobacteria","0.9947439353099731","false","0","d__Bacteria |  p__Proteobacteria |  c__Alphaproteobacteria | Sphingomonadales |  f__Sphingomonadaceae |  g__Sphingomonas.8","57200","0.13003700136854376"
"2.0745283018867924","0.0012840315287959135","c__Alphaproteobacteria","0.482037289677126","0.3825742574257426","101","3","f__Sphingomonadaceae","g__uncultured.2","false","d__Bacteria","d__Bacteria |  p__Proteobacteria |  c__Alphaproteobacteria | Sphingomonadales |  f__Sphingomonadaceae |  g__uncultured.2","98.45544554455445","0","101","Sphingomonadales","0","p__Proteobacteria","0.9953483623294944","false","0","d__Bacteria |  p__Proteobacteria |  c__Alphaproteobacteria | Sphingomonadales |  f__Sphingomonadaceae |  g__uncultured.2","77958","0.11188118811881188"
"2.080188679245283","0.0011443056572025526","c__Alphaproteobacteria","0.4807256235827665","0.36495956873315366","106","3","f__Sphingomonadaceae","0.999998057","false","d__Bacteria","d__Bacteria |  p__Proteobacteria |  c__Alphaproteobacteria | Sphingomonadales |  f__Sphingomonadaceae | 0.999998057","105.91509433962264","0","106","Sphingomonadales","0","p__Proteobacteria","0.9953238585314057","false","0","d__Bacteria |  p__Proteobacteria |  c__Alphaproteobacteria | Sphingomonadales |  f__Sphingomonadaceae | 0.999998057","76078","0.12188158151855309"
"2.236792452830189","7.344508424365283E-4","c__Gammaproteobacteria","0.44706874736398144","0.3621031746031746","64","3","f__A21b","g__A21b.7","false","d__Bacteria","d__Bacteria |  p__Proteobacteria |  c__Gammaproteobacteria | Burkholderiales |  f__A21b |  g__A21b.7","93.71875","0","64","Burkholderiales","0","p__Proteobacteria","0.9946459201176182","false","0","d__Bacteria |  p__Proteobacteria |  c__Gammaproteobacteria | Burkholderiales |  f__A21b |  g__A21b.7","38690","0.12579697986577182"
"2.060377358490566","0.0019565156706969613","c__Gammaproteobacteria","0.48534798534798534","0.28547539417104634","92","3","f__Comamonadaceae","0.999521635","false","d__Bacteria","d__Bacteria |  p__Proteobacteria |  c__Gammaproteobacteria | Burkholderiales |  f__Comamonadaceae | 0.999521635","91.20652173913044","0","92","Burkholderiales","0","p__Proteobacteria","0.9954096218247162","false","0","d__Bacteria |  p__Proteobacteria |  c__Gammaproteobacteria | Burkholderiales |  f__Comamonadaceae | 0.999521635","121034","0.10089217006540978"
"2.229245283018868","7.910398979144041E-4","c__Gammaproteobacteria","0.44858231062209053","0.44865174985656914","84","3","f__Oxalobacteraceae","0.998059172","false","d__Bacteria","d__Bacteria |  p__Proteobacteria |  c__Gammaproteobacteria | Burkholderiales |  f__Oxalobacteraceae | 0.998059172","94.53571428571429","0","84","Burkholderiales","0","p__Proteobacteria","0.9946785918484032","false","0","d__Bacteria |  p__Proteobacteria |  c__Gammaproteobacteria | Burkholderiales |  f__Oxalobacteraceae | 0.998059172","46334","0.12913088732760863"
"2.1537735849056605","0.00122964161320934","c__Gammaproteobacteria","0.46430135786246163","0.36768038163387","130","3","f__SC-I-84","g__SC-I-84.3","false","d__Bacteria","d__Bacteria |  p__Proteobacteria |  c__Gammaproteobacteria | Burkholderiales |  f__SC-I-84 |  g__SC-I-84.3","98.45384615384616","0","130","Burkholderiales","0","p__Proteobacteria","0.9950053091562526","false","0","d__Bacteria |  p__Proteobacteria |  c__Gammaproteobacteria | Burkholderiales |  f__SC-I-84 |  g__SC-I-84.3","84636","0.12836225052652692"
"1.9669811320754718","0.0029294649071178723","c__Gammaproteobacteria","0.5083932853717026","0.29941834451901567","150","3","f__SC-I-84","g__SC-I-84.4","false","d__Bacteria","d__Bacteria |  p__Proteobacteria |  c__Gammaproteobacteria | Burkholderiales |  f__SC-I-84 |  g__SC-I-84.4","113.91333333333333","0","150","Burkholderiales","0","p__Proteobacteria","0.9958139344931798","false","0","d__Bacteria |  p__Proteobacteria |  c__Gammaproteobacteria | Burkholderiales |  f__SC-I-84 |  g__SC-I-84.4","191034","0.12054320987654321"
"2.329245283018868","2.5335905055281707E-4","c__Gammaproteobacteria","0.4293236127987039","0.46646185355862774","63","3","f__Unknown_Family","g__Acidibacter.4","false","d__Bacteria","d__Bacteria |  p__Proteobacteria |  c__Gammaproteobacteria | Gammaproteobacteria_Incertae_Sedis |  f__Unknown_Family |  g__Acidibacter.4","89.41269841269842","0","63","Gammaproteobacteria_Incertae_Sedis","0","p__Proteobacteria","0.9942456914155027","false","0","d__Bacteria |  p__Proteobacteria |  c__Gammaproteobacteria | Gammaproteobacteria_Incertae_Sedis |  f__Unknown_Family |  g__Acidibacter.4","16456","0.13798255927885558"
"2.2462264150943394","6.202249159165361E-4","c__Gammaproteobacteria","0.4451910961780765","0.30887491264849753","54","3","f__Rhodanobacteraceae","g__uncultured.3","false","d__Bacteria","d__Bacteria |  p__Proteobacteria |  c__Gammaproteobacteria | Xanthomonadales |  f__Rhodanobacteraceae |  g__uncultured.3","89.01851851851852","0","54","Xanthomonadales","0","p__Proteobacteria","0.9946050804541371","false","0","d__Bacteria |  p__Proteobacteria |  c__Gammaproteobacteria | Xanthomonadales |  f__Rhodanobacteraceae |  g__uncultured.3","32246","0.1196236559139785"
"2.091509433962264","0.0018105227326329658",,"0.47812359043752817","0.42826635604736946","102","3",,,"false",,"d__Bacteria |  p__Acidobacteriota |  c__Acidobacteriae | 0.992813256 |  | ","117.32352941176471","0","102",,"0",,"0.9952748509352283","false","0","d__Bacteria |  p__Acidobacteriota |  c__Acidobacteriae | 0.992813256 |  | ","94818","0.13626426180228188"
"2.1311320754716983","0.0011963570320417572","c__Acidobacteriae","0.4692341744134573","0.2946298984034833","53","3","f__Bryobacteraceae","g__Bryobacter","false","d__Bacteria","d__Bacteria |  p__Acidobacteriota |  c__Acidobacteriae | Bryobacterales |  f__Bryobacteraceae |  g__Bryobacter","101.45283018867924","0","53","Bryobacterales","0","p__Acidobacteriota","0.9951033243486074","false","0","d__Bacteria |  p__Acidobacteriota |  c__Acidobacteriae | Bryobacterales |  f__Bryobacteraceae |  g__Bryobacter","61768","0.11699418946268851"
"2.232075471698113","5.229468624014961E-4","c__Subgroup_5","0.4480135249366019","0.5213128729752771","69","3","f__Subgroup_5","g__Subgroup_5","false","d__Bacteria","d__Bacteria |  p__Acidobacteriota |  c__Subgroup_5 | Subgroup_5 |  f__Subgroup_5 |  g__Subgroup_5","122.55072463768116","0","69","Subgroup_5","0","p__Acidobacteriota","0.9946663399493588","false","0","d__Bacteria |  p__Acidobacteriota |  c__Subgroup_5 | Subgroup_5 |  f__Subgroup_5 |  g__Subgroup_5","33682","0.16469923640330372"
"1.989622641509434","0.0019878545117811928",,"0.5026078710289237","0.36084415584415586","176","3",,,"false",,"d__Bacteria |  p__Actinobacteriota |  c__Acidimicrobiia | Microtrichales | 0.916385765 | ","132.08522727272728","0","176",,"0",,"0.9957159193008249","false","0","d__Bacteria |  p__Actinobacteriota |  c__Acidimicrobiia | Microtrichales | 0.916385765 | ","152310","0.14758125952260032"
"2.0037735849056606","0.001411206929336752","c__Acidimicrobiia","0.49905838041431255","0.4068705488060327","155","3","f__uncultured","g__uncultured.2","false","d__Bacteria","d__Bacteria |  p__Actinobacteriota |  c__Acidimicrobiia | uncultured |  f__uncultured |  g__uncultured.2","128.21290322580646","0","155","uncultured","0","p__Actinobacteriota","0.9956546598056032","false","0","d__Bacteria |  p__Actinobacteriota |  c__Acidimicrobiia | uncultured |  f__uncultured |  g__uncultured.2","106694","0.14230066950699938"
"1.9981132075471697","0.0017695427350673447","c__Actinobacteria","0.5004721435316336","0.3568870523415978","121","3","f__Nocardioidaceae","g__Nocardioides.11","false","d__Bacteria","d__Bacteria |  p__Actinobacteriota |  c__Actinobacteria | Propionibacteriales |  f__Nocardioidaceae |  g__Nocardioides.11","123.0495867768595","0","121","Propionibacteriales","0","p__Actinobacteriota","0.9956791636036919","false","0","d__Bacteria |  p__Actinobacteriota |  c__Actinobacteria | Propionibacteriales |  f__Nocardioidaceae |  g__Nocardioides.11","120216","0.13076470433247556"
"2.0971698113207546","9.572902513508255E-4","c__MB-A2-108","0.4768331084120558","0.43753501400560224","120","3","f__MB-A2-108","g__MB-A2-108.5","false","d__Bacteria","d__Bacteria |  p__Actinobacteriota |  c__MB-A2-108 | MB-A2-108 |  f__MB-A2-108 |  g__MB-A2-108.5","115.575","0","120","MB-A2-108","0","p__Actinobacteriota","0.9952503471371396","false","0","d__Bacteria |  p__Actinobacteriota |  c__MB-A2-108 | MB-A2-108 |  f__MB-A2-108 |  g__MB-A2-108.5","69610","0.13808243727598565"
"2.0113207547169814","0.0014215686967418994","c__Thermoleophilia","0.49718574108818003","0.3864278376990241","177","3","f__Gaiellaceae","g__Gaiella.1","false","d__Bacteria","d__Bacteria |  p__Actinobacteriota |  c__Thermoleophilia | Gaiellales |  f__Gaiellaceae |  g__Gaiella.1","127.10169491525424","0","177","Gaiellales","0","p__Actinobacteriota","0.9956219880748183","false","0","d__Bacteria |  p__Actinobacteriota |  c__Thermoleophilia | Gaiellales |  f__Gaiellaceae |  g__Gaiella.1","115972","0.14592617097044114"
"1.9584905660377359","0.0018768960199255684","c__Thermoleophilia","0.5105973025048169","0.39813230681494155","168","3","f__Gaiellaceae","g__Gaiella.3","false","d__Bacteria","d__Bacteria |  p__Actinobacteriota |  c__Thermoleophilia | Gaiellales |  f__Gaiellaceae |  g__Gaiella.3","126.69642857142857","0","168","Gaiellales","0","p__Actinobacteriota","0.9958506901903128","false","0","d__Bacteria |  p__Actinobacteriota |  c__Thermoleophilia | Gaiellales |  f__Gaiellaceae |  g__Gaiella.3","153982","0.13535943223443223"
"1.9924528301886792","0.0019900145834395337","c__Thermoleophilia","0.5018939393939394","0.3607843137254902","136","3","f__Gaiellaceae","g__Gaiella.6","false","d__Bacteria","d__Bacteria |  p__Actinobacteriota |  c__Thermoleophilia | Gaiellales |  f__Gaiellaceae |  g__Gaiella.6","118.875","0","136","Gaiellales","0","p__Actinobacteriota","0.9957036674017806","false","0","d__Bacteria |  p__Actinobacteriota |  c__Thermoleophilia | Gaiellales |  f__Gaiellaceae |  g__Gaiella.6","126604","0.12754828326180256"
"2.0339622641509436","0.002159447212774014","c__Thermoleophilia","0.4916512059369202","0.31243628950050967","109","3","f__uncultured","g__uncultured.4","false","d__Bacteria","d__Bacteria |  p__Actinobacteriota |  c__Thermoleophilia | Gaiellales |  f__uncultured |  g__uncultured.4","120.77981651376147","0","109","Gaiellales","0","p__Actinobacteriota","0.9955239728824634","false","0","d__Bacteria |  p__Actinobacteriota |  c__Thermoleophilia | Gaiellales |  f__uncultured |  g__uncultured.4","138532","0.13199979946859178"
"2.240566037735849","3.417768995608041E-4","c__Bacteroidia","0.4463157894736842","0.3718426501035197","70","3","f__Flavobacteriaceae","g__Flavobacterium.12","false","d__Bacteria","d__Bacteria |  p__Bacteroidota |  c__Bacteroidia | Flavobacteriales |  f__Flavobacteriaceae |  g__Flavobacterium.12","105.77142857142857","0","70","Flavobacteriales","0","p__Bacteroidota","0.9946295842522258","false","0","d__Bacteria |  p__Bacteroidota |  c__Bacteroidia | Flavobacteriales |  f__Flavobacteriaceae |  g__Flavobacterium.12","20186","0.1439067055393586"
"2.15188679245283","6.72407649541096E-4","c__Bacteroidia","0.46470846120122755","0.497789566755084","117","3","f__Flavobacteriaceae","g__Flavobacterium.3","false","d__Bacteria","d__Bacteria |  p__Bacteroidota |  c__Bacteroidia | Flavobacteriales |  f__Flavobacteriaceae |  g__Flavobacterium.3","122.56410256410257","0","117","Flavobacteriales","0","p__Bacteroidota","0.9950134770889487","false","0","d__Bacteria |  p__Bacteroidota |  c__Bacteroidia | Flavobacteriales |  f__Flavobacteriaceae |  g__Flavobacterium.3","52680","0.1567315889566529"
"2.120754716981132","5.18347367142659E-4","c__SJA-28","0.47153024911032027","0.47876447876447875","112","3","f__SJA-28","g__SJA-28","false","d__Bacteria","d__Bacteria |  p__Bacteroidota |  c__SJA-28 | SJA-28 |  f__SJA-28 |  g__SJA-28","126.83035714285714","0","112","SJA-28","0","p__Bacteroidota","0.9951482479784366","false","0","d__Bacteria |  p__Bacteroidota |  c__SJA-28 | SJA-28 |  f__SJA-28 |  g__SJA-28","41362","0.15467116724738675"
"2.159433962264151","7.529523614869057E-4","c__Chloroflexia","0.4630843162953255","0.33212341197822143","58","3","f__Herpetosiphonaceae","g__Herpetosiphon.1","false","d__Bacteria","d__Bacteria |  p__Chloroflexi |  c__Chloroflexia | Chloroflexales |  f__Herpetosiphonaceae |  g__Herpetosiphon.1","109.08620689655173","0","58","Chloroflexales","0","p__Chloroflexi","0.9949808053581638","false","0","d__Bacteria |  p__Chloroflexi |  c__Chloroflexia | Chloroflexales |  f__Herpetosiphonaceae |  g__Herpetosiphon.1","44340","0.1309558306081053"
"2.1226415094339623","4.5623962036813966E-4","c__Chloroflexia","0.4711111111111111","0.5191374663072776","106","3","f__Roseiflexaceae","g__uncultured.29","false","d__Bacteria","d__Bacteria |  p__Chloroflexi |  c__Chloroflexia | Chloroflexales |  f__Roseiflexaceae |  g__uncultured.29","118.68867924528301","0","106","Chloroflexales","0","p__Chloroflexi","0.9951400800457404","false","0","d__Bacteria |  p__Chloroflexi |  c__Chloroflexia | Chloroflexales |  f__Roseiflexaceae |  g__uncultured.29","43196","0.1440396592782561"
"1.9990566037735849","0.001631413657693572","c__Dehalococcoidia","0.5002359603586598","0.4009216589861751","155","3","f__S085","g__S085.9","false","d__Bacteria","d__Bacteria |  p__Chloroflexi |  c__Dehalococcoidia | S085 |  f__S085 |  g__S085.9","123.06451612903226","0","155","S085","0","p__Chloroflexi","0.9956750796373437","false","0","d__Bacteria |  p__Chloroflexi |  c__Dehalococcoidia | S085 |  f__S085 |  g__S085.9","129474","0.1358327992594175"
"2.0660377358490565","0.0012469561162422927","c__Dehalococcoidia","0.4840182648401827","0.47298276111835436","118","3","f__SAR202_clade","g__SAR202_clade.1","false","d__Bacteria","d__Bacteria |  p__Chloroflexi |  c__Dehalococcoidia | SAR202_clade |  f__SAR202_clade |  g__SAR202_clade.1","115.95762711864407","0","118","SAR202_clade","0","p__Chloroflexi","0.9953851180266274","false","0","d__Bacteria |  p__Chloroflexi |  c__Dehalococcoidia | SAR202_clade |  f__SAR202_clade |  g__SAR202_clade.1","80776","0.13297893018193127"
"1.931132075471698","0.0020989191376281054","c__JG30-KF-CM66","0.5178309721543722","0.4060298675683291","169","3","f__JG30-KF-CM66","g__JG30-KF-CM66.1","false","d__Bacteria","d__Bacteria |  p__Chloroflexi |  c__JG30-KF-CM66 | JG30-KF-CM66 |  f__JG30-KF-CM66 |  g__JG30-KF-CM66.1","125.27810650887574","0","169","JG30-KF-CM66","0","p__Chloroflexi","0.9959691252144082","false","0","d__Bacteria |  p__Chloroflexi |  c__JG30-KF-CM66 | JG30-KF-CM66 |  f__JG30-KF-CM66 |  g__JG30-KF-CM66.1","159548","0.12995654202165532"
"2.090566037735849","9.013959717955549E-4","c__JG30-KF-CM66","0.47833935018050544","0.4714370900417412","130","3","f__JG30-KF-CM66","g__JG30-KF-CM66.11","false","d__Bacteria","d__Bacteria |  p__Chloroflexi |  c__JG30-KF-CM66 | JG30-KF-CM66 |  f__JG30-KF-CM66 |  g__JG30-KF-CM66.11","116.67692307692307","0","130","JG30-KF-CM66","0","p__Chloroflexi","0.9952789349015765","false","0","d__Bacteria |  p__Chloroflexi |  c__JG30-KF-CM66 | JG30-KF-CM66 |  f__JG30-KF-CM66 |  g__JG30-KF-CM66.11","72258","0.13990038738240176"
"2.0556603773584907","0.0014332672125602617","c__JG30-KF-CM66","0.48646167966957315","0.4531853281853282","112","3","f__JG30-KF-CM66","g__JG30-KF-CM66.16","false","d__Bacteria","d__Bacteria |  p__Chloroflexi |  c__JG30-KF-CM66 | JG30-KF-CM66 |  f__JG30-KF-CM66 |  g__JG30-KF-CM66.16","119.44642857142857","0","112","JG30-KF-CM66","0","p__Chloroflexi","0.9954300416564568","false","0","d__Bacteria |  p__Chloroflexi |  c__JG30-KF-CM66 | JG30-KF-CM66 |  f__JG30-KF-CM66 |  g__JG30-KF-CM66.16","100584","0.13436043708822112"
"2.1132075471698113","7.278622967717241E-4","c__TK10","0.4732142857142857","0.4892709582833533","123","3","f__TK10","g__TK10.107","false","d__Bacteria","d__Bacteria |  p__Chloroflexi |  c__TK10 | TK10 |  f__TK10 |  g__TK10.107","128.6178861788618","0","123","TK10","0","p__Chloroflexi","0.9951809197092215","false","0","d__Bacteria |  p__Chloroflexi |  c__TK10 | TK10 |  f__TK10 |  g__TK10.107","52134","0.1574270332666607"
"2.013207547169811","0.0011100398289643567","c__TK10","0.4967197750702906","0.43454913880445795","141","3","f__TK10","g__TK10.109","false","d__Bacteria","d__Bacteria |  p__Chloroflexi |  c__TK10 | TK10 |  f__TK10 |  g__TK10.109","131.68085106382978","0","141","TK10","0","p__Chloroflexi","0.9956138201421221","false","0","d__Bacteria |  p__Chloroflexi |  c__TK10 | TK10 |  f__TK10 |  g__TK10.109","92340","0.1455037028329611"
"1.9150943396226414","0.002520895688678631","c__TK10","0.5221674876847291","0.3495200451722191","231","3","f__TK10","g__TK10.11","false","d__Bacteria","d__Bacteria |  p__Chloroflexi |  c__TK10 | TK10 |  f__TK10 |  g__TK10.11","129.74025974025975","0","231","TK10","0","p__Chloroflexi","0.9960385526423262","false","0","d__Bacteria |  p__Chloroflexi |  c__TK10 | TK10 |  f__TK10 |  g__TK10.11","213496","0.14117547305795403"
"2.082075471698113","0.0011177940849412676","c__TK10","0.4802899864068872","0.35093896713615025","72","3","f__TK10","g__TK10.123","false","d__Bacteria","d__Bacteria |  p__Chloroflexi |  c__TK10 | TK10 |  f__TK10 |  g__TK10.123","113.625","0","72","TK10","0","p__Chloroflexi","0.9953156905987094","false","0","d__Bacteria |  p__Chloroflexi |  c__TK10 | TK10 |  f__TK10 |  g__TK10.123","70572","0.12610987791342954"
"2.1188679245283017","4.545455670777315E-4","c__TK10","0.4719501335707926","0.47910135841170326","88","3","f__TK10","g__TK10.155","false","d__Bacteria","d__Bacteria |  p__Chloroflexi |  c__TK10 | TK10 |  f__TK10 |  g__TK10.155","132.4431818181818","0","88","TK10","0","p__Chloroflexi","0.9951564159111329","false","0","d__Bacteria |  p__Chloroflexi |  c__TK10 | TK10 |  f__TK10 |  g__TK10.155","37990","0.1565522243713733"
"2.1264150943396225","3.859809992595719E-4","c__TK10","0.4702750665483585","0.5589205979421471","102","3","f__TK10","g__TK10.170","false","d__Bacteria","d__Bacteria |  p__Chloroflexi |  c__TK10 | TK10 |  f__TK10 |  g__TK10.170","124.26470588235294","0","102","TK10","0","p__Chloroflexi","0.995123744180348","false","0","d__Bacteria |  p__Chloroflexi |  c__TK10 | TK10 |  f__TK10 |  g__TK10.170","36832","0.1508066818960594"
"1.9924528301886792","0.0018361698223969204","c__TK10","0.5018939393939394","0.4397778078851104","122","3","f__TK10","g__TK10.174","false","d__Bacteria","d__Bacteria |  p__Chloroflexi |  c__TK10 | TK10 |  f__TK10 |  g__TK10.174","121.27049180327869","0","122","TK10","0","p__Chloroflexi","0.9957036674017806","false","0","d__Bacteria |  p__Chloroflexi |  c__TK10 | TK10 |  f__TK10 |  g__TK10.174","122114","0.12819290888295845"
"2.1141509433962264","0.001022973111325982","c__TK10","0.47300312360553326","0.4059278350515464","97","3","f__TK10","g__TK10.189","false","d__Bacteria","d__Bacteria |  p__Chloroflexi |  c__TK10 | TK10 |  f__TK10 |  g__TK10.189","106.77319587628865","0","97","TK10","0","p__Chloroflexi","0.9951768357428735","false","0","d__Bacteria |  p__Chloroflexi |  c__TK10 | TK10 |  f__TK10 |  g__TK10.189","67360","0.12680902123074664"
"2.1858490566037734","7.976731139181891E-4","c__TK10","0.45748813120414333","0.42800374006545117","93","3","f__TK10","g__TK10.257","false","d__Bacteria","d__Bacteria |  p__Chloroflexi |  c__TK10 | TK10 |  f__TK10 |  g__TK10.257","123.26881720430107","0","93","TK10","0","p__Chloroflexi","0.9948664543004165","false","0","d__Bacteria |  p__Chloroflexi |  c__TK10 | TK10 |  f__TK10 |  g__TK10.257","44052","0.1600893729925988"
"2.1056603773584905","8.557123375719644E-4","c__TK10","0.47491039426523296","0.43791554357592094","106","3","f__TK10","g__TK10.31","false","d__Bacteria","d__Bacteria |  p__Chloroflexi |  c__TK10 | TK10 |  f__TK10 |  g__TK10.31","126.50943396226415","0","106","TK10","0","p__Chloroflexi","0.9952135914400064","false","0","d__Bacteria |  p__Chloroflexi |  c__TK10 | TK10 |  f__TK10 |  g__TK10.31","58714","0.15024873392192892"
"2.0377358490566038","0.0014408726191106084","c__TK10","0.49074074074074076","0.4280973451327434","113","3","f__TK10","g__TK10.33","false","d__Bacteria","d__Bacteria |  p__Chloroflexi |  c__TK10 | TK10 |  f__TK10 |  g__TK10.33","113.13274336283186","0","113","TK10","0","p__Chloroflexi","0.9955076370170709","false","0","d__Bacteria |  p__Chloroflexi |  c__TK10 | TK10 |  f__TK10 |  g__TK10.33","101994","0.12473290337688188"
"2.0575471698113206","0.0010481951145067305","c__TK10","0.4860155891792756","0.41482300884955753","113","3","f__TK10","g__TK10.336","false","d__Bacteria","d__Bacteria |  p__Chloroflexi |  c__TK10 | TK10 |  f__TK10 |  g__TK10.336","121.15044247787611","0","113","TK10","0","p__Chloroflexi","0.9954218737237605","false","0","d__Bacteria |  p__Chloroflexi |  c__TK10 | TK10 |  f__TK10 |  g__TK10.336","80528","0.13673864839489402"
"2.059433962264151","8.64911807002195E-4","c__TK10","0.4855703160787907","0.4608427543679342","140","3","f__TK10","g__TK10.38","false","d__Bacteria","d__Bacteria |  p__Chloroflexi |  c__TK10 | TK10 |  f__TK10 |  g__TK10.38","120.52857142857142","0","140","TK10","0","p__Chloroflexi","0.9954137057910644","false","0","d__Bacteria |  p__Chloroflexi |  c__TK10 | TK10 |  f__TK10 |  g__TK10.38","73980","0.1406401066844474"
"2.089622641509434","9.328956008887015E-4","c__TK10","0.47855530474040636","0.4144812362030905","151","3","f__TK10","g__TK10.43","false","d__Bacteria","d__Bacteria |  p__Chloroflexi |  c__TK10 | TK10 |  f__TK10 |  g__TK10.43","128.11920529801324","0","151","TK10","0","p__Chloroflexi","0.9952830188679245","false","0","d__Bacteria |  p__Chloroflexi |  c__TK10 | TK10 |  f__TK10 |  g__TK10.43","70380","0.15739460110321038"
"2.0254716981132077","0.0016029622466065545","c__TK10","0.49371215649743827","0.3893259900340939","124","3","f__TK10","g__TK10.45","false","d__Bacteria","d__Bacteria |  p__Chloroflexi |  c__TK10 | TK10 |  f__TK10 |  g__TK10.45","115.80645161290323","0","124","TK10","0","p__Chloroflexi","0.9955607285795964","false","0","d__Bacteria |  p__Chloroflexi |  c__TK10 | TK10 |  f__TK10 |  g__TK10.45","113240","0.12739983675786934"
"2.091509433962264","8.181520586450912E-4","c__TK10","0.47812359043752817","0.49244444444444446","126","3","f__TK10","g__TK10.52","false","d__Bacteria","d__Bacteria |  p__Chloroflexi |  c__TK10 | TK10 |  f__TK10 |  g__TK10.52","117.47619047619048","0","126","TK10","0","p__Chloroflexi","0.9952748509352283","false","0","d__Bacteria |  p__Chloroflexi |  c__TK10 | TK10 |  f__TK10 |  g__TK10.52","63958","0.14035387153666723"
"1.9877358490566037","0.0016091879618661967","c__TK10","0.5030849549121974","0.38509316770186336","162","3","f__TK10","g__TK10.54","false","d__Bacteria","d__Bacteria |  p__Chloroflexi |  c__TK10 | TK10 |  f__TK10 |  g__TK10.54","130.2530864197531","0","162","TK10","0","p__Chloroflexi","0.9957240872335212","false","0","d__Bacteria |  p__Chloroflexi |  c__TK10 | TK10 |  f__TK10 |  g__TK10.54","121030","0.1429781409657004"
"2.15","3.1564667664053423E-4","c__TK10","0.46511627906976744","0.5419413919413919","105","3","f__TK10","g__TK10.57","false","d__Bacteria","d__Bacteria |  p__Chloroflexi |  c__TK10 | TK10 |  f__TK10 |  g__TK10.57","131.35238095238094","0","105","TK10","0","p__Chloroflexi","0.995021645021645","false","0","d__Bacteria |  p__Chloroflexi |  c__TK10 | TK10 |  f__TK10 |  g__TK10.57","29492","0.1650155539602776"
"2.018867924528302","0.0018830545498305198","c__TK10","0.49532710280373826","0.34901625320787","168","3","f__TK10","g__TK10.66","false","d__Bacteria","d__Bacteria |  p__Chloroflexi |  c__TK10 | TK10 |  f__TK10 |  g__TK10.66","123.50595238095238","0","168","TK10","0","p__Chloroflexi","0.9955893163440332","false","0","d__Bacteria |  p__Chloroflexi |  c__TK10 | TK10 |  f__TK10 |  g__TK10.66","150446","0.14163526649191788"
"2.0235849056603774","0.0013751233525137775","c__TK10","0.49417249417249415","0.4219498450267681","169","3","f__TK10","g__TK10.7","false","d__Bacteria","d__Bacteria |  p__Chloroflexi |  c__TK10 | TK10 |  f__TK10 |  g__TK10.7","124.1301775147929","0","169","TK10","0","p__Chloroflexi","0.9955688965122927","false","0","d__Bacteria |  p__Chloroflexi |  c__TK10 | TK10 |  f__TK10 |  g__TK10.7","111988","0.14333738743047678"
"2.0754716981132075","8.504171302664345E-4","c__TK10","0.4818181818181818","0.476358217043761","122","3","f__TK10","g__TK10.84","false","d__Bacteria","d__Bacteria |  p__Chloroflexi |  c__TK10 | TK10 |  f__TK10 |  g__TK10.84","120.1639344262295","0","122","TK10","0","p__Chloroflexi","0.9953442783631463","false","0","d__Bacteria |  p__Chloroflexi |  c__TK10 | TK10 |  f__TK10 |  g__TK10.84","67126","0.1400512056249761"
"2.089622641509434","5.380666575107631E-4","c__TK10","0.47855530474040636","0.5090843023255814","129","3","f__TK10","g__TK10.87","false","d__Bacteria","d__Bacteria |  p__Chloroflexi |  c__TK10 | TK10 |  f__TK10 |  g__TK10.87","124.08527131782945","0","129","TK10","0","p__Chloroflexi","0.9952830188679245","false","0","d__Bacteria |  p__Chloroflexi |  c__TK10 | TK10 |  f__TK10 |  g__TK10.87","55834","0.14842735803568116"
"2.0141509433962264","0.0025123790041779574",,"0.4964871194379391","0.4047508150908244","114","3",,,"false",,"d__Bacteria |  p__Chloroflexi | 0.976818691 |  |  | ","107.16666666666667","0","114",,"0",,"0.9956097361757739","false","0","d__Bacteria |  p__Chloroflexi | 0.976818691 |  |  | ","136498","0.11510920157536698"
"1.9971698113207548","0.0018292092228202818",,"0.5007085498346717","0.4008271298593879","156","3",,,"false",,"d__Bacteria |  p__Chloroflexi | 0.988311073 |  |  | ","126.25641025641026","0","156",,"0",,"0.99568324757004","false","0","d__Bacteria |  p__Chloroflexi | 0.988311073 |  |  | ","131892","0.13920221637972466"
"1.989622641509434","0.0011797202725164044",,"0.5026078710289237","0.3917105024487575","149","3",,,"false",,"d__Bacteria |  p__Chloroflexi | 0.991661774 |  |  | ","130.84563758389262","0","149",,"0",,"0.9957159193008249","false","0","d__Bacteria |  p__Chloroflexi | 0.991661774 |  |  | ","100954","0.14191500822548006"
"1.980188679245283","0.0014282621661703767","c__Gemmatimonadetes","0.505002382086708","0.4032183908045977","175","3","f__Gemmatimonadaceae","g__Gemmatimonas.5","false","d__Bacteria","d__Bacteria |  p__Gemmatimonadota |  c__Gemmatimonadetes | Gemmatimonadales |  f__Gemmatimonadaceae |  g__Gemmatimonas.5","127.89714285714285","0","175","Gemmatimonadales","0","p__Gemmatimonadota","0.9957567589643062","false","0","d__Bacteria |  p__Gemmatimonadota |  c__Gemmatimonadetes | Gemmatimonadales |  f__Gemmatimonadaceae |  g__Gemmatimonas.5","122766","0.1411668243456323"
"2.220754716981132","3.323426685004074E-4","c__Gemmatimonadetes","0.45029736618521665","0.36726998491704377","52","3","f__Gemmatimonadaceae","0.999577446","false","d__Bacteria","d__Bacteria |  p__Gemmatimonadota |  c__Gemmatimonadetes | Gemmatimonadales |  f__Gemmatimonadaceae | 0.999577446","113.8076923076923","0","52","Gemmatimonadales","0","p__Gemmatimonadota","0.9947153475455363","false","0","d__Bacteria |  p__Gemmatimonadota |  c__Gemmatimonadetes | Gemmatimonadales |  f__Gemmatimonadaceae | 0.999577446","21464","0.14703836215464122"
"2.169811320754717","4.90187275912212E-4","c__Myxococcia","0.46086956521739125","0.44496214327315087","102","3","f__Myxococcaceae","g__uncultured.1","false","d__Bacteria","d__Bacteria |  p__Myxococcota |  c__Myxococcia | Myxococcales |  f__Myxococcaceae |  g__uncultured.1","128.7156862745098","0","102","Myxococcales","0","p__Myxococcota","0.9949358817283346","false","0","d__Bacteria |  p__Myxococcota |  c__Myxococcia | Myxococcales |  f__Myxococcaceae |  g__uncultured.1","35914","0.16544432683098947"
"2.1132075471698113","8.259771335303279E-4","c__Myxococcia","0.4732142857142857","0.4967389017462655","98","3","f__Myxococcaceae","0.999986139","false","d__Bacteria","d__Bacteria |  p__Myxococcota |  c__Myxococcia | Myxococcales |  f__Myxococcaceae | 0.999986139","115.03061224489795","0","98","Myxococcales","0","p__Myxococcota","0.9951809197092215","false","0","d__Bacteria |  p__Myxococcota |  c__Myxococcia | Myxococcales |  f__Myxococcaceae | 0.999986139","59030","0.13661592903194533"
"2.047169811320755","0.0012436428843574385","c__Polyangia","0.48847926267281105","0.41599378881987575","161","3","f__Haliangiaceae","g__Haliangium","false","d__Bacteria","d__Bacteria |  p__Myxococcota |  c__Polyangia | Haliangiales |  f__Haliangiaceae |  g__Haliangium","124.2360248447205","0","161","Haliangiales","0","p__Myxococcota","0.9954667973535899","false","0","d__Bacteria |  p__Myxococcota |  c__Polyangia | Haliangiales |  f__Haliangiaceae |  g__Haliangium","102814","0.1463321847405424"
"2.0330188679245285","9.649885421073028E-4","c__Polyangia","0.4918793503480278","0.4162155511811024","128","3","f__BIrii41","g__BIrii41.1","false","d__Bacteria","d__Bacteria |  p__Myxococcota |  c__Polyangia | Polyangiales |  f__BIrii41 |  g__BIrii41.1","130.7734375","0","128","Polyangiales","0","p__Myxococcota","0.9955280568488115","false","0","d__Bacteria |  p__Myxococcota |  c__Polyangia | Polyangiales |  f__BIrii41 |  g__BIrii41.1","71792","0.14578978539576365"
"2.150943396226415","6.465399402863414E-4","c__Polyangia","0.4649122807017544","0.40342405618964006","68","3","f__BIrii41","g__BIrii41.6","false","d__Bacteria","d__Bacteria |  p__Myxococcota |  c__Polyangia | Polyangiales |  f__BIrii41 |  g__BIrii41.6","120.42647058823529","0","68","Polyangiales","0","p__Myxococcota","0.9950175610552969","false","0","d__Bacteria |  p__Myxococcota |  c__Polyangia | Polyangiales |  f__BIrii41 |  g__BIrii41.6","39588","0.1447433540723982"
"1.9084905660377358","0.005349329050270028","c__Polyangia","0.5239742956005932","0.24671140939597316","150","3","f__Polyangiaceae","g__uncultured","false","d__Bacteria","d__Bacteria |  p__Myxococcota |  c__Polyangia | Polyangiales |  f__Polyangiaceae |  g__uncultured","113.80666666666667","0","150","Polyangiales","0","p__Myxococcota","0.996067140406763","false","0","d__Bacteria |  p__Myxococcota |  c__Polyangia | Polyangiales |  f__Polyangiaceae |  g__uncultured","345606","0.11301555776233035"
"1.9764150943396226","0.0017300249348747839","c__Phycisphaerae","0.5059665871121719","0.38630890952872377","171","3","f__Phycisphaeraceae","g__SM1A02","false","d__Bacteria","d__Bacteria |  p__Planctomycetota |  c__Phycisphaerae | Phycisphaerales |  f__Phycisphaeraceae |  g__SM1A02","127.98245614035088","0","171","Phycisphaerales","0","p__Planctomycetota","0.9957730948296987","false","0","d__Bacteria |  p__Planctomycetota |  c__Phycisphaerae | Phycisphaerales |  f__Phycisphaeraceae |  g__SM1A02","130568","0.1400245690813467"
"1.9764150943396226","0.001876500771211304","c__Phycisphaerae","0.5059665871121719","0.39082944589828195","188","3","f__Phycisphaeraceae","g__SM1A02.1","false","d__Bacteria","d__Bacteria |  p__Planctomycetota |  c__Phycisphaerae | Phycisphaerales |  f__Phycisphaeraceae |  g__SM1A02.1","131.52659574468086","0","188","Phycisphaerales","0","p__Planctomycetota","0.9957730948296987","false","0","d__Bacteria |  p__Planctomycetota |  c__Phycisphaerae | Phycisphaerales |  f__Phycisphaeraceae |  g__SM1A02.1","154922","0.14662942669418155"
"2.0943396226415096","8.043617870584367E-4","c__Phycisphaerae","0.47747747747747743","0.483739837398374","124","3","f__Phycisphaeraceae","g__SM1A02.18","false","d__Bacteria","d__Bacteria |  p__Planctomycetota |  c__Phycisphaerae | Phycisphaerales |  f__Phycisphaeraceae |  g__SM1A02.18","118.15322580645162","0","124","Phycisphaerales","0","p__Planctomycetota","0.995262599036184","false","0","d__Bacteria |  p__Planctomycetota |  c__Phycisphaerae | Phycisphaerales |  f__Phycisphaeraceae |  g__SM1A02.18","68598","0.14133160981632967"
"2.031132075471698","0.001230335513246291","c__Phycisphaerae","0.49233627496516486","0.4186320754716981","160","3","f__Phycisphaeraceae","g__SM1A02.3","false","d__Bacteria","d__Bacteria |  p__Planctomycetota |  c__Phycisphaerae | Phycisphaerales |  f__Phycisphaeraceae |  g__SM1A02.3","126.875","0","160","Phycisphaerales","0","p__Planctomycetota","0.9955362247815078","false","0","d__Bacteria |  p__Planctomycetota |  c__Phycisphaerae | Phycisphaerales |  f__Phycisphaeraceae |  g__SM1A02.3","91010","0.1463379469434833"
"1.9764150943396226","0.0024226480597448956","c__Phycisphaerae","0.5059665871121719","0.38257226644323417","155","3","f__Phycisphaeraceae","g__SM1A02.6","false","d__Bacteria","d__Bacteria |  p__Planctomycetota |  c__Phycisphaerae | Phycisphaerales |  f__Phycisphaeraceae |  g__SM1A02.6","124.87741935483871","0","155","Phycisphaerales","0","p__Planctomycetota","0.9957730948296987","false","0","d__Bacteria |  p__Planctomycetota |  c__Phycisphaerae | Phycisphaerales |  f__Phycisphaeraceae |  g__SM1A02.6","176988","0.13427679500520293"
"1.9971698113207548","0.0019127346636201672","c__Alphaproteobacteria","0.5007085498346717","0.3246659815005139","140","3","f__Reyranellaceae","g__Reyranella.12","false","d__Bacteria","d__Bacteria |  p__Proteobacteria |  c__Alphaproteobacteria | Reyranellales |  f__Reyranellaceae |  g__Reyranella.12","124.00714285714285","0","140","Reyranellales","0","p__Proteobacteria","0.99568324757004","false","0","d__Bacteria |  p__Proteobacteria |  c__Alphaproteobacteria | Reyranellales |  f__Reyranellaceae |  g__Reyranella.12","127348","0.134352267450859"
"2.061320754716981","9.807030695388199E-4","c__Alphaproteobacteria","0.4851258581235698","0.4156459252000653","157","3","f__Reyranellaceae","g__Reyranella.3","false","d__Bacteria","d__Bacteria |  p__Proteobacteria |  c__Alphaproteobacteria | Reyranellales |  f__Reyranellaceae |  g__Reyranella.3","129.71337579617835","0","157","Reyranellales","0","p__Proteobacteria","0.995405537858368","false","0","d__Bacteria |  p__Proteobacteria |  c__Alphaproteobacteria | Reyranellales |  f__Reyranellaceae |  g__Reyranella.3","77396","0.154789231260356"
"2.0952830188679243","8.955048838486196E-4","c__Alphaproteobacteria","0.4772624943719046","0.4376653147593017","107","3","f__Reyranellaceae","g__Reyranella.7","false","d__Bacteria","d__Bacteria |  p__Proteobacteria |  c__Alphaproteobacteria | Reyranellales |  f__Reyranellaceae |  g__Reyranella.7","115.78504672897196","0","107","Reyranellales","0","p__Proteobacteria","0.9952585150698359","false","0","d__Bacteria |  p__Proteobacteria |  c__Alphaproteobacteria | Reyranellales |  f__Reyranellaceae |  g__Reyranella.7","61796","0.13589794217015488"
"2.202830188679245","6.649415286863835E-4","c__Alphaproteobacteria","0.45396145610278377","0.41267326732673265","101","3","f__Devosiaceae","g__Devosia.5","false","d__Bacteria","d__Bacteria |  p__Proteobacteria |  c__Alphaproteobacteria | Rhizobiales |  f__Devosiaceae |  g__Devosia.5","116.23762376237623","0","101","Rhizobiales","0","p__Proteobacteria","0.9947929429061504","false","0","d__Bacteria |  p__Proteobacteria |  c__Alphaproteobacteria | Rhizobiales |  f__Devosiaceae |  g__Devosia.5","39276","0.15623336527201107"
"2.172641509433962","5.090672856387632E-4","c__Alphaproteobacteria","0.46026921406860616","0.42834963514982144","114","3","f__Methyloligellaceae","g__uncultured.1","false","d__Bacteria","d__Bacteria |  p__Proteobacteria |  c__Alphaproteobacteria | Rhizobiales |  f__Methyloligellaceae |  g__uncultured.1","124.15789473684211","0","114","Rhizobiales","0","p__Proteobacteria","0.9949236298292902","false","0","d__Bacteria |  p__Proteobacteria |  c__Alphaproteobacteria | Rhizobiales |  f__Methyloligellaceae |  g__uncultured.1","36602","0.16272332206663448"
"1.9990566037735849","0.0024830026439027165","c__Alphaproteobacteria","0.5002359603586598","0.3169815891472868","129","3","f__Xanthobacteraceae","g__Pseudolabrys.2","false","d__Bacteria","d__Bacteria |  p__Proteobacteria |  c__Alphaproteobacteria | Rhizobiales |  f__Xanthobacteraceae |  g__Pseudolabrys.2","119.79069767441861","0","129","Rhizobiales","0","p__Proteobacteria","0.9956750796373437","false","0","d__Bacteria |  p__Proteobacteria |  c__Alphaproteobacteria | Rhizobiales |  f__Xanthobacteraceae |  g__Pseudolabrys.2","152818","0.1285307914961573"
"2.0462264150943397","0.0012345355916588833","c__Alphaproteobacteria","0.4887044721069617","0.43114543114543114","148","3","f__Xanthobacteraceae","g__Pseudorhodoplanes.1","false","d__Bacteria","d__Bacteria |  p__Proteobacteria |  c__Alphaproteobacteria | Rhizobiales |  f__Xanthobacteraceae |  g__Pseudorhodoplanes.1","120.60135135135135","0","148","Rhizobiales","0","p__Proteobacteria","0.9954708813199379","false","0","d__Bacteria |  p__Proteobacteria |  c__Alphaproteobacteria | Rhizobiales |  f__Xanthobacteraceae |  g__Pseudorhodoplanes.1","89548","0.13974664119507688"
"2.2122641509433962","8.449438355701802E-4","c__Alphaproteobacteria","0.4520255863539446","0.3548076923076923","65","3","f__Xanthobacteraceae","g__uncultured.5","false","d__Bacteria","d__Bacteria |  p__Proteobacteria |  c__Alphaproteobacteria | Rhizobiales |  f__Xanthobacteraceae |  g__uncultured.5","97.15384615384616","0","65","Rhizobiales","0","p__Proteobacteria","0.9947521032426694","false","0","d__Bacteria |  p__Proteobacteria |  c__Alphaproteobacteria | Rhizobiales |  f__Xanthobacteraceae |  g__uncultured.5","48786","0.12617382617382616"
"1.9764150943396226","0.001917948877545286","c__Alphaproteobacteria","0.5059665871121719","0.39231408885721075","184","3","f__Sphingomonadaceae","g__Sphingomonas.1","false","d__Bacteria","d__Bacteria |  p__Proteobacteria |  c__Alphaproteobacteria | Sphingomonadales |  f__Sphingomonadaceae |  g__Sphingomonas.1","126.16847826086956","0","184","Sphingomonadales","0","p__Proteobacteria","0.9957730948296987","false","0","d__Bacteria |  p__Proteobacteria |  c__Alphaproteobacteria | Sphingomonadales |  f__Sphingomonadaceae |  g__Sphingomonas.1","136514","0.14003160739275203"
"2.059433962264151","0.0010042048975594153","c__Alphaproteobacteria","0.4855703160787907","0.4835651074589128","113","3","f__Sphingomonadaceae","0.999998567","false","d__Bacteria","d__Bacteria |  p__Proteobacteria |  c__Alphaproteobacteria | Sphingomonadales |  f__Sphingomonadaceae | 0.999998567","121.48672566371681","0","113","Sphingomonadales","0","p__Proteobacteria","0.9954137057910644","false","0","d__Bacteria |  p__Proteobacteria |  c__Alphaproteobacteria | Sphingomonadales |  f__Sphingomonadaceae | 0.999998567","72934","0.13742842269651223"
"2.139622641509434","7.12563170247985E-4","c__Gammaproteobacteria","0.4673721340388007","0.4370704467353952","97","3","f__A21b","g__A21b.4","false","d__Bacteria","d__Bacteria |  p__Proteobacteria |  c__Gammaproteobacteria | Burkholderiales |  f__A21b |  g__A21b.4","108.65979381443299","0","97","Burkholderiales","0","p__Proteobacteria","0.9950665686514742","false","0","d__Bacteria |  p__Proteobacteria |  c__Gammaproteobacteria | Burkholderiales |  f__A21b |  g__A21b.4","49466","0.13332490038580735"
"1.9367924528301887","0.003720433890590232","c__Gammaproteobacteria","0.5163175840233803","0.27520075578649034","146","3","f__Comamonadaceae","0.999536857","false","d__Bacteria","d__Bacteria |  p__Proteobacteria |  c__Gammaproteobacteria | Burkholderiales |  f__Comamonadaceae | 0.999536857","120.02739726027397","0","146","Burkholderiales","0","p__Proteobacteria","0.9959446214163196","false","0","d__Bacteria |  p__Proteobacteria |  c__Gammaproteobacteria | Burkholderiales |  f__Comamonadaceae | 0.999536857","274500","0.12235208691159426"
"2.0745283018867924","0.0018053427572257389","c__Gammaproteobacteria","0.482037289677126","0.3414861837191934","104","3","f__Comamonadaceae","0.999681504","false","d__Bacteria","d__Bacteria |  p__Proteobacteria |  c__Gammaproteobacteria | Burkholderiales |  f__Comamonadaceae | 0.999681504","100.3076923076923","0","104","Burkholderiales","0","p__Proteobacteria","0.9953483623294944","false","0","d__Bacteria |  p__Proteobacteria |  c__Gammaproteobacteria | Burkholderiales |  f__Comamonadaceae | 0.999681504","126508","0.11437593193579511"
"1.9018867924528302","0.004487222734481825","c__Gammaproteobacteria","0.5257936507936508","0.2817695125387433","169","3","f__Nitrosomonadaceae","g__Ellin6067","false","d__Bacteria","d__Bacteria |  p__Proteobacteria |  c__Gammaproteobacteria | Burkholderiales |  f__Nitrosomonadaceae |  g__Ellin6067","122.02958579881657","0","169","Burkholderiales","0","p__Proteobacteria","0.9960957281711998","false","0","d__Bacteria |  p__Proteobacteria |  c__Gammaproteobacteria | Burkholderiales |  f__Nitrosomonadaceae |  g__Ellin6067","317450","0.1226427997978056"
"1.9688679245283018","0.0014807370700225331","c__Gammaproteobacteria","0.5079060852898898","0.41806833809372684","138","3","f__Nitrosomonadaceae","g__Ellin6067.1","false","d__Bacteria","d__Bacteria |  p__Proteobacteria |  c__Gammaproteobacteria | Burkholderiales |  f__Nitrosomonadaceae |  g__Ellin6067.1","129.7391304347826","0","138","Burkholderiales","0","p__Proteobacteria","0.9958057665604836","false","0","d__Bacteria |  p__Proteobacteria |  c__Gammaproteobacteria | Burkholderiales |  f__Nitrosomonadaceae |  g__Ellin6067.1","110476","0.1358524926018666"
"1.9566037735849056","0.003177313456909358","c__Gammaproteobacteria","0.5110896817743491","0.356831648658069","152","3","f__Nitrosomonadaceae","g__Ellin6067.5","false","d__Bacteria","d__Bacteria |  p__Proteobacteria |  c__Gammaproteobacteria | Burkholderiales |  f__Nitrosomonadaceae |  g__Ellin6067.5","118.84868421052632","0","152","Burkholderiales","0","p__Proteobacteria","0.9958588581230091","false","0","d__Bacteria |  p__Proteobacteria |  c__Gammaproteobacteria | Burkholderiales |  f__Nitrosomonadaceae |  g__Ellin6067.5","195584","0.12457933355401081"
"2.04811320754717","0.0012963030988043384","c__Gammaproteobacteria","0.4882542607093505","0.39490076778212374","118","3","f__Nitrosomonadaceae","g__IS-44.1","false","d__Bacteria","d__Bacteria |  p__Proteobacteria |  c__Gammaproteobacteria | Burkholderiales |  f__Nitrosomonadaceae |  g__IS-44.1","120.0","0","118","Burkholderiales","0","p__Proteobacteria","0.9954627133872417","false","0","d__Bacteria |  p__Proteobacteria |  c__Gammaproteobacteria | Burkholderiales |  f__Nitrosomonadaceae |  g__IS-44.1","83476","0.13468013468013468"
"2.129245283018868","9.047905288483015E-4","c__Gammaproteobacteria","0.46964997784669915","0.4071287128712871","101","3","f__Nitrosomonadaceae","g__MND1","false","d__Bacteria","d__Bacteria |  p__Proteobacteria |  c__Gammaproteobacteria | Burkholderiales |  f__Nitrosomonadaceae |  g__MND1","117.96039603960396","0","101","Burkholderiales","0","p__Proteobacteria","0.9951114922813036","false","0","d__Bacteria |  p__Proteobacteria |  c__Gammaproteobacteria | Burkholderiales |  f__Nitrosomonadaceae |  g__MND1","57344","0.14350413143504132"
"2.059433962264151","0.0016160630754046275","c__Gammaproteobacteria","0.4855703160787907","0.4016886421466574","132","3","f__Nitrosomonadaceae","g__MND1.4","false","d__Bacteria","d__Bacteria |  p__Proteobacteria |  c__Gammaproteobacteria | Burkholderiales |  f__Nitrosomonadaceae |  g__MND1.4","119.10606060606061","0","132","Burkholderiales","0","p__Proteobacteria","0.9954137057910644","false","0","d__Bacteria |  p__Proteobacteria |  c__Gammaproteobacteria | Burkholderiales |  f__Nitrosomonadaceae |  g__MND1.4","93004","0.13784546857463525"
"1.9792452830188678","0.0019177574006400803","c__Gammaproteobacteria","0.5052430886558628","0.3567567567567568","185","3","f__SC-I-84","g__SC-I-84.11","false","d__Bacteria","d__Bacteria |  p__Proteobacteria |  c__Gammaproteobacteria | Burkholderiales |  f__SC-I-84 |  g__SC-I-84.11","127.45945945945945","0","185","Burkholderiales","0","p__Proteobacteria","0.9957608429306543","false","0","d__Bacteria |  p__Proteobacteria |  c__Gammaproteobacteria | Burkholderiales |  f__SC-I-84 |  g__SC-I-84.11","139322","0.14209527253005513"
"2.1745283018867925","8.309644936248411E-4","c__Gammaproteobacteria","0.4598698481561822","0.44560439560439563","105","3","f__SC-I-84","g__SC-I-84.13","false","d__Bacteria","d__Bacteria |  p__Proteobacteria |  c__Gammaproteobacteria | Burkholderiales |  f__SC-I-84 |  g__SC-I-84.13","111.88571428571429","0","105","Burkholderiales","0","p__Proteobacteria","0.994915461896594","false","0","d__Bacteria |  p__Proteobacteria |  c__Gammaproteobacteria | Burkholderiales |  f__SC-I-84 |  g__SC-I-84.13","52200","0.14530612244897959"
"2.159433962264151","7.33095848859809E-4","c__Gammaproteobacteria","0.4630843162953255","0.5030701754385964","96","3","f__SC-I-84","g__SC-I-84.22","false","d__Bacteria","d__Bacteria |  p__Proteobacteria |  c__Gammaproteobacteria | Burkholderiales |  f__SC-I-84 |  g__SC-I-84.22","112.97916666666667","0","96","Burkholderiales","0","p__Proteobacteria","0.9949808053581638","false","0","d__Bacteria |  p__Proteobacteria |  c__Gammaproteobacteria | Burkholderiales |  f__SC-I-84 |  g__SC-I-84.22","49188","0.14211215932914045"
"2.108490566037736","0.0010259689319365333","c__Gammaproteobacteria","0.4742729306487695","0.4395802098950525","116","3","f__SC-I-84","g__SC-I-84.31","false","d__Bacteria","d__Bacteria |  p__Proteobacteria |  c__Gammaproteobacteria | Burkholderiales |  f__SC-I-84 |  g__SC-I-84.31","118.68103448275862","0","116","Burkholderiales","0","p__Proteobacteria","0.9952013395409621","false","0","d__Bacteria |  p__Proteobacteria |  c__Gammaproteobacteria | Burkholderiales |  f__SC-I-84 |  g__SC-I-84.31","72304","0.14316168212636746"
"2.1867924528301885","6.482050235232143E-4","c__Gammaproteobacteria","0.457290767903365","0.38181818181818183","55","3","f__Sutterellaceae","g__uncultured.1","false","d__Bacteria","d__Bacteria |  p__Proteobacteria |  c__Gammaproteobacteria | Burkholderiales |  f__Sutterellaceae |  g__uncultured.1","102.49090909090908","0","55","Burkholderiales","0","p__Proteobacteria","0.9948623703340684","false","0","d__Bacteria |  p__Proteobacteria |  c__Gammaproteobacteria | Burkholderiales |  f__Sutterellaceae |  g__uncultured.1","42838","0.1270023656640757"
"1.9556603773584906","0.0020570992836249566","c__Gammaproteobacteria","0.5113362276893391","0.34211361472548396","138","3","f__TRA3-20","g__TRA3-20","false","d__Bacteria","d__Bacteria |  p__Proteobacteria |  c__Gammaproteobacteria | Burkholderiales |  f__TRA3-20 |  g__TRA3-20","126.81159420289855","0","138","Burkholderiales","0","p__Proteobacteria","0.9958629420893571","false","0","d__Bacteria |  p__Proteobacteria |  c__Gammaproteobacteria | Burkholderiales |  f__TRA3-20 |  g__TRA3-20","165412","0.13086851826924514"
"1.961320754716981","0.0019216069756678097","c__Gammaproteobacteria","0.5098605098605099","0.3932980599647266","162","3","f__TRA3-20","g__TRA3-20.4","false","d__Bacteria","d__Bacteria |  p__Proteobacteria |  c__Gammaproteobacteria | Burkholderiales |  f__TRA3-20 |  g__TRA3-20.4","123.72222222222223","0","162","Burkholderiales","0","p__Proteobacteria","0.9958384382912685","false","0","d__Bacteria |  p__Proteobacteria |  c__Gammaproteobacteria | Burkholderiales |  f__TRA3-20 |  g__TRA3-20.4","148814","0.1317595550822388"
"1.9745283018867925","0.001896443972629932","c__Gammaproteobacteria","0.5064500716674629","0.377666388192704","190","3","f__Unknown_Family","g__Acidibacter","false","d__Bacteria","d__Bacteria |  p__Proteobacteria |  c__Gammaproteobacteria | Gammaproteobacteria_Incertae_Sedis |  f__Unknown_Family |  g__Acidibacter","127.53684210526316","0","190","Gammaproteobacteria_Incertae_Sedis","0","p__Proteobacteria","0.9957812627623948","false","0","d__Bacteria |  p__Proteobacteria |  c__Gammaproteobacteria | Gammaproteobacteria_Incertae_Sedis |  f__Unknown_Family |  g__Acidibacter","148154","0.1421815408085431"
"1.9405660377358491","0.00371062917591809","c__Gammaproteobacteria","0.5153135634419057","0.25922038980509743","116","3","f__Steroidobacteraceae","g__uncultured.2","false","d__Bacteria","d__Bacteria |  p__Proteobacteria |  c__Gammaproteobacteria | Steroidobacterales |  f__Steroidobacteraceae |  g__uncultured.2","111.71551724137932","0","116","Steroidobacterales","0","p__Proteobacteria","0.995928285550927","false","0","d__Bacteria |  p__Proteobacteria |  c__Gammaproteobacteria | Steroidobacterales |  f__Steroidobacteraceae |  g__uncultured.2","241602","0.11093894462897648"
"2.1311320754716983","8.311777538320238E-4","c__Gammaproteobacteria","0.4692341744134573","0.4080615296966244","119","3","f__Rhodanobacteraceae","0.943326006","false","d__Bacteria","d__Bacteria |  p__Proteobacteria |  c__Gammaproteobacteria | Xanthomonadales |  f__Rhodanobacteraceae | 0.943326006","121.23529411764706","0","119","Xanthomonadales","0","p__Proteobacteria","0.9951033243486074","false","0","d__Bacteria |  p__Proteobacteria |  c__Gammaproteobacteria | Xanthomonadales |  f__Rhodanobacteraceae | 0.943326006","54130","0.15116620214170456"
"1.9849056603773585","0.0020342175915677376","c__Acidobacteriae","0.5038022813688213","0.35706792551796485","124","3","f__Acidobacteriae","g__Paludibaculum","false","d__Bacteria","d__Bacteria |  p__Acidobacteriota |  c__Acidobacteriae | Acidobacteriae |  f__Acidobacteriae |  g__Paludibaculum","125.84677419354838","0","124","Acidobacteriae","0","p__Acidobacteriota","0.9957363391325655","false","0","d__Bacteria |  p__Acidobacteriota |  c__Acidobacteriae | Acidobacteriae |  f__Acidobacteriae |  g__Paludibaculum","135688","0.13219198969910545"
"1.890566037735849","0.0045237112278814825","c__Actinobacteria","0.5289421157684631","0.3196017603347522","167","3","f__Cellulomonadaceae","g__Cellulomonas","false","d__Bacteria","d__Bacteria |  p__Actinobacteriota |  c__Actinobacteria | Micrococcales |  f__Cellulomonadaceae |  g__Cellulomonas","117.62275449101796","0","167","Micrococcales","0","p__Actinobacteriota","0.9961447357673773","false","0","d__Bacteria |  p__Actinobacteriota |  c__Actinobacteria | Micrococcales |  f__Cellulomonadaceae |  g__Cellulomonas","266878","0.11657359216156389"
"1.9188679245283018","0.002559906229593812","c__Actinobacteria","0.5211406096361849","0.33636363636363636","176","3","f__Nocardioidaceae","g__Nocardioides","false","d__Bacteria","d__Bacteria |  p__Actinobacteriota |  c__Actinobacteria | Propionibacteriales |  f__Nocardioidaceae |  g__Nocardioides","122.50568181818181","0","176","Propionibacteriales","0","p__Actinobacteriota","0.9960222167769337","false","0","d__Bacteria |  p__Actinobacteriota |  c__Actinobacteria | Propionibacteriales |  f__Nocardioidaceae |  g__Nocardioides","186082","0.12629451733833177"
"1.9018867924528302","0.003101137320412944","c__Actinobacteria","0.5257936507936508","0.3233669777185298","178","3","f__Nocardioidaceae","g__Nocardioides.1","false","d__Bacteria","d__Bacteria |  p__Actinobacteriota |  c__Actinobacteria | Propionibacteriales |  f__Nocardioidaceae |  g__Nocardioides.1","125.01123595505618","0","178","Propionibacteriales","0","p__Actinobacteriota","0.9960957281711998","false","0","d__Bacteria |  p__Actinobacteriota |  c__Actinobacteria | Propionibacteriales |  f__Nocardioidaceae |  g__Nocardioides.1","214264","0.12678624336212593"
"2.133018867924528","5.049558147889152E-4","c__Thermoleophilia","0.4688191065900045","0.40611225389362327","83","3","f__Solirubrobacteraceae","g__Solirubrobacter","false","d__Bacteria","d__Bacteria |  p__Actinobacteriota |  c__Thermoleophilia | Solirubrobacterales |  f__Solirubrobacteraceae |  g__Solirubrobacter","123.12048192771084","0","83","Solirubrobacterales","0","p__Actinobacteriota","0.9950951564159111","false","0","d__Bacteria |  p__Actinobacteriota |  c__Thermoleophilia | Solirubrobacterales |  f__Solirubrobacteraceae |  g__Solirubrobacter","37940","0.14727330374128092"
"2.0971698113207546","0.0010107148575074457","c__Bacteroidia","0.4768331084120558","0.3974358974358974","117","3","f__Hymenobacteraceae","g__Adhaeribacter","false","d__Bacteria","d__Bacteria |  p__Bacteroidota |  c__Bacteroidia | Cytophagales |  f__Hymenobacteraceae |  g__Adhaeribacter","122.00854700854701","0","117","Cytophagales","0","p__Bacteroidota","0.9952503471371396","false","0","d__Bacteria |  p__Bacteroidota |  c__Bacteroidia | Cytophagales |  f__Hymenobacteraceae |  g__Adhaeribacter","70282","0.14524827024827025"
"2.0415094339622644","0.0013554893876162354","c__Chloroflexia","0.48983364140480584","0.3870031444005482","158","3","f__Herpetosiphonaceae","g__Herpetosiphon","false","d__Bacteria","d__Bacteria |  p__Chloroflexi |  c__Chloroflexia | Chloroflexales |  f__Herpetosiphonaceae |  g__Herpetosiphon","126.90506329113924","0","158","Chloroflexales","0","p__Chloroflexi","0.9954913011516785","false","0","d__Bacteria |  p__Chloroflexi |  c__Chloroflexia | Chloroflexales |  f__Herpetosiphonaceae |  g__Herpetosiphon","95496","0.14790799917382197"
"1.9707547169811321","0.0025137927970237707","c__JG30-KF-CM66","0.5074198180947822","0.3609022556390977","134","3","f__JG30-KF-CM66","g__JG30-KF-CM66","false","d__Bacteria","d__Bacteria |  p__Chloroflexi |  c__JG30-KF-CM66 | JG30-KF-CM66 |  f__JG30-KF-CM66 |  g__JG30-KF-CM66","124.71641791044776","0","134","JG30-KF-CM66","0","p__Chloroflexi","0.9957975986277873","false","0","d__Bacteria |  p__Chloroflexi |  c__JG30-KF-CM66 | JG30-KF-CM66 |  f__JG30-KF-CM66 |  g__JG30-KF-CM66","162948","0.13032018590433414"
"1.8254716981132075","0.013212198576448207","c__Ktedonobacteria","0.5478036175710594","0.27429394277220365","208","3","f__C0119","g__C0119","false","d__Bacteria","d__Bacteria |  p__Chloroflexi |  c__Ktedonobacteria | C0119 |  f__C0119 |  g__C0119","122.00961538461539","0","208","C0119","0","p__Chloroflexi","0.9964265294453973","false","0","d__Bacteria |  p__Chloroflexi |  c__Ktedonobacteria | C0119 |  f__C0119 |  g__C0119","715868","0.1176563311327053"
"1.8754716981132076","0.003759102273196934","c__TK10","0.5331991951710261","0.3390480700923514","206","3","f__TK10","g__TK10","false","d__Bacteria","d__Bacteria |  p__Chloroflexi |  c__TK10 | TK10 |  f__TK10 |  g__TK10","128.35922330097088","0","206","TK10","0","p__Chloroflexi","0.9962100792289471","false","0","d__Bacteria |  p__Chloroflexi |  c__TK10 | TK10 |  f__TK10 |  g__TK10","256124","0.130181768053723"
"2.0764150943396227","0.0010292752306503325","c__TK10","0.48159927305770106","0.42321471220444234","159","3","f__TK10","g__TK10.1","false","d__Bacteria","d__Bacteria |  p__Chloroflexi |  c__TK10 | TK10 |  f__TK10 |  g__TK10.1","126.21383647798743","0","159","TK10","0","p__Chloroflexi","0.9953401943967982","false","0","d__Bacteria |  p__Chloroflexi |  c__TK10 | TK10 |  f__TK10 |  g__TK10.1","78852","0.15391931277803345"
"2.086792452830189","9.251953958403739E-4","c__TK10","0.4792043399638336","0.4243161094224924","141","3","f__TK10","g__TK10.3","false","d__Bacteria","d__Bacteria |  p__Chloroflexi |  c__TK10 | TK10 |  f__TK10 |  g__TK10.3","119.32624113475177","0","141","TK10","0","p__Chloroflexi","0.9952952707669689","false","0","d__Bacteria |  p__Chloroflexi |  c__TK10 | TK10 |  f__TK10 |  g__TK10.3","66866","0.14428807876028027"
"2.0075471698113208","0.00199739570798589","c__Gemmatimonadetes","0.4981203007518797","0.34512725015518314","180","3","f__Gemmatimonadaceae","g__Gemmatimonas","false","d__Bacteria","d__Bacteria |  p__Gemmatimonadota |  c__Gemmatimonadetes | Gemmatimonadales |  f__Gemmatimonadaceae |  g__Gemmatimonas","125.97222222222223","0","180","Gemmatimonadales","0","p__Gemmatimonadota","0.9956383239402108","false","0","d__Bacteria |  p__Gemmatimonadota |  c__Gemmatimonadetes | Gemmatimonadales |  f__Gemmatimonadaceae |  g__Gemmatimonas","143556","0.14446355759429155"
"2.0235849056603774","0.0013324600500335963","c__Phycisphaerae","0.49417249417249415","0.40282077743378053","171","3","f__Phycisphaeraceae","g__SM1A02.2","false","d__Bacteria","d__Bacteria |  p__Planctomycetota |  c__Phycisphaerae | Phycisphaerales |  f__Phycisphaeraceae |  g__SM1A02.2","130.21637426900585","0","171","Phycisphaerales","0","p__Planctomycetota","0.9955688965122927","false","0","d__Bacteria |  p__Planctomycetota |  c__Phycisphaerae | Phycisphaerales |  f__Phycisphaeraceae |  g__SM1A02.2","102312","0.15071339614468268"
"1.8349056603773586","0.014654352994223685","c__Alphaproteobacteria","0.5449871465295629","0.22009400705052878","185","3","f__Xanthobacteraceae","g__Bradyrhizobium","false","d__Bacteria","d__Bacteria |  p__Proteobacteria |  c__Alphaproteobacteria | Rhizobiales |  f__Xanthobacteraceae |  g__Bradyrhizobium","106.75675675675676","0","185","Rhizobiales","0","p__Proteobacteria","0.9963856897819162","false","0","d__Bacteria |  p__Proteobacteria |  c__Alphaproteobacteria | Rhizobiales |  f__Xanthobacteraceae |  g__Bradyrhizobium","706926","0.10167310167310167"
"2.0339622641509436","0.0013791660623168676","c__Alphaproteobacteria","0.4916512059369202","0.37073324905183314","113","3","f__Sphingomonadaceae","g__Ellin6055","false","d__Bacteria","d__Bacteria |  p__Proteobacteria |  c__Alphaproteobacteria | Sphingomonadales |  f__Sphingomonadaceae |  g__Ellin6055","114.43362831858407","0","113","Sphingomonadales","0","p__Proteobacteria","0.9955239728824634","false","0","d__Bacteria |  p__Proteobacteria |  c__Alphaproteobacteria | Sphingomonadales |  f__Sphingomonadaceae |  g__Ellin6055","92966","0.12561320342325363"
"2.040566037735849","0.0018795447766918132","c__Alphaproteobacteria","0.4900601017105871","0.3612061591103507","168","3","f__Sphingomonadaceae","g__Sphingomonas","false","d__Bacteria","d__Bacteria |  p__Proteobacteria |  c__Alphaproteobacteria | Sphingomonadales |  f__Sphingomonadaceae |  g__Sphingomonas","120.10119047619048","0","168","Sphingomonadales","0","p__Proteobacteria","0.9954953851180266","false","0","d__Bacteria |  p__Proteobacteria |  c__Alphaproteobacteria | Sphingomonadales |  f__Sphingomonadaceae |  g__Sphingomonas","129622","0.14146194402378148"
"2.0377358490566038","0.0019389637329230785","c__Alphaproteobacteria","0.49074074074074076","0.3275582573454914","141","3","f__Sphingomonadaceae","g__Sphingomonas.12","false","d__Bacteria","d__Bacteria |  p__Proteobacteria |  c__Alphaproteobacteria | Sphingomonadales |  f__Sphingomonadaceae |  g__Sphingomonas.12","125.75886524822695","0","141","Sphingomonadales","0","p__Proteobacteria","0.9955076370170709","false","0","d__Bacteria |  p__Proteobacteria |  c__Alphaproteobacteria | Sphingomonadales |  f__Sphingomonadaceae |  g__Sphingomonas.12","134330","0.14307038139730027"
"1.9877358490566037","0.001956653692372723","c__Alphaproteobacteria","0.5030849549121974","0.35072676792422014","157","3","f__Sphingomonadaceae","g__Sphingomonas.7","false","d__Bacteria","d__Bacteria |  p__Proteobacteria |  c__Alphaproteobacteria | Sphingomonadales |  f__Sphingomonadaceae |  g__Sphingomonas.7","128.7324840764331","0","157","Sphingomonadales","0","p__Proteobacteria","0.9957240872335212","false","0","d__Bacteria |  p__Proteobacteria |  c__Alphaproteobacteria | Sphingomonadales |  f__Sphingomonadaceae |  g__Sphingomonas.7","145780","0.1405376463716519"
"2.2","6.990387084766967E-4","c__Alphaproteobacteria","0.45454545454545453","0.4447278911564626","49","3","f__Sphingomonadaceae","0.999999077","false","d__Bacteria","d__Bacteria |  p__Proteobacteria |  c__Alphaproteobacteria | Sphingomonadales |  f__Sphingomonadaceae | 0.999999077","105.6734693877551","0","49","Sphingomonadales","0","p__Proteobacteria","0.9948051948051948","false","0","d__Bacteria |  p__Proteobacteria |  c__Alphaproteobacteria | Sphingomonadales |  f__Sphingomonadaceae | 0.999999077","32848","0.1323973198301877"
"1.9735849056603774","0.0028282064417551006","c__Gammaproteobacteria","0.5066921606118547","0.3094418674248092","164","3","f__SC-I-84","g__SC-I-84","false","d__Bacteria","d__Bacteria |  p__Proteobacteria |  c__Gammaproteobacteria | Burkholderiales |  f__SC-I-84 |  g__SC-I-84","124.83536585365853","0","164","Burkholderiales","0","p__Proteobacteria","0.995785346728743","false","0","d__Bacteria |  p__Proteobacteria |  c__Gammaproteobacteria | Burkholderiales |  f__SC-I-84 |  g__SC-I-84","185518","0.13510320979833174"
"2.107547169811321","0.0012623545289415729","c__Acidobacteriae","0.4744852282900626","0.3625","96","3","f__Acidobacteriae","g__Paludibaculum.1","false","d__Bacteria","d__Bacteria |  p__Acidobacteriota |  c__Acidobacteriae | Acidobacteriae |  f__Acidobacteriae |  g__Paludibaculum.1","113.39583333333333","0","96","Acidobacteriae","0","p__Acidobacteriota","0.9952054235073103","false","0","d__Bacteria |  p__Acidobacteriota |  c__Acidobacteriae | Acidobacteriae |  f__Acidobacteriae |  g__Paludibaculum.1","74014","0.13340686274509803"
"2.1764150943396228","7.246574411095092E-4","c__Acidobacteriae","0.459471174685739","0.40719588806396345","103","3","f__Bryobacteraceae","g__Bryobacter.6","false","d__Bacteria","d__Bacteria |  p__Acidobacteriota |  c__Acidobacteriae | Bryobacterales |  f__Bryobacteraceae |  g__Bryobacter.6","101.02912621359224","0","103","Bryobacterales","0","p__Acidobacteriota","0.9949072939638977","false","0","d__Bacteria |  p__Acidobacteriota |  c__Acidobacteriae | Bryobacterales |  f__Bryobacteraceae |  g__Bryobacter.6","50198","0.13120665742024964"
"2.1179245283018866","0.0014408670623478608","c__Actinobacteria","0.4721603563474388","0.3497751124437781","116","3","f__Cryptosporangiaceae","g__Cryptosporangium.1","false","d__Bacteria","d__Bacteria |  p__Actinobacteriota |  c__Actinobacteria | Frankiales |  f__Cryptosporangiaceae |  g__Cryptosporangium.1","119.07758620689656","0","116","Frankiales","0","p__Actinobacteriota","0.995160499877481","false","0","d__Bacteria |  p__Actinobacteriota |  c__Actinobacteria | Frankiales |  f__Cryptosporangiaceae |  g__Cryptosporangium.1","92770","0.14539387815249885"
"2.190566037735849","6.334968822836856E-4","c__Actinobacteria","0.4565030146425495","0.3178947368421053","76","4","f__Micromonosporaceae","0.999070713","false","d__Bacteria","d__Bacteria |  p__Actinobacteriota |  c__Actinobacteria | Micromonosporales |  f__Micromonosporaceae | 0.999070713","107.21052631578948","0","76","Micromonosporales","0","p__Actinobacteriota","0.9948460344686759","false","0","d__Bacteria |  p__Actinobacteriota |  c__Actinobacteria | Micromonosporales |  f__Micromonosporaceae | 0.999070713","42960","0.136922766686832"
"1.9226415094339622","0.004078573571526716","c__Actinobacteria","0.5201177625122669","0.31143416270617835","147","3","f__Nocardioidaceae","g__Nocardioides.16","false","d__Bacteria","d__Bacteria |  p__Actinobacteriota |  c__Actinobacteria | Propionibacteriales |  f__Nocardioidaceae |  g__Nocardioides.16","115.41496598639456","0","147","Propionibacteriales","0","p__Actinobacteriota","0.9960058809115413","false","0","d__Bacteria |  p__Actinobacteriota |  c__Actinobacteria | Propionibacteriales |  f__Nocardioidaceae |  g__Nocardioides.16","255594","0.11599494068984377"
"2.0018867924528303","0.00253111260832717","c__Actinobacteria","0.49952874646559847","0.3145038167938931","131","3","f__Nocardioidaceae","g__Nocardioides.5","false","d__Bacteria","d__Bacteria |  p__Actinobacteriota |  c__Actinobacteria | Propionibacteriales |  f__Nocardioidaceae |  g__Nocardioides.5","125.90839694656489","0","131","Propionibacteriales","0","p__Actinobacteriota","0.9956628277382994","false","0","d__Bacteria |  p__Actinobacteriota |  c__Actinobacteria | Propionibacteriales |  f__Nocardioidaceae |  g__Nocardioides.5","171548","0.1358235134267151"
"2.0537735849056604","9.253636467660598E-4","c__Actinobacteria","0.4869085898024805","0.42435765673175746","140","3","f__Nocardioidaceae","g__Nocardioides.7","false","d__Bacteria","d__Bacteria |  p__Actinobacteriota |  c__Actinobacteria | Propionibacteriales |  f__Nocardioidaceae |  g__Nocardioides.7","127.7","0","140","Propionibacteriales","0","p__Actinobacteriota","0.995438209589153","false","0","d__Bacteria |  p__Actinobacteriota |  c__Actinobacteria | Propionibacteriales |  f__Nocardioidaceae |  g__Nocardioides.7","70910","0.14797219003476245"
"1.9981132075471697","0.002018391154084204","c__Actinobacteria","0.5004721435316336","0.3547363105115071","167","3","f__Nocardioidaceae","g__Nocardioides.9","false","d__Bacteria","d__Bacteria |  p__Actinobacteriota |  c__Actinobacteria | Propionibacteriales |  f__Nocardioidaceae |  g__Nocardioides.9","126.18562874251496","0","167","Propionibacteriales","0","p__Actinobacteriota","0.9956791636036919","false","0","d__Bacteria |  p__Actinobacteriota |  c__Actinobacteria | Propionibacteriales |  f__Nocardioidaceae |  g__Nocardioides.9","145996","0.14098952932124578"
"2.2047169811320755","6.504246192179756E-4","c__Actinobacteria","0.4535729567821994","0.3401826484018265","73","3","f__Pseudonocardiaceae","g__Amycolatopsis","false","d__Bacteria","d__Bacteria |  p__Actinobacteriota |  c__Actinobacteria | Pseudonocardiales |  f__Pseudonocardiaceae |  g__Amycolatopsis","90.16438356164383","0","73","Pseudonocardiales","0","p__Actinobacteriota","0.9947847749734543","false","0","d__Bacteria |  p__Actinobacteriota |  c__Actinobacteria | Pseudonocardiales |  f__Pseudonocardiaceae |  g__Amycolatopsis","37492","0.11709660202810888"
"2.0745283018867924","9.09054714660203E-4","c__Actinobacteria","0.482037289677126","0.4005571705426357","129","3","f__Pseudonocardiaceae","g__Amycolatopsis.1","false","d__Bacteria","d__Bacteria |  p__Actinobacteriota |  c__Actinobacteria | Pseudonocardiales |  f__Pseudonocardiaceae |  g__Amycolatopsis.1","119.24031007751938","0","129","Pseudonocardiales","0","p__Actinobacteriota","0.9953483623294944","false","0","d__Bacteria |  p__Actinobacteriota |  c__Actinobacteria | Pseudonocardiales |  f__Pseudonocardiaceae |  g__Amycolatopsis.1","65708","0.13995341558394295"
"1.9660377358490566","0.0027376025491246615","c__Actinobacteria","0.508637236084453","0.31552693633230544","149","3","f__Pseudonocardiaceae","g__Pseudonocardia.10","false","d__Bacteria","d__Bacteria |  p__Actinobacteriota |  c__Actinobacteria | Pseudonocardiales |  f__Pseudonocardiaceae |  g__Pseudonocardia.10","114.38255033557047","0","149","Pseudonocardiales","0","p__Actinobacteriota","0.9958180184595279","false","0","d__Bacteria |  p__Actinobacteriota |  c__Actinobacteria | Pseudonocardiales |  f__Pseudonocardiaceae |  g__Pseudonocardia.10","170704","0.1207841080629044"
"2.140566037735849","4.3920988800379563E-4","c__Actinobacteria","0.4671661524900838","0.45217391304347826","115","3","f__Pseudonocardiaceae","g__Pseudonocardia.4","false","d__Bacteria","d__Bacteria |  p__Actinobacteriota |  c__Actinobacteria | Pseudonocardiales |  f__Pseudonocardiaceae |  g__Pseudonocardia.4","124.73913043478261","0","115","Pseudonocardiales","0","p__Actinobacteriota","0.9950624846851261","false","0","d__Bacteria |  p__Actinobacteriota |  c__Actinobacteria | Pseudonocardiales |  f__Pseudonocardiaceae |  g__Pseudonocardia.4","33310","0.15670745029495303"
"2.170754716981132","8.09679964556836E-4","c__Thermoleophilia","0.4606692742285963","0.31755593803786575","84","3","f__67-14","g__67-14.1","false","d__Bacteria","d__Bacteria |  p__Actinobacteriota |  c__Thermoleophilia | Solirubrobacterales |  f__67-14 |  g__67-14.1","101.08333333333333","0","84","Solirubrobacterales","0","p__Actinobacteriota","0.9949317977619865","false","0","d__Bacteria |  p__Actinobacteriota |  c__Thermoleophilia | Solirubrobacterales |  f__67-14 |  g__67-14.1","47570","0.1271488469601677"
"2.1066037735849057","8.742328517439152E-4","c__Thermoleophilia","0.47469771607702643","0.4418483904465213","108","3","f__67-14","g__67-14.10","false","d__Bacteria","d__Bacteria |  p__Actinobacteriota |  c__Thermoleophilia | Solirubrobacterales |  f__67-14 |  g__67-14.10","122.35185185185185","0","108","Solirubrobacterales","0","p__Actinobacteriota","0.9952095074736584","false","0","d__Bacteria |  p__Actinobacteriota |  c__Thermoleophilia | Solirubrobacterales |  f__67-14 |  g__67-14.10","58586","0.14583057431686752"
"2.2273584905660377","5.872649550788814E-4","c__Dehalococcoidia","0.44896230410842863","0.4129746835443038","80","3","f__S085","g__S085.2","false","d__Bacteria","d__Bacteria |  p__Chloroflexi |  c__Dehalococcoidia | S085 |  f__S085 |  g__S085.2","109.2","0","80","S085","0","p__Chloroflexi","0.9946867597810993","false","0","d__Bacteria |  p__Chloroflexi |  c__Dehalococcoidia | S085 |  f__S085 |  g__S085.2","32220","0.14776725304465493"
"2.0320754716981133","0.0012350254558181198","c__TK10","0.49210770659238623","0.41788110108720794","132","3","f__TK10","g__TK10.111","false","d__Bacteria","d__Bacteria |  p__Chloroflexi |  c__TK10 | TK10 |  f__TK10 |  g__TK10.111","130.6439393939394","0","132","TK10","0","p__Chloroflexi","0.9955321408151597","false","0","d__Bacteria |  p__Chloroflexi |  c__TK10 | TK10 |  f__TK10 |  g__TK10.111","94646","0.14613416039590535"
"2.038679245283019","0.0012813700378747044","c__TK10","0.4905136510874595","0.4084093211752786","141","3","f__TK10","g__TK10.13","false","d__Bacteria","d__Bacteria |  p__Chloroflexi |  c__TK10 | TK10 |  f__TK10 |  g__TK10.13","126.68085106382979","0","141","TK10","0","p__Chloroflexi","0.9955035530507228","false","0","d__Bacteria |  p__Chloroflexi |  c__TK10 | TK10 |  f__TK10 |  g__TK10.13","86210","0.1442834294576649"
"2.1858490566037734","0.001169035425923966","c__TK10","0.45748813120414333","0.37626582278481013","80","3","f__TK10","g__TK10.134","false","d__Bacteria","d__Bacteria |  p__Chloroflexi |  c__TK10 | TK10 |  f__TK10 |  g__TK10.134","107.0125","0","80","TK10","0","p__Chloroflexi","0.9948664543004165","false","0","d__Bacteria |  p__Chloroflexi |  c__TK10 | TK10 |  f__TK10 |  g__TK10.134","49682","0.13682864450127877"
"2.1660377358490566","6.238490496474901E-4","c__TK10","0.4616724738675958","0.4076882384059249","107","3","f__TK10","g__TK10.22","false","d__Bacteria","d__Bacteria |  p__Chloroflexi |  c__TK10 | TK10 |  f__TK10 |  g__TK10.22","112.97196261682242","0","107","TK10","0","p__Chloroflexi","0.9949522175937271","false","0","d__Bacteria |  p__Chloroflexi |  c__TK10 | TK10 |  f__TK10 |  g__TK10.22","46942","0.14539506128291174"
"1.9150943396226414","0.0031536187821118705","c__TK10","0.5221674876847291","0.3362573099415205","153","3","f__TK10","g__TK10.25","false","d__Bacteria","d__Bacteria |  p__Chloroflexi |  c__TK10 | TK10 |  f__TK10 |  g__TK10.25","118.96078431372548","0","153","TK10","0","p__Chloroflexi","0.9960385526423262","false","0","d__Bacteria |  p__Chloroflexi |  c__TK10 | TK10 |  f__TK10 |  g__TK10.25","236738","0.11931874053533148"
"1.900943396226415","0.003892755648372678","c__TK10","0.5260545905707196","0.32091485257646735","191","3","f__TK10","g__TK10.4","false","d__Bacteria","d__Bacteria |  p__Chloroflexi |  c__TK10 | TK10 |  f__TK10 |  g__TK10.4","123.38743455497382","0","191","TK10","0","p__Chloroflexi","0.9960998121375481","false","0","d__Bacteria |  p__Chloroflexi |  c__TK10 | TK10 |  f__TK10 |  g__TK10.4","280642","0.12668114430695465"
"2.1367924528301887","6.298288663537402E-4","c__TK10","0.46799116997792495","0.4219748505462791","99","3","f__TK10","g__TK10.59","false","d__Bacteria","d__Bacteria |  p__Chloroflexi |  c__TK10 | TK10 |  f__TK10 |  g__TK10.59","119.96969696969697","0","99","TK10","0","p__Chloroflexi","0.9950788205505187","false","0","d__Bacteria |  p__Chloroflexi |  c__TK10 | TK10 |  f__TK10 |  g__TK10.59","46090","0.14702168746286393"
"2.0254716981132077","0.0017602040774481326",,"0.49371215649743827","0.3532498509242695","130","3",,,"false",,"d__Bacteria |  p__Chloroflexi | 0.984260738 |  |  | ","121.6076923076923","0","130",,"0",,"0.9955607285795964","false","0","d__Bacteria |  p__Chloroflexi | 0.984260738 |  |  | ","115898","0.13467075560098815"
"2.1490566037735848","8.39858506247551E-4","c__Gemmatimonadetes","0.4653204565408253","0.36103951890034364","97","3","f__Gemmatimonadaceae","g__Gemmatimonas.3","false","d__Bacteria","d__Bacteria |  p__Gemmatimonadota |  c__Gemmatimonadetes | Gemmatimonadales |  f__Gemmatimonadaceae |  g__Gemmatimonas.3","116.18556701030928","0","97","Gemmatimonadales","0","p__Gemmatimonadota","0.9950257289879932","false","0","d__Bacteria |  p__Gemmatimonadota |  c__Gemmatimonadetes | Gemmatimonadales |  f__Gemmatimonadaceae |  g__Gemmatimonas.3","50624","0.14432989690721648"
"2.1349056603773584","5.986964444963021E-4","c__Alphaproteobacteria","0.4684047724259832","0.4338165560222192","122","3","f__Caulobacteraceae","g__Phenylobacterium.2","false","d__Bacteria","d__Bacteria |  p__Proteobacteria |  c__Alphaproteobacteria | Caulobacterales |  f__Caulobacteraceae |  g__Phenylobacterium.2","117.08196721311475","0","122","Caulobacterales","0","p__Proteobacteria","0.9950869884832149","false","0","d__Bacteria |  p__Proteobacteria |  c__Alphaproteobacteria | Caulobacterales |  f__Caulobacteraceae |  g__Phenylobacterium.2","44690","0.14727291473347767"
"2.2226415094339624","4.571710620807802E-4","c__Alphaproteobacteria","0.4499151103565365","0.35250219490781387","68","3","f__Caulobacteraceae","g__Phenylobacterium.3","false","d__Bacteria","d__Bacteria |  p__Proteobacteria |  c__Alphaproteobacteria | Caulobacterales |  f__Caulobacteraceae |  g__Phenylobacterium.3","101.58823529411765","0","68","Caulobacterales","0","p__Proteobacteria","0.9947071796128399","false","0","d__Bacteria |  p__Proteobacteria |  c__Alphaproteobacteria | Caulobacterales |  f__Caulobacteraceae |  g__Phenylobacterium.3","24176","0.13437597261126674"
"2.0584905660377357","0.001057863886314516","c__Alphaproteobacteria","0.4857928505957837","0.39266615737203975","154","3","f__Reyranellaceae","g__uncultured","false","d__Bacteria","d__Bacteria |  p__Proteobacteria |  c__Alphaproteobacteria | Reyranellales |  f__Reyranellaceae |  g__uncultured","128.85064935064935","0","154","Reyranellales","0","p__Proteobacteria","0.9954177897574125","false","0","d__Bacteria |  p__Proteobacteria |  c__Alphaproteobacteria | Reyranellales |  f__Reyranellaceae |  g__uncultured","82150","0.15266664615005848"
"2.1443396226415095","8.553540575044702E-4","c__Alphaproteobacteria","0.4663440387153541","0.29764309764309765","55","3","f__Beijerinckiaceae","g__Bosea.1","false","d__Bacteria","d__Bacteria |  p__Proteobacteria |  c__Alphaproteobacteria | Rhizobiales |  f__Beijerinckiaceae |  g__Bosea.1","103.6","0","55","Rhizobiales","0","p__Proteobacteria","0.9950461488197337","false","0","d__Bacteria |  p__Proteobacteria |  c__Alphaproteobacteria | Rhizobiales |  f__Beijerinckiaceae |  g__Bosea.1","44366","0.1215962441314554"
"2.121698113207547","6.953198656451847E-4","c__Alphaproteobacteria","0.4713205869275233","0.4110303413400759","113","3","f__Xanthobacteraceae","g__Pseudolabrys.1","false","d__Bacteria","d__Bacteria |  p__Proteobacteria |  c__Alphaproteobacteria | Rhizobiales |  f__Xanthobacteraceae |  g__Pseudolabrys.1","120.929203539823","0","113","Rhizobiales","0","p__Proteobacteria","0.9951441640120886","false","0","d__Bacteria |  p__Proteobacteria |  c__Alphaproteobacteria | Rhizobiales |  f__Xanthobacteraceae |  g__Pseudolabrys.1","51746","0.14783521215137288"
"1.990566037735849","0.001679645062925534","c__Alphaproteobacteria","0.5023696682464456","0.37494745691467","183","3","f__Xanthobacteraceae","g__uncultured.1","false","d__Bacteria","d__Bacteria |  p__Proteobacteria |  c__Alphaproteobacteria | Rhizobiales |  f__Xanthobacteraceae |  g__uncultured.1","132.8415300546448","0","183","Rhizobiales","0","p__Proteobacteria","0.9957118353344768","false","0","d__Bacteria |  p__Proteobacteria |  c__Alphaproteobacteria | Rhizobiales |  f__Xanthobacteraceae |  g__uncultured.1","135426","0.14976497187671342"
"2.1056603773584905","6.936448529619984E-4","c__Alphaproteobacteria","0.47491039426523296","0.42415773948144697","114","3","f__Xanthobacteraceae","0.950121112","false","d__Bacteria","d__Bacteria |  p__Proteobacteria |  c__Alphaproteobacteria | Rhizobiales |  f__Xanthobacteraceae | 0.950121112","127.49122807017544","0","114","Rhizobiales","0","p__Proteobacteria","0.9952135914400064","false","0","d__Bacteria |  p__Proteobacteria |  c__Alphaproteobacteria | Rhizobiales |  f__Xanthobacteraceae | 0.950121112","53048","0.1528671799402583"
"2.0462264150943397","0.0017760114449888234","c__Alphaproteobacteria","0.4887044721069617","0.33623018203170874","131","3","f__Sphingomonadaceae","g__Altererythrobacter.9","false","d__Bacteria","d__Bacteria |  p__Proteobacteria |  c__Alphaproteobacteria | Sphingomonadales |  f__Sphingomonadaceae |  g__Altererythrobacter.9","103.31297709923665","0","131","Sphingomonadales","0","p__Proteobacteria","0.9954708813199379","false","0","d__Bacteria |  p__Proteobacteria |  c__Alphaproteobacteria | Sphingomonadales |  f__Sphingomonadaceae |  g__Altererythrobacter.9","108158","0.11740111034004164"
"2.05","9.58686741002739E-4","c__Alphaproteobacteria","0.48780487804878053","0.4077750206782465","156","3","f__Sphingomonadaceae","g__Sphingomonas.36","false","d__Bacteria","d__Bacteria |  p__Proteobacteria |  c__Alphaproteobacteria | Sphingomonadales |  f__Sphingomonadaceae |  g__Sphingomonas.36","130.33333333333334","0","156","Sphingomonadales","0","p__Proteobacteria","0.9954545454545454","false","0","d__Bacteria |  p__Proteobacteria |  c__Alphaproteobacteria | Sphingomonadales |  f__Sphingomonadaceae |  g__Sphingomonas.36","77372","0.15315315315315314"
"2.0716981132075474","0.0015290078041984177","c__Alphaproteobacteria","0.482695810564663","0.30094043887147337","88","3","f__Sphingomonadaceae","g__Sphingomonas.70","false","d__Bacteria","d__Bacteria |  p__Proteobacteria |  c__Alphaproteobacteria | Sphingomonadales |  f__Sphingomonadaceae |  g__Sphingomonas.70","107.10227272727273","0","88","Sphingomonadales","0","p__Proteobacteria","0.9953606142285387","false","0","d__Bacteria |  p__Proteobacteria |  c__Alphaproteobacteria | Sphingomonadales |  f__Sphingomonadaceae |  g__Sphingomonas.70","84026","0.11953378652597403"
"2.0886792452830187","7.707972671946906E-4","c__Alphaproteobacteria","0.4787714543812105","0.4190836088804913","146","3","f__Sphingomonadaceae","g__uncultured.6","false","d__Bacteria","d__Bacteria |  p__Proteobacteria |  c__Alphaproteobacteria | Sphingomonadales |  f__Sphingomonadaceae |  g__uncultured.6","128.86301369863014","0","146","Sphingomonadales","0","p__Proteobacteria","0.9952871028342726","false","0","d__Bacteria |  p__Proteobacteria |  c__Alphaproteobacteria | Sphingomonadales |  f__Sphingomonadaceae |  g__uncultured.6","61968","0.15715001670564652"
"1.9971698113207548","0.002573701886111916","c__Gammaproteobacteria","0.5007085498346717","0.33029117774880484","118","3","f__A21b","g__A21b.2","false","d__Bacteria","d__Bacteria |  p__Proteobacteria |  c__Gammaproteobacteria | Burkholderiales |  f__A21b |  g__A21b.2","103.8135593220339","0","118","Burkholderiales","0","p__Proteobacteria","0.99568324757004","false","0","d__Bacteria |  p__Proteobacteria |  c__Gammaproteobacteria | Burkholderiales |  f__A21b |  g__A21b.2","139572","0.1098556183301946"
"2.079245283018868","8.819445409114475E-4",,"0.48094373865698725","0.4100489461592248","142","3",,,"false",,"d__Bacteria |  p__Proteobacteria |  c__Gammaproteobacteria | Burkholderiales | 0.999274061 | ","118.43661971830986","0","142",,"0",,"0.9953279424977538","false","0","d__Bacteria |  p__Proteobacteria |  c__Gammaproteobacteria | Burkholderiales | 0.999274061 | ","77626","0.1420103353936569"
"2.1009433962264152","6.943396996067392E-4","c__Gammaproteobacteria","0.47597665020206553","0.4189222440944882","128","3","f__Unknown_Family","g__Acidibacter.1","false","d__Bacteria","d__Bacteria |  p__Proteobacteria |  c__Gammaproteobacteria | Gammaproteobacteria_Incertae_Sedis |  f__Unknown_Family |  g__Acidibacter.1","127.3203125","0","128","Gammaproteobacteria_Incertae_Sedis","0","p__Proteobacteria","0.995234011271747","false","0","d__Bacteria |  p__Proteobacteria |  c__Gammaproteobacteria | Gammaproteobacteria_Incertae_Sedis |  f__Unknown_Family |  g__Acidibacter.1","51280","0.15432765151515151"
"2.1339622641509433","6.271329702839087E-4","c__Gammaproteobacteria","0.4686118479221928","0.4498044328552803","118","3","f__Steroidobacteraceae","0.997196947","false","d__Bacteria","d__Bacteria |  p__Proteobacteria |  c__Gammaproteobacteria | Steroidobacterales |  f__Steroidobacteraceae | 0.997196947","120.32203389830508","0","118","Steroidobacterales","0","p__Proteobacteria","0.9950910724495631","false","0","d__Bacteria |  p__Proteobacteria |  c__Gammaproteobacteria | Steroidobacterales |  f__Steroidobacteraceae | 0.997196947","45492","0.15040254237288136"
"2.188679245283019","8.059021642189871E-4","c__Gammaproteobacteria","0.45689655172413796","0.262531328320802","57","3","f__Xanthomonadaceae","g__Pseudoxanthomonas","false","d__Bacteria","d__Bacteria |  p__Proteobacteria |  c__Gammaproteobacteria | Xanthomonadales |  f__Xanthomonadaceae |  g__Pseudoxanthomonas","100.21052631578948","0","57","Xanthomonadales","0","p__Proteobacteria","0.9948542024013722","false","0","d__Bacteria |  p__Proteobacteria |  c__Gammaproteobacteria | Xanthomonadales |  f__Xanthomonadaceae |  g__Pseudoxanthomonas","44832","0.12479517598479387"
"2.139622641509434","7.018489024926458E-4","c__Acidobacteriae","0.4673721340388007","0.45930061710255654","83","3","f__uncultured","g__uncultured.1","false","d__Bacteria","d__Bacteria |  p__Acidobacteriota |  c__Acidobacteriae | Acidobacteriales |  f__uncultured |  g__uncultured.1","100.46987951807229","0","83","Acidobacteriales","0","p__Acidobacteriota","0.9950665686514742","false","0","d__Bacteria |  p__Acidobacteriota |  c__Acidobacteriae | Acidobacteriales |  f__uncultured |  g__uncultured.1","49438","0.12119406455738516"
"2.263207547169811","4.225604409648643E-4","c__Acidobacteriae","0.44185077115464777","0.4273211567732116","73","3","f__Bryobacteraceae","g__Bryobacter.11","false","d__Bacteria","d__Bacteria |  p__Acidobacteriota |  c__Acidobacteriae | Bryobacterales |  f__Bryobacteraceae |  g__Bryobacter.11","86.63013698630137","0","73","Bryobacterales","0","p__Acidobacteriota","0.994531569059871","false","0","d__Bacteria |  p__Acidobacteriota |  c__Acidobacteriae | Bryobacterales |  f__Bryobacteraceae |  g__Bryobacter.11","23904","0.1223589505456234"
"2.072641509433962","9.410382684361602E-4",,"0.482476103777879","0.42408963585434173","120","3",,,"false",,"d__Bacteria |  p__Actinobacteriota |  c__Acidimicrobiia | 0.982588441 |  | ","117.7","0","120",,"0",,"0.9953565302621906","false","0","d__Bacteria |  p__Actinobacteriota |  c__Acidimicrobiia | 0.982588441 |  | ","72058","0.13638470451911935"
"2.190566037735849","5.361029478197041E-4","c__Acidimicrobiia","0.4565030146425495","0.46606529209621994","97","3","f__IMCC26256","g__IMCC26256.2","false","d__Bacteria","d__Bacteria |  p__Actinobacteriota |  c__Acidimicrobiia | IMCC26256 |  f__IMCC26256 |  g__IMCC26256.2","110.0","0","97","IMCC26256","0","p__Actinobacteriota","0.9948460344686759","false","0","d__Bacteria |  p__Actinobacteriota |  c__Acidimicrobiia | IMCC26256 |  f__IMCC26256 |  g__IMCC26256.2","46068","0.1445466491458607"
"2.089622641509434","0.0021680989296939024","c__Acidimicrobiia","0.47855530474040636","0.3495101389838232","133","3","f__Ilumatobacteraceae","g__CL500-29_marine_group","false","d__Bacteria","d__Bacteria |  p__Actinobacteriota |  c__Acidimicrobiia | Microtrichales |  f__Ilumatobacteraceae |  g__CL500-29_marine_group","111.06015037593986","0","133","Microtrichales","0","p__Actinobacteriota","0.9952830188679245","false","0","d__Bacteria |  p__Actinobacteriota |  c__Acidimicrobiia | Microtrichales |  f__Ilumatobacteraceae |  g__CL500-29_marine_group","149722","0.13348575766338924"
"2.1566037735849055","6.740194357132396E-4","c__Actinobacteria","0.46369203849518814","0.4310226492793411","94","3","f__Acidothermaceae","g__Acidothermus","false","d__Bacteria","d__Bacteria |  p__Actinobacteriota |  c__Actinobacteria | Frankiales |  f__Acidothermaceae |  g__Acidothermus","96.97872340425532","0","94","Frankiales","0","p__Actinobacteriota","0.9949930572572081","false","0","d__Bacteria |  p__Actinobacteriota |  c__Actinobacteria | Frankiales |  f__Acidothermaceae |  g__Acidothermus","51516","0.12122340425531915"
"2.128301886792453","4.8319834359871E-4","c__Actinobacteria","0.4698581560283688","0.4475043029259897","84","3","f__Nakamurellaceae","g__Nakamurella.4","false","d__Bacteria","d__Bacteria |  p__Actinobacteriota |  c__Actinobacteria | Frankiales |  f__Nakamurellaceae |  g__Nakamurella.4","111.72619047619048","0","84","Frankiales","0","p__Actinobacteriota","0.9951155762476517","false","0","d__Bacteria |  p__Actinobacteriota |  c__Actinobacteria | Frankiales |  f__Nakamurellaceae |  g__Nakamurella.4","34990","0.13300736961451248"
"2.1018867924528304","9.968103486308038E-4","c__Actinobacteria","0.47576301615798916","0.3916831683168317","101","3","f__Nocardioidaceae","g__Nocardioides.29","false","d__Bacteria","d__Bacteria |  p__Actinobacteriota |  c__Actinobacteria | Propionibacteriales |  f__Nocardioidaceae |  g__Nocardioides.29","99.81188118811882","0","101","Propionibacteriales","0","p__Actinobacteriota","0.995229927305399","false","0","d__Bacteria |  p__Actinobacteriota |  c__Actinobacteria | Propionibacteriales |  f__Nocardioidaceae |  g__Nocardioides.29","67334","0.11728775697781293"
"2.15188679245283","7.617494648837402E-4","c__Actinobacteria","0.46470846120122755","0.37646001796945194","106","3","f__Pseudonocardiaceae","g__Actinomycetospora.1","false","d__Bacteria","d__Bacteria |  p__Actinobacteriota |  c__Actinobacteria | Pseudonocardiales |  f__Pseudonocardiaceae |  g__Actinomycetospora.1","105.91509433962264","0","106","Pseudonocardiales","0","p__Actinobacteriota","0.9950134770889487","false","0","d__Bacteria |  p__Actinobacteriota |  c__Actinobacteria | Pseudonocardiales |  f__Pseudonocardiaceae |  g__Actinomycetospora.1","54202","0.13356254015084823"
"2.119811320754717","7.163671803205769E-4","c__Thermoleophilia","0.4717400979083222","0.4233409610983982","115","3","f__uncultured","g__uncultured.11","false","d__Bacteria","d__Bacteria |  p__Actinobacteriota |  c__Thermoleophilia | Gaiellales |  f__uncultured |  g__uncultured.11","109.00869565217391","0","115","Gaiellales","0","p__Actinobacteriota","0.9951523319447848","false","0","d__Bacteria |  p__Actinobacteriota |  c__Thermoleophilia | Gaiellales |  f__uncultured |  g__uncultured.11","56368","0.133262464122462"
"2.1349056603773584","0.0011419008262006502","c__Thermoleophilia","0.4684047724259832","0.3460916442048518","106","3","f__uncultured","g__uncultured.15","false","d__Bacteria","d__Bacteria |  p__Actinobacteriota |  c__Thermoleophilia | Gaiellales |  f__uncultured |  g__uncultured.15","99.35849056603773","0","106","Gaiellales","0","p__Actinobacteriota","0.9950869884832149","false","0","d__Bacteria |  p__Actinobacteriota |  c__Thermoleophilia | Gaiellales |  f__uncultured |  g__uncultured.15","85346","0.12251355186934369"
"2.150943396226415","6.854384533072636E-4","c__Thermoleophilia","0.4649122807017544","0.3873034362259755","102","3","f__uncultured","g__uncultured.20","false","d__Bacteria","d__Bacteria |  p__Actinobacteriota |  c__Thermoleophilia | Gaiellales |  f__uncultured |  g__uncultured.20","107.66666666666667","0","102","Gaiellales","0","p__Actinobacteriota","0.9950175610552969","false","0","d__Bacteria |  p__Actinobacteriota |  c__Thermoleophilia | Gaiellales |  f__uncultured |  g__uncultured.20","49890","0.1349206349206349"
"2.2613207547169814","3.5444238483124863E-4","c__Thermoleophilia","0.44221944096787646","0.4367283950617284","81","3","f__Solirubrobacteraceae","0.997941298","false","d__Bacteria","d__Bacteria |  p__Actinobacteriota |  c__Thermoleophilia | Solirubrobacterales |  f__Solirubrobacteraceae | 0.997941298","102.4074074074074","0","81","Solirubrobacterales","0","p__Actinobacteriota","0.9945397369925671","false","0","d__Bacteria |  p__Actinobacteriota |  c__Thermoleophilia | Solirubrobacterales |  f__Solirubrobacteraceae | 0.997941298","26002","0.1458794977313496"
"2.091509433962264","9.6788846197009E-4","c__TK10","0.47812359043752817","0.43660730029977074","107","3","f__TK10","g__TK10.105","false","d__Bacteria","d__Bacteria |  p__Chloroflexi |  c__TK10 | TK10 |  f__TK10 |  g__TK10.105","106.81308411214954","0","107","TK10","0","p__Chloroflexi","0.9952748509352283","false","0","d__Bacteria |  p__Chloroflexi |  c__TK10 | TK10 |  f__TK10 |  g__TK10.105","80456","0.1247816403179317"
"2.0716981132075474","0.0012317656667041562","c__TK10","0.482695810564663","0.41252634748569705","82","3","f__TK10","g__TK10.79","false","d__Bacteria","d__Bacteria |  p__Chloroflexi |  c__TK10 | TK10 |  f__TK10 |  g__TK10.79","100.85365853658537","0","82","TK10","0","p__Chloroflexi","0.9953606142285387","false","0","d__Bacteria |  p__Chloroflexi |  c__TK10 | TK10 |  f__TK10 |  g__TK10.79","81374","0.11181115137093721"
"2.199056603773585","7.785905753433667E-4","c__Deinococci","0.4547404547404547","0.4061458718992966","74","3","f__Deinococcaceae","g__Deinococcus.4","false","d__Bacteria","d__Bacteria |  p__Deinococcota |  c__Deinococci | Deinococcales |  f__Deinococcaceae |  g__Deinococcus.4","86.0","0","74","Deinococcales","0","p__Deinococcota","0.9948092787715429","false","0","d__Bacteria |  p__Deinococcota |  c__Deinococci | Deinococcales |  f__Deinococcaceae |  g__Deinococcus.4","47004","0.11096774193548387"
"2.160377358490566","5.045795221617805E-4","c__Gemmatimonadetes","0.46288209606986896","0.4413177762525738","94","3","f__Gemmatimonadaceae","g__Gemmatimonas.15","false","d__Bacteria","d__Bacteria |  p__Gemmatimonadota |  c__Gemmatimonadetes | Gemmatimonadales |  f__Gemmatimonadaceae |  g__Gemmatimonas.15","105.05319148936171","0","94","Gemmatimonadales","0","p__Gemmatimonadota","0.9949767213918157","false","0","d__Bacteria |  p__Gemmatimonadota |  c__Gemmatimonadetes | Gemmatimonadales |  f__Gemmatimonadaceae |  g__Gemmatimonas.15","40886","0.13197637121779107"
"2.3858490566037736","2.8824966614660004E-4","c__Polyangia","0.4191379992091736","0.4853107344632768","60","3","f__Polyangiaceae","g__Pajaroellobacter.3","false","d__Bacteria","d__Bacteria |  p__Myxococcota |  c__Polyangia | Polyangiales |  f__Polyangiaceae |  g__Pajaroellobacter.3","89.9","0","60","Polyangiales","0","p__Myxococcota","0.9940006534346157","false","0","d__Bacteria |  p__Myxococcota |  c__Polyangia | Polyangiales |  f__Polyangiaceae |  g__Pajaroellobacter.3","15508","0.15211505922165822"
"2.289622641509434","2.164321880842875E-4","c__Polyangia","0.4367531932426864","0.5109126984126984","64","4","f__Polyangiaceae","0.999991927","false","d__Bacteria","d__Bacteria |  p__Myxococcota |  c__Polyangia | Polyangiales |  f__Polyangiaceae | 0.999991927","100.984375","0","64","Polyangiales","0","p__Myxococcota","0.9944172180021237","false","0","d__Bacteria |  p__Myxococcota |  c__Polyangia | Polyangiales |  f__Polyangiaceae | 0.999991927","12132","0.14635416666666667"
"2.061320754716981","0.0014898186789045844","c__Nitrospiria","0.4851258581235698","0.3479330708661417","128","3","f__Nitrospiraceae","g__Nitrospira.3","false","d__Bacteria","d__Bacteria |  p__Nitrospirota |  c__Nitrospiria | Nitrospirales |  f__Nitrospiraceae |  g__Nitrospira.3","117.0859375","0","128","Nitrospirales","0","p__Nitrospirota","0.995405537858368","false","0","d__Bacteria |  p__Nitrospirota |  c__Nitrospiria | Nitrospirales |  f__Nitrospiraceae |  g__Nitrospira.3","98218","0.13504721741637832"
"2.2339622641509433","2.442369165846568E-4","c__Alphaproteobacteria","0.44763513513513514","0.5027386541471048","72","4","f__Acetobacteraceae","0.999921235","false","d__Bacteria","d__Bacteria |  p__Proteobacteria |  c__Alphaproteobacteria | Acetobacterales |  f__Acetobacteraceae | 0.999921235","104.84722222222223","0","72","Acetobacterales","0","p__Proteobacteria","0.9946581720166626","false","0","d__Bacteria |  p__Proteobacteria |  c__Alphaproteobacteria | Acetobacterales |  f__Acetobacteraceae | 0.999921235","21276","0.14149422702054282"
"2.211320754716981","5.981267508732662E-4","c__Alphaproteobacteria","0.4522184300341297","0.31326709526592633","59","3","f__Caulobacteraceae","g__Brevundimonas.3","false","d__Bacteria","d__Bacteria |  p__Proteobacteria |  c__Alphaproteobacteria | Caulobacterales |  f__Caulobacteraceae |  g__Brevundimonas.3","101.96610169491525","0","59","Caulobacterales","0","p__Proteobacteria","0.9947561872090174","false","0","d__Bacteria |  p__Proteobacteria |  c__Alphaproteobacteria | Caulobacterales |  f__Caulobacteraceae |  g__Brevundimonas.3","31062","0.13123050411186005"
"2.15188679245283","5.899498933603605E-4","c__Alphaproteobacteria","0.46470846120122755","0.41562881562881565","91","3","f__Reyranellaceae","g__Reyranella.5","false","d__Bacteria","d__Bacteria |  p__Proteobacteria |  c__Alphaproteobacteria | Reyranellales |  f__Reyranellaceae |  g__Reyranella.5","105.3076923076923","0","91","Reyranellales","0","p__Proteobacteria","0.9950134770889487","false","0","d__Bacteria |  p__Proteobacteria |  c__Alphaproteobacteria | Reyranellales |  f__Reyranellaceae |  g__Reyranella.5","43648","0.13033130236100532"
"2.1849056603773587","4.1472650843100284E-4","c__Alphaproteobacteria","0.45768566493955093","0.4472573839662447","79","3","f__Beijerinckiaceae","0.801181388","false","d__Bacteria","d__Bacteria |  p__Proteobacteria |  c__Alphaproteobacteria | Rhizobiales |  f__Beijerinckiaceae | 0.801181388","118.32911392405063","0","79","Rhizobiales","0","p__Proteobacteria","0.9948705382667647","false","0","d__Bacteria |  p__Proteobacteria |  c__Alphaproteobacteria | Rhizobiales |  f__Beijerinckiaceae | 0.801181388","31512","0.15073772474401353"
"2.2962264150943397","2.2538348909463248E-4","c__Alphaproteobacteria","0.4354971240755957","0.42042042042042044","37","3","f__Xanthobacteraceae","g__Bradyrhizobium.2","false","d__Bacteria","d__Bacteria |  p__Proteobacteria |  c__Alphaproteobacteria | Rhizobiales |  f__Xanthobacteraceae |  g__Bradyrhizobium.2","100.29729729729729","0","37","Rhizobiales","0","p__Proteobacteria","0.9943886302376869","false","0","d__Bacteria |  p__Proteobacteria |  c__Alphaproteobacteria | Rhizobiales |  f__Xanthobacteraceae |  g__Bradyrhizobium.2","12290","0.14146304273243623"
"2.1622641509433964","4.953924174192248E-4","c__Alphaproteobacteria","0.46247818499127397","0.29333333333333333","51","3","f__Xanthobacteraceae","g__Tardiphaga.1","false","d__Bacteria","d__Bacteria |  p__Proteobacteria |  c__Alphaproteobacteria | Rhizobiales |  f__Xanthobacteraceae |  g__Tardiphaga.1","102.50980392156863","0","51","Rhizobiales","0","p__Proteobacteria","0.9949685534591195","false","0","d__Bacteria |  p__Proteobacteria |  c__Alphaproteobacteria | Rhizobiales |  f__Xanthobacteraceae |  g__Tardiphaga.1","29624","0.12247288401621102"
"2.266981132075472","2.553620188334433E-4","c__Alphaproteobacteria","0.44111527257594674","0.49759348389485375","74","3","f__Sphingomonadaceae","g__Rhizorhapis.2","false","d__Bacteria","d__Bacteria |  p__Proteobacteria |  c__Alphaproteobacteria | Sphingomonadales |  f__Sphingomonadaceae |  g__Rhizorhapis.2","97.21621621621621","0","74","Sphingomonadales","0","p__Proteobacteria","0.9945152331944784","false","0","d__Bacteria |  p__Proteobacteria |  c__Alphaproteobacteria | Sphingomonadales |  f__Sphingomonadaceae |  g__Rhizorhapis.2","20492","0.13828764753373574"
"2.0037735849056606","0.0014486635657550804","c__Alphaproteobacteria","0.49905838041431255","0.36762360446570974","133","3","f__Sphingomonadaceae","g__Sphingomonas.101","false","d__Bacteria","d__Bacteria |  p__Proteobacteria |  c__Alphaproteobacteria | Sphingomonadales |  f__Sphingomonadaceae |  g__Sphingomonas.101","120.9172932330827","0","133","Sphingomonadales","0","p__Proteobacteria","0.9956546598056032","false","0","d__Bacteria |  p__Proteobacteria |  c__Alphaproteobacteria | Sphingomonadales |  f__Sphingomonadaceae |  g__Sphingomonas.101","100842","0.1310046513901221"
"2.322641509433962","6.143651037433947E-4","c__Alphaproteobacteria","0.43054427294882214","0.3638286620835537","62","3","f__Sphingomonadaceae","g__Sphingomonas.25","false","d__Bacteria","d__Bacteria |  p__Proteobacteria |  c__Alphaproteobacteria | Sphingomonadales |  f__Sphingomonadaceae |  g__Sphingomonas.25","80.90322580645162","0","62","Sphingomonadales","0","p__Proteobacteria","0.9942742791799396","false","0","d__Bacteria |  p__Proteobacteria |  c__Alphaproteobacteria | Sphingomonadales |  f__Sphingomonadaceae |  g__Sphingomonas.25","34748","0.12332808811959087"
"2.1962264150943396","6.646806299127515E-4","c__Bacteroidia","0.45532646048109965","0.37987927565392354","71","3","f__env.OPS_17","g__env.OPS_17","false","d__Bacteria","d__Bacteria |  p__Bacteroidota |  c__Bacteroidia | Sphingobacteriales |  f__env.OPS_17 |  g__env.OPS_17","94.61971830985915","0","71","Sphingobacteriales","0","p__Bacteroidota","0.9948215306705872","false","0","d__Bacteria |  p__Bacteroidota |  c__Bacteroidia | Sphingobacteriales |  f__env.OPS_17 |  g__env.OPS_17","38904","0.12115200807920506"
"2.2264150943396226","0.001377721810393691","c__TK10","0.4491525423728814","0.3625","96","3","f__TK10","g__TK10.35","false","d__Bacteria","d__Bacteria |  p__Chloroflexi |  c__TK10 | TK10 |  f__TK10 |  g__TK10.35","97.125","0","96","TK10","0","p__Chloroflexi","0.9946908437474475","false","0","d__Bacteria |  p__Chloroflexi |  c__TK10 | TK10 |  f__TK10 |  g__TK10.35","83544","0.13415055248618785"
"2.1924528301886794","8.87574935828691E-4","c__Actinobacteria","0.4561101549053356","0.3495914198161389","89","3","f__Geodermatophilaceae","g__Geodermatophilus.1","false","d__Bacteria","d__Bacteria |  p__Actinobacteriota |  c__Actinobacteria | Frankiales |  f__Geodermatophilaceae |  g__Geodermatophilus.1","90.61797752808988","0","89","Frankiales","0","p__Actinobacteriota","0.9948378665359798","false","0","d__Bacteria |  p__Actinobacteriota |  c__Actinobacteria | Frankiales |  f__Geodermatophilaceae |  g__Geodermatophilus.1","54112","0.11814599416960872"
"2.2056603773584906","5.698529168322197E-4","c__Actinobacteria","0.4533789563729683","0.377955377955378","78","4","f__Nocardioidaceae","g__Nocardioides.2","false","d__Bacteria","d__Bacteria |  p__Actinobacteriota |  c__Actinobacteria | Propionibacteriales |  f__Nocardioidaceae |  g__Nocardioides.2","104.11538461538461","0","78","Propionibacteriales","0","p__Actinobacteriota","0.9947806910071061","false","0","d__Bacteria |  p__Actinobacteriota |  c__Actinobacteria | Propionibacteriales |  f__Nocardioidaceae |  g__Nocardioides.2","41318","0.1360985419808949"
"2.3028301886792453","8.615268951795304E-4","c__Bdellovibrionia","0.4342482589102827","0.40534262485482","42","3","f__Bacteriovoracaceae","g__Peredibacter.1","false","d__Bacteria","d__Bacteria |  p__Bdellovibrionota |  c__Bdellovibrionia | Bacteriovoracales |  f__Bacteriovoracaceae |  g__Peredibacter.1","72.21428571428571","0","42","Bacteriovoracales","0","p__Bdellovibrionota","0.9943600424732499","false","0","d__Bacteria |  p__Bdellovibrionota |  c__Bdellovibrionia | Bacteriovoracales |  f__Bacteriovoracaceae |  g__Peredibacter.1","28668","0.10360729657716745"
"2.089622641509434","0.0024488306874020957","c__TK10","0.47855530474040636","0.2633181126331811","73","3","f__TK10","g__TK10.156","false","d__Bacteria","d__Bacteria |  p__Chloroflexi |  c__TK10 | TK10 |  f__TK10 |  g__TK10.156","82.5068493150685","0","73","TK10","0","p__Chloroflexi","0.9952830188679245","false","0","d__Bacteria |  p__Chloroflexi |  c__TK10 | TK10 |  f__TK10 |  g__TK10.156","103680","0.09249646784200503"
"2.30188679245283","6.156177080598189E-4","c__TK10","0.43442622950819676","0.40508474576271186","60","3","f__TK10","g__TK10.62","false","d__Bacteria","d__Bacteria |  p__Chloroflexi |  c__TK10 | TK10 |  f__TK10 |  g__TK10.62","75.2","0","60","TK10","0","p__Chloroflexi","0.9943641264395982","false","0","d__Bacteria |  p__Chloroflexi |  c__TK10 | TK10 |  f__TK10 |  g__TK10.62","31230","0.11058823529411765"
"2.2783018867924527","3.0826749504540233E-4","c__Gemmatimonadetes","0.4389233954451346","0.45390596075527584","74","3","f__Gemmatimonadaceae","g__Gemmatimonas.4","false","d__Bacteria","d__Bacteria |  p__Gemmatimonadota |  c__Gemmatimonadetes | Gemmatimonadales |  f__Gemmatimonadaceae |  g__Gemmatimonas.4","89.6891891891892","0","74","Gemmatimonadales","0","p__Gemmatimonadota","0.994466225598301","false","0","d__Bacteria |  p__Gemmatimonadota |  c__Gemmatimonadetes | Gemmatimonadales |  f__Gemmatimonadaceae |  g__Gemmatimonas.4","20014","0.12979622169202487"
"1.9679245283018867","0.00310221357799947","c__Alphaproteobacteria","0.5081495685522531","0.29407979407979407","112","3","f__Caulobacteraceae","g__Brevundimonas","false","d__Bacteria","d__Bacteria |  p__Proteobacteria |  c__Alphaproteobacteria | Caulobacterales |  f__Caulobacteraceae |  g__Brevundimonas","108.58928571428571","0","112","Caulobacterales","0","p__Proteobacteria","0.9958098505268317","false","0","d__Bacteria |  p__Proteobacteria |  c__Alphaproteobacteria | Caulobacterales |  f__Caulobacteraceae |  g__Brevundimonas","167858","0.11057972068664533"
"2.241509433962264","0.0010065972073672162","c__Alphaproteobacteria","0.44612794612794615","0.3919765427162468","123","3","f__Beijerinckiaceae","g__Microvirga.4","false","d__Bacteria","d__Bacteria |  p__Proteobacteria |  c__Alphaproteobacteria | Rhizobiales |  f__Beijerinckiaceae |  g__Microvirga.4","96.66666666666667","0","123","Rhizobiales","0","p__Proteobacteria","0.9946255002858776","false","0","d__Bacteria |  p__Proteobacteria |  c__Alphaproteobacteria | Rhizobiales |  f__Beijerinckiaceae |  g__Microvirga.4","52374","0.14194811551639747"
"2.1839622641509435","0.001137431747024977","c__Alphaproteobacteria","0.45788336933045354","0.34788858939802336","106","3","f__Sphingomonadaceae","g__Sphingomonas.46","false","d__Bacteria","d__Bacteria |  p__Proteobacteria |  c__Alphaproteobacteria | Sphingomonadales |  f__Sphingomonadaceae |  g__Sphingomonas.46","85.90566037735849","0","106","Sphingomonadales","0","p__Proteobacteria","0.9948746222331127","false","0","d__Bacteria |  p__Proteobacteria |  c__Alphaproteobacteria | Sphingomonadales |  f__Sphingomonadaceae |  g__Sphingomonas.46","60602","0.11318268824421408"
"2.1735849056603773","0.0012781153824654213","c__Gammaproteobacteria","0.4600694444444445","0.4075342465753425","73","3","f__Oxalobacteraceae","g__Massilia.6","false","d__Bacteria","d__Bacteria |  p__Proteobacteria |  c__Gammaproteobacteria | Burkholderiales |  f__Oxalobacteraceae |  g__Massilia.6","90.42465753424658","0","73","Burkholderiales","0","p__Proteobacteria","0.9949195458629421","false","0","d__Bacteria |  p__Proteobacteria |  c__Gammaproteobacteria | Burkholderiales |  f__Oxalobacteraceae |  g__Massilia.6","54036","0.11260853989320868"
"2.099056603773585","7.695924589911636E-4","c__Acidimicrobiia","0.4764044943820225","0.36689549961861173","115","3","f__Ilumatobacteraceae","g__Ilumatobacter","false","d__Bacteria","d__Bacteria |  p__Actinobacteriota |  c__Acidimicrobiia | Microtrichales |  f__Ilumatobacteraceae |  g__Ilumatobacter","132.26956521739132","0","115","Microtrichales","0","p__Actinobacteriota","0.9952421792044434","false","0","d__Bacteria |  p__Actinobacteriota |  c__Acidimicrobiia | Microtrichales |  f__Ilumatobacteraceae |  g__Ilumatobacter","58914","0.15746376811594204"
"1.9641509433962263","0.003144401567863607","c__Actinobacteria","0.5091258405379443","0.29085797206602576","149","3","f__Mycobacteriaceae","g__Mycobacterium","false","d__Bacteria","d__Bacteria |  p__Actinobacteriota |  c__Actinobacteria | Corynebacteriales |  f__Mycobacteriaceae |  g__Mycobacterium","113.84563758389261","0","149","Corynebacteriales","0","p__Actinobacteriota","0.9958261863922242","false","0","d__Bacteria |  p__Actinobacteriota |  c__Actinobacteria | Corynebacteriales |  f__Mycobacteriaceae |  g__Mycobacterium","208598","0.1199637909208563"
"2.0018867924528303","0.0015509395348328506","c__Actinobacteria","0.49952874646559847","0.34797416324133884","131","3","f__Mycobacteriaceae","g__Mycobacterium.1","false","d__Bacteria","d__Bacteria |  p__Actinobacteriota |  c__Actinobacteria | Corynebacteriales |  f__Mycobacteriaceae |  g__Mycobacterium.1","128.7709923664122","0","131","Corynebacteriales","0","p__Actinobacteriota","0.9956628277382994","false","0","d__Bacteria |  p__Actinobacteriota |  c__Actinobacteria | Corynebacteriales |  f__Mycobacteriaceae |  g__Mycobacterium.1","122200","0.13891153437584922"
"2.180188679245283","6.970946195127457E-4","c__Actinobacteria","0.45867589787970575","0.33425925925925926","81","3","f__Geodermatophilaceae","g__Blastococcus","false","d__Bacteria","d__Bacteria |  p__Actinobacteriota |  c__Actinobacteria | Frankiales |  f__Geodermatophilaceae |  g__Blastococcus","103.9753086419753","0","81","Frankiales","0","p__Actinobacteriota","0.9948909580985053","false","0","d__Bacteria |  p__Actinobacteriota |  c__Actinobacteria | Frankiales |  f__Geodermatophilaceae |  g__Blastococcus","47980","0.13194836122078085"
"2.241509433962264","4.5278076592500805E-4","c__Actinobacteria","0.44612794612794615","0.4131455399061033","72","3","f__Geodermatophilaceae","g__Blastococcus.5","false","d__Bacteria","d__Bacteria |  p__Actinobacteriota |  c__Actinobacteria | Frankiales |  f__Geodermatophilaceae |  g__Blastococcus.5","110.93055555555556","0","72","Frankiales","0","p__Actinobacteriota","0.9946255002858776","false","0","d__Bacteria |  p__Actinobacteriota |  c__Actinobacteria | Frankiales |  f__Geodermatophilaceae |  g__Blastococcus.5","31822","0.15154447480267152"
"2.1160377358490567","0.0017000225194895528","c__Actinobacteria","0.4725813642443156","0.2968421052631579","76","3","f__uncultured","g__uncultured","false","d__Bacteria","d__Bacteria |  p__Actinobacteriota |  c__Actinobacteria | Frankiales |  f__uncultured |  g__uncultured","95.22368421052632","0","76","Frankiales","0","p__Actinobacteriota","0.9951686678101772","false","0","d__Bacteria |  p__Actinobacteriota |  c__Actinobacteria | Frankiales |  f__uncultured |  g__uncultured","82964","0.11059661348493184"
"2.050943396226415","0.0017808198299855296","c__Actinobacteria","0.4875804967801288","0.34671101256467113","165","3","f__Microbacteriaceae","g__Agromyces.1","false","d__Bacteria","d__Bacteria |  p__Actinobacteriota |  c__Actinobacteria | Micrococcales |  f__Microbacteriaceae |  g__Agromyces.1","123.92727272727272","0","165","Micrococcales","0","p__Actinobacteriota","0.9954504614881974","false","0","d__Bacteria |  p__Actinobacteriota |  c__Actinobacteria | Micrococcales |  f__Microbacteriaceae |  g__Agromyces.1","132818","0.14735704248189385"
"2.2","4.924174922757788E-4","c__Actinobacteria","0.45454545454545453","0.37006145741878843","68","3","f__Nocardioidaceae","g__Marmoricola.1","false","d__Bacteria","d__Bacteria |  p__Actinobacteriota |  c__Actinobacteria | Propionibacteriales |  f__Nocardioidaceae |  g__Marmoricola.1","111.13235294117646","0","68","Propionibacteriales","0","p__Actinobacteriota","0.9948051948051948","false","0","d__Bacteria |  p__Actinobacteriota |  c__Actinobacteria | Propionibacteriales |  f__Nocardioidaceae |  g__Marmoricola.1","30050","0.14247737556561085"
"1.9679245283018867","0.0022929842243095138","c__Actinobacteria","0.5081495685522531","0.3496753246753247","176","3","f__Nocardioidaceae","g__Nocardioides.3","false","d__Bacteria","d__Bacteria |  p__Actinobacteriota |  c__Actinobacteria | Propionibacteriales |  f__Nocardioidaceae |  g__Nocardioides.3","122.10227272727273","0","176","Propionibacteriales","0","p__Actinobacteriota","0.9958098505268317","false","0","d__Bacteria |  p__Actinobacteriota |  c__Actinobacteria | Propionibacteriales |  f__Nocardioidaceae |  g__Nocardioides.3","174954","0.13300901168548226"
"2.047169811320755","0.0012759727440812992","c__Actinobacteria","0.48847926267281105","0.38374528697109345","155","3","f__Pseudonocardiaceae","g__Pseudonocardia","false","d__Bacteria","d__Bacteria |  p__Actinobacteriota |  c__Actinobacteria | Pseudonocardiales |  f__Pseudonocardiaceae |  g__Pseudonocardia","122.97419354838709","0","155","Pseudonocardiales","0","p__Actinobacteriota","0.9954667973535899","false","0","d__Bacteria |  p__Actinobacteriota |  c__Actinobacteria | Pseudonocardiales |  f__Pseudonocardiaceae |  g__Pseudonocardia","103640","0.14382946613846445"
"2.141509433962264","8.219325267747572E-4","c__Actinobacteria","0.4669603524229075","0.397141173003242","117","3","f__Pseudonocardiaceae","g__Pseudonocardia.7","false","d__Bacteria","d__Bacteria |  p__Actinobacteriota |  c__Actinobacteria | Pseudonocardiales |  f__Pseudonocardiaceae |  g__Pseudonocardia.7","112.19658119658119","0","117","Pseudonocardiales","0","p__Actinobacteriota","0.9950584007187782","false","0","d__Bacteria |  p__Actinobacteriota |  c__Actinobacteria | Pseudonocardiales |  f__Pseudonocardiaceae |  g__Pseudonocardia.7","60334","0.1414837089490305"
"2.1490566037735848","7.131580204090856E-4","c__Thermoleophilia","0.4653204565408253","0.3912280701754386","96","3","f__Gaiellaceae","g__Gaiella.2","false","d__Bacteria","d__Bacteria |  p__Actinobacteriota |  c__Thermoleophilia | Gaiellales |  f__Gaiellaceae |  g__Gaiella.2","122.69791666666667","0","96","Gaiellales","0","p__Actinobacteriota","0.9950257289879932","false","0","d__Bacteria |  p__Actinobacteriota |  c__Thermoleophilia | Gaiellales |  f__Gaiellaceae |  g__Gaiella.2","50202","0.15223066583953682"
"2.038679245283019","0.0014571447410819257","c__Thermoleophilia","0.4905136510874595","0.3643206965354616","149","3","f__uncultured","g__uncultured","false","d__Bacteria","d__Bacteria |  p__Actinobacteriota |  c__Thermoleophilia | Gaiellales |  f__uncultured |  g__uncultured","121.97986577181209","0","149","Gaiellales","0","p__Actinobacteriota","0.9955035530507228","false","0","d__Bacteria |  p__Actinobacteriota |  c__Thermoleophilia | Gaiellales |  f__uncultured |  g__uncultured","101074","0.14020674226645066"
"2.177358490566038","4.0235905202983603E-4","c__Thermoleophilia","0.4592720970537261","0.36347673397717295","68","3","f__67-14","g__67-14","false","d__Bacteria","d__Bacteria |  p__Actinobacteriota |  c__Thermoleophilia | Solirubrobacterales |  f__67-14 |  g__67-14","107.77941176470588","0","68","Solirubrobacterales","0","p__Actinobacteriota","0.9949032099975497","false","0","d__Bacteria |  p__Actinobacteriota |  c__Thermoleophilia | Solirubrobacterales |  f__67-14 |  g__67-14","25688","0.13405399473222124"
"2.0358490566037735","0.0013616732480034922","c__Thermoleophilia","0.49119555143651533","0.37297376952549366","117","3","f__Solirubrobacteraceae","g__Solirubrobacter.1","false","d__Bacteria","d__Bacteria |  p__Actinobacteriota |  c__Thermoleophilia | Solirubrobacterales |  f__Solirubrobacteraceae |  g__Solirubrobacter.1","117.82051282051282","0","117","Solirubrobacterales","0","p__Actinobacteriota","0.9955158049497672","false","0","d__Bacteria |  p__Actinobacteriota |  c__Thermoleophilia | Solirubrobacterales |  f__Solirubrobacteraceae |  g__Solirubrobacter.1","97898","0.13018841195636777"
"2.0556603773584907","0.0015000879049353825","c__Bacteroidia","0.48646167966957315","0.37238432066018273","117","3","f__Saprospiraceae","g__uncultured","false","d__Bacteria","d__Bacteria |  p__Bacteroidota |  c__Bacteroidia | Chitinophagales |  f__Saprospiraceae |  g__uncultured","122.98290598290598","0","117","Chitinophagales","0","p__Bacteroidota","0.9954300416564568","false","0","d__Bacteria |  p__Bacteroidota |  c__Bacteroidia | Chitinophagales |  f__Saprospiraceae |  g__uncultured","91350","0.13912093436980313"
"2.133018867924528","6.792166875213269E-4","c__Bacteroidia","0.4688191065900045","0.3783838383838384","100","3","f__Flavobacteriaceae","g__Flavobacterium","false","d__Bacteria","d__Bacteria |  p__Bacteroidota |  c__Bacteroidia | Flavobacteriales |  f__Flavobacteriaceae |  g__Flavobacterium","122.24","0","100","Flavobacteriales","0","p__Bacteroidota","0.9950951564159111","false","0","d__Bacteria |  p__Bacteroidota |  c__Bacteroidia | Flavobacteriales |  f__Flavobacteriaceae |  g__Flavobacterium","47374","0.14925518925518927"
"2.1481132075471696","5.423499757723763E-4","c__TK10","0.46552481335090035","0.40463980463980465","91","3","f__TK10","g__TK10.5","false","d__Bacteria","d__Bacteria |  p__Chloroflexi |  c__TK10 | TK10 |  f__TK10 |  g__TK10.5","122.34065934065934","0","91","TK10","0","p__Chloroflexi","0.9950298129543412","false","0","d__Bacteria |  p__Chloroflexi |  c__TK10 | TK10 |  f__TK10 |  g__TK10.5","38060","0.15066583662642777"
"2.080188679245283","9.371732232984931E-4","c__TK10","0.4807256235827665","0.3941236068895643","141","3","f__TK10","g__TK10.50","false","d__Bacteria","d__Bacteria |  p__Chloroflexi |  c__TK10 | TK10 |  f__TK10 |  g__TK10.50","126.02127659574468","0","141","TK10","0","p__Chloroflexi","0.9953238585314057","false","0","d__Bacteria |  p__Chloroflexi |  c__TK10 | TK10 |  f__TK10 |  g__TK10.50","72092","0.15110464819633654"
"2.1132075471698113","9.350469240222108E-4","c__Gemmatimonadetes","0.4732142857142857","0.3988050784167289","104","3","f__Gemmatimonadaceae","g__Gemmatimonas.1","false","d__Bacteria","d__Bacteria |  p__Gemmatimonadota |  c__Gemmatimonadetes | Gemmatimonadales |  f__Gemmatimonadaceae |  g__Gemmatimonas.1","103.57692307692308","0","104","Gemmatimonadales","0","p__Gemmatimonadota","0.9951809197092215","false","0","d__Bacteria |  p__Gemmatimonadota |  c__Gemmatimonadetes | Gemmatimonadales |  f__Gemmatimonadaceae |  g__Gemmatimonas.1","62504","0.12389584100110416"
"2.2877358490566038","2.8162053819583756E-4","c__Alphaproteobacteria","0.43711340206185567","0.4320436507936508","64","3","f__Micropepsaceae","g__uncultured.1","false","d__Bacteria","d__Bacteria |  p__Proteobacteria |  c__Alphaproteobacteria | Micropepsales |  f__Micropepsaceae |  g__uncultured.1","108.78125","0","64","Micropepsales","0","p__Proteobacteria","0.9944253859348199","false","0","d__Bacteria |  p__Proteobacteria |  c__Alphaproteobacteria | Micropepsales |  f__Micropepsaceae |  g__uncultured.1","18726","0.15742583212735167"
"2.0707547169811322","9.886258786849498E-4","c__Alphaproteobacteria","0.4829157175398633","0.4206885456885457","112","3","f__Xanthobacteraceae","g__Rhodoplanes.1","false","d__Bacteria","d__Bacteria |  p__Proteobacteria |  c__Alphaproteobacteria | Rhizobiales |  f__Xanthobacteraceae |  g__Rhodoplanes.1","127.78571428571429","0","112","Rhizobiales","0","p__Proteobacteria","0.9953646981948869","false","0","d__Bacteria |  p__Proteobacteria |  c__Alphaproteobacteria | Rhizobiales |  f__Xanthobacteraceae |  g__Rhodoplanes.1","75854","0.1463753886434299"
"2.210377358490566","3.6978276281090107E-4","c__Alphaproteobacteria","0.4524114383269313","0.4294320137693632","84","3","f__Xanthobacteraceae","g__Rhodoplanes.2","false","d__Bacteria","d__Bacteria |  p__Proteobacteria |  c__Alphaproteobacteria | Rhizobiales |  f__Xanthobacteraceae |  g__Rhodoplanes.2","127.46428571428571","0","84","Rhizobiales","0","p__Proteobacteria","0.9947602711753655","false","0","d__Bacteria |  p__Proteobacteria |  c__Alphaproteobacteria | Rhizobiales |  f__Xanthobacteraceae |  g__Rhodoplanes.2","29414","0.16927527983304877"
"2.1575471698113207","0.0013951239703440096",,"0.4634892872759073","0.2845614035087719","76","3",,,"false",,"d__Bacteria |  p__Proteobacteria |  c__Alphaproteobacteria | Rhizobiales | 0.999651076 | ","107.89473684210526","0","76",,"0",,"0.9949889732908601","false","0","d__Bacteria |  p__Proteobacteria |  c__Alphaproteobacteria | Rhizobiales | 0.999651076 | ","88452","0.13206210139792565"
"1.9962264150943396","0.00398738193838187","c__Alphaproteobacteria","0.500945179584121","0.26064227035100823","104","3","f__Sphingomonadaceae","g__Sphingomonas.21","false","d__Bacteria","d__Bacteria |  p__Proteobacteria |  c__Alphaproteobacteria | Sphingomonadales |  f__Sphingomonadaceae |  g__Sphingomonas.21","97.54807692307692","0","104","Sphingomonadales","0","p__Proteobacteria","0.9956873315363882","false","0","d__Bacteria |  p__Proteobacteria |  c__Alphaproteobacteria | Sphingomonadales |  f__Sphingomonadaceae |  g__Sphingomonas.21","207566","0.10161258012820513"
"2.0830188679245283","0.0013072712810037917","c__Alphaproteobacteria","0.48007246376811596","0.37682948333627225","107","3","f__Sphingomonadaceae","g__Sphingomonas.32","false","d__Bacteria","d__Bacteria |  p__Proteobacteria |  c__Alphaproteobacteria | Sphingomonadales |  f__Sphingomonadaceae |  g__Sphingomonas.32","117.20560747663552","0","107","Sphingomonadales","0","p__Proteobacteria","0.9953116066323614","false","0","d__Bacteria |  p__Proteobacteria |  c__Alphaproteobacteria | Sphingomonadales |  f__Sphingomonadaceae |  g__Sphingomonas.32","78260","0.13549781211171735"
"2.0632075471698115","0.0018915990438865","c__Alphaproteobacteria","0.48468221307727477","0.329004329004329","99","3","f__Sphingomonadaceae","g__Sphingomonas.37","false","d__Bacteria","d__Bacteria |  p__Proteobacteria |  c__Alphaproteobacteria | Sphingomonadales |  f__Sphingomonadaceae |  g__Sphingomonas.37","102.74747474747475","0","99","Sphingomonadales","0","p__Proteobacteria","0.9953973699256718","false","0","d__Bacteria |  p__Proteobacteria |  c__Alphaproteobacteria | Sphingomonadales |  f__Sphingomonadaceae |  g__Sphingomonas.37","99042","0.11493006123878607"
"1.9867924528301886","0.0023990315441755105","c__Alphaproteobacteria","0.5033238366571701","0.3578512396694215","121","3","f__Sphingomonadaceae","g__Sphingomonas.5","false","d__Bacteria","d__Bacteria |  p__Proteobacteria |  c__Alphaproteobacteria | Sphingomonadales |  f__Sphingomonadaceae |  g__Sphingomonas.5","118.7107438016529","0","121","Sphingomonadales","0","p__Proteobacteria","0.9957281711998692","false","0","d__Bacteria |  p__Proteobacteria |  c__Alphaproteobacteria | Sphingomonadales |  f__Sphingomonadaceae |  g__Sphingomonas.5","144260","0.12456531353793587"
"2.1528301886792454","0.0012064772540453877","c__Alphaproteobacteria","0.4645048203330412","0.34838903944595","82","3","f__Sphingomonadaceae","0.999998382","false","d__Bacteria","d__Bacteria |  p__Proteobacteria |  c__Alphaproteobacteria | Sphingomonadales |  f__Sphingomonadaceae | 0.999998382","93.71951219512195","0","82","Sphingomonadales","0","p__Proteobacteria","0.9950093931226006","false","0","d__Bacteria |  p__Proteobacteria |  c__Alphaproteobacteria | Sphingomonadales |  f__Sphingomonadaceae | 0.999998382","61840","0.11485234337637494"
"2.209433962264151","6.868376822957144E-4","c__Alphaproteobacteria","0.45260461144321096","0.3623301985370951","88","3","f__Geminicoccaceae","g__Candidatus_Alysiosphaera","false","d__Bacteria","d__Bacteria |  p__Proteobacteria |  c__Alphaproteobacteria | Tistrellales |  f__Geminicoccaceae |  g__Candidatus_Alysiosphaera","104.82954545454545","0","88","Tistrellales","0","p__Proteobacteria","0.9947643551417137","false","0","d__Bacteria |  p__Proteobacteria |  c__Alphaproteobacteria | Tistrellales |  f__Geminicoccaceae |  g__Candidatus_Alysiosphaera","39674","0.13977272727272727"
"2.019811320754717","0.001197340877781586","c__Gammaproteobacteria","0.49509574964969644","0.414272030651341","145","3","f__SC-I-84","g__SC-I-84.6","false","d__Bacteria","d__Bacteria |  p__Proteobacteria |  c__Gammaproteobacteria | Burkholderiales |  f__SC-I-84 |  g__SC-I-84.6","122.52413793103449","0","145","Burkholderiales","0","p__Proteobacteria","0.9955852323776853","false","0","d__Bacteria |  p__Proteobacteria |  c__Gammaproteobacteria | Burkholderiales |  f__SC-I-84 |  g__SC-I-84.6","98362","0.13705160842397593"
"2.1254716981132074","7.678266039554058E-4","c__Gammaproteobacteria","0.47048379937860635","0.4225019669551534","124","3","f__Rhodanobacteraceae","0.96155595","false","d__Bacteria","d__Bacteria |  p__Proteobacteria |  c__Gammaproteobacteria | Xanthomonadales |  f__Rhodanobacteraceae | 0.96155595","126.45967741935483","0","124","Xanthomonadales","0","p__Proteobacteria","0.995127828146696","false","0","d__Bacteria |  p__Proteobacteria |  c__Gammaproteobacteria | Xanthomonadales |  f__Rhodanobacteraceae | 0.96155595","53022","0.15748403165548547"
"2.1877358490566037","2.9963087306905537E-4","c__Gammaproteobacteria","0.45709357481673135","0.44025157232704404","54","3","f__Xanthomonadaceae","g__Arenimonas","false","d__Bacteria","d__Bacteria |  p__Proteobacteria |  c__Gammaproteobacteria | Xanthomonadales |  f__Xanthomonadaceae |  g__Arenimonas","119.11111111111111","0","54","Xanthomonadales","0","p__Proteobacteria","0.9948582863677203","false","0","d__Bacteria |  p__Proteobacteria |  c__Gammaproteobacteria | Xanthomonadales |  f__Xanthomonadaceae |  g__Arenimonas","20028","0.147597411537932"
"2.1188679245283017","6.813945303626131E-4","c__Acidobacteriae","0.4719501335707926","0.46259934548854603","93","3","f__Bryobacteraceae","g__Bryobacter.41","false","d__Bacteria","d__Bacteria |  p__Acidobacteriota |  c__Acidobacteriae | Bryobacterales |  f__Bryobacteraceae |  g__Bryobacter.41","117.3010752688172","0","93","Bryobacterales","0","p__Acidobacteriota","0.9951564159111329","false","0","d__Bacteria |  p__Acidobacteriota |  c__Acidobacteriae | Bryobacterales |  f__Bryobacteraceae |  g__Bryobacter.41","49338","0.1394780918773094"
"2.0358490566037735","0.0014416603282193577","c__Subgroup_11","0.49119555143651533","0.4362745098039216","136","3","f__Subgroup_11","g__Subgroup_11","false","d__Bacteria","d__Bacteria |  p__Acidobacteriota |  c__Subgroup_11 | Subgroup_11 |  f__Subgroup_11 |  g__Subgroup_11","122.03676470588235","0","136","Subgroup_11","0","p__Acidobacteriota","0.9955158049497672","false","0","d__Bacteria |  p__Acidobacteriota |  c__Subgroup_11 | Subgroup_11 |  f__Subgroup_11 |  g__Subgroup_11","96484","0.13773901208338865"
"2.0943396226415096","0.0013933391624071972","c__Subgroup_5","0.47747747747747743","0.45087572977481233","110","3","f__Subgroup_5","g__Subgroup_5.1","false","d__Bacteria","d__Bacteria |  p__Acidobacteriota |  c__Subgroup_5 | Subgroup_5 |  f__Subgroup_5 |  g__Subgroup_5.1","116.07272727272728","0","110","Subgroup_5","0","p__Acidobacteriota","0.995262599036184","false","0","d__Bacteria |  p__Acidobacteriota |  c__Subgroup_5 | Subgroup_5 |  f__Subgroup_5 |  g__Subgroup_5.1","81642","0.1365561497326203"
"2.1056603773584905","0.0011605781573375273","c__Actinobacteria","0.47491039426523296","0.3669261519040606","98","3","f__Microbacteriaceae","g__Agromyces","false","d__Bacteria","d__Bacteria |  p__Actinobacteriota |  c__Actinobacteria | Micrococcales |  f__Microbacteriaceae |  g__Agromyces","119.5204081632653","0","98","Micrococcales","0","p__Actinobacteriota","0.9952135914400064","false","0","d__Bacteria |  p__Actinobacteriota |  c__Actinobacteria | Micrococcales |  f__Microbacteriaceae |  g__Agromyces","74300","0.14061224489795918"
"2.1150943396226416","0.0011091850440240188","c__MB-A2-108","0.4727921498661909","0.4036613272311213","115","3","f__MB-A2-108","g__MB-A2-108.3","false","d__Bacteria","d__Bacteria |  p__Actinobacteriota |  c__MB-A2-108 | MB-A2-108 |  f__MB-A2-108 |  g__MB-A2-108.3","117.31304347826087","0","115","MB-A2-108","0","p__Actinobacteriota","0.9951727517765254","false","0","d__Bacteria |  p__Actinobacteriota |  c__MB-A2-108 | MB-A2-108 |  f__MB-A2-108 |  g__MB-A2-108.3","75092","0.14254318770141053"
"1.9811320754716981","0.0016789681389979825","c__Thermoleophilia","0.5047619047619047","0.3961468035984396","159","3","f__uncultured","g__uncultured.13","false","d__Bacteria","d__Bacteria |  p__Actinobacteriota |  c__Thermoleophilia | Gaiellales |  f__uncultured |  g__uncultured.13","123.1006289308176","0","159","Gaiellales","0","p__Actinobacteriota","0.995752674997958","false","0","d__Bacteria |  p__Actinobacteriota |  c__Thermoleophilia | Gaiellales |  f__uncultured |  g__uncultured.13","137168","0.13365974911055115"
"2.3056603773584907","3.5448485555284175E-4","c__Bacteroidia","0.43371522094926346","0.4631617919289152","74","3","f__Flavobacteriaceae","g__Flavobacterium.25","false","d__Bacteria","d__Bacteria |  p__Bacteroidota |  c__Bacteroidia | Flavobacteriales |  f__Flavobacteriaceae |  g__Flavobacterium.25","100.51351351351352","0","74","Flavobacteriales","0","p__Bacteroidota","0.9943477905742056","false","0","d__Bacteria |  p__Bacteroidota |  c__Bacteroidia | Flavobacteriales |  f__Flavobacteriaceae |  g__Flavobacterium.25","16848","0.1518331019841594"
"2.0283018867924527","0.0014573219783140293","c__JG30-KF-CM66","0.4930232558139535","0.42701149425287355","145","3","f__JG30-KF-CM66","g__JG30-KF-CM66.2","false","d__Bacteria","d__Bacteria |  p__Chloroflexi |  c__JG30-KF-CM66 | JG30-KF-CM66 |  f__JG30-KF-CM66 |  g__JG30-KF-CM66.2","122.46206896551725","0","145","JG30-KF-CM66","0","p__Chloroflexi","0.9955484766805521","false","0","d__Bacteria |  p__Chloroflexi |  c__JG30-KF-CM66 | JG30-KF-CM66 |  f__JG30-KF-CM66 |  g__JG30-KF-CM66.2","103902","0.13837521917007597"
"2.000943396226415","0.0014806615525406375","c__TK10","0.49976426214049974","0.4098277608915907","141","3","f__TK10","g__TK10.127","false","d__Bacteria","d__Bacteria |  p__Chloroflexi |  c__TK10 | TK10 |  f__TK10 |  g__TK10.127","121.46099290780141","0","141","TK10","0","p__Chloroflexi","0.9956669117046476","false","0","d__Bacteria |  p__Chloroflexi |  c__TK10 | TK10 |  f__TK10 |  g__TK10.127","119186","0.13231044979063336"
"1.9735849056603774","0.0019322183484650273","c__TK10","0.5066921606118547","0.3770178883071553","192","3","f__TK10","g__TK10.32","false","d__Bacteria","d__Bacteria |  p__Chloroflexi |  c__TK10 | TK10 |  f__TK10 |  g__TK10.32","124.265625","0","192","TK10","0","p__Chloroflexi","0.995785346728743","false","0","d__Bacteria |  p__Chloroflexi |  c__TK10 | TK10 |  f__TK10 |  g__TK10.32","153636","0.13868931361607142"
"2.0235849056603774","9.76766773706659E-4","c__TK10","0.49417249417249415","0.4501541623843782","140","3","f__TK10","g__TK10.92","false","d__Bacteria","d__Bacteria |  p__Chloroflexi |  c__TK10 | TK10 |  f__TK10 |  g__TK10.92","119.7","0","140","TK10","0","p__Chloroflexi","0.9955688965122927","false","0","d__Bacteria |  p__Chloroflexi |  c__TK10 | TK10 |  f__TK10 |  g__TK10.92","93068","0.13374301675977654"
"2.1839622641509435","4.798248497395405E-4","c__TK10","0.45788336933045354","0.4957464553794829","110","3","f__TK10","g__TK10.93","false","d__Bacteria","d__Bacteria |  p__Chloroflexi |  c__TK10 | TK10 |  f__TK10 |  g__TK10.93","119.39090909090909","0","110","TK10","0","p__Chloroflexi","0.9948746222331127","false","0","d__Bacteria |  p__Chloroflexi |  c__TK10 | TK10 |  f__TK10 |  g__TK10.93","36500","0.15813365442504515"
"2.0547169811320756","0.0016455480250751069","c__TK10","0.4866850321395776","0.4017615971814445","131","3","f__TK10","g__TK10.98","false","d__Bacteria","d__Bacteria |  p__Chloroflexi |  c__TK10 | TK10 |  f__TK10 |  g__TK10.98","109.18320610687023","0","131","TK10","0","p__Chloroflexi","0.9954341256228049","false","0","d__Bacteria |  p__Chloroflexi |  c__TK10 | TK10 |  f__TK10 |  g__TK10.98","131312","0.12535385316517822"
"2.0754716981132075","0.0013862532625696074",,"0.4818181818181818","0.38282828282828285","100","3",,,"false",,"d__Bacteria |  p__Chloroflexi | 0.983981621 |  |  | ","113.64","0","100",,"0",,"0.9953442783631463","false","0","d__Bacteria |  p__Chloroflexi | 0.983981621 |  |  | ","93442","0.12913636363636363"
"2.276415094339623","3.712867697923154E-4","c__Gemmatimonadetes","0.4392871943638624","0.38146441372247825","63","3","f__Gemmatimonadaceae","g__uncultured.2","false","d__Bacteria","d__Bacteria |  p__Gemmatimonadota |  c__Gemmatimonadetes | Gemmatimonadales |  f__Gemmatimonadaceae |  g__uncultured.2","98.92063492063492","0","63","Gemmatimonadales","0","p__Gemmatimonadota","0.9944743935309973","false","0","d__Bacteria |  p__Gemmatimonadota |  c__Gemmatimonadetes | Gemmatimonadales |  f__Gemmatimonadaceae |  g__uncultured.2","20072","0.1405122655122655"
"2.2358490566037736","5.321733892208602E-4","c__Myxococcia","0.4472573839662447","0.4436036036036036","75","3","f__Myxococcaceae","g__Myxococcus","false","d__Bacteria","d__Bacteria |  p__Myxococcota |  c__Myxococcia | Myxococcales |  f__Myxococcaceae |  g__Myxococcus","108.18666666666667","0","75","Myxococcales","0","p__Myxococcota","0.9946500040839664","false","0","d__Bacteria |  p__Myxococcota |  c__Myxococcia | Myxococcales |  f__Myxococcaceae |  g__Myxococcus","29290","0.14719274376417232"
"2.1066037735849057","0.0012816806875799263","c__Nitrospiria","0.47469771607702643","0.476007326007326","105","3","f__Nitrospiraceae","g__Nitrospira","false","d__Bacteria","d__Bacteria |  p__Nitrospirota |  c__Nitrospiria | Nitrospirales |  f__Nitrospiraceae |  g__Nitrospira","119.35238095238095","0","105","Nitrospirales","0","p__Nitrospirota","0.9952095074736584","false","0","d__Bacteria |  p__Nitrospirota |  c__Nitrospiria | Nitrospirales |  f__Nitrospiraceae |  g__Nitrospira","80050","0.141748670964823"
"2.05188679245283","0.0018482640820836854","c__Alphaproteobacteria","0.48735632183908045","0.3648989898989899","144","3","f__Reyranellaceae","g__Reyranella","false","d__Bacteria","d__Bacteria |  p__Proteobacteria |  c__Alphaproteobacteria | Reyranellales |  f__Reyranellaceae |  g__Reyranella","125.49305555555556","0","144","Reyranellales","0","p__Proteobacteria","0.9954463775218493","false","0","d__Bacteria |  p__Proteobacteria |  c__Alphaproteobacteria | Reyranellales |  f__Reyranellaceae |  g__Reyranella","125828","0.14575267776487288"
"1.991509433962264","0.00197550808688503","c__Alphaproteobacteria","0.502131691141639","0.39037059234841676","142","3","f__KF-JG30-B3","g__KF-JG30-B3","false","d__Bacteria","d__Bacteria |  p__Proteobacteria |  c__Alphaproteobacteria | Rhizobiales |  f__KF-JG30-B3 |  g__KF-JG30-B3","122.45774647887323","0","142","Rhizobiales","0","p__Proteobacteria","0.9957077513681286","false","0","d__Bacteria |  p__Proteobacteria |  c__Alphaproteobacteria | Rhizobiales |  f__KF-JG30-B3 |  g__KF-JG30-B3","164314","0.1321011288876734"
"2.1245283018867926","9.526618078809542E-4","c__Alphaproteobacteria","0.4706927175843694","0.4428655314151497","131","3","f__Methyloligellaceae","g__uncultured","false","d__Bacteria","d__Bacteria |  p__Proteobacteria |  c__Alphaproteobacteria | Rhizobiales |  f__Methyloligellaceae |  g__uncultured","122.49618320610686","0","131","Rhizobiales","0","p__Proteobacteria","0.9951319121130442","false","0","d__Bacteria |  p__Proteobacteria |  c__Alphaproteobacteria | Rhizobiales |  f__Methyloligellaceae |  g__uncultured","70918","0.15369659122472631"
"2.030188679245283","0.0010771280761169805","c__Alphaproteobacteria","0.49256505576208176","0.42374213836477986","160","3","f__Sphingomonadaceae","g__Altererythrobacter.4","false","d__Bacteria","d__Bacteria |  p__Proteobacteria |  c__Alphaproteobacteria | Sphingomonadales |  f__Sphingomonadaceae |  g__Altererythrobacter.4","127.1375","0","160","Sphingomonadales","0","p__Proteobacteria","0.9955403087478559","false","0","d__Bacteria |  p__Proteobacteria |  c__Alphaproteobacteria | Sphingomonadales |  f__Sphingomonadaceae |  g__Altererythrobacter.4","90742","0.1464717741935484"
"2.35","2.8847276192615743E-4","c__Alphaproteobacteria","0.425531914893617","0.32386363636363635","33","3","f__Sphingomonadaceae","g__Sphingomonas.11","false","d__Bacteria","d__Bacteria |  p__Proteobacteria |  c__Alphaproteobacteria | Sphingomonadales |  f__Sphingomonadaceae |  g__Sphingomonas.11","84.72727272727273","0","33","Sphingomonadales","0","p__Proteobacteria","0.9941558441558441","false","0","d__Bacteria |  p__Proteobacteria |  c__Alphaproteobacteria | Sphingomonadales |  f__Sphingomonadaceae |  g__Sphingomonas.11","14498","0.12915742793791574"
"2.2037735849056603","6.53626120087898E-4","c__Gammaproteobacteria","0.4537671232876712","0.3521825396825397","64","3","f__Oxalobacteraceae","g__Massilia.7","false","d__Bacteria","d__Bacteria |  p__Proteobacteria |  c__Gammaproteobacteria | Burkholderiales |  f__Oxalobacteraceae |  g__Massilia.7","99.171875","0","64","Burkholderiales","0","p__Proteobacteria","0.9947888589398023","false","0","d__Bacteria |  p__Proteobacteria |  c__Gammaproteobacteria | Burkholderiales |  f__Oxalobacteraceae |  g__Massilia.7","29722","0.1271434294871795"
"2.0443396226415094","0.0020980808265825585","c__Gammaproteobacteria","0.4891555145362252","0.3979805927091529","124","3","f__SC-I-84","g__SC-I-84.7","false","d__Bacteria","d__Bacteria |  p__Proteobacteria |  c__Gammaproteobacteria | Burkholderiales |  f__SC-I-84 |  g__SC-I-84.7","116.38709677419355","0","124","Burkholderiales","0","p__Proteobacteria","0.9954790492526342","false","0","d__Bacteria |  p__Proteobacteria |  c__Gammaproteobacteria | Burkholderiales |  f__SC-I-84 |  g__SC-I-84.7","134988","0.1309191189810951"
"2.0584905660377357","0.0011599765124253997","c__Gammaproteobacteria","0.4857928505957837","0.4206896551724138","146","3","f__Cellvibrionaceae","g__Cellvibrio","false","d__Bacteria","d__Bacteria |  p__Proteobacteria |  c__Gammaproteobacteria | Cellvibrionales |  f__Cellvibrionaceae |  g__Cellvibrio","118.07534246575342","0","146","Cellvibrionales","0","p__Proteobacteria","0.9954177897574125","false","0","d__Bacteria |  p__Proteobacteria |  c__Gammaproteobacteria | Cellvibrionales |  f__Cellvibrionaceae |  g__Cellvibrio","79312","0.13858608270628336"
"2.1943396226415093","5.312279012299777E-4","c__Gammaproteobacteria","0.45571797076526227","0.4584190420217455","83","3","f__Steroidobacteraceae","g__uncultured.1","false","d__Bacteria","d__Bacteria |  p__Proteobacteria |  c__Gammaproteobacteria | Steroidobacterales |  f__Steroidobacteraceae |  g__uncultured.1","118.89156626506023","0","83","Steroidobacterales","0","p__Proteobacteria","0.9948296986032835","false","0","d__Bacteria |  p__Proteobacteria |  c__Gammaproteobacteria | Steroidobacterales |  f__Steroidobacteraceae |  g__uncultured.1","36830","0.15420436610254246"
"2.0707547169811322","0.0015040621714033","c__Verrucomicrobiae","0.4829157175398633","0.3760152890587673","92","3","f__Chthoniobacteraceae","g__Chthoniobacter.1","false","d__Bacteria","d__Bacteria |  p__Verrucomicrobiota |  c__Verrucomicrobiae | Chthoniobacterales |  f__Chthoniobacteraceae |  g__Chthoniobacter.1","114.66304347826087","0","92","Chthoniobacterales","0","p__Verrucomicrobiota","0.9953646981948869","false","0","d__Bacteria |  p__Verrucomicrobiota |  c__Verrucomicrobiae | Chthoniobacterales |  f__Chthoniobacteraceae |  g__Chthoniobacter.1","84096","0.12840206436535373"
"2.1443396226415095","5.626599057490288E-4","c__Actinobacteria","0.4663440387153541","0.3736681887366819","73","3","f__Nocardioidaceae","g__Nocardioides.6","false","d__Bacteria","d__Bacteria |  p__Actinobacteriota |  c__Actinobacteria | Propionibacteriales |  f__Nocardioidaceae |  g__Nocardioides.6","108.35616438356165","0","73","Propionibacteriales","0","p__Actinobacteriota","0.9950461488197337","false","0","d__Bacteria |  p__Actinobacteriota |  c__Actinobacteria | Propionibacteriales |  f__Nocardioidaceae |  g__Nocardioides.6","35316","0.1299234584934792"
"2.239622641509434","6.465354827965697E-4","c__Actinobacteria","0.4465037910699242","0.4160822814399252","93","3","f__Nocardioidaceae","g__Nocardioides.8","false","d__Bacteria","d__Bacteria |  p__Actinobacteriota |  c__Actinobacteria | Propionibacteriales |  f__Nocardioidaceae |  g__Nocardioides.8","96.6236559139785","0","93","Propionibacteriales","0","p__Actinobacteriota","0.9946336682185738","false","0","d__Bacteria |  p__Actinobacteriota |  c__Actinobacteria | Propionibacteriales |  f__Nocardioidaceae |  g__Nocardioides.8","37750","0.13551704896771177"
"2.112264150943396","8.570636964999307E-4","c__JG30-KF-CM66","0.4734256364448415","0.35244755244755244","66","3","f__JG30-KF-CM66","g__JG30-KF-CM66.7","false","d__Bacteria","d__Bacteria |  p__Chloroflexi |  c__JG30-KF-CM66 | JG30-KF-CM66 |  f__JG30-KF-CM66 |  g__JG30-KF-CM66.7","111.83333333333333","0","66","JG30-KF-CM66","0","p__Chloroflexi","0.9951850036755697","false","0","d__Bacteria |  p__Chloroflexi |  c__JG30-KF-CM66 | JG30-KF-CM66 |  f__JG30-KF-CM66 |  g__JG30-KF-CM66.7","50474","0.12780952380952382"
"2.3169811320754716","3.084449865212755E-4","c__Deinococci","0.43159609120521175","0.4986779481755685","62","3","f__Deinococcaceae","g__Deinococcus.2","false","d__Bacteria","d__Bacteria |  p__Deinococcota |  c__Deinococci | Deinococcales |  f__Deinococcaceae |  g__Deinococcus.2","90.79032258064517","0","62","Deinococcales","0","p__Deinococcota","0.9942987829780282","false","0","d__Bacteria |  p__Deinococcota |  c__Deinococci | Deinococcales |  f__Deinococcaceae |  g__Deinococcus.2","19816","0.1371455023876815"
"2.139622641509434","0.00104388925993187","c__Alphaproteobacteria","0.4673721340388007","0.3310719131614654","67","3","f__Sphingomonadaceae","g__Sphingomonas.56","false","d__Bacteria","d__Bacteria |  p__Proteobacteria |  c__Alphaproteobacteria | Sphingomonadales |  f__Sphingomonadaceae |  g__Sphingomonas.56","78.22388059701493","0","67","Sphingomonadales","0","p__Proteobacteria","0.9950665686514742","false","0","d__Bacteria |  p__Proteobacteria |  c__Alphaproteobacteria | Sphingomonadales |  f__Sphingomonadaceae |  g__Sphingomonas.56","66562","0.09257263975978097"
"2.137735849056604","0.0011823346405002266","c__Acidobacteriae","0.4677846425419241","0.2922077922077922","77","3","f__Bryobacteraceae","g__Bryobacter.7","false","d__Bacteria","d__Bacteria |  p__Acidobacteriota |  c__Acidobacteriae | Bryobacterales |  f__Bryobacteraceae |  g__Bryobacter.7","98.72727272727273","0","77","Bryobacterales","0","p__Acidobacteriota","0.9950747365841706","false","0","d__Bacteria |  p__Acidobacteriota |  c__Acidobacteriae | Bryobacterales |  f__Bryobacteraceae |  g__Bryobacter.7","68918","0.11795373085695667"
"2.2481132075471697","3.9681941777111243E-4","c__Actinobacteria","0.4448174569869912","0.46234234234234234","75","3","f__Nakamurellaceae","g__Nakamurella.1","false","d__Bacteria","d__Bacteria |  p__Actinobacteriota |  c__Actinobacteria | Frankiales |  f__Nakamurellaceae |  g__Nakamurella.1","112.12","0","75","Frankiales","0","p__Actinobacteriota","0.9945969125214409","false","0","d__Bacteria |  p__Actinobacteriota |  c__Actinobacteria | Frankiales |  f__Nakamurellaceae |  g__Nakamurella.1","27054","0.15529085872576176"
"2.1358490566037736","6.000841685081269E-4","c__Actinobacteria","0.46819787985865724","0.33547632963179425","59","3","f__Intrasporangiaceae","g__Oryzihumus","false","d__Bacteria","d__Bacteria |  p__Actinobacteriota |  c__Actinobacteria | Micrococcales |  f__Intrasporangiaceae |  g__Oryzihumus","95.38983050847457","0","59","Micrococcales","0","p__Actinobacteriota","0.9950829045168668","false","0","d__Bacteria |  p__Actinobacteriota |  c__Actinobacteria | Micrococcales |  f__Intrasporangiaceae |  g__Oryzihumus","38456","0.11130668670767162"
"1.9641509433962263","0.002196378746292648","c__Actinobacteria","0.5091258405379443","0.29943667443667443","144","3","f__Intrasporangiaceae","0.99253089","false","d__Bacteria","d__Bacteria |  p__Actinobacteriota |  c__Actinobacteria | Micrococcales |  f__Intrasporangiaceae | 0.99253089","118.42361111111111","0","144","Micrococcales","0","p__Actinobacteriota","0.9958261863922242","false","0","d__Bacteria |  p__Actinobacteriota |  c__Actinobacteria | Micrococcales |  f__Intrasporangiaceae | 0.99253089","144742","0.12413376426741207"
"2.1188679245283017","0.0012963808431473785",,"0.4719501335707926","0.3702970297029703","101","3",,,"false",,"d__Bacteria |  p__Actinobacteriota |  c__Thermoleophilia | Gaiellales | 0.99998623 | ","104.10891089108911","0","101",,"0",,"0.9951564159111329","false","0","d__Bacteria |  p__Actinobacteriota |  c__Thermoleophilia | Gaiellales | 0.99998623 | ","91814","0.12498068534344431"
"2.0641509433962266","0.0017103522962819316","c__Thermoleophilia","0.4844606946983546","0.25949367088607594","80","3","f__67-14","g__67-14.2","false","d__Bacteria","d__Bacteria |  p__Actinobacteriota |  c__Thermoleophilia | Solirubrobacterales |  f__67-14 |  g__67-14.2","100.85","0","80","Solirubrobacterales","0","p__Actinobacteriota","0.9953932859593237","false","0","d__Bacteria |  p__Actinobacteriota |  c__Thermoleophilia | Solirubrobacterales |  f__67-14 |  g__67-14.2","95176","0.1105811403508772"
"2.1452830188679246","8.75504190977221E-4","c__JG30-KF-CM66","0.4661389621811785","0.2654680063458488","62","3","f__JG30-KF-CM66","g__JG30-KF-CM66.3","false","d__Bacteria","d__Bacteria |  p__Chloroflexi |  c__JG30-KF-CM66 | JG30-KF-CM66 |  f__JG30-KF-CM66 |  g__JG30-KF-CM66.3","97.90322580645162","0","62","JG30-KF-CM66","0","p__Chloroflexi","0.9950420648533856","false","0","d__Bacteria |  p__Chloroflexi |  c__JG30-KF-CM66 | JG30-KF-CM66 |  f__JG30-KF-CM66 |  g__JG30-KF-CM66.3","55522","0.11599908270906589"
"2.1433962264150943","7.656572503661366E-4","c__TK10","0.4665492957746479","0.3701863354037267","70","3","f__TK10","g__TK10.40","false","d__Bacteria","d__Bacteria |  p__Chloroflexi |  c__TK10 | TK10 |  f__TK10 |  g__TK10.40","97.48571428571428","0","70","TK10","0","p__Chloroflexi","0.9950502327860818","false","0","d__Bacteria |  p__Chloroflexi |  c__TK10 | TK10 |  f__TK10 |  g__TK10.40","50660","0.11633140129560177"
"2.1490566037735848","0.0014928224462145837","c__TK10","0.4653204565408253","0.3009493670886076","80","3","f__TK10","g__TK10.41","false","d__Bacteria","d__Bacteria |  p__Chloroflexi |  c__TK10 | TK10 |  f__TK10 |  g__TK10.41","94.4125","0","80","TK10","0","p__Chloroflexi","0.9950257289879932","false","0","d__Bacteria |  p__Chloroflexi |  c__TK10 | TK10 |  f__TK10 |  g__TK10.41","86832","0.11485705596107056"
"2.0830188679245283","0.001002112217284859","c__TK10","0.48007246376811596","0.31836407377706494","87","3","f__TK10","g__TK10.44","false","d__Bacteria","d__Bacteria |  p__Chloroflexi |  c__TK10 | TK10 |  f__TK10 |  g__TK10.44","104.85057471264368","0","87","TK10","0","p__Chloroflexi","0.9953116066323614","false","0","d__Bacteria |  p__Chloroflexi |  c__TK10 | TK10 |  f__TK10 |  g__TK10.44","73848","0.11847522566400416"
"2.1235849056603775","0.001065005576411734","c__TK10","0.4709018214127054","0.38424630147940825","123","3","f__TK10","g__TK10.61","false","d__Bacteria","d__Bacteria |  p__Chloroflexi |  c__TK10 | TK10 |  f__TK10 |  g__TK10.61","107.5691056910569","0","123","TK10","0","p__Chloroflexi","0.9951359960793923","false","0","d__Bacteria |  p__Chloroflexi |  c__TK10 | TK10 |  f__TK10 |  g__TK10.61","77288","0.13346042889709295"
"2.109433962264151","6.950665039822036E-4","c__TK10","0.47406082289803214","0.46519185101862265","127","3","f__TK10","g__TK10.72","false","d__Bacteria","d__Bacteria |  p__Chloroflexi |  c__TK10 | TK10 |  f__TK10 |  g__TK10.72","114.39370078740157","0","127","TK10","0","p__Chloroflexi","0.995197255574614","false","0","d__Bacteria |  p__Chloroflexi |  c__TK10 | TK10 |  f__TK10 |  g__TK10.72","61404","0.14001676962962248"
"2.0452830188679245","0.0011753511588335627","c__TK10","0.488929889298893","0.43572070722205575","142","3","f__TK10","g__TK10.99","false","d__Bacteria","d__Bacteria |  p__Chloroflexi |  c__TK10 | TK10 |  f__TK10 |  g__TK10.99","116.11267605633803","0","142","TK10","0","p__Chloroflexi","0.995474965286286","false","0","d__Bacteria |  p__Chloroflexi |  c__TK10 | TK10 |  f__TK10 |  g__TK10.99","97100","0.13346284604176784"
"2.081132075471698","0.0012962048661327784","c__Alphaproteobacteria","0.4805077062556664","0.3778620783091722","122","3","f__Acetobacteraceae","0.999997839","false","d__Bacteria","d__Bacteria |  p__Proteobacteria |  c__Alphaproteobacteria | Acetobacterales |  f__Acetobacteraceae | 0.999997839","103.34426229508196","0","122","Acetobacterales","0","p__Proteobacteria","0.9953197745650576","false","0","d__Bacteria |  p__Proteobacteria |  c__Alphaproteobacteria | Acetobacterales |  f__Acetobacteraceae | 0.999997839","80058","0.12129608250596476"
"2.2867924528301886","3.795161030096085E-4","c__Alphaproteobacteria","0.4372937293729373","0.4592846270928463","73","3","f__Xanthobacteraceae","g__uncultured.8","false","d__Bacteria","d__Bacteria |  p__Proteobacteria |  c__Alphaproteobacteria | Rhizobiales |  f__Xanthobacteraceae |  g__uncultured.8","102.56164383561644","0","73","Rhizobiales","0","p__Proteobacteria","0.994429469901168","false","0","d__Bacteria |  p__Proteobacteria |  c__Alphaproteobacteria | Rhizobiales |  f__Xanthobacteraceae |  g__uncultured.8","28752","0.15016346095990693"
"2.220754716981132","7.140269307098107E-4","c__Gammaproteobacteria","0.45029736618521665","0.36804360298336203","84","3","f__Oxalobacteraceae","g__Massilia.3","false","d__Bacteria","d__Bacteria |  p__Proteobacteria |  c__Gammaproteobacteria | Burkholderiales |  f__Oxalobacteraceae |  g__Massilia.3","95.4047619047619","0","84","Burkholderiales","0","p__Proteobacteria","0.9947153475455363","false","0","d__Bacteria |  p__Proteobacteria |  c__Gammaproteobacteria | Burkholderiales |  f__Oxalobacteraceae |  g__Massilia.3","41254","0.12857784623283275"
"2.079245283018868","8.96290319276165E-4","c__Gammaproteobacteria","0.48094373865698725","0.454984126984127","126","3","f__SC-I-84","g__SC-I-84.10","false","d__Bacteria","d__Bacteria |  p__Proteobacteria |  c__Gammaproteobacteria | Burkholderiales |  f__SC-I-84 |  g__SC-I-84.10","119.55555555555556","0","126","Burkholderiales","0","p__Proteobacteria","0.9953279424977538","false","0","d__Bacteria |  p__Proteobacteria |  c__Gammaproteobacteria | Burkholderiales |  f__SC-I-84 |  g__SC-I-84.10","70084","0.14065359477124184"
"2.1556603773584904","0.0012329491887747338","c__Holophagae","0.46389496717724293","0.32358003442340794","84","3","f__Subgroup_7","g__Subgroup_7.17","false","d__Bacteria","d__Bacteria |  p__Acidobacteriota |  c__Holophagae | Subgroup_7 |  f__Subgroup_7 |  g__Subgroup_7.17","97.92857142857143","0","84","Subgroup_7","0","p__Acidobacteriota","0.9949971412235563","false","0","d__Bacteria |  p__Acidobacteriota |  c__Holophagae | Subgroup_7 |  f__Subgroup_7 |  g__Subgroup_7.17","72788","0.12088477366255145"
"2.0924528301886793","0.0018272851996677555","c__Thermoanaerobaculia","0.4779080252479711","0.2554204124801692","62","3","f__Thermoanaerobaculaceae","g__Subgroup_10","false","d__Bacteria","d__Bacteria |  p__Acidobacteriota |  c__Thermoanaerobaculia | Thermoanaerobaculales |  f__Thermoanaerobaculaceae |  g__Subgroup_10","91.0","0","62","Thermoanaerobaculales","0","p__Acidobacteriota","0.9952707669688802","false","0","d__Bacteria |  p__Acidobacteriota |  c__Thermoanaerobaculia | Thermoanaerobaculales |  f__Thermoanaerobaculaceae |  g__Subgroup_10","93726","0.10111111111111111"
"1.9971698113207548","0.0018764879278294674","c__TK10","0.5007085498346717","0.3520865973508047","119","3","f__TK10","g__TK10.83","false","d__Bacteria","d__Bacteria |  p__Chloroflexi |  c__TK10 | TK10 |  f__TK10 |  g__TK10.83","119.3109243697479","0","119","TK10","0","p__Chloroflexi","0.99568324757004","false","0","d__Bacteria |  p__Chloroflexi |  c__TK10 | TK10 |  f__TK10 |  g__TK10.83","127816","0.1263886910696482"
"2.1547169811320757","6.574997499379645E-4","c__Polyangia","0.46409807355516636","0.3619699042407661","86","3","f__Phaselicystidaceae","g__Phaselicystis","false","d__Bacteria","d__Bacteria |  p__Myxococcota |  c__Polyangia | Polyangiales |  f__Phaselicystidaceae |  g__Phaselicystis","112.8953488372093","0","86","Polyangiales","0","p__Myxococcota","0.9950012251899044","false","0","d__Bacteria |  p__Myxococcota |  c__Polyangia | Polyangiales |  f__Phaselicystidaceae |  g__Phaselicystis","39534","0.13937697387309791"
"2.139622641509434","6.048335388382976E-4","c__Nitrospiria","0.4673721340388007","0.40836839644693784","93","3","f__Nitrospiraceae","g__Nitrospira.2","false","d__Bacteria","d__Bacteria |  p__Nitrospirota |  c__Nitrospiria | Nitrospirales |  f__Nitrospiraceae |  g__Nitrospira.2","118.53763440860214","0","93","Nitrospirales","0","p__Nitrospirota","0.9950665686514742","false","0","d__Bacteria |  p__Nitrospirota |  c__Nitrospiria | Nitrospirales |  f__Nitrospiraceae |  g__Nitrospira.2","44510","0.14473459634749958"
"2.199056603773585","0.0010061033372150974","c__Alphaproteobacteria","0.4547404547404547","0.2936936936936937","75","3","f__Xanthobacteraceae","g__Rhodoplanes.6","false","d__Bacteria","d__Bacteria |  p__Proteobacteria |  c__Alphaproteobacteria | Rhizobiales |  f__Xanthobacteraceae |  g__Rhodoplanes.6","81.25333333333333","0","75","Rhizobiales","0","p__Proteobacteria","0.9948092787715429","false","0","d__Bacteria |  p__Proteobacteria |  c__Alphaproteobacteria | Rhizobiales |  f__Xanthobacteraceae |  g__Rhodoplanes.6","51066","0.10497846683893196"
"1.9877358490566037","0.002858979056294614","c__Gammaproteobacteria","0.5030849549121974","0.3126878488621726","137","3","f__Comamonadaceae","0.999866142","false","d__Bacteria","d__Bacteria |  p__Proteobacteria |  c__Gammaproteobacteria | Burkholderiales |  f__Comamonadaceae | 0.999866142","124.22627737226277","0","137","Burkholderiales","0","p__Proteobacteria","0.9957240872335212","false","0","d__Bacteria |  p__Proteobacteria |  c__Gammaproteobacteria | Burkholderiales |  f__Comamonadaceae | 0.999866142","183166","0.13272038180797305"
"2.1264150943396225","8.168751598630813E-4","c__Verrucomicrobiae","0.4702750665483585","0.3900990099009901","101","3","f__Chthoniobacteraceae","g__Chthoniobacter","false","d__Bacteria","d__Bacteria |  p__Verrucomicrobiota |  c__Verrucomicrobiae | Chthoniobacterales |  f__Chthoniobacteraceae |  g__Chthoniobacter","119.13861386138613","0","101","Chthoniobacterales","0","p__Verrucomicrobiota","0.995123744180348","false","0","d__Bacteria |  p__Verrucomicrobiota |  c__Verrucomicrobiae | Chthoniobacterales |  f__Chthoniobacteraceae |  g__Chthoniobacter","53084","0.14441044104410442"
"2.05","7.917065872989374E-4","c__MB-A2-108","0.48780487804878053","0.45919384703033755","119","3","f__MB-A2-108","g__MB-A2-108.2","false","d__Bacteria","d__Bacteria |  p__Actinobacteriota |  c__MB-A2-108 | MB-A2-108 |  f__MB-A2-108 |  g__MB-A2-108.2","117.98319327731092","0","119","MB-A2-108","0","p__Actinobacteriota","0.9954545454545454","false","0","d__Bacteria |  p__Actinobacteriota |  c__MB-A2-108 | MB-A2-108 |  f__MB-A2-108 |  g__MB-A2-108.2","63908","0.13286395639336815"
"2.121698113207547","9.57651002666485E-4","c__Thermoleophilia","0.4713205869275233","0.4134320735444331","89","3","f__Gaiellaceae","g__Gaiella.4","false","d__Bacteria","d__Bacteria |  p__Actinobacteriota |  c__Thermoleophilia | Gaiellales |  f__Gaiellaceae |  g__Gaiella.4","114.53932584269663","0","89","Gaiellales","0","p__Actinobacteriota","0.9951441640120886","false","0","d__Bacteria |  p__Actinobacteriota |  c__Thermoleophilia | Gaiellales |  f__Gaiellaceae |  g__Gaiella.4","64346","0.1360324534948891"
"2.116981132075472","5.390423416769782E-4","c__Thermoleophilia","0.47237076648841353","0.444698703279939","115","3","f__67-14","g__67-14.7","false","d__Bacteria","d__Bacteria |  p__Actinobacteriota |  c__Thermoleophilia | Solirubrobacterales |  f__67-14 |  g__67-14.7","132.55652173913043","0","115","Solirubrobacterales","0","p__Actinobacteriota","0.9951645838438291","false","0","d__Bacteria |  p__Actinobacteriota |  c__Thermoleophilia | Solirubrobacterales |  f__67-14 |  g__67-14.7","45538","0.16145739554096278"
"2.0660377358490565","9.918457172804795E-4","c__Chloroflexia","0.4840182648401827","0.3743430482560917","92","3","f__Roseiflexaceae","g__uncultured.4","false","d__Bacteria","d__Bacteria |  p__Chloroflexi |  c__Chloroflexia | Chloroflexales |  f__Roseiflexaceae |  g__uncultured.4","110.21739130434783","0","92","Chloroflexales","0","p__Chloroflexi","0.9953851180266274","false","0","d__Bacteria |  p__Chloroflexi |  c__Chloroflexia | Chloroflexales |  f__Roseiflexaceae |  g__uncultured.4","67470","0.12273651592911784"
"2.270754716981132","1.6156089835048807E-4","c__Dehalococcoidia","0.4403822185292896","0.5677626303127506","87","3","f__S085","g__S085","false","d__Bacteria","d__Bacteria |  p__Chloroflexi |  c__Dehalococcoidia | S085 |  f__S085 |  g__S085","122.97701149425288","0","87","S085","0","p__Chloroflexi","0.9944988973290859","false","0","d__Bacteria |  p__Chloroflexi |  c__Dehalococcoidia | S085 |  f__S085 |  g__S085","13096","0.17926678060386717"
"2.141509433962264","5.223407955345893E-4","c__JG30-KF-CM66","0.4669603524229075","0.433300876338851","79","3","f__JG30-KF-CM66","g__JG30-KF-CM66.6","false","d__Bacteria","d__Bacteria |  p__Chloroflexi |  c__JG30-KF-CM66 | JG30-KF-CM66 |  f__JG30-KF-CM66 |  g__JG30-KF-CM66.6","111.24050632911393","0","79","JG30-KF-CM66","0","p__Chloroflexi","0.9950584007187782","false","0","d__Bacteria |  p__Chloroflexi |  c__JG30-KF-CM66 | JG30-KF-CM66 |  f__JG30-KF-CM66 |  g__JG30-KF-CM66.6","36340","0.133863425185456"
"2.2820754716981133","3.4580651787404805E-4","c__JG30-KF-CM66","0.4381976023150062","0.505464480874317","61","3","f__JG30-KF-CM66","g__JG30-KF-CM66.8","false","d__Bacteria","d__Bacteria |  p__Chloroflexi |  c__JG30-KF-CM66 | JG30-KF-CM66 |  f__JG30-KF-CM66 |  g__JG30-KF-CM66.8","105.8688524590164","0","61","JG30-KF-CM66","0","p__Chloroflexi","0.9944498897329086","false","0","d__Bacteria |  p__Chloroflexi |  c__JG30-KF-CM66 | JG30-KF-CM66 |  f__JG30-KF-CM66 |  g__JG30-KF-CM66.8","20070","0.15124121779859484"
"1.9405660377358491","0.002203145932770061","c__TK10","0.5153135634419057","0.37220316838151235","157","3","f__TK10","g__TK10.108","false","d__Bacteria","d__Bacteria |  p__Chloroflexi |  c__TK10 | TK10 |  f__TK10 |  g__TK10.108","118.08917197452229","0","157","TK10","0","p__Chloroflexi","0.995928285550927","false","0","d__Bacteria |  p__Chloroflexi |  c__TK10 | TK10 |  f__TK10 |  g__TK10.108","164486","0.12224551964236262"
"2.086792452830189","9.341030549408523E-4","c__TK10","0.4792043399638336","0.4066803699897225","140","3","f__TK10","g__TK10.115","false","d__Bacteria","d__Bacteria |  p__Chloroflexi |  c__TK10 | TK10 |  f__TK10 |  g__TK10.115","127.99285714285715","0","140","TK10","0","p__Chloroflexi","0.9952952707669689","false","0","d__Bacteria |  p__Chloroflexi |  c__TK10 | TK10 |  f__TK10 |  g__TK10.115","66852","0.1545807453416149"
"2.05188679245283","8.929102163781535E-4","c__TK10","0.48735632183908045","0.4817060637204522","140","3","f__TK10","g__TK10.39","false","d__Bacteria","d__Bacteria |  p__Chloroflexi |  c__TK10 | TK10 |  f__TK10 |  g__TK10.39","125.88571428571429","0","140","TK10","0","p__Chloroflexi","0.9954463775218493","false","0","d__Bacteria |  p__Chloroflexi |  c__TK10 | TK10 |  f__TK10 |  g__TK10.39","78694","0.14553261767134598"
"2.091509433962264","9.018628526733301E-4","c__TK10","0.47812359043752817","0.4225895316804408","121","3","f__TK10","g__TK10.46","false","d__Bacteria","d__Bacteria |  p__Chloroflexi |  c__TK10 | TK10 |  f__TK10 |  g__TK10.46","121.31404958677686","0","121","TK10","0","p__Chloroflexi","0.9952748509352283","false","0","d__Bacteria |  p__Chloroflexi |  c__TK10 | TK10 |  f__TK10 |  g__TK10.46","71442","0.14407844368975875"
"2.112264150943396","6.562388302865341E-4","c__TK10","0.4734256364448415","0.46006749156355453","127","3","f__TK10","g__TK10.68","false","d__Bacteria","d__Bacteria |  p__Chloroflexi |  c__TK10 | TK10 |  f__TK10 |  g__TK10.68","120.44094488188976","0","127","TK10","0","p__Chloroflexi","0.9951850036755697","false","0","d__Bacteria |  p__Chloroflexi |  c__TK10 | TK10 |  f__TK10 |  g__TK10.68","51232","0.14796184874925034"
"2.0141509433962264","0.0015924794007293928","c__TK10","0.4964871194379391","0.4018656006091757","103","3","f__TK10","g__TK10.81","false","d__Bacteria","d__Bacteria |  p__Chloroflexi |  c__TK10 | TK10 |  f__TK10 |  g__TK10.81","117.41747572815534","0","103","TK10","0","p__Chloroflexi","0.9956097361757739","false","0","d__Bacteria |  p__Chloroflexi |  c__TK10 | TK10 |  f__TK10 |  g__TK10.81","113866","0.1246470018345598"
"2.211320754716981","4.020384346613892E-4",,"0.4522184300341297","0.47119547119547117","78","3",,,"false",,"d__Bacteria |  p__Chloroflexi | 0.959803286 |  |  | ","104.7948717948718","0","78",,"0",,"0.9947561872090174","false","0","d__Bacteria |  p__Chloroflexi | 0.959803286 |  |  | ","26232","0.13825180975576754"
"2.3037735849056604","2.734124541623475E-4",,"0.43407043407043405","0.5431235431235432","78","3",,,"false",,"d__Bacteria |  p__Chloroflexi | 0.967907906 |  |  | ","109.84615384615384","0","78",,"0",,"0.994355958506902","false","0","d__Bacteria |  p__Chloroflexi | 0.967907906 |  |  | ","17632","0.16643356643356644"
"2.110377358490566","5.901241376031046E-4",,"0.4738489047831918","0.4758480034349506","137","3",,,"false",,"d__Bacteria |  p__Chloroflexi | 0.973341648 |  |  | ","128.62773722627736","0","137",,"0",,"0.995193171608266","false","0","d__Bacteria |  p__Chloroflexi | 0.973341648 |  |  | ","52534","0.15958776330803645"
"2.1528301886792454","4.441984603758851E-4",,"0.4645048203330412","0.47628937348563516","108","3",,,"false",,"d__Bacteria |  p__Chloroflexi | 0.97350819 |  |  | ","132.21296296296296","0","108",,"0",,"0.9950093931226006","false","0","d__Bacteria |  p__Chloroflexi | 0.97350819 |  |  | ","36036","0.1673581809657759"
"2.0","0.0022876528708177008","c__Polyangia","0.5","0.35817986288479636","173","3","f__Haliangiaceae","g__Haliangium.1","false","d__Bacteria","d__Bacteria |  p__Myxococcota |  c__Polyangia | Haliangiales |  f__Haliangiaceae |  g__Haliangium.1","120.15606936416185","0","173","Haliangiales","0","p__Myxococcota","0.9956709956709957","false","0","d__Bacteria |  p__Myxococcota |  c__Polyangia | Haliangiales |  f__Haliangiaceae |  g__Haliangium.1","143610","0.13546343784009227"
"1.9726415094339622","0.002171353827096461","c__Phycisphaerae","0.506934481109517","0.3913894324853229","147","3","f__Phycisphaeraceae","g__SM1A02.10","false","d__Bacteria","d__Bacteria |  p__Planctomycetota |  c__Phycisphaerae | Phycisphaerales |  f__Phycisphaeraceae |  g__SM1A02.10","127.14285714285714","0","147","Phycisphaerales","0","p__Planctomycetota","0.9957894306950911","false","0","d__Bacteria |  p__Planctomycetota |  c__Phycisphaerae | Phycisphaerales |  f__Phycisphaeraceae |  g__SM1A02.10","173422","0.13497118592659993"
"2.2471698113207546","7.226077414004143E-4","c__Alphaproteobacteria","0.4450041981528128","0.5278688524590164","61","3","f__Beijerinckiaceae","g__Bosea.2","false","d__Bacteria","d__Bacteria |  p__Proteobacteria |  c__Alphaproteobacteria | Rhizobiales |  f__Beijerinckiaceae |  g__Bosea.2","110.95081967213115","0","61","Rhizobiales","0","p__Proteobacteria","0.9946009964877889","false","0","d__Bacteria |  p__Proteobacteria |  c__Alphaproteobacteria | Rhizobiales |  f__Beijerinckiaceae |  g__Bosea.2","35378","0.1505438530151033"
"2.0754716981132075","0.001201259735847933","c__Alphaproteobacteria","0.4818181818181818","0.3832826747720365","141","3","f__Xanthobacteraceae","g__uncultured.2","false","d__Bacteria","d__Bacteria |  p__Proteobacteria |  c__Alphaproteobacteria | Rhizobiales |  f__Xanthobacteraceae |  g__uncultured.2","127.87234042553192","0","141","Rhizobiales","0","p__Proteobacteria","0.9953442783631463","false","0","d__Bacteria |  p__Proteobacteria |  c__Alphaproteobacteria | Rhizobiales |  f__Xanthobacteraceae |  g__uncultured.2","88254","0.15241041767047905"
"2.0943396226415096","8.727136601398304E-4","c__Alphaproteobacteria","0.47747747747747743","0.43564663872069553","114","3","f__Xanthobacteraceae","g__uncultured.3","false","d__Bacteria","d__Bacteria |  p__Proteobacteria |  c__Alphaproteobacteria | Rhizobiales |  f__Xanthobacteraceae |  g__uncultured.3","126.62280701754386","0","114","Rhizobiales","0","p__Proteobacteria","0.995262599036184","false","0","d__Bacteria |  p__Proteobacteria |  c__Alphaproteobacteria | Rhizobiales |  f__Xanthobacteraceae |  g__uncultured.3","61640","0.149672348720501"
"2.25","5.11235855858795E-4","c__Alphaproteobacteria","0.4444444444444444","0.4245901639344262","61","3","f__Sphingomonadaceae","g__Sphingomonas.14","false","d__Bacteria","d__Bacteria |  p__Proteobacteria |  c__Alphaproteobacteria | Sphingomonadales |  f__Sphingomonadaceae |  g__Sphingomonas.14","97.49180327868852","0","61","Sphingomonadales","0","p__Proteobacteria","0.9945887445887446","false","0","d__Bacteria |  p__Proteobacteria |  c__Alphaproteobacteria | Sphingomonadales |  f__Sphingomonadaceae |  g__Sphingomonas.14","24260","0.1328226202706928"
"2.167924528301887","3.794118204889811E-4","c__Alphaproteobacteria","0.46127067014795475","0.48380355276907","88","3","f__Sphingomonadaceae","g__Sphingomonas.38","false","d__Bacteria","d__Bacteria |  p__Proteobacteria |  c__Alphaproteobacteria | Sphingomonadales |  f__Sphingomonadaceae |  g__Sphingomonas.38","116.39772727272727","0","88","Sphingomonadales","0","p__Proteobacteria","0.9949440496610308","false","0","d__Bacteria |  p__Proteobacteria |  c__Alphaproteobacteria | Sphingomonadales |  f__Sphingomonadaceae |  g__Sphingomonas.38","28622","0.14659663384474467"
"2.1481132075471696","5.412820037162427E-4","c__Gammaproteobacteria","0.46552481335090035","0.47272374296253156","102","3","f__B1-7BS","g__B1-7BS","false","d__Bacteria","d__Bacteria |  p__Proteobacteria |  c__Gammaproteobacteria | Burkholderiales |  f__B1-7BS |  g__B1-7BS","113.61764705882354","0","102","Burkholderiales","0","p__Proteobacteria","0.9950298129543412","false","0","d__Bacteria |  p__Proteobacteria |  c__Gammaproteobacteria | Burkholderiales |  f__B1-7BS |  g__B1-7BS","39802","0.14184475288242637"
"2.013207547169811","0.0015837339489631708","c__Gammaproteobacteria","0.4967197750702906","0.40200412614205716","117","3","f__Nitrosomonadaceae","g__Ellin6067.4","false","d__Bacteria","d__Bacteria |  p__Proteobacteria |  c__Gammaproteobacteria | Burkholderiales |  f__Nitrosomonadaceae |  g__Ellin6067.4","120.91452991452991","0","117","Burkholderiales","0","p__Proteobacteria","0.9956138201421221","false","0","d__Bacteria |  p__Proteobacteria |  c__Gammaproteobacteria | Burkholderiales |  f__Nitrosomonadaceae |  g__Ellin6067.4","100220","0.13015557579604942"
"2.0037735849056606","0.0014131155819102274",,"0.49905838041431255","0.40031369815266643","152","3",,,"false",,"d__Bacteria |  p__Proteobacteria |  c__Gammaproteobacteria | Burkholderiales | 0.999315863 | ","122.66447368421052","0","152",,"0",,"0.9956546598056032","false","0","d__Bacteria |  p__Proteobacteria |  c__Gammaproteobacteria | Burkholderiales | 0.999315863 | ","121028","0.1356907894736842"
"2.082075471698113","9.860106330204887E-4","c__Chloroflexia","0.4802899864068872","0.4432541530818196","114","3","f__Roseiflexaceae","g__uncultured.14","false","d__Bacteria","d__Bacteria |  p__Chloroflexi |  c__Chloroflexia | Chloroflexales |  f__Roseiflexaceae |  g__uncultured.14","118.92105263157895","0","114","Chloroflexales","0","p__Chloroflexi","0.9953156905987094","false","0","d__Bacteria |  p__Chloroflexi |  c__Chloroflexia | Chloroflexales |  f__Roseiflexaceae |  g__uncultured.14","72798","0.13844127198088352"
"2.029245283018868","9.845852301732765E-4","c__TK10","0.49279404927940496","0.45446623093681915","136","3","f__TK10","g__TK10.102","false","d__Bacteria","d__Bacteria |  p__Chloroflexi |  c__TK10 | TK10 |  f__TK10 |  g__TK10.102","118.93382352941177","0","136","TK10","0","p__Chloroflexi","0.995544392714204","false","0","d__Bacteria |  p__Chloroflexi |  c__TK10 | TK10 |  f__TK10 |  g__TK10.102","88924","0.13318457282128976"
"2.0358490566037735","0.0023499673598619203","c__TK10","0.49119555143651533","0.35308360632388547","119","3","f__TK10","g__TK10.19","false","d__Bacteria","d__Bacteria |  p__Chloroflexi |  c__TK10 | TK10 |  f__TK10 |  g__TK10.19","104.1344537815126","0","119","TK10","0","p__Chloroflexi","0.9955158049497672","false","0","d__Bacteria |  p__Chloroflexi |  c__TK10 | TK10 |  f__TK10 |  g__TK10.19","173938","0.11532054682338051"
"2.2","2.34871630951522E-4","c__Polyangia","0.45454545454545453","0.4728778467908903","70","4","f__Sandaracinaceae","g__uncultured.3","false","d__Bacteria","d__Bacteria |  p__Myxococcota |  c__Polyangia | Polyangiales |  f__Sandaracinaceae |  g__uncultured.3","136.32857142857142","0","70","Polyangiales","0","p__Myxococcota","0.9948051948051948","false","0","d__Bacteria |  p__Myxococcota |  c__Polyangia | Polyangiales |  f__Sandaracinaceae |  g__uncultured.3","20072","0.1750045846323125"
"2.1150943396226416","8.826034233096053E-4","c__Alphaproteobacteria","0.4727921498661909","0.44466600199401796","119","3","f__Xanthobacteraceae","g__Bradyrhizobium.3","false","d__Bacteria","d__Bacteria |  p__Proteobacteria |  c__Alphaproteobacteria | Rhizobiales |  f__Xanthobacteraceae |  g__Bradyrhizobium.3","131.52100840336135","0","119","Rhizobiales","0","p__Proteobacteria","0.9951727517765254","false","0","d__Bacteria |  p__Proteobacteria |  c__Alphaproteobacteria | Rhizobiales |  f__Xanthobacteraceae |  g__Bradyrhizobium.3","60898","0.16058731184781605"
"2.1481132075471696","5.633323965075367E-4","c__Gammaproteobacteria","0.46552481335090035","0.45161290322580644","93","3","f__A21b","g__A21b.1","false","d__Bacteria","d__Bacteria |  p__Proteobacteria |  c__Gammaproteobacteria | Burkholderiales |  f__A21b |  g__A21b.1","122.46236559139786","0","93","Burkholderiales","0","p__Proteobacteria","0.9950298129543412","false","0","d__Bacteria |  p__Proteobacteria |  c__Gammaproteobacteria | Burkholderiales |  f__A21b |  g__A21b.1","43102","0.15118810566839241"
"2.0028301886792454","0.0020559671614276305","c__Gammaproteobacteria","0.49929345266132824","0.3936472819216182","113","3","f__Nitrosomonadaceae","g__MND1.6","false","d__Bacteria","d__Bacteria |  p__Proteobacteria |  c__Gammaproteobacteria | Burkholderiales |  f__Nitrosomonadaceae |  g__MND1.6","118.36283185840708","0","113","Burkholderiales","0","p__Proteobacteria","0.9956587437719513","false","0","d__Bacteria |  p__Proteobacteria |  c__Gammaproteobacteria | Burkholderiales |  f__Nitrosomonadaceae |  g__MND1.6","123272","0.12538435578221088"
"2.262264150943396","3.4892852204385896E-4","c__Acidimicrobiia","0.4420350291909925","0.3749019607843137","51","3","f__Ilumatobacteraceae","g__Ilumatobacter.5","false","d__Bacteria","d__Bacteria |  p__Actinobacteriota |  c__Acidimicrobiia | Microtrichales |  f__Ilumatobacteraceae |  g__Ilumatobacter.5","117.19607843137256","0","51","Microtrichales","0","p__Actinobacteriota","0.994535653026219","false","0","d__Bacteria |  p__Actinobacteriota |  c__Acidimicrobiia | Microtrichales |  f__Ilumatobacteraceae |  g__Ilumatobacter.5","20402","0.16032295271049596"
"2.1537735849056605","6.831353263591863E-4","c__Actinobacteria","0.46430135786246163","0.3449122807017544","76","3","f__Micrococcaceae","g__Arthrobacter","false","d__Bacteria","d__Bacteria |  p__Actinobacteriota |  c__Actinobacteria | Micrococcales |  f__Micrococcaceae |  g__Arthrobacter","114.84210526315789","0","76","Micrococcales","0","p__Actinobacteriota","0.9950053091562526","false","0","d__Bacteria |  p__Actinobacteriota |  c__Actinobacteria | Micrococcales |  f__Micrococcaceae |  g__Arthrobacter","42658","0.13988076158728124"
"2.2424528301886792","3.517652885372579E-4","c__Actinobacteria","0.44594026083298277","0.46236559139784944","63","3","f__Micromonosporaceae","0.99963784","false","d__Bacteria","d__Bacteria |  p__Actinobacteriota |  c__Actinobacteria | Micromonosporales |  f__Micromonosporaceae | 0.99963784","114.4920634920635","0","63","Micromonosporales","0","p__Actinobacteriota","0.9946214163195295","false","0","d__Bacteria |  p__Actinobacteriota |  c__Actinobacteria | Micromonosporales |  f__Micromonosporaceae | 0.99963784","23140","0.1547190047190047"
"2.1358490566037736","7.549616478680016E-4","c__Actinobacteria","0.46819787985865724","0.45311871227364187","71","3","f__Nocardioidaceae","g__Aeromicrobium","false","d__Bacteria","d__Bacteria |  p__Actinobacteriota |  c__Actinobacteria | Propionibacteriales |  f__Nocardioidaceae |  g__Aeromicrobium","110.29577464788733","0","71","Propionibacteriales","0","p__Actinobacteriota","0.9950829045168668","false","0","d__Bacteria |  p__Actinobacteriota |  c__Actinobacteria | Propionibacteriales |  f__Nocardioidaceae |  g__Aeromicrobium","44720","0.13052754396199684"
"2.1443396226415095","8.94700424963649E-4","c__Actinobacteria","0.4663440387153541","0.382705659583421","98","3","f__Nocardioidaceae","g__Nocardioides.24","false","d__Bacteria","d__Bacteria |  p__Actinobacteriota |  c__Actinobacteria | Propionibacteriales |  f__Nocardioidaceae |  g__Nocardioides.24","118.90816326530613","0","98","Propionibacteriales","0","p__Actinobacteriota","0.9950461488197337","false","0","d__Bacteria |  p__Actinobacteriota |  c__Actinobacteria | Propionibacteriales |  f__Nocardioidaceae |  g__Nocardioides.24","62190","0.14698166040210892"
"2.1613207547169813","4.4134448568867936E-4","c__Bacteroidia","0.46268005237887383","0.4903897019925939","107","3","f__Saprospiraceae","g__uncultured.1","false","d__Bacteria","d__Bacteria |  p__Bacteroidota |  c__Bacteroidia | Chitinophagales |  f__Saprospiraceae |  g__uncultured.1","129.14018691588785","0","107","Chitinophagales","0","p__Bacteroidota","0.9949726374254677","false","0","d__Bacteria |  p__Bacteroidota |  c__Bacteroidia | Chitinophagales |  f__Saprospiraceae |  g__uncultured.1","33264","0.1651409039845113"
"2.0575471698113206","9.43106446492651E-4","c__Chloroflexia","0.4860155891792756","0.4241084585912172","117","3","f__Roseiflexaceae","g__uncultured.10","false","d__Bacteria","d__Bacteria |  p__Chloroflexi |  c__Chloroflexia | Chloroflexales |  f__Roseiflexaceae |  g__uncultured.10","119.94871794871794","0","117","Chloroflexales","0","p__Chloroflexi","0.9954218737237605","false","0","d__Bacteria |  p__Chloroflexi |  c__Chloroflexia | Chloroflexales |  f__Roseiflexaceae |  g__uncultured.10","73016","0.13599627885342172"
"2.1537735849056605","0.0014953847887140147","c__Alphaproteobacteria","0.46430135786246163","0.3986013986013986","66","3","f__Hyphomonadaceae","g__Hirschia","false","d__Bacteria","d__Bacteria |  p__Proteobacteria |  c__Alphaproteobacteria | Caulobacterales |  f__Hyphomonadaceae |  g__Hirschia","95.46969696969697","0","66","Caulobacterales","0","p__Proteobacteria","0.9950053091562526","false","0","d__Bacteria |  p__Proteobacteria |  c__Alphaproteobacteria | Caulobacterales |  f__Hyphomonadaceae |  g__Hirschia","65044","0.11488531524632607"
"2.271698113207547","5.121068804490682E-4","c__Alphaproteobacteria","0.44019933554817275","0.2536997885835095","44","3","f__Devosiaceae","g__uncultured","false","d__Bacteria","d__Bacteria |  p__Proteobacteria |  c__Alphaproteobacteria | Rhizobiales |  f__Devosiaceae |  g__uncultured","87.63636363636364","0","44","Rhizobiales","0","p__Proteobacteria","0.9944948133627379","false","0","d__Bacteria |  p__Proteobacteria |  c__Alphaproteobacteria | Rhizobiales |  f__Devosiaceae |  g__uncultured","24466","0.12037962037962038"
"2.2462264150943394","2.2683000108093398E-4","c__Alphaproteobacteria","0.4451910961780765","0.4835680751173709","72","3","f__Hyphomicrobiaceae","g__Pedomicrobium","false","d__Bacteria","d__Bacteria |  p__Proteobacteria |  c__Alphaproteobacteria | Rhizobiales |  f__Hyphomicrobiaceae |  g__Pedomicrobium","121.5","0","72","Rhizobiales","0","p__Proteobacteria","0.9946050804541371","false","0","d__Bacteria |  p__Proteobacteria |  c__Alphaproteobacteria | Rhizobiales |  f__Hyphomicrobiaceae |  g__Pedomicrobium","16508","0.1671251719394773"
"2.008490566037736","0.0019305206177148437","c__Gammaproteobacteria","0.497886331611085","0.36380090497737555","170","3","f__Nitrosomonadaceae","g__IS-44","false","d__Bacteria","d__Bacteria |  p__Proteobacteria |  c__Gammaproteobacteria | Burkholderiales |  f__Nitrosomonadaceae |  g__IS-44","123.51176470588236","0","170","Burkholderiales","0","p__Proteobacteria","0.9956342399738627","false","0","d__Bacteria |  p__Proteobacteria |  c__Gammaproteobacteria | Burkholderiales |  f__Nitrosomonadaceae |  g__IS-44","127136","0.14019496561394137"
"1.9688679245283018","0.002558515342769945","c__Gammaproteobacteria","0.5079060852898898","0.36130256717610626","142","3","f__PLTA13","g__PLTA13.1","false","d__Bacteria","d__Bacteria |  p__Proteobacteria |  c__Gammaproteobacteria | PLTA13 |  f__PLTA13 |  g__PLTA13.1","121.46478873239437","0","142","PLTA13","0","p__Proteobacteria","0.9958057665604836","false","0","d__Bacteria |  p__Proteobacteria |  c__Gammaproteobacteria | PLTA13 |  f__PLTA13 |  g__PLTA13.1","163886","0.1277232268479436"
"2.147169811320755","6.917295857963848E-4","c__TK10","0.4657293497363796","0.3768987341772152","80","3","f__TK10","g__TK10.20","false","d__Bacteria","d__Bacteria |  p__Chloroflexi |  c__TK10 | TK10 |  f__TK10 |  g__TK10.20","122.625","0","80","TK10","0","p__Chloroflexi","0.9950338969206893","false","0","d__Bacteria |  p__Chloroflexi |  c__TK10 | TK10 |  f__TK10 |  g__TK10.20","45308","0.14881674757281554"
"2.237735849056604","6.606120143135337E-4","c__Alphaproteobacteria","0.4468802698145025","0.3073170731707317","41","3","f__Sphingomonadaceae","g__Sphingopyxis","false","d__Bacteria","d__Bacteria |  p__Proteobacteria |  c__Alphaproteobacteria | Sphingomonadales |  f__Sphingomonadaceae |  g__Sphingopyxis","89.97560975609755","0","41","Sphingomonadales","0","p__Proteobacteria","0.9946418361512701","false","0","d__Bacteria |  p__Proteobacteria |  c__Alphaproteobacteria | Sphingomonadales |  f__Sphingomonadaceae |  g__Sphingopyxis","27952","0.11755141080822573"
"2.099056603773585","6.900458410940487E-4","c__Dehalococcoidia","0.4764044943820225","0.4243886743886744","112","3","f__S085","g__S085.10","false","d__Bacteria","d__Bacteria |  p__Chloroflexi |  c__Dehalococcoidia | S085 |  f__S085 |  g__S085.10","131.375","0","112","S085","0","p__Chloroflexi","0.9952421792044434","false","0","d__Bacteria |  p__Chloroflexi |  c__Dehalococcoidia | S085 |  f__S085 |  g__S085.10","54410","0.15584223013048637"
"2.019811320754717","0.001500682954601102","c__TK10","0.49509574964969644","0.3555895344886171","109","3","f__TK10","g__TK10.60","false","d__Bacteria","d__Bacteria |  p__Chloroflexi |  c__TK10 | TK10 |  f__TK10 |  g__TK10.60","117.73394495412845","0","109","TK10","0","p__Chloroflexi","0.9955852323776853","false","0","d__Bacteria |  p__Chloroflexi |  c__TK10 | TK10 |  f__TK10 |  g__TK10.60","106814","0.126595639735622"
"2.039622641509434","0.0012332219072519058","c__Alphaproteobacteria","0.49028677150786304","0.3730590062111801","161","3","f__Xanthobacteraceae","g__Rhodoplanes","false","d__Bacteria","d__Bacteria |  p__Proteobacteria |  c__Alphaproteobacteria | Rhizobiales |  f__Xanthobacteraceae |  g__Rhodoplanes","133.14285714285714","0","161","Rhizobiales","0","p__Proteobacteria","0.9954994690843748","false","0","d__Bacteria |  p__Proteobacteria |  c__Alphaproteobacteria | Rhizobiales |  f__Xanthobacteraceae |  g__Rhodoplanes","97804","0.1553592265377563"
"2.1622641509433964","9.402783773984346E-4","c__Acidimicrobiia","0.46247818499127397","0.34050179211469533","63","3","f__Acidimicrobiaceae","g__uncultured","false","d__Bacteria","d__Bacteria |  p__Actinobacteriota |  c__Acidimicrobiia | Acidimicrobiales |  f__Acidimicrobiaceae |  g__uncultured","105.7936507936508","0","63","Acidimicrobiales","0","p__Actinobacteriota","0.9949685534591195","false","0","d__Bacteria |  p__Actinobacteriota |  c__Acidimicrobiia | Acidimicrobiales |  f__Acidimicrobiaceae |  g__uncultured","57758","0.12823472823472823"
"2.1452830188679246","0.0010403246012264417","c__TK10","0.4661389621811785","0.35443037974683544","80","3","f__TK10","g__TK10.55","false","d__Bacteria","d__Bacteria |  p__Chloroflexi |  c__TK10 | TK10 |  f__TK10 |  g__TK10.55","88.375","0","80","TK10","0","p__Chloroflexi","0.9950420648533856","false","0","d__Bacteria |  p__Chloroflexi |  c__TK10 | TK10 |  f__TK10 |  g__TK10.55","69976","0.10699152542372882"
"2.0952830188679243","8.980397294836469E-4","c__Gammaproteobacteria","0.4772624943719046","0.36775674125071717","84","3","f__Nitrosomonadaceae","g__Ellin6067.3","false","d__Bacteria","d__Bacteria |  p__Proteobacteria |  c__Gammaproteobacteria | Burkholderiales |  f__Nitrosomonadaceae |  g__Ellin6067.3","117.6547619047619","0","84","Burkholderiales","0","p__Proteobacteria","0.9952585150698359","false","0","d__Bacteria |  p__Proteobacteria |  c__Gammaproteobacteria | Burkholderiales |  f__Nitrosomonadaceae |  g__Ellin6067.3","62570","0.1344625850340136"
"2.129245283018868","5.235412256644772E-4","c__Gammaproteobacteria","0.46964997784669915","0.4383854584335739","87","3","f__Nitrosomonadaceae","g__MND1.2","false","d__Bacteria","d__Bacteria |  p__Proteobacteria |  c__Gammaproteobacteria | Burkholderiales |  f__Nitrosomonadaceae |  g__MND1.2","129.60919540229884","0","87","Burkholderiales","0","p__Proteobacteria","0.9951114922813036","false","0","d__Bacteria |  p__Proteobacteria |  c__Gammaproteobacteria | Burkholderiales |  f__Nitrosomonadaceae |  g__MND1.2","38016","0.15503492273002256"
"2.0877358490566036","0.0012774768700904821","c__Gammaproteobacteria","0.4789877993673746","0.18131359851988899","47","3","f__Oxalobacteraceae","0.999365454","false","d__Bacteria","d__Bacteria |  p__Proteobacteria |  c__Gammaproteobacteria | Burkholderiales |  f__Oxalobacteraceae | 0.999365454","81.06382978723404","0","47","Burkholderiales","0","p__Proteobacteria","0.9952911868006208","false","0","d__Bacteria |  p__Proteobacteria |  c__Gammaproteobacteria | Burkholderiales |  f__Oxalobacteraceae | 0.999365454","57488","0.08811285846438482"
"2.1188679245283017","9.106484510311496E-4","c__Actinobacteria","0.4719501335707926","0.39537037037037037","81","3","f__Nocardiaceae","g__Williamsia","false","d__Bacteria","d__Bacteria |  p__Actinobacteriota |  c__Actinobacteria | Corynebacteriales |  f__Nocardiaceae |  g__Williamsia","119.58024691358025","0","81","Corynebacteriales","0","p__Actinobacteriota","0.9951564159111329","false","0","d__Bacteria |  p__Actinobacteriota |  c__Actinobacteria | Corynebacteriales |  f__Nocardiaceae |  g__Williamsia","53858","0.140187862735733"
"2.2047169811320755","4.147796491386236E-4","c__TK10","0.4535729567821994","0.4706264199935086","79","3","f__TK10","g__TK10.90","false","d__Bacteria","d__Bacteria |  p__Chloroflexi |  c__TK10 | TK10 |  f__TK10 |  g__TK10.90","108.86075949367088","0","79","TK10","0","p__Chloroflexi","0.9947847749734543","false","0","d__Bacteria |  p__Chloroflexi |  c__TK10 | TK10 |  f__TK10 |  g__TK10.90","30620","0.14248790509642786"
"2.0933962264150945","0.0015551024544970715","c__Gemmatimonadetes","0.47769265434880576","0.32673267326732675","101","3","f__Gemmatimonadaceae","g__uncultured","false","d__Bacteria","d__Bacteria |  p__Gemmatimonadota |  c__Gemmatimonadetes | Gemmatimonadales |  f__Gemmatimonadaceae |  g__uncultured","112.92079207920793","0","101","Gemmatimonadales","0","p__Gemmatimonadota","0.9952666830025321","false","0","d__Bacteria |  p__Gemmatimonadota |  c__Gemmatimonadetes | Gemmatimonadales |  f__Gemmatimonadaceae |  g__uncultured","103616","0.13130324660373013"
"2.2575471698113208","2.627641159822315E-4","c__Polyangia","0.44295862933556207","0.44326923076923075","65","3","f__Blfdi19","g__Blfdi19.1","false","d__Bacteria","d__Bacteria |  p__Myxococcota |  c__Polyangia | Blfdi19 |  f__Blfdi19 |  g__Blfdi19.1","118.92307692307692","0","65","Blfdi19","0","p__Myxococcota","0.9945560728579597","false","0","d__Bacteria |  p__Myxococcota |  c__Polyangia | Blfdi19 |  f__Blfdi19 |  g__Blfdi19.1","17350","0.16471340294054976"
"2.3037735849056604","3.627921429596866E-4","c__Alphaproteobacteria","0.43407043407043405","0.3532668881506091","43","3","f__Sphingomonadaceae","g__Sphingomonas.86","false","d__Bacteria","d__Bacteria |  p__Proteobacteria |  c__Alphaproteobacteria | Sphingomonadales |  f__Sphingomonadaceae |  g__Sphingomonas.86","100.55813953488372","0","43","Sphingomonadales","0","p__Proteobacteria","0.994355958506902","false","0","d__Bacteria |  p__Proteobacteria |  c__Alphaproteobacteria | Sphingomonadales |  f__Sphingomonadaceae |  g__Sphingomonas.86","17044","0.1446879705537895"
"2.0933962264150945","9.952211860201354E-4","c__Acidimicrobiia","0.47769265434880576","0.364240790655885","106","3","f__IMCC26256","g__IMCC26256.3","false","d__Bacteria","d__Bacteria |  p__Actinobacteriota |  c__Acidimicrobiia | IMCC26256 |  f__IMCC26256 |  g__IMCC26256.3","119.71698113207547","0","106","IMCC26256","0","p__Actinobacteriota","0.9952666830025321","false","0","d__Bacteria |  p__Actinobacteriota |  c__Acidimicrobiia | IMCC26256 |  f__IMCC26256 |  g__IMCC26256.3","57600","0.1400198609731877"
"1.9886792452830189","0.0020783113892560248","c__Acidimicrobiia","0.5028462998102466","0.34046890927624873","109","3","f__uncultured","g__uncultured.3","false","d__Bacteria","d__Bacteria |  p__Actinobacteriota |  c__Acidimicrobiia | uncultured |  f__uncultured |  g__uncultured.3","110.61467889908256","0","109","uncultured","0","p__Actinobacteriota","0.9957200032671731","false","0","d__Bacteria |  p__Actinobacteriota |  c__Acidimicrobiia | uncultured |  f__uncultured |  g__uncultured.3","125260","0.11486467175397982"
"2.0886792452830187","6.98332374297141E-4","c__Actinobacteria","0.4787714543812105","0.40309729547749973","134","3","f__Nakamurellaceae","g__Nakamurella.3","false","d__Bacteria","d__Bacteria |  p__Actinobacteriota |  c__Actinobacteria | Frankiales |  f__Nakamurellaceae |  g__Nakamurella.3","130.17164179104478","0","134","Frankiales","0","p__Actinobacteriota","0.9952871028342726","false","0","d__Bacteria |  p__Actinobacteriota |  c__Actinobacteria | Frankiales |  f__Nakamurellaceae |  g__Nakamurella.3","56290","0.15645630022962112"
"2.1754716981132076","3.7918775033700923E-4","c__Thermoleophilia","0.4596704249783174","0.4318181818181818","89","3","f__67-14","g__67-14.3","false","d__Bacteria","d__Bacteria |  p__Actinobacteriota |  c__Thermoleophilia | Solirubrobacterales |  f__67-14 |  g__67-14.3","124.73033707865169","0","89","Solirubrobacterales","0","p__Actinobacteriota","0.9949113779302459","false","0","d__Bacteria |  p__Actinobacteriota |  c__Thermoleophilia | Solirubrobacterales |  f__67-14 |  g__67-14.3","27348","0.15889214914477923"
"1.9528301886792452","0.003075285265920379","c__Chloroflexia","0.5120772946859904","0.3309206349206349","126","3","f__Roseiflexaceae","g__uncultured.2","false","d__Bacteria","d__Bacteria |  p__Chloroflexi |  c__Chloroflexia | Chloroflexales |  f__Roseiflexaceae |  g__uncultured.2","115.96031746031746","0","126","Chloroflexales","0","p__Chloroflexi","0.9958751939884015","false","0","d__Bacteria |  p__Chloroflexi |  c__Chloroflexia | Chloroflexales |  f__Roseiflexaceae |  g__uncultured.2","186052","0.1179576611926561"
"2.040566037735849","0.0014909246078122409","c__Ktedonobacteria","0.4900601017105871","0.37751004016064255","84","3","f__C0119","g__C0119.3","false","d__Bacteria","d__Bacteria |  p__Chloroflexi |  c__Ktedonobacteria | C0119 |  f__C0119 |  g__C0119.3","107.96428571428571","0","84","C0119","0","p__Chloroflexi","0.9954953851180266","false","0","d__Bacteria |  p__Chloroflexi |  c__Ktedonobacteria | C0119 |  f__C0119 |  g__C0119.3","94200","0.11571734803246057"
"2.0443396226415094","0.0015036575192604877","c__TK10","0.4891555145362252","0.39878447872837774","93","3","f__TK10","g__TK10.14","false","d__Bacteria","d__Bacteria |  p__Chloroflexi |  c__TK10 | TK10 |  f__TK10 |  g__TK10.14","111.50537634408602","0","93","TK10","0","p__Chloroflexi","0.9954790492526342","false","0","d__Bacteria |  p__Chloroflexi |  c__TK10 | TK10 |  f__TK10 |  g__TK10.14","94496","0.12120149602618045"
"1.9858490566037736","0.002195223305343397","c__TK10","0.503562945368171","0.3460431654676259","140","3","f__TK10","g__TK10.141","false","d__Bacteria","d__Bacteria |  p__Chloroflexi |  c__TK10 | TK10 |  f__TK10 |  g__TK10.141","123.7","0","140","TK10","0","p__Chloroflexi","0.9957322551662174","false","0","d__Bacteria |  p__Chloroflexi |  c__TK10 | TK10 |  f__TK10 |  g__TK10.141","160366","0.1322994652406417"
"1.9971698113207548","0.001547703433651971","c__TK10","0.5007085498346717","0.3739938080495356","171","3","f__TK10","g__TK10.15","false","d__Bacteria","d__Bacteria |  p__Chloroflexi |  c__TK10 | TK10 |  f__TK10 |  g__TK10.15","131.04093567251462","0","171","TK10","0","p__Chloroflexi","0.99568324757004","false","0","d__Bacteria |  p__Chloroflexi |  c__TK10 | TK10 |  f__TK10 |  g__TK10.15","125144","0.14690687855663073"
"2.2132075471698114","3.862442268261218E-4","c__TK10","0.4518329070758738","0.4016282225237449","67","3","f__TK10","g__TK10.65","false","d__Bacteria","d__Bacteria |  p__Chloroflexi |  c__TK10 | TK10 |  f__TK10 |  g__TK10.65","114.56716417910448","0","67","TK10","0","p__Chloroflexi","0.9947480192763212","false","0","d__Bacteria |  p__Chloroflexi |  c__TK10 | TK10 |  f__TK10 |  g__TK10.65","24450","0.14937048784759385"
"2.0943396226415096","8.917068416911594E-4","c__Polyangia","0.47747747747747743","0.4041434091884929","137","3","f__Haliangiaceae","g__Haliangium.3","false","d__Bacteria","d__Bacteria |  p__Myxococcota |  c__Polyangia | Haliangiales |  f__Haliangiaceae |  g__Haliangium.3","128.1167883211679","0","137","Haliangiales","0","p__Myxococcota","0.995262599036184","false","0","d__Bacteria |  p__Myxococcota |  c__Polyangia | Haliangiales |  f__Haliangiaceae |  g__Haliangium.3","67514","0.1556704596855017"
"2.2471698113207546","4.642724764497022E-4","c__Polyangia","0.4450041981528128","0.3008130081300813","42","3","f__Polyangiaceae","g__Pajaroellobacter.1","false","d__Bacteria","d__Bacteria |  p__Myxococcota |  c__Polyangia | Polyangiales |  f__Polyangiaceae |  g__Pajaroellobacter.1","104.04761904761905","0","42","Polyangiales","0","p__Myxococcota","0.9946009964877889","false","0","d__Bacteria |  p__Myxococcota |  c__Polyangia | Polyangiales |  f__Polyangiaceae |  g__Pajaroellobacter.1","27338","0.13777988016398612"
"2.1820754716981132","0.001111450272645914","c__Alphaproteobacteria","0.45827929096411585","0.29028727770177837","86","3","f__Sphingomonadaceae","g__Ellin6055.2","false","d__Bacteria","d__Bacteria |  p__Proteobacteria |  c__Alphaproteobacteria | Sphingomonadales |  f__Sphingomonadaceae |  g__Ellin6055.2","98.77906976744185","0","86","Sphingomonadales","0","p__Proteobacteria","0.994882790165809","false","0","d__Bacteria |  p__Proteobacteria |  c__Alphaproteobacteria | Sphingomonadales |  f__Sphingomonadaceae |  g__Ellin6055.2","63292","0.12647768216061697"
"2.050943396226415","0.001074705636784154","c__Gammaproteobacteria","0.4875804967801288","0.43221338048924257","117","3","f__Comamonadaceae","g__Polaromonas","false","d__Bacteria","d__Bacteria |  p__Proteobacteria |  c__Gammaproteobacteria | Burkholderiales |  f__Comamonadaceae |  g__Polaromonas","121.03418803418803","0","117","Burkholderiales","0","p__Proteobacteria","0.9954504614881974","false","0","d__Bacteria |  p__Proteobacteria |  c__Gammaproteobacteria | Burkholderiales |  f__Comamonadaceae |  g__Polaromonas","78170","0.1361464432330574"
"2.1867924528301885","4.03081534462117E-4","c__Gammaproteobacteria","0.457290767903365","0.4657348087749951","102","3","f__Nitrosomonadaceae","g__MND1.1","false","d__Bacteria","d__Bacteria |  p__Proteobacteria |  c__Gammaproteobacteria | Burkholderiales |  f__Nitrosomonadaceae |  g__MND1.1","120.55882352941177","0","102","Burkholderiales","0","p__Proteobacteria","0.9948623703340684","false","0","d__Bacteria |  p__Proteobacteria |  c__Gammaproteobacteria | Burkholderiales |  f__Nitrosomonadaceae |  g__MND1.1","28106","0.1586300309597523"
"2.077358490566038","0.0014891351817373517","c__Gammaproteobacteria","0.48138056312443234","0.4040313549832027","95","3","f__Unknown_Family","g__Acidibacter.6","false","d__Bacteria","d__Bacteria |  p__Proteobacteria |  c__Gammaproteobacteria | Gammaproteobacteria_Incertae_Sedis |  f__Unknown_Family |  g__Acidibacter.6","124.01052631578948","0","95","Gammaproteobacteria_Incertae_Sedis","0","p__Proteobacteria","0.99533611043045","false","0","d__Bacteria |  p__Proteobacteria |  c__Gammaproteobacteria | Gammaproteobacteria_Incertae_Sedis |  f__Unknown_Family |  g__Acidibacter.6","91018","0.14044227215831198"
"2.236792452830189","2.877733502023675E-4","c__Gammaproteobacteria","0.44706874736398144","0.36428571428571427","56","4","f__Rhodanobacteraceae","g__uncultured","false","d__Bacteria","d__Bacteria |  p__Proteobacteria |  c__Gammaproteobacteria | Xanthomonadales |  f__Rhodanobacteraceae |  g__uncultured","115.875","0","56","Xanthomonadales","0","p__Proteobacteria","0.9946459201176182","false","0","d__Bacteria |  p__Proteobacteria |  c__Gammaproteobacteria | Xanthomonadales |  f__Rhodanobacteraceae |  g__uncultured","19224","0.15368037135278514"
"2.259433962264151","3.0324293455186944E-4","c__Verrucomicrobiae","0.4425887265135699","0.2969472710453284","47","3","f__Pedosphaeraceae","g__uncultured","false","d__Bacteria","d__Bacteria |  p__Verrucomicrobiota |  c__Verrucomicrobiae | Pedosphaerales |  f__Pedosphaeraceae |  g__uncultured","101.87234042553192","0","47","Pedosphaerales","0","p__Verrucomicrobiota","0.9945479049252633","false","0","d__Bacteria |  p__Verrucomicrobiota |  c__Verrucomicrobiae | Pedosphaerales |  f__Pedosphaeraceae |  g__uncultured","17204","0.13803840166061235"
"2.318867924528302","2.4392945809794466E-4","c__Acidimicrobiia","0.4312449145646867","0.42896174863387976","61","4","f__IMCC26256","g__IMCC26256.5","false","d__Bacteria","d__Bacteria |  p__Actinobacteriota |  c__Acidimicrobiia | IMCC26256 |  f__IMCC26256 |  g__IMCC26256.5","103.11475409836065","0","61","IMCC26256","0","p__Actinobacteriota","0.9942906150453321","false","0","d__Bacteria |  p__Actinobacteriota |  c__Acidimicrobiia | IMCC26256 |  f__IMCC26256 |  g__IMCC26256.5","13234","0.15576246842652666"
"2.018867924528302","0.0016651300903062218","c__Actinobacteria","0.49532710280373826","0.33410724156992816","135","3","f__Cryptosporangiaceae","g__Cryptosporangium","false","d__Bacteria","d__Bacteria |  p__Actinobacteriota |  c__Actinobacteria | Frankiales |  f__Cryptosporangiaceae |  g__Cryptosporangium","114.5037037037037","0","135","Frankiales","0","p__Actinobacteriota","0.9955893163440332","false","0","d__Bacteria |  p__Actinobacteriota |  c__Actinobacteria | Frankiales |  f__Cryptosporangiaceae |  g__Cryptosporangium","107812","0.1265234295068549"
"2.2","4.3067307772430547E-4","c__Actinobacteria","0.45454545454545453","0.4016096579476861","71","3","f__Microbacteriaceae","0.999983354","false","d__Bacteria","d__Bacteria |  p__Actinobacteriota |  c__Actinobacteria | Micrococcales |  f__Microbacteriaceae | 0.999983354","108.53521126760563","0","71","Micrococcales","0","p__Actinobacteriota","0.9948051948051948","false","0","d__Bacteria |  p__Actinobacteriota |  c__Actinobacteria | Micrococcales |  f__Microbacteriaceae | 0.999983354","25716","0.13968495658636504"
"2.2745283018867926","4.8607619922576246E-4","c__Alphaproteobacteria","0.439651596847781","0.41198501872659177","90","3","f__Beijerinckiaceae","g__Microvirga.3","false","d__Bacteria","d__Bacteria |  p__Proteobacteria |  c__Alphaproteobacteria | Rhizobiales |  f__Beijerinckiaceae |  g__Microvirga.3","97.75555555555556","0","90","Rhizobiales","0","p__Proteobacteria","0.9944825614636935","false","0","d__Bacteria |  p__Proteobacteria |  c__Alphaproteobacteria | Rhizobiales |  f__Beijerinckiaceae |  g__Microvirga.3","29102","0.14396989036164293"
"2.1952830188679244","6.101567838769237E-4","c__Alphaproteobacteria","0.45552213149978515","0.3132992327365729","69","3","f__Rhizobiaceae","g__Allorhizobium-Neorhizobium-Pararhizobium-Rhizobium","false","d__Bacteria","d__Bacteria |  p__Proteobacteria |  c__Alphaproteobacteria | Rhizobiales |  f__Rhizobiaceae |  g__Allorhizobium-Neorhizobium-Pararhizobium-Rhizobium","102.81159420289855","0","69","Rhizobiales","0","p__Proteobacteria","0.9948256146369354","false","0","d__Bacteria |  p__Proteobacteria |  c__Alphaproteobacteria | Rhizobiales |  f__Rhizobiaceae |  g__Allorhizobium-Neorhizobium-Pararhizobium-Rhizobium","34380","0.13113723750369713"
"2.1367924528301887","5.186949242891358E-4","c__Acidimicrobiia","0.46799116997792495","0.44993013507219376","114","3","f__IMCC26256","g__IMCC26256.8","false","d__Bacteria","d__Bacteria |  p__Actinobacteriota |  c__Acidimicrobiia | IMCC26256 |  f__IMCC26256 |  g__IMCC26256.8","120.54385964912281","0","114","IMCC26256","0","p__Actinobacteriota","0.9950788205505187","false","0","d__Bacteria |  p__Actinobacteriota |  c__Acidimicrobiia | IMCC26256 |  f__IMCC26256 |  g__IMCC26256.8","46100","0.15049170992399852"
"2.078301886792453","8.711556502696728E-4",,"0.48116205174761684","0.4103030303030303","100","3",,,"false",,"d__Bacteria |  p__Actinobacteriota |  c__Acidimicrobiia | Microtrichales | 0.839503771 | ","113.23","0","100",,"0",,"0.995332026464102","false","0","d__Bacteria |  p__Actinobacteriota |  c__Acidimicrobiia | Microtrichales | 0.839503771 | ","58594","0.12911060433295324"
"2.056603773584906","0.0010554231974238607","c__Actinobacteria","0.4862385321100917","0.37341585617447687","117","3","f__Frankiaceae","g__Jatrophihabitans.3","false","d__Bacteria","d__Bacteria |  p__Actinobacteriota |  c__Actinobacteria | Frankiales |  f__Frankiaceae |  g__Jatrophihabitans.3","116.7008547008547","0","117","Frankiales","0","p__Actinobacteriota","0.9954259576901087","false","0","d__Bacteria |  p__Actinobacteriota |  c__Actinobacteria | Frankiales |  f__Frankiaceae |  g__Jatrophihabitans.3","80568","0.13216404835883885"
"2.1641509433962263","8.186276880104309E-4","c__Actinobacteria","0.4620749782040105","0.3574257425742574","101","3","f__Sporichthyaceae","g__uncultured.2","false","d__Bacteria","d__Bacteria |  p__Actinobacteriota |  c__Actinobacteria | Frankiales |  f__Sporichthyaceae |  g__uncultured.2","102.22772277227723","0","101","Frankiales","0","p__Actinobacteriota","0.9949603855264232","false","0","d__Bacteria |  p__Actinobacteriota |  c__Actinobacteria | Frankiales |  f__Sporichthyaceae |  g__uncultured.2","56956","0.13022639843602193"
"2.1056603773584905","9.124838091480626E-4","c__Actinobacteria","0.47491039426523296","0.3980035231943629","131","3","f__Kineosporiaceae","0.993816829","false","d__Bacteria","d__Bacteria |  p__Actinobacteriota |  c__Actinobacteria | Kineosporiales |  f__Kineosporiaceae | 0.993816829","122.0","0","131","Kineosporiales","0","p__Actinobacteriota","0.9952135914400064","false","0","d__Bacteria |  p__Actinobacteriota |  c__Actinobacteria | Kineosporiales |  f__Kineosporiaceae | 0.993816829","72080","0.14932680538555693"
"2.233018867924528","6.986650169438E-4","c__Actinobacteria","0.44782425010561894","0.3447420634920635","64","3","f__Microbacteriaceae","g__Cryobacterium","false","d__Bacteria","d__Bacteria |  p__Actinobacteriota |  c__Actinobacteria | Micrococcales |  f__Microbacteriaceae |  g__Cryobacterium","95.421875","0","64","Micrococcales","0","p__Actinobacteriota","0.9946622559830107","false","0","d__Bacteria |  p__Actinobacteriota |  c__Actinobacteria | Micrococcales |  f__Microbacteriaceae |  g__Cryobacterium","34506","0.12739903204272363"
"2.008490566037736","0.0012094224882360036","c__Actinobacteria","0.497886331611085","0.38411086427589125","138","3","f__Micromonosporaceae","0.999941891","false","d__Bacteria","d__Bacteria |  p__Actinobacteriota |  c__Actinobacteria | Micromonosporales |  f__Micromonosporaceae | 0.999941891","117.8768115942029","0","138","Micromonosporales","0","p__Actinobacteriota","0.9956342399738627","false","0","d__Bacteria |  p__Actinobacteriota |  c__Actinobacteria | Micromonosporales |  f__Micromonosporaceae | 0.999941891","92716","0.1291093226661587"
"2.236792452830189","3.492701449515854E-4","c__Actinobacteria","0.44706874736398144","0.4523809523809524","85","4","f__Nocardioidaceae","g__Marmoricola.5","false","d__Bacteria","d__Bacteria |  p__Actinobacteriota |  c__Actinobacteria | Propionibacteriales |  f__Nocardioidaceae |  g__Marmoricola.5","105.43529411764706","0","85","Propionibacteriales","0","p__Actinobacteriota","0.9946459201176182","false","0","d__Bacteria |  p__Actinobacteriota |  c__Actinobacteria | Propionibacteriales |  f__Nocardioidaceae |  g__Marmoricola.5","26088","0.14542799188640973"
"2.0575471698113206","7.497048343441127E-4","c__Actinobacteria","0.4860155891792756","0.4215991692627207","108","3","f__Nocardioidaceae","g__Nocardioides.35","false","d__Bacteria","d__Bacteria |  p__Actinobacteriota |  c__Actinobacteria | Propionibacteriales |  f__Nocardioidaceae |  g__Nocardioides.35","121.06481481481481","0","108","Propionibacteriales","0","p__Actinobacteriota","0.9954218737237605","false","0","d__Bacteria |  p__Actinobacteriota |  c__Actinobacteria | Propionibacteriales |  f__Nocardioidaceae |  g__Nocardioides.35","58758","0.13587521303570688"
"2.352830188679245","2.7846047837036596E-4","c__Actinobacteria","0.42502004811547717","0.37457627118644066","60","4","f__Propionibacteriaceae","0.999917859","false","d__Bacteria","d__Bacteria |  p__Actinobacteriota |  c__Actinobacteria | Propionibacteriales |  f__Propionibacteriaceae | 0.999917859","98.83333333333333","0","60","Propionibacteriales","0","p__Actinobacteriota","0.9941435922567998","false","0","d__Bacteria |  p__Actinobacteriota |  c__Actinobacteria | Propionibacteriales |  f__Propionibacteriaceae | 0.999917859","15590","0.15762892078681554"
"2.0679245283018868","7.431499566143176E-4","c__MB-A2-108","0.4835766423357664","0.3827090158097137","119","3","f__MB-A2-108","g__MB-A2-108.4","false","d__Bacteria","d__Bacteria |  p__Actinobacteriota |  c__MB-A2-108 | MB-A2-108 |  f__MB-A2-108 |  g__MB-A2-108.4","132.25210084033614","0","119","MB-A2-108","0","p__Actinobacteriota","0.9953769500939312","false","0","d__Bacteria |  p__Actinobacteriota |  c__MB-A2-108 | MB-A2-108 |  f__MB-A2-108 |  g__MB-A2-108.4","60820","0.15218883871154906"
"2.206603773584906","0.0013997862421279914","c__Thermoleophilia","0.4531851218469431","0.38715513342379015","67","3","f__67-14","g__67-14.18","false","d__Bacteria","d__Bacteria |  p__Actinobacteriota |  c__Thermoleophilia | Solirubrobacterales |  f__67-14 |  g__67-14.18","95.58208955223881","0","67","Solirubrobacterales","0","p__Actinobacteriota","0.994776607040758","false","0","d__Bacteria |  p__Actinobacteriota |  c__Thermoleophilia | Solirubrobacterales |  f__67-14 |  g__67-14.18","53430","0.12349107177291835"
"2.1490566037735848","6.934904807197904E-4","c__Thermoleophilia","0.4653204565408253","0.4097796143250689","121","3","f__Solirubrobacteraceae","0.989737773","false","d__Bacteria","d__Bacteria |  p__Actinobacteriota |  c__Thermoleophilia | Solirubrobacterales |  f__Solirubrobacteraceae | 0.989737773","116.6694214876033","0","121","Solirubrobacterales","0","p__Actinobacteriota","0.9950257289879932","false","0","d__Bacteria |  p__Actinobacteriota |  c__Thermoleophilia | Solirubrobacterales |  f__Solirubrobacteraceae | 0.989737773","48522","0.149384662596163"
"2.0575471698113206","0.0028186693547926785","c__Bdellovibrionia","0.4860155891792756","0.294017094017094","91","3","f__Bdellovibrionaceae","g__OM27_clade.2","false","d__Bacteria","d__Bacteria |  p__Bdellovibrionota |  c__Bdellovibrionia | Bdellovibrionales |  f__Bdellovibrionaceae |  g__OM27_clade.2","93.31868131868131","0","91","Bdellovibrionales","0","p__Bdellovibrionota","0.9954218737237605","false","0","d__Bacteria |  p__Bdellovibrionota |  c__Bdellovibrionia | Bdellovibrionales |  f__Bdellovibrionaceae |  g__OM27_clade.2","127468","0.10277387810427457"
"2.079245283018868","0.0011483919693654906","c__TK10","0.48094373865698725","0.38106477838971936","124","3","f__TK10","g__TK10.148","false","d__Bacteria","d__Bacteria |  p__Chloroflexi |  c__TK10 | TK10 |  f__TK10 |  g__TK10.148","125.41935483870968","0","124","TK10","0","p__Chloroflexi","0.9953279424977538","false","0","d__Bacteria |  p__Chloroflexi |  c__TK10 | TK10 |  f__TK10 |  g__TK10.148","82366","0.14720581553839163"
"2.0339622641509436","0.0016566684901572085","c__TK10","0.4916512059369202","0.33320834895638046","127","3","f__TK10","g__TK10.164","false","d__Bacteria","d__Bacteria |  p__Chloroflexi |  c__TK10 | TK10 |  f__TK10 |  g__TK10.164","117.05511811023622","0","127","TK10","0","p__Chloroflexi","0.9955239728824634","false","0","d__Bacteria |  p__Chloroflexi |  c__TK10 | TK10 |  f__TK10 |  g__TK10.164","121736","0.1304962297772979"
"1.9264150943396225","0.002882235950740771","c__TK10","0.5190989226248776","0.3336897633304819","168","3","f__TK10","g__TK10.178","false","d__Bacteria","d__Bacteria |  p__Chloroflexi |  c__TK10 | TK10 |  f__TK10 |  g__TK10.178","124.42261904761905","0","168","TK10","0","p__Chloroflexi","0.9959895450461488","false","0","d__Bacteria |  p__Chloroflexi |  c__TK10 | TK10 |  f__TK10 |  g__TK10.178","225046","0.1282707412862052"
"2.077358490566038","7.679041396806852E-4","c__TK10","0.48138056312443234","0.3920934411500449","106","3","f__TK10","g__TK10.196","false","d__Bacteria","d__Bacteria |  p__Chloroflexi |  c__TK10 | TK10 |  f__TK10 |  g__TK10.196","122.12264150943396","0","106","TK10","0","p__Chloroflexi","0.99533611043045","false","0","d__Bacteria |  p__Chloroflexi |  c__TK10 | TK10 |  f__TK10 |  g__TK10.196","56064","0.14004890081357105"
"2.1462264150943398","5.300445795353608E-4","c__TK10","0.4659340659340659","0.28852459016393445","61","3","f__TK10","g__TK10.241","false","d__Bacteria","d__Bacteria |  p__Chloroflexi |  c__TK10 | TK10 |  f__TK10 |  g__TK10.241","117.9672131147541","0","61","TK10","0","p__Chloroflexi","0.9950379808870375","false","0","d__Bacteria |  p__Chloroflexi |  c__TK10 | TK10 |  f__TK10 |  g__TK10.241","34360","0.13977157951985084"
"2.0141509433962264","0.0014059904501119653","c__Alphaproteobacteria","0.4964871194379391","0.37032258064516127","125","3","f__Caulobacteraceae","g__Caulobacter.6","false","d__Bacteria","d__Bacteria |  p__Proteobacteria |  c__Alphaproteobacteria | Caulobacterales |  f__Caulobacteraceae |  g__Caulobacter.6","120.952","0","125","Caulobacterales","0","p__Proteobacteria","0.9956097361757739","false","0","d__Bacteria |  p__Proteobacteria |  c__Alphaproteobacteria | Caulobacterales |  f__Caulobacteraceae |  g__Caulobacter.6","99796","0.1314695652173913"
"2.276415094339623","4.5118157482515676E-4","c__Alphaproteobacteria","0.4392871943638624","0.42278654770075497","94","3","f__Beijerinckiaceae","g__Microvirga.10","false","d__Bacteria","d__Bacteria |  p__Proteobacteria |  c__Alphaproteobacteria | Rhizobiales |  f__Beijerinckiaceae |  g__Microvirga.10","101.41489361702128","0","94","Rhizobiales","0","p__Proteobacteria","0.9944743935309973","false","0","d__Bacteria |  p__Proteobacteria |  c__Alphaproteobacteria | Rhizobiales |  f__Beijerinckiaceae |  g__Microvirga.10","26974","0.15069077803420694"
"2.267924528301887","4.152313931230446E-4","c__Alphaproteobacteria","0.4409317803660565","0.44469413233458177","90","3","f__Beijerinckiaceae","g__Microvirga.8","false","d__Bacteria","d__Bacteria |  p__Proteobacteria |  c__Alphaproteobacteria | Rhizobiales |  f__Beijerinckiaceae |  g__Microvirga.8","102.68888888888888","0","90","Rhizobiales","0","p__Proteobacteria","0.9945111492281304","false","0","d__Bacteria |  p__Proteobacteria |  c__Alphaproteobacteria | Rhizobiales |  f__Beijerinckiaceae |  g__Microvirga.8","27076","0.14969225785552318"
"2.102830188679245","7.303470852939765E-4","c__Alphaproteobacteria","0.4755495737999103","0.39317889317889315","112","3","f__Devosiaceae","g__Devosia.3","false","d__Bacteria","d__Bacteria |  p__Proteobacteria |  c__Alphaproteobacteria | Rhizobiales |  f__Devosiaceae |  g__Devosia.3","129.44642857142858","0","112","Rhizobiales","0","p__Proteobacteria","0.995225843339051","false","0","d__Bacteria |  p__Proteobacteria |  c__Alphaproteobacteria | Rhizobiales |  f__Devosiaceae |  g__Devosia.3","59556","0.1542865656393666"
"2.1481132075471696","7.198142010572835E-4","c__Gammaproteobacteria","0.46552481335090035","0.3970884658454647","95","3","f__SC-I-84","g__SC-I-84.26","false","d__Bacteria","d__Bacteria |  p__Proteobacteria |  c__Gammaproteobacteria | Burkholderiales |  f__SC-I-84 |  g__SC-I-84.26","118.51578947368421","0","95","Burkholderiales","0","p__Proteobacteria","0.9950298129543412","false","0","d__Bacteria |  p__Proteobacteria |  c__Gammaproteobacteria | Burkholderiales |  f__SC-I-84 |  g__SC-I-84.26","42972","0.14667795726941116"
"2.2386792452830186","4.500022298398128E-4","c__Gammaproteobacteria","0.44669195111672994","0.3781239857189224","79","3","f__Pseudomonadaceae","g__Pseudomonas","false","d__Bacteria","d__Bacteria |  p__Proteobacteria |  c__Gammaproteobacteria | Pseudomonadales |  f__Pseudomonadaceae |  g__Pseudomonas","105.43037974683544","0","79","Pseudomonadales","0","p__Proteobacteria","0.994637752184922","false","0","d__Bacteria |  p__Proteobacteria |  c__Gammaproteobacteria | Pseudomonadales |  f__Pseudomonadaceae |  g__Pseudomonas","25072","0.14482195020169703"
"2.1735849056603773","4.3072282487672175E-4","c__Actinobacteria","0.4600694444444445","0.2968253968253968","36","3","f__Geodermatophilaceae","g__Blastococcus.11","false","d__Bacteria","d__Bacteria |  p__Actinobacteriota |  c__Actinobacteria | Frankiales |  f__Geodermatophilaceae |  g__Blastococcus.11","100.47222222222223","0","36","Frankiales","0","p__Actinobacteriota","0.9949195458629421","false","0","d__Bacteria |  p__Actinobacteriota |  c__Actinobacteria | Frankiales |  f__Geodermatophilaceae |  g__Blastococcus.11","28402","0.11960978835978836"
"2.15188679245283","8.12149968178774E-4","c__Actinobacteria","0.46470846120122755","0.36893203883495146","104","3","f__Geodermatophilaceae","g__Modestobacter.1","false","d__Bacteria","d__Bacteria |  p__Actinobacteriota |  c__Actinobacteria | Frankiales |  f__Geodermatophilaceae |  g__Modestobacter.1","105.33653846153847","0","104","Frankiales","0","p__Actinobacteriota","0.9950134770889487","false","0","d__Bacteria |  p__Actinobacteriota |  c__Actinobacteria | Frankiales |  f__Geodermatophilaceae |  g__Modestobacter.1","55764","0.13249879051765845"
"2.121698113207547","4.799575106995934E-4","c__Actinobacteria","0.4713205869275233","0.4573544433094995","89","3","f__Sporichthyaceae","g__uncultured.1","false","d__Bacteria","d__Bacteria |  p__Actinobacteriota |  c__Actinobacteria | Frankiales |  f__Sporichthyaceae |  g__uncultured.1","127.88764044943821","0","89","Frankiales","0","p__Actinobacteriota","0.9951441640120886","false","0","d__Bacteria |  p__Actinobacteriota |  c__Actinobacteria | Frankiales |  f__Sporichthyaceae |  g__uncultured.1","34738","0.15188555872854895"
"2.240566037735849","0.001069985631477825","c__Actinobacteria","0.4463157894736842","0.4116993706034802","74","3","f__Pseudonocardiaceae","g__Pseudonocardia.29","false","d__Bacteria","d__Bacteria |  p__Actinobacteriota |  c__Actinobacteria | Pseudonocardiales |  f__Pseudonocardiaceae |  g__Pseudonocardia.29","96.54054054054055","0","74","Pseudonocardiales","0","p__Actinobacteriota","0.9946295842522258","false","0","d__Bacteria |  p__Actinobacteriota |  c__Actinobacteria | Pseudonocardiales |  f__Pseudonocardiaceae |  g__Pseudonocardia.29","48370","0.13206640292823604"
"2.0877358490566036","8.328558335140792E-4","c__Gammaproteobacteria","0.4789877993673746","0.46417889189574135","119","3","f__SC-I-84","g__SC-I-84.21","false","d__Bacteria","d__Bacteria |  p__Proteobacteria |  c__Gammaproteobacteria | Burkholderiales |  f__SC-I-84 |  g__SC-I-84.21","119.14285714285714","0","119","Burkholderiales","0","p__Proteobacteria","0.9952911868006208","false","0","d__Bacteria |  p__Proteobacteria |  c__Gammaproteobacteria | Burkholderiales |  f__SC-I-84 |  g__SC-I-84.21","65530","0.14049865229110511"
"2.3981132075471696","1.9163547981515688E-4","c__Alphaproteobacteria","0.41699449252557047","0.2850574712643678","30","4","f__Sphingomonadaceae","0.999886035","false","d__Bacteria","d__Bacteria |  p__Proteobacteria |  c__Alphaproteobacteria | Sphingomonadales |  f__Sphingomonadaceae | 0.999886035","84.56666666666666","0","30","Sphingomonadales","0","p__Proteobacteria","0.9939475618720902","false","0","d__Bacteria |  p__Proteobacteria |  c__Alphaproteobacteria | Sphingomonadales |  f__Sphingomonadaceae | 0.999886035","9900","0.13818082788671024"
"2.0943396226415096","8.714794749063535E-4","c__Actinobacteria","0.47747747747747743","0.3859011627906977","129","3","f__Microbacteriaceae","g__Galbitalea","false","d__Bacteria","d__Bacteria |  p__Actinobacteriota |  c__Actinobacteria | Micrococcales |  f__Microbacteriaceae |  g__Galbitalea","123.51162790697674","0","129","Micrococcales","0","p__Actinobacteriota","0.995262599036184","false","0","d__Bacteria |  p__Actinobacteriota |  c__Actinobacteria | Micrococcales |  f__Microbacteriaceae |  g__Galbitalea","59156","0.14863011781826324"
"2.1622641509433964","4.7634394295539487E-4","c__Actinobacteria","0.46247818499127397","0.41012658227848103","80","3","f__Microbacteriaceae","g__Microbacterium","false","d__Bacteria","d__Bacteria |  p__Actinobacteriota |  c__Actinobacteria | Micrococcales |  f__Microbacteriaceae |  g__Microbacterium","115.5125","0","80","Micrococcales","0","p__Actinobacteriota","0.9949685534591195","false","0","d__Bacteria |  p__Actinobacteriota |  c__Actinobacteria | Micrococcales |  f__Microbacteriaceae |  g__Microbacterium","30100","0.14296101485148516"
"2.0","0.0021269974806759923","c__Gammaproteobacteria","0.5","0.28514588859416445","117","3","f__Comamonadaceae","0.999994638","false","d__Bacteria","d__Bacteria |  p__Proteobacteria |  c__Gammaproteobacteria | Burkholderiales |  f__Comamonadaceae | 0.999994638","117.97435897435898","0","117","Burkholderiales","0","p__Proteobacteria","0.9956709956709957","false","0","d__Bacteria |  p__Proteobacteria |  c__Gammaproteobacteria | Burkholderiales |  f__Comamonadaceae | 0.999994638","158864","0.12510536476602224"
"2.0028301886792454","0.0017272111208435077","c__Bacteroidia","0.49929345266132824","0.34913984637846757","178","3","f__AKYH767","g__AKYH767","false","d__Bacteria","d__Bacteria |  p__Bacteroidota |  c__Bacteroidia | Sphingobacteriales |  f__AKYH767 |  g__AKYH767","129.40449438202248","0","178","Sphingobacteriales","0","p__Bacteroidota","0.9956587437719513","false","0","d__Bacteria |  p__Bacteroidota |  c__Bacteroidia | Sphingobacteriales |  f__AKYH767 |  g__AKYH767","131442","0.14721785481458757"
"2.1141509433962264","9.50451088540237E-4","c__TK10","0.47300312360553326","0.40220700152207","73","3","f__TK10","g__TK10.133","false","d__Bacteria","d__Bacteria |  p__Chloroflexi |  c__TK10 | TK10 |  f__TK10 |  g__TK10.133","102.36986301369863","0","73","TK10","0","p__Chloroflexi","0.9951768357428735","false","0","d__Bacteria |  p__Chloroflexi |  c__TK10 | TK10 |  f__TK10 |  g__TK10.133","59596","0.11821000348002152"
"2.3386792452830187","2.742758272008719E-4","c__Polyangia","0.427591770875353","0.3613933236574746","53","3","f__Blfdi19","g__Blfdi19","false","d__Bacteria","d__Bacteria |  p__Myxococcota |  c__Polyangia | Blfdi19 |  f__Blfdi19 |  g__Blfdi19","95.62264150943396","0","53","Blfdi19","0","p__Myxococcota","0.9942048517520216","false","0","d__Bacteria |  p__Myxococcota |  c__Polyangia | Blfdi19 |  f__Blfdi19 |  g__Blfdi19","15580","0.1475658047985092"
"2.280188679245283","3.128459640128278E-4","c__Alphaproteobacteria","0.4385601985932975","0.41306122448979593","50","3","f__Reyranellaceae","g__uncultured.2","false","d__Bacteria","d__Bacteria |  p__Proteobacteria |  c__Alphaproteobacteria | Reyranellales |  f__Reyranellaceae |  g__uncultured.2","100.26","0","50","Reyranellales","0","p__Proteobacteria","0.9944580576656049","false","0","d__Bacteria |  p__Proteobacteria |  c__Alphaproteobacteria | Reyranellales |  f__Reyranellaceae |  g__uncultured.2","16688","0.14061711079943898"
"2.220754716981132","5.016469503115055E-4","c__Alphaproteobacteria","0.45029736618521665","0.36967418546365916","57","3","f__Beijerinckiaceae","g__Microvirga.2","false","d__Bacteria","d__Bacteria |  p__Proteobacteria |  c__Alphaproteobacteria | Rhizobiales |  f__Beijerinckiaceae |  g__Microvirga.2","104.49122807017544","0","57","Rhizobiales","0","p__Proteobacteria","0.9947153475455363","false","0","d__Bacteria |  p__Proteobacteria |  c__Alphaproteobacteria | Rhizobiales |  f__Beijerinckiaceae |  g__Microvirga.2","26122","0.13587936029931785"
"2.4622641509433962","3.817641868245611E-4","c__Alphaproteobacteria","0.4061302681992337","0.3425287356321839","30","3","f__Sphingomonadaceae","g__Sphingomonas.2","false","d__Bacteria","d__Bacteria |  p__Proteobacteria |  c__Alphaproteobacteria | Sphingomonadales |  f__Sphingomonadaceae |  g__Sphingomonas.2","68.23333333333333","0","30","Sphingomonadales","0","p__Proteobacteria","0.9936698521604183","false","0","d__Bacteria |  p__Proteobacteria |  c__Alphaproteobacteria | Sphingomonadales |  f__Sphingomonadaceae |  g__Sphingomonas.2","14092","0.126358024691358"
"2.0547169811320756","0.002181946717985096","c__Gammaproteobacteria","0.4866850321395776","0.266358024691358","81","3","f__SC-I-84","g__SC-I-84.2","false","d__Bacteria","d__Bacteria |  p__Proteobacteria |  c__Gammaproteobacteria | Burkholderiales |  f__SC-I-84 |  g__SC-I-84.2","93.69135802469135","0","81","Burkholderiales","0","p__Proteobacteria","0.9954341256228049","false","0","d__Bacteria |  p__Proteobacteria |  c__Gammaproteobacteria | Burkholderiales |  f__SC-I-84 |  g__SC-I-84.2","113446","0.10172785887588638"
"2.4339622641509435","1.386824037986746E-4","c__Bacteroidia","0.4108527131782945","0.4799154334038055","44","3","f__Hymenobacteraceae","g__Adhaeribacter.5","false","d__Bacteria","d__Bacteria |  p__Bacteroidota |  c__Bacteroidia | Cytophagales |  f__Hymenobacteraceae |  g__Adhaeribacter.5","88.0","0","44","Cytophagales","0","p__Bacteroidota","0.9937923711508617","false","0","d__Bacteria |  p__Bacteroidota |  c__Bacteroidia | Cytophagales |  f__Hymenobacteraceae |  g__Adhaeribacter.5","7574","0.15827338129496402"
"2.2952830188679245","2.4352159703637736E-4","c__Bacteroidia","0.4356761200164406","0.39215686274509803","51","4","f__Flavobacteriaceae","g__Flavobacterium.8","false","d__Bacteria","d__Bacteria |  p__Bacteroidota |  c__Bacteroidia | Flavobacteriales |  f__Flavobacteriaceae |  g__Flavobacterium.8","112.0","0","51","Flavobacteriales","0","p__Bacteroidota","0.994392714204035","false","0","d__Bacteria |  p__Bacteroidota |  c__Bacteroidia | Flavobacteriales |  f__Flavobacteriaceae |  g__Flavobacterium.8","14092","0.16089136804146947"
"2.1188679245283017","0.0012742187310751496","c__Alphaproteobacteria","0.4719501335707926","0.3364678225095504","83","3","f__Sphingomonadaceae","0.999998144","false","d__Bacteria","d__Bacteria |  p__Proteobacteria |  c__Alphaproteobacteria | Sphingomonadales |  f__Sphingomonadaceae | 0.999998144","105.60240963855422","0","83","Sphingomonadales","0","p__Proteobacteria","0.9951564159111329","false","0","d__Bacteria |  p__Proteobacteria |  c__Alphaproteobacteria | Sphingomonadales |  f__Sphingomonadaceae | 0.999998144","65884","0.12409213823566888"
"2.129245283018868","0.00101584616396382","c__Alphaproteobacteria","0.46964997784669915","0.3317104836092178","79","3","f__Caulobacteraceae","g__Brevundimonas.2","false","d__Bacteria","d__Bacteria |  p__Proteobacteria |  c__Alphaproteobacteria | Caulobacterales |  f__Caulobacteraceae |  g__Brevundimonas.2","113.11392405063292","0","79","Caulobacterales","0","p__Proteobacteria","0.9951114922813036","false","0","d__Bacteria |  p__Proteobacteria |  c__Alphaproteobacteria | Caulobacterales |  f__Caulobacteraceae |  g__Brevundimonas.2","58440","0.13402123702681626"
"2.091509433962264","9.400539792920449E-4","c__Alphaproteobacteria","0.47812359043752817","0.3600547195622435","86","3","f__Xanthobacteraceae","g__Pseudorhodoplanes","false","d__Bacteria","d__Bacteria |  p__Proteobacteria |  c__Alphaproteobacteria | Rhizobiales |  f__Xanthobacteraceae |  g__Pseudorhodoplanes","115.79069767441861","0","86","Rhizobiales","0","p__Proteobacteria","0.9952748509352283","false","0","d__Bacteria |  p__Proteobacteria |  c__Alphaproteobacteria | Rhizobiales |  f__Xanthobacteraceae |  g__Pseudorhodoplanes","66872","0.13203044204608735"
"2.0886792452830187","9.709827931909926E-4","c__Gammaproteobacteria","0.4787714543812105","0.367032967032967","105","3","f__SC-I-84","g__SC-I-84.9","false","d__Bacteria","d__Bacteria |  p__Proteobacteria |  c__Gammaproteobacteria | Burkholderiales |  f__SC-I-84 |  g__SC-I-84.9","120.94285714285714","0","105","Burkholderiales","0","p__Proteobacteria","0.9952871028342726","false","0","d__Bacteria |  p__Proteobacteria |  c__Gammaproteobacteria | Burkholderiales |  f__SC-I-84 |  g__SC-I-84.9","63018","0.1404678944748631"
"2.3056603773584907","6.106721221562461E-4","c__Acidimicrobiia","0.43371522094926346","0.3730612244897959","50","3","f__uncultured","g__uncultured.4","false","d__Bacteria","d__Bacteria |  p__Actinobacteriota |  c__Acidimicrobiia | uncultured |  f__uncultured |  g__uncultured.4","84.2","0","50","uncultured","0","p__Actinobacteriota","0.9943477905742056","false","0","d__Bacteria |  p__Actinobacteriota |  c__Acidimicrobiia | uncultured |  f__uncultured |  g__uncultured.4","35970","0.1227405247813411"
"2.329245283018868","3.272924154783162E-4","c__Alphaproteobacteria","0.4293236127987039","0.4741248097412481","73","3","f__Beijerinckiaceae","0.764154338","false","d__Bacteria","d__Bacteria |  p__Proteobacteria |  c__Alphaproteobacteria | Rhizobiales |  f__Beijerinckiaceae | 0.764154338","82.36986301369863","0","73","Rhizobiales","0","p__Proteobacteria","0.9942456914155027","false","0","d__Bacteria |  p__Proteobacteria |  c__Alphaproteobacteria | Rhizobiales |  f__Beijerinckiaceae | 0.764154338","18322","0.1291063683600292"
"1.9433962264150944","0.003033827581389905","c__Gammaproteobacteria","0.5145631067961165","0.3006080707573245","135","3","f__Comamonadaceae","g__Rhizobacter","false","d__Bacteria","d__Bacteria |  p__Proteobacteria |  c__Gammaproteobacteria | Burkholderiales |  f__Comamonadaceae |  g__Rhizobacter","120.77037037037037","0","135","Burkholderiales","0","p__Proteobacteria","0.9959160336518826","false","0","d__Bacteria |  p__Proteobacteria |  c__Gammaproteobacteria | Burkholderiales |  f__Comamonadaceae |  g__Rhizobacter","227848","0.12260951306636586"
"2.2613207547169814","5.31205898695412E-4","c__Alphaproteobacteria","0.44221944096787646","0.23273273273273273","37","3","f__Acetobacteraceae","g__Roseomonas","false","d__Bacteria","d__Bacteria |  p__Proteobacteria |  c__Alphaproteobacteria | Acetobacterales |  f__Acetobacteraceae |  g__Roseomonas","75.83783783783784","0","37","Acetobacterales","0","p__Proteobacteria","0.9945397369925671","false","0","d__Bacteria |  p__Proteobacteria |  c__Alphaproteobacteria | Acetobacterales |  f__Acetobacteraceae |  g__Roseomonas","22306","0.10165930005072096"
"2.327358490566038","2.1072862785889265E-4","c__Alphaproteobacteria","0.42967166599108225","0.2923387096774194","32","3","f__Sphingomonadaceae","g__Novosphingobium.1","false","d__Bacteria","d__Bacteria |  p__Proteobacteria |  c__Alphaproteobacteria | Sphingomonadales |  f__Sphingomonadaceae |  g__Novosphingobium.1","95.90625","0","32","Sphingomonadales","0","p__Proteobacteria","0.994253859348199","false","0","d__Bacteria |  p__Proteobacteria |  c__Alphaproteobacteria | Sphingomonadales |  f__Sphingomonadaceae |  g__Novosphingobium.1","10882","0.14083149779735682"
"2.137735849056604","6.180298429005465E-4","c__Actinobacteria","0.4677846425419241","0.4179154179154179","78","3","f__Pseudonocardiaceae","g__Pseudonocardia.12","false","d__Bacteria","d__Bacteria |  p__Actinobacteriota |  c__Actinobacteria | Pseudonocardiales |  f__Pseudonocardiaceae |  g__Pseudonocardia.12","119.44871794871794","0","78","Pseudonocardiales","0","p__Actinobacteriota","0.9950747365841706","false","0","d__Bacteria |  p__Actinobacteriota |  c__Actinobacteria | Pseudonocardiales |  f__Pseudonocardiaceae |  g__Pseudonocardia.12","37776","0.1428812415654521"
"2.1481132075471696","5.216114150358301E-4","c__TK10","0.46552481335090035","0.47494852436513385","94","3","f__TK10","g__TK10.67","false","d__Bacteria","d__Bacteria |  p__Chloroflexi |  c__TK10 | TK10 |  f__TK10 |  g__TK10.67","130.86170212765958","0","94","TK10","0","p__Chloroflexi","0.9950298129543412","false","0","d__Bacteria |  p__Chloroflexi |  c__TK10 | TK10 |  f__TK10 |  g__TK10.67","37432","0.16175735738894878"
"2.190566037735849","4.619373520077868E-4","c__Alphaproteobacteria","0.4565030146425495","0.3163841807909605","60","3","f__Devosiaceae","g__Devosia.1","false","d__Bacteria","d__Bacteria |  p__Proteobacteria |  c__Alphaproteobacteria | Rhizobiales |  f__Devosiaceae |  g__Devosia.1","111.76666666666667","0","60","Rhizobiales","0","p__Proteobacteria","0.9948460344686759","false","0","d__Bacteria |  p__Proteobacteria |  c__Alphaproteobacteria | Rhizobiales |  f__Devosiaceae |  g__Devosia.1","27288","0.14005847953216374"
"2.2443396226415095","5.275006113325742E-4","c__Alphaproteobacteria","0.44556536359815047","0.31975867269984914","52","3","f__Devosiaceae","g__Devosia.2","false","d__Bacteria","d__Bacteria |  p__Proteobacteria |  c__Alphaproteobacteria | Rhizobiales |  f__Devosiaceae |  g__Devosia.2","105.17307692307692","0","52","Rhizobiales","0","p__Proteobacteria","0.9946132483868333","false","0","d__Bacteria |  p__Proteobacteria |  c__Alphaproteobacteria | Rhizobiales |  f__Devosiaceae |  g__Devosia.2","24472","0.14041799322173154"
"2.158490566037736","7.673848114123971E-4","c__Gammaproteobacteria","0.4632867132867133","0.42940243257535693","62","3","f__SC-I-84","g__SC-I-84.8","false","d__Bacteria","d__Bacteria |  p__Proteobacteria |  c__Gammaproteobacteria | Burkholderiales |  f__SC-I-84 |  g__SC-I-84.8","102.04838709677419","0","62","Burkholderiales","0","p__Proteobacteria","0.994984889324512","false","0","d__Bacteria |  p__Proteobacteria |  c__Gammaproteobacteria | Burkholderiales |  f__SC-I-84 |  g__SC-I-84.8","41146","0.1229498639720171"
"2.1311320754716983","0.0010555353157903043","c__Actinobacteria","0.4692341744134573","0.32926277702397105","67","3","f__Frankiaceae","g__Jatrophihabitans.2","false","d__Bacteria","d__Bacteria |  p__Actinobacteriota |  c__Actinobacteria | Frankiales |  f__Frankiaceae |  g__Jatrophihabitans.2","77.94029850746269","0","67","Frankiales","0","p__Actinobacteriota","0.9951033243486074","false","0","d__Bacteria |  p__Actinobacteriota |  c__Actinobacteria | Frankiales |  f__Frankiaceae |  g__Jatrophihabitans.2","67472","0.09126498654269635"
"2.1537735849056605","0.0011525684450559982","c__Ktedonobacteria","0.46430135786246163","0.35215839013307365","79","3","f__C0119","g__C0119.5","false","d__Bacteria","d__Bacteria |  p__Chloroflexi |  c__Ktedonobacteria | C0119 |  f__C0119 |  g__C0119.5","83.73417721518987","0","79","C0119","0","p__Chloroflexi","0.9950053091562526","false","0","d__Bacteria |  p__Chloroflexi |  c__Ktedonobacteria | C0119 |  f__C0119 |  g__C0119.5","73954","0.10236451982297051"
"2.0537735849056604","0.0026457626109526265","c__Alphaproteobacteria","0.4869085898024805","0.20734126984126985","64","3","f__Sphingomonadaceae","g__uncultured.9","false","d__Bacteria","d__Bacteria |  p__Proteobacteria |  c__Alphaproteobacteria | Sphingomonadales |  f__Sphingomonadaceae |  g__uncultured.9","82.453125","0","64","Sphingomonadales","0","p__Proteobacteria","0.995438209589153","false","0","d__Bacteria |  p__Proteobacteria |  c__Alphaproteobacteria | Sphingomonadales |  f__Sphingomonadaceae |  g__uncultured.9","120668","0.08780950479233227"
"2.0839622641509434","0.0011439938455470367","c__Gammaproteobacteria","0.4798551380715256","0.30096153846153845","65","3","f__Burkholderiaceae","g__Ralstonia","false","d__Bacteria","d__Bacteria |  p__Proteobacteria |  c__Gammaproteobacteria | Burkholderiales |  f__Burkholderiaceae |  g__Ralstonia","100.64615384615385","0","65","Burkholderiales","0","p__Proteobacteria","0.9953075226660132","false","0","d__Bacteria |  p__Proteobacteria |  c__Gammaproteobacteria | Burkholderiales |  f__Burkholderiaceae |  g__Ralstonia","68854","0.11108847002886738"
"2.383018867924528","3.5813889776548145E-4","c__Actinobacteria","0.4196357878068092","0.44161545215100967","68","3","f__Frankiaceae","0.761074565","false","d__Bacteria","d__Bacteria |  p__Actinobacteriota |  c__Actinobacteria | Frankiales |  f__Frankiaceae | 0.761074565","88.8970588235294","0","68","Frankiales","0","p__Actinobacteriota","0.99401290533366","false","0","d__Bacteria |  p__Actinobacteriota |  c__Actinobacteria | Frankiales |  f__Frankiaceae | 0.761074565","17658","0.1517014655691628"
"2.172641509433962","6.322442561685097E-4","c__Actinobacteria","0.46026921406860616","0.4056895485466914","99","3","f__Micromonosporaceae","g__Actinoplanes.5","false","d__Bacteria","d__Bacteria |  p__Actinobacteriota |  c__Actinobacteria | Micromonosporales |  f__Micromonosporaceae |  g__Actinoplanes.5","105.86868686868686","0","99","Micromonosporales","0","p__Actinobacteriota","0.9949236298292902","false","0","d__Bacteria |  p__Actinobacteriota |  c__Actinobacteria | Micromonosporales |  f__Micromonosporaceae |  g__Actinoplanes.5","49052","0.1360780036872582"
"2.2169811320754715","0.0010324832996612269","c__Alphaproteobacteria","0.4510638297872341","0.445097037793667","89","3","f__Xanthobacteraceae","g__Tardiphaga","false","d__Bacteria","d__Bacteria |  p__Proteobacteria |  c__Alphaproteobacteria | Rhizobiales |  f__Xanthobacteraceae |  g__Tardiphaga","98.33707865168539","0","89","Rhizobiales","0","p__Proteobacteria","0.9947316834109288","false","0","d__Bacteria |  p__Proteobacteria |  c__Alphaproteobacteria | Rhizobiales |  f__Xanthobacteraceae |  g__Tardiphaga","46412","0.13270860816691685"
"2.1660377358490566","3.1560416422533107E-4","c__Actinobacteria","0.4616724738675958","0.34492753623188405","46","3","f__Nocardioidaceae","g__Nocardioides.26","false","d__Bacteria","d__Bacteria |  p__Actinobacteriota |  c__Actinobacteria | Propionibacteriales |  f__Nocardioidaceae |  g__Nocardioides.26","113.28260869565217","0","46","Propionibacteriales","0","p__Actinobacteriota","0.9949522175937271","false","0","d__Bacteria |  p__Actinobacteriota |  c__Actinobacteria | Propionibacteriales |  f__Nocardioidaceae |  g__Nocardioides.26","20986","0.13518211061533672"
"2.360377358490566","1.4743677433631168E-4","c__Alphaproteobacteria","0.42366107114308554","0.5716440422322775","52","4","f__Beijerinckiaceae","g__Psychroglaciecola.1","false","d__Bacteria","d__Bacteria |  p__Proteobacteria |  c__Alphaproteobacteria | Rhizobiales |  f__Beijerinckiaceae |  g__Psychroglaciecola.1","94.0","0","52","Rhizobiales","0","p__Proteobacteria","0.9941109205260149","false","0","d__Bacteria |  p__Proteobacteria |  c__Alphaproteobacteria | Rhizobiales |  f__Beijerinckiaceae |  g__Psychroglaciecola.1","9284","0.15012902433030229"
"2.219811320754717","6.817114723000707E-4","c__Alphaproteobacteria","0.45048873778155546","0.24086021505376345","31","3","f__Rhizobiaceae","g__Allorhizobium-Neorhizobium-Pararhizobium-Rhizobium.4","false","d__Bacteria","d__Bacteria |  p__Proteobacteria |  c__Alphaproteobacteria | Rhizobiales |  f__Rhizobiaceae |  g__Allorhizobium-Neorhizobium-Pararhizobium-Rhizobium.4","94.74193548387096","0","31","Rhizobiales","0","p__Proteobacteria","0.9947194315118842","false","0","d__Bacteria |  p__Proteobacteria |  c__Alphaproteobacteria | Rhizobiales |  f__Rhizobiaceae |  g__Allorhizobium-Neorhizobium-Pararhizobium-Rhizobium.4","31450","0.11902253201491328"
"2.3339622641509434","1.2044242066008331E-4","c__Actinobacteria","0.4284559417946645","0.34838709677419355","31","4","f__Nakamurellaceae","g__Nakamurella.2","false","d__Bacteria","d__Bacteria |  p__Actinobacteriota |  c__Actinobacteria | Frankiales |  f__Nakamurellaceae |  g__Nakamurella.2","113.51612903225806","0","31","Frankiales","0","p__Actinobacteriota","0.9942252715837621","false","0","d__Bacteria |  p__Actinobacteriota |  c__Actinobacteria | Frankiales |  f__Nakamurellaceae |  g__Nakamurella.2","8078","0.16792326779919833"
"2.150943396226415","7.905073166750798E-4","c__Gammaproteobacteria","0.4649122807017544","0.3809009009009009","75","3","f__CCD24","g__CCD24","false","d__Bacteria","d__Bacteria |  p__Proteobacteria |  c__Gammaproteobacteria | CCD24 |  f__CCD24 |  g__CCD24","107.56","0","75","CCD24","0","p__Proteobacteria","0.9950175610552969","false","0","d__Bacteria |  p__Proteobacteria |  c__Gammaproteobacteria | CCD24 |  f__CCD24 |  g__CCD24","47664","0.1303757575757576"
"2.0952830188679243","8.181876540686992E-4","c__Gammaproteobacteria","0.4772624943719046","0.38424908424908427","105","3","f__Pseudohongiellaceae","g__BIyi10","false","d__Bacteria","d__Bacteria |  p__Proteobacteria |  c__Gammaproteobacteria | Oceanospirillales |  f__Pseudohongiellaceae |  g__BIyi10","115.82857142857142","0","105","Oceanospirillales","0","p__Proteobacteria","0.9952585150698359","false","0","d__Bacteria |  p__Proteobacteria |  c__Gammaproteobacteria | Oceanospirillales |  f__Pseudohongiellaceae |  g__BIyi10","55912","0.1356306457009033"
"2.271698113207547","5.057486537916182E-4","c__Kapabacteria","0.44019933554817275","0.2597560975609756","41","3","f__Kapabacteriales","g__Kapabacteriales.2","false","d__Bacteria","d__Bacteria |  p__Bacteroidota |  c__Kapabacteria | Kapabacteriales |  f__Kapabacteriales |  g__Kapabacteriales.2","80.95121951219512","0","41","Kapabacteriales","0","p__Bacteroidota","0.9944948133627379","false","0","d__Bacteria |  p__Bacteroidota |  c__Kapabacteria | Kapabacteriales |  f__Kapabacteriales |  g__Kapabacteriales.2","22606","0.11074038236962397"
"2.1018867924528304","9.618413518169609E-4","c__Actinobacteria","0.47576301615798916","0.2712906057945566","68","3","f__Kineosporiaceae","g__uncultured","false","d__Bacteria","d__Bacteria |  p__Actinobacteriota |  c__Actinobacteria | Kineosporiales |  f__Kineosporiaceae |  g__uncultured","108.07352941176471","0","68","Kineosporiales","0","p__Actinobacteriota","0.995229927305399","false","0","d__Bacteria |  p__Actinobacteriota |  c__Actinobacteria | Kineosporiales |  f__Kineosporiaceae |  g__uncultured","62346","0.1222551237689646"
"1.960377358490566","0.0033748955422350465","c__Bdellovibrionia","0.5101058710298364","0.27945935655815723","103","3","f__Bacteriovoracaceae","g__Peredibacter","false","d__Bacteria","d__Bacteria |  p__Bdellovibrionota |  c__Bdellovibrionia | Bacteriovoracales |  f__Bacteriovoracaceae |  g__Peredibacter","101.89320388349515","0","103","Bacteriovoracales","0","p__Bdellovibrionota","0.9958425222576166","false","0","d__Bacteria |  p__Bdellovibrionota |  c__Bdellovibrionia | Bacteriovoracales |  f__Bacteriovoracaceae |  g__Peredibacter","193074","0.10199519908257772"
"2.2481132075471697","3.866564737213262E-4","c__Gammaproteobacteria","0.4448174569869912","0.2969472710453284","47","3","f__Cellvibrionaceae","g__Cellvibrio.2","false","d__Bacteria","d__Bacteria |  p__Proteobacteria |  c__Gammaproteobacteria | Cellvibrionales |  f__Cellvibrionaceae |  g__Cellvibrio.2","92.31914893617021","0","47","Cellvibrionales","0","p__Proteobacteria","0.9945969125214409","false","0","d__Bacteria |  p__Proteobacteria |  c__Gammaproteobacteria | Cellvibrionales |  f__Cellvibrionaceae |  g__Cellvibrio.2","21042","0.12309219858156029"
"2.0707547169811322","6.473548236715032E-4","c__Gammaproteobacteria","0.4829157175398633","0.43825472772841195","133","3","f__Xanthomonadaceae","g__Arenimonas.5","false","d__Bacteria","d__Bacteria |  p__Proteobacteria |  c__Gammaproteobacteria | Xanthomonadales |  f__Xanthomonadaceae |  g__Arenimonas.5","131.9624060150376","0","133","Xanthomonadales","0","p__Proteobacteria","0.9953646981948869","false","0","d__Bacteria |  p__Proteobacteria |  c__Gammaproteobacteria | Xanthomonadales |  f__Xanthomonadaceae |  g__Arenimonas.5","55840","0.15488545306929294"
"2.352830188679245","1.4409417235392575E-4","c__Alphaproteobacteria","0.42502004811547717","0.396969696969697","45","4","f__Xanthobacteraceae","g__Rhodopseudomonas","false","d__Bacteria","d__Bacteria |  p__Proteobacteria |  c__Alphaproteobacteria | Rhizobiales |  f__Xanthobacteraceae |  g__Rhodopseudomonas","109.04444444444445","0","45","Rhizobiales","0","p__Proteobacteria","0.9941435922567998","false","0","d__Bacteria |  p__Proteobacteria |  c__Alphaproteobacteria | Rhizobiales |  f__Xanthobacteraceae |  g__Rhodopseudomonas","8230","0.16985115957078573"
"2.210377358490566","3.445834330967858E-4","c__Actinobacteria","0.4524114383269313","0.37706237424547284","71","3","f__Pseudonocardiaceae","g__Umezawaea","false","d__Bacteria","d__Bacteria |  p__Actinobacteriota |  c__Actinobacteria | Pseudonocardiales |  f__Pseudonocardiaceae |  g__Umezawaea","120.38028169014085","0","71","Pseudonocardiales","0","p__Actinobacteriota","0.9947602711753655","false","0","d__Bacteria |  p__Actinobacteriota |  c__Actinobacteria | Pseudonocardiales |  f__Pseudonocardiaceae |  g__Umezawaea","22940","0.15715441473908726"
"2.140566037735849","5.70868254055517E-4","c__Actinobacteria","0.4671661524900838","0.45741878841088673","68","3","f__Nocardioidaceae","0.999877089","false","d__Bacteria","d__Bacteria |  p__Actinobacteriota |  c__Actinobacteria | Propionibacteriales |  f__Nocardioidaceae | 0.999877089","129.35294117647058","0","68","Propionibacteriales","0","p__Actinobacteriota","0.9950624846851261","false","0","d__Bacteria |  p__Actinobacteriota |  c__Actinobacteria | Propionibacteriales |  f__Nocardioidaceae | 0.999877089","34944","0.15344358383922965"
"2.049056603773585","0.0013549303215196662","c__TK10","0.4880294659300184","0.35216462822752864","102","3","f__TK10","g__TK10.132","false","d__Bacteria","d__Bacteria |  p__Chloroflexi |  c__TK10 | TK10 |  f__TK10 |  g__TK10.132","123.69607843137256","0","102","TK10","0","p__Chloroflexi","0.9954586294208936","false","0","d__Bacteria |  p__Chloroflexi |  c__TK10 | TK10 |  f__TK10 |  g__TK10.132","89410","0.1365298878933472"
"2.2556603773584905","4.799276706995191E-4","c__MB-A2-108","0.44332915098285236","0.5302579365079365","64","3","f__MB-A2-108","g__MB-A2-108.1","false","d__Bacteria","d__Bacteria |  p__Actinobacteriota |  c__MB-A2-108 | MB-A2-108 |  f__MB-A2-108 |  g__MB-A2-108.1","110.34375","0","64","MB-A2-108","0","p__Actinobacteriota","0.994564240790656","false","0","d__Bacteria |  p__Actinobacteriota |  c__MB-A2-108 | MB-A2-108 |  f__MB-A2-108 |  g__MB-A2-108.1","25374","0.1523869129834254"
"2.331132075471698","2.3433425503862124E-4","c__Gammaproteobacteria","0.4289761230271146","0.3984034833091437","53","3","f__Xanthomonadaceae","g__Lysobacter","false","d__Bacteria","d__Bacteria |  p__Proteobacteria |  c__Gammaproteobacteria | Xanthomonadales |  f__Xanthomonadaceae |  g__Lysobacter","101.35849056603773","0","53","Xanthomonadales","0","p__Proteobacteria","0.9942375234828066","false","0","d__Bacteria |  p__Proteobacteria |  c__Gammaproteobacteria | Xanthomonadales |  f__Xanthomonadaceae |  g__Lysobacter","11306","0.15450989415554534"
"2.3037735849056604","4.994845066292257E-4","c__TK10","0.43407043407043405","0.3671497584541063","46","3","f__TK10","g__TK10.179","false","d__Bacteria","d__Bacteria |  p__Chloroflexi |  c__TK10 | TK10 |  f__TK10 |  g__TK10.179","85.91304347826087","0","46","TK10","0","p__Chloroflexi","0.994355958506902","false","0","d__Bacteria |  p__Chloroflexi |  c__TK10 | TK10 |  f__TK10 |  g__TK10.179","26184","0.12415179693390299"
"2.1018867924528304","0.001102238606467158","c__Actinobacteria","0.47576301615798916","0.22756706753006475","47","3","f__Nocardioidaceae","g__Nocardioides.13","false","d__Bacteria","d__Bacteria |  p__Actinobacteriota |  c__Actinobacteria | Propionibacteriales |  f__Nocardioidaceae |  g__Nocardioides.13","84.65957446808511","0","47","Propionibacteriales","0","p__Actinobacteriota","0.995229927305399","false","0","d__Bacteria |  p__Actinobacteriota |  c__Actinobacteria | Propionibacteriales |  f__Nocardioidaceae |  g__Nocardioides.13","60344","0.09354649112495592"
"2.336792452830189","1.5593563211976235E-4","c__Bacteroidia","0.4279370205894227","0.4099099099099099","37","3","f__Flavobacteriaceae","g__Flavobacterium.13","false","d__Bacteria","d__Bacteria |  p__Bacteroidota |  c__Bacteroidia | Flavobacteriales |  f__Flavobacteriaceae |  g__Flavobacterium.13","90.05405405405405","0","37","Flavobacteriales","0","p__Bacteroidota","0.9942130196847178","false","0","d__Bacteria |  p__Bacteroidota |  c__Bacteroidia | Flavobacteriales |  f__Flavobacteriaceae |  g__Flavobacterium.13","8484","0.13521629737845953"
"2.139622641509434","8.989128149462993E-4","c__Actinobacteria","0.4673721340388007","0.388548639794901","119","3","f__Pseudonocardiaceae","g__Actinomycetospora.3","false","d__Bacteria","d__Bacteria |  p__Actinobacteriota |  c__Actinobacteria | Pseudonocardiales |  f__Pseudonocardiaceae |  g__Actinomycetospora.3","101.73949579831933","0","119","Pseudonocardiales","0","p__Actinobacteriota","0.9950665686514742","false","0","d__Bacteria |  p__Actinobacteriota |  c__Actinobacteria | Pseudonocardiales |  f__Pseudonocardiaceae |  g__Actinomycetospora.3","62900","0.12829696821982262"
"2.3150943396226413","7.244213350358922E-4","c__Alphaproteobacteria","0.43194784026079874","0.2399193548387097","32","4","f__Caulobacteraceae","g__Phenylobacterium.5","false","d__Bacteria","d__Bacteria |  p__Proteobacteria |  c__Alphaproteobacteria | Caulobacterales |  f__Caulobacteraceae |  g__Phenylobacterium.5","68.125","0","32","Caulobacterales","0","p__Proteobacteria","0.9943069509107245","false","0","d__Bacteria |  p__Proteobacteria |  c__Alphaproteobacteria | Caulobacterales |  f__Caulobacteraceae |  g__Phenylobacterium.5","26968","0.09802158273381295"
"2.2858490566037735","4.479903274554606E-4","c__Alphaproteobacteria","0.43747420553033434","0.23186344238975817","38","3","f__Caulobacteraceae","g__uncultured.3","false","d__Bacteria","d__Bacteria |  p__Proteobacteria |  c__Alphaproteobacteria | Caulobacterales |  f__Caulobacteraceae |  g__uncultured.3","81.55263157894737","0","38","Caulobacterales","0","p__Proteobacteria","0.9944335538675161","false","0","d__Bacteria |  p__Proteobacteria |  c__Alphaproteobacteria | Caulobacterales |  f__Caulobacteraceae |  g__uncultured.3","21228","0.11342507869116462"
"2.193396226415094","5.594110882816656E-4","c__Actinobacteria","0.4559139784946237","0.35555555555555557","55","3","f__Streptosporangiales_Incertae_Sedis","g__Motilibacter","false","d__Bacteria","d__Bacteria |  p__Actinobacteriota |  c__Actinobacteria | Streptosporangiales |  f__Streptosporangiales_Incertae_Sedis |  g__Motilibacter","113.61818181818182","0","55","Streptosporangiales","0","p__Actinobacteriota","0.9948337825696316","false","0","d__Bacteria |  p__Actinobacteriota |  c__Actinobacteria | Streptosporangiales |  f__Streptosporangiales_Incertae_Sedis |  g__Motilibacter","35742","0.14217772215269087"
"2.1320754716981134","9.517054419753871E-4","c__Gammaproteobacteria","0.4690265486725663","0.3217734855136084","68","3","f__Nitrosomonadaceae","g__MND1.12","false","d__Bacteria","d__Bacteria |  p__Proteobacteria |  c__Gammaproteobacteria | Burkholderiales |  f__Nitrosomonadaceae |  g__MND1.12","107.22058823529412","0","68","Burkholderiales","0","p__Proteobacteria","0.9950992403822593","false","0","d__Bacteria |  p__Proteobacteria |  c__Gammaproteobacteria | Burkholderiales |  f__Nitrosomonadaceae |  g__MND1.12","52358","0.1258457608395471"
"2.202830188679245","4.261014278800886E-4","c__Gemmatimonadetes","0.45396145610278377","0.4538794538794539","78","3","f__Gemmatimonadaceae","g__uncultured.3","false","d__Bacteria","d__Bacteria |  p__Gemmatimonadota |  c__Gemmatimonadetes | Gemmatimonadales |  f__Gemmatimonadaceae |  g__uncultured.3","102.57692307692308","0","78","Gemmatimonadales","0","p__Gemmatimonadota","0.9947929429061504","false","0","d__Bacteria |  p__Gemmatimonadota |  c__Gemmatimonadetes | Gemmatimonadales |  f__Gemmatimonadaceae |  g__uncultured.3","32056","0.13373783973523218"
"2.0971698113207546","7.267335659730655E-4","c__Thermoleophilia","0.4768331084120558","0.4148970398970399","112","3","f__uncultured","g__uncultured.32","false","d__Bacteria","d__Bacteria |  p__Actinobacteriota |  c__Thermoleophilia | Gaiellales |  f__uncultured |  g__uncultured.32","127.64285714285714","0","112","Gaiellales","0","p__Actinobacteriota","0.9952503471371396","false","0","d__Bacteria |  p__Actinobacteriota |  c__Thermoleophilia | Gaiellales |  f__uncultured |  g__uncultured.32","52228","0.1510566356720203"
"2.1547169811320757","3.998408288386759E-4","c__Thermoleophilia","0.46409807355516636","0.3813664596273292","70","3","f__uncultured","g__uncultured.54","false","d__Bacteria","d__Bacteria |  p__Actinobacteriota |  c__Thermoleophilia | Gaiellales |  f__uncultured |  g__uncultured.54","129.38571428571427","0","70","Gaiellales","0","p__Actinobacteriota","0.9950012251899044","false","0","d__Bacteria |  p__Actinobacteriota |  c__Thermoleophilia | Gaiellales |  f__uncultured |  g__uncultured.54","28352","0.15664130058803183"
"2.102830188679245","8.773272227472873E-4",,"0.4755495737999103","0.43275418275418276","112","3",,,"false",,"d__Bacteria |  p__Chloroflexi | 0.944885105 |  |  | ","114.84821428571429","0","112",,"0",,"0.995225843339051","false","0","d__Bacteria |  p__Chloroflexi | 0.944885105 |  |  | ","67758","0.13688702537033884"
"2.142452830188679","6.77795207430717E-4",,"0.46675473359753417","0.4252051335998317","98","3",,,"false",,"d__Bacteria |  p__Chloroflexi | 0.989356718 |  |  | ","126.81632653061224","0","98",,"0",,"0.99505431675243","false","0","d__Bacteria |  p__Chloroflexi | 0.989356718 |  |  | ","44200","0.15637031631394852"
"2.141509433962264","7.965379458998712E-4","c__Nitrospiria","0.4669603524229075","0.40080808080808084","100","3","f__Nitrospiraceae","g__Nitrospira.6","false","d__Bacteria","d__Bacteria |  p__Nitrospirota |  c__Nitrospiria | Nitrospirales |  f__Nitrospiraceae |  g__Nitrospira.6","120.76","0","100","Nitrospirales","0","p__Nitrospirota","0.9950584007187782","false","0","d__Bacteria |  p__Nitrospirota |  c__Nitrospiria | Nitrospirales |  f__Nitrospiraceae |  g__Nitrospira.6","47618","0.14908641975308642"
"2.2650943396226415","6.261238016417795E-4","c__Thermoleophilia","0.4414827155351937","0.3621190130624093","53","3","f__67-14","g__67-14.14","false","d__Bacteria","d__Bacteria |  p__Actinobacteriota |  c__Thermoleophilia | Solirubrobacterales |  f__67-14 |  g__67-14.14","80.64150943396227","0","53","Solirubrobacterales","0","p__Actinobacteriota","0.9945234011271747","false","0","d__Bacteria |  p__Actinobacteriota |  c__Thermoleophilia | Solirubrobacterales |  f__67-14 |  g__67-14.14","33016","0.11107645927543011"
"2.3811320754716983","2.6912180135475636E-4","c__Alphaproteobacteria","0.41996830427892234","0.48688524590163934","61","3","f__Beijerinckiaceae","g__Psychroglaciecola.2","false","d__Bacteria","d__Bacteria |  p__Proteobacteria |  c__Alphaproteobacteria | Rhizobiales |  f__Beijerinckiaceae |  g__Psychroglaciecola.2","83.8688524590164","0","61","Rhizobiales","0","p__Proteobacteria","0.9940210732663562","false","0","d__Bacteria |  p__Proteobacteria |  c__Alphaproteobacteria | Rhizobiales |  f__Beijerinckiaceae |  g__Psychroglaciecola.2","14066","0.14095605455296872"
"2.239622641509434","6.573867192650034E-4","c__Thermoleophilia","0.4465037910699242","0.3911930363543267","63","3","f__67-14","g__67-14.30","false","d__Bacteria","d__Bacteria |  p__Actinobacteriota |  c__Thermoleophilia | Solirubrobacterales |  f__67-14 |  g__67-14.30","89.76190476190476","0","63","Solirubrobacterales","0","p__Actinobacteriota","0.9946336682185738","false","0","d__Bacteria |  p__Actinobacteriota |  c__Thermoleophilia | Solirubrobacterales |  f__67-14 |  g__67-14.30","34822","0.12081010062167531"
"2.241509433962264","4.6405436047228135E-4","c__TK10","0.44612794612794615","0.5011415525114156","73","3","f__TK10","g__TK10.213","false","d__Bacteria","d__Bacteria |  p__Chloroflexi |  c__TK10 | TK10 |  f__TK10 |  g__TK10.213","96.13698630136986","0","73","TK10","0","p__Chloroflexi","0.9946255002858776","false","0","d__Bacteria |  p__Chloroflexi |  c__TK10 | TK10 |  f__TK10 |  g__TK10.213","27812","0.1315143451455128"
"2.2783018867924527","2.209531469928381E-4","c__TK10","0.4389233954451346","0.4826923076923077","65","3","f__TK10","g__TK10.244","false","d__Bacteria","d__Bacteria |  p__Chloroflexi |  c__TK10 | TK10 |  f__TK10 |  g__TK10.244","95.81538461538462","0","65","TK10","0","p__Chloroflexi","0.994466225598301","false","0","d__Bacteria |  p__Chloroflexi |  c__TK10 | TK10 |  f__TK10 |  g__TK10.244","18472","0.13687912087912088"
"2.1160377358490567","0.002226793935237845","c__TK10","0.4725813642443156","0.37365874184725434","98","3","f__TK10","g__TK10.306","false","d__Bacteria","d__Bacteria |  p__Chloroflexi |  c__TK10 | TK10 |  f__TK10 |  g__TK10.306","90.11224489795919","0","98","TK10","0","p__Chloroflexi","0.9951686678101772","false","0","d__Bacteria |  p__Chloroflexi |  c__TK10 | TK10 |  f__TK10 |  g__TK10.306","118208","0.10740434433606577"
"2.370754716981132","1.4318736472825945E-4","c__Nitrospiria","0.4218066056506168","0.28","25","4","f__Nitrospiraceae","g__Nitrospira.1","false","d__Bacteria","d__Bacteria |  p__Nitrospirota |  c__Nitrospiria | Nitrospirales |  f__Nitrospiraceae |  g__Nitrospira.1","89.36","0","25","Nitrospirales","0","p__Nitrospirota","0.9940659968961856","false","0","d__Bacteria |  p__Nitrospirota |  c__Nitrospiria | Nitrospirales |  f__Nitrospiraceae |  g__Nitrospira.1","6298","0.13912772585669783"
"2.219811320754717","5.196306041056776E-4","c__Alphaproteobacteria","0.45048873778155546","0.41669115486335584","83","3","f__Xanthobacteraceae","0.948230373","false","d__Bacteria","d__Bacteria |  p__Proteobacteria |  c__Alphaproteobacteria | Rhizobiales |  f__Xanthobacteraceae | 0.948230373","93.72289156626506","0","83","Rhizobiales","0","p__Proteobacteria","0.9947194315118842","false","0","d__Bacteria |  p__Proteobacteria |  c__Alphaproteobacteria | Rhizobiales |  f__Xanthobacteraceae | 0.948230373","33532","0.125971628449281"
"2.2783018867924527","2.2069928232669561E-4","c__TK10","0.4389233954451346","0.2934472934472934","27","3","f__TK10","g__TK10.100","false","d__Bacteria","d__Bacteria |  p__Chloroflexi |  c__TK10 | TK10 |  f__TK10 |  g__TK10.100","96.55555555555556","0","27","TK10","0","p__Chloroflexi","0.994466225598301","false","0","d__Bacteria |  p__Chloroflexi |  c__TK10 | TK10 |  f__TK10 |  g__TK10.100","12588","0.13083408611863898"
"2.120754716981132","4.884910216388873E-4","c__Bacteroidia","0.47153024911032027","0.49606299212598426","127","3","f__AKYH767","g__AKYH767.12","false","d__Bacteria","d__Bacteria |  p__Bacteroidota |  c__Bacteroidia | Sphingobacteriales |  f__AKYH767 |  g__AKYH767.12","126.65354330708661","0","127","Sphingobacteriales","0","p__Bacteroidota","0.9951482479784366","false","0","d__Bacteria |  p__Bacteroidota |  c__Bacteroidia | Sphingobacteriales |  f__AKYH767 |  g__AKYH767.12","45390","0.15733359417029394"
"1.9424528301886792","0.0027596722042355385","c__JG30-KF-CM66","0.5148130160271976","0.34384803067270825","152","3","f__JG30-KF-CM66","g__JG30-KF-CM66.24","false","d__Bacteria","d__Bacteria |  p__Chloroflexi |  c__JG30-KF-CM66 | JG30-KF-CM66 |  f__JG30-KF-CM66 |  g__JG30-KF-CM66.24","118.00657894736842","0","152","JG30-KF-CM66","0","p__Chloroflexi","0.9959201176182308","false","0","d__Bacteria |  p__Chloroflexi |  c__JG30-KF-CM66 | JG30-KF-CM66 |  f__JG30-KF-CM66 |  g__JG30-KF-CM66.24","202110","0.12178181521916245"
"1.9858490566037736","0.002765819326247124","c__JG30-KF-CM66","0.503562945368171","0.3033613445378151","120","3","f__JG30-KF-CM66","g__JG30-KF-CM66.29","false","d__Bacteria","d__Bacteria |  p__Chloroflexi |  c__JG30-KF-CM66 | JG30-KF-CM66 |  f__JG30-KF-CM66 |  g__JG30-KF-CM66.29","114.325","0","120","JG30-KF-CM66","0","p__Chloroflexi","0.9957322551662174","false","0","d__Bacteria |  p__Chloroflexi |  c__JG30-KF-CM66 | JG30-KF-CM66 |  f__JG30-KF-CM66 |  g__JG30-KF-CM66.29","178986","0.11971204188481675"
"2.017924528301887","0.0016848277963238765","c__TK10","0.4955586722767648","0.3947754231640677","123","3","f__TK10","g__TK10.242","false","d__Bacteria","d__Bacteria |  p__Chloroflexi |  c__TK10 | TK10 |  f__TK10 |  g__TK10.242","124.09756097560975","0","123","TK10","0","p__Chloroflexi","0.9955934003103815","false","0","d__Bacteria |  p__Chloroflexi |  c__TK10 | TK10 |  f__TK10 |  g__TK10.242","123426","0.13518252829587118"
"2.112264150943396","5.485195444159904E-4","c__TK10","0.4734256364448415","0.4917953667953668","112","3","f__TK10","g__TK10.302","false","d__Bacteria","d__Bacteria |  p__Chloroflexi |  c__TK10 | TK10 |  f__TK10 |  g__TK10.302","131.83035714285714","0","112","TK10","0","p__Chloroflexi","0.9951850036755697","false","0","d__Bacteria |  p__Chloroflexi |  c__TK10 | TK10 |  f__TK10 |  g__TK10.302","51908","0.15902334999138376"
"2.0622641509433963","0.002391573344755852","c__Gammaproteobacteria","0.484903934126258","0.38981653267367555","99","3","f__SC-I-84","g__SC-I-84.32","false","d__Bacteria","d__Bacteria |  p__Proteobacteria |  c__Gammaproteobacteria | Burkholderiales |  f__SC-I-84 |  g__SC-I-84.32","111.67676767676768","0","99","Burkholderiales","0","p__Proteobacteria","0.9954014538920198","false","0","d__Bacteria |  p__Proteobacteria |  c__Gammaproteobacteria | Burkholderiales |  f__SC-I-84 |  g__SC-I-84.32","146916","0.12477851137069014"
"2.1556603773584904","5.372222531053232E-4","c__Gammaproteobacteria","0.46389496717724293","0.4566151202749141","97","3","f__SC-I-84","g__SC-I-84.45","false","d__Bacteria","d__Bacteria |  p__Proteobacteria |  c__Gammaproteobacteria | Burkholderiales |  f__SC-I-84 |  g__SC-I-84.45","112.28865979381443","0","97","Burkholderiales","0","p__Proteobacteria","0.9949971412235563","false","0","d__Bacteria |  p__Proteobacteria |  c__Gammaproteobacteria | Burkholderiales |  f__SC-I-84 |  g__SC-I-84.45","39824","0.14071260625791282"
"2.1745283018867925","0.00187670102851072","c__Kapabacteria","0.4598698481561822","0.4231354642313546","73","3","f__Kapabacteriales","g__Kapabacteriales.9","false","d__Bacteria","d__Bacteria |  p__Bacteroidota |  c__Kapabacteria | Kapabacteriales |  f__Kapabacteriales |  g__Kapabacteriales.9","92.95890410958904","0","73","Kapabacteriales","0","p__Bacteroidota","0.994915461896594","false","0","d__Bacteria |  p__Bacteroidota |  c__Kapabacteria | Kapabacteriales |  f__Kapabacteriales |  g__Kapabacteriales.9","75878","0.11590885799200629"
"2.1367924528301887","0.001005922677909069","c__Dehalococcoidia","0.46799116997792495","0.2621951219512195","41","3","f__S085","g__S085.11","false","d__Bacteria","d__Bacteria |  p__Chloroflexi |  c__Dehalococcoidia | S085 |  f__S085 |  g__S085.11","101.7560975609756","0","41","S085","0","p__Chloroflexi","0.9950788205505187","false","0","d__Bacteria |  p__Chloroflexi |  c__Dehalococcoidia | S085 |  f__S085 |  g__S085.11","50348","0.11642574091644807"
"2.120754716981132","0.0014975394539247556","c__TK10","0.47153024911032027","0.3623417721518987","80","3","f__TK10","g__TK10.209","false","d__Bacteria","d__Bacteria |  p__Chloroflexi |  c__TK10 | TK10 |  f__TK10 |  g__TK10.209","94.275","0","80","TK10","0","p__Chloroflexi","0.9951482479784366","false","0","d__Bacteria |  p__Chloroflexi |  c__TK10 | TK10 |  f__TK10 |  g__TK10.209","83432","0.11065140845070423"
"2.1660377358490566","8.839411424456131E-4","c__JG30-KF-CM66","0.4616724738675958","0.3751412429378531","60","3","f__JG30-KF-CM66","g__JG30-KF-CM66.45","false","d__Bacteria","d__Bacteria |  p__Chloroflexi |  c__JG30-KF-CM66 | JG30-KF-CM66 |  f__JG30-KF-CM66 |  g__JG30-KF-CM66.45","110.98333333333333","0","60","JG30-KF-CM66","0","p__Chloroflexi","0.9949522175937271","false","0","d__Bacteria |  p__Chloroflexi |  c__JG30-KF-CM66 | JG30-KF-CM66 |  f__JG30-KF-CM66 |  g__JG30-KF-CM66.45","53058","0.13468851132686085"
"2.2264150943396226","7.109210476068492E-4","c__Deinococci","0.4491525423728814","0.4230565838180857","62","3","f__Deinococcaceae","g__Deinococcus.7","false","d__Bacteria","d__Bacteria |  p__Deinococcota |  c__Deinococci | Deinococcales |  f__Deinococcaceae |  g__Deinococcus.7","90.79032258064517","0","62","Deinococcales","0","p__Deinococcota","0.9946908437474475","false","0","d__Bacteria |  p__Deinococcota |  c__Deinococci | Deinococcales |  f__Deinococcaceae |  g__Deinococcus.7","43316","0.119776151161801"
"2.3235849056603772","1.7057891687071691E-4","c__Alphaproteobacteria","0.43036946812829885","0.5111111111111111","45","3","f__Sphingomonadaceae","g__Plot4-2H12","false","d__Bacteria","d__Bacteria |  p__Proteobacteria |  c__Alphaproteobacteria | Sphingomonadales |  f__Sphingomonadaceae |  g__Plot4-2H12","98.82222222222222","0","45","Sphingomonadales","0","p__Proteobacteria","0.9942701952135915","false","0","d__Bacteria |  p__Proteobacteria |  c__Alphaproteobacteria | Sphingomonadales |  f__Sphingomonadaceae |  g__Plot4-2H12","11218","0.1470568783068783"
"1.9839622641509433","0.002339008209940877",,"0.5040418449833571","0.36814712005551703","132","3",,,"false",,"d__Bacteria |  p__Chloroflexi | 0.950532677 |  |  | ","123.06060606060606","0","132",,"0",,"0.9957404230989138","false","0","d__Bacteria |  p__Chloroflexi | 0.950532677 |  |  | ","171598","0.1302228635561969"
"2.3424528301886793","4.1464399932993415E-4",,"0.42690293999194523","0.48596491228070177","76","3",,,"false",,"d__Bacteria |  p__Chloroflexi | 0.990831174 |  |  | ","89.0","0","76",,"0",,"0.9941885158866292","false","0","d__Bacteria |  p__Chloroflexi | 0.990831174 |  |  | ","20748","0.143317230273752"
"2.210377358490566","0.0010216994975179936","c__TK10","0.4524114383269313","0.420576478013886","98","3","f__TK10","g__TK10.323","false","d__Bacteria","d__Bacteria |  p__Chloroflexi |  c__TK10 | TK10 |  f__TK10 |  g__TK10.323","91.05102040816327","0","98","TK10","0","p__Chloroflexi","0.9947602711753655","false","0","d__Bacteria |  p__Chloroflexi |  c__TK10 | TK10 |  f__TK10 |  g__TK10.323","55250","0.12320841733175002"
"2.2443396226415095","4.358072010973857E-4","c__TK10","0.44556536359815047","0.45683168316831685","101","3","f__TK10","g__TK10.331","false","d__Bacteria","d__Bacteria |  p__Chloroflexi |  c__TK10 | TK10 |  f__TK10 |  g__TK10.331","94.32673267326733","0","101","TK10","0","p__Chloroflexi","0.9946132483868333","false","0","d__Bacteria |  p__Chloroflexi |  c__TK10 | TK10 |  f__TK10 |  g__TK10.331","33112","0.13475247524752476"
"2.1820754716981132","5.239740749141782E-4","c__TK10","0.45827929096411585","0.4247086247086247","66","3","f__TK10","g__TK10.415","false","d__Bacteria","d__Bacteria |  p__Chloroflexi |  c__TK10 | TK10 |  f__TK10 |  g__TK10.415","115.5","0","66","TK10","0","p__Chloroflexi","0.994882790165809","false","0","d__Bacteria |  p__Chloroflexi |  c__TK10 | TK10 |  f__TK10 |  g__TK10.415","29842","0.1441947565543071"
"2.241509433962264","3.6738191260271254E-4","c__Polyangia","0.44612794612794615","0.43871297242083757","89","3","f__mle1-27","g__mle1-27.1","false","d__Bacteria","d__Bacteria |  p__Myxococcota |  c__Polyangia | mle1-27 |  f__mle1-27 |  g__mle1-27.1","104.84269662921348","0","89","mle1-27","0","p__Myxococcota","0.9946255002858776","false","0","d__Bacteria |  p__Myxococcota |  c__Polyangia | mle1-27 |  f__mle1-27 |  g__mle1-27.1","23634","0.1466331421387601"
"2.202830188679245","7.212404451383283E-4","c__Alphaproteobacteria","0.45396145610278377","0.4070028011204482","85","3","f__Beijerinckiaceae","g__Methylobacterium-Methylorubrum.1","false","d__Bacteria","d__Bacteria |  p__Proteobacteria |  c__Alphaproteobacteria | Rhizobiales |  f__Beijerinckiaceae |  g__Methylobacterium-Methylorubrum.1","99.34117647058824","0","85","Rhizobiales","0","p__Proteobacteria","0.9947929429061504","false","0","d__Bacteria |  p__Proteobacteria |  c__Alphaproteobacteria | Rhizobiales |  f__Beijerinckiaceae |  g__Methylobacterium-Methylorubrum.1","42318","0.13071207430340556"
"2.133018867924528","0.001195149189407665","c__Alphaproteobacteria","0.4688191065900045","0.4399164054336468","88","3","f__Beijerinckiaceae","g__Roseiarcus","false","d__Bacteria","d__Bacteria |  p__Proteobacteria |  c__Alphaproteobacteria | Rhizobiales |  f__Beijerinckiaceae |  g__Roseiarcus","104.7159090909091","0","88","Rhizobiales","0","p__Proteobacteria","0.9950951564159111","false","0","d__Bacteria |  p__Proteobacteria |  c__Alphaproteobacteria | Rhizobiales |  f__Beijerinckiaceae |  g__Roseiarcus","65380","0.12601192429712285"
"2.1433962264150943","0.00163338735545821","c__Alphaproteobacteria","0.4665492957746479","0.38585858585858585","55","3","f__Reyranellaceae","g__Reyranella.13","false","d__Bacteria","d__Bacteria |  p__Proteobacteria |  c__Alphaproteobacteria | Reyranellales |  f__Reyranellaceae |  g__Reyranella.13","90.47272727272727","0","55","Reyranellales","0","p__Proteobacteria","0.9950502327860818","false","0","d__Bacteria |  p__Proteobacteria |  c__Alphaproteobacteria | Reyranellales |  f__Reyranellaceae |  g__Reyranella.13","81906","0.10606415858467441"
"2.2471698113207546","4.544323474873083E-4","c__Alphaproteobacteria","0.4450041981528128","0.4200411805078929","94","3","f__Xanthobacteraceae","0.98743491","false","d__Bacteria","d__Bacteria |  p__Proteobacteria |  c__Alphaproteobacteria | Rhizobiales |  f__Xanthobacteraceae | 0.98743491","97.68085106382979","0","94","Rhizobiales","0","p__Proteobacteria","0.9946009964877889","false","0","d__Bacteria |  p__Proteobacteria |  c__Alphaproteobacteria | Rhizobiales |  f__Xanthobacteraceae | 0.98743491","29930","0.1387512088974855"
"2.1556603773584904","0.0011754827539491091","c__Verrucomicrobiae","0.46389496717724293","0.36635006784260515","67","3","f__Pedosphaeraceae","g__Pedosphaeraceae.14","false","d__Bacteria","d__Bacteria |  p__Verrucomicrobiota |  c__Verrucomicrobiae | Pedosphaerales |  f__Pedosphaeraceae |  g__Pedosphaeraceae.14","99.35820895522389","0","67","Pedosphaerales","0","p__Verrucomicrobiota","0.9949971412235563","false","0","d__Bacteria |  p__Verrucomicrobiota |  c__Verrucomicrobiae | Pedosphaerales |  f__Pedosphaeraceae |  g__Pedosphaeraceae.14","58800","0.12012488945839124"
"2.4122641509433964","3.6505985262664956E-4","c__Ascomycota_cls_Incertae_sedis","0.4145482987876417","0.2037037037037037","28","3","f__Ascomycota_fam_Incertae_sedis","g__Ascomycota_gen_Incertae_sedis.10","false","k__Fungi","k__Fungi | p__Ascomycota | c__Ascomycota_cls_Incertae_sedis | Ascomycota_ord_Incertae_sedis | f__Ascomycota_fam_Incertae_sedis | g__Ascomycota_gen_Incertae_sedis.10","61.5","0","28","Ascomycota_ord_Incertae_sedis","0","p__Ascomycota","0.9938863023768684","false","0","k__Fungi | p__Ascomycota | c__Ascomycota_cls_Incertae_sedis | Ascomycota_ord_Incertae_sedis | f__Ascomycota_fam_Incertae_sedis | g__Ascomycota_gen_Incertae_sedis.10","14154","0.10336134453781512"
"2.3254716981132075","4.680984639684141E-4","c__Eurotiomycetes","0.4300202839756592","0.28378378378378377","37","3","unassigned","unassigned","false","k__Fungi","k__Fungi | p__Ascomycota | c__Eurotiomycetes | Verrucariales | unassigned | unassigned","80.21621621621621","0","37","Verrucariales","0","p__Ascomycota","0.9942620272808952","false","0","k__Fungi | p__Ascomycota | c__Eurotiomycetes | Verrucariales | unassigned | unassigned","21702","0.11831300326875548"
"2.107547169811321","0.002092247123030754","c__Fungi_cls_Incertae_sedis","0.4744852282900626","0.25546218487394956","85","3","f__Fungi_fam_Incertae_sedis","g__Fungi_gen_Incertae_sedis.2","false","k__Fungi","k__Fungi | p__Fungi_phy_Incertae_sedis | c__Fungi_cls_Incertae_sedis | Fungi_ord_Incertae_sedis | f__Fungi_fam_Incertae_sedis | g__Fungi_gen_Incertae_sedis.2","71.4","0","85","Fungi_ord_Incertae_sedis","0","p__Fungi_phy_Incertae_sedis","0.9952054235073103","false","0","k__Fungi | p__Fungi_phy_Incertae_sedis | c__Fungi_cls_Incertae_sedis | Fungi_ord_Incertae_sedis | f__Fungi_fam_Incertae_sedis | g__Fungi_gen_Incertae_sedis.2","89260","0.08292682926829269"
"2.230188679245283","0.0010993394381490537","c__Fungi_cls_Incertae_sedis","0.44839255499153974","0.2774327122153209","70","3","f__Fungi_fam_Incertae_sedis","g__Fungi_gen_Incertae_sedis.4","false","k__Fungi","k__Fungi | p__Fungi_phy_Incertae_sedis | c__Fungi_cls_Incertae_sedis | Fungi_ord_Incertae_sedis | f__Fungi_fam_Incertae_sedis | g__Fungi_gen_Incertae_sedis.4","82.07142857142857","0","70","Fungi_ord_Incertae_sedis","0","p__Fungi_phy_Incertae_sedis","0.994674507882055","false","0","k__Fungi | p__Fungi_phy_Incertae_sedis | c__Fungi_cls_Incertae_sedis | Fungi_ord_Incertae_sedis | f__Fungi_fam_Incertae_sedis | g__Fungi_gen_Incertae_sedis.4","61310","0.11001531980084259"
"2.7386792452830186","4.2792431757174134E-5","unassigned","0.365139510850844","0.32051282051282054","13","4","unassigned","unassigned.2","false","k__Fungi","k__Fungi | unassigned | unassigned | unassigned | unassigned | unassigned.2","45.23076923076923","0","13","unassigned","0","unassigned","0.9924732500204199","false","0","k__Fungi | unassigned | unassigned | unassigned | unassigned | unassigned.2","1110","0.1627006087437742"
"2.427358490566038","3.940757650419899E-4","unassigned","0.41197046249514185","0.32469935245143383","47","3","unassigned","unassigned.5","false","k__Fungi","k__Fungi | unassigned | unassigned | unassigned | unassigned | unassigned.5","65.42553191489361","0","47","unassigned","0","unassigned","0.9938209589152985","false","0","k__Fungi | unassigned | unassigned | unassigned | unassigned | unassigned.5","15186","0.11683130699088146"
"2.4650943396226417","2.5394524407531795E-4","unassigned","0.40566398775353996","0.21846153846153846","26","3","unassigned","unassigned.8","false","k__Fungi","k__Fungi | unassigned | unassigned | unassigned | unassigned | unassigned.8","55.30769230769231","0","26","unassigned","0","unassigned","0.9936576002613738","false","0","k__Fungi | unassigned | unassigned | unassigned | unassigned | unassigned.8","8696","0.10223233328593773"
"2.3471698113207546","4.4703480401861115E-4","c__Ascomycota_cls_Incertae_sedis","0.42604501607717044","0.2857142857142857","35","3","f__Ascomycota_fam_Incertae_sedis","g__Ascomycota_gen_Incertae_sedis.12","false","k__Fungi","k__Fungi | p__Ascomycota | c__Ascomycota_cls_Incertae_sedis | Ascomycota_ord_Incertae_sedis | f__Ascomycota_fam_Incertae_sedis | g__Ascomycota_gen_Incertae_sedis.12","64.14285714285714","0","35","Ascomycota_ord_Incertae_sedis","0","p__Ascomycota","0.9941680960548885","false","0","k__Fungi | p__Ascomycota | c__Ascomycota_cls_Incertae_sedis | Ascomycota_ord_Incertae_sedis | f__Ascomycota_fam_Incertae_sedis | g__Ascomycota_gen_Incertae_sedis.12","18446","0.09773519163763066"
"2.29811320754717","6.511595400080912E-4","c__Ascomycota_cls_Incertae_sedis","0.4351395730706075","0.23076923076923078","39","3","f__Ascomycota_fam_Incertae_sedis","g__Ascomycota_gen_Incertae_sedis.3","false","k__Fungi","k__Fungi | p__Ascomycota | c__Ascomycota_cls_Incertae_sedis | Ascomycota_ord_Incertae_sedis | f__Ascomycota_fam_Incertae_sedis | g__Ascomycota_gen_Incertae_sedis.3","57.794871794871796","0","39","Ascomycota_ord_Incertae_sedis","0","p__Ascomycota","0.9943804623049906","false","0","k__Fungi | p__Ascomycota | c__Ascomycota_cls_Incertae_sedis | Ascomycota_ord_Incertae_sedis | f__Ascomycota_fam_Incertae_sedis | g__Ascomycota_gen_Incertae_sedis.3","22500","0.08205856643356643"
"2.2056603773584906","8.217860690849042E-4","c__Dothideomycetes","0.4533789563729683","0.22410147991543342","44","3","f__Didymellaceae","g__Chaetasbolisia.1","false","k__Fungi","k__Fungi | p__Ascomycota | c__Dothideomycetes | Pleosporales | f__Didymellaceae | g__Chaetasbolisia.1","68.72727272727273","0","44","Pleosporales","0","p__Ascomycota","0.9947806910071061","false","0","k__Fungi | p__Ascomycota | c__Dothideomycetes | Pleosporales | f__Didymellaceae | g__Chaetasbolisia.1","36304","0.0861244019138756"
"2.388679245283019","6.74552056229271E-4","c__Dothideomycetes","0.4186413902053712","0.35403726708074534","70","3","f__Pleosporales_fam_Incertae_sedis","g__Pleosporales_gen_Incertae_sedis.1","false","k__Fungi","k__Fungi | p__Ascomycota | c__Dothideomycetes | Pleosporales | f__Pleosporales_fam_Incertae_sedis | g__Pleosporales_gen_Incertae_sedis.1","63.57142857142857","0","70","Pleosporales","0","p__Ascomycota","0.9939884015355713","false","0","k__Fungi | p__Ascomycota | c__Dothideomycetes | Pleosporales | f__Pleosporales_fam_Incertae_sedis | g__Pleosporales_gen_Incertae_sedis.1","25862","0.10998517053880376"
"2.042452830188679","0.003969767530559354","c__Sordariomycetes","0.489607390300231","0.2466885059108389","119","3","f__Nectriaceae","g__Fusarium","false","k__Fungi","k__Fungi | p__Ascomycota | c__Sordariomycetes | Hypocreales | f__Nectriaceae | g__Fusarium","87.41176470588235","0","119","Hypocreales","0","p__Ascomycota","0.9954872171853305","false","0","k__Fungi | p__Ascomycota | c__Sordariomycetes | Hypocreales | f__Nectriaceae | g__Fusarium","251742","0.0975577731092437"
"1.969811320754717","0.004298556964218282","c__Sordariomycetes","0.5076628352490421","0.2120377655389457","124","3","f__Nectriaceae","g__Fusarium.1","false","k__Fungi","k__Fungi | p__Ascomycota | c__Sordariomycetes | Hypocreales | f__Nectriaceae | g__Fusarium.1","84.90322580645162","0","124","Hypocreales","0","p__Ascomycota","0.9958016825941354","false","0","k__Fungi | p__Ascomycota | c__Sordariomycetes | Hypocreales | f__Nectriaceae | g__Fusarium.1","257716","0.08770994401492935"
"2.1490566037735848","0.002339958156265884","c__Fungi_cls_Incertae_sedis","0.4653204565408253","0.25570563577084304","114","3","f__Fungi_fam_Incertae_sedis","g__Fungi_gen_Incertae_sedis.3","false","k__Fungi","k__Fungi | p__Fungi_phy_Incertae_sedis | c__Fungi_cls_Incertae_sedis | Fungi_ord_Incertae_sedis | f__Fungi_fam_Incertae_sedis | g__Fungi_gen_Incertae_sedis.3","69.78947368421052","0","114","Fungi_ord_Incertae_sedis","0","p__Fungi_phy_Incertae_sedis","0.9950257289879932","false","0","k__Fungi | p__Fungi_phy_Incertae_sedis | c__Fungi_cls_Incertae_sedis | Fungi_ord_Incertae_sedis | f__Fungi_fam_Incertae_sedis | g__Fungi_gen_Incertae_sedis.3","101036","0.08856532193427732"
"2.202830188679245","9.253701350078848E-4","unassigned","0.45396145610278377","0.25667828106852497","42","3","unassigned","unassigned.28","false","k__Fungi","k__Fungi | unassigned | unassigned | unassigned | unassigned | unassigned.28","78.95238095238095","0","42","unassigned","0","unassigned","0.9947929429061504","false","0","k__Fungi | unassigned | unassigned | unassigned | unassigned | unassigned.28","36512","0.09832176955464626"
"2.300943396226415","6.39211969434376E-4","unassigned","0.43460434604346043","0.33521303258145363","57","3","unassigned","unassigned.29","false","k__Fungi","k__Fungi | unassigned | unassigned | unassigned | unassigned | unassigned.29","66.63157894736842","0","57","unassigned","0","unassigned","0.9943682104059463","false","0","k__Fungi | unassigned | unassigned | unassigned | unassigned | unassigned.29","30508","0.0974145891043398"
"2.289622641509434","8.251831045852219E-4","unassigned","0.4367531932426864","0.2264808362369338","42","3","unassigned","unassigned.4","false","k__Fungi","k__Fungi | unassigned | unassigned | unassigned | unassigned | unassigned.4","56.142857142857146","0","42","unassigned","0","unassigned","0.9944172180021237","false","0","k__Fungi | unassigned | unassigned | unassigned | unassigned | unassigned.4","30244","0.07896323086196504"
"1.9735849056603774","0.004618545992061582","c__Ascomycota_cls_Incertae_sedis","0.5066921606118547","0.273015873015873","126","3","f__Ascomycota_fam_Incertae_sedis","g__Ascomycota_gen_Incertae_sedis.14","false","k__Fungi","k__Fungi | p__Ascomycota | c__Ascomycota_cls_Incertae_sedis | Ascomycota_ord_Incertae_sedis | f__Ascomycota_fam_Incertae_sedis | g__Ascomycota_gen_Incertae_sedis.14","96.23015873015873","0","126","Ascomycota_ord_Incertae_sedis","0","p__Ascomycota","0.995785346728743","false","0","k__Fungi | p__Ascomycota | c__Ascomycota_cls_Incertae_sedis | Ascomycota_ord_Incertae_sedis | f__Ascomycota_fam_Incertae_sedis | g__Ascomycota_gen_Incertae_sedis.14","286750","0.10003135003135002"
"2.159433962264151","0.0013325722111654857","c__Ascomycota_cls_Incertae_sedis","0.4630843162953255","0.35864135864135865","78","3","f__Ascomycota_fam_Incertae_sedis","g__Ascomycota_gen_Incertae_sedis.2","false","k__Fungi","k__Fungi | p__Ascomycota | c__Ascomycota_cls_Incertae_sedis | Ascomycota_ord_Incertae_sedis | f__Ascomycota_fam_Incertae_sedis | g__Ascomycota_gen_Incertae_sedis.2","81.7948717948718","0","78","Ascomycota_ord_Incertae_sedis","0","p__Ascomycota","0.9949808053581638","false","0","k__Fungi | p__Ascomycota | c__Ascomycota_cls_Incertae_sedis | Ascomycota_ord_Incertae_sedis | f__Ascomycota_fam_Incertae_sedis | g__Ascomycota_gen_Incertae_sedis.2","74324","0.10060869839467626"
"2.150943396226415","0.0017969236066479324","c__Ascomycota_cls_Incertae_sedis","0.4649122807017544","0.2699300699300699","66","3","f__Ascomycota_fam_Incertae_sedis","g__Ascomycota_gen_Incertae_sedis.9","false","k__Fungi","k__Fungi | p__Ascomycota | c__Ascomycota_cls_Incertae_sedis | Ascomycota_ord_Incertae_sedis | f__Ascomycota_fam_Incertae_sedis | g__Ascomycota_gen_Incertae_sedis.9","66.03030303030303","0","66","Ascomycota_ord_Incertae_sedis","0","p__Ascomycota","0.9950175610552969","false","0","k__Fungi | p__Ascomycota | c__Ascomycota_cls_Incertae_sedis | Ascomycota_ord_Incertae_sedis | f__Ascomycota_fam_Incertae_sedis | g__Ascomycota_gen_Incertae_sedis.9","74856","0.07917302521619068"
"2.1915094339622643","8.188297919573581E-4","c__Dothideomycetes","0.4563065002152389","0.3287671232876712","74","3","f__Pleosporaceae","g__Alternaria","false","k__Fungi","k__Fungi | p__Ascomycota | c__Dothideomycetes | Pleosporales | f__Pleosporaceae | g__Alternaria","84.32432432432432","0","74","Pleosporales","0","p__Ascomycota","0.9948419505023278","false","0","k__Fungi | p__Ascomycota | c__Dothideomycetes | Pleosporales | f__Pleosporaceae | g__Alternaria","53864","0.10769390079734907"
"2.262264150943396","7.662039746247361E-4","c__Dothideomycetes","0.4420350291909925","0.36596491228070177","76","3","f__Pleosporales_fam_Incertae_sedis","g__Pleosporales_gen_Incertae_sedis","false","k__Fungi","k__Fungi | p__Ascomycota | c__Dothideomycetes | Pleosporales | f__Pleosporales_fam_Incertae_sedis | g__Pleosporales_gen_Incertae_sedis","75.03947368421052","0","76","Pleosporales","0","p__Ascomycota","0.994535653026219","false","0","k__Fungi | p__Ascomycota | c__Dothideomycetes | Pleosporales | f__Pleosporales_fam_Incertae_sedis | g__Pleosporales_gen_Incertae_sedis","39870","0.10628820635157299"
"2.016981132075472","0.0021797277014990817","c__Dothideomycetes","0.49579045837231056","0.31485148514851485","101","3","f__Pleosporales_fam_Incertae_sedis","g__Pleosporales_gen_Incertae_sedis.6","false","k__Fungi","k__Fungi | p__Ascomycota | c__Dothideomycetes | Pleosporales | f__Pleosporales_fam_Incertae_sedis | g__Pleosporales_gen_Incertae_sedis.6","91.47524752475248","0","101","Pleosporales","0","p__Ascomycota","0.9955974842767296","false","0","k__Fungi | p__Ascomycota | c__Dothideomycetes | Pleosporales | f__Pleosporales_fam_Incertae_sedis | g__Pleosporales_gen_Incertae_sedis.6","131018","0.0972106774970802"
"2.1320754716981134","0.0010673418618082327","c__Eurotiomycetes","0.4690265486725663","0.3782883782883783","78","3","f__Chaetothyriales_fam_Incertae_sedis","g__Chaetothyriales_gen_Incertae_sedis","false","k__Fungi","k__Fungi | p__Ascomycota | c__Eurotiomycetes | Chaetothyriales | f__Chaetothyriales_fam_Incertae_sedis | g__Chaetothyriales_gen_Incertae_sedis","90.83333333333333","0","78","Chaetothyriales","0","p__Ascomycota","0.9950992403822593","false","0","k__Fungi | p__Ascomycota | c__Eurotiomycetes | Chaetothyriales | f__Chaetothyriales_fam_Incertae_sedis | g__Chaetothyriales_gen_Incertae_sedis","73500","0.10787806809184482"
"2.109433962264151","0.002362781253284834","c__Eurotiomycetes","0.47406082289803214","0.2790091264667536","118","3","f__Herpotrichiellaceae","g__Exophiala.1","false","k__Fungi","k__Fungi | p__Ascomycota | c__Eurotiomycetes | Chaetothyriales | f__Herpotrichiellaceae | g__Exophiala.1","75.85593220338983","0","118","Chaetothyriales","0","p__Ascomycota","0.995197255574614","false","0","k__Fungi | p__Ascomycota | c__Eurotiomycetes | Chaetothyriales | f__Herpotrichiellaceae | g__Exophiala.1","115282","0.09183526901136783"
"2.1754716981132076","0.001083956857431479","c__Eurotiomycetes","0.4596704249783174","0.3275316455696203","80","3","f__Herpotrichiellaceae","g__Exophiala.2","false","k__Fungi","k__Fungi | p__Ascomycota | c__Eurotiomycetes | Chaetothyriales | f__Herpotrichiellaceae | g__Exophiala.2","80.2","0","80","Chaetothyriales","0","p__Ascomycota","0.9949113779302459","false","0","k__Fungi | p__Ascomycota | c__Eurotiomycetes | Chaetothyriales | f__Herpotrichiellaceae | g__Exophiala.2","56982","0.10100755667506298"
"1.8358490566037735","0.02489670188841069","c__Eurotiomycetes","0.5447070914696814","0.1755037712484521","189","3","f__Herpotrichiellaceae","unassigned","false","k__Fungi","k__Fungi | p__Ascomycota | c__Eurotiomycetes | Chaetothyriales | f__Herpotrichiellaceae | unassigned","87.55555555555556","0","189","Chaetothyriales","0","p__Ascomycota","0.9963816058155681","false","0","k__Fungi | p__Ascomycota | c__Eurotiomycetes | Chaetothyriales | f__Herpotrichiellaceae | unassigned","1165638","0.0837852206273259"
"2.1754716981132076","9.889031673973147E-4","c__Eurotiomycetes","0.4596704249783174","0.36949278045168454","74","3","f__Verrucariaceae","g__Agonimia","false","k__Fungi","k__Fungi | p__Ascomycota | c__Eurotiomycetes | Verrucariales | f__Verrucariaceae | g__Agonimia","81.51351351351352","0","74","Verrucariales","0","p__Ascomycota","0.9949113779302459","false","0","k__Fungi | p__Ascomycota | c__Eurotiomycetes | Verrucariales | f__Verrucariaceae | g__Agonimia","58654","0.10189189189189189"
"2.021698113207547","0.0026186629686744583","c__Sordariomycetes","0.49463369108726085","0.2528025623427133","94","3","f__Nectriaceae","g__Fusarium.2","false","k__Fungi","k__Fungi | p__Ascomycota | c__Sordariomycetes | Hypocreales | f__Nectriaceae | g__Fusarium.2","80.29787234042553","0","94","Hypocreales","0","p__Ascomycota","0.995577064444989","false","0","k__Fungi | p__Ascomycota | c__Sordariomycetes | Hypocreales | f__Nectriaceae | g__Fusarium.2","124760","0.0851515083143431"
"2.0971698113207546","0.001010129299834195","c__Sordariomycetes","0.4768331084120558","0.3597069597069597","91","3","f__Nectriaceae","g__Fusarium.4","false","k__Fungi","k__Fungi | p__Ascomycota | c__Sordariomycetes | Hypocreales | f__Nectriaceae | g__Fusarium.4","86.62637362637362","0","91","Hypocreales","0","p__Ascomycota","0.9952503471371396","false","0","k__Fungi | p__Ascomycota | c__Sordariomycetes | Hypocreales | f__Nectriaceae | g__Fusarium.4","71750","0.10003045453391873"
"2.360377358490566","4.741410731408625E-4","c__Sordariomycetes","0.42366107114308554","0.3958041958041958","66","3","f__Phomatosporaceae","g__Phomatospora","false","k__Fungi","k__Fungi | p__Ascomycota | c__Sordariomycetes | Phomatosporales | f__Phomatosporaceae | g__Phomatospora","70.65151515151516","0","66","Phomatosporales","0","p__Ascomycota","0.9941109205260149","false","0","k__Fungi | p__Ascomycota | c__Sordariomycetes | Phomatosporales | f__Phomatosporaceae | g__Phomatospora","22310","0.11544365220835809"
"2.172641509433962","0.0011500717559027613","c__Sordariomycetes","0.46026921406860616","0.3355311355311355","91","3","f__Chaetomiaceae","g__Chaetomiaceae_gen_Incertae_sedis.1","false","k__Fungi","k__Fungi | p__Ascomycota | c__Sordariomycetes | Sordariales | f__Chaetomiaceae | g__Chaetomiaceae_gen_Incertae_sedis.1","80.56043956043956","0","91","Sordariales","0","p__Ascomycota","0.9949236298292902","false","0","k__Fungi | p__Ascomycota | c__Sordariomycetes | Sordariales | f__Chaetomiaceae | g__Chaetomiaceae_gen_Incertae_sedis.1","70620","0.10249419791404524"
"2.2773584905660376","6.904828827126478E-4","unassigned","0.4391052195526098","0.26262626262626265","45","3","unassigned","unassigned.2","false","k__Fungi","k__Fungi | p__Ascomycota | unassigned | unassigned | unassigned | unassigned.2","68.26666666666667","0","45","unassigned","0","p__Ascomycota","0.9944703095646492","false","0","k__Fungi | p__Ascomycota | unassigned | unassigned | unassigned | unassigned.2","28284","0.0946833102172908"
"2.231132075471698","0.001293677524452954","c__Fungi_cls_Incertae_sedis","0.44820295983086683","0.2770167427701674","73","3","f__Fungi_fam_Incertae_sedis","g__Fungi_gen_Incertae_sedis","false","k__Fungi","k__Fungi | p__Fungi_phy_Incertae_sedis | c__Fungi_cls_Incertae_sedis | Fungi_ord_Incertae_sedis | f__Fungi_fam_Incertae_sedis | g__Fungi_gen_Incertae_sedis","73.3972602739726","0","73","Fungi_ord_Incertae_sedis","0","p__Fungi_phy_Incertae_sedis","0.9946704239157069","false","0","k__Fungi | p__Fungi_phy_Incertae_sedis | c__Fungi_cls_Incertae_sedis | Fungi_ord_Incertae_sedis | f__Fungi_fam_Incertae_sedis | g__Fungi_gen_Incertae_sedis","70868","0.09891814053096037"
"2.2566037735849056","5.071516223715443E-4","c__Fungi_cls_Incertae_sedis","0.44314381270903014","0.4424552429667519","69","3","f__Fungi_fam_Incertae_sedis","g__Fungi_gen_Incertae_sedis.11","false","k__Fungi","k__Fungi | p__Fungi_phy_Incertae_sedis | c__Fungi_cls_Incertae_sedis | Fungi_ord_Incertae_sedis | f__Fungi_fam_Incertae_sedis | g__Fungi_gen_Incertae_sedis.11","79.76811594202898","0","69","Fungi_ord_Incertae_sedis","0","p__Fungi_phy_Incertae_sedis","0.9945601568243078","false","0","k__Fungi | p__Fungi_phy_Incertae_sedis | c__Fungi_cls_Incertae_sedis | Fungi_ord_Incertae_sedis | f__Fungi_fam_Incertae_sedis | g__Fungi_gen_Incertae_sedis.11","29524","0.11094313761061055"
"2.189622641509434","9.202744334692055E-4","unassigned","0.45669969840585956","0.3639751552795031","70","3","unassigned","unassigned.10","false","k__Fungi","k__Fungi | unassigned | unassigned | unassigned | unassigned | unassigned.10","87.67142857142858","0","70","unassigned","0","unassigned","0.9948501184350241","false","0","k__Fungi | unassigned | unassigned | unassigned | unassigned | unassigned.10","56458","0.11111714647836321"
"2.150943396226415","9.402871095402703E-4","unassigned","0.4649122807017544","0.3290986085904416","58","3","unassigned","unassigned.11","false","k__Fungi","k__Fungi | unassigned | unassigned | unassigned | unassigned | unassigned.11","87.93103448275862","0","58","unassigned","0","unassigned","0.9950175610552969","false","0","k__Fungi | unassigned | unassigned | unassigned | unassigned | unassigned.11","50654","0.10443115734294373"
"2.107547169811321","0.0016442684621435157","unassigned","0.4744852282900626","0.30802530802530803","78","3","unassigned","unassigned.35","false","k__Fungi","k__Fungi | unassigned | unassigned | unassigned | unassigned | unassigned.35","75.94871794871794","0","78","unassigned","0","unassigned","0.9952054235073103","false","0","k__Fungi | unassigned | unassigned | unassigned | unassigned | unassigned.35","97940","0.08749852298239395"
"2.0358490566037735","0.0030106430417683842","unassigned","0.49119555143651533","0.25773020727149165","109","3","unassigned","unassigned.7","false","k__Fungi","k__Fungi | unassigned | unassigned | unassigned | unassigned | unassigned.7","94.06422018348624","0","109","unassigned","0","unassigned","0.9955158049497672","false","0","k__Fungi | unassigned | unassigned | unassigned | unassigned | unassigned.7","212110","0.10302762342112402"
"2.04811320754717","0.00217691742581376","unassigned","0.4882542607093505","0.23809523809523808","57","3","unassigned","unassigned.1","false","k__Fungi","k__Fungi | unassigned | unassigned | unassigned | unassigned | unassigned.1","78.98245614035088","0","57","unassigned","0","unassigned","0.9954627133872417","false","0","k__Fungi | unassigned | unassigned | unassigned | unassigned | unassigned.1","92528","0.08296476485330974"
"2.397169811320755","6.8424666982978E-4","c__Ascomycota_cls_Incertae_sedis","0.41715859897678076","0.3382250174703005","54","3","f__Ascomycota_fam_Incertae_sedis","g__Ascomycota_gen_Incertae_sedis.25","false","k__Fungi","k__Fungi | p__Ascomycota | c__Ascomycota_cls_Incertae_sedis | Ascomycota_ord_Incertae_sedis | f__Ascomycota_fam_Incertae_sedis | g__Ascomycota_gen_Incertae_sedis.25","63.907407407407405","0","54","Ascomycota_ord_Incertae_sedis","0","p__Ascomycota","0.9939516458384382","false","0","k__Fungi | p__Ascomycota | c__Ascomycota_cls_Incertae_sedis | Ascomycota_ord_Incertae_sedis | f__Ascomycota_fam_Incertae_sedis | g__Ascomycota_gen_Incertae_sedis.25","23764","0.10924343146565368"
"2.2537735849056606","8.432148727528192E-4","c__Ascomycota_cls_Incertae_sedis","0.44370029300962743","0.2934426229508197","61","3","f__Ascomycota_fam_Incertae_sedis","g__Ascomycota_gen_Incertae_sedis.4","false","k__Fungi","k__Fungi | p__Ascomycota | c__Ascomycota_cls_Incertae_sedis | Ascomycota_ord_Incertae_sedis | f__Ascomycota_fam_Incertae_sedis | g__Ascomycota_gen_Incertae_sedis.4","74.55737704918033","0","61","Ascomycota_ord_Incertae_sedis","0","p__Ascomycota","0.9945724087233521","false","0","k__Fungi | p__Ascomycota | c__Ascomycota_cls_Incertae_sedis | Ascomycota_ord_Incertae_sedis | f__Ascomycota_fam_Incertae_sedis | g__Ascomycota_gen_Incertae_sedis.4","41462","0.10213339321805524"
"1.9349056603773584","0.00660992599859647","c__Dothideomycetes","0.5168210628961483","0.19685497961560863","102","3","f__Saccotheciaceae","g__Aureobasidium","false","k__Fungi","k__Fungi | p__Ascomycota | c__Dothideomycetes | Dothideales | f__Saccotheciaceae | g__Aureobasidium","85.84313725490196","0","102","Dothideales","0","p__Ascomycota","0.9959527893490158","false","0","k__Fungi | p__Ascomycota | c__Dothideomycetes | Dothideales | f__Saccotheciaceae | g__Aureobasidium","319860","0.0835863069667984"
"2.2820754716981133","0.0011367386166538423","c__Dothideomycetes","0.4381976023150062","0.28792270531400965","46","3","f__Mycosphaerellaceae","g__Septoria","false","k__Fungi","k__Fungi | p__Ascomycota | c__Dothideomycetes | Mycosphaerellales | f__Mycosphaerellaceae | g__Septoria","63.65217391304348","0","46","Mycosphaerellales","0","p__Ascomycota","0.9944498897329086","false","0","k__Fungi | p__Ascomycota | c__Dothideomycetes | Mycosphaerellales | f__Mycosphaerellaceae | g__Septoria","38550","0.08902401945880206"
"2.0886792452830187","0.0028821617677332245","c__Dothideomycetes","0.4787714543812105","0.2860197808072708","87","3","f__Didymosphaeriaceae","g__Pseudopithomyces","false","k__Fungi","k__Fungi | p__Ascomycota | c__Dothideomycetes | Pleosporales | f__Didymosphaeriaceae | g__Pseudopithomyces","74.32183908045977","0","87","Pleosporales","0","p__Ascomycota","0.9952871028342726","false","0","k__Fungi | p__Ascomycota | c__Dothideomycetes | Pleosporales | f__Didymosphaeriaceae | g__Pseudopithomyces","127056","0.0845527179527415"
"2.3386792452830187","9.242866144894781E-4","c__Dothideomycetes","0.427591770875353","0.3328671328671329","66","3","f__Phaeosphaeriaceae","g__Phaeosphaeriaceae_gen_Incertae_sedis","false","k__Fungi","k__Fungi | p__Ascomycota | c__Dothideomycetes | Pleosporales | f__Phaeosphaeriaceae | g__Phaeosphaeriaceae_gen_Incertae_sedis","63.81818181818182","0","66","Pleosporales","0","p__Ascomycota","0.9942048517520216","false","0","k__Fungi | p__Ascomycota | c__Dothideomycetes | Pleosporales | f__Phaeosphaeriaceae | g__Phaeosphaeriaceae_gen_Incertae_sedis","34816","0.10050107372942019"
"2.0415094339622644","0.0029068377817902096","c__Dothideomycetes","0.48983364140480584","0.25100240577385724","87","3","f__Pleosporales_fam_Incertae_sedis","g__Pleosporales_gen_Incertae_sedis.5","false","k__Fungi","k__Fungi | p__Ascomycota | c__Dothideomycetes | Pleosporales | f__Pleosporales_fam_Incertae_sedis | g__Pleosporales_gen_Incertae_sedis.5","77.33333333333333","0","87","Pleosporales","0","p__Ascomycota","0.9954913011516785","false","0","k__Fungi | p__Ascomycota | c__Dothideomycetes | Pleosporales | f__Pleosporales_fam_Incertae_sedis | g__Pleosporales_gen_Incertae_sedis.5","140164","0.08324363114459993"
"2.239622641509434","0.0014975458756754676","c__Dothideomycetes","0.4465037910699242","0.29210526315789476","96","3","f__Sporormiaceae","g__Preussia","false","k__Fungi","k__Fungi | p__Ascomycota | c__Dothideomycetes | Pleosporales | f__Sporormiaceae | g__Preussia","69.9375","0","96","Pleosporales","0","p__Ascomycota","0.9946336682185738","false","0","k__Fungi | p__Ascomycota | c__Dothideomycetes | Pleosporales | f__Sporormiaceae | g__Preussia","61990","0.09850352112676056"
"2.4122641509433964","2.2446785784449688E-4","c__Eurotiomycetes","0.4145482987876417","0.522273425499232","63","3","f__Chaetothyriales_fam_Incertae_sedis","g__Chaetothyriales_gen_Incertae_sedis.9","false","k__Fungi","k__Fungi | p__Ascomycota | c__Eurotiomycetes | Chaetothyriales | f__Chaetothyriales_fam_Incertae_sedis | g__Chaetothyriales_gen_Incertae_sedis.9","73.52380952380952","0","63","Chaetothyriales","0","p__Ascomycota","0.9938863023768684","false","0","k__Fungi | p__Ascomycota | c__Eurotiomycetes | Chaetothyriales | f__Chaetothyriales_fam_Incertae_sedis | g__Chaetothyriales_gen_Incertae_sedis.9","13912","0.13129251700680272"
"2.2037735849056603","0.0015874668622406168","c__Eurotiomycetes","0.4537671232876712","0.3333333333333333","91","3","f__Herpotrichiellaceae","g__Rhinocladiella","false","k__Fungi","k__Fungi | p__Ascomycota | c__Eurotiomycetes | Chaetothyriales | f__Herpotrichiellaceae | g__Rhinocladiella","72.62637362637362","0","91","Chaetothyriales","0","p__Ascomycota","0.9947888589398023","false","0","k__Fungi | p__Ascomycota | c__Eurotiomycetes | Chaetothyriales | f__Herpotrichiellaceae | g__Rhinocladiella","74300","0.09644936736570203"
"2.2481132075471697","7.266419618925373E-4","c__Eurotiomycetes","0.4448174569869912","0.4012345679012346","81","3","f__Trichomeriaceae","g__Knufia","false","k__Fungi","k__Fungi | p__Ascomycota | c__Eurotiomycetes | Chaetothyriales | f__Trichomeriaceae | g__Knufia","69.9753086419753","0","81","Chaetothyriales","0","p__Ascomycota","0.9945969125214409","false","0","k__Fungi | p__Ascomycota | c__Eurotiomycetes | Chaetothyriales | f__Trichomeriaceae | g__Knufia","38804","0.09773087799158563"
"2.459433962264151","3.459006969079359E-4","c__Leotiomycetes","0.40659762178749526","0.3391304347826087","46","3","f__Helotiales_fam_Incertae_sedis","g__Helotiales_gen_Incertae_sedis.7","false","k__Fungi","k__Fungi | p__Ascomycota | c__Leotiomycetes | Helotiales | f__Helotiales_fam_Incertae_sedis | g__Helotiales_gen_Incertae_sedis.7","65.1086956521739","0","46","Helotiales","0","p__Ascomycota","0.9936821040594626","false","0","k__Fungi | p__Ascomycota | c__Leotiomycetes | Helotiales | f__Helotiales_fam_Incertae_sedis | g__Helotiales_gen_Incertae_sedis.7","13202","0.12354591205346094"
"2.3773584905660377","4.7428904504971523E-4","c__Leotiomycetes","0.42063492063492064","0.36394557823129253","49","3","f__Leotiomycetes_fam_Incertae_sedis","g__Leotiomycetes_gen_Incertae_sedis.1","false","k__Fungi","k__Fungi | p__Ascomycota | c__Leotiomycetes | Leotiomycetes_ord_Incertae_sedis | f__Leotiomycetes_fam_Incertae_sedis | g__Leotiomycetes_gen_Incertae_sedis.1","67.53061224489795","0","49","Leotiomycetes_ord_Incertae_sedis","0","p__Ascomycota","0.9940374091317488","false","0","k__Fungi | p__Ascomycota | c__Leotiomycetes | Leotiomycetes_ord_Incertae_sedis | f__Leotiomycetes_fam_Incertae_sedis | g__Leotiomycetes_gen_Incertae_sedis.1","21382","0.11052473362503758"
"2.318867924528302","8.84635906605576E-4","c__Sordariomycetes","0.4312449145646867","0.351981351981352","78","3","f__Diaporthaceae","g__Diaporthe","false","k__Fungi","k__Fungi | p__Ascomycota | c__Sordariomycetes | Diaporthales | f__Diaporthaceae | g__Diaporthe","69.87179487179488","0","78","Diaporthales","0","p__Ascomycota","0.9942906150453321","false","0","k__Fungi | p__Ascomycota | c__Sordariomycetes | Diaporthales | f__Diaporthaceae | g__Diaporthe","41868","0.10849657588788024"
"2.120754716981132","0.0022980508040037727","c__Sordariomycetes","0.47153024911032027","0.2972508591065292","97","3","f__Hypocreaceae","g__Trichoderma","false","k__Fungi","k__Fungi | p__Ascomycota | c__Sordariomycetes | Hypocreales | f__Hypocreaceae | g__Trichoderma","69.55670103092784","0","97","Hypocreales","0","p__Ascomycota","0.9951482479784366","false","0","k__Fungi | p__Ascomycota | c__Sordariomycetes | Hypocreales | f__Hypocreaceae | g__Trichoderma","98100","0.08330143836039261"
"2.3047169811320756","0.0010799840854268485","c__Sordariomycetes","0.4338927548096602","0.3070028011204482","85","3","f__Nectriaceae","g__Nectriaceae_gen_Incertae_sedis.1","false","k__Fungi","k__Fungi | p__Ascomycota | c__Sordariomycetes | Hypocreales | f__Nectriaceae | g__Nectriaceae_gen_Incertae_sedis.1","69.01176470588236","0","85","Hypocreales","0","p__Ascomycota","0.9943518745405537","false","0","k__Fungi | p__Ascomycota | c__Sordariomycetes | Hypocreales | f__Nectriaceae | g__Nectriaceae_gen_Incertae_sedis.1","42592","0.10584626488632262"
"2.3179245283018868","7.397426681585077E-4","c__Sordariomycetes","0.4314204314204314","0.3215962441314554","72","3","f__Lasiosphaeriaceae","g__Apodus","false","k__Fungi","k__Fungi | p__Ascomycota | c__Sordariomycetes | Sordariales | f__Lasiosphaeriaceae | g__Apodus","68.93055555555556","0","72","Sordariales","0","p__Ascomycota","0.9942946990116801","false","0","k__Fungi | p__Ascomycota | c__Sordariomycetes | Sordariales | f__Lasiosphaeriaceae | g__Apodus","31832","0.10588410991636799"
"2.486792452830189","2.1284998089236173E-4","c__Sordariomycetes","0.40212443095599393","0.39880952380952384","49","3","f__Lasiosphaeriaceae","g__Schizothecium.6","false","k__Fungi","k__Fungi | p__Ascomycota | c__Sordariomycetes | Sordariales | f__Lasiosphaeriaceae | g__Schizothecium.6","63.673469387755105","0","49","Sordariales","0","p__Ascomycota","0.9935636690353671","false","0","k__Fungi | p__Ascomycota | c__Sordariomycetes | Sordariales | f__Lasiosphaeriaceae | g__Schizothecium.6","9104","0.12863327149041434"
"2.422641509433962","5.430033843390663E-4","c__Sordariomycetes","0.4127725856697819","0.3575757575757576","55","3","f__Sordariales_fam_Incertae_sedis","g__Sordariales_gen_Incertae_sedis.3","false","k__Fungi","k__Fungi | p__Ascomycota | c__Sordariomycetes | Sordariales | f__Sordariales_fam_Incertae_sedis | g__Sordariales_gen_Incertae_sedis.3","61.163636363636364","0","55","Sordariales","0","p__Ascomycota","0.9938413787470392","false","0","k__Fungi | p__Ascomycota | c__Sordariomycetes | Sordariales | f__Sordariales_fam_Incertae_sedis | g__Sordariales_gen_Incertae_sedis.3","17738","0.10980904194548718"
"2.1132075471698113","0.0019191247976636427","c__Sordariomycetes","0.4732142857142857","0.29336138382421695","93","3","unassigned","unassigned.4","false","k__Fungi","k__Fungi | p__Ascomycota | c__Sordariomycetes | unassigned | unassigned | unassigned.4","74.44086021505376","0","93","unassigned","0","p__Ascomycota","0.9951809197092215","false","0","k__Fungi | p__Ascomycota | c__Sordariomycetes | unassigned | unassigned | unassigned.4","105562","0.08788767439793833"
"2.009433962264151","0.0031541634954543986","unassigned","0.4976525821596244","0.28284566838783703","84","3","unassigned","unassigned.3","false","k__Fungi","k__Fungi | p__Ascomycota | unassigned | unassigned | unassigned | unassigned.3","82.0","0","84","unassigned","0","p__Ascomycota","0.9956301560075145","false","0","k__Fungi | p__Ascomycota | unassigned | unassigned | unassigned | unassigned.3","169162","0.08488612836438923"
"2.421698113207547","5.925236419582435E-4","c__Rhizophlyctidomycetes","0.4129333852746397","0.3087557603686636","63","3","f__Rhizophlyctidaceae","g__Rhizophlyctis.1","false","k__Fungi","k__Fungi | p__Chytridiomycota | c__Rhizophlyctidomycetes | Rhizophlyctidales | f__Rhizophlyctidaceae | g__Rhizophlyctis.1","65.33333333333333","0","63","Rhizophlyctidales","0","p__Chytridiomycota","0.9938454627133873","false","0","k__Fungi | p__Chytridiomycota | c__Rhizophlyctidomycetes | Rhizophlyctidales | f__Rhizophlyctidaceae | g__Rhizophlyctis.1","21176","0.11878787878787879"
"2.65","5.244591329446857E-5","c__Fungi_cls_Incertae_sedis","0.37735849056603776","0.46842105263157896","20","4","f__Fungi_fam_Incertae_sedis","g__Fungi_gen_Incertae_sedis.32","false","k__Fungi","k__Fungi | p__Fungi_phy_Incertae_sedis | c__Fungi_cls_Incertae_sedis | Fungi_ord_Incertae_sedis | f__Fungi_fam_Incertae_sedis | g__Fungi_gen_Incertae_sedis.32","58.65","0","20","Fungi_ord_Incertae_sedis","0","p__Fungi_phy_Incertae_sedis","0.9928571428571429","false","0","k__Fungi | p__Fungi_phy_Incertae_sedis | c__Fungi_cls_Incertae_sedis | Fungi_ord_Incertae_sedis | f__Fungi_fam_Incertae_sedis | g__Fungi_gen_Incertae_sedis.32","1834","0.16521126760563382"
"2.3566037735849057","5.612469049505756E-4","c__Fungi_cls_Incertae_sedis","0.4243394715772618","0.33538146441372246","63","3","f__Fungi_fam_Incertae_sedis","g__Fungi_gen_Incertae_sedis.35","false","k__Fungi","k__Fungi | p__Fungi_phy_Incertae_sedis | c__Fungi_cls_Incertae_sedis | Fungi_ord_Incertae_sedis | f__Fungi_fam_Incertae_sedis | g__Fungi_gen_Incertae_sedis.35","73.53968253968254","0","63","Fungi_ord_Incertae_sedis","0","p__Fungi_phy_Incertae_sedis","0.9941272563914073","false","0","k__Fungi | p__Fungi_phy_Incertae_sedis | c__Fungi_cls_Incertae_sedis | Fungi_ord_Incertae_sedis | f__Fungi_fam_Incertae_sedis | g__Fungi_gen_Incertae_sedis.35","26326","0.11880401056491526"
"2.2056603773584906","0.0014669366709729118","c__Fungi_cls_Incertae_sedis","0.4533789563729683","0.27181385510312006","62","3","f__Fungi_fam_Incertae_sedis","g__Fungi_gen_Incertae_sedis.9","false","k__Fungi","k__Fungi | p__Fungi_phy_Incertae_sedis | c__Fungi_cls_Incertae_sedis | Fungi_ord_Incertae_sedis | f__Fungi_fam_Incertae_sedis | g__Fungi_gen_Incertae_sedis.9","62.225806451612904","0","62","Fungi_ord_Incertae_sedis","0","p__Fungi_phy_Incertae_sedis","0.9947806910071061","false","0","k__Fungi | p__Fungi_phy_Incertae_sedis | c__Fungi_cls_Incertae_sedis | Fungi_ord_Incertae_sedis | f__Fungi_fam_Incertae_sedis | g__Fungi_gen_Incertae_sedis.9","54312","0.07977667493796527"
"2.519811320754717","2.3229442658807608E-4","unassigned","0.39685511044552607","0.3792784458834413","47","3","unassigned","unassigned.31","false","k__Fungi","k__Fungi | unassigned | unassigned | unassigned | unassigned | unassigned.31","64.08510638297872","0","47","unassigned","0","unassigned","0.9934207302131831","false","0","k__Fungi | unassigned | unassigned | unassigned | unassigned | unassigned.31","8830","0.13871235147830893"
"2.461320754716981","5.255975579662652E-4","unassigned","0.4062859333077808","0.31341463414634146","41","3","unassigned","unassigned.48","false","k__Fungi","k__Fungi | unassigned | unassigned | unassigned | unassigned | unassigned.48","58.24390243902439","0","41","unassigned","0","unassigned","0.9936739361267664","false","0","k__Fungi | unassigned | unassigned | unassigned | unassigned | unassigned.48","16140","0.10989415554532904"
"2.4320754716981132","4.5148539611799784E-4","c__Ascomycota_cls_Incertae_sedis","0.41117145073700545","0.42122448979591837","50","3","f__Ascomycota_fam_Incertae_sedis","g__Ascomycota_gen_Incertae_sedis.36","false","k__Fungi","k__Fungi | p__Ascomycota | c__Ascomycota_cls_Incertae_sedis | Ascomycota_ord_Incertae_sedis | f__Ascomycota_fam_Incertae_sedis | g__Ascomycota_gen_Incertae_sedis.36","66.34","0","50","Ascomycota_ord_Incertae_sedis","0","p__Ascomycota","0.9938005390835579","false","0","k__Fungi | p__Ascomycota | c__Ascomycota_cls_Incertae_sedis | Ascomycota_ord_Incertae_sedis | f__Ascomycota_fam_Incertae_sedis | g__Ascomycota_gen_Incertae_sedis.36","17902","0.12018115942028985"
"2.133018867924528","0.0023353571745437255","c__Dothideomycetes","0.4688191065900045","0.27120437312643275","107","3","f__Cucurbitariaceae","g__Pyrenochaetopsis","false","k__Fungi","k__Fungi | p__Ascomycota | c__Dothideomycetes | Pleosporales | f__Cucurbitariaceae | g__Pyrenochaetopsis","68.76635514018692","0","107","Pleosporales","0","p__Ascomycota","0.9950951564159111","false","0","k__Fungi | p__Ascomycota | c__Dothideomycetes | Pleosporales | f__Cucurbitariaceae | g__Pyrenochaetopsis","101750","0.08468762948298882"
"2.026415094339623","0.002519710343387097","c__Dothideomycetes","0.49348230912476715","0.29001367989056087","86","3","f__Didymellaceae","g__Chaetasbolisia","false","k__Fungi","k__Fungi | p__Ascomycota | c__Dothideomycetes | Pleosporales | f__Didymellaceae | g__Chaetasbolisia","76.70930232558139","0","86","Pleosporales","0","p__Ascomycota","0.9955566446132483","false","0","k__Fungi | p__Ascomycota | c__Dothideomycetes | Pleosporales | f__Didymellaceae | g__Chaetasbolisia","122976","0.08116156023132767"
"2.2","0.0011942198940729635","c__Eurotiomycetes","0.45454545454545453","0.325076608784474","89","3","f__Herpotrichiellaceae","g__Exophiala","false","k__Fungi","k__Fungi | p__Ascomycota | c__Eurotiomycetes | Chaetothyriales | f__Herpotrichiellaceae | g__Exophiala","73.04494382022472","0","89","Chaetothyriales","0","p__Ascomycota","0.9948051948051948","false","0","k__Fungi | p__Ascomycota | c__Eurotiomycetes | Chaetothyriales | f__Herpotrichiellaceae | g__Exophiala","57188","0.09623839765510503"
"2.2915094339622644","8.043285809832943E-4","c__Eurotiomycetes","0.4363935776039522","0.35912698412698413","64","3","f__Herpotrichiellaceae","g__Exophiala.8","false","k__Fungi","k__Fungi | p__Ascomycota | c__Eurotiomycetes | Chaetothyriales | f__Herpotrichiellaceae | g__Exophiala.8","66.109375","0","64","Chaetothyriales","0","p__Ascomycota","0.9944090500694275","false","0","k__Fungi | p__Ascomycota | c__Eurotiomycetes | Chaetothyriales | f__Herpotrichiellaceae | g__Exophiala.8","36058","0.09622907569141194"
"2.2839622641509436","0.0013624108628471493","c__Eurotiomycetes","0.43783560512185044","0.3535135135135135","75","3","f__Herpotrichiellaceae","g__Exophiala.9","false","k__Fungi","k__Fungi | p__Ascomycota | c__Eurotiomycetes | Chaetothyriales | f__Herpotrichiellaceae | g__Exophiala.9","66.21333333333334","0","75","Chaetothyriales","0","p__Ascomycota","0.9944417218002124","false","0","k__Fungi | p__Ascomycota | c__Eurotiomycetes | Chaetothyriales | f__Herpotrichiellaceae | g__Exophiala.9","55080","0.09680311890838207"
"2.4367924528301885","4.2441414307260353E-4","c__Eurotiomycetes","0.4103755323267519","0.4272355347749854","59","3","f__Herpotrichiellaceae","unassigned.1","false","k__Fungi","k__Fungi | p__Ascomycota | c__Eurotiomycetes | Chaetothyriales | f__Herpotrichiellaceae | unassigned.1","65.22033898305085","0","59","Chaetothyriales","0","p__Ascomycota","0.9937801192518173","false","0","k__Fungi | p__Ascomycota | c__Eurotiomycetes | Chaetothyriales | f__Herpotrichiellaceae | unassigned.1","15934","0.12122739587927667"
"2.167924528301887","0.0013799099059137638","c__Eurotiomycetes","0.46127067014795475","0.3417645287563987","82","3","f__Herpotrichiellaceae","unassigned.2","false","k__Fungi","k__Fungi | p__Ascomycota | c__Eurotiomycetes | Chaetothyriales | f__Herpotrichiellaceae | unassigned.2","71.1951219512195","0","82","Chaetothyriales","0","p__Ascomycota","0.9949440496610308","false","0","k__Fungi | p__Ascomycota | c__Eurotiomycetes | Chaetothyriales | f__Herpotrichiellaceae | unassigned.2","65812","0.08899390243902439"
"2.1481132075471696","0.001472550859252958","c__Leotiomycetes","0.46552481335090035","0.3336201950659782","84","3","f__Helotiales_fam_Incertae_sedis","g__Helotiales_gen_Incertae_sedis","false","k__Fungi","k__Fungi | p__Ascomycota | c__Leotiomycetes | Helotiales | f__Helotiales_fam_Incertae_sedis | g__Helotiales_gen_Incertae_sedis","75.9047619047619","0","84","Helotiales","0","p__Ascomycota","0.9950298129543412","false","0","k__Fungi | p__Ascomycota | c__Leotiomycetes | Helotiales | f__Helotiales_fam_Incertae_sedis | g__Helotiales_gen_Incertae_sedis","79434","0.09267980696552125"
"2.3169811320754716","7.197918120411134E-4","c__Leotiomycetes","0.43159609120521175","0.36807928913192073","77","3","f__Vibrisseaceae","g__Vibrisseaceae_gen_Incertae_sedis","false","k__Fungi","k__Fungi | p__Ascomycota | c__Leotiomycetes | Helotiales | f__Vibrisseaceae | g__Vibrisseaceae_gen_Incertae_sedis","71.83116883116882","0","77","Helotiales","0","p__Ascomycota","0.9942987829780282","false","0","k__Fungi | p__Ascomycota | c__Leotiomycetes | Helotiales | f__Vibrisseaceae | g__Vibrisseaceae_gen_Incertae_sedis","38324","0.11102189927537687"
"2.2424528301886792","0.0013066454308840545","c__Leotiomycetes","0.44594026083298277","0.31794871794871793","66","3","unassigned","unassigned.3","false","k__Fungi","k__Fungi | p__Ascomycota | c__Leotiomycetes | Helotiales | unassigned | unassigned.3","73.5","0","66","Helotiales","0","p__Ascomycota","0.9946214163195295","false","0","k__Fungi | p__Ascomycota | c__Leotiomycetes | Helotiales | unassigned | unassigned.3","70236","0.09972862957937585"
"2.199056603773585","0.0013835081660862174","c__Sordariomycetes","0.4547404547404547","0.2876712328767123","73","3","f__Plectosphaerellaceae","g__Gibellulopsis","false","k__Fungi","k__Fungi | p__Ascomycota | c__Sordariomycetes | Glomerellales | f__Plectosphaerellaceae | g__Gibellulopsis","73.86301369863014","0","73","Glomerellales","0","p__Ascomycota","0.9948092787715429","false","0","k__Fungi | p__Ascomycota | c__Sordariomycetes | Glomerellales | f__Plectosphaerellaceae | g__Gibellulopsis","73758","0.09518429600338935"
"2.521698113207547","3.19355609368318E-4","c__Sordariomycetes","0.39655817433595214","0.33902439024390246","41","3","f__Plectosphaerellaceae","g__Plectosphaerella","false","k__Fungi","k__Fungi | p__Ascomycota | c__Sordariomycetes | Glomerellales | f__Plectosphaerellaceae | g__Plectosphaerella","58.58536585365854","0","41","Glomerellales","0","p__Ascomycota","0.9934125622804868","false","0","k__Fungi | p__Ascomycota | c__Sordariomycetes | Glomerellales | f__Plectosphaerellaceae | g__Plectosphaerella","10250","0.12571966921385952"
"2.1915094339622643","0.0023361333022131137","c__Sordariomycetes","0.4563065002152389","0.2857469686570579","94","3","f__Nectriaceae","g__Fusarium.6","false","k__Fungi","k__Fungi | p__Ascomycota | c__Sordariomycetes | Hypocreales | f__Nectriaceae | g__Fusarium.6","70.31914893617021","0","94","Hypocreales","0","p__Ascomycota","0.9948419505023278","false","0","k__Fungi | p__Ascomycota | c__Sordariomycetes | Hypocreales | f__Nectriaceae | g__Fusarium.6","107902","0.09216140096483645"
"2.0339622641509436","0.002967511986110023","c__Sordariomycetes","0.4916512059369202","0.2799864084267754","109","3","f__Nectriaceae","g__Fusicolla","false","k__Fungi","k__Fungi | p__Ascomycota | c__Sordariomycetes | Hypocreales | f__Nectriaceae | g__Fusicolla","74.25688073394495","0","109","Hypocreales","0","p__Ascomycota","0.9955239728824634","false","0","k__Fungi | p__Ascomycota | c__Sordariomycetes | Hypocreales | f__Nectriaceae | g__Fusicolla","140560","0.08115506091141525"
"2.3150943396226413","3.956726209301609E-4","c__Sordariomycetes","0.43194784026079874","0.3456659619450317","44","3","f__Nectriaceae","g__Fusicolla.1","false","k__Fungi","k__Fungi | p__Ascomycota | c__Sordariomycetes | Hypocreales | f__Nectriaceae | g__Fusicolla.1","69.3409090909091","0","44","Hypocreales","0","p__Ascomycota","0.9943069509107245","false","0","k__Fungi | p__Ascomycota | c__Sordariomycetes | Hypocreales | f__Nectriaceae | g__Fusicolla.1","21076","0.10167288723007198"
"2.4952830188679247","2.1515070356281182E-4","c__Sordariomycetes","0.4007561436672968","0.4008097165991903","39","3","f__Nectriaceae","g__Nectriaceae_gen_Incertae_sedis.2","false","k__Fungi","k__Fungi | p__Ascomycota | c__Sordariomycetes | Hypocreales | f__Nectriaceae | g__Nectriaceae_gen_Incertae_sedis.2","64.02564102564102","0","39","Hypocreales","0","p__Ascomycota","0.9935269133382341","false","0","k__Fungi | p__Ascomycota | c__Sordariomycetes | Hypocreales | f__Nectriaceae | g__Nectriaceae_gen_Incertae_sedis.2","8666","0.12908395368072786"
"2.279245283018868","4.3096769220199E-4","c__Sordariomycetes","0.43874172185430466","0.43333333333333335","45","3","f__Chaetomiaceae","unassigned","false","k__Fungi","k__Fungi | p__Ascomycota | c__Sordariomycetes | Sordariales | f__Chaetomiaceae | unassigned","74.64444444444445","0","45","Sordariales","0","p__Ascomycota","0.994462141631953","false","0","k__Fungi | p__Ascomycota | c__Sordariomycetes | Sordariales | f__Chaetomiaceae | unassigned","23546","0.10381702982537475"
"2.3075471698113206","6.737745936195108E-4","c__Sordariomycetes","0.4333605887162715","0.3490384615384615","65","3","unassigned","unassigned.8","false","k__Fungi","k__Fungi | p__Ascomycota | c__Sordariomycetes | unassigned | unassigned | unassigned.8","67.13846153846154","0","65","unassigned","0","p__Ascomycota","0.9943396226415094","false","0","k__Fungi | p__Ascomycota | c__Sordariomycetes | unassigned | unassigned | unassigned.8","28660","0.10035644475106359"
"2.340566037735849","4.5235637261127864E-4","c__Sordariomycetes","0.42724707779121324","0.36363636363636365","34","3","f__Apiosporaceae","g__Arthrinium","false","k__Fungi","k__Fungi | p__Ascomycota | c__Sordariomycetes | Xylariales | f__Apiosporaceae | g__Arthrinium","73.79411764705883","0","34","Xylariales","0","p__Ascomycota","0.9941966838193254","false","0","k__Fungi | p__Ascomycota | c__Sordariomycetes | Xylariales | f__Apiosporaceae | g__Arthrinium","22574","0.11096859796550199"
"2.109433962264151","0.0015825954929222115","c__Chytridiomycota_cls_Incertae_sedis","0.47406082289803214","0.30422535211267604","71","3","f__Chytridiomycota_fam_Incertae_sedis","g__Chytridiomycota_gen_Incertae_sedis.3","false","k__Fungi","k__Fungi | p__Chytridiomycota | c__Chytridiomycota_cls_Incertae_sedis | Chytridiomycota_ord_Incertae_sedis | f__Chytridiomycota_fam_Incertae_sedis | g__Chytridiomycota_gen_Incertae_sedis.3","73.90140845070422","0","71","Chytridiomycota_ord_Incertae_sedis","0","p__Chytridiomycota","0.995197255574614","false","0","k__Fungi | p__Chytridiomycota | c__Chytridiomycota_cls_Incertae_sedis | Chytridiomycota_ord_Incertae_sedis | f__Chytridiomycota_fam_Incertae_sedis | g__Chytridiomycota_gen_Incertae_sedis.3","90240","0.08465224335704952"
"2.1160377358490567","0.0020328901947595864","c__Fungi_cls_Incertae_sedis","0.4725813642443156","0.27913015254787404","79","3","f__Fungi_fam_Incertae_sedis","g__Fungi_gen_Incertae_sedis.59","false","k__Fungi","k__Fungi | p__Fungi_phy_Incertae_sedis | c__Fungi_cls_Incertae_sedis | Fungi_ord_Incertae_sedis | f__Fungi_fam_Incertae_sedis | g__Fungi_gen_Incertae_sedis.59","75.17721518987342","0","79","Fungi_ord_Incertae_sedis","0","p__Fungi_phy_Incertae_sedis","0.9951686678101772","false","0","k__Fungi | p__Fungi_phy_Incertae_sedis | c__Fungi_cls_Incertae_sedis | Fungi_ord_Incertae_sedis | f__Fungi_fam_Incertae_sedis | g__Fungi_gen_Incertae_sedis.59","114392","0.08761913192292939"
"2.2245283018867923","0.001404761082202545","c__Fungi_cls_Incertae_sedis","0.4495335029686175","0.3175983436853002","70","3","f__Fungi_fam_Incertae_sedis","g__Fungi_gen_Incertae_sedis.7","false","k__Fungi","k__Fungi | p__Fungi_phy_Incertae_sedis | c__Fungi_cls_Incertae_sedis | Fungi_ord_Incertae_sedis | f__Fungi_fam_Incertae_sedis | g__Fungi_gen_Incertae_sedis.7","71.14285714285714","0","70","Fungi_ord_Incertae_sedis","0","p__Fungi_phy_Incertae_sedis","0.9946990116801439","false","0","k__Fungi | p__Fungi_phy_Incertae_sedis | c__Fungi_cls_Incertae_sedis | Fungi_ord_Incertae_sedis | f__Fungi_fam_Incertae_sedis | g__Fungi_gen_Incertae_sedis.7","75710","0.0946048632218845"
"2.55188679245283","2.2135805512061492E-4","c__Fungi_cls_Incertae_sedis","0.39186691312384475","0.36666666666666664","36","3","f__Fungi_fam_Incertae_sedis","g__Fungi_gen_Incertae_sedis.8","false","k__Fungi","k__Fungi | p__Fungi_phy_Incertae_sedis | c__Fungi_cls_Incertae_sedis | Fungi_ord_Incertae_sedis | f__Fungi_fam_Incertae_sedis | g__Fungi_gen_Incertae_sedis.8","59.19444444444444","0","36","Fungi_ord_Incertae_sedis","0","p__Fungi_phy_Incertae_sedis","0.9932818753573471","false","0","k__Fungi | p__Fungi_phy_Incertae_sedis | c__Fungi_cls_Incertae_sedis | Fungi_ord_Incertae_sedis | f__Fungi_fam_Incertae_sedis | g__Fungi_gen_Incertae_sedis.8","7742","0.13483928119463426"
"2.2528301886792454","0.0010348649104946995","unassigned","0.44388609715242877","0.39552760307477286","54","3","unassigned","unassigned.56","false","k__Fungi","k__Fungi | unassigned | unassigned | unassigned | unassigned | unassigned.56","73.79629629629629","0","54","unassigned","0","unassigned","0.9945764926897003","false","0","k__Fungi | unassigned | unassigned | unassigned | unassigned | unassigned.56","47116","0.10010553294135384"
"2.0349056603773583","0.003628781645977342","c__Fungi_cls_Incertae_sedis","0.4914232730644414","0.23157894736842105","96","3","f__Fungi_fam_Incertae_sedis","g__Fungi_gen_Incertae_sedis.1","false","k__Fungi","k__Fungi | p__Fungi_phy_Incertae_sedis | c__Fungi_cls_Incertae_sedis | Fungi_ord_Incertae_sedis | f__Fungi_fam_Incertae_sedis | g__Fungi_gen_Incertae_sedis.1","70.0625","0","96","Fungi_ord_Incertae_sedis","0","p__Fungi_phy_Incertae_sedis","0.9955198889161154","false","0","k__Fungi | p__Fungi_phy_Incertae_sedis | c__Fungi_cls_Incertae_sedis | Fungi_ord_Incertae_sedis | f__Fungi_fam_Incertae_sedis | g__Fungi_gen_Incertae_sedis.1","150890","0.07557982740021575"
"2.260377358490566","7.029895759951628E-4","c__Ascomycota_cls_Incertae_sedis","0.4424040066777963","0.4169398907103825","61","3","f__Ascomycota_fam_Incertae_sedis","g__Ascomycota_gen_Incertae_sedis.42","false","k__Fungi","k__Fungi | p__Ascomycota | c__Ascomycota_cls_Incertae_sedis | Ascomycota_ord_Incertae_sedis | f__Ascomycota_fam_Incertae_sedis | g__Ascomycota_gen_Incertae_sedis.42","70.77049180327869","0","61","Ascomycota_ord_Incertae_sedis","0","p__Ascomycota","0.9945438209589154","false","0","k__Fungi | p__Ascomycota | c__Ascomycota_cls_Incertae_sedis | Ascomycota_ord_Incertae_sedis | f__Ascomycota_fam_Incertae_sedis | g__Ascomycota_gen_Incertae_sedis.42","34468","0.09788449765322087"
"2.170754716981132","0.002317962581014558","c__Dothideomycetes","0.4606692742285963","0.3006310958118187","84","3","f__Didymosphaeriaceae","g__Paraphaeosphaeria.1","false","k__Fungi","k__Fungi | p__Ascomycota | c__Dothideomycetes | Pleosporales | f__Didymosphaeriaceae | g__Paraphaeosphaeria.1","68.30952380952381","0","84","Pleosporales","0","p__Ascomycota","0.9949317977619865","false","0","k__Fungi | p__Ascomycota | c__Dothideomycetes | Pleosporales | f__Didymosphaeriaceae | g__Paraphaeosphaeria.1","98138","0.08592392932015573"
"2.3","5.930011416130706E-4","c__Dothideomycetes","0.4347826086956522","0.4408653846153846","65","3","f__Pleosporales_fam_Incertae_sedis","g__Pleosporales_gen_Incertae_sedis.16","false","k__Fungi","k__Fungi | p__Ascomycota | c__Dothideomycetes | Pleosporales | f__Pleosporales_fam_Incertae_sedis | g__Pleosporales_gen_Incertae_sedis.16","67.0923076923077","0","65","Pleosporales","0","p__Ascomycota","0.9943722943722944","false","0","k__Fungi | p__Ascomycota | c__Dothideomycetes | Pleosporales | f__Pleosporales_fam_Incertae_sedis | g__Pleosporales_gen_Incertae_sedis.16","28946","0.0991023747301443"
"2.3858490566037736","4.1981926095020105E-4","c__Dothideomycetes","0.4191379992091736","0.47215686274509805","51","3","f__Sporormiaceae","unassigned","false","k__Fungi","k__Fungi | p__Ascomycota | c__Dothideomycetes | Pleosporales | f__Sporormiaceae | unassigned","65.0","0","51","Pleosporales","0","p__Ascomycota","0.9940006534346157","false","0","k__Fungi | p__Ascomycota | c__Dothideomycetes | Pleosporales | f__Sporormiaceae | unassigned","18756","0.10833333333333334"
"2.2641509433962264","8.37797163670859E-4","c__Dothideomycetes","0.44166666666666665","0.34431372549019607","51","3","unassigned","unassigned","false","k__Fungi","k__Fungi | p__Ascomycota | c__Dothideomycetes | Pleosporales | unassigned | unassigned","74.72549019607843","0","51","Pleosporales","0","p__Ascomycota","0.9945274850935228","false","0","k__Fungi | p__Ascomycota | c__Dothideomycetes | Pleosporales | unassigned | unassigned","42622","0.10250410177788537"
"2.3811320754716983","5.441731714307064E-4","c__Eurotiomycetes","0.41996830427892234","0.38235294117647056","69","3","f__Chaetothyriales_fam_Incertae_sedis","g__Chaetothyriales_gen_Incertae_sedis.7","false","k__Fungi","k__Fungi | p__Ascomycota | c__Eurotiomycetes | Chaetothyriales | f__Chaetothyriales_fam_Incertae_sedis | g__Chaetothyriales_gen_Incertae_sedis.7","67.21739130434783","0","69","Chaetothyriales","0","p__Ascomycota","0.9940210732663562","false","0","k__Fungi | p__Ascomycota | c__Eurotiomycetes | Chaetothyriales | f__Chaetothyriales_fam_Incertae_sedis | g__Chaetothyriales_gen_Incertae_sedis.7","24294","0.11451003629360788"
"2.543396226415094","2.1504981221596872E-4","c__Eurotiomycetes","0.3931750741839763","0.3078817733990148","29","3","f__Herpotrichiellaceae","g__Cladophialophora.7","false","k__Fungi","k__Fungi | p__Ascomycota | c__Eurotiomycetes | Chaetothyriales | f__Herpotrichiellaceae | g__Cladophialophora.7","58.96551724137931","0","29","Chaetothyriales","0","p__Ascomycota","0.9933186310544802","false","0","k__Fungi | p__Ascomycota | c__Eurotiomycetes | Chaetothyriales | f__Herpotrichiellaceae | g__Cladophialophora.7","6962","0.12959454338764684"
"2.1783018867924526","0.001645028575202082","c__Eurotiomycetes","0.4590731918579472","0.30378510378510376","91","3","f__Herpotrichiellaceae","g__Exophiala.10","false","k__Fungi","k__Fungi | p__Ascomycota | c__Eurotiomycetes | Chaetothyriales | f__Herpotrichiellaceae | g__Exophiala.10","69.17582417582418","0","91","Chaetothyriales","0","p__Ascomycota","0.9948991260312016","false","0","k__Fungi | p__Ascomycota | c__Eurotiomycetes | Chaetothyriales | f__Herpotrichiellaceae | g__Exophiala.10","75358","0.08868695407156946"
"2.4047169811320757","4.2788780015555174E-4","c__Eurotiomycetes","0.4158493526873283","0.42589231699939506","58","3","f__Herpotrichiellaceae","g__Herpotrichiellaceae_gen_Incertae_sedis","false","k__Fungi","k__Fungi | p__Ascomycota | c__Eurotiomycetes | Chaetothyriales | f__Herpotrichiellaceae | g__Herpotrichiellaceae_gen_Incertae_sedis","63.87931034482759","0","58","Chaetothyriales","0","p__Ascomycota","0.9939189741076533","false","0","k__Fungi | p__Ascomycota | c__Eurotiomycetes | Chaetothyriales | f__Herpotrichiellaceae | g__Herpotrichiellaceae_gen_Incertae_sedis","19450","0.1114822170066799"
"2.1650943396226414","0.001412569930844683","c__Eurotiomycetes","0.4618736383442266","0.3563218390804598","87","3","f__Herpotrichiellaceae","g__Herpotrichiellaceae_gen_Incertae_sedis.1","false","k__Fungi","k__Fungi | p__Ascomycota | c__Eurotiomycetes | Chaetothyriales | f__Herpotrichiellaceae | g__Herpotrichiellaceae_gen_Incertae_sedis.1","72.85057471264368","0","87","Chaetothyriales","0","p__Ascomycota","0.9949563015600752","false","0","k__Fungi | p__Ascomycota | c__Eurotiomycetes | Chaetothyriales | f__Herpotrichiellaceae | g__Herpotrichiellaceae_gen_Incertae_sedis.1","69940","0.09129144700832541"
"2.336792452830189","3.53421635572598E-4","c__Eurotiomycetes","0.4279370205894227","0.5297532656023222","53","3","f__Trichomeriaceae","g__Bacillicladium","false","k__Fungi","k__Fungi | p__Ascomycota | c__Eurotiomycetes | Chaetothyriales | f__Trichomeriaceae | g__Bacillicladium","72.35849056603773","0","53","Chaetothyriales","0","p__Ascomycota","0.9942130196847178","false","0","k__Fungi | p__Ascomycota | c__Eurotiomycetes | Chaetothyriales | f__Trichomeriaceae | g__Bacillicladium","20834","0.11132075471698114"
"2.409433962264151","5.315073919822664E-4","c__Sordariomycetes","0.41503523884103366","0.37103594080338265","44","3","f__Coniochaetaceae","unassigned","false","k__Fungi","k__Fungi | p__Ascomycota | c__Sordariomycetes | Coniochaetales | f__Coniochaetaceae | unassigned","60.18181818181818","0","44","Coniochaetales","0","p__Ascomycota","0.9938985542759128","false","0","k__Fungi | p__Ascomycota | c__Sordariomycetes | Coniochaetales | f__Coniochaetaceae | unassigned","19618","0.10340518587941268"
"2.3537735849056602","7.31523766698822E-4","c__Sordariomycetes","0.42484969939879763","0.4375","64","3","f__Bionectriaceae","g__Clonostachys","false","k__Fungi","k__Fungi | p__Ascomycota | c__Sordariomycetes | Hypocreales | f__Bionectriaceae | g__Clonostachys","67.9375","0","64","Hypocreales","0","p__Ascomycota","0.9941395082904516","false","0","k__Fungi | p__Ascomycota | c__Sordariomycetes | Hypocreales | f__Bionectriaceae | g__Clonostachys","29944","0.10940016103059581"
"2.379245283018868","3.8456827330405306E-4","c__Sordariomycetes","0.4203013481363997","0.461734693877551","49","3","f__Bionectriaceae","g__Nectriella","false","k__Fungi","k__Fungi | p__Ascomycota | c__Sordariomycetes | Hypocreales | f__Bionectriaceae | g__Nectriella","65.73469387755102","0","49","Hypocreales","0","p__Ascomycota","0.9940292411990526","false","0","k__Fungi | p__Ascomycota | c__Sordariomycetes | Hypocreales | f__Bionectriaceae | g__Nectriella","18856","0.10793874199926276"
"2.211320754716981","0.0019054361683275385","c__Sordariomycetes","0.4522184300341297","0.37084398976982097","69","3","f__Nectriaceae","g__Fusarium.5","false","k__Fungi","k__Fungi | p__Ascomycota | c__Sordariomycetes | Hypocreales | f__Nectriaceae | g__Fusarium.5","71.82608695652173","0","69","Hypocreales","0","p__Ascomycota","0.9947561872090174","false","0","k__Fungi | p__Ascomycota | c__Sordariomycetes | Hypocreales | f__Nectriaceae | g__Fusarium.5","77842","0.09364548494983277"
"2.2858490566037735","4.4444132299848056E-4","c__Sordariomycetes","0.43747420553033434","0.4517543859649123","57","3","f__Nectriaceae","unassigned.1","false","k__Fungi","k__Fungi | p__Ascomycota | c__Sordariomycetes | Hypocreales | f__Nectriaceae | unassigned.1","71.29824561403508","0","57","Hypocreales","0","p__Ascomycota","0.9944335538675161","false","0","k__Fungi | p__Ascomycota | c__Sordariomycetes | Hypocreales | f__Nectriaceae | unassigned.1","24268","0.1018546365914787"
"2.2264150943396226","6.112348550905487E-4","c__Sordariomycetes","0.4491525423728814","0.2304878048780488","41","3","f__Stachybotryaceae","g__Albifimbria.1","false","k__Fungi","k__Fungi | p__Ascomycota | c__Sordariomycetes | Hypocreales | f__Stachybotryaceae | g__Albifimbria.1","69.34146341463415","0","41","Hypocreales","0","p__Ascomycota","0.9946908437474475","false","0","k__Fungi | p__Ascomycota | c__Sordariomycetes | Hypocreales | f__Stachybotryaceae | g__Albifimbria.1","27472","0.0890134318544726"
"2.362264150943396","4.805037375886719E-4","c__Sordariomycetes","0.4233226837060703","0.38457042665108127","59","3","f__Magnaporthaceae","g__Slopeiomyces","false","k__Fungi","k__Fungi | p__Ascomycota | c__Sordariomycetes | Magnaporthales | f__Magnaporthaceae | g__Slopeiomyces","69.10169491525424","0","59","Magnaporthales","0","p__Ascomycota","0.9941027525933187","false","0","k__Fungi | p__Ascomycota | c__Sordariomycetes | Magnaporthales | f__Magnaporthaceae | g__Slopeiomyces","21982","0.11199626404417218"
"2.2047169811320755","0.001617329883628466","c__Sordariomycetes","0.4535729567821994","0.2694938440492476","86","3","f__Myrmecridiaceae","g__Myrmecridium","false","k__Fungi","k__Fungi | p__Ascomycota | c__Sordariomycetes | Myrmecridiales | f__Myrmecridiaceae | g__Myrmecridium","74.13953488372093","0","86","Myrmecridiales","0","p__Ascomycota","0.9947847749734543","false","0","k__Fungi | p__Ascomycota | c__Sordariomycetes | Myrmecridiales | f__Myrmecridiaceae | g__Myrmecridium","74380","0.09793861939725354"
"2.4556603773584906","2.697823075486991E-4","c__Sordariomycetes","0.4072224356511717","0.4212121212121212","45","3","f__Chaetomiaceae","g__Chaetomium.1","false","k__Fungi","k__Fungi | p__Ascomycota | c__Sordariomycetes | Sordariales | f__Chaetomiaceae | g__Chaetomium.1","66.86666666666666","0","45","Sordariales","0","p__Ascomycota","0.993698439924855","false","0","k__Fungi | p__Ascomycota | c__Sordariomycetes | Sordariales | f__Chaetomiaceae | g__Chaetomium.1","10820","0.1256892230576441"
"2.306603773584906","7.592335526468572E-4","c__Sordariomycetes","0.4335378323108384","0.38921205711263884","62","3","f__Chaetomiaceae","unassigned.6","false","k__Fungi","k__Fungi | p__Ascomycota | c__Sordariomycetes | Sordariales | f__Chaetomiaceae | unassigned.6","68.62903225806451","0","62","Sordariales","0","p__Ascomycota","0.9943437066078575","false","0","k__Fungi | p__Ascomycota | c__Sordariomycetes | Sordariales | f__Chaetomiaceae | unassigned.6","33808","0.10197478790202752"
"2.2245283018867923","0.0013126485518788146","c__Sordariomycetes","0.4495335029686175","0.3626212165736115","83","3","f__Lasiosphaeriaceae","g__Schizothecium.10","false","k__Fungi","k__Fungi | p__Ascomycota | c__Sordariomycetes | Sordariales | f__Lasiosphaeriaceae | g__Schizothecium.10","72.20481927710843","0","83","Sordariales","0","p__Ascomycota","0.9946990116801439","false","0","k__Fungi | p__Ascomycota | c__Sordariomycetes | Sordariales | f__Lasiosphaeriaceae | g__Schizothecium.10","64346","0.09770611539527528"
"2.0283018867924527","0.002923341900192184","c__Sordariomycetes","0.4930232558139535","0.27359781121751026","86","3","f__Bartaliniaceae","g__Truncatella","false","k__Fungi","k__Fungi | p__Ascomycota | c__Sordariomycetes | Xylariales | f__Bartaliniaceae | g__Truncatella","81.20930232558139","0","86","Xylariales","0","p__Ascomycota","0.9955484766805521","false","0","k__Fungi | p__Ascomycota | c__Sordariomycetes | Xylariales | f__Bartaliniaceae | g__Truncatella","153700","0.08602680331099724"
"2.209433962264151","0.001270105817237673","unassigned","0.45260461144321096","0.2888243831640058","53","3","unassigned","unassigned.17","false","k__Fungi","k__Fungi | p__Ascomycota | unassigned | unassigned | unassigned | unassigned.17","86.84905660377359","0","53","unassigned","0","p__Ascomycota","0.9947643551417137","false","0","k__Fungi | p__Ascomycota | unassigned | unassigned | unassigned | unassigned.17","68128","0.11063574089652686"
"2.1839622641509435","0.0012297850583175552","unassigned","0.45788336933045354","0.3485881207400195","79","3","unassigned","unassigned.65","false","k__Fungi","k__Fungi | p__Ascomycota | unassigned | unassigned | unassigned | unassigned.65","77.92405063291139","0","79","unassigned","0","p__Ascomycota","0.9948746222331127","false","0","k__Fungi | p__Ascomycota | unassigned | unassigned | unassigned | unassigned.65","66254","0.09914001352787709"
"2.2132075471698114","6.419849250425792E-4","c__Tremellomycetes","0.4518329070758738","0.3536723163841808","60","3","f__Bulleribasidiaceae","g__Vishniacozyma.3","false","k__Fungi","k__Fungi | p__Basidiomycota | c__Tremellomycetes | Tremellales | f__Bulleribasidiaceae | g__Vishniacozyma.3","75.95","0","60","Tremellales","0","p__Basidiomycota","0.9947480192763212","false","0","k__Fungi | p__Basidiomycota | c__Tremellomycetes | Tremellales | f__Bulleribasidiaceae | g__Vishniacozyma.3","33984","0.0981266149870801"
"2.0764150943396227","0.0025153681977930524","c__Spizellomycetes","0.48159927305770106","0.30347985347985346","105","3","f__Spizellomycetales_fam_Incertae_sedis","g__Spizellomycetales_gen_Incertae_sedis.17","false","k__Fungi","k__Fungi | p__Chytridiomycota | c__Spizellomycetes | Spizellomycetales | f__Spizellomycetales_fam_Incertae_sedis | g__Spizellomycetales_gen_Incertae_sedis.17","84.72380952380952","0","105","Spizellomycetales","0","p__Chytridiomycota","0.9953401943967982","false","0","k__Fungi | p__Chytridiomycota | c__Spizellomycetes | Spizellomycetales | f__Spizellomycetales_fam_Incertae_sedis | g__Spizellomycetales_gen_Incertae_sedis.17","152050","0.09693799716683012"
"2.341509433962264","7.81809635782135E-4","c__Spizellomycetes","0.42707493956486703","0.3977401129943503","60","3","f__Spizellomycetales_fam_Incertae_sedis","g__Spizellomycetales_gen_Incertae_sedis.2","false","k__Fungi","k__Fungi | p__Chytridiomycota | c__Spizellomycetes | Spizellomycetales | f__Spizellomycetales_fam_Incertae_sedis | g__Spizellomycetales_gen_Incertae_sedis.2","63.8","0","60","Spizellomycetales","0","p__Chytridiomycota","0.9941925998529771","false","0","k__Fungi | p__Chytridiomycota | c__Spizellomycetes | Spizellomycetales | f__Spizellomycetales_fam_Incertae_sedis | g__Spizellomycetales_gen_Incertae_sedis.2","32794","0.1"
"2.397169811320755","4.2340918314982877E-4","c__Fungi_cls_Incertae_sedis","0.41715859897678076","0.44064386317907445","71","3","f__Fungi_fam_Incertae_sedis","g__Fungi_gen_Incertae_sedis.57","false","k__Fungi","k__Fungi | p__Fungi_phy_Incertae_sedis | c__Fungi_cls_Incertae_sedis | Fungi_ord_Incertae_sedis | f__Fungi_fam_Incertae_sedis | g__Fungi_gen_Incertae_sedis.57","68.04225352112677","0","71","Fungi_ord_Incertae_sedis","0","p__Fungi_phy_Incertae_sedis","0.9939516458384382","false","0","k__Fungi | p__Fungi_phy_Incertae_sedis | c__Fungi_cls_Incertae_sedis | Fungi_ord_Incertae_sedis | f__Fungi_fam_Incertae_sedis | g__Fungi_gen_Incertae_sedis.57","20722","0.11979269986113866"
"2.0028301886792454","0.002554949349849674","c__Fungi_cls_Incertae_sedis","0.49929345266132824","0.31811830461108526","114","3","f__Fungi_fam_Incertae_sedis","g__Fungi_gen_Incertae_sedis.69","false","k__Fungi","k__Fungi | p__Fungi_phy_Incertae_sedis | c__Fungi_cls_Incertae_sedis | Fungi_ord_Incertae_sedis | f__Fungi_fam_Incertae_sedis | g__Fungi_gen_Incertae_sedis.69","97.17543859649123","0","114","Fungi_ord_Incertae_sedis","0","p__Fungi_phy_Incertae_sedis","0.9956587437719513","false","0","k__Fungi | p__Fungi_phy_Incertae_sedis | c__Fungi_cls_Incertae_sedis | Fungi_ord_Incertae_sedis | f__Fungi_fam_Incertae_sedis | g__Fungi_gen_Incertae_sedis.69","190602","0.10304924559543079"
"2.4047169811320757","3.310168871346082E-4","unassigned","0.4158493526873283","0.3133997785160576","43","3","unassigned","unassigned.12","false","k__Fungi","k__Fungi | unassigned | unassigned | unassigned | unassigned | unassigned.12","66.13953488372093","0","43","unassigned","0","unassigned","0.9939189741076533","false","0","k__Fungi | unassigned | unassigned | unassigned | unassigned | unassigned.12","14966","0.11248220218319886"
"2.3","8.343697234633173E-4","unassigned","0.4347826086956522","0.34185848252344414","69","3","unassigned","unassigned.54","false","k__Fungi","k__Fungi | unassigned | unassigned | unassigned | unassigned | unassigned.54","69.1304347826087","0","69","unassigned","0","unassigned","0.9943722943722944","false","0","k__Fungi | unassigned | unassigned | unassigned | unassigned | unassigned.54","35128","0.10271981394146909"
"2.359433962264151","4.0063709507558783E-4","c__Ascomycota_cls_Incertae_sedis","0.4238304678128748","0.327796234772979","43","3","f__Ascomycota_fam_Incertae_sedis","g__Ascomycota_gen_Incertae_sedis.45","false","k__Fungi","k__Fungi | p__Ascomycota | c__Ascomycota_cls_Incertae_sedis | Ascomycota_ord_Incertae_sedis | f__Ascomycota_fam_Incertae_sedis | g__Ascomycota_gen_Incertae_sedis.45","68.37209302325581","0","43","Ascomycota_ord_Incertae_sedis","0","p__Ascomycota","0.994115004492363","false","0","k__Fungi | p__Ascomycota | c__Ascomycota_cls_Incertae_sedis | Ascomycota_ord_Incertae_sedis | f__Ascomycota_fam_Incertae_sedis | g__Ascomycota_gen_Incertae_sedis.45","19260","0.1075032909170689"
"2.360377358490566","5.523088160991333E-4","c__Ascomycota_cls_Incertae_sedis","0.42366107114308554","0.19458128078817735","29","3","f__Ascomycota_fam_Incertae_sedis","g__Ascomycota_gen_Incertae_sedis.5","false","k__Fungi","k__Fungi | p__Ascomycota | c__Ascomycota_cls_Incertae_sedis | Ascomycota_ord_Incertae_sedis | f__Ascomycota_fam_Incertae_sedis | g__Ascomycota_gen_Incertae_sedis.5","53.55172413793103","0","29","Ascomycota_ord_Incertae_sedis","0","p__Ascomycota","0.9941109205260149","false","0","k__Fungi | p__Ascomycota | c__Ascomycota_cls_Incertae_sedis | Ascomycota_ord_Incertae_sedis | f__Ascomycota_fam_Incertae_sedis | g__Ascomycota_gen_Incertae_sedis.5","16586","0.08266268720353888"
"2.4650943396226417","3.0996364218310857E-4","c__Dothideomycetes","0.40566398775353996","0.31152204836415365","38","3","f__Lentitheciaceae","unassigned","false","k__Fungi","k__Fungi | p__Ascomycota | c__Dothideomycetes | Pleosporales | f__Lentitheciaceae | unassigned","61.1578947368421","0","38","Pleosporales","0","p__Ascomycota","0.9936576002613738","false","0","k__Fungi | p__Ascomycota | c__Dothideomycetes | Pleosporales | f__Lentitheciaceae | unassigned","12076","0.11561038702616655"
"2.438679245283019","1.9924133480518486E-4","c__Leotiomycetes","0.41005802707930367","0.3773784355179704","44","3","f__Erysiphaceae","g__Blumeria","false","k__Fungi","k__Fungi | p__Ascomycota | c__Leotiomycetes | Erysiphales | f__Erysiphaceae | g__Blumeria","69.45454545454545","0","44","Erysiphales","0","p__Ascomycota","0.9937719513191211","false","0","k__Fungi | p__Ascomycota | c__Leotiomycetes | Erysiphales | f__Erysiphaceae | g__Blumeria","8960","0.12605180663256887"
"2.3084905660377357","6.06380012846017E-4","c__Leotiomycetes","0.4331834899877401","0.32429378531073444","60","3","f__Helotiales_fam_Incertae_sedis","g__Helotiales_gen_Incertae_sedis.18","false","k__Fungi","k__Fungi | p__Ascomycota | c__Leotiomycetes | Helotiales | f__Helotiales_fam_Incertae_sedis | g__Helotiales_gen_Incertae_sedis.18","67.46666666666667","0","60","Helotiales","0","p__Ascomycota","0.9943355386751613","false","0","k__Fungi | p__Ascomycota | c__Leotiomycetes | Helotiales | f__Helotiales_fam_Incertae_sedis | g__Helotiales_gen_Incertae_sedis.18","27334","0.10024764735017336"
"2.4047169811320757","2.9168424856835227E-4","c__Leotiomycetes","0.4158493526873283","0.36464646464646466","45","3","f__Helotiales_fam_Incertae_sedis","g__Helotiales_gen_Incertae_sedis.2","false","k__Fungi","k__Fungi | p__Ascomycota | c__Leotiomycetes | Helotiales | f__Helotiales_fam_Incertae_sedis | g__Helotiales_gen_Incertae_sedis.2","67.4888888888889","0","45","Helotiales","0","p__Ascomycota","0.9939189741076533","false","0","k__Fungi | p__Ascomycota | c__Leotiomycetes | Helotiales | f__Helotiales_fam_Incertae_sedis | g__Helotiales_gen_Incertae_sedis.2","14272","0.11516875237011756"
"2.0943396226415096","0.0023702719744255933","c__Leotiomycetes","0.47747747747747743","0.31546464468347735","107","3","f__Hyaloscyphaceae","g__Cistella","false","k__Fungi","k__Fungi | p__Ascomycota | c__Leotiomycetes | Helotiales | f__Hyaloscyphaceae | g__Cistella","85.85981308411215","0","107","Helotiales","0","p__Ascomycota","0.995262599036184","false","0","k__Fungi | p__Ascomycota | c__Leotiomycetes | Helotiales | f__Hyaloscyphaceae | g__Cistella","148336","0.10065628732017837"
"2.1867924528301885","0.002330962904806369","c__Leotiomycetes","0.457290767903365","0.2648401826484018","73","3","unassigned","unassigned.5","false","k__Fungi","k__Fungi | p__Ascomycota | c__Leotiomycetes | Helotiales | unassigned | unassigned.5","67.67123287671232","0","73","Helotiales","0","p__Ascomycota","0.9948623703340684","false","0","k__Fungi | p__Ascomycota | c__Leotiomycetes | Helotiales | unassigned | unassigned.5","96436","0.0857683559907634"
"2.0952830188679243","0.0015837081423339876","c__Pezizomycetes","0.4772624943719046","0.30280701754385964","76","3","f__Pyronemataceae","g__Pyronemataceae_gen_Incertae_sedis.3","false","k__Fungi","k__Fungi | p__Ascomycota | c__Pezizomycetes | Pezizales | f__Pyronemataceae | g__Pyronemataceae_gen_Incertae_sedis.3","96.10526315789474","0","76","Pezizales","0","p__Ascomycota","0.9952585150698359","false","0","k__Fungi | p__Ascomycota | c__Pezizomycetes | Pezizales | f__Pyronemataceae | g__Pyronemataceae_gen_Incertae_sedis.3","92046","0.10883948262502235"
"2.1962264150943396","0.001392216312626652","c__Sordariomycetes","0.45532646048109965","0.30257801899592945","67","3","f__Hypocreales_fam_Incertae_sedis","g__Hypocreales_gen_Incertae_sedis.3","false","k__Fungi","k__Fungi | p__Ascomycota | c__Sordariomycetes | Hypocreales | f__Hypocreales_fam_Incertae_sedis | g__Hypocreales_gen_Incertae_sedis.3","85.05970149253731","0","67","Hypocreales","0","p__Ascomycota","0.9948215306705872","false","0","k__Fungi | p__Ascomycota | c__Sordariomycetes | Hypocreales | f__Hypocreales_fam_Incertae_sedis | g__Hypocreales_gen_Incertae_sedis.3","81400","0.1083563076338055"
"2.5358490566037735","9.17167264913231E-5","c__Sordariomycetes","0.39434523809523814","0.3157894736842105","19","3","f__Hypocreales_fam_Incertae_sedis","unassigned","false","k__Fungi","k__Fungi | p__Ascomycota | c__Sordariomycetes | Hypocreales | f__Hypocreales_fam_Incertae_sedis | unassigned","56.94736842105263","0","19","Hypocreales","0","p__Ascomycota","0.9933513027852651","false","0","k__Fungi | p__Ascomycota | c__Sordariomycetes | Hypocreales | f__Hypocreales_fam_Incertae_sedis | unassigned","3576","0.12039612774006898"
"2.158490566037736","0.001582251146363038","c__Sordariomycetes","0.4632867132867133","0.27283702213279676","71","3","f__Nectriaceae","g__Fusarium.11","false","k__Fungi","k__Fungi | p__Ascomycota | c__Sordariomycetes | Hypocreales | f__Nectriaceae | g__Fusarium.11","77.30985915492958","0","71","Hypocreales","0","p__Ascomycota","0.994984889324512","false","0","k__Fungi | p__Ascomycota | c__Sordariomycetes | Hypocreales | f__Nectriaceae | g__Fusarium.11","75974","0.09416548009126623"
"2.25","6.202138474104332E-4","c__Sordariomycetes","0.4444444444444444","0.29949874686716793","57","3","f__Nectriaceae","g__Fusarium.7","false","k__Fungi","k__Fungi | p__Ascomycota | c__Sordariomycetes | Hypocreales | f__Nectriaceae | g__Fusarium.7","75.01754385964912","0","57","Hypocreales","0","p__Ascomycota","0.9945887445887446","false","0","k__Fungi | p__Ascomycota | c__Sordariomycetes | Hypocreales | f__Nectriaceae | g__Fusarium.7","31648","0.10164978842770885"
"1.9528301886792452","0.0055193659751373815","c__Sordariomycetes","0.5120772946859904","0.21524752475247524","101","3","unassigned","unassigned","false","k__Fungi","k__Fungi | p__Ascomycota | c__Sordariomycetes | Hypocreales | unassigned | unassigned","83.96039603960396","0","101","Hypocreales","0","p__Ascomycota","0.9958751939884015","false","0","k__Fungi | p__Ascomycota | c__Sordariomycetes | Hypocreales | unassigned | unassigned","267072","0.08321149260614863"
"1.989622641509434","0.0031568800966842846","c__Sordariomycetes","0.5026078710289237","0.22413793103448276","88","3","f__Chaetomiaceae","g__Chaetomiaceae_gen_Incertae_sedis","false","k__Fungi","k__Fungi | p__Ascomycota | c__Sordariomycetes | Sordariales | f__Chaetomiaceae | g__Chaetomiaceae_gen_Incertae_sedis","83.85227272727273","0","88","Sordariales","0","p__Ascomycota","0.9957159193008249","false","0","k__Fungi | p__Ascomycota | c__Sordariomycetes | Sordariales | f__Chaetomiaceae | g__Chaetomiaceae_gen_Incertae_sedis","158770","0.08530241376121335"
"2.116981132075472","0.00125601932511808","c__Sordariomycetes","0.47237076648841353","0.3392816289178678","94","3","f__Chaetomiaceae","unassigned.1","false","k__Fungi","k__Fungi | p__Ascomycota | c__Sordariomycetes | Sordariales | f__Chaetomiaceae | unassigned.1","85.75531914893617","0","94","Sordariales","0","p__Ascomycota","0.9951645838438291","false","0","k__Fungi | p__Ascomycota | c__Sordariomycetes | Sordariales | f__Chaetomiaceae | unassigned.1","81444","0.10184717238590994"
"2.5056603773584905","1.4945763826731015E-4","c__Sordariomycetes","0.3990963855421687","0.36134453781512604","35","3","f__Chaetomiaceae","unassigned.2","false","k__Fungi","k__Fungi | p__Ascomycota | c__Sordariomycetes | Sordariales | f__Chaetomiaceae | unassigned.2","64.51428571428572","0","35","Sordariales","0","p__Ascomycota","0.9934819897084048","false","0","k__Fungi | p__Ascomycota | c__Sordariomycetes | Sordariales | f__Chaetomiaceae | unassigned.2","6330","0.13193105463044114"
"2.299056603773585","5.362195759496213E-4","c__Sordariomycetes","0.434961017644645","0.23461538461538461","40","3","f__Podosporaceae","g__Cladorrhinum","false","k__Fungi","k__Fungi | p__Ascomycota | c__Sordariomycetes | Sordariales | f__Podosporaceae | g__Cladorrhinum","72.775","0","40","Sordariales","0","p__Ascomycota","0.9943763783386426","false","0","k__Fungi | p__Ascomycota | c__Sordariomycetes | Sordariales | f__Podosporaceae | g__Cladorrhinum","26636","0.10352062588904694"
"2.3207547169811322","4.5571675433451217E-4","c__Sordariomycetes","0.4308943089430894","0.3441258094357077","47","3","f__Sordariales_fam_Incertae_sedis","g__Sordariales_gen_Incertae_sedis.2","false","k__Fungi","k__Fungi | p__Ascomycota | c__Sordariomycetes | Sordariales | f__Sordariales_fam_Incertae_sedis | g__Sordariales_gen_Incertae_sedis.2","76.97872340425532","0","47","Sordariales","0","p__Ascomycota","0.9942824471126358","false","0","k__Fungi | p__Ascomycota | c__Sordariomycetes | Sordariales | f__Sordariales_fam_Incertae_sedis | g__Sordariales_gen_Incertae_sedis.2","25660","0.11438146122474788"
"2.1839622641509435","0.0015965444728544117","c__Sordariomycetes","0.45788336933045354","0.2583732057416268","77","3","f__Sordariales_fam_Incertae_sedis","g__Staphylotrichum","false","k__Fungi","k__Fungi | p__Ascomycota | c__Sordariomycetes | Sordariales | f__Sordariales_fam_Incertae_sedis | g__Staphylotrichum","73.97402597402598","0","77","Sordariales","0","p__Ascomycota","0.9948746222331127","false","0","k__Fungi | p__Ascomycota | c__Sordariomycetes | Sordariales | f__Sordariales_fam_Incertae_sedis | g__Staphylotrichum","80860","0.09387566747972839"
"2.2122641509433962","0.0011752957319795217","c__Sordariomycetes","0.4520255863539446","0.23311748381128586","47","3","unassigned","unassigned","false","k__Fungi","k__Fungi | p__Ascomycota | c__Sordariomycetes | unassigned | unassigned | unassigned","58.93617021276596","0","47","unassigned","0","p__Ascomycota","0.9947521032426694","false","0","k__Fungi | p__Ascomycota | c__Sordariomycetes | unassigned | unassigned | unassigned","37870","0.074792094178637"
"2.3726415094339623","2.995563622971145E-4","unassigned","0.42147117296222664","0.31092436974789917","35","3","unassigned","unassigned.10","false","k__Fungi","k__Fungi | p__Ascomycota | unassigned | unassigned | unassigned | unassigned.10","69.8","0","35","unassigned","0","p__Ascomycota","0.9940578289634893","false","0","k__Fungi | p__Ascomycota | unassigned | unassigned | unassigned | unassigned.10","13998","0.11079365079365079"
"2.3358490566037737","8.356321973877466E-4","c__Agaricomycetes","0.4281098546042003","0.31820931639443434","58","3","f__Ceratobasidiaceae","g__Ceratobasidium","false","k__Fungi","k__Fungi | p__Basidiomycota | c__Agaricomycetes | Cantharellales | f__Ceratobasidiaceae | g__Ceratobasidium","64.5","0","58","Cantharellales","0","p__Basidiomycota","0.994217103651066","false","0","k__Fungi | p__Basidiomycota | c__Agaricomycetes | Cantharellales | f__Ceratobasidiaceae | g__Ceratobasidium","38482","0.0998452012383901"
"2.082075471698113","0.002198075064351766","c__Tremellomycetes","0.4802899864068872","0.23827791986359761","69","3","f__Bulleribasidiaceae","g__Vishniacozyma","false","k__Fungi","k__Fungi | p__Basidiomycota | c__Tremellomycetes | Tremellales | f__Bulleribasidiaceae | g__Vishniacozyma","75.66666666666667","0","69","Tremellales","0","p__Basidiomycota","0.9953156905987094","false","0","k__Fungi | p__Basidiomycota | c__Tremellomycetes | Tremellales | f__Bulleribasidiaceae | g__Vishniacozyma","96548","0.08370206489675516"
"2.061320754716981","0.0011338803079265739","c__Fungi_cls_Incertae_sedis","0.4851258581235698","0.31951710261569416","71","3","f__Fungi_fam_Incertae_sedis","g__Fungi_gen_Incertae_sedis.17","false","k__Fungi","k__Fungi | p__Fungi_phy_Incertae_sedis | c__Fungi_cls_Incertae_sedis | Fungi_ord_Incertae_sedis | f__Fungi_fam_Incertae_sedis | g__Fungi_gen_Incertae_sedis.17","99.83098591549296","0","71","Fungi_ord_Incertae_sedis","0","p__Fungi_phy_Incertae_sedis","0.995405537858368","false","0","k__Fungi | p__Fungi_phy_Incertae_sedis | c__Fungi_cls_Incertae_sedis | Fungi_ord_Incertae_sedis | f__Fungi_fam_Incertae_sedis | g__Fungi_gen_Incertae_sedis.17","72776","0.1080421925492348"
"2.4037735849056605","6.254544131654787E-4","unassigned","0.4160125588697017","0.3015803336259877","68","3","unassigned","unassigned.30","false","k__Fungi","k__Fungi | unassigned | unassigned | unassigned | unassigned | unassigned.30","61.0735294117647","0","68","unassigned","0","unassigned","0.9939230580740015","false","0","k__Fungi | unassigned | unassigned | unassigned | unassigned | unassigned.30","25564","0.10828639966624948"
"2.1160377358490567","0.001182971670504121","c__Ascomycota_cls_Incertae_sedis","0.4725813642443156","0.3615934627170582","89","3","f__Ascomycota_fam_Incertae_sedis","g__Ascomycota_gen_Incertae_sedis.48","false","k__Fungi","k__Fungi | p__Ascomycota | c__Ascomycota_cls_Incertae_sedis | Ascomycota_ord_Incertae_sedis | f__Ascomycota_fam_Incertae_sedis | g__Ascomycota_gen_Incertae_sedis.48","86.67415730337079","0","89","Ascomycota_ord_Incertae_sedis","0","p__Ascomycota","0.9951686678101772","false","0","k__Fungi | p__Ascomycota | c__Ascomycota_cls_Incertae_sedis | Ascomycota_ord_Incertae_sedis | f__Ascomycota_fam_Incertae_sedis | g__Ascomycota_gen_Incertae_sedis.48","81826","0.10221009115963536"
"2.3726415094339623","2.439053343395708E-4","c__Dothideomycetes","0.42147117296222664","0.4817073170731707","41","3","f__Dothideomycetes_fam_Incertae_sedis","g__Dothideomycetes_gen_Incertae_sedis.1","false","k__Fungi","k__Fungi | p__Ascomycota | c__Dothideomycetes | Dothideomycetes_ord_Incertae_sedis | f__Dothideomycetes_fam_Incertae_sedis | g__Dothideomycetes_gen_Incertae_sedis.1","82.02439024390245","0","41","Dothideomycetes_ord_Incertae_sedis","0","p__Ascomycota","0.9940578289634893","false","0","k__Fungi | p__Ascomycota | c__Dothideomycetes | Dothideomycetes_ord_Incertae_sedis | f__Dothideomycetes_fam_Incertae_sedis | g__Dothideomycetes_gen_Incertae_sedis.1","13578","0.13144934333958724"
"2.128301886792453","9.171937232467046E-4","c__Dothideomycetes","0.4698581560283688","0.3720844131803036","74","3","f__Cucurbitariaceae","g__Neocucurbitaria","false","k__Fungi","k__Fungi | p__Ascomycota | c__Dothideomycetes | Pleosporales | f__Cucurbitariaceae | g__Neocucurbitaria","95.24324324324324","0","74","Pleosporales","0","p__Ascomycota","0.9951155762476517","false","0","k__Fungi | p__Ascomycota | c__Dothideomycetes | Pleosporales | f__Cucurbitariaceae | g__Neocucurbitaria","66014","0.11205087440381559"
"2.259433962264151","5.700523999789025E-4","c__Dothideomycetes","0.4425887265135699","0.2777777777777778","36","3","f__Phaeosphaeriaceae","unassigned.1","false","k__Fungi","k__Fungi | p__Ascomycota | c__Dothideomycetes | Pleosporales | f__Phaeosphaeriaceae | unassigned.1","67.86111111111111","0","36","Pleosporales","0","p__Ascomycota","0.9945479049252633","false","0","k__Fungi | p__Ascomycota | c__Dothideomycetes | Pleosporales | f__Phaeosphaeriaceae | unassigned.1","24400","0.09060228452751817"
"2.089622641509434","0.0013445816936240812","c__Dothideomycetes","0.47855530474040636","0.29860434923726065","79","3","f__Pleosporaceae","g__Alternaria.1","false","k__Fungi","k__Fungi | p__Ascomycota | c__Dothideomycetes | Pleosporales | f__Pleosporaceae | g__Alternaria.1","90.26582278481013","0","79","Pleosporales","0","p__Ascomycota","0.9952830188679245","false","0","k__Fungi | p__Ascomycota | c__Dothideomycetes | Pleosporales | f__Pleosporaceae | g__Alternaria.1","82914","0.10188016115667058"
"2.1622641509433964","6.668800710946936E-4","c__Dothideomycetes","0.46247818499127397","0.38716356107660455","70","3","f__Pleosporales_fam_Incertae_sedis","g__Pleosporales_gen_Incertae_sedis.9","false","k__Fungi","k__Fungi | p__Ascomycota | c__Dothideomycetes | Pleosporales | f__Pleosporales_fam_Incertae_sedis | g__Pleosporales_gen_Incertae_sedis.9","86.64285714285714","0","70","Pleosporales","0","p__Ascomycota","0.9949685534591195","false","0","k__Fungi | p__Ascomycota | c__Dothideomycetes | Pleosporales | f__Pleosporales_fam_Incertae_sedis | g__Pleosporales_gen_Incertae_sedis.9","47530","0.10592036325532658"
"1.9641509433962263","0.0033969240594216923","c__Dothideomycetes","0.5091258405379443","0.30701754385964913","133","3","f__Tubeufiaceae","g__Neohelicomyces","false","k__Fungi","k__Fungi | p__Ascomycota | c__Dothideomycetes | Tubeufiales | f__Tubeufiaceae | g__Neohelicomyces","108.9172932330827","0","133","Tubeufiales","0","p__Ascomycota","0.9958261863922242","false","0","k__Fungi | p__Ascomycota | c__Dothideomycetes | Tubeufiales | f__Tubeufiaceae | g__Neohelicomyces","249758","0.11286766138143285"
"2.481132075471698","2.347843979764158E-4","c__Eurotiomycetes","0.4030418250950571","0.36134453781512604","35","3","f__Chaetothyriales_fam_Incertae_sedis","g__Chaetothyriales_gen_Incertae_sedis.3","false","k__Fungi","k__Fungi | p__Ascomycota | c__Eurotiomycetes | Chaetothyriales | f__Chaetothyriales_fam_Incertae_sedis | g__Chaetothyriales_gen_Incertae_sedis.3","67.54285714285714","0","35","Chaetothyriales","0","p__Ascomycota","0.9935881728334559","false","0","k__Fungi | p__Ascomycota | c__Eurotiomycetes | Chaetothyriales | f__Chaetothyriales_fam_Incertae_sedis | g__Chaetothyriales_gen_Incertae_sedis.3","8366","0.13115117891816921"
"2.0849056603773586","0.0010690603057017076","c__Eurotiomycetes","0.4796380090497737","0.39689004072565714","74","3","f__Herpotrichiellaceae","g__Herpotrichiellaceae_gen_Incertae_sedis.5","false","k__Fungi","k__Fungi | p__Ascomycota | c__Eurotiomycetes | Chaetothyriales | f__Herpotrichiellaceae | g__Herpotrichiellaceae_gen_Incertae_sedis.5","89.70270270270271","0","74","Chaetothyriales","0","p__Ascomycota","0.9953034386996651","false","0","k__Fungi | p__Ascomycota | c__Eurotiomycetes | Chaetothyriales | f__Herpotrichiellaceae | g__Herpotrichiellaceae_gen_Incertae_sedis.5","65966","0.10011462355212356"
"2.0622641509433963","0.0010205489248512906","c__Leotiomycetes","0.484903934126258","0.3930005737234653","84","3","f__Helotiales_fam_Incertae_sedis","g__Helotiales_gen_Incertae_sedis.10","false","k__Fungi","k__Fungi | p__Ascomycota | c__Leotiomycetes | Helotiales | f__Helotiales_fam_Incertae_sedis | g__Helotiales_gen_Incertae_sedis.10","88.3452380952381","0","84","Helotiales","0","p__Ascomycota","0.9954014538920198","false","0","k__Fungi | p__Ascomycota | c__Leotiomycetes | Helotiales | f__Helotiales_fam_Incertae_sedis | g__Helotiales_gen_Incertae_sedis.10","73852","0.09708267922553637"
"2.263207547169811","9.061072233163072E-4","c__Sordariomycetes","0.44185077115464777","0.3310719131614654","67","3","f__Diaporthaceae","g__Diaporthe.1","false","k__Fungi","k__Fungi | p__Ascomycota | c__Sordariomycetes | Diaporthales | f__Diaporthaceae | g__Diaporthe.1","72.4776119402985","0","67","Diaporthales","0","p__Ascomycota","0.994531569059871","false","0","k__Fungi | p__Ascomycota | c__Sordariomycetes | Diaporthales | f__Diaporthaceae | g__Diaporthe.1","44388","0.10150926042058614"
"2.2839622641509436","5.430010810826083E-4","c__Sordariomycetes","0.43783560512185044","0.3918032786885246","61","3","f__Hypocreales_fam_Incertae_sedis","g__Hypocreales_gen_Incertae_sedis.6","false","k__Fungi","k__Fungi | p__Ascomycota | c__Sordariomycetes | Hypocreales | f__Hypocreales_fam_Incertae_sedis | g__Hypocreales_gen_Incertae_sedis.6","76.0327868852459","0","61","Hypocreales","0","p__Ascomycota","0.9944417218002124","false","0","k__Fungi | p__Ascomycota | c__Sordariomycetes | Hypocreales | f__Hypocreales_fam_Incertae_sedis | g__Hypocreales_gen_Incertae_sedis.6","30142","0.10892949410493682"
"2.6009433962264152","4.102800708709988E-5","c__Sordariomycetes","0.3844758795792528","0.5087719298245614","19","3","f__Stachybotryaceae","g__Stachybotryaceae_gen_Incertae_sedis","false","k__Fungi","k__Fungi | p__Ascomycota | c__Sordariomycetes | Hypocreales | f__Stachybotryaceae | g__Stachybotryaceae_gen_Incertae_sedis","62.73684210526316","0","19","Hypocreales","0","p__Ascomycota","0.9930695091072449","false","0","k__Fungi | p__Ascomycota | c__Sordariomycetes | Hypocreales | f__Stachybotryaceae | g__Stachybotryaceae_gen_Incertae_sedis","1802","0.1552892131318395"
"2.111320754716981","0.0016698869535255083","c__Sordariomycetes","0.47363717605004474","0.2730465320456541","68","3","f__Chaetomiaceae","g__Chaetomiaceae_gen_Incertae_sedis.3","false","k__Fungi","k__Fungi | p__Ascomycota | c__Sordariomycetes | Sordariales | f__Chaetomiaceae | g__Chaetomiaceae_gen_Incertae_sedis.3","80.6470588235294","0","68","Sordariales","0","p__Ascomycota","0.9951890876419178","false","0","k__Fungi | p__Ascomycota | c__Sordariomycetes | Sordariales | f__Chaetomiaceae | g__Chaetomiaceae_gen_Incertae_sedis.3","84998","0.09227352268138377"
"2.1047169811320754","0.00215352100479843","c__Sordariomycetes","0.4751232631107127","0.25170998632010944","86","3","unassigned","unassigned","false","k__Fungi","k__Fungi | p__Ascomycota | c__Sordariomycetes | Sordariales | unassigned | unassigned","79.12790697674419","0","86","Sordariales","0","p__Ascomycota","0.9952176754063546","false","0","k__Fungi | p__Ascomycota | c__Sordariomycetes | Sordariales | unassigned | unassigned","115750","0.09168934759761783"
"2.310377358490566","8.454725339403521E-4","c__Sordariomycetes","0.4328297264189465","0.32206861239119305","63","3","unassigned","unassigned.2","false","k__Fungi","k__Fungi | p__Ascomycota | c__Sordariomycetes | Sordariales | unassigned | unassigned.2","71.87301587301587","0","63","Sordariales","0","p__Ascomycota","0.994327370742465","false","0","k__Fungi | p__Ascomycota | c__Sordariomycetes | Sordariales | unassigned | unassigned.2","33298","0.10759433513924532"
"2.3358490566037737","4.732790705054466E-4","c__Sordariomycetes","0.4281098546042003","0.36885245901639346","61","3","f__Thyridiaceae","g__Thyridium","false","k__Fungi","k__Fungi | p__Ascomycota | c__Sordariomycetes | Sordariomycetes_ord_Incertae_sedis | f__Thyridiaceae | g__Thyridium","70.18032786885246","0","61","Sordariomycetes_ord_Incertae_sedis","0","p__Ascomycota","0.994217103651066","false","0","k__Fungi | p__Ascomycota | c__Sordariomycetes | Sordariomycetes_ord_Incertae_sedis | f__Thyridiaceae | g__Thyridium","23394","0.1091451444305637"
"2.4424528301886794","2.1076867347645872E-4","c__Sordariomycetes","0.4094244882193897","0.5132575757575758","33","3","unassigned","unassigned.11","false","k__Fungi","k__Fungi | p__Ascomycota | c__Sordariomycetes | unassigned | unassigned | unassigned.11","74.27272727272727","0","33","unassigned","0","p__Ascomycota","0.9937556154537287","false","0","k__Fungi | p__Ascomycota | c__Sordariomycetes | unassigned | unassigned | unassigned.11","8568","0.13310524600847182"
"2.2179245283018867","9.537526472240547E-4","unassigned","0.45087196937473417","0.34415584415584416","77","3","unassigned","unassigned.50","false","k__Fungi","k__Fungi | p__Ascomycota | unassigned | unassigned | unassigned | unassigned.50","78.16883116883118","0","77","unassigned","0","p__Ascomycota","0.9947275994445806","false","0","k__Fungi | p__Ascomycota | unassigned | unassigned | unassigned | unassigned.50","53320","0.10394791378833931"
"2.1462264150943398","0.0020143256613451223","c__Tremellomycetes","0.4659340659340659","0.27263157894736845","76","3","f__Mrakiaceae","g__Tausonia","false","k__Fungi","k__Fungi | p__Basidiomycota | c__Tremellomycetes | Cystofilobasidiales | f__Mrakiaceae | g__Tausonia","92.63157894736842","0","76","Cystofilobasidiales","0","p__Basidiomycota","0.9950379808870375","false","0","k__Fungi | p__Basidiomycota | c__Tremellomycetes | Cystofilobasidiales | f__Mrakiaceae | g__Tausonia","112104","0.11173893721033586"
"1.991509433962264","0.0023566331109709563","c__Tremellomycetes","0.502131691141639","0.27767470624613483","99","3","f__Filobasidiaceae","g__Filobasidium","false","k__Fungi","k__Fungi | p__Basidiomycota | c__Tremellomycetes | Filobasidiales | f__Filobasidiaceae | g__Filobasidium","99.26262626262626","0","99","Filobasidiales","0","p__Basidiomycota","0.9957077513681286","false","0","k__Fungi | p__Basidiomycota | c__Tremellomycetes | Filobasidiales | f__Filobasidiaceae | g__Filobasidium","152882","0.10233260439446007"
"2.0660377358490565","0.0018244637744725123","c__Tremellomycetes","0.4840182648401827","0.29599518217404397","82","3","f__Piskurozymaceae","g__Solicoccozyma","false","k__Fungi","k__Fungi | p__Basidiomycota | c__Tremellomycetes | Filobasidiales | f__Piskurozymaceae | g__Solicoccozyma","86.67073170731707","0","82","Filobasidiales","0","p__Basidiomycota","0.9953851180266274","false","0","k__Fungi | p__Basidiomycota | c__Tremellomycetes | Filobasidiales | f__Piskurozymaceae | g__Solicoccozyma","108472","0.09545234769528312"
"2.107547169811321","0.0014089943165377695","c__Rhizophydiomycetes","0.4744852282900626","0.24151967435549526","67","3","f__Rhizophydiales_fam_Incertae_sedis","g__Rhizophydiales_gen_Incertae_sedis.5","false","k__Fungi","k__Fungi | p__Chytridiomycota | c__Rhizophydiomycetes | Rhizophydiales | f__Rhizophydiales_fam_Incertae_sedis | g__Rhizophydiales_gen_Incertae_sedis.5","78.11940298507463","0","67","Rhizophydiales","0","p__Chytridiomycota","0.9952054235073103","false","0","k__Fungi | p__Chytridiomycota | c__Rhizophydiomycetes | Rhizophydiales | f__Rhizophydiales_fam_Incertae_sedis | g__Rhizophydiales_gen_Incertae_sedis.5","72664","0.08887304093865145"
"2.0452830188679245","0.0027170190859741755","c__Fungi_cls_Incertae_sedis","0.488929889298893","0.29077764062775524","107","3","f__Fungi_fam_Incertae_sedis","g__Fungi_gen_Incertae_sedis.22","false","k__Fungi","k__Fungi | p__Fungi_phy_Incertae_sedis | c__Fungi_cls_Incertae_sedis | Fungi_ord_Incertae_sedis | f__Fungi_fam_Incertae_sedis | g__Fungi_gen_Incertae_sedis.22","92.85981308411215","0","107","Fungi_ord_Incertae_sedis","0","p__Fungi_phy_Incertae_sedis","0.995474965286286","false","0","k__Fungi | p__Fungi_phy_Incertae_sedis | c__Fungi_cls_Incertae_sedis | Fungi_ord_Incertae_sedis | f__Fungi_fam_Incertae_sedis | g__Fungi_gen_Incertae_sedis.22","174098","0.10260752826973718"
"2.2216981132075473","9.539751086174516E-4","c__Fungi_cls_Incertae_sedis","0.4501061571125265","0.3332421340629275","86","3","f__Fungi_fam_Incertae_sedis","g__Fungi_gen_Incertae_sedis.44","false","k__Fungi","k__Fungi | p__Fungi_phy_Incertae_sedis | c__Fungi_cls_Incertae_sedis | Fungi_ord_Incertae_sedis | f__Fungi_fam_Incertae_sedis | g__Fungi_gen_Incertae_sedis.44","76.37209302325581","0","86","Fungi_ord_Incertae_sedis","0","p__Fungi_phy_Incertae_sedis","0.9947112635791882","false","0","k__Fungi | p__Fungi_phy_Incertae_sedis | c__Fungi_cls_Incertae_sedis | Fungi_ord_Incertae_sedis | f__Fungi_fam_Incertae_sedis | g__Fungi_gen_Incertae_sedis.44","54306","0.10334518677030556"
"2.290566037735849","6.121376596393137E-4","unassigned","0.43657331136738053","0.4126241963763881","59","3","unassigned","unassigned.40","false","k__Fungi","k__Fungi | unassigned | unassigned | unassigned | unassigned | unassigned.40","77.2542372881356","0","59","unassigned","0","unassigned","0.9944131340357755","false","0","k__Fungi | unassigned | unassigned | unassigned | unassigned | unassigned.40","27324","0.11147797588475554"
"2.4028301886792454","3.2780324847751807E-4","unassigned","0.4161758932076953","0.23333333333333334","25","3","unassigned","unassigned.6","false","k__Fungi","k__Fungi | unassigned | unassigned | unassigned | unassigned | unassigned.6","61.04","0","25","unassigned","0","unassigned","0.9939271420403496","false","0","k__Fungi | unassigned | unassigned | unassigned | unassigned | unassigned.6","13050","0.10039473684210526"
"2.039622641509434","0.0023649707027326404","unassigned","0.49028677150786304","0.3008626130864717","98","3","unassigned","unassigned.60","false","k__Fungi","k__Fungi | unassigned | unassigned | unassigned | unassigned | unassigned.60","93.91836734693878","0","98","unassigned","0","unassigned","0.9954994690843748","false","0","k__Fungi | unassigned | unassigned | unassigned | unassigned | unassigned.60","148702","0.1020851818988465"
"2.043396226415094","0.0023441186150004664","unassigned","0.4893813481071099","0.2914913510986442","93","3","unassigned","unassigned.81","false","k__Fungi","k__Fungi | unassigned | unassigned | unassigned | unassigned | unassigned.81","84.79569892473118","0","93","unassigned","0","unassigned","0.9954831332189823","false","0","k__Fungi | unassigned | unassigned | unassigned | unassigned | unassigned.81","135328","0.0920691627847244"
"2.6273584905660377","1.4733399934867747E-4","c__Eurotiomycetes","0.3806104129263914","0.2714285714285714","21","4","f__Verrucariaceae","g__Verrucaria","false","k__Fungi","k__Fungi | p__Ascomycota | c__Eurotiomycetes | Verrucariales | f__Verrucariaceae | g__Verrucaria","41.80952380952381","0","21","Verrucariales","0","p__Ascomycota","0.9929551580494977","false","0","k__Fungi | p__Ascomycota | c__Eurotiomycetes | Verrucariales | f__Verrucariaceae | g__Verrucaria","4008","0.11090059365921436"
"2.268867924528302","0.0010079764362797626","c__Ascomycota_cls_Incertae_sedis","0.4407484407484407","0.16825396825396827","36","3","f__Ascomycota_fam_Incertae_sedis","g__Ascomycota_gen_Incertae_sedis.50","false","k__Fungi","k__Fungi | p__Ascomycota | c__Ascomycota_cls_Incertae_sedis | Ascomycota_ord_Incertae_sedis | f__Ascomycota_fam_Incertae_sedis | g__Ascomycota_gen_Incertae_sedis.50","56.02777777777778","0","36","Ascomycota_ord_Incertae_sedis","0","p__Ascomycota","0.9945070652617822","false","0","k__Fungi | p__Ascomycota | c__Ascomycota_cls_Incertae_sedis | Ascomycota_ord_Incertae_sedis | f__Ascomycota_fam_Incertae_sedis | g__Ascomycota_gen_Incertae_sedis.50","33890","0.07581566681702"
"2.389622641509434","6.023804755356765E-4","c__Dothideomycetes","0.41847611527832607","0.3574828133262824","62","3","f__Melanommataceae","g__Pleotrichocladium","false","k__Fungi","k__Fungi | p__Ascomycota | c__Dothideomycetes | Pleosporales | f__Melanommataceae | g__Pleotrichocladium","65.80645161290323","0","62","Pleosporales","0","p__Ascomycota","0.9939843175692231","false","0","k__Fungi | p__Ascomycota | c__Dothideomycetes | Pleosporales | f__Melanommataceae | g__Pleotrichocladium","22938","0.11248966087675766"
"2.2084905660377356","0.001628589257245991","c__Dothideomycetes","0.45279794959419056","0.2840343735866124","67","3","f__Pleosporales_fam_Incertae_sedis","g__Pleosporales_gen_Incertae_sedis.7","false","k__Fungi","k__Fungi | p__Ascomycota | c__Dothideomycetes | Pleosporales | f__Pleosporales_fam_Incertae_sedis | g__Pleosporales_gen_Incertae_sedis.7","70.02985074626865","0","67","Pleosporales","0","p__Ascomycota","0.9947684391080618","false","0","k__Fungi | p__Ascomycota | c__Dothideomycetes | Pleosporales | f__Pleosporales_fam_Incertae_sedis | g__Pleosporales_gen_Incertae_sedis.7","77396","0.09071224189931174"
"2.292452830188679","9.617535357977558E-4","c__Dothideomycetes","0.43621399176954734","0.29417206290471787","47","3","unassigned","unassigned.6","false","k__Fungi","k__Fungi | p__Ascomycota | c__Dothideomycetes | Pleosporales | unassigned | unassigned.6","66.7872340425532","0","47","Pleosporales","0","p__Ascomycota","0.9944049661030794","false","0","k__Fungi | p__Ascomycota | c__Dothideomycetes | Pleosporales | unassigned | unassigned.6","40220","0.09500317786991919"
"2.362264150943396","4.7536694292281667E-4","c__Eurotiomycetes","0.4233226837060703","0.30113636363636365","33","3","f__Chaetothyriales_fam_Incertae_sedis","g__Chaetothyriales_gen_Incertae_sedis.17","false","k__Fungi","k__Fungi | p__Ascomycota | c__Eurotiomycetes | Chaetothyriales | f__Chaetothyriales_fam_Incertae_sedis | g__Chaetothyriales_gen_Incertae_sedis.17","65.3030303030303","0","33","Chaetothyriales","0","p__Ascomycota","0.9941027525933187","false","0","k__Fungi | p__Ascomycota | c__Eurotiomycetes | Chaetothyriales | f__Chaetothyriales_fam_Incertae_sedis | g__Chaetothyriales_gen_Incertae_sedis.17","20142","0.10155992271077807"
"2.4443396226415093","3.954097286825691E-4","c__Eurotiomycetes","0.4091084523350058","0.2994652406417112","34","3","f__Herpotrichiellaceae","g__Cladophialophora.10","false","k__Fungi","k__Fungi | p__Ascomycota | c__Eurotiomycetes | Chaetothyriales | f__Herpotrichiellaceae | g__Cladophialophora.10","57.470588235294116","0","34","Chaetothyriales","0","p__Ascomycota","0.9937474475210324","false","0","k__Fungi | p__Ascomycota | c__Eurotiomycetes | Chaetothyriales | f__Herpotrichiellaceae | g__Cladophialophora.10","13876","0.10355060943296238"
"2.218867924528302","7.473677872041588E-4","c__Leotiomycetes","0.45068027210884354","0.2145748987854251","39","3","f__Helotiaceae","g__Tetracladium.2","false","k__Fungi","k__Fungi | p__Ascomycota | c__Leotiomycetes | Helotiales | f__Helotiaceae | g__Tetracladium.2","76.71794871794872","0","39","Helotiales","0","p__Ascomycota","0.9947235154782325","false","0","k__Fungi | p__Ascomycota | c__Leotiomycetes | Helotiales | f__Helotiaceae | g__Tetracladium.2","36068","0.09723440902148127"
"2.468867924528302","1.7385534933360915E-4","c__Leotiomycetes","0.4050439434466947","0.46617336152219874","44","3","f__Thelebolaceae","g__Thelebolus","false","k__Fungi","k__Fungi | p__Ascomycota | c__Leotiomycetes | Thelebolales | f__Thelebolaceae | g__Thelebolus","65.4090909090909","0","44","Thelebolales","0","p__Ascomycota","0.9936412643959814","false","0","k__Fungi | p__Ascomycota | c__Leotiomycetes | Thelebolales | f__Thelebolaceae | g__Thelebolus","8284","0.1260290768961289"
"2.3764150943396225","6.058200094297666E-4","c__Orbiliomycetes","0.42080190551806274","0.3321718931475029","42","3","f__Orbiliaceae","g__Dactylaria","false","k__Fungi","k__Fungi | p__Ascomycota | c__Orbiliomycetes | Orbiliales | f__Orbiliaceae | g__Dactylaria","59.333333333333336","0","42","Orbiliales","0","p__Ascomycota","0.9940414930980969","false","0","k__Fungi | p__Ascomycota | c__Orbiliomycetes | Orbiliales | f__Orbiliaceae | g__Dactylaria","22528","0.09585352719439957"
"2.108490566037736","0.0019191337044437956","c__Sordariomycetes","0.4742729306487695","0.2989464442493415","68","3","f__Ophiocordycipitaceae","g__Purpureocillium","false","k__Fungi","k__Fungi | p__Ascomycota | c__Sordariomycetes | Hypocreales | f__Ophiocordycipitaceae | g__Purpureocillium","73.77941176470588","0","68","Hypocreales","0","p__Ascomycota","0.9952013395409621","false","0","k__Fungi | p__Ascomycota | c__Sordariomycetes | Hypocreales | f__Ophiocordycipitaceae | g__Purpureocillium","85802","0.0841270373599839"
"2.3084905660377357","6.592875545893186E-4","c__Sordariomycetes","0.4331834899877401","0.3266888150609081","43","3","f__Chaetomiaceae","g__Chaetomiaceae_gen_Incertae_sedis.4","false","k__Fungi","k__Fungi | p__Ascomycota | c__Sordariomycetes | Sordariales | f__Chaetomiaceae | g__Chaetomiaceae_gen_Incertae_sedis.4","66.55813953488372","0","43","Sordariales","0","p__Ascomycota","0.9943355386751613","false","0","k__Fungi | p__Ascomycota | c__Sordariomycetes | Sordariales | f__Chaetomiaceae | g__Chaetomiaceae_gen_Incertae_sedis.4","28598","0.09646107178968655"
"2.1556603773584904","0.002108243967615744","unassigned","0.46389496717724293","0.21843761569788966","74","3","unassigned","unassigned.15","false","k__Fungi","k__Fungi | p__Ascomycota | unassigned | unassigned | unassigned | unassigned.15","67.74324324324324","0","74","unassigned","0","p__Ascomycota","0.9949971412235563","false","0","k__Fungi | p__Ascomycota | unassigned | unassigned | unassigned | unassigned.15","91912","0.08251308555815255"
"2.4764150943396226","2.771586535891814E-4","unassigned","0.40380952380952384","0.19047619047619047","21","3","unassigned","unassigned.53","false","k__Fungi","k__Fungi | p__Ascomycota | unassigned | unassigned | unassigned | unassigned.53","58.142857142857146","0","21","unassigned","0","p__Ascomycota","0.9936085926651965","false","0","k__Fungi | p__Ascomycota | unassigned | unassigned | unassigned | unassigned.53","10250","0.10899669436254802"
"2.5547169811320756","2.910707598481241E-4","unassigned","0.3914327917282127","0.26666666666666666","16","3","unassigned","unassigned.73","false","k__Fungi","k__Fungi | p__Ascomycota | unassigned | unassigned | unassigned | unassigned.73","42.4375","0","16","unassigned","0","p__Ascomycota","0.9932696234583026","false","0","k__Fungi | p__Ascomycota | unassigned | unassigned | unassigned | unassigned.73","6890","0.09313186813186813"
"2.419811320754717","2.490560349196855E-4","unassigned","0.41325536062378165","0.2804232804232804","28","3","unassigned","unassigned.85","false","k__Fungi","k__Fungi | unassigned | unassigned | unassigned | unassigned | unassigned.85","65.32142857142857","0","28","unassigned","0","unassigned","0.9938536306460835","false","0","k__Fungi | unassigned | unassigned | unassigned | unassigned | unassigned.85","9644","0.11128011681674373"
"2.383018867924528","4.908273677414218E-4","c__Ascomycota_cls_Incertae_sedis","0.4196357878068092","0.35242548217416714","59","3","f__Ascomycota_fam_Incertae_sedis","g__Ascomycota_gen_Incertae_sedis.55","false","k__Fungi","k__Fungi | p__Ascomycota | c__Ascomycota_cls_Incertae_sedis | Ascomycota_ord_Incertae_sedis | f__Ascomycota_fam_Incertae_sedis | g__Ascomycota_gen_Incertae_sedis.55","70.62711864406779","0","59","Ascomycota_ord_Incertae_sedis","0","p__Ascomycota","0.99401290533366","false","0","k__Fungi | p__Ascomycota | c__Ascomycota_cls_Incertae_sedis | Ascomycota_ord_Incertae_sedis | f__Ascomycota_fam_Incertae_sedis | g__Ascomycota_gen_Incertae_sedis.55","21398","0.11870103973792907"
"2.04811320754717","0.0014235882723677956","c__Dothideomycetes","0.4882542607093505","0.3511111111111111","100","3","f__Paradevriesiaceae","g__Paradevriesia","false","k__Fungi","k__Fungi | p__Ascomycota | c__Dothideomycetes | Capnodiales | f__Paradevriesiaceae | g__Paradevriesia","90.69","0","100","Capnodiales","0","p__Ascomycota","0.9954627133872417","false","0","k__Fungi | p__Ascomycota | c__Dothideomycetes | Capnodiales | f__Paradevriesiaceae | g__Paradevriesia","109848","0.09976897689768977"
"2.329245283018868","4.846675412380008E-4","c__Dothideomycetes","0.4293236127987039","0.3468795355587808","53","3","f__Cucurbitariaceae","g__Pyrenochaeta","false","k__Fungi","k__Fungi | p__Ascomycota | c__Dothideomycetes | Pleosporales | f__Cucurbitariaceae | g__Pyrenochaeta","67.84905660377359","0","53","Pleosporales","0","p__Ascomycota","0.9942456914155027","false","0","k__Fungi | p__Ascomycota | c__Dothideomycetes | Pleosporales | f__Cucurbitariaceae | g__Pyrenochaeta","25046","0.10311406778688995"
"2.1367924528301887","0.0010078418607876438","c__Dothideomycetes","0.46799116997792495","0.246680642907058","54","3","f__Phaeosphaeriaceae","g__Chaetosphaeronema","false","k__Fungi","k__Fungi | p__Ascomycota | c__Dothideomycetes | Pleosporales | f__Phaeosphaeriaceae | g__Chaetosphaeronema","79.9074074074074","0","54","Pleosporales","0","p__Ascomycota","0.9950788205505187","false","0","k__Fungi | p__Ascomycota | c__Dothideomycetes | Pleosporales | f__Phaeosphaeriaceae | g__Chaetosphaeronema","52740","0.09280767410848711"
"2.4169811320754717","4.4765409763520176E-4","c__Dothideomycetes","0.4137392661982826","0.24274099883855982","42","3","f__Pleosporales_fam_Incertae_sedis","g__Pleosporales_gen_Incertae_sedis.3","false","k__Fungi","k__Fungi | p__Ascomycota | c__Dothideomycetes | Pleosporales | f__Pleosporales_fam_Incertae_sedis | g__Pleosporales_gen_Incertae_sedis.3","58.857142857142854","0","42","Pleosporales","0","p__Ascomycota","0.9938658825451278","false","0","k__Fungi | p__Ascomycota | c__Dothideomycetes | Pleosporales | f__Pleosporales_fam_Incertae_sedis | g__Pleosporales_gen_Incertae_sedis.3","16586","0.10218253968253968"
"2.491509433962264","1.71983539955378E-4","c__Dothideomycetes","0.40136312003029156","0.39572192513368987","34","3","f__Sympoventuriaceae","g__Scolecobasidium","false","k__Fungi","k__Fungi | p__Ascomycota | c__Dothideomycetes | Venturiales | f__Sympoventuriaceae | g__Scolecobasidium","61.411764705882355","0","34","Venturiales","0","p__Ascomycota","0.9935432492036265","false","0","k__Fungi | p__Ascomycota | c__Dothideomycetes | Venturiales | f__Sympoventuriaceae | g__Scolecobasidium","7052","0.12160745486313337"
"2.3235849056603772","4.173749204809033E-4","c__Eurotiomycetes","0.43036946812829885","0.33387755102040817","50","3","f__Cyphellophoraceae","g__Cyphellophoraceae_gen_Incertae_sedis","false","k__Fungi","k__Fungi | p__Ascomycota | c__Eurotiomycetes | Chaetothyriales | f__Cyphellophoraceae | g__Cyphellophoraceae_gen_Incertae_sedis","74.88","0","50","Chaetothyriales","0","p__Ascomycota","0.9942701952135915","false","0","k__Fungi | p__Ascomycota | c__Eurotiomycetes | Chaetothyriales | f__Cyphellophoraceae | g__Cyphellophoraceae_gen_Incertae_sedis","20104","0.11226386806596701"
"2.5047169811320753","2.3478412272871454E-4","c__Eurotiomycetes","0.3992467043314501","0.339323467230444","44","3","f__Herpotrichiellaceae","g__Cladophialophora.1","false","k__Fungi","k__Fungi | p__Ascomycota | c__Eurotiomycetes | Chaetothyriales | f__Herpotrichiellaceae | g__Cladophialophora.1","62.45454545454545","0","44","Chaetothyriales","0","p__Ascomycota","0.993486073674753","false","0","k__Fungi | p__Ascomycota | c__Eurotiomycetes | Chaetothyriales | f__Herpotrichiellaceae | g__Cladophialophora.1","7880","0.12984312984312985"
"2.3518867924528304","2.822561611812655E-4","c__Leotiomycetes","0.42519053349378255","0.3689839572192513","34","3","f__Mollisiaceae","g__Mollisia.1","false","k__Fungi","k__Fungi | p__Ascomycota | c__Leotiomycetes | Helotiales | f__Mollisiaceae | g__Mollisia.1","77.11764705882354","0","34","Helotiales","0","p__Ascomycota","0.9941476762231479","false","0","k__Fungi | p__Ascomycota | c__Leotiomycetes | Helotiales | f__Mollisiaceae | g__Mollisia.1","13934","0.11809746869651383"
"2.4160377358490566","4.3789884010890794E-4","c__Sordariomycetes","0.4139008199921906","0.24876847290640394","29","3","f__Gnomoniaceae","g__Gnomoniopsis","false","k__Fungi","k__Fungi | p__Ascomycota | c__Sordariomycetes | Diaporthales | f__Gnomoniaceae | g__Gnomoniopsis","54.206896551724135","0","29","Diaporthales","0","p__Ascomycota","0.993869966511476","false","0","k__Fungi | p__Ascomycota | c__Sordariomycetes | Diaporthales | f__Gnomoniaceae | g__Gnomoniopsis","13544","0.0918760958503799"
"2.3056603773584907","5.237919626413868E-4","c__Sordariomycetes","0.43371522094926346","0.3158630328441649","54","3","f__Bionectriaceae","unassigned","false","k__Fungi","k__Fungi | p__Ascomycota | c__Sordariomycetes | Hypocreales | f__Bionectriaceae | unassigned","67.4074074074074","0","54","Hypocreales","0","p__Ascomycota","0.9943477905742056","false","0","k__Fungi | p__Ascomycota | c__Sordariomycetes | Hypocreales | f__Bionectriaceae | unassigned","24196","0.09883784077332465"
"2.3688679245283017","5.645298291947166E-4","c__Sordariomycetes","0.4221425726802071","0.32067307692307695","65","3","f__Hypocreales_fam_Incertae_sedis","g__Acremonium.5","false","k__Fungi","k__Fungi | p__Ascomycota | c__Sordariomycetes | Hypocreales | f__Hypocreales_fam_Incertae_sedis | g__Acremonium.5","68.83076923076923","0","65","Hypocreales","0","p__Ascomycota","0.9940741648288818","false","0","k__Fungi | p__Ascomycota | c__Sordariomycetes | Hypocreales | f__Hypocreales_fam_Incertae_sedis | g__Acremonium.5","23678","0.11395822720326032"
"2.362264150943396","6.976368007527826E-4","c__Sordariomycetes","0.4233226837060703","0.3368544600938967","72","3","f__Lasiosphaeriaceae","g__Schizothecium.14","false","k__Fungi","k__Fungi | p__Ascomycota | c__Sordariomycetes | Sordariales | f__Lasiosphaeriaceae | g__Schizothecium.14","64.97222222222223","0","72","Sordariales","0","p__Ascomycota","0.9941027525933187","false","0","k__Fungi | p__Ascomycota | c__Sordariomycetes | Sordariales | f__Lasiosphaeriaceae | g__Schizothecium.14","27042","0.10756990434142752"
"2.266981132075472","8.976891355066207E-4","c__Sordariomycetes","0.44111527257594674","0.2954954954954955","75","3","f__Sordariales_fam_Incertae_sedis","g__Sordariales_gen_Incertae_sedis.1","false","k__Fungi","k__Fungi | p__Ascomycota | c__Sordariomycetes | Sordariales | f__Sordariales_fam_Incertae_sedis | g__Sordariales_gen_Incertae_sedis.1","69.44","0","75","Sordariales","0","p__Ascomycota","0.9945152331944784","false","0","k__Fungi | p__Ascomycota | c__Sordariomycetes | Sordariales | f__Sordariales_fam_Incertae_sedis | g__Sordariales_gen_Incertae_sedis.1","46182","0.09891737891737892"
"2.300943396226415","8.825960932115432E-4","unassigned","0.43460434604346043","0.29411764705882354","52","3","unassigned","unassigned.62","false","k__Fungi","k__Fungi | p__Ascomycota | unassigned | unassigned | unassigned | unassigned.62","60.78846153846154","0","52","unassigned","0","p__Ascomycota","0.9943682104059463","false","0","k__Fungi | p__Ascomycota | unassigned | unassigned | unassigned | unassigned.62","34034","0.08822708496148264"
"2.1537735849056605","0.001458329854884524","c__Fungi_cls_Incertae_sedis","0.46430135786246163","0.2851662404092072","69","3","f__Fungi_fam_Incertae_sedis","g__Fungi_gen_Incertae_sedis.37","false","k__Fungi","k__Fungi | p__Fungi_phy_Incertae_sedis | c__Fungi_cls_Incertae_sedis | Fungi_ord_Incertae_sedis | f__Fungi_fam_Incertae_sedis | g__Fungi_gen_Incertae_sedis.37","88.68115942028986","0","69","Fungi_ord_Incertae_sedis","0","p__Fungi_phy_Incertae_sedis","0.9950053091562526","false","0","k__Fungi | p__Fungi_phy_Incertae_sedis | c__Fungi_cls_Incertae_sedis | Fungi_ord_Incertae_sedis | f__Fungi_fam_Incertae_sedis | g__Fungi_gen_Incertae_sedis.37","87358","0.10710284954141287"
"2.3839622641509433","6.111817314276609E-4","c__Fungi_cls_Incertae_sedis","0.41946972694895135","0.26799557032115173","43","3","f__Fungi_fam_Incertae_sedis","g__Fungi_gen_Incertae_sedis.47","false","k__Fungi","k__Fungi | p__Fungi_phy_Incertae_sedis | c__Fungi_cls_Incertae_sedis | Fungi_ord_Incertae_sedis | f__Fungi_fam_Incertae_sedis | g__Fungi_gen_Incertae_sedis.47","60.7906976744186","0","43","Fungi_ord_Incertae_sedis","0","p__Fungi_phy_Incertae_sedis","0.994008821367312","false","0","k__Fungi | p__Fungi_phy_Incertae_sedis | c__Fungi_cls_Incertae_sedis | Fungi_ord_Incertae_sedis | f__Fungi_fam_Incertae_sedis | g__Fungi_gen_Incertae_sedis.47","20156","0.09965688143347312"
"2.1754716981132076","0.0017043769694589522","c__Fungi_cls_Incertae_sedis","0.4596704249783174","0.27232142857142855","64","3","f__Fungi_fam_Incertae_sedis","g__Fungi_gen_Incertae_sedis.50","false","k__Fungi","k__Fungi | p__Fungi_phy_Incertae_sedis | c__Fungi_cls_Incertae_sedis | Fungi_ord_Incertae_sedis | f__Fungi_fam_Incertae_sedis | g__Fungi_gen_Incertae_sedis.50","83.046875","0","64","Fungi_ord_Incertae_sedis","0","p__Fungi_phy_Incertae_sedis","0.9949113779302459","false","0","k__Fungi | p__Fungi_phy_Incertae_sedis | c__Fungi_cls_Incertae_sedis | Fungi_ord_Incertae_sedis | f__Fungi_fam_Incertae_sedis | g__Fungi_gen_Incertae_sedis.50","82932","0.10252700617283951"
"2.4745283018867923","3.0352771750278445E-4","c__Fungi_cls_Incertae_sedis","0.4041174227983226","0.2645161290322581","31","3","f__Fungi_fam_Incertae_sedis","g__Fungi_gen_Incertae_sedis.51","false","k__Fungi","k__Fungi | p__Fungi_phy_Incertae_sedis | c__Fungi_cls_Incertae_sedis | Fungi_ord_Incertae_sedis | f__Fungi_fam_Incertae_sedis | g__Fungi_gen_Incertae_sedis.51","56.03225806451613","0","31","Fungi_ord_Incertae_sedis","0","p__Fungi_phy_Incertae_sedis","0.9936167605978927","false","0","k__Fungi | p__Fungi_phy_Incertae_sedis | c__Fungi_cls_Incertae_sedis | Fungi_ord_Incertae_sedis | f__Fungi_fam_Incertae_sedis | g__Fungi_gen_Incertae_sedis.51","10534","0.10652520544584815"
"2.420754716981132","4.8574852609833133E-4","c__Fungi_cls_Incertae_sedis","0.4130943102104443","0.31892230576441105","57","3","f__Fungi_fam_Incertae_sedis","g__Fungi_gen_Incertae_sedis.76","false","k__Fungi","k__Fungi | p__Fungi_phy_Incertae_sedis | c__Fungi_cls_Incertae_sedis | Fungi_ord_Incertae_sedis | f__Fungi_fam_Incertae_sedis | g__Fungi_gen_Incertae_sedis.76","65.91228070175438","0","57","Fungi_ord_Incertae_sedis","0","p__Fungi_phy_Incertae_sedis","0.9938495466797354","false","0","k__Fungi | p__Fungi_phy_Incertae_sedis | c__Fungi_cls_Incertae_sedis | Fungi_ord_Incertae_sedis | f__Fungi_fam_Incertae_sedis | g__Fungi_gen_Incertae_sedis.76","18904","0.11833443573025922"
"2.479245283018868","3.1680353729393314E-4","unassigned","0.4033485540334855","0.3439153439153439","28","3","unassigned","unassigned.145","false","k__Fungi","k__Fungi | unassigned | unassigned | unassigned | unassigned | unassigned.145","53.25","0","28","unassigned","0","unassigned","0.9935963407661521","false","0","k__Fungi | unassigned | unassigned | unassigned | unassigned | unassigned.145","9952","0.10174815624146408"
"2.3735849056603775","3.4966258406552645E-4","c__Sordariomycetes","0.42130365659777425","0.31309041835357626","39","3","f__Nectriaceae","g__Fusarium.3","false","k__Fungi","k__Fungi | p__Ascomycota | c__Sordariomycetes | Hypocreales | f__Nectriaceae | g__Fusarium.3","64.7948717948718","0","39","Hypocreales","0","p__Ascomycota","0.9940537449971412","false","0","k__Fungi | p__Ascomycota | c__Sordariomycetes | Hypocreales | f__Nectriaceae | g__Fusarium.3","14428","0.10367179487179487"
"2.5","2.0471842010155942E-4","c__Dothideomycetes","0.4","0.24086021505376345","31","3","f__Botryosphaeriaceae","g__Macrophomina","false","k__Fungi","k__Fungi | p__Ascomycota | c__Dothideomycetes | Botryosphaeriales | f__Botryosphaeriaceae | g__Macrophomina","58.0","0","31","Botryosphaeriales","0","p__Ascomycota","0.9935064935064936","false","0","k__Fungi | p__Ascomycota | c__Dothideomycetes | Botryosphaeriales | f__Botryosphaeriaceae | g__Macrophomina","7694","0.11623246492985972"
"2.2745283018867926","6.457215585487636E-4","c__Dothideomycetes","0.439651596847781","0.3239057239057239","55","3","f__Phaeosphaeriaceae","g__Ophiosphaerella","false","k__Fungi","k__Fungi | p__Ascomycota | c__Dothideomycetes | Pleosporales | f__Phaeosphaeriaceae | g__Ophiosphaerella","70.94545454545455","0","55","Pleosporales","0","p__Ascomycota","0.9944825614636935","false","0","k__Fungi | p__Ascomycota | c__Dothideomycetes | Pleosporales | f__Phaeosphaeriaceae | g__Ophiosphaerella","30854","0.09936338171632289"
"2.5839622641509434","1.2977961064055134E-4","c__Dothideomycetes","0.38700255567725445","0.35053763440860214","31","4","f__Phaeosphaeriaceae","g__Phaeosphaeria","false","k__Fungi","k__Fungi | p__Ascomycota | c__Dothideomycetes | Pleosporales | f__Phaeosphaeriaceae | g__Phaeosphaeria","51.96774193548387","0","31","Pleosporales","0","p__Ascomycota","0.993143020501511","false","0","k__Fungi | p__Ascomycota | c__Dothideomycetes | Pleosporales | f__Phaeosphaeriaceae | g__Phaeosphaeria","4960","0.1264421944902284"
"2.177358490566038","0.0011247689782630152","c__Dothideomycetes","0.4592720970537261","0.27091813658977837","67","3","f__Pleosporales_fam_Incertae_sedis","g__Aaosphaeria","false","k__Fungi","k__Fungi | p__Ascomycota | c__Dothideomycetes | Pleosporales | f__Pleosporales_fam_Incertae_sedis | g__Aaosphaeria","77.2089552238806","0","67","Pleosporales","0","p__Ascomycota","0.9949032099975497","false","0","k__Fungi | p__Ascomycota | c__Dothideomycetes | Pleosporales | f__Pleosporales_fam_Incertae_sedis | g__Aaosphaeria","56558","0.09591174561972746"
"2.5066037735849056","2.694212113693956E-4","c__Leotiomycetes","0.39894617990214526","0.271264367816092","30","3","unassigned","unassigned.2","false","k__Fungi","k__Fungi | p__Ascomycota | c__Leotiomycetes | Helotiales | unassigned | unassigned.2","53.233333333333334","0","30","Helotiales","0","p__Ascomycota","0.9934779057420566","false","0","k__Fungi | p__Ascomycota | c__Leotiomycetes | Helotiales | unassigned | unassigned.2","8310","0.108130081300813"
"2.378301886792453","8.072533400010513E-4","c__Sordariomycetes","0.4204680682268941","0.23969252271139063","54","3","f__Lasiosphaeriaceae","g__Schizothecium","false","k__Fungi","k__Fungi | p__Ascomycota | c__Sordariomycetes | Sordariales | f__Lasiosphaeriaceae | g__Schizothecium","55.94444444444444","0","54","Sordariales","0","p__Ascomycota","0.9940333251654007","false","0","k__Fungi | p__Ascomycota | c__Sordariomycetes | Sordariales | f__Lasiosphaeriaceae | g__Schizothecium","30630","0.09247015610651975"
"2.181132075471698","0.0015590088113783755","c__Rhizophlyctidomycetes","0.45847750865051906","0.283234126984127","64","3","f__Rhizophlyctidaceae","g__Rhizophlyctis.2","false","k__Fungi","k__Fungi | p__Chytridiomycota | c__Rhizophlyctidomycetes | Rhizophlyctidales | f__Rhizophlyctidaceae | g__Rhizophlyctis.2","96.4375","0","64","Rhizophlyctidales","0","p__Chytridiomycota","0.9948868741321572","false","0","k__Fungi | p__Chytridiomycota | c__Rhizophlyctidomycetes | Rhizophlyctidales | f__Rhizophlyctidaceae | g__Rhizophlyctis.2","82792","0.11994713930348258"
"2.468867924528302","3.4208276798981525E-4","c__Spizellomycetes","0.4050439434466947","0.30124777183600715","34","3","f__Spizellomycetales_fam_Incertae_sedis","g__Spizellomycetales_gen_Incertae_sedis.6","false","k__Fungi","k__Fungi | p__Chytridiomycota | c__Spizellomycetes | Spizellomycetales | f__Spizellomycetales_fam_Incertae_sedis | g__Spizellomycetales_gen_Incertae_sedis.6","51.6764705882353","0","34","Spizellomycetales","0","p__Chytridiomycota","0.9936412643959814","false","0","k__Fungi | p__Chytridiomycota | c__Spizellomycetes | Spizellomycetales | f__Spizellomycetales_fam_Incertae_sedis | g__Spizellomycetales_gen_Incertae_sedis.6","12454","0.09768708995885689"
"2.168867924528302","0.0014630425370335315","c__Fungi_cls_Incertae_sedis","0.46107003044802086","0.25237449118046135","67","3","f__Fungi_fam_Incertae_sedis","g__Fungi_gen_Incertae_sedis.19","false","k__Fungi","k__Fungi | p__Fungi_phy_Incertae_sedis | c__Fungi_cls_Incertae_sedis | Fungi_ord_Incertae_sedis | f__Fungi_fam_Incertae_sedis | g__Fungi_gen_Incertae_sedis.19","77.49253731343283","0","67","Fungi_ord_Incertae_sedis","0","p__Fungi_phy_Incertae_sedis","0.9949399656946826","false","0","k__Fungi | p__Fungi_phy_Incertae_sedis | c__Fungi_cls_Incertae_sedis | Fungi_ord_Incertae_sedis | f__Fungi_fam_Incertae_sedis | g__Fungi_gen_Incertae_sedis.19","71764","0.09519967728922953"
"2.2358490566037736","0.001089687812442015","c__Fungi_cls_Incertae_sedis","0.4472573839662447","0.28019323671497587","46","3","f__Fungi_fam_Incertae_sedis","g__Fungi_gen_Incertae_sedis.26","false","k__Fungi","k__Fungi | p__Fungi_phy_Incertae_sedis | c__Fungi_cls_Incertae_sedis | Fungi_ord_Incertae_sedis | f__Fungi_fam_Incertae_sedis | g__Fungi_gen_Incertae_sedis.26","83.04347826086956","0","46","Fungi_ord_Incertae_sedis","0","p__Fungi_phy_Incertae_sedis","0.9946500040839664","false","0","k__Fungi | p__Fungi_phy_Incertae_sedis | c__Fungi_cls_Incertae_sedis | Fungi_ord_Incertae_sedis | f__Fungi_fam_Incertae_sedis | g__Fungi_gen_Incertae_sedis.26","49504","0.10869565217391304"
"2.482075471698113","3.6028990500443307E-4","c__Dothideomycetes","0.40288863549980997","0.42317073170731706","41","3","f__Capnodiales_fam_Incertae_sedis","g__Capnodiales_gen_Incertae_sedis.4","false","k__Fungi","k__Fungi | p__Ascomycota | c__Dothideomycetes | Capnodiales | f__Capnodiales_fam_Incertae_sedis | g__Capnodiales_gen_Incertae_sedis.4","62.36585365853659","0","41","Capnodiales","0","p__Ascomycota","0.9935840888671077","false","0","k__Fungi | p__Ascomycota | c__Dothideomycetes | Capnodiales | f__Capnodiales_fam_Incertae_sedis | g__Capnodiales_gen_Incertae_sedis.4","12992","0.12276742846168619"
"2.54811320754717","8.789137520879306E-5","c__Dothideomycetes","0.3924472417623102","0.41379310344827586","29","3","f__Amorosiaceae","g__Angustimassarina","false","k__Fungi","k__Fungi | p__Ascomycota | c__Dothideomycetes | Pleosporales | f__Amorosiaceae | g__Angustimassarina","68.3103448275862","0","29","Pleosporales","0","p__Ascomycota","0.9932982112227395","false","0","k__Fungi | p__Ascomycota | c__Dothideomycetes | Pleosporales | f__Amorosiaceae | g__Angustimassarina","3634","0.1518007662835249"
"2.3726415094339623","4.0082811205359025E-4","c__Dothideomycetes","0.42147117296222664","0.36904761904761907","49","3","f__Didymosphaeriaceae","g__Paraphaeosphaeria","false","k__Fungi","k__Fungi | p__Ascomycota | c__Dothideomycetes | Pleosporales | f__Didymosphaeriaceae | g__Paraphaeosphaeria","69.26530612244898","0","49","Pleosporales","0","p__Ascomycota","0.9940578289634893","false","0","k__Fungi | p__Ascomycota | c__Dothideomycetes | Pleosporales | f__Didymosphaeriaceae | g__Paraphaeosphaeria","18124","0.11244367877020939"
"2.5716981132075474","2.5826423213059385E-4","c__Eurotiomycetes","0.38884812912692585","0.4159159159159159","37","3","f__Trichomeriaceae","g__Knufia.3","false","k__Fungi","k__Fungi | p__Ascomycota | c__Eurotiomycetes | Chaetothyriales | f__Trichomeriaceae | g__Knufia.3","53.13513513513514","0","37","Chaetothyriales","0","p__Ascomycota","0.9931961120640366","false","0","k__Fungi | p__Ascomycota | c__Eurotiomycetes | Chaetothyriales | f__Trichomeriaceae | g__Knufia.3","7556","0.12742238641519216"
"2.1943396226415093","0.0016613352898850852","c__Fungi_cls_Incertae_sedis","0.45571797076526227","0.29135338345864664","57","3","f__Fungi_fam_Incertae_sedis","g__Fungi_gen_Incertae_sedis.71","false","k__Fungi","k__Fungi | p__Fungi_phy_Incertae_sedis | c__Fungi_cls_Incertae_sedis | Fungi_ord_Incertae_sedis | f__Fungi_fam_Incertae_sedis | g__Fungi_gen_Incertae_sedis.71","64.3859649122807","0","57","Fungi_ord_Incertae_sedis","0","p__Fungi_phy_Incertae_sedis","0.9948296986032835","false","0","k__Fungi | p__Fungi_phy_Incertae_sedis | c__Fungi_cls_Incertae_sedis | Fungi_ord_Incertae_sedis | f__Fungi_fam_Incertae_sedis | g__Fungi_gen_Incertae_sedis.71","62112","0.08078540139558432"
"2.4122641509433964","5.282796093567079E-4","unassigned","0.4145482987876417","0.3265494912118409","47","3","unassigned","unassigned.103","false","k__Fungi","k__Fungi | unassigned | unassigned | unassigned | unassigned | unassigned.103","64.29787234042553","0","47","unassigned","0","unassigned","0.9938863023768684","false","0","k__Fungi | unassigned | unassigned | unassigned | unassigned | unassigned.103","19262","0.11178538390379278"
"2.519811320754717","2.3482680622470778E-4","unassigned","0.39685511044552607","0.358974358974359","40","3","unassigned","unassigned.38","false","k__Fungi","k__Fungi | unassigned | unassigned | unassigned | unassigned | unassigned.38","64.0","0","40","unassigned","0","unassigned","0.9934207302131831","false","0","k__Fungi | unassigned | unassigned | unassigned | unassigned | unassigned.38","8084","0.13646055437100213"
"2.392452830188679","3.529787869537545E-4","c__Dothideomycetes","0.41798107255520506","0.41420765027322404","61","3","f__Capnodiales_fam_Incertae_sedis","g__Capnodiales_gen_Incertae_sedis.5","false","k__Fungi","k__Fungi | p__Ascomycota | c__Dothideomycetes | Capnodiales | f__Capnodiales_fam_Incertae_sedis | g__Capnodiales_gen_Incertae_sedis.5","68.98360655737704","0","61","Capnodiales","0","p__Ascomycota","0.9939720656701788","false","0","k__Fungi | p__Ascomycota | c__Dothideomycetes | Capnodiales | f__Capnodiales_fam_Incertae_sedis | g__Capnodiales_gen_Incertae_sedis.5","16790","0.1183252256558783"
"2.4330188679245284","3.1918796053429226E-4","c__Dothideomycetes","0.4110120201628538","0.3446969696969697","33","3","f__Phaeosphaeriaceae","g__Sclerostagonospora.3","false","k__Fungi","k__Fungi | p__Ascomycota | c__Dothideomycetes | Pleosporales | f__Phaeosphaeriaceae | g__Sclerostagonospora.3","63.03030303030303","0","33","Pleosporales","0","p__Ascomycota","0.9937964551172099","false","0","k__Fungi | p__Ascomycota | c__Dothideomycetes | Pleosporales | f__Phaeosphaeriaceae | g__Sclerostagonospora.3","13010","0.11125388157190277"
"2.3679245283018866","4.4646728541665703E-4","c__Eurotiomycetes","0.42231075697211157","0.40993788819875776","70","3","f__Herpotrichiellaceae","g__Cladophialophora.6","false","k__Fungi","k__Fungi | p__Ascomycota | c__Eurotiomycetes | Chaetothyriales | f__Herpotrichiellaceae | g__Cladophialophora.6","70.92857142857143","0","70","Chaetothyriales","0","p__Ascomycota","0.9940782487952299","false","0","k__Fungi | p__Ascomycota | c__Eurotiomycetes | Chaetothyriales | f__Herpotrichiellaceae | g__Cladophialophora.6","20098","0.11821428571428572"
"2.4","3.9549824702325877E-4","c__Eurotiomycetes","0.4166666666666667","0.3643097643097643","55","3","f__Onygenaceae","g__Auxarthron","false","k__Fungi","k__Fungi | p__Ascomycota | c__Eurotiomycetes | Onygenales | f__Onygenaceae | g__Auxarthron","66.83636363636364","0","55","Onygenales","0","p__Ascomycota","0.9939393939393939","false","0","k__Fungi | p__Ascomycota | c__Eurotiomycetes | Onygenales | f__Onygenaceae | g__Auxarthron","16754","0.1150367704584572"
"2.3084905660377357","8.887998754748168E-4","c__Sordariomycetes","0.4331834899877401","0.34929971988795516","85","3","f__Boliniales_fam_Incertae_sedis","g__Junewangia.1","false","k__Fungi","k__Fungi | p__Ascomycota | c__Sordariomycetes | Boliniales | f__Boliniales_fam_Incertae_sedis | g__Junewangia.1","68.71764705882353","0","85","Boliniales","0","p__Ascomycota","0.9943355386751613","false","0","k__Fungi | p__Ascomycota | c__Sordariomycetes | Boliniales | f__Boliniales_fam_Incertae_sedis | g__Junewangia.1","39380","0.10604575163398693"
"2.309433962264151","5.772219884671705E-4","c__Sordariomycetes","0.43300653594771243","0.36619718309859156","71","3","f__Hypocreales_fam_Incertae_sedis","g__Acremonium.4","false","k__Fungi","k__Fungi | p__Ascomycota | c__Sordariomycetes | Hypocreales | f__Hypocreales_fam_Incertae_sedis | g__Acremonium.4","71.97183098591549","0","71","Hypocreales","0","p__Ascomycota","0.9943314547088132","false","0","k__Fungi | p__Ascomycota | c__Sordariomycetes | Hypocreales | f__Hypocreales_fam_Incertae_sedis | g__Acremonium.4","27464","0.10888325413905521"
"2.5452830188679245","1.7624774461776473E-4","c__Sordariomycetes","0.39288361749444034","0.4444444444444444","37","3","f__Chaetomiaceae","unassigned.3","false","k__Fungi","k__Fungi | p__Ascomycota | c__Sordariomycetes | Sordariales | f__Chaetomiaceae | unassigned.3","60.270270270270274","0","37","Sordariales","0","p__Ascomycota","0.9933104631217838","false","0","k__Fungi | p__Ascomycota | c__Sordariomycetes | Sordariales | f__Chaetomiaceae | unassigned.3","6074","0.13568298027757486"
"2.4471698113207547","1.484620642011716E-4","c__Sordariomycetes","0.40863531225905936","0.47878787878787876","45","3","f__Lasiosphaeriaceae","g__Cercophora","false","k__Fungi","k__Fungi | p__Ascomycota | c__Sordariomycetes | Sordariales | f__Lasiosphaeriaceae | g__Cercophora","70.71111111111111","0","45","Sordariales","0","p__Ascomycota","0.9937351956219881","false","0","k__Fungi | p__Ascomycota | c__Sordariomycetes | Sordariales | f__Lasiosphaeriaceae | g__Cercophora","7670","0.13070445676730336"
"2.249056603773585","7.892760990359984E-4","c__Rhizophydiomycetes","0.4446308724832215","0.3276564235468345","74","3","f__Rhizophydiales_fam_Incertae_sedis","g__Rhizophydiales_gen_Incertae_sedis.7","false","k__Fungi","k__Fungi | p__Chytridiomycota | c__Rhizophydiomycetes | Rhizophydiales | f__Rhizophydiales_fam_Incertae_sedis | g__Rhizophydiales_gen_Incertae_sedis.7","70.0945945945946","0","74","Rhizophydiales","0","p__Chytridiomycota","0.9945928285550927","false","0","k__Fungi | p__Chytridiomycota | c__Rhizophydiomycetes | Rhizophydiales | f__Rhizophydiales_fam_Incertae_sedis | g__Rhizophydiales_gen_Incertae_sedis.7","38174","0.09708392603129445"
"2.1820754716981132","0.001444229864239698","unassigned","0.45827929096411585","0.27867494824016564","70","3","unassigned","unassigned.73","false","k__Fungi","k__Fungi | unassigned | unassigned | unassigned | unassigned | unassigned.73","75.38571428571429","0","70","unassigned","0","unassigned","0.994882790165809","false","0","k__Fungi | unassigned | unassigned | unassigned | unassigned | unassigned.73","78436","0.09458684352034415"
"2.1037735849056602","0.001398116590457469","c__Dothideomycetes","0.4753363228699552","0.3417236662106703","86","3","f__Pleosporaceae","g__Curvularia","false","k__Fungi","k__Fungi | p__Ascomycota | c__Dothideomycetes | Pleosporales | f__Pleosporaceae | g__Curvularia","108.27906976744185","0","86","Pleosporales","0","p__Ascomycota","0.9952217593727027","false","0","k__Fungi | p__Ascomycota | c__Dothideomycetes | Pleosporales | f__Pleosporaceae | g__Curvularia","103280","0.12532299741602068"
"2.3075471698113206","7.293885008867862E-4","c__Dothideomycetes","0.4333605887162715","0.28520225294418844","63","3","f__Tubeufiaceae","g__Tubeufiaceae_gen_Incertae_sedis.1","false","k__Fungi","k__Fungi | p__Ascomycota | c__Dothideomycetes | Tubeufiales | f__Tubeufiaceae | g__Tubeufiaceae_gen_Incertae_sedis.1","70.0","0","63","Tubeufiales","0","p__Ascomycota","0.9943396226415094","false","0","k__Fungi | p__Ascomycota | c__Dothideomycetes | Tubeufiales | f__Tubeufiaceae | g__Tubeufiaceae_gen_Incertae_sedis.1","34636","0.10432190760059612"
"2.2358490566037736","0.0011074219906783004","c__Eurotiomycetes","0.4472573839662447","0.2707292707292707","78","3","f__Cyphellophoraceae","g__Cyphellophoraceae_gen_Incertae_sedis.1","false","k__Fungi","k__Fungi | p__Ascomycota | c__Eurotiomycetes | Chaetothyriales | f__Cyphellophoraceae | g__Cyphellophoraceae_gen_Incertae_sedis.1","77.62820512820512","0","78","Chaetothyriales","0","p__Ascomycota","0.9946500040839664","false","0","k__Fungi | p__Ascomycota | c__Eurotiomycetes | Chaetothyriales | f__Cyphellophoraceae | g__Cyphellophoraceae_gen_Incertae_sedis.1","61390","0.10604946055765728"
"2.1188679245283017","0.00171301276562764","c__Sordariomycetes","0.4719501335707926","0.29415221863062","83","3","f__Bionectriaceae","g__Clonostachys.1","false","k__Fungi","k__Fungi | p__Ascomycota | c__Sordariomycetes | Hypocreales | f__Bionectriaceae | g__Clonostachys.1","75.81927710843374","0","83","Hypocreales","0","p__Ascomycota","0.9951564159111329","false","0","k__Fungi | p__Ascomycota | c__Sordariomycetes | Hypocreales | f__Bionectriaceae | g__Clonostachys.1","82936","0.08909433267736044"
"2.1556603773584904","0.0011613108406530502","c__Tremellomycetes","0.46389496717724293","0.2673400673400673","55","3","f__Cryptococcaceae","g__Cryptococcus","false","k__Fungi","k__Fungi | p__Basidiomycota | c__Tremellomycetes | Tremellales | f__Cryptococcaceae | g__Cryptococcus","73.61818181818182","0","55","Tremellales","0","p__Basidiomycota","0.9949971412235563","false","0","k__Fungi | p__Basidiomycota | c__Tremellomycetes | Tremellales | f__Cryptococcaceae | g__Cryptococcus","55916","0.08764069264069264"
"2.1754716981132076","0.0011087444779887864","c__Rhizophlyctidomycetes","0.4596704249783174","0.23495032144944478","59","3","f__Rhizophlyctidaceae","g__Rhizophlyctis.3","false","k__Fungi","k__Fungi | p__Chytridiomycota | c__Rhizophlyctidomycetes | Rhizophlyctidales | f__Rhizophlyctidaceae | g__Rhizophlyctis.3","74.79661016949153","0","59","Rhizophlyctidales","0","p__Chytridiomycota","0.9949113779302459","false","0","k__Fungi | p__Chytridiomycota | c__Rhizophlyctidomycetes | Rhizophlyctidales | f__Rhizophlyctidaceae | g__Rhizophlyctis.3","59248","0.09177498180305708"
"2.2462264150943394","5.483912868508507E-4","unassigned","0.4451910961780765","0.3612078977932636","42","3","unassigned","unassigned.100","false","k__Fungi","k__Fungi | unassigned | unassigned | unassigned | unassigned | unassigned.100","77.28571428571429","0","42","unassigned","0","unassigned","0.9946050804541371","false","0","k__Fungi | unassigned | unassigned | unassigned | unassigned | unassigned.100","26988","0.10209473485563314"
"2.297169811320755","5.380069914557499E-4","unassigned","0.43531827515400406","0.2831372549019608","51","3","unassigned","unassigned.41","false","k__Fungi","k__Fungi | unassigned | unassigned | unassigned | unassigned | unassigned.41","73.49019607843137","0","51","unassigned","0","unassigned","0.9943845462713388","false","0","k__Fungi | unassigned | unassigned | unassigned | unassigned | unassigned.41","26954","0.10589365429168786"
"1.9103773584905661","0.004056113845192498","unassigned","0.5234567901234568","0.28420181968569064","156","3","unassigned","unassigned.49","false","k__Fungi","k__Fungi | unassigned | unassigned | unassigned | unassigned | unassigned.49","111.72435897435898","0","156","unassigned","0","unassigned","0.9960589724740668","false","0","k__Fungi | unassigned | unassigned | unassigned | unassigned | unassigned.49","283582","0.1118361951695285"
"2.3764150943396225","4.04927952508385E-4","c__Dothideomycetes","0.42080190551806274","0.3839859731151373","59","3","f__Mycosphaerellaceae","g__Mycocentrospora","false","k__Fungi","k__Fungi | p__Ascomycota | c__Dothideomycetes | Mycosphaerellales | f__Mycosphaerellaceae | g__Mycocentrospora","66.96610169491525","0","59","Mycosphaerellales","0","p__Ascomycota","0.9940414930980969","false","0","k__Fungi | p__Ascomycota | c__Dothideomycetes | Mycosphaerellales | f__Mycosphaerellaceae | g__Mycocentrospora","19868","0.11123937158623796"
"2.4726415094339624","4.177155620772478E-4","c__Sordariomycetes","0.4044257916825639","0.2787456445993031","42","3","f__Nectriaceae","unassigned","false","k__Fungi","k__Fungi | p__Ascomycota | c__Sordariomycetes | Hypocreales | f__Nectriaceae | unassigned","58.76190476190476","0","42","Hypocreales","0","p__Ascomycota","0.9936249285305889","false","0","k__Fungi | p__Ascomycota | c__Sordariomycetes | Hypocreales | f__Nectriaceae | unassigned","14750","0.11365939025513494"
"2.3509433962264152","6.738090926840897E-4","unassigned","0.42536115569823435","0.32007400555041626","47","3","unassigned","unassigned.13","false","k__Fungi","k__Fungi | unassigned | unassigned | unassigned | unassigned | unassigned.13","64.06382978723404","0","47","unassigned","0","unassigned","0.994151760189496","false","0","k__Fungi | unassigned | unassigned | unassigned | unassigned | unassigned.13","28374","0.09994357221097354"
"2.4292452830188678","5.004113434814826E-4","c__Dothideomycetes","0.41165048543689325","0.27353266888150607","43","3","f__Phaeosphaeriaceae","g__Paraphoma","false","k__Fungi","k__Fungi | p__Ascomycota | c__Dothideomycetes | Pleosporales | f__Phaeosphaeriaceae | g__Paraphoma","54.58139534883721","0","43","Pleosporales","0","p__Ascomycota","0.9938127909826023","false","0","k__Fungi | p__Ascomycota | c__Dothideomycetes | Pleosporales | f__Phaeosphaeriaceae | g__Paraphoma","18460","0.0971199205495324"
"2.3349056603773586","6.028495982353892E-4","c__Sordariomycetes","0.42828282828282827","0.19831932773109243","35","3","f__Hypocreales_fam_Incertae_sedis","g__Hypocreales_gen_Incertae_sedis","false","k__Fungi","k__Fungi | p__Ascomycota | c__Sordariomycetes | Hypocreales | f__Hypocreales_fam_Incertae_sedis | g__Hypocreales_gen_Incertae_sedis","67.62857142857143","0","35","Hypocreales","0","p__Ascomycota","0.9942211876174141","false","0","k__Fungi | p__Ascomycota | c__Sordariomycetes | Hypocreales | f__Hypocreales_fam_Incertae_sedis | g__Hypocreales_gen_Incertae_sedis","24730","0.10093816631130063"
"2.288679245283019","9.13128131769777E-4","c__Dothideomycetes","0.43693322341302554","0.36716791979949875","57","3","f__Amniculicolaceae","g__Murispora.1","false","k__Fungi","k__Fungi | p__Ascomycota | c__Dothideomycetes | Pleosporales | f__Amniculicolaceae | g__Murispora.1","69.71929824561404","0","57","Pleosporales","0","p__Ascomycota","0.9944213019684718","false","0","k__Fungi | p__Ascomycota | c__Dothideomycetes | Pleosporales | f__Amniculicolaceae | g__Murispora.1","49264","0.10002768758337738"
"2.3679245283018866","8.073642606131393E-4","c__Dothideomycetes","0.42231075697211157","0.35268505079825835","53","3","f__Lindgomycetaceae","g__Clohesyomyces","false","k__Fungi","k__Fungi | p__Ascomycota | c__Dothideomycetes | Pleosporales | f__Lindgomycetaceae | g__Clohesyomyces","63.60377358490566","0","53","Pleosporales","0","p__Ascomycota","0.9940782487952299","false","0","k__Fungi | p__Ascomycota | c__Dothideomycetes | Pleosporales | f__Lindgomycetaceae | g__Clohesyomyces","30124","0.10308553255252133"
"2.3981132075471696","6.49794702958848E-4","c__Eurotiomycetes","0.41699449252557047","0.315819209039548","60","3","f__Chaetothyriales_fam_Incertae_sedis","g__Chaetothyriales_gen_Incertae_sedis.24","false","k__Fungi","k__Fungi | p__Ascomycota | c__Eurotiomycetes | Chaetothyriales | f__Chaetothyriales_fam_Incertae_sedis | g__Chaetothyriales_gen_Incertae_sedis.24","64.96666666666667","0","60","Chaetothyriales","0","p__Ascomycota","0.9939475618720902","false","0","k__Fungi | p__Ascomycota | c__Eurotiomycetes | Chaetothyriales | f__Chaetothyriales_fam_Incertae_sedis | g__Chaetothyriales_gen_Incertae_sedis.24","24388","0.11239907727797001"
"2.4245283018867925","5.720674188206189E-4","c__Eurotiomycetes","0.41245136186770426","0.33634992458521873","52","3","f__Herpotrichiellaceae","g__Exophiala.11","false","k__Fungi","k__Fungi | p__Ascomycota | c__Eurotiomycetes | Chaetothyriales | f__Herpotrichiellaceae | g__Exophiala.11","62.94230769230769","0","52","Chaetothyriales","0","p__Ascomycota","0.9938332108143428","false","0","k__Fungi | p__Ascomycota | c__Eurotiomycetes | Chaetothyriales | f__Herpotrichiellaceae | g__Exophiala.11","18720","0.11279983457402812"
"2.5415094339622644","1.2652159816446896E-4","c__Eurotiomycetes","0.3934669636228656","0.5063492063492063","36","3","f__Herpotrichiellaceae","g__Herpotrichiellaceae_gen_Incertae_sedis.12","false","k__Fungi","k__Fungi | p__Ascomycota | c__Eurotiomycetes | Chaetothyriales | f__Herpotrichiellaceae | g__Herpotrichiellaceae_gen_Incertae_sedis.12","60.888888888888886","0","36","Chaetothyriales","0","p__Ascomycota","0.9933267989871764","false","0","k__Fungi | p__Ascomycota | c__Eurotiomycetes | Chaetothyriales | f__Herpotrichiellaceae | g__Herpotrichiellaceae_gen_Incertae_sedis.12","5440","0.13530864197530865"
"2.6547169811320757","7.4686274055238E-5","c__Leotiomycetes","0.3766879886282871","0.4095238095238095","15","3","f__Helotiales_fam_Incertae_sedis","g__Helotiales_gen_Incertae_sedis.16","false","k__Fungi","k__Fungi | p__Ascomycota | c__Leotiomycetes | Helotiales | f__Helotiales_fam_Incertae_sedis | g__Helotiales_gen_Incertae_sedis.16","57.266666666666666","0","15","Helotiales","0","p__Ascomycota","0.9928367230254023","false","0","k__Fungi | p__Ascomycota | c__Leotiomycetes | Helotiales | f__Helotiales_fam_Incertae_sedis | g__Helotiales_gen_Incertae_sedis.16","2850","0.16342857142857142"
"2.329245283018868","0.0011601485519163555","c__Sordariomycetes","0.4293236127987039","0.3256464011180992","54","3","f__Coniochaetaceae","g__Lecythophora","false","k__Fungi","k__Fungi | p__Ascomycota | c__Sordariomycetes | Coniochaetales | f__Coniochaetaceae | g__Lecythophora","65.03703703703704","0","54","Coniochaetales","0","p__Ascomycota","0.9942456914155027","false","0","k__Fungi | p__Ascomycota | c__Sordariomycetes | Coniochaetales | f__Coniochaetaceae | g__Lecythophora","41454","0.0989909239528722"
"2.3160377358490565","4.2774649600609954E-4","c__Sordariomycetes","0.4317718940936864","0.29064039408866993","29","3","unassigned","unassigned.12","false","k__Fungi","k__Fungi | p__Ascomycota | c__Sordariomycetes | unassigned | unassigned | unassigned.12","72.44827586206897","0","29","unassigned","0","p__Ascomycota","0.9943028669443764","false","0","k__Fungi | p__Ascomycota | c__Sordariomycetes | unassigned | unassigned | unassigned.12","19272","0.10409235037653587"
"2.269811320754717","7.871088765277545E-4","unassigned","0.4405652535328346","0.37445573294629897","53","3","unassigned","unassigned.72","false","k__Fungi","k__Fungi | p__Ascomycota | unassigned | unassigned | unassigned | unassigned.72","68.90566037735849","0","53","unassigned","0","p__Ascomycota","0.9945029812954341","false","0","k__Fungi | p__Ascomycota | unassigned | unassigned | unassigned | unassigned.72","39672","0.09556957056499098"
"2.4679245283018867","1.7049205131841017E-4","c__Tremellomycetes","0.4051987767584098","0.42521008403361343","35","3","f__Bulleribasidiaceae","g__Vishniacozyma.1","false","k__Fungi","k__Fungi | p__Basidiomycota | c__Tremellomycetes | Tremellales | f__Bulleribasidiaceae | g__Vishniacozyma.1","68.82857142857142","0","35","Tremellales","0","p__Basidiomycota","0.9936453483623294","false","0","k__Fungi | p__Basidiomycota | c__Tremellomycetes | Tremellales | f__Bulleribasidiaceae | g__Vishniacozyma.1","8618","0.13011072103699703"
"2.352830188679245","7.450590791391374E-4","c__Spizellomycetes","0.42502004811547717","0.3696715583508036","54","3","f__Spizellomycetales_fam_Incertae_sedis","g__Spizellomycetales_gen_Incertae_sedis.19","false","k__Fungi","k__Fungi | p__Chytridiomycota | c__Spizellomycetes | Spizellomycetales | f__Spizellomycetales_fam_Incertae_sedis | g__Spizellomycetales_gen_Incertae_sedis.19","63.94444444444444","0","54","Spizellomycetales","0","p__Chytridiomycota","0.9941435922567998","false","0","k__Fungi | p__Chytridiomycota | c__Spizellomycetes | Spizellomycetales | f__Spizellomycetales_fam_Incertae_sedis | g__Spizellomycetales_gen_Incertae_sedis.19","31620","0.10117791842475386"
"2.0858490566037737","0.002561607430497224","c__Spizellomycetes","0.4794210764360018","0.25006105006105006","91","3","f__Spizellomycetales_fam_Incertae_sedis","g__Spizellomycetales_gen_Incertae_sedis.23","false","k__Fungi","k__Fungi | p__Chytridiomycota | c__Spizellomycetes | Spizellomycetales | f__Spizellomycetales_fam_Incertae_sedis | g__Spizellomycetales_gen_Incertae_sedis.23","82.63736263736264","0","91","Spizellomycetales","0","p__Chytridiomycota","0.995299354733317","false","0","k__Fungi | p__Chytridiomycota | c__Spizellomycetes | Spizellomycetales | f__Spizellomycetales_fam_Incertae_sedis | g__Spizellomycetales_gen_Incertae_sedis.23","152092","0.09412000300382989"
"2.391509433962264","5.908854563899097E-4","c__Sordariomycetes","0.4181459566074951","0.29717514124293787","60","3","unassigned","unassigned.2","false","k__Fungi","k__Fungi | p__Ascomycota | c__Sordariomycetes | unassigned | unassigned | unassigned.2","67.81666666666666","0","60","unassigned","0","p__Ascomycota","0.993976149636527","false","0","k__Fungi | p__Ascomycota | c__Sordariomycetes | unassigned | unassigned | unassigned.2","22944","0.11592592592592593"
"2.1820754716981132","0.0014521538105493577","unassigned","0.45827929096411585","0.2751141552511416","73","3","unassigned","unassigned.88","false","k__Fungi","k__Fungi | unassigned | unassigned | unassigned | unassigned | unassigned.88","70.61643835616438","0","73","unassigned","0","unassigned","0.994882790165809","false","0","k__Fungi | unassigned | unassigned | unassigned | unassigned | unassigned.88","66804","0.08893757979365792"
"2.3754716981132074","4.7610906361592536E-4","c__Dothideomycetes","0.4209690230341541","0.22580645161290322","32","3","f__Phaeosphaeriaceae","g__Sclerostagonospora","false","k__Fungi","k__Fungi | p__Ascomycota | c__Dothideomycetes | Pleosporales | f__Phaeosphaeriaceae | g__Sclerostagonospora","54.65625","0","32","Pleosporales","0","p__Ascomycota","0.994045577064445","false","0","k__Fungi | p__Ascomycota | c__Dothideomycetes | Pleosporales | f__Phaeosphaeriaceae | g__Sclerostagonospora","16350","0.08675595238095238"
"2.30188679245283","8.49338268744678E-4","c__Dothideomycetes","0.43442622950819676","0.32786885245901637","62","3","f__Didymellaceae","g__Chaetasbolisia.2","false","k__Fungi","k__Fungi | p__Ascomycota | c__Dothideomycetes | Pleosporales | f__Didymellaceae | g__Chaetasbolisia.2","66.75806451612904","0","62","Pleosporales","0","p__Ascomycota","0.9943641264395982","false","0","k__Fungi | p__Ascomycota | c__Dothideomycetes | Pleosporales | f__Didymellaceae | g__Chaetasbolisia.2","35930","0.09846322200019031"
"2.500943396226415","1.9642995344361396E-4","c__Sordariomycetes","0.3998491135420596","0.34708392603129445","38","3","f__Neoschizotheciaceae","g__Neoschizothecium","false","k__Fungi","k__Fungi | p__Ascomycota | c__Sordariomycetes | Sordariales | f__Neoschizotheciaceae | g__Neoschizothecium","62.6578947368421","0","38","Sordariales","0","p__Ascomycota","0.9935024095401455","false","0","k__Fungi | p__Ascomycota | c__Sordariomycetes | Sordariales | f__Neoschizotheciaceae | g__Neoschizothecium","7510","0.12761282023796763"
"2.3820754716981134","2.774156824750728E-4","unassigned","0.4198019801980198","0.44646464646464645","45","3","unassigned","unassigned.18","false","k__Fungi","k__Fungi | p__Ascomycota | unassigned | unassigned | unassigned | unassigned.18","69.5111111111111","0","45","unassigned","0","p__Ascomycota","0.9940169893000083","false","0","k__Fungi | p__Ascomycota | unassigned | unassigned | unassigned | unassigned.18","14840","0.11395264116575592"
"2.0858490566037737","0.0015071705996964888","unassigned","0.4794210764360018","0.2702702702702703","74","3","unassigned","unassigned.5","false","k__Fungi","k__Fungi | p__Ascomycota | unassigned | unassigned | unassigned | unassigned.5","91.70270270270271","0","74","unassigned","0","p__Ascomycota","0.995299354733317","false","0","k__Fungi | p__Ascomycota | unassigned | unassigned | unassigned | unassigned.5","88442","0.1024611203382153"
"2.3254716981132075","3.667129436756558E-4","unassigned","0.4300202839756592","0.31596638655462184","35","3","unassigned","unassigned.9","false","k__Fungi","k__Fungi | p__Ascomycota | unassigned | unassigned | unassigned | unassigned.9","78.6","0","35","unassigned","0","p__Ascomycota","0.9942620272808952","false","0","k__Fungi | p__Ascomycota | unassigned | unassigned | unassigned | unassigned.9","19508","0.11558823529411764"
"2.4330188679245284","3.980580784456021E-4","c__Spizellomycetes","0.4110120201628538","0.33193570929419985","54","3","f__Spizellomycetales_fam_Incertae_sedis","g__Spizellomycetales_gen_Incertae_sedis.10","false","k__Fungi","k__Fungi | p__Chytridiomycota | c__Spizellomycetes | Spizellomycetales | f__Spizellomycetales_fam_Incertae_sedis | g__Spizellomycetales_gen_Incertae_sedis.10","64.0925925925926","0","54","Spizellomycetales","0","p__Chytridiomycota","0.9937964551172099","false","0","k__Fungi | p__Chytridiomycota | c__Spizellomycetes | Spizellomycetales | f__Spizellomycetales_fam_Incertae_sedis | g__Spizellomycetales_gen_Incertae_sedis.10","16460","0.11717110163179632"
"2.2943396226415094","3.5103466182049426E-4","c__Fungi_cls_Incertae_sedis","0.43585526315789475","0.37695590327169276","38","3","f__Fungi_fam_Incertae_sedis","g__Fungi_gen_Incertae_sedis.16","false","k__Fungi","k__Fungi | p__Fungi_phy_Incertae_sedis | c__Fungi_cls_Incertae_sedis | Fungi_ord_Incertae_sedis | f__Fungi_fam_Incertae_sedis | g__Fungi_gen_Incertae_sedis.16","77.94736842105263","0","38","Fungi_ord_Incertae_sedis","0","p__Fungi_phy_Incertae_sedis","0.9943967981703831","false","0","k__Fungi | p__Fungi_phy_Incertae_sedis | c__Fungi_cls_Incertae_sedis | Fungi_ord_Incertae_sedis | f__Fungi_fam_Incertae_sedis | g__Fungi_gen_Incertae_sedis.16","19646","0.10978502594514455"
"2.430188679245283","3.233416643378155E-4","c__Fungi_cls_Incertae_sedis","0.4114906832298137","0.35135135135135137","38","4","f__Fungi_fam_Incertae_sedis","g__Fungi_gen_Incertae_sedis.34","false","k__Fungi","k__Fungi | p__Fungi_phy_Incertae_sedis | c__Fungi_cls_Incertae_sedis | Fungi_ord_Incertae_sedis | f__Fungi_fam_Incertae_sedis | g__Fungi_gen_Incertae_sedis.34","64.47368421052632","0","38","Fungi_ord_Incertae_sedis","0","p__Fungi_phy_Incertae_sedis","0.9938087070162542","false","0","k__Fungi | p__Fungi_phy_Incertae_sedis | c__Fungi_cls_Incertae_sedis | Fungi_ord_Incertae_sedis | f__Fungi_fam_Incertae_sedis | g__Fungi_gen_Incertae_sedis.34","12384","0.11371020142949967"
"2.358490566037736","7.315479243843533E-4","c__Fungi_cls_Incertae_sedis","0.424","0.275609756097561","41","3","f__Fungi_fam_Incertae_sedis","g__Fungi_gen_Incertae_sedis.43","false","k__Fungi","k__Fungi | p__Fungi_phy_Incertae_sedis | c__Fungi_cls_Incertae_sedis | Fungi_ord_Incertae_sedis | f__Fungi_fam_Incertae_sedis | g__Fungi_gen_Incertae_sedis.43","61.0","0","41","Fungi_ord_Incertae_sedis","0","p__Fungi_phy_Incertae_sedis","0.9941190884587111","false","0","k__Fungi | p__Fungi_phy_Incertae_sedis | c__Fungi_cls_Incertae_sedis | Fungi_ord_Incertae_sedis | f__Fungi_fam_Incertae_sedis | g__Fungi_gen_Incertae_sedis.43","25336","0.09557305604404007"
"2.378301886792453","5.624860513807866E-4","c__Dothideomycetes","0.4204680682268941","0.37532923617208075","68","3","f__Lentitheciaceae","g__Darksidea","false","k__Fungi","k__Fungi | p__Ascomycota | c__Dothideomycetes | Pleosporales | f__Lentitheciaceae | g__Darksidea","69.04411764705883","0","68","Pleosporales","0","p__Ascomycota","0.9940333251654007","false","0","k__Fungi | p__Ascomycota | c__Dothideomycetes | Pleosporales | f__Lentitheciaceae | g__Darksidea","23290","0.1168259181845327"
"2.300943396226415","9.501645426959172E-4","c__Leotiomycetes","0.43460434604346043","0.2608695652173913","46","3","f__Helotiales_fam_Incertae_sedis","g__Helotiales_gen_Incertae_sedis.3","false","k__Fungi","k__Fungi | p__Ascomycota | c__Leotiomycetes | Helotiales | f__Helotiales_fam_Incertae_sedis | g__Helotiales_gen_Incertae_sedis.3","63.95652173913044","0","46","Helotiales","0","p__Ascomycota","0.9943682104059463","false","0","k__Fungi | p__Ascomycota | c__Leotiomycetes | Helotiales | f__Helotiales_fam_Incertae_sedis | g__Helotiales_gen_Incertae_sedis.3","38998","0.09202377228651862"
"2.3943396226415095","5.351516003527721E-4","unassigned","0.4176516942474389","0.3393665158371041","52","3","unassigned","unassigned.24","false","k__Fungi","k__Fungi | p__Ascomycota | unassigned | unassigned | unassigned | unassigned.24","59.11538461538461","0","52","unassigned","0","p__Ascomycota","0.9939638977374827","false","0","k__Fungi | p__Ascomycota | unassigned | unassigned | unassigned | unassigned.24","19502","0.1001955671447197"
"2.3386792452830187","7.383292193514865E-4","c__Fungi_cls_Incertae_sedis","0.427591770875353","0.31094978826376285","58","3","f__Fungi_fam_Incertae_sedis","g__Fungi_gen_Incertae_sedis.28","false","k__Fungi","k__Fungi | p__Fungi_phy_Incertae_sedis | c__Fungi_cls_Incertae_sedis | Fungi_ord_Incertae_sedis | f__Fungi_fam_Incertae_sedis | g__Fungi_gen_Incertae_sedis.28","65.15517241379311","0","58","Fungi_ord_Incertae_sedis","0","p__Fungi_phy_Incertae_sedis","0.9942048517520216","false","0","k__Fungi | p__Fungi_phy_Incertae_sedis | c__Fungi_cls_Incertae_sedis | Fungi_ord_Incertae_sedis | f__Fungi_fam_Incertae_sedis | g__Fungi_gen_Incertae_sedis.28","32988","0.10132997264975599"
"2.349056603773585","5.633548154236602E-4","c__Dothideomycetes","0.42570281124497994","0.3945061367621274","59","3","f__Dictyosporiaceae","g__Dictyosporiaceae_gen_Incertae_sedis","false","k__Fungi","k__Fungi | p__Ascomycota | c__Dothideomycetes | Pleosporales | f__Dictyosporiaceae | g__Dictyosporiaceae_gen_Incertae_sedis","67.69491525423729","0","59","Pleosporales","0","p__Ascomycota","0.9941599281221922","false","0","k__Fungi | p__Ascomycota | c__Dothideomycetes | Pleosporales | f__Dictyosporiaceae | g__Dictyosporiaceae_gen_Incertae_sedis","22858","0.10728195761368825"
"2.2443396226415095","5.90576230779681E-4","c__Eurotiomycetes","0.44556536359815047","0.3986697965571205","72","3","f__Herpotrichiellaceae","g__Exophiala.5","false","k__Fungi","k__Fungi | p__Ascomycota | c__Eurotiomycetes | Chaetothyriales | f__Herpotrichiellaceae | g__Exophiala.5","74.0","0","72","Chaetothyriales","0","p__Ascomycota","0.9946132483868333","false","0","k__Fungi | p__Ascomycota | c__Eurotiomycetes | Chaetothyriales | f__Herpotrichiellaceae | g__Exophiala.5","33692","0.10150891632373114"
"2.1490566037735848","0.0015541828952517936","c__Sordariomycetes","0.4653204565408253","0.28797814207650274","61","3","f__Hypocreaceae","g__Trichoderma.2","false","k__Fungi","k__Fungi | p__Ascomycota | c__Sordariomycetes | Hypocreales | f__Hypocreaceae | g__Trichoderma.2","73.08196721311475","0","61","Hypocreales","0","p__Ascomycota","0.9950257289879932","false","0","k__Fungi | p__Ascomycota | c__Sordariomycetes | Hypocreales | f__Hypocreaceae | g__Trichoderma.2","69704","0.08698282591725215"
"2.5537735849056604","7.770220204908544E-5","c__Sordariomycetes","0.3915773919468046","0.3235294117647059","17","3","f__Hypocreales_fam_Incertae_sedis","g__Acremonium.3","false","k__Fungi","k__Fungi | p__Ascomycota | c__Sordariomycetes | Hypocreales | f__Hypocreales_fam_Incertae_sedis | g__Acremonium.3","68.0","0","17","Hypocreales","0","p__Ascomycota","0.9932737074246508","false","0","k__Fungi | p__Ascomycota | c__Sordariomycetes | Hypocreales | f__Hypocreales_fam_Incertae_sedis | g__Acremonium.3","3362","0.14912280701754385"
"2.2915094339622644","8.689180941603713E-4","c__Rhizophlyctidomycetes","0.4363935776039522","0.3516624040920716","69","3","f__Rhizophlyctidaceae","g__Rhizophlyctis.7","false","k__Fungi","k__Fungi | p__Chytridiomycota | c__Rhizophlyctidomycetes | Rhizophlyctidales | f__Rhizophlyctidaceae | g__Rhizophlyctis.7","65.55072463768116","0","69","Rhizophlyctidales","0","p__Chytridiomycota","0.9944090500694275","false","0","k__Fungi | p__Chytridiomycota | c__Rhizophlyctidomycetes | Rhizophlyctidales | f__Rhizophlyctidaceae | g__Rhizophlyctis.7","45596","0.09611543202006036"
"2.3518867924528304","6.786918536614246E-4","c__Rhizophlyctidomycetes","0.42519053349378255","0.33408748114630465","52","3","f__Rhizophlyctidaceae","g__Rhizophlyctis.9","false","k__Fungi","k__Fungi | p__Chytridiomycota | c__Rhizophlyctidomycetes | Rhizophlyctidales | f__Rhizophlyctidaceae | g__Rhizophlyctis.9","66.65384615384616","0","52","Rhizophlyctidales","0","p__Chytridiomycota","0.9941476762231479","false","0","k__Fungi | p__Chytridiomycota | c__Rhizophlyctidomycetes | Rhizophlyctidales | f__Rhizophlyctidaceae | g__Rhizophlyctis.9","27780","0.10510191701043436"
"2.470754716981132","3.404545554503326E-4","c__Fungi_cls_Incertae_sedis","0.4047346315387552","0.3724696356275304","39","3","f__Fungi_fam_Incertae_sedis","g__Fungi_gen_Incertae_sedis.67","false","k__Fungi","k__Fungi | p__Fungi_phy_Incertae_sedis | c__Fungi_cls_Incertae_sedis | Fungi_ord_Incertae_sedis | f__Fungi_fam_Incertae_sedis | g__Fungi_gen_Incertae_sedis.67","57.56410256410256","0","39","Fungi_ord_Incertae_sedis","0","p__Fungi_phy_Incertae_sedis","0.9936330964632851","false","0","k__Fungi | p__Fungi_phy_Incertae_sedis | c__Fungi_cls_Incertae_sedis | Fungi_ord_Incertae_sedis | f__Fungi_fam_Incertae_sedis | g__Fungi_gen_Incertae_sedis.67","11590","0.11027605855192062"
"2.5273584905660376","1.3449747015473006E-4","c__Dothideomycetes","0.3956700261291527","0.296551724137931","30","3","f__Phaeosphaeriaceae","g__Setophaeosphaeria","false","k__Fungi","k__Fungi | p__Ascomycota | c__Dothideomycetes | Pleosporales | f__Phaeosphaeriaceae | g__Setophaeosphaeria","62.9","0","30","Pleosporales","0","p__Ascomycota","0.9933880584823981","false","0","k__Fungi | p__Ascomycota | c__Dothideomycetes | Pleosporales | f__Phaeosphaeriaceae | g__Setophaeosphaeria","5318","0.1335456475583864"
"2.271698113207547","0.0011010089649214332","c__Dothideomycetes","0.44019933554817275","0.33526999316473","77","3","f__Didymosphaeriaceae","g__Didymosphaeriaceae_gen_Incertae_sedis","false","k__Fungi","k__Fungi | p__Ascomycota | c__Dothideomycetes | Pleosporales | f__Didymosphaeriaceae | g__Didymosphaeriaceae_gen_Incertae_sedis","69.71428571428571","0","77","Pleosporales","0","p__Ascomycota","0.9944948133627379","false","0","k__Fungi | p__Ascomycota | c__Dothideomycetes | Pleosporales | f__Didymosphaeriaceae | g__Didymosphaeriaceae_gen_Incertae_sedis","46448","0.10030832476875642"
"2.2735849056603774","3.885418200186114E-4","c__Dothideomycetes","0.43983402489626555","0.43205574912891986","42","3","f__Lophiostomataceae","g__Lophiostoma","false","k__Fungi","k__Fungi | p__Ascomycota | c__Dothideomycetes | Pleosporales | f__Lophiostomataceae | g__Lophiostoma","71.71428571428571","0","42","Pleosporales","0","p__Ascomycota","0.9944866454300416","false","0","k__Fungi | p__Ascomycota | c__Dothideomycetes | Pleosporales | f__Lophiostomataceae | g__Lophiostoma","20510","0.09850863422291994"
"2.4358490566037734","2.345664297390272E-4","c__Sordariomycetes","0.41053446940356314","0.4355179704016913","44","3","f__Nectriaceae","g__Nectriaceae_gen_Incertae_sedis","false","k__Fungi","k__Fungi | p__Ascomycota | c__Sordariomycetes | Hypocreales | f__Nectriaceae | g__Nectriaceae_gen_Incertae_sedis","68.0909090909091","0","44","Hypocreales","0","p__Ascomycota","0.9937842032181654","false","0","k__Fungi | p__Ascomycota | c__Sordariomycetes | Hypocreales | f__Nectriaceae | g__Nectriaceae_gen_Incertae_sedis","9748","0.12290777814243518"
"2.4056603773584904","3.087706452508583E-4","c__Sordariomycetes","0.41568627450980394","0.42160278745644597","42","3","f__Ophiocordycipitaceae","g__Tolypocladium","false","k__Fungi","k__Fungi | p__Ascomycota | c__Sordariomycetes | Hypocreales | f__Ophiocordycipitaceae | g__Tolypocladium","70.95238095238095","0","42","Hypocreales","0","p__Ascomycota","0.9939148901413053","false","0","k__Fungi | p__Ascomycota | c__Sordariomycetes | Hypocreales | f__Ophiocordycipitaceae | g__Tolypocladium","13684","0.12066731454486557"
"2.147169811320755","0.001899706665948337","c__Spizellomycetes","0.4657293497363796","0.2796312554872695","68","3","f__Spizellomycetales_fam_Incertae_sedis","g__Spizellomycetales_gen_Incertae_sedis.8","false","k__Fungi","k__Fungi | p__Chytridiomycota | c__Spizellomycetes | Spizellomycetales | f__Spizellomycetales_fam_Incertae_sedis | g__Spizellomycetales_gen_Incertae_sedis.8","68.61764705882354","0","68","Spizellomycetales","0","p__Chytridiomycota","0.9950338969206893","false","0","k__Fungi | p__Chytridiomycota | c__Spizellomycetes | Spizellomycetales | f__Spizellomycetales_fam_Incertae_sedis | g__Spizellomycetales_gen_Incertae_sedis.8","81062","0.0820785251899803"
"2.4773584905660377","3.584639477923227E-4","c__Dothideomycetes","0.4036557501904037","0.36547868623340324","54","3","unassigned","unassigned.3","false","k__Fungi","k__Fungi | p__Ascomycota | c__Dothideomycetes | Pleosporales | unassigned | unassigned.3","63.5","0","54","Pleosporales","0","p__Ascomycota","0.9936045086988483","false","0","k__Fungi | p__Ascomycota | c__Dothideomycetes | Pleosporales | unassigned | unassigned.3","13758","0.127"
"2.2650943396226415","5.353219304171187E-4","c__Spizellomycetes","0.4414827155351937","0.30564784053156147","43","3","f__Spizellomycetaceae","g__Spizellomyces","false","k__Fungi","k__Fungi | p__Chytridiomycota | c__Spizellomycetes | Spizellomycetales | f__Spizellomycetaceae | g__Spizellomyces","71.09302325581395","0","43","Spizellomycetales","0","p__Chytridiomycota","0.9945234011271747","false","0","k__Fungi | p__Chytridiomycota | c__Spizellomycetes | Spizellomycetales | f__Spizellomycetaceae | g__Spizellomyces","24684","0.0965937815975733"
"2.4839622641509433","2.467074253668853E-4","c__Agaricomycetes","0.40258260539308777","0.33483483483483484","37","3","f__Ceratobasidiaceae","unassigned.2","false","k__Fungi","k__Fungi | p__Basidiomycota | c__Agaricomycetes | Cantharellales | f__Ceratobasidiaceae | unassigned.2","61.648648648648646","0","37","Cantharellales","0","p__Basidiomycota","0.9935759209344115","false","0","k__Fungi | p__Basidiomycota | c__Agaricomycetes | Cantharellales | f__Ceratobasidiaceae | unassigned.2","9148","0.12087970323264441"
"2.5226415094339623","2.4965946770085743E-4","c__Tremellomycetes","0.39640987284966345","0.37630662020905925","42","3","f__Bulleribasidiaceae","g__Dioszegia","false","k__Fungi","k__Fungi | p__Basidiomycota | c__Tremellomycetes | Tremellales | f__Bulleribasidiaceae | g__Dioszegia","63.166666666666664","0","42","Tremellales","0","p__Basidiomycota","0.9934084783141387","false","0","k__Fungi | p__Basidiomycota | c__Tremellomycetes | Tremellales | f__Bulleribasidiaceae | g__Dioszegia","8206","0.13613505747126436"
"2.1433962264150943","0.001765560211319934","c__Dothideomycetes","0.4665492957746479","0.24262295081967214","61","3","f__Didymosphaeriaceae","unassigned.1","false","k__Fungi","k__Fungi | p__Ascomycota | c__Dothideomycetes | Pleosporales | f__Didymosphaeriaceae | unassigned.1","78.14754098360656","0","61","Pleosporales","0","p__Ascomycota","0.9950502327860818","false","0","k__Fungi | p__Ascomycota | c__Dothideomycetes | Pleosporales | f__Didymosphaeriaceae | unassigned.1","89656","0.09226392087792983"
"2.361320754716981","6.878275395809019E-4","c__Eurotiomycetes","0.42349180982820617","0.29435483870967744","32","3","f__Aspergillaceae","unassigned","false","k__Fungi","k__Fungi | p__Ascomycota | c__Eurotiomycetes | Eurotiales | f__Aspergillaceae | unassigned","79.40625","0","32","Eurotiales","0","p__Ascomycota","0.9941068365596667","false","0","k__Fungi | p__Ascomycota | c__Eurotiomycetes | Eurotiales | f__Aspergillaceae | unassigned","29794","0.12311046511627907"
"2.306603773584906","8.737910913826046E-4","c__Lecanoromycetes","0.4335378323108384","0.32053251408090117","63","3","f__Pannariaceae","g__Pectenia","false","k__Fungi","k__Fungi | p__Ascomycota | c__Lecanoromycetes | Peltigerales | f__Pannariaceae | g__Pectenia","69.47619047619048","0","63","Peltigerales","0","p__Ascomycota","0.9943437066078575","false","0","k__Fungi | p__Ascomycota | c__Lecanoromycetes | Peltigerales | f__Pannariaceae | g__Pectenia","42280","0.10338718820861678"
"2.4245283018867925","2.2992571149067748E-4","c__Sordariomycetes","0.41245136186770426","0.30687830687830686","28","3","f__Chaetomiaceae","unassigned.7","false","k__Fungi","k__Fungi | p__Ascomycota | c__Sordariomycetes | Sordariales | f__Chaetomiaceae | unassigned.7","63.42857142857143","0","28","Sordariales","0","p__Ascomycota","0.9938332108143428","false","0","k__Fungi | p__Ascomycota | c__Sordariomycetes | Sordariales | f__Chaetomiaceae | unassigned.7","9856","0.10898379970544919"
"2.158490566037736","0.0011755497035136632","unassigned","0.4632867132867133","0.2772946859903382","46","3","unassigned","unassigned","false","k__Fungi","k__Fungi | unassigned | unassigned | unassigned | unassigned | unassigned","73.58695652173913","0","46","unassigned","0","unassigned","0.994984889324512","false","0","k__Fungi | unassigned | unassigned | unassigned | unassigned | unassigned","47886","0.08698221811080276"
"2.378301886792453","3.7748200920289355E-4","c__Dothideomycetes","0.4204680682268941","0.4055299539170507","63","3","f__Lentitheciaceae","g__Lentitheciaceae_gen_Incertae_sedis.1","false","k__Fungi","k__Fungi | p__Ascomycota | c__Dothideomycetes | Pleosporales | f__Lentitheciaceae | g__Lentitheciaceae_gen_Incertae_sedis.1","72.6984126984127","0","63","Pleosporales","0","p__Ascomycota","0.9940333251654007","false","0","k__Fungi | p__Ascomycota | c__Dothideomycetes | Pleosporales | f__Lentitheciaceae | g__Lentitheciaceae_gen_Incertae_sedis.1","19748","0.12197720251411527"
"2.329245283018868","8.740852884816029E-4","c__Leotiomycetes","0.4293236127987039","0.33965672990063234","82","3","f__Helotiales_fam_Incertae_sedis","g__Helotiales_gen_Incertae_sedis.22","false","k__Fungi","k__Fungi | p__Ascomycota | c__Leotiomycetes | Helotiales | f__Helotiales_fam_Incertae_sedis | g__Helotiales_gen_Incertae_sedis.22","68.1219512195122","0","82","Helotiales","0","p__Ascomycota","0.9942456914155027","false","0","k__Fungi | p__Ascomycota | c__Leotiomycetes | Helotiales | f__Helotiales_fam_Incertae_sedis | g__Helotiales_gen_Incertae_sedis.22","37156","0.10830198922021017"
"2.288679245283019","4.828461585214295E-4","c__Rhizophlyctidomycetes","0.43693322341302554","0.34782608695652173","47","3","f__Rhizophlyctidales_fam_Incertae_sedis","g__Rhizophlyctidales_gen_Incertae_sedis","false","k__Fungi","k__Fungi | p__Chytridiomycota | c__Rhizophlyctidomycetes | Rhizophlyctidales | f__Rhizophlyctidales_fam_Incertae_sedis | g__Rhizophlyctidales_gen_Incertae_sedis","80.19148936170212","0","47","Rhizophlyctidales","0","p__Chytridiomycota","0.9944213019684718","false","0","k__Fungi | p__Chytridiomycota | c__Rhizophlyctidomycetes | Rhizophlyctidales | f__Rhizophlyctidales_fam_Incertae_sedis | g__Rhizophlyctidales_gen_Incertae_sedis","24846","0.11342502031358151"
"2.237735849056604","0.0011732090970786116","c__Spizellomycetes","0.4468802698145025","0.32202623247399365","67","3","f__Powellomycetaceae","g__Geranomyces","false","k__Fungi","k__Fungi | p__Chytridiomycota | c__Spizellomycetes | Spizellomycetales | f__Powellomycetaceae | g__Geranomyces","68.65671641791045","0","67","Spizellomycetales","0","p__Chytridiomycota","0.9946418361512701","false","0","k__Fungi | p__Chytridiomycota | c__Spizellomycetes | Spizellomycetales | f__Powellomycetaceae | g__Geranomyces","62742","0.09265413821580357"
"2.202830188679245","0.0014443521889120118","c__Fungi_cls_Incertae_sedis","0.45396145610278377","0.3174863387978142","61","3","f__Fungi_fam_Incertae_sedis","g__Fungi_gen_Incertae_sedis.102","false","k__Fungi","k__Fungi | p__Fungi_phy_Incertae_sedis | c__Fungi_cls_Incertae_sedis | Fungi_ord_Incertae_sedis | f__Fungi_fam_Incertae_sedis | g__Fungi_gen_Incertae_sedis.102","65.8688524590164","0","61","Fungi_ord_Incertae_sedis","0","p__Fungi_phy_Incertae_sedis","0.9947929429061504","false","0","k__Fungi | p__Fungi_phy_Incertae_sedis | c__Fungi_cls_Incertae_sedis | Fungi_ord_Incertae_sedis | f__Fungi_fam_Incertae_sedis | g__Fungi_gen_Incertae_sedis.102","59472","0.08401639344262295"
"2.5584905660377357","8.998711498258062E-5","c__Fungi_cls_Incertae_sedis","0.39085545722713866","0.32","26","3","f__Fungi_fam_Incertae_sedis","g__Fungi_gen_Incertae_sedis.93","false","k__Fungi","k__Fungi | p__Fungi_phy_Incertae_sedis | c__Fungi_cls_Incertae_sedis | Fungi_ord_Incertae_sedis | f__Fungi_fam_Incertae_sedis | g__Fungi_gen_Incertae_sedis.93","66.26923076923077","0","26","Fungi_ord_Incertae_sedis","0","p__Fungi_phy_Incertae_sedis","0.9932532875929102","false","0","k__Fungi | p__Fungi_phy_Incertae_sedis | c__Fungi_cls_Incertae_sedis | Fungi_ord_Incertae_sedis | f__Fungi_fam_Incertae_sedis | g__Fungi_gen_Incertae_sedis.93","3568","0.14993038635572573"
"2.249056603773585","6.66503137000889E-4","unassigned","0.4446308724832215","0.37755698421975453","59","3","unassigned","unassigned.129","false","k__Fungi","k__Fungi | unassigned | unassigned | unassigned | unassigned | unassigned.129","75.01694915254237","0","59","unassigned","0","unassigned","0.9945928285550927","false","0","k__Fungi | unassigned | unassigned | unassigned | unassigned | unassigned.129","38428","0.10178690522733022"
"2.0018867924528303","0.0037148249275032004","unassigned","0.49952874646559847","0.25279209621993126","97","3","unassigned","unassigned.133","false","k__Fungi","k__Fungi | unassigned | unassigned | unassigned | unassigned | unassigned.133","85.38144329896907","0","97","unassigned","0","unassigned","0.9956628277382994","false","0","k__Fungi | unassigned | unassigned | unassigned | unassigned | unassigned.133","201260","0.08884645504575346"
"2.2462264150943394","0.0010848793502193212","c__Eurotiomycetes","0.4451910961780765","0.2918552036199095","52","3","f__Herpotrichiellaceae","g__Herpotrichiellaceae_gen_Incertae_sedis.10","false","k__Fungi","k__Fungi | p__Ascomycota | c__Eurotiomycetes | Chaetothyriales | f__Herpotrichiellaceae | g__Herpotrichiellaceae_gen_Incertae_sedis.10","65.0","0","52","Chaetothyriales","0","p__Ascomycota","0.9946050804541371","false","0","k__Fungi | p__Ascomycota | c__Eurotiomycetes | Chaetothyriales | f__Herpotrichiellaceae | g__Herpotrichiellaceae_gen_Incertae_sedis.10","43240","0.08701472556894244"
"2.3","7.986415100046791E-4","c__Dothideomycetes","0.4347826086956522","0.2656023222060958","53","3","f__Neophaeosphaeriaceae","g__Neophaeosphaeria","false","k__Fungi","k__Fungi | p__Ascomycota | c__Dothideomycetes | Pleosporales | f__Neophaeosphaeriaceae | g__Neophaeosphaeria","61.905660377358494","0","53","Pleosporales","0","p__Ascomycota","0.9943722943722944","false","0","k__Fungi | p__Ascomycota | c__Dothideomycetes | Pleosporales | f__Neophaeosphaeriaceae | g__Neophaeosphaeria","32798","0.08984856368266834"
"2.250943396226415","0.0010810465787675363","c__Dothideomycetes","0.44425817267393125","0.3134978229317852","53","3","f__Pleosporaceae","g__Alternaria.2","false","k__Fungi","k__Fungi | p__Ascomycota | c__Dothideomycetes | Pleosporales | f__Pleosporaceae | g__Alternaria.2","77.73584905660377","0","53","Pleosporales","0","p__Ascomycota","0.9945846606223965","false","0","k__Fungi | p__Ascomycota | c__Dothideomycetes | Pleosporales | f__Pleosporaceae | g__Alternaria.2","58810","0.10490667888880402"
"2.409433962264151","4.034148292983921E-4","c__Eurotiomycetes","0.41503523884103366","0.2427536231884058","24","3","f__Trichomeriaceae","g__Bradymyces","false","k__Fungi","k__Fungi | p__Ascomycota | c__Eurotiomycetes | Chaetothyriales | f__Trichomeriaceae | g__Bradymyces","53.791666666666664","0","24","Chaetothyriales","0","p__Ascomycota","0.9938985542759128","false","0","k__Fungi | p__Ascomycota | c__Eurotiomycetes | Chaetothyriales | f__Trichomeriaceae | g__Bradymyces","12652","0.08935492801771872"
"2.4037735849056605","4.001527886638801E-4","c__Sordariomycetes","0.4160125588697017","0.39516908212560387","46","3","f__Hypocreales_fam_Incertae_sedis","g__Fusariella","false","k__Fungi","k__Fungi | p__Ascomycota | c__Sordariomycetes | Hypocreales | f__Hypocreales_fam_Incertae_sedis | g__Fusariella","62.56521739130435","0","46","Hypocreales","0","p__Ascomycota","0.9939230580740015","false","0","k__Fungi | p__Ascomycota | c__Sordariomycetes | Hypocreales | f__Hypocreales_fam_Incertae_sedis | g__Fusariella","17394","0.10676658257901765"
"2.518867924528302","1.7937251680271436E-4","unassigned","0.39700374531835203","0.3286290322580645","32","3","unassigned","unassigned.22","false","k__Fungi","k__Fungi | unassigned | unassigned | unassigned | unassigned | unassigned.22","57.0625","0","32","unassigned","0","unassigned","0.9934248141795311","false","0","k__Fungi | unassigned | unassigned | unassigned | unassigned | unassigned.22","6318","0.11937761506276151"
"2.45","4.680880209383265E-4","unassigned","0.4081632653061224","0.21937321937321938","27","4","unassigned","unassigned.46","false","k__Fungi","k__Fungi | unassigned | unassigned | unassigned | unassigned | unassigned.46","48.370370370370374","0","27","unassigned","0","unassigned","0.9937229437229438","false","0","k__Fungi | unassigned | unassigned | unassigned | unassigned | unassigned.46","13852","0.08693045563549161"
"2.049056603773585","0.0021938126848150825","c__Dothideomycetes","0.4880294659300184","0.25664556962025314","80","3","f__Periconiaceae","g__Periconia.1","false","k__Fungi","k__Fungi | p__Ascomycota | c__Dothideomycetes | Pleosporales | f__Periconiaceae | g__Periconia.1","81.35","0","80","Pleosporales","0","p__Ascomycota","0.9954586294208936","false","0","k__Fungi | p__Ascomycota | c__Dothideomycetes | Pleosporales | f__Periconiaceae | g__Periconia.1","129148","0.08766163793103449"
"2.3264150943396227","9.262175813955245E-4","c__Sordariomycetes","0.42984590429845904","0.32424877707896577","54","3","f__Microdochiaceae","g__Idriella.1","false","k__Fungi","k__Fungi | p__Ascomycota | c__Sordariomycetes | Xylariales | f__Microdochiaceae | g__Idriella.1","62.092592592592595","0","54","Xylariales","0","p__Ascomycota","0.9942579433145472","false","0","k__Fungi | p__Ascomycota | c__Sordariomycetes | Xylariales | f__Microdochiaceae | g__Idriella.1","35660","0.0940796857463524"
"2.361320754716981","6.10791349794918E-4","c__Sordariomycetes","0.42349180982820617","0.27353266888150607","43","3","f__Lasiosphaeriaceae","g__Schizothecium.3","false","k__Fungi","k__Fungi | p__Ascomycota | c__Sordariomycetes | Sordariales | f__Lasiosphaeriaceae | g__Schizothecium.3","55.58139534883721","0","43","Sordariales","0","p__Ascomycota","0.9941068365596667","false","0","k__Fungi | p__Ascomycota | c__Sordariomycetes | Sordariales | f__Lasiosphaeriaceae | g__Schizothecium.3","24886","0.08766781600762967"
"2.4462264150943396","2.9601320698091393E-4","c__Sordariomycetes","0.40879290397223295","0.3084677419354839","32","3","unassigned","unassigned.1","false","k__Fungi","k__Fungi | p__Ascomycota | c__Sordariomycetes | Sordariales | unassigned | unassigned.1","61.625","0","32","Sordariales","0","p__Ascomycota","0.9937392795883362","false","0","k__Fungi | p__Ascomycota | c__Sordariomycetes | Sordariales | unassigned | unassigned.1","15634","0.11103603603603604"
"2.621698113207547","8.374375789486647E-5","c__Sordariomycetes","0.38143216984526807","0.4502923976608187","19","4","f__Hypocreaceae","g__Trichoderma.1","false","k__Fungi","k__Fungi | p__Ascomycota | c__Sordariomycetes | Hypocreales | f__Hypocreaceae | g__Trichoderma.1","55.36842105263158","0","19","Hypocreales","0","p__Ascomycota","0.9929796618475863","false","0","k__Fungi | p__Ascomycota | c__Sordariomycetes | Hypocreales | f__Hypocreaceae | g__Trichoderma.1","3284","0.14504765851636967"
"2.2160377358490564","4.4096588427167165E-4","c__Leotiomycetes","0.45125585355470416","0.31802721088435376","49","3","f__Leotiomycetes_fam_Incertae_sedis","g__Leotiomycetes_gen_Incertae_sedis","false","k__Fungi","k__Fungi | p__Ascomycota | c__Leotiomycetes | Leotiomycetes_ord_Incertae_sedis | f__Leotiomycetes_fam_Incertae_sedis | g__Leotiomycetes_gen_Incertae_sedis","90.18367346938776","0","49","Leotiomycetes_ord_Incertae_sedis","0","p__Ascomycota","0.9947357673772768","false","0","k__Fungi | p__Ascomycota | c__Leotiomycetes | Leotiomycetes_ord_Incertae_sedis | f__Leotiomycetes_fam_Incertae_sedis | g__Leotiomycetes_gen_Incertae_sedis","27416","0.11532439062581554"
"2.560377358490566","9.63911890089616E-5","unassigned","0.39056742815033163","0.27205882352941174","17","3","unassigned","unassigned.26","false","k__Fungi","k__Fungi | unassigned | unassigned | unassigned | unassigned | unassigned.26","58.05882352941177","0","17","unassigned","0","unassigned","0.993245119660214","false","0","k__Fungi | unassigned | unassigned | unassigned | unassigned | unassigned.26","4236","0.12930695663566094"
"2.5283018867924527","1.8182028197274457E-4","c__Dothideomycetes","0.3955223880597015","0.29846153846153844","26","4","f__Pleosporales_fam_Incertae_sedis","g__Pleosporales_gen_Incertae_sedis.12","false","k__Fungi","k__Fungi | p__Ascomycota | c__Dothideomycetes | Pleosporales | f__Pleosporales_fam_Incertae_sedis | g__Pleosporales_gen_Incertae_sedis.12","59.53846153846154","0","26","Pleosporales","0","p__Ascomycota","0.99338397451605","false","0","k__Fungi | p__Ascomycota | c__Dothideomycetes | Pleosporales | f__Pleosporales_fam_Incertae_sedis | g__Pleosporales_gen_Incertae_sedis.12","6344","0.12552742616033755"
"2.5330188679245285","2.1021154038157827E-4","c__Dothideomycetes","0.39478584729981375","0.24074074074074073","28","4","f__Sporormiaceae","g__Preussia.1","false","k__Fungi","k__Fungi | p__Ascomycota | c__Dothideomycetes | Pleosporales | f__Sporormiaceae | g__Preussia.1","51.82142857142857","0","28","Pleosporales","0","p__Ascomycota","0.9933635546843094","false","0","k__Fungi | p__Ascomycota | c__Dothideomycetes | Pleosporales | f__Sporormiaceae | g__Preussia.1","6820","0.11072954822954822"
"2.1462264150943398","9.252251512136599E-4","c__Dothideomycetes","0.4659340659340659","0.29945553539019965","58","3","f__Torulaceae","g__Cylindrotorula","false","k__Fungi","k__Fungi | p__Ascomycota | c__Dothideomycetes | Pleosporales | f__Torulaceae | g__Cylindrotorula","90.34482758620689","0","58","Pleosporales","0","p__Ascomycota","0.9950379808870375","false","0","k__Fungi | p__Ascomycota | c__Dothideomycetes | Pleosporales | f__Torulaceae | g__Cylindrotorula","58288","0.10666449537922892"
"2.2726415094339623","8.535385435718034E-4","c__Leotiomycetes","0.44001660440016604","0.27253668763102723","54","3","f__Erysiphaceae","g__Golovinomyces","false","k__Fungi","k__Fungi | p__Ascomycota | c__Leotiomycetes | Erysiphales | f__Erysiphaceae | g__Golovinomyces","71.38888888888889","0","54","Erysiphales","0","p__Ascomycota","0.9944907293963898","false","0","k__Fungi | p__Ascomycota | c__Leotiomycetes | Erysiphales | f__Erysiphaceae | g__Golovinomyces","37562","0.09956609328994266"
"2.318867924528302","6.487849069802205E-4","unassigned","0.4312449145646867","0.2505050505050505","45","3","unassigned","unassigned.94","false","k__Fungi","k__Fungi | unassigned | unassigned | unassigned | unassigned | unassigned.94","60.75555555555555","0","45","unassigned","0","unassigned","0.9942906150453321","false","0","k__Fungi | unassigned | unassigned | unassigned | unassigned | unassigned.94","24648","0.08974232726079107"
"2.460377358490566","9.057220571478417E-5","c__Dothideomycetes","0.4064417177914111","0.4025974025974026","22","3","unassigned","unassigned.4","false","k__Fungi","k__Fungi | p__Ascomycota | c__Dothideomycetes | Pleosporales | unassigned | unassigned.4","77.9090909090909","0","22","Pleosporales","0","p__Ascomycota","0.9936780200931143","false","0","k__Fungi | p__Ascomycota | c__Dothideomycetes | Pleosporales | unassigned | unassigned.4","4906","0.14165289256198346"
"2.2358490566037736","0.0015016197204023088","c__Dothideomycetes","0.4472573839662447","0.2305194805194805","56","3","f__Tubeufiaceae","g__Tubeufiaceae_gen_Incertae_sedis.3","false","k__Fungi","k__Fungi | p__Ascomycota | c__Dothideomycetes | Tubeufiales | f__Tubeufiaceae | g__Tubeufiaceae_gen_Incertae_sedis.3","74.96428571428571","0","56","Tubeufiales","0","p__Ascomycota","0.9946500040839664","false","0","k__Fungi | p__Ascomycota | c__Dothideomycetes | Tubeufiales | f__Tubeufiaceae | g__Tubeufiaceae_gen_Incertae_sedis.3","70332","0.09942212959454338"
"2.413207547169811","7.50842780538994E-4","c__Dothideomycetes","0.41438623924941365","0.31547619047619047","49","3","f__Sympoventuriaceae","g__Scolecobasidium.1","false","k__Fungi","k__Fungi | p__Ascomycota | c__Dothideomycetes | Venturiales | f__Sympoventuriaceae | g__Scolecobasidium.1","60.53061224489796","0","49","Venturiales","0","p__Ascomycota","0.9938822184105204","false","0","k__Fungi | p__Ascomycota | c__Dothideomycetes | Venturiales | f__Sympoventuriaceae | g__Scolecobasidium.1","24752","0.10563806674502262"
"2.218867924528302","0.0013395513146751698","c__Eurotiomycetes","0.45068027210884354","0.3257243195785777","68","3","f__Chaetothyriales_fam_Incertae_sedis","g__Chaetothyriales_gen_Incertae_sedis.33","false","k__Fungi","k__Fungi | p__Ascomycota | c__Eurotiomycetes | Chaetothyriales | f__Chaetothyriales_fam_Incertae_sedis | g__Chaetothyriales_gen_Incertae_sedis.33","74.79411764705883","0","68","Chaetothyriales","0","p__Ascomycota","0.9947235154782325","false","0","k__Fungi | p__Ascomycota | c__Eurotiomycetes | Chaetothyriales | f__Chaetothyriales_fam_Incertae_sedis | g__Chaetothyriales_gen_Incertae_sedis.33","66120","0.09841331269349846"
"2.230188679245283","9.104129203240706E-4","unassigned","0.44839255499153974","0.35337650323774283","47","3","unassigned","unassigned.122","false","k__Fungi","k__Fungi | unassigned | unassigned | unassigned | unassigned | unassigned.122","72.04255319148936","0","47","unassigned","0","unassigned","0.994674507882055","false","0","k__Fungi | unassigned | unassigned | unassigned | unassigned | unassigned.122","43430","0.09368342417618902"
"2.450943396226415","2.4399794639972655E-4","c__Eurotiomycetes","0.40800615858352585","0.35080645161290325","32","3","f__Cyphellophoraceae","g__Cyphellophora.3","false","k__Fungi","k__Fungi | p__Ascomycota | c__Eurotiomycetes | Chaetothyriales | f__Cyphellophoraceae | g__Cyphellophora.3","58.625","0","32","Chaetothyriales","0","p__Ascomycota","0.9937188597565956","false","0","k__Fungi | p__Ascomycota | c__Eurotiomycetes | Chaetothyriales | f__Cyphellophoraceae | g__Cyphellophora.3","8280","0.1065909090909091"
"2.311320754716981","4.559392464128721E-4","c__Sordariomycetes","0.43265306122448977","0.31939605110336816","42","3","f__Chaetosphaeriaceae","g__Chloridium","false","k__Fungi","k__Fungi | p__Ascomycota | c__Sordariomycetes | Chaetosphaeriales | f__Chaetosphaeriaceae | g__Chloridium","66.23809523809524","0","42","Chaetosphaeriales","0","p__Ascomycota","0.994323286776117","false","0","k__Fungi | p__Ascomycota | c__Sordariomycetes | Chaetosphaeriales | f__Chaetosphaeriaceae | g__Chloridium","21852","0.09627630121816168"
"2.0858490566037737","0.0025784116654484933","c__Eurotiomycetes","0.4794210764360018","0.29010989010989013","91","3","f__Penicillaginaceae","g__Penicillago.1","false","k__Fungi","k__Fungi | p__Ascomycota | c__Eurotiomycetes | Eurotiales | f__Penicillaginaceae | g__Penicillago.1","75.10989010989012","0","91","Eurotiales","0","p__Ascomycota","0.995299354733317","false","0","k__Fungi | p__Ascomycota | c__Eurotiomycetes | Eurotiales | f__Penicillaginaceae | g__Penicillago.1","130124","0.08554657187914591"
"2.220754716981132","9.426373204728092E-4","unassigned","0.45029736618521665","0.3550429669832655","67","3","unassigned","unassigned.99","false","k__Fungi","k__Fungi | p__Ascomycota | unassigned | unassigned | unassigned | unassigned.99","66.58208955223881","0","67","unassigned","0","p__Ascomycota","0.9947153475455363","false","0","k__Fungi | p__Ascomycota | unassigned | unassigned | unassigned | unassigned.99","44190","0.08772343814524217"
"2.438679245283019","4.511118993645032E-4","c__Rhizophlyctidomycetes","0.41005802707930367","0.36984352773826457","38","3","f__Rhizophlyctidaceae","g__Rhizophlyctis.10","false","k__Fungi","k__Fungi | p__Chytridiomycota | c__Rhizophlyctidomycetes | Rhizophlyctidales | f__Rhizophlyctidaceae | g__Rhizophlyctis.10","61.55263157894737","0","38","Rhizophlyctidales","0","p__Chytridiomycota","0.9937719513191211","false","0","k__Fungi | p__Chytridiomycota | c__Rhizophlyctidomycetes | Rhizophlyctidales | f__Rhizophlyctidaceae | g__Rhizophlyctis.10","16560","0.11050741755645847"
"2.3339622641509434","5.969030109623053E-4","c__GS37","0.4284559417946645","0.36949278045168454","74","3","f__GS37_fam_Incertae_sedis","g__GS37_gen_Incertae_sedis","false","k__Fungi","k__Fungi | p__Ascomycota | c__GS37 | GS37_ord_Incertae_sedis | f__GS37_fam_Incertae_sedis | g__GS37_gen_Incertae_sedis","69.45945945945945","0","74","GS37_ord_Incertae_sedis","0","p__Ascomycota","0.9942252715837621","false","0","k__Fungi | p__Ascomycota | c__GS37 | GS37_ord_Incertae_sedis | f__GS37_fam_Incertae_sedis | g__GS37_gen_Incertae_sedis","27812","0.10990420800547383"
"2.358490566037736","6.275140510768075E-4","c__Leotiomycetes","0.424","0.3880597014925373","67","3","f__Hyaloscyphaceae","g__Cistella.2","false","k__Fungi","k__Fungi | p__Ascomycota | c__Leotiomycetes | Helotiales | f__Hyaloscyphaceae | g__Cistella.2","63.83582089552239","0","67","Helotiales","0","p__Ascomycota","0.9941190884587111","false","0","k__Fungi | p__Ascomycota | c__Leotiomycetes | Helotiales | f__Hyaloscyphaceae | g__Cistella.2","29502","0.10413673881814418"
"2.276415094339623","5.243129704054502E-4","c__Sordariomycetes","0.4392871943638624","0.26666666666666666","46","3","f__Hypocreales_fam_Incertae_sedis","g__Hypocreales_gen_Incertae_sedis.12","false","k__Fungi","k__Fungi | p__Ascomycota | c__Sordariomycetes | Hypocreales | f__Hypocreales_fam_Incertae_sedis | g__Hypocreales_gen_Incertae_sedis.12","74.23913043478261","0","46","Hypocreales","0","p__Ascomycota","0.9944743935309973","false","0","k__Fungi | p__Ascomycota | c__Sordariomycetes | Hypocreales | f__Hypocreales_fam_Incertae_sedis | g__Hypocreales_gen_Incertae_sedis.12","27196","0.1029668938069107"
"2.1066037735849057","0.0019802465332444015","c__GS14","0.47469771607702643","0.2819672131147541","61","3","f__GS14_fam_Incertae_sedis","g__GS14_gen_Incertae_sedis.1","false","k__Fungi","k__Fungi | p__Chytridiomycota | c__GS14 | GS14_ord_Incertae_sedis | f__GS14_fam_Incertae_sedis | g__GS14_gen_Incertae_sedis.1","67.77049180327869","0","61","GS14_ord_Incertae_sedis","0","p__Chytridiomycota","0.9952095074736584","false","0","k__Fungi | p__Chytridiomycota | c__GS14 | GS14_ord_Incertae_sedis | f__GS14_fam_Incertae_sedis | g__GS14_gen_Incertae_sedis.1","77506","0.0764903970691633"
"2.0839622641509434","0.0022657777928838077","c__Leotiomycetes","0.4798551380715256","0.23809523809523808","57","3","f__Helotiales_fam_Incertae_sedis","g__Helotiales_gen_Incertae_sedis.27","false","k__Fungi","k__Fungi | p__Ascomycota | c__Leotiomycetes | Helotiales | f__Helotiales_fam_Incertae_sedis | g__Helotiales_gen_Incertae_sedis.27","77.75438596491227","0","57","Helotiales","0","p__Ascomycota","0.9953075226660132","false","0","k__Fungi | p__Ascomycota | c__Leotiomycetes | Helotiales | f__Helotiales_fam_Incertae_sedis | g__Helotiales_gen_Incertae_sedis.27","100394","0.08507044416292373"
"2.309433962264151","4.7491442088852374E-4","c__Microbotryomycetes","0.43300653594771243","0.48148148148148145","54","3","f__Leucosporidiaceae","g__Leucosporidium.2","false","k__Fungi","k__Fungi | p__Basidiomycota | c__Microbotryomycetes | Leucosporidiales | f__Leucosporidiaceae | g__Leucosporidium.2","71.79629629629629","0","54","Leucosporidiales","0","p__Basidiomycota","0.9943314547088132","false","0","k__Fungi | p__Basidiomycota | c__Microbotryomycetes | Leucosporidiales | f__Leucosporidiaceae | g__Leucosporidium.2","24994","0.10589424232492078"
"2.2254716981132074","0.001421854103194307","c__Fungi_cls_Incertae_sedis","0.4493429419245443","0.36094276094276095","55","3","f__Fungi_fam_Incertae_sedis","g__Fungi_gen_Incertae_sedis.109","false","k__Fungi","k__Fungi | p__Fungi_phy_Incertae_sedis | c__Fungi_cls_Incertae_sedis | Fungi_ord_Incertae_sedis | f__Fungi_fam_Incertae_sedis | g__Fungi_gen_Incertae_sedis.109","76.63636363636364","0","55","Fungi_ord_Incertae_sedis","0","p__Fungi_phy_Incertae_sedis","0.9946949277137956","false","0","k__Fungi | p__Fungi_phy_Incertae_sedis | c__Fungi_cls_Incertae_sedis | Fungi_ord_Incertae_sedis | f__Fungi_fam_Incertae_sedis | g__Fungi_gen_Incertae_sedis.109","66434","0.1000474721101353"
"2.3028301886792453","9.824396974311411E-4","unassigned","0.4342482589102827","0.3129445234708393","38","3","unassigned","unassigned.125","false","k__Fungi","k__Fungi | unassigned | unassigned | unassigned | unassigned | unassigned.125","79.63157894736842","0","38","unassigned","0","unassigned","0.9943600424732499","false","0","k__Fungi | unassigned | unassigned | unassigned | unassigned | unassigned.125","37618","0.11359711690066822"
"2.3471698113207546","0.0012355846971052898","unassigned","0.42604501607717044","0.2873303167420814","52","3","unassigned","unassigned.83","false","k__Fungi","k__Fungi | p__Ascomycota | unassigned | unassigned | unassigned | unassigned.83","66.9423076923077","0","52","unassigned","0","p__Ascomycota","0.9941680960548885","false","0","k__Fungi | p__Ascomycota | unassigned | unassigned | unassigned | unassigned.83","42984","0.10459735576923077"
"2.499056603773585","4.273555650997978E-4","unassigned","0.40015100037750095","0.3168627450980392","51","3","unassigned","unassigned.121","false","k__Fungi","k__Fungi | unassigned | unassigned | unassigned | unassigned | unassigned.121","61.549019607843135","0","51","unassigned","0","unassigned","0.9935105774728415","false","0","k__Fungi | unassigned | unassigned | unassigned | unassigned | unassigned.121","13732","0.12822712418300652"
"2.068867924528302","0.002192152516619679","c__Orbiliomycetes","0.4833561331509348","0.3225877192982456","96","3","f__Orbiliales_fam_Incertae_sedis","g__Orbiliales_gen_Incertae_sedis.4","false","k__Fungi","k__Fungi | p__Ascomycota | c__Orbiliomycetes | Orbiliales | f__Orbiliales_fam_Incertae_sedis | g__Orbiliales_gen_Incertae_sedis.4","91.16666666666667","0","96","Orbiliales","0","p__Ascomycota","0.9953728661275831","false","0","k__Fungi | p__Ascomycota | c__Orbiliomycetes | Orbiliales | f__Orbiliales_fam_Incertae_sedis | g__Orbiliales_gen_Incertae_sedis.4","128062","0.1023194912083801"
"2.1141509433962264","8.665614819628377E-4","c__Sordariomycetes","0.47300312360553326","0.4209124209124209","78","3","f__Cordycipitaceae","unassigned","false","k__Fungi","k__Fungi | p__Ascomycota | c__Sordariomycetes | Hypocreales | f__Cordycipitaceae | unassigned","91.87179487179488","0","78","Hypocreales","0","p__Ascomycota","0.9951768357428735","false","0","k__Fungi | p__Ascomycota | c__Sordariomycetes | Hypocreales | f__Cordycipitaceae | unassigned","60012","0.10670359450847255"
"2.2424528301886792","9.743156984888261E-4","unassigned","0.44594026083298277","0.292090395480226","60","3","unassigned","unassigned.102","false","k__Fungi","k__Fungi | unassigned | unassigned | unassigned | unassigned | unassigned.102","73.58333333333333","0","60","unassigned","0","unassigned","0.9946214163195295","false","0","k__Fungi | unassigned | unassigned | unassigned | unassigned | unassigned.102","48178","0.09903544190219829"
"2.4367924528301885","2.914114337255683E-4","c__Sordariomycetes","0.4103755323267519","0.401010101010101","45","3","f__Annulatascaceae","g__Dictyosporella.3","false","k__Fungi","k__Fungi | p__Ascomycota | c__Sordariomycetes | Annulatascales | f__Annulatascaceae | g__Dictyosporella.3","65.31111111111112","0","45","Annulatascales","0","p__Ascomycota","0.9937801192518173","false","0","k__Fungi | p__Ascomycota | c__Sordariomycetes | Annulatascales | f__Annulatascaceae | g__Dictyosporella.3","12696","0.11831723027375202"
"2.2443396226415095","8.249685943847742E-4","unassigned","0.44556536359815047","0.3802612481857765","53","3","unassigned","unassigned.150","false","k__Fungi","k__Fungi | unassigned | unassigned | unassigned | unassigned | unassigned.150","91.79245283018868","0","53","unassigned","0","unassigned","0.9946132483868333","false","0","k__Fungi | unassigned | unassigned | unassigned | unassigned | unassigned.150","39104","0.12271718292805973"
"2.0660377358490565","0.0010369505910752482","unassigned","0.4840182648401827","0.4089581304771178","79","3","unassigned","unassigned.169","false","k__Fungi","k__Fungi | unassigned | unassigned | unassigned | unassigned | unassigned.169","92.29113924050633","0","79","unassigned","0","unassigned","0.9953851180266274","false","0","k__Fungi | unassigned | unassigned | unassigned | unassigned | unassigned.169","72300","0.10130750739901902"
"2.5226415094339623","2.277643330873435E-4","c__Sordariomycetes","0.39640987284966345","0.2736842105263158","20","3","f__Plectosphaerellaceae","g__Lectera","false","k__Fungi","k__Fungi | p__Ascomycota | c__Sordariomycetes | Glomerellales | f__Plectosphaerellaceae | g__Lectera","52.6","0","20","Glomerellales","0","p__Ascomycota","0.9934084783141387","false","0","k__Fungi | p__Ascomycota | c__Sordariomycetes | Glomerellales | f__Plectosphaerellaceae | g__Lectera","6728","0.10835051546391752"
"2.2566037735849056","6.356675927663409E-4","c__Sordariomycetes","0.44314381270903014","0.242914979757085","39","3","f__Hypocreales_fam_Incertae_sedis","g__Myxocephala","false","k__Fungi","k__Fungi | p__Ascomycota | c__Sordariomycetes | Hypocreales | f__Hypocreales_fam_Incertae_sedis | g__Myxocephala","69.61538461538461","0","39","Hypocreales","0","p__Ascomycota","0.9945601568243078","false","0","k__Fungi | p__Ascomycota | c__Sordariomycetes | Hypocreales | f__Hypocreales_fam_Incertae_sedis | g__Myxocephala","30484","0.09294443873883126"
"2.4660377358490564","2.3901003575736327E-4","unassigned","0.4055087987758225","0.34623655913978496","31","3","unassigned","unassigned.59","false","k__Fungi","k__Fungi | p__Ascomycota | unassigned | unassigned | unassigned | unassigned.59","64.70967741935483","0","31","unassigned","0","p__Ascomycota","0.9936535162950257","false","0","k__Fungi | p__Ascomycota | unassigned | unassigned | unassigned | unassigned.59","10430","0.12095266807356045"
"2.341509433962264","2.1288036985466413E-4","unassigned","0.42707493956486703","0.32105263157894737","20","3","unassigned","unassigned.62","false","k__Fungi","k__Fungi | unassigned | unassigned | unassigned | unassigned | unassigned.62","77.25","0","20","unassigned","0","unassigned","0.9941925998529771","false","0","k__Fungi | unassigned | unassigned | unassigned | unassigned | unassigned.62","9988","0.11393805309734513"
"2.116981132075472","6.322217405828978E-4","c__Tremellomycetes","0.47237076648841353","0.37082728592162556","53","3","f__Bulleribasidiaceae","g__Vishniacozyma.2","false","k__Fungi","k__Fungi | p__Basidiomycota | c__Tremellomycetes | Tremellales | f__Bulleribasidiaceae | g__Vishniacozyma.2","112.45283018867924","0","53","Tremellales","0","p__Basidiomycota","0.9951645838438291","false","0","k__Fungi | p__Basidiomycota | c__Tremellomycetes | Tremellales | f__Bulleribasidiaceae | g__Vishniacozyma.2","39432","0.12735314857155067"
"2.519811320754717","2.7895467085638323E-4","unassigned","0.39685511044552607","0.36174242424242425","33","3","unassigned","unassigned.105","false","k__Fungi","k__Fungi | p__Ascomycota | unassigned | unassigned | unassigned | unassigned.105","56.81818181818182","0","33","unassigned","0","p__Ascomycota","0.9934207302131831","false","0","k__Fungi | p__Ascomycota | unassigned | unassigned | unassigned | unassigned.105","8792","0.1193659281894576"
"2.266981132075472","9.795172788054887E-4","c__Tremellomycetes","0.44111527257594674","0.3056497175141243","60","3","f__Bulleribasidiaceae","g__Vishniacozyma.11","false","k__Fungi","k__Fungi | p__Basidiomycota | c__Tremellomycetes | Tremellales | f__Bulleribasidiaceae | g__Vishniacozyma.11","67.1","0","60","Tremellales","0","p__Basidiomycota","0.9945152331944784","false","0","k__Fungi | p__Basidiomycota | c__Tremellomycetes | Tremellales | f__Bulleribasidiaceae | g__Vishniacozyma.11","40846","0.09358437935843794"
"2.2047169811320755","0.0015390156804080447","c__Spizellomycetes","0.4535729567821994","0.27601809954751133","52","3","f__Powellomycetaceae","g__Powellomycetaceae_gen_Incertae_sedis.2","false","k__Fungi","k__Fungi | p__Chytridiomycota | c__Spizellomycetes | Spizellomycetales | f__Powellomycetaceae | g__Powellomycetaceae_gen_Incertae_sedis.2","71.23076923076923","0","52","Spizellomycetales","0","p__Chytridiomycota","0.9947847749734543","false","0","k__Fungi | p__Chytridiomycota | c__Spizellomycetes | Spizellomycetales | f__Powellomycetaceae | g__Powellomycetaceae_gen_Incertae_sedis.2","64004","0.090051541378975"
"2.2528301886792454","0.0015682162154610473","unassigned","0.44388609715242877","0.23846153846153847","65","3","unassigned","unassigned.148","false","k__Fungi","k__Fungi | unassigned | unassigned | unassigned | unassigned | unassigned.148","66.49230769230769","0","65","unassigned","0","unassigned","0.9945764926897003","false","0","k__Fungi | unassigned | unassigned | unassigned | unassigned | unassigned.148","61244","0.09146122103481114"
"2.079245283018868","0.002832029996160452","c__Fungi_cls_Incertae_sedis","0.48094373865698725","0.25683168316831684","101","3","f__Fungi_fam_Incertae_sedis","g__Fungi_gen_Incertae_sedis.150","false","k__Fungi","k__Fungi | p__Fungi_phy_Incertae_sedis | c__Fungi_cls_Incertae_sedis | Fungi_ord_Incertae_sedis | f__Fungi_fam_Incertae_sedis | g__Fungi_gen_Incertae_sedis.150","77.12871287128714","0","101","Fungi_ord_Incertae_sedis","0","p__Fungi_phy_Incertae_sedis","0.9953279424977538","false","0","k__Fungi | p__Fungi_phy_Incertae_sedis | c__Fungi_cls_Incertae_sedis | Fungi_ord_Incertae_sedis | f__Fungi_fam_Incertae_sedis | g__Fungi_gen_Incertae_sedis.150","140992","0.08814710042432815"
