"AverageShortestPathLength","BetweennessCentrality","Class","ClosenessCentrality","ClusteringCoefficient","Degree","Eccentricity","Family","Genus","IsSingleNode","Kingdom","name","NeighborhoodConnectivity","NumberOfDirectedEdges","NumberOfUndirectedEdges","Order","PartnerOfMultiEdgedNodePairs","Phylum","Radiality","selected","SelfLoops","shared name","Stress","TopologicalCoefficient"
"2.31044776119403","3.5665218532877755E-4","c__Abditibacteria","0.4328165374677002","0.2600806451612903","32","3","f__Abditibacteriaceae","g__Abditibacterium","false","d__Bacteria","d__Bacteria |  p__Abditibacteriota |  c__Abditibacteria | Abditibacteriales |  f__Abditibacteriaceae |  g__Abditibacterium","68.75","0","32","Abditibacteriales","0","p__Abditibacteriota","0.9943757606815706","false","0","d__Bacteria |  p__Abditibacteriota |  c__Abditibacteria | Abditibacteriales |  f__Abditibacteriaceae |  g__Abditibacterium","4328","0.15988372093023256"
"2.208955223880597","4.683443689977337E-4","c__Acidimicrobiia","0.4527027027027027","0.42606516290726815","57","4","f__uncultured","g__uncultured.1","false","d__Bacteria","d__Bacteria |  p__Actinobacteriota |  c__Acidimicrobiia | uncultured |  f__uncultured |  g__uncultured.1","101.47368421052632","0","57","uncultured","0","p__Actinobacteriota","0.9948113509704696","false","0","d__Bacteria |  p__Actinobacteriota |  c__Acidimicrobiia | uncultured |  f__uncultured |  g__uncultured.1","6706","0.214079502553853"
"2.216417910447761","0.001703304764545674","c__Actinobacteria","0.45117845117845123","0.32388663967611336","39","3","f__Geodermatophilaceae","g__Blastococcus.4","false","d__Bacteria","d__Bacteria |  p__Actinobacteriota |  c__Actinobacteria | Frankiales |  f__Geodermatophilaceae |  g__Blastococcus.4","61.92307692307692","0","39","Frankiales","0","p__Actinobacteriota","0.9947793222727563","false","0","d__Bacteria |  p__Actinobacteriota |  c__Actinobacteria | Frankiales |  f__Geodermatophilaceae |  g__Blastococcus.4","16810","0.12741373852484963"
"2.1686567164179102","0.0011237647097878667","c__Actinobacteria","0.4611149346180317","0.4114225277630883","62","3","f__Nocardioidaceae","g__Nocardioides.4","false","d__Bacteria","d__Bacteria |  p__Actinobacteriota |  c__Actinobacteria | Propionibacteriales |  f__Nocardioidaceae |  g__Nocardioides.4","76.53225806451613","0","62","Propionibacteriales","0","p__Actinobacteriota","0.9949843059381206","false","0","d__Bacteria |  p__Actinobacteriota |  c__Actinobacteria | Propionibacteriales |  f__Nocardioidaceae |  g__Nocardioides.4","15214","0.15489094945801227"
"1.8791044776119403","0.005858163974875626","c__Kapabacteria","0.5321683876092137","0.3362745098039216","120","3","f__Kapabacteriales","g__Kapabacteriales","false","d__Bacteria","d__Bacteria |  p__Bacteroidota |  c__Kapabacteria | Kapabacteriales |  f__Kapabacteriales |  g__Kapabacteriales","102.84166666666667","0","120","Kapabacteriales","0","p__Bacteroidota","0.9962270194093907","false","0","d__Bacteria |  p__Bacteroidota |  c__Kapabacteria | Kapabacteriales |  f__Kapabacteriales |  g__Kapabacteriales","85936","0.16298203909138934"
"2.1283582089552238","0.001339651617292889",,"0.46984572230014027","0.36861167002012074","71","3",,,"false",,"d__Bacteria |  p__Chloroflexi |  c__Chloroflexia | Chloroflexales | 0.744748395 | ","76.38028169014085","0","71",,"0",,"0.9951572609057715","false","0","d__Bacteria |  p__Chloroflexi |  c__Chloroflexia | Chloroflexales | 0.744748395 | ","18702","0.14888943799247728"
"2.0432835820895523","0.0019210350200949916","c__TK10","0.48940832724616506","0.4970322580645161","125","3","f__TK10","g__TK10.23","false","d__Bacteria","d__Bacteria |  p__Chloroflexi |  c__TK10 | TK10 |  f__TK10 |  g__TK10.23","114.088","0","125","TK10","0","p__Chloroflexi","0.9955223880597015","false","0","d__Bacteria |  p__Chloroflexi |  c__TK10 | TK10 |  f__TK10 |  g__TK10.23","31326","0.22110077519379845"
"2.1462686567164178","0.0016261828076078874","c__TK10","0.46592489568845624","0.43333333333333335","61","3","f__TK10","g__TK10.28","false","d__Bacteria","d__Bacteria |  p__Chloroflexi |  c__TK10 | TK10 |  f__TK10 |  g__TK10.28","73.93442622950819","0","61","TK10","0","p__Chloroflexi","0.99508039203126","false","0","d__Bacteria |  p__Chloroflexi |  c__TK10 | TK10 |  f__TK10 |  g__TK10.28","22022","0.14468576561547591"
"2.217910447761194","5.586080644624573E-4","c__Alphaproteobacteria","0.45087483176312243","0.3893719806763285","46","3","f__Caulobacteraceae","g__Brevundimonas.2","false","d__Bacteria","d__Bacteria |  p__Proteobacteria |  c__Alphaproteobacteria | Caulobacterales |  f__Caulobacteraceae |  g__Brevundimonas.2","67.1086956521739","0","46","Caulobacterales","0","p__Proteobacteria","0.9947729165332138","false","0","d__Bacteria |  p__Proteobacteria |  c__Alphaproteobacteria | Caulobacterales |  f__Caulobacteraceae |  g__Brevundimonas.2","8078","0.14039476077860652"
"2.273134328358209","3.417517636122663E-4","c__Alphaproteobacteria","0.4399212081418254","0.31048387096774194","32","4","f__Caulobacteraceae","g__Caulobacter","false","d__Bacteria","d__Bacteria |  p__Proteobacteria |  c__Alphaproteobacteria | Caulobacterales |  f__Caulobacteraceae |  g__Caulobacter","65.75","0","32","Caulobacterales","0","p__Proteobacteria","0.9945359041701365","false","0","d__Bacteria |  p__Proteobacteria |  c__Alphaproteobacteria | Caulobacterales |  f__Caulobacteraceae |  g__Caulobacter","4314","0.14418859649122806"
"2.0492537313432835","0.0022174388370957542","c__Alphaproteobacteria","0.4879825200291333","0.355464759959142","89","3","f__Beijerinckiaceae","g__Bosea","false","d__Bacteria","d__Bacteria |  p__Proteobacteria |  c__Alphaproteobacteria | Rhizobiales |  f__Beijerinckiaceae |  g__Bosea","81.08988764044943","0","89","Rhizobiales","0","p__Proteobacteria","0.9954967651015311","false","0","d__Bacteria |  p__Proteobacteria |  c__Alphaproteobacteria | Rhizobiales |  f__Beijerinckiaceae |  g__Bosea","34546","0.14797424751906832"
"2.2671641791044777","6.448261004412635E-4","c__Alphaproteobacteria","0.4410796576695194","0.32452431289640593","44","4","f__Mitochondria","g__Mitochondria.1","false","d__Bacteria","d__Bacteria |  p__Proteobacteria |  c__Alphaproteobacteria | Rickettsiales |  f__Mitochondria |  g__Mitochondria.1","90.0909090909091","0","44","Rickettsiales","0","p__Proteobacteria","0.994561527128307","false","0","d__Bacteria |  p__Proteobacteria |  c__Alphaproteobacteria | Rickettsiales |  f__Mitochondria |  g__Mitochondria.1","9656","0.20109577922077923"
"2.4402985074626864","2.8502041949187454E-4","c__Alphaproteobacteria","0.40978593272171254","0.35960591133004927","29","4","f__Sphingomonadaceae","g__Polymorphobacter.1","false","d__Bacteria","d__Bacteria |  p__Proteobacteria |  c__Alphaproteobacteria | Sphingomonadales |  f__Sphingomonadaceae |  g__Polymorphobacter.1","50.93103448275862","0","29","Sphingomonadales","0","p__Proteobacteria","0.9938184613413618","false","0","d__Bacteria |  p__Proteobacteria |  c__Alphaproteobacteria | Sphingomonadales |  f__Sphingomonadaceae |  g__Polymorphobacter.1","3128","0.13953708077468116"
"1.8970149253731343","0.004830494375599603","c__Alphaproteobacteria","0.5271439811172305","0.31218310879327826","118","3","f__Sphingomonadaceae","g__Sphingomonas.2","false","d__Bacteria","d__Bacteria |  p__Proteobacteria |  c__Alphaproteobacteria | Sphingomonadales |  f__Sphingomonadaceae |  g__Sphingomonas.2","92.35593220338983","0","118","Sphingomonadales","0","p__Proteobacteria","0.9961501505348793","false","0","d__Bacteria |  p__Proteobacteria |  c__Alphaproteobacteria | Sphingomonadales |  f__Sphingomonadaceae |  g__Sphingomonas.2","70118","0.14872130789595786"
"2.253731343283582","4.944951679429887E-4","c__Alphaproteobacteria","0.44370860927152317","0.39102040816326533","50","3","f__Sphingomonadaceae","g__Sphingomonas.43","false","d__Bacteria","d__Bacteria |  p__Proteobacteria |  c__Alphaproteobacteria | Sphingomonadales |  f__Sphingomonadaceae |  g__Sphingomonas.43","66.04","0","50","Sphingomonadales","0","p__Proteobacteria","0.9946191787841906","false","0","d__Bacteria |  p__Proteobacteria |  c__Alphaproteobacteria | Sphingomonadales |  f__Sphingomonadaceae |  g__Sphingomonas.43","8148","0.14675555555555556"
"2.080597014925373","0.0022690550454470305","c__Alphaproteobacteria","0.4806312769010043","0.3427631578947368","96","3","f__Sphingomonadaceae","0.999077159","false","d__Bacteria","d__Bacteria |  p__Proteobacteria |  c__Alphaproteobacteria | Sphingomonadales |  f__Sphingomonadaceae | 0.999077159","73.60416666666667","0","96","Sphingomonadales","0","p__Proteobacteria","0.9953622445711358","false","0","d__Bacteria |  p__Proteobacteria |  c__Alphaproteobacteria | Sphingomonadales |  f__Sphingomonadaceae | 0.999077159","32956","0.14154647435897436"
"2.1223880597014926","0.001026285537850321","c__Alphaproteobacteria","0.4711673699015471","0.4131455399061033","72","3","f__Sphingomonadaceae","0.999866133","false","d__Bacteria","d__Bacteria |  p__Proteobacteria |  c__Alphaproteobacteria | Sphingomonadales |  f__Sphingomonadaceae | 0.999866133","77.45833333333333","0","72","Sphingomonadales","0","p__Proteobacteria","0.995182883863942","false","0","d__Bacteria |  p__Proteobacteria |  c__Alphaproteobacteria | Sphingomonadales |  f__Sphingomonadaceae | 0.999866133","17666","0.15011304909560724"
"2.029850746268657","0.0014199858101140877","c__Gammaproteobacteria","0.4926470588235294","0.40170307293594965","74","3","f__Xanthomonadaceae","0.99836207","false","d__Bacteria","d__Bacteria |  p__Proteobacteria |  c__Gammaproteobacteria | Xanthomonadales |  f__Xanthomonadaceae | 0.99836207","103.25675675675676","0","74","Xanthomonadales","0","p__Proteobacteria","0.9955800397155852","false","0","d__Bacteria |  p__Proteobacteria |  c__Gammaproteobacteria | Xanthomonadales |  f__Xanthomonadaceae | 0.99836207","23348","0.17926520270270271"
"2.156716417910448","9.718786003871062E-4","c__Abditibacteria","0.46366782006920415","0.3129943502824859","60","3","f__Abditibacteriaceae","g__Abditibacterium.1","false","d__Bacteria","d__Bacteria |  p__Abditibacteriota |  c__Abditibacteria | Abditibacteriales |  f__Abditibacteriaceae |  g__Abditibacterium.1","89.58333333333333","0","60","Abditibacteriales","0","p__Abditibacteriota","0.9950355518544616","false","0","d__Bacteria |  p__Abditibacteriota |  c__Abditibacteria | Abditibacteriales |  f__Abditibacteriaceae |  g__Abditibacterium.1","13670","0.1773927392739274"
"2.065671641791045","0.0016386986496083962","c__Acidobacteriae","0.4841040462427746","0.44224422442244227","102","3","f__Bryobacteraceae","g__Bryobacter.4","false","d__Bacteria","d__Bacteria |  p__Acidobacteriota |  c__Acidobacteriae | Bryobacterales |  f__Bryobacteraceae |  g__Bryobacter.4","111.06862745098039","0","102","Bryobacterales","0","p__Acidobacteriota","0.995426301966562","false","0","d__Bacteria |  p__Acidobacteriota |  c__Acidobacteriae | Bryobacterales |  f__Bryobacteraceae |  g__Bryobacter.4","26888","0.2119630294866038"
"2.126865671641791","6.811075502584028E-4","c__Actinobacteria","0.47017543859649125","0.4254807692307692","65","3","f__Nakamurellaceae","g__Nakamurella","false","d__Bacteria","d__Bacteria |  p__Actinobacteriota |  c__Actinobacteria | Frankiales |  f__Nakamurellaceae |  g__Nakamurella","112.64615384615385","0","65","Frankiales","0","p__Actinobacteriota","0.9951636666453142","false","0","d__Bacteria |  p__Actinobacteriota |  c__Actinobacteria | Frankiales |  f__Nakamurellaceae |  g__Nakamurella","11972","0.21662721893491124"
"1.7656716417910447","0.008442849417127469","c__Actinobacteria","0.5663567202028741","0.3956547737691848","174","3","f__Cellulomonadaceae","g__Cellulomonas","false","d__Bacteria","d__Bacteria |  p__Actinobacteriota |  c__Actinobacteria | Micrococcales |  f__Cellulomonadaceae |  g__Cellulomonas","110.86206896551724","0","174","Micrococcales","0","p__Actinobacteriota","0.9967138556146307","false","0","d__Bacteria |  p__Actinobacteriota |  c__Actinobacteria | Micrococcales |  f__Cellulomonadaceae |  g__Cellulomonas","162270","0.16977345936526378"
"2.2134328358208957","4.836051084695046E-4","c__Actinobacteria","0.4517869184086311","0.41704374057315236","52","3","f__Cellulomonadaceae","g__Cellulomonas.1","false","d__Bacteria","d__Bacteria |  p__Actinobacteriota |  c__Actinobacteria | Micrococcales |  f__Cellulomonadaceae |  g__Cellulomonas.1","100.5","0","52","Micrococcales","0","p__Actinobacteriota","0.9947921337518416","false","0","d__Bacteria |  p__Actinobacteriota |  c__Actinobacteria | Micrococcales |  f__Cellulomonadaceae |  g__Cellulomonas.1","7354","0.21157894736842106"
"2.1253731343283584","0.0017799033282122432","c__Actinobacteria","0.47050561797752805","0.4468533574224631","82","3","f__Microbacteriaceae","g__Agromyces","false","d__Bacteria","d__Bacteria |  p__Actinobacteriota |  c__Actinobacteria | Micrococcales |  f__Microbacteriaceae |  g__Agromyces","106.5609756097561","0","82","Micrococcales","0","p__Actinobacteriota","0.9951700723848569","false","0","d__Bacteria |  p__Actinobacteriota |  c__Actinobacteria | Micrococcales |  f__Microbacteriaceae |  g__Agromyces","23328","0.21182660136740533"
"1.9447761194029851","0.002198629288467333","c__Actinobacteria","0.5141980046047583","0.38222222222222224","100","3","f__Micromonosporaceae","g__Actinoplanes","false","d__Bacteria","d__Bacteria |  p__Actinobacteriota |  c__Actinobacteria | Micromonosporales |  f__Micromonosporaceae |  g__Actinoplanes","106.31","0","100","Micromonosporales","0","p__Actinobacteriota","0.9959451668695152","false","0","d__Bacteria |  p__Actinobacteriota |  c__Actinobacteria | Micromonosporales |  f__Micromonosporaceae |  g__Actinoplanes","41032","0.17514003294892916"
"2.226865671641791","0.0012309897554161216","c__Actinobacteria","0.4490616621983914","0.28733997155049784","38","3","f__Micromonosporaceae","0.99963784","false","d__Bacteria","d__Bacteria |  p__Actinobacteriota |  c__Actinobacteria | Micromonosporales |  f__Micromonosporaceae | 0.99963784","75.60526315789474","0","38","Micromonosporales","0","p__Actinobacteriota","0.9947344820959579","false","0","d__Bacteria |  p__Actinobacteriota |  c__Actinobacteria | Micromonosporales |  f__Micromonosporaceae | 0.99963784","13772","0.1575109649122807"
"2.1597014925373132","8.32092838638065E-4","c__Actinobacteria","0.4630269523151348","0.4510689551339958","82","3","f__Nocardioidaceae","g__Kribbella","false","d__Bacteria","d__Bacteria |  p__Actinobacteriota |  c__Actinobacteria | Propionibacteriales |  f__Nocardioidaceae |  g__Kribbella","108.02439024390245","0","82","Propionibacteriales","0","p__Actinobacteriota","0.9950227403753763","false","0","d__Bacteria |  p__Actinobacteriota |  c__Actinobacteria | Propionibacteriales |  f__Nocardioidaceae |  g__Kribbella","13004","0.22458293190000508"
"2.1014925373134328","0.001331235927741613","c__Actinobacteria","0.47585227272727276","0.4087665647298675","109","3","f__Nocardioidaceae","g__Marmoricola","false","d__Bacteria","d__Bacteria |  p__Actinobacteriota |  c__Actinobacteria | Propionibacteriales |  f__Nocardioidaceae |  g__Marmoricola","108.13761467889908","0","109","Propionibacteriales","0","p__Actinobacteriota","0.995272564217539","false","0","d__Bacteria |  p__Actinobacteriota |  c__Actinobacteria | Propionibacteriales |  f__Nocardioidaceae |  g__Marmoricola","21410","0.2193460743993896"
"1.7865671641791045","0.011142985460891259","c__Actinobacteria","0.5597326649958229","0.32847682119205296","151","3","f__Nocardioidaceae","g__Nocardioides","false","d__Bacteria","d__Bacteria |  p__Actinobacteriota |  c__Actinobacteria | Propionibacteriales |  f__Nocardioidaceae |  g__Nocardioides","106.27152317880795","0","151","Propionibacteriales","0","p__Actinobacteriota","0.9966241752610339","false","0","d__Bacteria |  p__Actinobacteriota |  c__Actinobacteria | Propionibacteriales |  f__Nocardioidaceae |  g__Nocardioides","179268","0.16053100178067667"
"1.9447761194029851","0.002339049483494557","c__Actinobacteria","0.5141980046047583","0.3972361468635686","122","3","f__Nocardioidaceae","g__Nocardioides.1","false","d__Bacteria","d__Bacteria |  p__Actinobacteriota |  c__Actinobacteria | Propionibacteriales |  f__Nocardioidaceae |  g__Nocardioides.1","109.73770491803279","0","122","Propionibacteriales","0","p__Actinobacteriota","0.9959451668695152","false","0","d__Bacteria |  p__Actinobacteriota |  c__Actinobacteria | Propionibacteriales |  f__Nocardioidaceae |  g__Nocardioides.1","41694","0.18758582037270563"
"1.7895522388059701","0.006758235291381748","c__Actinobacteria","0.5587989991659716","0.35840339316821934","163","3","f__Pseudonocardiaceae","g__Actinomycetospora","false","d__Bacteria","d__Bacteria |  p__Actinobacteriota |  c__Actinobacteria | Pseudonocardiales |  f__Pseudonocardiaceae |  g__Actinomycetospora","106.24539877300613","0","163","Pseudonocardiales","0","p__Actinobacteriota","0.9966113637819486","false","0","d__Bacteria |  p__Actinobacteriota |  c__Actinobacteria | Pseudonocardiales |  f__Pseudonocardiaceae |  g__Actinomycetospora","115838","0.1639589487237749"
"1.837313432835821","0.0045465716922415715","c__Actinobacteria","0.5442729488220959","0.396955237446035","163","3","f__Pseudonocardiaceae","g__Pseudonocardia","false","d__Bacteria","d__Bacteria |  p__Actinobacteriota |  c__Actinobacteria | Pseudonocardiales |  f__Pseudonocardiaceae |  g__Pseudonocardia","110.4478527607362","0","163","Pseudonocardiales","0","p__Actinobacteriota","0.9964063801165844","false","0","d__Bacteria |  p__Actinobacteriota |  c__Actinobacteria | Pseudonocardiales |  f__Pseudonocardiaceae |  g__Pseudonocardia","79932","0.1792984622739224"
"2.0865671641791046","0.0013441795713631229",,"0.4792560801144492","0.4003960396039604","101","3",,,"false",,"d__Bacteria |  p__Actinobacteriota |  c__Thermoleophilia | Solirubrobacterales | 0.996725568 | ","108.86138613861387","0","101",,"0",,"0.9953366216129652","false","0","d__Bacteria |  p__Actinobacteriota |  c__Thermoleophilia | Solirubrobacterales | 0.996725568 | ","23952","0.2130359807017884"
"2.1074626865671644","0.00100435015454977","c__Bacteroidia","0.47450424929178464","0.40335946248600224","95","3","f__Hymenobacteraceae","g__Adhaeribacter.1","false","d__Bacteria","d__Bacteria |  p__Bacteroidota |  c__Bacteroidia | Cytophagales |  f__Hymenobacteraceae |  g__Adhaeribacter.1","101.67368421052632","0","95","Cytophagales","0","p__Bacteroidota","0.9952469412593683","false","0","d__Bacteria |  p__Bacteroidota |  c__Bacteroidia | Cytophagales |  f__Hymenobacteraceae |  g__Adhaeribacter.1","17326","0.2021345610547243"
"2.1761194029850746","5.97320804476465E-4","c__Bacteroidia","0.45953360768175583","0.4","60","3","f__Hymenobacteraceae","g__Adhaeribacter.2","false","d__Bacteria","d__Bacteria |  p__Bacteroidota |  c__Bacteroidia | Cytophagales |  f__Hymenobacteraceae |  g__Adhaeribacter.2","105.65","0","60","Cytophagales","0","p__Bacteroidota","0.9949522772404074","false","0","d__Bacteria |  p__Bacteroidota |  c__Bacteroidia | Cytophagales |  f__Hymenobacteraceae |  g__Adhaeribacter.2","9894","0.21473577235772356"
"2.2686567164179103","6.76999965505697E-4","c__Bacteroidia","0.44078947368421056","0.34285714285714286","35","3","f__Flavobacteriaceae","g__Flavobacterium","false","d__Bacteria","d__Bacteria |  p__Bacteroidota |  c__Bacteroidia | Flavobacteriales |  f__Flavobacteriaceae |  g__Flavobacterium","84.42857142857143","0","35","Flavobacteriales","0","p__Bacteroidota","0.9945551213887642","false","0","d__Bacteria |  p__Bacteroidota |  c__Bacteroidia | Flavobacteriales |  f__Flavobacteriaceae |  g__Flavobacterium","8014","0.18590308370044054"
"2.2865671641791043","1.387960406979341E-4","c__Bacteroidia","0.43733681462140994","0.42592592592592593","28","4","f__Flavobacteriaceae","g__Flavobacterium.7","false","d__Bacteria","d__Bacteria |  p__Bacteroidota |  c__Bacteroidia | Flavobacteriales |  f__Flavobacteriaceae |  g__Flavobacterium.7","90.21428571428571","0","28","Flavobacteriales","0","p__Bacteroidota","0.9944782525142528","false","0","d__Bacteria |  p__Bacteroidota |  c__Bacteroidia | Flavobacteriales |  f__Flavobacteriaceae |  g__Flavobacterium.7","2458","0.20003167564143173"
"2.1343283582089554","0.0012305592684613324","c__Bacteroidia","0.4685314685314685","0.33045977011494254","88","3","f__env.OPS_17","g__env.OPS_17","false","d__Bacteria","d__Bacteria |  p__Bacteroidota |  c__Bacteroidia | Sphingobacteriales |  f__env.OPS_17 |  g__env.OPS_17","96.5909090909091","0","88","Sphingobacteriales","0","p__Bacteroidota","0.9951316379476011","false","0","d__Bacteria |  p__Bacteroidota |  c__Bacteroidia | Sphingobacteriales |  f__env.OPS_17 |  g__env.OPS_17","17006","0.1963229859571323"
"2.273134328358209","2.484111672539351E-4","c__Chloroflexia","0.4399212081418254","0.4608695652173913","46","4","f__Herpetosiphonaceae","g__Herpetosiphon.1","false","d__Bacteria","d__Bacteria |  p__Chloroflexi |  c__Chloroflexia | Chloroflexales |  f__Herpetosiphonaceae |  g__Herpetosiphon.1","99.08695652173913","0","46","Chloroflexales","0","p__Chloroflexi","0.9945359041701365","false","0","d__Bacteria |  p__Chloroflexi |  c__Chloroflexia | Chloroflexales |  f__Herpetosiphonaceae |  g__Herpetosiphon.1","3070","0.22417863466456817"
"2.0582089552238805","0.002362461640295596","c__Chloroflexia","0.48585931834662804","0.3606784354447906","108","3","f__Roseiflexaceae","g__uncultured.3","false","d__Bacteria","d__Bacteria |  p__Chloroflexi |  c__Chloroflexia | Chloroflexales |  f__Roseiflexaceae |  g__uncultured.3","98.10185185185185","0","108","Chloroflexales","0","p__Chloroflexi","0.9954583306642752","false","0","d__Bacteria |  p__Chloroflexi |  c__Chloroflexia | Chloroflexales |  f__Roseiflexaceae |  g__uncultured.3","34686","0.18757524254656185"
"1.8985074626865672","0.003107770496149127","c__TK10","0.5267295597484276","0.42385392385392384","144","3","f__TK10","g__TK10.13","false","d__Bacteria","d__Bacteria |  p__Chloroflexi |  c__TK10 | TK10 |  f__TK10 |  g__TK10.13","111.22222222222223","0","144","TK10","0","p__Chloroflexi","0.9961437447953365","false","0","d__Bacteria |  p__Chloroflexi |  c__TK10 | TK10 |  f__TK10 |  g__TK10.13","58280","0.18724279835390947"
"2.1492537313432836","0.0014139808477815895","c__TK10","0.4652777777777778","0.35758998435054773","72","3","f__TK10","g__TK10.9","false","d__Bacteria","d__Bacteria |  p__Chloroflexi |  c__TK10 | TK10 |  f__TK10 |  g__TK10.9","73.31944444444444","0","72","TK10","0","p__Chloroflexi","0.9950675805521747","false","0","d__Bacteria |  p__Chloroflexi |  c__TK10 | TK10 |  f__TK10 |  g__TK10.9","19224","0.14722780008924588"
"2.226865671641791","8.553312511984844E-4",,"0.4490616621983914","0.39620081411126185","67","3",,,"false",,"d__Bacteria |  p__Chloroflexi | 0.976275408 |  |  | ","71.05970149253731","0","67",,"0",,"0.9947344820959579","false","0","d__Bacteria |  p__Chloroflexi | 0.976275408 |  |  | ","10896","0.1575603137306814"
"1.7776119402985076","0.011458543730504948","c__Alphaproteobacteria","0.5625524769101595","0.32338189634583236","159","3","f__Caulobacteraceae","g__Brevundimonas","false","d__Bacteria","d__Bacteria |  p__Proteobacteria |  c__Alphaproteobacteria | Caulobacterales |  f__Caulobacteraceae |  g__Brevundimonas","104.30188679245283","0","159","Caulobacterales","0","p__Proteobacteria","0.9966626096982897","false","0","d__Bacteria |  p__Proteobacteria |  c__Alphaproteobacteria | Caulobacterales |  f__Caulobacteraceae |  g__Brevundimonas","201640","0.1580331618067467"
"1.8597014925373134","0.011931293381581616","c__Alphaproteobacteria","0.5377207062600321","0.28844916344916344","112","3","f__Devosiaceae","g__Devosia","false","d__Bacteria","d__Bacteria |  p__Proteobacteria |  c__Alphaproteobacteria | Rhizobiales |  f__Devosiaceae |  g__Devosia","79.33928571428571","0","112","Rhizobiales","0","p__Proteobacteria","0.9963102940234451","false","0","d__Bacteria |  p__Proteobacteria |  c__Alphaproteobacteria | Rhizobiales |  f__Devosiaceae |  g__Devosia","155320","0.12168602103418054"
"2.234328358208955","8.552271181529572E-4","c__Alphaproteobacteria","0.44756179024716103","0.2606060606060606","45","3","f__Devosiaceae","g__Devosia.1","false","d__Bacteria","d__Bacteria |  p__Proteobacteria |  c__Alphaproteobacteria | Rhizobiales |  f__Devosiaceae |  g__Devosia.1","75.28888888888889","0","45","Rhizobiales","0","p__Proteobacteria","0.9947024533982448","false","0","d__Bacteria |  p__Proteobacteria |  c__Alphaproteobacteria | Rhizobiales |  f__Devosiaceae |  g__Devosia.1","10372","0.16087369420702755"
"2.1970149253731344","4.685071671389936E-4","c__Alphaproteobacteria","0.45516304347826086","0.3383838383838384","45","3","f__Devosiaceae","g__Devosia.2","false","d__Bacteria","d__Bacteria |  p__Proteobacteria |  c__Alphaproteobacteria | Rhizobiales |  f__Devosiaceae |  g__Devosia.2","85.44444444444444","0","45","Rhizobiales","0","p__Proteobacteria","0.9948625968868106","false","0","d__Bacteria |  p__Proteobacteria |  c__Alphaproteobacteria | Rhizobiales |  f__Devosiaceae |  g__Devosia.2","6400","0.17331530313274734"
"1.808955223880597","0.010605536897922062","c__Alphaproteobacteria","0.5528052805280528","0.3140096618357488","162","3","f__Xanthobacteraceae","g__Bradyrhizobium","false","d__Bacteria","d__Bacteria |  p__Proteobacteria |  c__Alphaproteobacteria | Rhizobiales |  f__Xanthobacteraceae |  g__Bradyrhizobium","94.71604938271605","0","162","Rhizobiales","0","p__Proteobacteria","0.9965280891678945","false","0","d__Bacteria |  p__Proteobacteria |  c__Alphaproteobacteria | Rhizobiales |  f__Xanthobacteraceae |  g__Bradyrhizobium","153266","0.14892460594766674"
"1.8582089552238805","0.0053565205758494125","c__Alphaproteobacteria","0.5381526104417671","0.34690599905526687","146","3","f__Sphingomonadaceae","g__Altererythrobacter","false","d__Bacteria","d__Bacteria |  p__Proteobacteria |  c__Alphaproteobacteria | Sphingomonadales |  f__Sphingomonadaceae |  g__Altererythrobacter","104.94520547945206","0","146","Sphingomonadales","0","p__Proteobacteria","0.9963166997629876","false","0","d__Bacteria |  p__Proteobacteria |  c__Alphaproteobacteria | Sphingomonadales |  f__Sphingomonadaceae |  g__Altererythrobacter","94470","0.16953991192157036"
"2.2791044776119405","3.9769982179937486E-4","c__Alphaproteobacteria","0.4387688277668631","0.36486486486486486","37","3","f__Sphingomonadaceae","g__Altererythrobacter.1","false","d__Bacteria","d__Bacteria |  p__Proteobacteria |  c__Alphaproteobacteria | Sphingomonadales |  f__Sphingomonadaceae |  g__Altererythrobacter.1","67.91891891891892","0","37","Sphingomonadales","0","p__Proteobacteria","0.9945102812119658","false","0","d__Bacteria |  p__Proteobacteria |  c__Alphaproteobacteria | Sphingomonadales |  f__Sphingomonadaceae |  g__Altererythrobacter.1","4890","0.15228457156708278"
"1.8955223880597014","0.0035138014360379015","c__Alphaproteobacteria","0.5275590551181103","0.36769553491159723","142","3","f__Sphingomonadaceae","g__Altererythrobacter.2","false","d__Bacteria","d__Bacteria |  p__Proteobacteria |  c__Alphaproteobacteria | Sphingomonadales |  f__Sphingomonadaceae |  g__Altererythrobacter.2","102.93661971830986","0","142","Sphingomonadales","0","p__Proteobacteria","0.9961565562744219","false","0","d__Bacteria |  p__Proteobacteria |  c__Alphaproteobacteria | Sphingomonadales |  f__Sphingomonadaceae |  g__Altererythrobacter.2","62162","0.17213481558245797"
"2.0686567164179106","0.0013549566197307557","c__Alphaproteobacteria","0.4834054834054834","0.4574428196475441","127","3","f__Sphingomonadaceae","g__Sphingomonas.10","false","d__Bacteria","d__Bacteria |  p__Proteobacteria |  c__Alphaproteobacteria | Sphingomonadales |  f__Sphingomonadaceae |  g__Sphingomonas.10","109.77952755905511","0","127","Sphingomonadales","0","p__Proteobacteria","0.9954134904874768","false","0","d__Bacteria |  p__Proteobacteria |  c__Alphaproteobacteria | Sphingomonadales |  f__Sphingomonadaceae |  g__Sphingomonas.10","23728","0.2208843612858252"
"1.7432835820895523","0.010910315888283579","c__Alphaproteobacteria","0.5736301369863014","0.33758840779713645","187","3","f__Sphingomonadaceae","0.999998382","false","d__Bacteria","d__Bacteria |  p__Proteobacteria |  c__Alphaproteobacteria | Sphingomonadales |  f__Sphingomonadaceae | 0.999998382","105.55614973262033","0","187","Sphingomonadales","0","p__Proteobacteria","0.9968099417077702","false","0","d__Bacteria |  p__Proteobacteria |  c__Alphaproteobacteria | Sphingomonadales |  f__Sphingomonadaceae | 0.999998382","181262","0.16115442707270278"
"2.147761194029851","0.0011546108559474702","c__Gammaproteobacteria","0.4656011118832522","0.3610400682011935","69","3","f__A21b","g__A21b","false","d__Bacteria","d__Bacteria |  p__Proteobacteria |  c__Gammaproteobacteria | Burkholderiales |  f__A21b |  g__A21b","86.40579710144928","0","69","Burkholderiales","0","p__Proteobacteria","0.9950739862917174","false","0","d__Bacteria |  p__Proteobacteria |  c__Gammaproteobacteria | Burkholderiales |  f__A21b |  g__A21b","19392","0.1721231017957157"
"1.7850746268656716","0.031234286493396258","c__Gammaproteobacteria","0.560200668896321","0.21095890410958903","146","3","f__Oxalobacteraceae","g__Massilia","false","d__Bacteria","d__Bacteria |  p__Proteobacteria |  c__Gammaproteobacteria | Burkholderiales |  f__Oxalobacteraceae |  g__Massilia","76.94520547945206","0","146","Burkholderiales","0","p__Proteobacteria","0.9966305810005764","false","0","d__Bacteria |  p__Proteobacteria |  c__Gammaproteobacteria | Burkholderiales |  f__Oxalobacteraceae |  g__Massilia","398500","0.11518743335247314"
"2.208955223880597","5.025711043018181E-4","c__Gammaproteobacteria","0.4527027027027027","0.41988365943945005","62","4","f__Oxalobacteraceae","g__Massilia.3","false","d__Bacteria","d__Bacteria |  p__Proteobacteria |  c__Gammaproteobacteria | Burkholderiales |  f__Oxalobacteraceae |  g__Massilia.3","94.62903225806451","0","62","Burkholderiales","0","p__Proteobacteria","0.9948113509704696","false","0","d__Bacteria |  p__Proteobacteria |  c__Gammaproteobacteria | Burkholderiales |  f__Oxalobacteraceae |  g__Massilia.3","8062","0.20176765939885824"
"2.3223880597014928","4.956375114745133E-4","c__Gammaproteobacteria","0.4305912596401028","0.39206349206349206","36","4","f__Oxalobacteraceae","g__Massilia.4","false","d__Bacteria","d__Bacteria |  p__Proteobacteria |  c__Gammaproteobacteria | Burkholderiales |  f__Oxalobacteraceae |  g__Massilia.4","60.333333333333336","0","36","Burkholderiales","0","p__Proteobacteria","0.9943245147652297","false","0","d__Bacteria |  p__Proteobacteria |  c__Gammaproteobacteria | Burkholderiales |  f__Oxalobacteraceae |  g__Massilia.4","6012","0.14399363564041368"
"2.0014925373134327","0.002486942006455668","c__Gammaproteobacteria","0.49962714392244595","0.40343527440301635","155","3","f__SC-I-84","g__SC-I-84.9","false","d__Bacteria","d__Bacteria |  p__Proteobacteria |  c__Gammaproteobacteria | Burkholderiales |  f__SC-I-84 |  g__SC-I-84.9","110.13548387096775","0","155","Burkholderiales","0","p__Proteobacteria","0.9957017487668952","false","0","d__Bacteria |  p__Proteobacteria |  c__Gammaproteobacteria | Burkholderiales |  f__SC-I-84 |  g__SC-I-84.9","41368","0.21427136939876992"
"2.1134328358208956","0.003696977316539933","c__Gammaproteobacteria","0.4731638418079096","0.2349290780141844","48","3","f__TRA3-20","g__TRA3-20","false","d__Bacteria","d__Bacteria |  p__Proteobacteria |  c__Gammaproteobacteria | Burkholderiales |  f__TRA3-20 |  g__TRA3-20","58.9375","0","48","Burkholderiales","0","p__Proteobacteria","0.9952213183011979","false","0","d__Bacteria |  p__Proteobacteria |  c__Gammaproteobacteria | Burkholderiales |  f__TRA3-20 |  g__TRA3-20","37686","0.1079441391941392"
"2.319402985074627","1.5019776981207894E-4","c__Abditibacteria","0.43114543114543114","0.5735735735735735","37","4","f__Abditibacteriaceae","g__Abditibacterium.2","false","d__Bacteria","d__Bacteria |  p__Abditibacteriota |  c__Abditibacteria | Abditibacteriales |  f__Abditibacteriaceae |  g__Abditibacterium.2","71.86486486486487","0","37","Abditibacteriales","0","p__Abditibacteriota","0.9943373262443149","false","0","d__Bacteria |  p__Abditibacteriota |  c__Abditibacteria | Abditibacteriales |  f__Abditibacteriaceae |  g__Abditibacterium.2","2474","0.1711068211068211"
"2.216417910447761","7.538087853040994E-4","c__Acidimicrobiia","0.45117845117845123","0.3763265306122449","50","3","f__IMCC26256","g__IMCC26256","false","d__Bacteria","d__Bacteria |  p__Actinobacteriota |  c__Acidimicrobiia | IMCC26256 |  f__IMCC26256 |  g__IMCC26256","88.78","0","50","IMCC26256","0","p__Actinobacteriota","0.9947793222727563","false","0","d__Bacteria |  p__Actinobacteriota |  c__Acidimicrobiia | IMCC26256 |  f__IMCC26256 |  g__IMCC26256","10944","0.18690526315789474"
"2.1955223880597017","6.33372662690977E-4","c__Armatimonadia","0.45547246770904143","0.3836065573770492","61","3","f__Armatimonadales","g__Armatimonadales.1","false","d__Bacteria","d__Bacteria |  p__Armatimonadota |  c__Armatimonadia | Armatimonadales |  f__Armatimonadales |  g__Armatimonadales.1","75.24590163934427","0","61","Armatimonadales","0","p__Armatimonadota","0.9948690026263531","false","0","d__Bacteria |  p__Armatimonadota |  c__Armatimonadia | Armatimonadales |  f__Armatimonadales |  g__Armatimonadales.1","9628","0.1574182042664106"
"2.201492537313433","6.627146177209976E-4","c__Bacteroidia","0.4542372881355932","0.44519230769230766","65","4","f__Hymenobacteraceae","g__Adhaeribacter.5","false","d__Bacteria","d__Bacteria |  p__Bacteroidota |  c__Bacteroidia | Cytophagales |  f__Hymenobacteraceae |  g__Adhaeribacter.5","76.8","0","65","Cytophagales","0","p__Bacteroidota","0.9948433796681827","false","0","d__Bacteria |  p__Bacteroidota |  c__Bacteroidia | Cytophagales |  f__Hymenobacteraceae |  g__Adhaeribacter.5","9856","0.16305732484076432"
"2.144776119402985","0.0013188410452188385","c__TK10","0.4662491301322199","0.34278846153846154","65","3","f__TK10","g__TK10.67","false","d__Bacteria","d__Bacteria |  p__Chloroflexi |  c__TK10 | TK10 |  f__TK10 |  g__TK10.67","77.66153846153846","0","65","TK10","0","p__Chloroflexi","0.9950867977708027","false","0","d__Bacteria |  p__Chloroflexi |  c__TK10 | TK10 |  f__TK10 |  g__TK10.67","19746","0.1528770442156269"
"2.262686567164179","2.4266669248249682E-4","c__Longimicrobia","0.4419525065963061","0.564625850340136","49","4","f__Longimicrobiaceae","g__YC-ZSS-LKJ147","false","d__Bacteria","d__Bacteria |  p__Gemmatimonadota |  c__Longimicrobia | Longimicrobiales |  f__Longimicrobiaceae |  g__YC-ZSS-LKJ147","71.34693877551021","0","49","Longimicrobiales","0","p__Gemmatimonadota","0.9945807443469349","false","0","d__Bacteria |  p__Gemmatimonadota |  c__Longimicrobia | Longimicrobiales |  f__Longimicrobiaceae |  g__YC-ZSS-LKJ147","4222","0.15961283842396018"
"1.835820895522388","0.006459676857932966","c__Alphaproteobacteria","0.5447154471544715","0.3564400221116639","135","3","f__Caulobacteraceae","g__Brevundimonas.1","false","d__Bacteria","d__Bacteria |  p__Proteobacteria |  c__Alphaproteobacteria | Caulobacterales |  f__Caulobacteraceae |  g__Brevundimonas.1","103.08148148148148","0","135","Caulobacterales","0","p__Proteobacteria","0.9964127858561271","false","0","d__Bacteria |  p__Proteobacteria |  c__Alphaproteobacteria | Caulobacterales |  f__Caulobacteraceae |  g__Brevundimonas.1","120988","0.15981625035888603"
"2.162686567164179","0.0012651356605190998","c__Alphaproteobacteria","0.46238785369220153","0.3101449275362319","70","3","f__Rhizobiaceae","g__Allorhizobium-Neorhizobium-Pararhizobium-Rhizobium","false","d__Bacteria","d__Bacteria |  p__Proteobacteria |  c__Alphaproteobacteria | Rhizobiales |  f__Rhizobiaceae |  g__Allorhizobium-Neorhizobium-Pararhizobium-Rhizobium","82.58571428571429","0","70","Rhizobiales","0","p__Proteobacteria","0.9950099288962911","false","0","d__Bacteria |  p__Proteobacteria |  c__Alphaproteobacteria | Rhizobiales |  f__Rhizobiaceae |  g__Allorhizobium-Neorhizobium-Pararhizobium-Rhizobium","16866","0.16819901076520222"
"2.156716417910448","0.002066880705279686","c__Alphaproteobacteria","0.46366782006920415","0.32142857142857145","57","3","f__Xanthobacteraceae","0.999999685","false","d__Bacteria","d__Bacteria |  p__Proteobacteria |  c__Alphaproteobacteria | Rhizobiales |  f__Xanthobacteraceae | 0.999999685","65.33333333333333","0","57","Rhizobiales","0","p__Proteobacteria","0.9950355518544616","false","0","d__Bacteria |  p__Proteobacteria |  c__Alphaproteobacteria | Rhizobiales |  f__Xanthobacteraceae | 0.999999685","24320","0.12860892388451445"
"1.837313432835821","0.009944555100283272",,"0.5442729488220959","0.2937853107344633","118","3",,,"false",,"d__Bacteria |  p__Proteobacteria |  c__Alphaproteobacteria | Rhizobiales | 0.994209307 | ","89.51694915254237","0","118",,"0",,"0.9964063801165844","false","0","d__Bacteria |  p__Proteobacteria |  c__Alphaproteobacteria | Rhizobiales | 0.994209307 | ","155624","0.13542654939870252"
"2.2582089552238807","3.813393940748308E-4","c__Alphaproteobacteria","0.4428288169200264","0.4841628959276018","52","3","f__Sphingomonadaceae","g__Altererythrobacter.4","false","d__Bacteria","d__Bacteria |  p__Proteobacteria |  c__Alphaproteobacteria | Sphingomonadales |  f__Sphingomonadaceae |  g__Altererythrobacter.4","66.15384615384616","0","52","Sphingomonadales","0","p__Proteobacteria","0.9945999615655627","false","0","d__Bacteria |  p__Proteobacteria |  c__Alphaproteobacteria | Sphingomonadales |  f__Sphingomonadaceae |  g__Altererythrobacter.4","5632","0.14866032843560933"
"2.2238805970149254","4.950491566701369E-4","c__Alphaproteobacteria","0.44966442953020136","0.4623376623376623","56","4","f__Sphingomonadaceae","g__Sphingoaurantiacus","false","d__Bacteria","d__Bacteria |  p__Proteobacteria |  c__Alphaproteobacteria | Sphingomonadales |  f__Sphingomonadaceae |  g__Sphingoaurantiacus","72.16071428571429","0","56","Sphingomonadales","0","p__Proteobacteria","0.9947472935750432","false","0","d__Bacteria |  p__Proteobacteria |  c__Alphaproteobacteria | Sphingomonadales |  f__Sphingomonadaceae |  g__Sphingoaurantiacus","7672","0.15518433179723504"
"1.81044776119403","0.011008405739355446","c__Alphaproteobacteria","0.5523495465787304","0.3166945306902317","159","3","f__Sphingomonadaceae","g__Sphingomonas.4","false","d__Bacteria","d__Bacteria |  p__Proteobacteria |  c__Alphaproteobacteria | Sphingomonadales |  f__Sphingomonadaceae |  g__Sphingomonas.4","97.58490566037736","0","159","Sphingomonadales","0","p__Proteobacteria","0.9965216834283518","false","0","d__Bacteria |  p__Proteobacteria |  c__Alphaproteobacteria | Sphingomonadales |  f__Sphingomonadaceae |  g__Sphingomonas.4","182496","0.15295439758679838"
"2.080597014925373","0.0018818386293677374","c__Alphaproteobacteria","0.4806312769010043","0.3288515406162465","85","3","f__Sphingomonadaceae","g__Sphingomonas.40","false","d__Bacteria","d__Bacteria |  p__Proteobacteria |  c__Alphaproteobacteria | Sphingomonadales |  f__Sphingomonadaceae |  g__Sphingomonas.40","90.04705882352941","0","85","Sphingomonadales","0","p__Proteobacteria","0.9953622445711358","false","0","d__Bacteria |  p__Proteobacteria |  c__Alphaproteobacteria | Sphingomonadales |  f__Sphingomonadaceae |  g__Sphingomonas.40","27888","0.1695801484435582"
"1.9582089552238806","0.0029097572618952973","c__Alphaproteobacteria","0.510670731707317","0.3445650104702075","103","3","f__Sphingomonadaceae","g__Sphingomonas.5","false","d__Bacteria","d__Bacteria |  p__Proteobacteria |  c__Alphaproteobacteria | Sphingomonadales |  f__Sphingomonadaceae |  g__Sphingomonas.5","88.87378640776699","0","103","Sphingomonadales","0","p__Proteobacteria","0.9958875152136314","false","0","d__Bacteria |  p__Proteobacteria |  c__Alphaproteobacteria | Sphingomonadales |  f__Sphingomonadaceae |  g__Sphingomonas.5","52458","0.14936770824834789"
"2.264179104477612","9.823543752076516E-4","c__Alphaproteobacteria","0.4416611733684905","0.2916666666666667","49","4","f__Sphingomonadaceae","g__Sphingomonas.53","false","d__Bacteria","d__Bacteria |  p__Proteobacteria |  c__Alphaproteobacteria | Sphingomonadales |  f__Sphingomonadaceae |  g__Sphingomonas.53","62.10204081632653","0","49","Sphingomonadales","0","p__Proteobacteria","0.9945743386073922","false","0","d__Bacteria |  p__Proteobacteria |  c__Alphaproteobacteria | Sphingomonadales |  f__Sphingomonadaceae |  g__Sphingomonas.53","12170","0.13955514790185738"
"2.228358208955224","5.927329487319461E-4","c__Alphaproteobacteria","0.44876088412592097","0.41092896174863386","61","3","f__Sphingomonadaceae","g__Sphingorhabdus.2","false","d__Bacteria","d__Bacteria |  p__Proteobacteria |  c__Alphaproteobacteria | Sphingomonadales |  f__Sphingomonadaceae |  g__Sphingorhabdus.2","79.29508196721312","0","61","Sphingomonadales","0","p__Proteobacteria","0.9947280763564154","false","0","d__Bacteria |  p__Proteobacteria |  c__Alphaproteobacteria | Sphingomonadales |  f__Sphingomonadaceae |  g__Sphingorhabdus.2","8168","0.17389272361230945"
"2.1238805970149253","0.0010322431694727839","c__Alphaproteobacteria","0.4708362614195362","0.42402597402597403","56","3","f__Sphingomonadaceae","0.99999934","false","d__Bacteria","d__Bacteria |  p__Proteobacteria |  c__Alphaproteobacteria | Sphingomonadales |  f__Sphingomonadaceae | 0.99999934","77.51785714285714","0","56","Sphingomonadales","0","p__Proteobacteria","0.9951764781243995","false","0","d__Bacteria |  p__Proteobacteria |  c__Alphaproteobacteria | Sphingomonadales |  f__Sphingomonadaceae | 0.99999934","14428","0.14598466505246166"
"2.1940298507462686","9.207311949960368E-4","c__Alphaproteobacteria","0.4557823129251701","0.3538146441372248","63","3","f__Sphingomonadaceae","0.999999534","false","d__Bacteria","d__Bacteria |  p__Proteobacteria |  c__Alphaproteobacteria | Sphingomonadales |  f__Sphingomonadaceae | 0.999999534","75.96825396825396","0","63","Sphingomonadales","0","p__Proteobacteria","0.9948754083658958","false","0","d__Bacteria |  p__Proteobacteria |  c__Alphaproteobacteria | Sphingomonadales |  f__Sphingomonadaceae | 0.999999534","14374","0.1592625869355429"
"2.228358208955224","6.679902915882596E-4","c__Gammaproteobacteria","0.44876088412592097","0.4089795918367347","50","4","f__Oxalobacteraceae","g__Massilia.1","false","d__Bacteria","d__Bacteria |  p__Proteobacteria |  c__Gammaproteobacteria | Burkholderiales |  f__Oxalobacteraceae |  g__Massilia.1","66.12","0","50","Burkholderiales","0","p__Proteobacteria","0.9947280763564154","false","0","d__Bacteria |  p__Proteobacteria |  c__Gammaproteobacteria | Burkholderiales |  f__Oxalobacteraceae |  g__Massilia.1","8854","0.1412820512820513"
"2.283582089552239","3.9542395447648694E-4","c__Abditibacteria","0.4379084967320261","0.38738738738738737","37","3","f__Abditibacteriaceae","g__Abditibacterium.3","false","d__Bacteria","d__Bacteria |  p__Abditibacteriota |  c__Abditibacteria | Abditibacteriales |  f__Abditibacteriaceae |  g__Abditibacterium.3","64.56756756756756","0","37","Abditibacteriales","0","p__Abditibacteriota","0.9944910639933381","false","0","d__Bacteria |  p__Abditibacteriota |  c__Abditibacteria | Abditibacteriales |  f__Abditibacteriaceae |  g__Abditibacterium.3","5130","0.14575071685681165"
"2.264179104477612","5.012343516544517E-4","c__Actinobacteria","0.4416611733684905","0.321353065539112","44","4","f__Kineosporiaceae","g__Quadrisphaera","false","d__Bacteria","d__Bacteria |  p__Actinobacteriota |  c__Actinobacteria | Kineosporiales |  f__Kineosporiaceae |  g__Quadrisphaera","75.68181818181819","0","44","Kineosporiales","0","p__Actinobacteriota","0.9945743386073922","false","0","d__Bacteria |  p__Actinobacteriota |  c__Actinobacteria | Kineosporiales |  f__Kineosporiaceae |  g__Quadrisphaera","7710","0.16818181818181818"
"2.3238805970149254","2.657005083957567E-4","c__Actinobacteria","0.43031470777135516","0.3978494623655914","31","4","f__Nocardioidaceae","g__Nocardioides.8","false","d__Bacteria","d__Bacteria |  p__Actinobacteriota |  c__Actinobacteria | Propionibacteriales |  f__Nocardioidaceae |  g__Nocardioides.8","59.16129032258065","0","31","Propionibacteriales","0","p__Actinobacteriota","0.9943181090256871","false","0","d__Bacteria |  p__Actinobacteriota |  c__Actinobacteria | Propionibacteriales |  f__Nocardioidaceae |  g__Nocardioides.8","3646","0.13986120643636085"
"2.3940298507462687","2.4217438004308435E-4","c__Actinobacteria","0.41770573566084784","0.38746438746438744","27","3","f__Pseudonocardiaceae","g__Pseudonocardia.1","false","d__Bacteria","d__Bacteria |  p__Actinobacteriota |  c__Actinobacteria | Pseudonocardiales |  f__Pseudonocardiaceae |  g__Pseudonocardia.1","58.370370370370374","0","27","Pseudonocardiales","0","p__Actinobacteriota","0.9940170392671833","false","0","d__Bacteria |  p__Actinobacteriota |  c__Actinobacteria | Pseudonocardiales |  f__Pseudonocardiaceae |  g__Pseudonocardia.1","3092","0.15401153132023845"
"2.2044776119402987","0.0020841986802077354","c__Actinobacteria","0.45362220717670954","0.3001107419712071","43","3","f__Pseudonocardiaceae","g__Pseudonocardia.3","false","d__Bacteria","d__Bacteria |  p__Actinobacteriota |  c__Actinobacteria | Pseudonocardiales |  f__Pseudonocardiaceae |  g__Pseudonocardia.3","54.76744186046512","0","43","Pseudonocardiales","0","p__Actinobacteriota","0.9948305681890974","false","0","d__Bacteria |  p__Actinobacteriota |  c__Actinobacteria | Pseudonocardiales |  f__Pseudonocardiaceae |  g__Pseudonocardia.3","21596","0.1117702895111533"
"2.138805970149254","7.108999969372205E-4","c__Kapabacteria","0.46755059316120023","0.37540983606557377","61","3","f__Kapabacteriales","g__Kapabacteriales.1","false","d__Bacteria","d__Bacteria |  p__Bacteroidota |  c__Kapabacteria | Kapabacteriales |  f__Kapabacteriales |  g__Kapabacteriales.1","89.90163934426229","0","61","Kapabacteriales","0","p__Bacteroidota","0.9951124207289731","false","0","d__Bacteria |  p__Bacteroidota |  c__Kapabacteria | Kapabacteriales |  f__Kapabacteriales |  g__Kapabacteriales.1","12278","0.17422798322531452"
"2.1164179104477614","0.002258015164294408","c__Chloroflexia","0.4724964739069111","0.31994047619047616","64","3","f__Chloroflexaceae","g__FFCH7168.3","false","d__Bacteria","d__Bacteria |  p__Chloroflexi |  c__Chloroflexia | Chloroflexales |  f__Chloroflexaceae |  g__FFCH7168.3","68.640625","0","64","Chloroflexales","0","p__Chloroflexi","0.9952085068221127","false","0","d__Bacteria |  p__Chloroflexi |  c__Chloroflexia | Chloroflexales |  f__Chloroflexaceae |  g__FFCH7168.3","27658","0.13000118371212122"
"2.0850746268656715","0.00191457179789761","c__Chloroflexia","0.4795991410164639","0.354261796042618","73","3","f__Herpetosiphonaceae","g__Herpetosiphon","false","d__Bacteria","d__Bacteria |  p__Chloroflexi |  c__Chloroflexia | Chloroflexales |  f__Herpetosiphonaceae |  g__Herpetosiphon","93.0","0","73","Chloroflexales","0","p__Chloroflexi","0.9953430273525079","false","0","d__Bacteria |  p__Chloroflexi |  c__Chloroflexia | Chloroflexales |  f__Herpetosiphonaceae |  g__Herpetosiphon","31270","0.17251632907210207"
"2.046268656716418","0.0035862129897691938","c__Ktedonobacteria","0.48869438366156087","0.333000333000333","78","3","f__C0119","g__C0119.2","false","d__Bacteria","d__Bacteria |  p__Chloroflexi |  c__Ktedonobacteria | C0119 |  f__C0119 |  g__C0119.2","77.33333333333333","0","78","C0119","0","p__Chloroflexi","0.9955095765806162","false","0","d__Bacteria |  p__Chloroflexi |  c__Ktedonobacteria | C0119 |  f__C0119 |  g__C0119.2","48914","0.1378490790255496"
"2.283582089552239","2.734046650137866E-4","c__TK10","0.4379084967320261","0.3471264367816092","30","3","f__TK10","g__TK10.37","false","d__Bacteria","d__Bacteria |  p__Chloroflexi |  c__TK10 | TK10 |  f__TK10 |  g__TK10.37","80.5","0","30","TK10","0","p__Chloroflexi","0.9944910639933381","false","0","d__Bacteria |  p__Chloroflexi |  c__TK10 | TK10 |  f__TK10 |  g__TK10.37","3640","0.17888888888888888"
"2.1238805970149253","8.440653107352828E-4","c__Alphaproteobacteria","0.4708362614195362","0.30434782608695654","47","3","f__Mitochondria","g__Mitochondria","false","d__Bacteria","d__Bacteria |  p__Proteobacteria |  c__Alphaproteobacteria | Rickettsiales |  f__Mitochondria |  g__Mitochondria","81.72340425531915","0","47","Rickettsiales","0","p__Proteobacteria","0.9951764781243995","false","0","d__Bacteria |  p__Proteobacteria |  c__Alphaproteobacteria | Rickettsiales |  f__Mitochondria |  g__Mitochondria","13146","0.15133963750985027"
"1.7850746268656716","0.01462977364772594","c__Alphaproteobacteria","0.560200668896321","0.2922737306843267","151","3","f__Sphingomonadaceae","g__Sphingomonas.3","false","d__Bacteria","d__Bacteria |  p__Proteobacteria |  c__Alphaproteobacteria | Sphingomonadales |  f__Sphingomonadaceae |  g__Sphingomonas.3","99.03311258278146","0","151","Sphingomonadales","0","p__Proteobacteria","0.9966305810005764","false","0","d__Bacteria |  p__Proteobacteria |  c__Alphaproteobacteria | Sphingomonadales |  f__Sphingomonadaceae |  g__Sphingomonas.3","227238","0.14937121053209873"
"2.1402985074626866","0.001634049086175374","c__Alphaproteobacteria","0.46722454672245467","0.3247274813539874","84","3","f__Sphingomonadaceae","g__Sphingomonas.31","false","d__Bacteria","d__Bacteria |  p__Proteobacteria |  c__Alphaproteobacteria | Sphingomonadales |  f__Sphingomonadaceae |  g__Sphingomonas.31","82.77380952380952","0","84","Sphingomonadales","0","p__Proteobacteria","0.9951060149894305","false","0","d__Bacteria |  p__Proteobacteria |  c__Alphaproteobacteria | Sphingomonadales |  f__Sphingomonadaceae |  g__Sphingomonas.31","23512","0.16823945025164538"
"2.2044776119402987","6.310254690830107E-4","c__Alphaproteobacteria","0.45362220717670954","0.4357142857142857","56","3","f__Sphingomonadaceae","g__Sphingomonas.74","false","d__Bacteria","d__Bacteria |  p__Proteobacteria |  c__Alphaproteobacteria | Sphingomonadales |  f__Sphingomonadaceae |  g__Sphingomonas.74","74.67857142857143","0","56","Sphingomonadales","0","p__Proteobacteria","0.9948305681890974","false","0","d__Bacteria |  p__Proteobacteria |  c__Alphaproteobacteria | Sphingomonadales |  f__Sphingomonadaceae |  g__Sphingomonas.74","9068","0.15655884995507638"
"1.9880597014925374","0.0029942549700408693","c__Gammaproteobacteria","0.5030030030030029","0.3235643564356436","101","3","f__Burkholderiaceae","g__Lautropia","false","d__Bacteria","d__Bacteria |  p__Proteobacteria |  c__Gammaproteobacteria | Burkholderiales |  f__Burkholderiaceae |  g__Lautropia","79.78217821782178","0","101","Burkholderiales","0","p__Proteobacteria","0.9957594004227788","false","0","d__Bacteria |  p__Proteobacteria |  c__Gammaproteobacteria | Burkholderiales |  f__Burkholderiaceae |  g__Lautropia","43564","0.1382706728211816"
"2.2313432835820897","4.969440628567938E-4","c__Gammaproteobacteria","0.44816053511705684","0.2927927927927928","37","3","f__Rhodanobacteraceae","g__uncultured","false","d__Bacteria","d__Bacteria |  p__Proteobacteria |  c__Gammaproteobacteria | Xanthomonadales |  f__Rhodanobacteraceae |  g__uncultured","82.78378378378379","0","37","Xanthomonadales","0","p__Proteobacteria","0.9947152648773301","false","0","d__Bacteria |  p__Proteobacteria |  c__Gammaproteobacteria | Xanthomonadales |  f__Rhodanobacteraceae |  g__uncultured","6462","0.17318783218364808"
"2.1641791044776117","7.928044412522666E-4","c__Gammaproteobacteria","0.4620689655172414","0.3935613682092555","71","3","f__Rhodanobacteraceae","0.943326006","false","d__Bacteria","d__Bacteria |  p__Proteobacteria |  c__Gammaproteobacteria | Xanthomonadales |  f__Rhodanobacteraceae | 0.943326006","84.3943661971831","0","71","Xanthomonadales","0","p__Proteobacteria","0.9950035231567483","false","0","d__Bacteria |  p__Proteobacteria |  c__Gammaproteobacteria | Xanthomonadales |  f__Rhodanobacteraceae | 0.943326006","13440","0.1725856159451597"
"2.1955223880597017","6.41565364619311E-4","c__Gammaproteobacteria","0.45547246770904143","0.36948051948051946","56","3","f__Xanthomonadaceae","g__Pseudoxanthomonas","false","d__Bacteria","d__Bacteria |  p__Proteobacteria |  c__Gammaproteobacteria | Xanthomonadales |  f__Xanthomonadaceae |  g__Pseudoxanthomonas","82.75","0","56","Xanthomonadales","0","p__Proteobacteria","0.9948690026263531","false","0","d__Bacteria |  p__Proteobacteria |  c__Gammaproteobacteria | Xanthomonadales |  f__Xanthomonadaceae |  g__Pseudoxanthomonas","8822","0.17132505175983437"
"2.2492537313432837","7.796666399043701E-4","c__Abditibacteria","0.444591904445919","0.30303030303030304","45","3","f__Abditibacteriaceae","g__Abditibacterium.4","false","d__Bacteria","d__Bacteria |  p__Abditibacteriota |  c__Abditibacteria | Abditibacteriales |  f__Abditibacteriaceae |  g__Abditibacterium.4","68.75555555555556","0","45","Abditibacteriales","0","p__Abditibacteriota","0.9946383960028186","false","0","d__Bacteria |  p__Abditibacteriota |  c__Abditibacteria | Abditibacteriales |  f__Abditibacteriaceae |  g__Abditibacterium.4","9926","0.15012130033964094"
"2.2955223880597013","2.790962724932037E-4","c__Acidobacteriae","0.43563068920676207","0.40634920634920635","36","3","f__Bryobacteraceae","g__Bryobacter.1","false","d__Bacteria","d__Bacteria |  p__Acidobacteriota |  c__Acidobacteriae | Bryobacterales |  f__Bryobacteraceae |  g__Bryobacter.1","79.30555555555556","0","36","Bryobacterales","0","p__Acidobacteriota","0.994439818076997","false","0","d__Bacteria |  p__Acidobacteriota |  c__Acidobacteriae | Bryobacterales |  f__Bryobacteraceae |  g__Bryobacter.1","3532","0.1822477650063857"
"2.1641791044776117","0.001808770499128481","c__Holophagae","0.4620689655172414","0.33230904302019315","68","3","f__Subgroup_7","g__Subgroup_7.8","false","d__Bacteria","d__Bacteria |  p__Acidobacteriota |  c__Holophagae | Subgroup_7 |  f__Subgroup_7 |  g__Subgroup_7.8","80.29411764705883","0","68","Subgroup_7","0","p__Acidobacteriota","0.9950035231567483","false","0","d__Bacteria |  p__Acidobacteriota |  c__Holophagae | Subgroup_7 |  f__Subgroup_7 |  g__Subgroup_7.8","22132","0.16319942611190819"
"2.162686567164179","6.421121844686038E-4","c__Thermoleophilia","0.46238785369220153","0.4182456140350877","76","3","f__67-14","g__67-14.1","false","d__Bacteria","d__Bacteria |  p__Actinobacteriota |  c__Thermoleophilia | Solirubrobacterales |  f__67-14 |  g__67-14.1","102.94736842105263","0","76","Solirubrobacterales","0","p__Actinobacteriota","0.9950099288962911","false","0","d__Bacteria |  p__Actinobacteriota |  c__Thermoleophilia | Solirubrobacterales |  f__67-14 |  g__67-14.1","11508","0.21226261530113943"
"2.2328358208955223","3.0531202042229024E-4","c__Bdellovibrionia","0.44786096256684493","0.4569842738205365","47","4","f__Bacteriovoracaceae","g__Peredibacter.1","false","d__Bacteria","d__Bacteria |  p__Bdellovibrionota |  c__Bdellovibrionia | Bacteriovoracales |  f__Bacteriovoracaceae |  g__Peredibacter.1","91.68085106382979","0","47","Bacteriovoracales","0","p__Bdellovibrionota","0.9947088591377874","false","0","d__Bacteria |  p__Bdellovibrionota |  c__Bdellovibrionia | Bacteriovoracales |  f__Bacteriovoracaceae |  g__Peredibacter.1","4916","0.1958992544098927"
"2.1552238805970148","0.0013421337383682775","c__Chloroflexia","0.46398891966759004","0.40653357531760437","58","3","f__Roseiflexaceae","g__uncultured.15","false","d__Bacteria","d__Bacteria |  p__Chloroflexi |  c__Chloroflexia | Chloroflexales |  f__Roseiflexaceae |  g__uncultured.15","69.82758620689656","0","58","Chloroflexales","0","p__Chloroflexi","0.9950419575940042","false","0","d__Bacteria |  p__Chloroflexi |  c__Chloroflexia | Chloroflexales |  f__Roseiflexaceae |  g__uncultured.15","17576","0.1374558783600326"
"2.3","0.0023094816241485305","c__TK10","0.4347826086956522","0.34959349593495936","42","3","f__TK10","g__TK10.24","false","d__Bacteria","d__Bacteria |  p__Chloroflexi |  c__TK10 | TK10 |  f__TK10 |  g__TK10.24","59.095238095238095","0","42","TK10","0","p__Chloroflexi","0.994420600858369","false","0","d__Bacteria |  p__Chloroflexi |  c__TK10 | TK10 |  f__TK10 |  g__TK10.24","16638","0.13893557422969188"
"2.225373134328358","4.288955688151323E-4","c__Gemmatimonadetes","0.44936284372904095","0.3710144927536232","46","3","f__Gemmatimonadaceae","g__Gemmatimonas.2","false","d__Bacteria","d__Bacteria |  p__Gemmatimonadota |  c__Gemmatimonadetes | Gemmatimonadales |  f__Gemmatimonadaceae |  g__Gemmatimonas.2","84.23913043478261","0","46","Gemmatimonadales","0","p__Gemmatimonadota","0.9947408878355006","false","0","d__Bacteria |  p__Gemmatimonadota |  c__Gemmatimonadetes | Gemmatimonadales |  f__Gemmatimonadaceae |  g__Gemmatimonas.2","6562","0.17809541318135858"
"2.244776119402985","6.881059530180477E-4","c__Myxococcia","0.4454787234042553","0.3080481036077706","47","3","f__Myxococcaceae","0.999999302","false","d__Bacteria","d__Bacteria |  p__Myxococcota |  c__Myxococcia | Myxococcales |  f__Myxococcaceae | 0.999999302","70.38297872340425","0","47","Myxococcales","0","p__Myxococcota","0.9946576132214464","false","0","d__Bacteria |  p__Myxococcota |  c__Myxococcia | Myxococcales |  f__Myxococcaceae | 0.999999302","8550","0.15333982292680665"
"2.291044776119403","6.942046917909906E-4","c__Alphaproteobacteria","0.4364820846905538","0.45564516129032256","32","3","f__Caulobacteraceae","g__uncultured.1","false","d__Bacteria","d__Bacteria |  p__Proteobacteria |  c__Alphaproteobacteria | Caulobacterales |  f__Caulobacteraceae |  g__uncultured.1","62.4375","0","32","Caulobacterales","0","p__Proteobacteria","0.9944590352956248","false","0","d__Bacteria |  p__Proteobacteria |  c__Alphaproteobacteria | Caulobacterales |  f__Caulobacteraceae |  g__uncultured.1","7582","0.14094243792325056"
"2.2328358208955223","9.130542562021619E-4","c__Alphaproteobacteria","0.44786096256684493","0.3111111111111111","46","3","f__Rhizobiales_Incertae_Sedis","g__Alsobacter","false","d__Bacteria","d__Bacteria |  p__Proteobacteria |  c__Alphaproteobacteria | Rhizobiales |  f__Rhizobiales_Incertae_Sedis |  g__Alsobacter","56.06521739130435","0","46","Rhizobiales","0","p__Proteobacteria","0.9947088591377874","false","0","d__Bacteria |  p__Proteobacteria |  c__Alphaproteobacteria | Rhizobiales |  f__Rhizobiales_Incertae_Sedis |  g__Alsobacter","11970","0.11979747305834262"
"2.280597014925373","4.283717262107843E-4","c__Alphaproteobacteria","0.43848167539267013","0.2631578947368421","20","3","f__Sphingomonadaceae","g__Sphingomonas.18","false","d__Bacteria","d__Bacteria |  p__Proteobacteria |  c__Alphaproteobacteria | Sphingomonadales |  f__Sphingomonadaceae |  g__Sphingomonas.18","80.55","0","20","Sphingomonadales","0","p__Proteobacteria","0.9945038754724232","false","0","d__Bacteria |  p__Proteobacteria |  c__Alphaproteobacteria | Sphingomonadales |  f__Sphingomonadaceae |  g__Sphingomonas.18","5172","0.17462039045553146"
"2.2029850746268655","4.5074306979423466E-4","c__Alphaproteobacteria","0.453929539295393","0.46230274693161894","59","4","f__Sphingomonadaceae","g__Sphingomonas.36","false","d__Bacteria","d__Bacteria |  p__Proteobacteria |  c__Alphaproteobacteria | Sphingomonadales |  f__Sphingomonadaceae |  g__Sphingomonas.36","84.83050847457628","0","59","Sphingomonadales","0","p__Proteobacteria","0.99483697392864","false","0","d__Bacteria |  p__Proteobacteria |  c__Alphaproteobacteria | Sphingomonadales |  f__Sphingomonadaceae |  g__Sphingomonas.36","7802","0.17821535393818544"
"2.074626865671642","0.001615441667364107","c__Alphaproteobacteria","0.48201438848920863","0.3893805309734513","113","3","f__Sphingomonadaceae","0.999998144","false","d__Bacteria","d__Bacteria |  p__Proteobacteria |  c__Alphaproteobacteria | Sphingomonadales |  f__Sphingomonadaceae | 0.999998144","105.15044247787611","0","113","Sphingomonadales","0","p__Proteobacteria","0.9953878675293063","false","0","d__Bacteria |  p__Proteobacteria |  c__Alphaproteobacteria | Sphingomonadales |  f__Sphingomonadaceae | 0.999998144","27520","0.20739732244157022"
"2.1865671641791047","0.0012421973943379217","c__Gammaproteobacteria","0.45733788395904434","0.28165007112375534","38","3","f__Burkholderiaceae","g__Ralstonia","false","d__Bacteria","d__Bacteria |  p__Proteobacteria |  c__Gammaproteobacteria | Burkholderiales |  f__Burkholderiaceae |  g__Ralstonia","68.78947368421052","0","38","Burkholderiales","0","p__Proteobacteria","0.994907437063609","false","0","d__Bacteria |  p__Proteobacteria |  c__Gammaproteobacteria | Burkholderiales |  f__Burkholderiaceae |  g__Ralstonia","15802","0.135679435274577"
"2.1731343283582087","3.771351262939902E-4",,"0.4601648351648352","0.5537037037037037","81","3",,,"false",,"d__Bacteria |  p__Acidobacteriota |  c__Acidobacteriae | 0.997027377 |  | ","113.08641975308642","0","81",,"0",,"0.9949650887194927","false","0","d__Bacteria |  p__Acidobacteriota |  c__Acidobacteriae | 0.997027377 |  | ","7246","0.23908333985853367"
"1.7761194029850746","0.007965900907585519","c__Acidobacteriae","0.5630252100840336","0.3924656169025314","174","3","f__Acidobacteriae","g__Paludibaculum","false","d__Bacteria","d__Bacteria |  p__Acidobacteriota |  c__Acidobacteriae | Acidobacteriae |  f__Acidobacteriae |  g__Paludibaculum","106.48275862068965","0","174","Acidobacteriae","0","p__Acidobacteriota","0.9966690154378323","false","0","d__Bacteria |  p__Acidobacteriota |  c__Acidobacteriae | Acidobacteriae |  f__Acidobacteriae |  g__Paludibaculum","140832","0.1648339916728942"
"2.1850746268656716","5.853582428161439E-4","c__Acidobacteriae","0.4576502732240437","0.48685491723466406","79","3","f__Bryobacteraceae","g__Bryobacter.11","false","d__Bacteria","d__Bacteria |  p__Acidobacteriota |  c__Acidobacteriae | Bryobacterales |  f__Bryobacteraceae |  g__Bryobacter.11","109.44303797468355","0","79","Bryobacterales","0","p__Acidobacteriota","0.9949138428031515","false","0","d__Bacteria |  p__Acidobacteriota |  c__Acidobacteriae | Bryobacterales |  f__Bryobacteraceae |  g__Bryobacter.11","8662","0.2343534003740547"
"2.2","2.916514756898323E-4","c__Acidobacteriae","0.45454545454545453","0.5697722567287785","70","3","f__Bryobacteraceae","g__Bryobacter.2","false","d__Bacteria","d__Bacteria |  p__Acidobacteriota |  c__Acidobacteriae | Bryobacterales |  f__Bryobacteraceae |  g__Bryobacter.2","121.82857142857142","0","70","Bryobacterales","0","p__Acidobacteriota","0.9948497854077254","false","0","d__Bacteria |  p__Acidobacteriota |  c__Acidobacteriae | Bryobacterales |  f__Bryobacteraceae |  g__Bryobacter.2","5340","0.2614347026364194"
"1.8582089552238805","0.0037947582024675307","c__Acidimicrobiia","0.5381526104417671","0.39727668845315905","136","3","f__Ilumatobacteraceae","g__Ilumatobacter.1","false","d__Bacteria","d__Bacteria |  p__Actinobacteriota |  c__Acidimicrobiia | Microtrichales |  f__Ilumatobacteraceae |  g__Ilumatobacter.1","107.8970588235294","0","136","Microtrichales","0","p__Actinobacteriota","0.9963166997629876","false","0","d__Bacteria |  p__Actinobacteriota |  c__Acidimicrobiia | Microtrichales |  f__Ilumatobacteraceae |  g__Ilumatobacter.1","70234","0.17153745440942672"
"1.9104477611940298","0.006044722123807342",,"0.5234375","0.3492063492063492","126","3",,,"false",,"d__Bacteria |  p__Actinobacteriota |  c__Acidimicrobiia | Microtrichales | 0.916385765 | ","98.61111111111111","0","126",,"0",,"0.9960924988789955","false","0","d__Bacteria |  p__Actinobacteriota |  c__Acidimicrobiia | Microtrichales | 0.916385765 | ","85628","0.16326342899190582"
"2.071641791044776","0.0017752293157024617","c__Actinobacteria","0.4827089337175793","0.4261884904086739","110","3","f__Nocardioidaceae","g__Nocardioides.10","false","d__Bacteria","d__Bacteria |  p__Actinobacteriota |  c__Actinobacteria | Propionibacteriales |  f__Nocardioidaceae |  g__Nocardioides.10","110.97272727272727","0","110","Propionibacteriales","0","p__Actinobacteriota","0.9954006790083915","false","0","d__Bacteria |  p__Actinobacteriota |  c__Actinobacteria | Propionibacteriales |  f__Nocardioidaceae |  g__Nocardioides.10","27774","0.21714997331435687"
"1.98955223880597","0.0012282580991954562","c__Actinobacteria","0.5026256564141035","0.48086253369272236","106","3","f__Nocardioidaceae","g__Nocardioides.3","false","d__Bacteria","d__Bacteria |  p__Actinobacteriota |  c__Actinobacteria | Propionibacteriales |  f__Nocardioidaceae |  g__Nocardioides.3","115.43396226415095","0","106","Propionibacteriales","0","p__Actinobacteriota","0.9957529946832362","false","0","d__Bacteria |  p__Actinobacteriota |  c__Actinobacteria | Propionibacteriales |  f__Nocardioidaceae |  g__Nocardioides.3","26172","0.20216105475332916"
"2.2313432835820897","2.559412406108493E-4","c__MB-A2-108","0.44816053511705684","0.5932203389830508","60","3","f__MB-A2-108","g__MB-A2-108.1","false","d__Bacteria","d__Bacteria |  p__Actinobacteriota |  c__MB-A2-108 | MB-A2-108 |  f__MB-A2-108 |  g__MB-A2-108.1","114.36666666666666","0","60","MB-A2-108","0","p__Actinobacteriota","0.9947152648773301","false","0","d__Bacteria |  p__Actinobacteriota |  c__MB-A2-108 | MB-A2-108 |  f__MB-A2-108 |  g__MB-A2-108.1","4292","0.25135531135531136"
"1.9059701492537313","0.0022949235016812447","c__Thermoleophilia","0.5246671887235709","0.45893246187363834","136","3","f__Gaiellaceae","g__Gaiella","false","d__Bacteria","d__Bacteria |  p__Actinobacteriota |  c__Thermoleophilia | Gaiellales |  f__Gaiellaceae |  g__Gaiella","116.04411764705883","0","136","Gaiellales","0","p__Actinobacteriota","0.9961117160976235","false","0","d__Bacteria |  p__Actinobacteriota |  c__Thermoleophilia | Gaiellales |  f__Gaiellaceae |  g__Gaiella","48176","0.19437875652773673"
"1.7626865671641792","0.005292722366994591","c__Thermoleophilia","0.56731583403895","0.3947671376242805","196","3","f__Gaiellaceae","g__Gaiella.1","false","d__Bacteria","d__Bacteria |  p__Actinobacteriota |  c__Thermoleophilia | Gaiellales |  f__Gaiellaceae |  g__Gaiella.1","108.79591836734694","0","196","Gaiellales","0","p__Actinobacteriota","0.996726667093716","false","0","d__Bacteria |  p__Actinobacteriota |  c__Thermoleophilia | Gaiellales |  f__Gaiellaceae |  g__Gaiella.1","111000","0.17187348873198569"
"2.138805970149254","6.269480546737328E-4","c__Thermoleophilia","0.46755059316120023","0.48936170212765956","94","3","f__uncultured","g__uncultured.1","false","d__Bacteria","d__Bacteria |  p__Actinobacteriota |  c__Thermoleophilia | Gaiellales |  f__uncultured |  g__uncultured.1","109.13829787234043","0","94","Gaiellales","0","p__Actinobacteriota","0.9951124207289731","false","0","d__Bacteria |  p__Actinobacteriota |  c__Thermoleophilia | Gaiellales |  f__uncultured |  g__uncultured.1","11078","0.2259592088454253"
"2.21044776119403","3.429088501348181E-4","c__Thermoleophilia","0.4523970290344362","0.4780539397144368","62","3","f__Solirubrobacteraceae","g__Solirubrobacter.8","false","d__Bacteria","d__Bacteria |  p__Actinobacteriota |  c__Thermoleophilia | Solirubrobacterales |  f__Solirubrobacteraceae |  g__Solirubrobacter.8","105.16129032258064","0","62","Solirubrobacterales","0","p__Actinobacteriota","0.994804945230927","false","0","d__Bacteria |  p__Actinobacteriota |  c__Thermoleophilia | Solirubrobacterales |  f__Solirubrobacteraceae |  g__Solirubrobacter.8","5632","0.2251847758513504"
"1.8970149253731343","0.0029994500374325174","c__Bacteroidia","0.5271439811172305","0.43472035794183445","150","3","f__Hymenobacteraceae","g__Adhaeribacter","false","d__Bacteria","d__Bacteria |  p__Bacteroidota |  c__Bacteroidia | Cytophagales |  f__Hymenobacteraceae |  g__Adhaeribacter","106.59333333333333","0","150","Cytophagales","0","p__Bacteroidota","0.9961501505348793","false","0","d__Bacteria |  p__Bacteroidota |  c__Bacteroidia | Cytophagales |  f__Hymenobacteraceae |  g__Adhaeribacter","56156","0.1809734012450481"
"2.0850746268656715","0.0033402284635798913","c__Dehalococcoidia","0.4795991410164639","0.37991858887381275","67","3","f__S085","g__S085.13","false","d__Bacteria","d__Bacteria |  p__Chloroflexi |  c__Dehalococcoidia | S085 |  f__S085 |  g__S085.13","97.01492537313433","0","67","S085","0","p__Chloroflexi","0.9953430273525079","false","0","d__Bacteria |  p__Chloroflexi |  c__Dehalococcoidia | S085 |  f__S085 |  g__S085.13","48854","0.17768301350390903"
"2.1044776119402986","9.247511285461581E-4","c__JG30-KF-CM66","0.47517730496453897","0.4523011814494798","107","3","f__JG30-KF-CM66","g__JG30-KF-CM66.4","false","d__Bacteria","d__Bacteria |  p__Chloroflexi |  c__JG30-KF-CM66 | JG30-KF-CM66 |  f__JG30-KF-CM66 |  g__JG30-KF-CM66.4","112.0","0","107","JG30-KF-CM66","0","p__Chloroflexi","0.9952597527384537","false","0","d__Bacteria |  p__Chloroflexi |  c__JG30-KF-CM66 | JG30-KF-CM66 |  f__JG30-KF-CM66 |  g__JG30-KF-CM66.4","16476","0.22718052738336714"
"1.655223880597015","0.02452160195032584","c__TK10","0.6041478809738503","0.31397069705490604","233","3","f__TK10","g__TK10","false","d__Bacteria","d__Bacteria |  p__Chloroflexi |  c__TK10 | TK10 |  f__TK10 |  g__TK10","101.40343347639485","0","233","TK10","0","p__Chloroflexi","0.9971878803407853","false","0","d__Bacteria |  p__Chloroflexi |  c__TK10 | TK10 |  f__TK10 |  g__TK10","377482","0.15180154712035157"
"1.9283582089552238","0.0021564862259832885","c__TK10","0.5185758513931888","0.4535377358490566","160","3","f__TK10","g__TK10.14","false","d__Bacteria","d__Bacteria |  p__Chloroflexi |  c__TK10 | TK10 |  f__TK10 |  g__TK10.14","112.76875","0","160","TK10","0","p__Chloroflexi","0.996015630004484","false","0","d__Bacteria |  p__Chloroflexi |  c__TK10 | TK10 |  f__TK10 |  g__TK10.14","45300","0.20209453405017921"
"2.065671641791045","0.0010234925947050905","c__TK10","0.4841040462427746","0.5056958308866706","131","3","f__TK10","g__TK10.2","false","d__Bacteria","d__Bacteria |  p__Chloroflexi |  c__TK10 | TK10 |  f__TK10 |  g__TK10.2","112.33587786259542","0","131","TK10","0","p__Chloroflexi","0.995426301966562","false","0","d__Bacteria |  p__Chloroflexi |  c__TK10 | TK10 |  f__TK10 |  g__TK10.2","19568","0.22694116739918266"
"2.1880597014925374","3.920150575266313E-4","c__TK10","0.45702592087312416","0.5176056338028169","72","3","f__TK10","g__TK10.25","false","d__Bacteria","d__Bacteria |  p__Chloroflexi |  c__TK10 | TK10 |  f__TK10 |  g__TK10.25","107.77777777777777","0","72","TK10","0","p__Chloroflexi","0.9949010313240664","false","0","d__Bacteria |  p__Chloroflexi |  c__TK10 | TK10 |  f__TK10 |  g__TK10.25","7386","0.2283427495291902"
"1.9194029850746268","0.0027573955617439198","c__TK10","0.52099533437014","0.46416083916083917","144","3","f__TK10","g__TK10.3","false","d__Bacteria","d__Bacteria |  p__Chloroflexi |  c__TK10 | TK10 |  f__TK10 |  g__TK10.3","109.77777777777777","0","144","TK10","0","p__Chloroflexi","0.9960540644417397","false","0","d__Bacteria |  p__Chloroflexi |  c__TK10 | TK10 |  f__TK10 |  g__TK10.3","52438","0.189272030651341"
"2.1507462686567163","6.9615251840174E-4","c__TK10","0.4649548924358085","0.42971887550200805","84","3","f__TK10","g__TK10.49","false","d__Bacteria","d__Bacteria |  p__Chloroflexi |  c__TK10 | TK10 |  f__TK10 |  g__TK10.49","106.05952380952381","0","84","TK10","0","p__Chloroflexi","0.9950611748126321","false","0","d__Bacteria |  p__Chloroflexi |  c__TK10 | TK10 |  f__TK10 |  g__TK10.49","12118","0.21867943053510064"
"2.053731343283582","8.940456668722415E-4","c__TK10","0.4869186046511628","0.5248348143084985","133","3","f__TK10","g__TK10.6","false","d__Bacteria","d__Bacteria |  p__Chloroflexi |  c__TK10 | TK10 |  f__TK10 |  g__TK10.6","114.71428571428571","0","133","TK10","0","p__Chloroflexi","0.9954775478829031","false","0","d__Bacteria |  p__Chloroflexi |  c__TK10 | TK10 |  f__TK10 |  g__TK10.6","20624","0.22897063016823496"
"2.1671641791044776","4.7309745495482453E-4","c__Gemmatimonadetes","0.46143250688705234","0.4983438723276122","82","3","f__Gemmatimonadaceae","g__uncultured.2","false","d__Bacteria","d__Bacteria |  p__Gemmatimonadota |  c__Gemmatimonadetes | Gemmatimonadales |  f__Gemmatimonadaceae |  g__uncultured.2","110.2560975609756","0","82","Gemmatimonadales","0","p__Gemmatimonadota","0.9949907116776632","false","0","d__Bacteria |  p__Gemmatimonadota |  c__Gemmatimonadetes | Gemmatimonadales |  f__Gemmatimonadaceae |  g__uncultured.2","8824","0.23163045706087312"
"2.192537313432836","4.192639128054151E-4","c__Gemmatimonadetes","0.4560925799863853","0.47086247086247085","66","3","f__Gemmatimonadaceae","g__uncultured.7","false","d__Bacteria","d__Bacteria |  p__Gemmatimonadota |  c__Gemmatimonadetes | Gemmatimonadales |  f__Gemmatimonadaceae |  g__uncultured.7","107.98484848484848","0","66","Gemmatimonadales","0","p__Gemmatimonadota","0.9948818141054385","false","0","d__Bacteria |  p__Gemmatimonadota |  c__Gemmatimonadetes | Gemmatimonadales |  f__Gemmatimonadaceae |  g__uncultured.7","6836","0.2273365231259968"
"2.1134328358208956","8.493296202608436E-4","c__Polyangia","0.4731638418079096","0.4593939393939394","100","3","f__Haliangiaceae","g__Haliangium.1","false","d__Bacteria","d__Bacteria |  p__Myxococcota |  c__Polyangia | Haliangiales |  f__Haliangiaceae |  g__Haliangium.1","109.15","0","100","Haliangiales","0","p__Myxococcota","0.9952213183011979","false","0","d__Bacteria |  p__Myxococcota |  c__Polyangia | Haliangiales |  f__Haliangiaceae |  g__Haliangium.1","15122","0.22095141700404858"
"2.046268656716418","0.0015430245983309781","c__Polyangia","0.48869438366156087","0.4625160875160875","112","3","f__Haliangiaceae","g__Haliangium.5","false","d__Bacteria","d__Bacteria |  p__Myxococcota |  c__Polyangia | Haliangiales |  f__Haliangiaceae |  g__Haliangium.5","111.05357142857143","0","112","Haliangiales","0","p__Myxococcota","0.9955095765806162","false","0","d__Bacteria |  p__Myxococcota |  c__Polyangia | Haliangiales |  f__Haliangiaceae |  g__Haliangium.5","26682","0.21072783952290594"
"2.180597014925373","0.0012847217499098906","c__Polyangia","0.458590006844627","0.33765765765765765","75","3","f__Phaselicystidaceae","g__Phaselicystis","false","d__Bacteria","d__Bacteria |  p__Myxococcota |  c__Polyangia | Polyangiales |  f__Phaselicystidaceae |  g__Phaselicystis","83.30666666666667","0","75","Polyangiales","0","p__Myxococcota","0.9949330600217795","false","0","d__Bacteria |  p__Myxococcota |  c__Polyangia | Polyangiales |  f__Phaselicystidaceae |  g__Phaselicystis","15488","0.17575246132208158"
"2.014925373134328","8.431508350396379E-4","c__Nitrospiria","0.49629629629629635","0.5602655771195098","89","3","f__Nitrospiraceae","g__Nitrospira.2","false","d__Bacteria","d__Bacteria |  p__Nitrospirota |  c__Nitrospiria | Nitrospirales |  f__Nitrospiraceae |  g__Nitrospira.2","118.80898876404494","0","89","Nitrospirales","0","p__Nitrospirota","0.9956440971110114","false","0","d__Bacteria |  p__Nitrospirota |  c__Nitrospiria | Nitrospirales |  f__Nitrospiraceae |  g__Nitrospira.2","18834","0.20807178417521005"
"1.7955223880597015","0.007852553260909998","c__Phycisphaerae","0.5569409808811305","0.372210720036807","162","3","f__Phycisphaeraceae","g__SM1A02","false","d__Bacteria","d__Bacteria |  p__Planctomycetota |  c__Phycisphaerae | Phycisphaerales |  f__Phycisphaeraceae |  g__SM1A02","104.43827160493827","0","162","Phycisphaerales","0","p__Planctomycetota","0.996585740823778","false","0","d__Bacteria |  p__Planctomycetota |  c__Phycisphaerae | Phycisphaerales |  f__Phycisphaeraceae |  g__SM1A02","125896","0.1619198009378888"
"2.0671641791044775","0.0013682454287675574","c__Phycisphaerae","0.4837545126353791","0.4590676165479315","127","3","f__Phycisphaeraceae","g__SM1A02.10","false","d__Bacteria","d__Bacteria |  p__Planctomycetota |  c__Phycisphaerae | Phycisphaerales |  f__Phycisphaeraceae |  g__SM1A02.10","107.88188976377953","0","127","Phycisphaerales","0","p__Planctomycetota","0.9954198962270194","false","0","d__Bacteria |  p__Planctomycetota |  c__Phycisphaerae | Phycisphaerales |  f__Phycisphaeraceae |  g__SM1A02.10","24396","0.21663030073048098"
"2.171641791044776","7.705966985907559E-4","c__Phycisphaerae","0.4604810996563574","0.42996870109546165","72","3","f__Phycisphaeraceae","g__SM1A02.2","false","d__Bacteria","d__Bacteria |  p__Planctomycetota |  c__Phycisphaerae | Phycisphaerales |  f__Phycisphaeraceae |  g__SM1A02.2","102.51388888888889","0","72","Phycisphaerales","0","p__Planctomycetota","0.9949714944590353","false","0","d__Bacteria |  p__Planctomycetota |  c__Phycisphaerae | Phycisphaerales |  f__Phycisphaeraceae |  g__SM1A02.2","12594","0.21224407637451115"
"2.1417910447761193","0.0018833186962775486","c__Phycisphaerae","0.4668989547038328","0.4389233954451346","70","3","f__Phycisphaeraceae","g__SM1A02.3","false","d__Bacteria","d__Bacteria |  p__Planctomycetota |  c__Phycisphaerae | Phycisphaerales |  f__Phycisphaeraceae |  g__SM1A02.3","90.07142857142857","0","70","Phycisphaerales","0","p__Planctomycetota","0.9950996092498879","false","0","d__Bacteria |  p__Planctomycetota |  c__Phycisphaerae | Phycisphaerales |  f__Phycisphaeraceae |  g__SM1A02.3","24582","0.17835926449787837"
"2.1641791044776117","8.798878130952571E-4","c__Phycisphaerae","0.4620689655172414","0.5246376811594203","70","3","f__Phycisphaeraceae","g__SM1A02.6","false","d__Bacteria","d__Bacteria |  p__Planctomycetota |  c__Phycisphaerae | Phycisphaerales |  f__Phycisphaeraceae |  g__SM1A02.6","105.35714285714286","0","70","Phycisphaerales","0","p__Planctomycetota","0.9950035231567483","false","0","d__Bacteria |  p__Planctomycetota |  c__Phycisphaerae | Phycisphaerales |  f__Phycisphaeraceae |  g__SM1A02.6","14538","0.21501457725947523"
"2.138805970149254","0.001147472679510969","c__Phycisphaerae","0.46755059316120023","0.379746835443038","79","3","f__Phycisphaeraceae","g__SM1A02.8","false","d__Bacteria","d__Bacteria |  p__Planctomycetota |  c__Phycisphaerae | Phycisphaerales |  f__Phycisphaeraceae |  g__SM1A02.8","86.53164556962025","0","79","Phycisphaerales","0","p__Planctomycetota","0.9951124207289731","false","0","d__Bacteria |  p__Planctomycetota |  c__Phycisphaerae | Phycisphaerales |  f__Phycisphaeraceae |  g__SM1A02.8","18440","0.17375832443698846"
"2.226865671641791","4.942563637583382E-4","c__Alphaproteobacteria","0.4490616621983914","0.3927527761542957","59","4","f__Caulobacteraceae","g__Brevundimonas.6","false","d__Bacteria","d__Bacteria |  p__Proteobacteria |  c__Alphaproteobacteria | Caulobacterales |  f__Caulobacteraceae |  g__Brevundimonas.6","88.96610169491525","0","59","Caulobacterales","0","p__Proteobacteria","0.9947344820959579","false","0","d__Bacteria |  p__Proteobacteria |  c__Alphaproteobacteria | Caulobacterales |  f__Caulobacteraceae |  g__Brevundimonas.6","6836","0.19340456890198968"
"1.8671641791044775","0.0033384305558518818","c__Alphaproteobacteria","0.5355715427657874","0.42022091429492864","158","3","f__Reyranellaceae","g__Reyranella","false","d__Bacteria","d__Bacteria |  p__Proteobacteria |  c__Alphaproteobacteria | Reyranellales |  f__Reyranellaceae |  g__Reyranella","112.57594936708861","0","158","Reyranellales","0","p__Proteobacteria","0.9962782653257319","false","0","d__Bacteria |  p__Proteobacteria |  c__Alphaproteobacteria | Reyranellales |  f__Reyranellaceae |  g__Reyranella","68642","0.1873143916257714"
"2.1880597014925374","8.092521290205692E-4","c__Alphaproteobacteria","0.45702592087312416","0.45875251509054327","71","3","f__Reyranellaceae","g__uncultured","false","d__Bacteria","d__Bacteria |  p__Proteobacteria |  c__Alphaproteobacteria | Reyranellales |  f__Reyranellaceae |  g__uncultured","91.85915492957747","0","71","Reyranellales","0","p__Proteobacteria","0.9949010313240664","false","0","d__Bacteria |  p__Proteobacteria |  c__Alphaproteobacteria | Reyranellales |  f__Reyranellaceae |  g__uncultured","11860","0.19420540154244706"
"2.1865671641791047","5.735854157047605E-4","c__Alphaproteobacteria","0.45733788395904434","0.4406392694063927","73","3","f__Reyranellaceae","g__uncultured.1","false","d__Bacteria","d__Bacteria |  p__Proteobacteria |  c__Alphaproteobacteria | Reyranellales |  f__Reyranellaceae |  g__uncultured.1","99.1917808219178","0","73","Reyranellales","0","p__Proteobacteria","0.994907437063609","false","0","d__Bacteria |  p__Proteobacteria |  c__Alphaproteobacteria | Reyranellales |  f__Reyranellaceae |  g__uncultured.1","9228","0.21015207801253774"
"2.234328358208955","3.691367803147179E-4","c__Alphaproteobacteria","0.44756179024716103","0.39894419306184015","52","3","f__Beijerinckiaceae","g__Bosea.2","false","d__Bacteria","d__Bacteria |  p__Proteobacteria |  c__Alphaproteobacteria | Rhizobiales |  f__Beijerinckiaceae |  g__Bosea.2","90.07692307692308","0","52","Rhizobiales","0","p__Proteobacteria","0.9947024533982448","false","0","d__Bacteria |  p__Proteobacteria |  c__Alphaproteobacteria | Rhizobiales |  f__Beijerinckiaceae |  g__Bosea.2","5568","0.19539462706490907"
"2.0104477611940297","0.0014853580708805584","c__Alphaproteobacteria","0.4974016332590943","0.4559039686428221","157","3","f__Beijerinckiaceae","g__Microvirga","false","d__Bacteria","d__Bacteria |  p__Proteobacteria |  c__Alphaproteobacteria | Rhizobiales |  f__Beijerinckiaceae |  g__Microvirga","111.3312101910828","0","157","Rhizobiales","0","p__Proteobacteria","0.9956633143296394","false","0","d__Bacteria |  p__Proteobacteria |  c__Alphaproteobacteria | Rhizobiales |  f__Beijerinckiaceae |  g__Microvirga","29888","0.22002215452783164"
"1.837313432835821","0.0060573575423192435","c__Alphaproteobacteria","0.5442729488220959","0.34653968253968254","126","3","f__Beijerinckiaceae","g__Microvirga.5","false","d__Bacteria","d__Bacteria |  p__Proteobacteria |  c__Alphaproteobacteria | Rhizobiales |  f__Beijerinckiaceae |  g__Microvirga.5","102.51587301587301","0","126","Rhizobiales","0","p__Proteobacteria","0.9964063801165844","false","0","d__Bacteria |  p__Proteobacteria |  c__Alphaproteobacteria | Rhizobiales |  f__Beijerinckiaceae |  g__Microvirga.5","112070","0.15699214856948396"
"2.1582089552238806","9.409823775053109E-4","c__Alphaproteobacteria","0.4633471645919779","0.4507936507936508","91","3","f__Beijerinckiaceae","g__Microvirga.7","false","d__Bacteria","d__Bacteria |  p__Proteobacteria |  c__Alphaproteobacteria | Rhizobiales |  f__Beijerinckiaceae |  g__Microvirga.7","108.07692307692308","0","91","Rhizobiales","0","p__Proteobacteria","0.995029146114919","false","0","d__Bacteria |  p__Proteobacteria |  c__Alphaproteobacteria | Rhizobiales |  f__Beijerinckiaceae |  g__Microvirga.7","15868","0.2284924377947634"
"2.1492537313432836","5.86822990029648E-4","c__Alphaproteobacteria","0.4652777777777778","0.4908204245553643","84","3","f__Beijerinckiaceae","g__Neo-b11","false","d__Bacteria","d__Bacteria |  p__Proteobacteria |  c__Alphaproteobacteria | Rhizobiales |  f__Beijerinckiaceae |  g__Neo-b11","114.92857142857143","0","84","Rhizobiales","0","p__Proteobacteria","0.9950675805521747","false","0","d__Bacteria |  p__Proteobacteria |  c__Alphaproteobacteria | Rhizobiales |  f__Beijerinckiaceae |  g__Neo-b11","10668","0.2364785420340976"
"2.2059701492537314","7.441127414412862E-4","c__Alphaproteobacteria","0.45331529093369416","0.38587570621468925","60","3","f__Methyloligellaceae","g__uncultured","false","d__Bacteria","d__Bacteria |  p__Proteobacteria |  c__Alphaproteobacteria | Rhizobiales |  f__Methyloligellaceae |  g__uncultured","94.15","0","60","Rhizobiales","0","p__Proteobacteria","0.9948241624495547","false","0","d__Bacteria |  p__Proteobacteria |  c__Alphaproteobacteria | Rhizobiales |  f__Methyloligellaceae |  g__uncultured","11178","0.19947033898305086"
"2.219402985074627","2.95395579549133E-4","c__Alphaproteobacteria","0.4505716207128447","0.5697722567287785","70","3","f__Xanthobacteraceae","g__Bradyrhizobium.7","false","d__Bacteria","d__Bacteria |  p__Proteobacteria |  c__Alphaproteobacteria | Rhizobiales |  f__Xanthobacteraceae |  g__Bradyrhizobium.7","108.1","0","70","Rhizobiales","0","p__Proteobacteria","0.9947665107936712","false","0","d__Bacteria |  p__Proteobacteria |  c__Alphaproteobacteria | Rhizobiales |  f__Xanthobacteraceae |  g__Bradyrhizobium.7","5258","0.23863134657836643"
"1.9522388059701492","0.003099347370937236","c__Alphaproteobacteria","0.5122324159021406","0.3392829900839054","115","3","f__Xanthobacteraceae","g__Pseudorhodoplanes","false","d__Bacteria","d__Bacteria |  p__Proteobacteria |  c__Alphaproteobacteria | Rhizobiales |  f__Xanthobacteraceae |  g__Pseudorhodoplanes","96.6086956521739","0","115","Rhizobiales","0","p__Proteobacteria","0.9959131381718019","false","0","d__Bacteria |  p__Proteobacteria |  c__Alphaproteobacteria | Rhizobiales |  f__Xanthobacteraceae |  g__Pseudorhodoplanes","46456","0.16458040145174432"
"2.183582089552239","2.46717175514731E-4","c__Alphaproteobacteria","0.4579630895420369","0.5851996105160662","79","3","f__Xanthobacteraceae","g__Rhodoplanes.1","false","d__Bacteria","d__Bacteria |  p__Proteobacteria |  c__Alphaproteobacteria | Rhizobiales |  f__Xanthobacteraceae |  g__Rhodoplanes.1","120.0253164556962","0","79","Rhizobiales","0","p__Proteobacteria","0.9949202485426942","false","0","d__Bacteria |  p__Proteobacteria |  c__Alphaproteobacteria | Rhizobiales |  f__Xanthobacteraceae |  g__Rhodoplanes.1","5176","0.2564643514010603"
"1.8701492537313433","0.0033130957385274933","c__Alphaproteobacteria","0.5347166799680766","0.41043702188896464","163","3","f__Xanthobacteraceae","g__uncultured.1","false","d__Bacteria","d__Bacteria |  p__Proteobacteria |  c__Alphaproteobacteria | Rhizobiales |  f__Xanthobacteraceae |  g__uncultured.1","109.3680981595092","0","163","Rhizobiales","0","p__Proteobacteria","0.9962654538466466","false","0","d__Bacteria |  p__Proteobacteria |  c__Alphaproteobacteria | Rhizobiales |  f__Xanthobacteraceae |  g__uncultured.1","63230","0.18412137737291112"
"2.1044776119402986","8.736330641114816E-4","c__Alphaproteobacteria","0.47517730496453897","0.4963162623539982","106","3","f__Sphingomonadaceae","g__Altererythrobacter.14","false","d__Bacteria","d__Bacteria |  p__Proteobacteria |  c__Alphaproteobacteria | Sphingomonadales |  f__Sphingomonadaceae |  g__Altererythrobacter.14","112.82075471698113","0","106","Sphingomonadales","0","p__Proteobacteria","0.9952597527384537","false","0","d__Bacteria |  p__Proteobacteria |  c__Alphaproteobacteria | Sphingomonadales |  f__Sphingomonadaceae |  g__Altererythrobacter.14","16266","0.22838209456878772"
"2.1880597014925374","4.202698673292565E-4","c__Alphaproteobacteria","0.45702592087312416","0.49611255090707146","74","3","f__Sphingomonadaceae","g__Altererythrobacter.3","false","d__Bacteria","d__Bacteria |  p__Proteobacteria |  c__Alphaproteobacteria | Sphingomonadales |  f__Sphingomonadaceae |  g__Altererythrobacter.3","110.8108108108108","0","74","Sphingomonadales","0","p__Proteobacteria","0.9949010313240664","false","0","d__Bacteria |  p__Proteobacteria |  c__Alphaproteobacteria | Sphingomonadales |  f__Sphingomonadaceae |  g__Altererythrobacter.3","6980","0.2357676825761932"
"2.091044776119403","0.0018318763031907913","c__Alphaproteobacteria","0.4782298358315489","0.4832474226804124","97","3","f__Sphingomonadaceae","g__Sphingomonas.1","false","d__Bacteria","d__Bacteria |  p__Proteobacteria |  c__Alphaproteobacteria | Sphingomonadales |  f__Sphingomonadaceae |  g__Sphingomonas.1","110.01030927835052","0","97","Sphingomonadales","0","p__Proteobacteria","0.9953174043943374","false","0","d__Bacteria |  p__Proteobacteria |  c__Alphaproteobacteria | Sphingomonadales |  f__Sphingomonadaceae |  g__Sphingomonas.1","29064","0.21526418786692758"
"1.9761194029850746","0.002183792457899005","c__Alphaproteobacteria","0.5060422960725076","0.4822232572581897","114","3","f__Sphingomonadaceae","g__Sphingomonas.15","false","d__Bacteria","d__Bacteria |  p__Proteobacteria |  c__Alphaproteobacteria | Sphingomonadales |  f__Sphingomonadaceae |  g__Sphingomonas.15","112.35087719298245","0","114","Sphingomonadales","0","p__Proteobacteria","0.9958106463391199","false","0","d__Bacteria |  p__Proteobacteria |  c__Alphaproteobacteria | Sphingomonadales |  f__Sphingomonadaceae |  g__Sphingomonas.15","37868","0.19641761747024905"
"2.1029850746268655","0.0015228825095102035","c__Alphaproteobacteria","0.475514549325763","0.3720792079207921","101","3","f__Sphingomonadaceae","g__Sphingomonas.16","false","d__Bacteria","d__Bacteria |  p__Proteobacteria |  c__Alphaproteobacteria | Sphingomonadales |  f__Sphingomonadaceae |  g__Sphingomonas.16","98.07920792079207","0","101","Sphingomonadales","0","p__Proteobacteria","0.9952661584779963","false","0","d__Bacteria |  p__Proteobacteria |  c__Alphaproteobacteria | Sphingomonadales |  f__Sphingomonadaceae |  g__Sphingomonas.16","25686","0.19615841584158417"
"1.9119402985074627","0.0022274930404338616","c__Alphaproteobacteria","0.5230288836846214","0.4569973029667366","142","3","f__Sphingomonadaceae","g__Sphingomonas.27","false","d__Bacteria","d__Bacteria |  p__Proteobacteria |  c__Alphaproteobacteria | Sphingomonadales |  f__Sphingomonadaceae |  g__Sphingomonas.27","113.30985915492958","0","142","Sphingomonadales","0","p__Proteobacteria","0.996086093139453","false","0","d__Bacteria |  p__Proteobacteria |  c__Alphaproteobacteria | Sphingomonadales |  f__Sphingomonadaceae |  g__Sphingomonas.27","48388","0.193032128032248"
"2.0850746268656715","0.0011681067642318212","c__Alphaproteobacteria","0.4795991410164639","0.469187675070028","120","3","f__Sphingomonadaceae","g__Sphingomonas.29","false","d__Bacteria","d__Bacteria |  p__Proteobacteria |  c__Alphaproteobacteria | Sphingomonadales |  f__Sphingomonadaceae |  g__Sphingomonas.29","113.075","0","120","Sphingomonadales","0","p__Proteobacteria","0.9953430273525079","false","0","d__Bacteria |  p__Proteobacteria |  c__Alphaproteobacteria | Sphingomonadales |  f__Sphingomonadaceae |  g__Sphingomonas.29","22970","0.22936105476673427"
"2.1194029850746268","6.695130807463527E-4","c__Alphaproteobacteria","0.471830985915493","0.502785265049416","106","3","f__Sphingomonadaceae","g__Sphingomonas.35","false","d__Bacteria","d__Bacteria |  p__Proteobacteria |  c__Alphaproteobacteria | Sphingomonadales |  f__Sphingomonadaceae |  g__Sphingomonas.35","115.48113207547169","0","106","Sphingomonadales","0","p__Proteobacteria","0.9951956953430273","false","0","d__Bacteria |  p__Proteobacteria |  c__Alphaproteobacteria | Sphingomonadales |  f__Sphingomonadaceae |  g__Sphingomonas.35","12876","0.23859738032122252"
"2.1014925373134328","7.978841178104678E-4","c__Alphaproteobacteria","0.47585227272727276","0.497029702970297","101","3","f__Sphingomonadaceae","g__Sphingomonas.41","false","d__Bacteria","d__Bacteria |  p__Proteobacteria |  c__Alphaproteobacteria | Sphingomonadales |  f__Sphingomonadaceae |  g__Sphingomonas.41","110.99009900990099","0","101","Sphingomonadales","0","p__Proteobacteria","0.995272564217539","false","0","d__Bacteria |  p__Proteobacteria |  c__Alphaproteobacteria | Sphingomonadales |  f__Sphingomonadaceae |  g__Sphingomonas.41","13906","0.22153712377225745"
"1.9253731343283582","0.0025310604569841726","c__Alphaproteobacteria","0.5193798449612403","0.4329923944400734","124","3","f__Sphingomonadaceae","g__Sphingomonas.7","false","d__Bacteria","d__Bacteria |  p__Proteobacteria |  c__Alphaproteobacteria | Sphingomonadales |  f__Sphingomonadaceae |  g__Sphingomonas.7","112.45161290322581","0","124","Sphingomonadales","0","p__Proteobacteria","0.9960284414835693","false","0","d__Bacteria |  p__Proteobacteria |  c__Alphaproteobacteria | Sphingomonadales |  f__Sphingomonadaceae |  g__Sphingomonas.7","47824","0.18867720285776143"
"2.032835820895522","0.0016547885679414258","c__Alphaproteobacteria","0.49192364170337743","0.4243080862799173","143","3","f__Sphingomonadaceae","g__uncultured.3","false","d__Bacteria","d__Bacteria |  p__Proteobacteria |  c__Alphaproteobacteria | Sphingomonadales |  f__Sphingomonadaceae |  g__uncultured.3","110.13986013986013","0","143","Sphingomonadales","0","p__Proteobacteria","0.9955672282364999","false","0","d__Bacteria |  p__Proteobacteria |  c__Alphaproteobacteria | Sphingomonadales |  f__Sphingomonadaceae |  g__uncultured.3","28472","0.2180987329502181"
"2.0776119402985076","0.0013459949810056397","c__Alphaproteobacteria","0.4813218390804597","0.3897353648757017","87","3","f__Sphingomonadaceae","0.999886035","false","d__Bacteria","d__Bacteria |  p__Proteobacteria |  c__Alphaproteobacteria | Sphingomonadales |  f__Sphingomonadaceae | 0.999886035","102.04597701149426","0","87","Sphingomonadales","0","p__Proteobacteria","0.995375056050221","false","0","d__Bacteria |  p__Proteobacteria |  c__Alphaproteobacteria | Sphingomonadales |  f__Sphingomonadaceae | 0.999886035","21662","0.19217698118925472"
"2.174626865671642","8.636544461216894E-4","c__Alphaproteobacteria","0.45984900480439256","0.3942723942723943","78","3","f__Sphingomonadaceae","0.999986487","false","d__Bacteria","d__Bacteria |  p__Proteobacteria |  c__Alphaproteobacteria | Sphingomonadales |  f__Sphingomonadaceae | 0.999986487","90.62820512820512","0","78","Sphingomonadales","0","p__Proteobacteria","0.9949586829799499","false","0","d__Bacteria |  p__Proteobacteria |  c__Alphaproteobacteria | Sphingomonadales |  f__Sphingomonadaceae | 0.999986487","13964","0.19079622132253712"
"1.8238805970149254","0.004809133222317028","c__Alphaproteobacteria","0.5482815057283142","0.37080061082024435","192","3","f__Geminicoccaceae","g__Candidatus_Alysiosphaera","false","d__Bacteria","d__Bacteria |  p__Proteobacteria |  c__Alphaproteobacteria | Tistrellales |  f__Geminicoccaceae |  g__Candidatus_Alysiosphaera","108.046875","0","192","Tistrellales","0","p__Proteobacteria","0.9964640317724681","false","0","d__Bacteria |  p__Proteobacteria |  c__Alphaproteobacteria | Tistrellales |  f__Geminicoccaceae |  g__Candidatus_Alysiosphaera","89654","0.18128670302013422"
"2.1731343283582087","5.470076479125148E-4","c__Gammaproteobacteria","0.4601648351648352","0.4673684210526316","76","3","f__Nitrosomonadaceae","g__IS-44","false","d__Bacteria","d__Bacteria |  p__Proteobacteria |  c__Gammaproteobacteria | Burkholderiales |  f__Nitrosomonadaceae |  g__IS-44","99.55263157894737","0","76","Burkholderiales","0","p__Proteobacteria","0.9949650887194927","false","0","d__Bacteria |  p__Proteobacteria |  c__Gammaproteobacteria | Burkholderiales |  f__Nitrosomonadaceae |  g__IS-44","9760","0.20826910372164723"
"2.065671641791045","9.419222533306272E-4","c__Gammaproteobacteria","0.4841040462427746","0.5076865391826022","127","3","f__Nitrosomonadaceae","g__MND1.1","false","d__Bacteria","d__Bacteria |  p__Proteobacteria |  c__Gammaproteobacteria | Burkholderiales |  f__Nitrosomonadaceae |  g__MND1.1","115.10236220472441","0","127","Burkholderiales","0","p__Proteobacteria","0.995426301966562","false","0","d__Bacteria |  p__Proteobacteria |  c__Gammaproteobacteria | Burkholderiales |  f__Nitrosomonadaceae |  g__MND1.1","19114","0.2306660565224938"
"1.7447761194029852","0.011109810309551472","c__Gammaproteobacteria","0.5731394354148844","0.33037781390079307","202","3","f__SC-I-84","g__SC-I-84","false","d__Bacteria","d__Bacteria |  p__Proteobacteria |  c__Gammaproteobacteria | Burkholderiales |  f__SC-I-84 |  g__SC-I-84","99.43069306930693","0","202","Burkholderiales","0","p__Proteobacteria","0.9968035359682276","false","0","d__Bacteria |  p__Proteobacteria |  c__Gammaproteobacteria | Burkholderiales |  f__SC-I-84 |  g__SC-I-84","165846","0.15560358852786688"
"1.7701492537313432","0.008384557331020497","c__Gammaproteobacteria","0.5649241146711635","0.36303515489035854","170","3","f__SC-I-84","g__SC-I-84.1","false","d__Bacteria","d__Bacteria |  p__Proteobacteria |  c__Gammaproteobacteria | Burkholderiales |  f__SC-I-84 |  g__SC-I-84.1","105.39411764705882","0","170","Burkholderiales","0","p__Proteobacteria","0.9966946383960028","false","0","d__Bacteria |  p__Proteobacteria |  c__Gammaproteobacteria | Burkholderiales |  f__SC-I-84 |  g__SC-I-84.1","137690","0.1611530850872459"
"2.082089552238806","0.0010822837712288938","c__Gammaproteobacteria","0.48028673835125446","0.48611308930351804","119","3","f__SC-I-84","g__SC-I-84.2","false","d__Bacteria","d__Bacteria |  p__Proteobacteria |  c__Gammaproteobacteria | Burkholderiales |  f__SC-I-84 |  g__SC-I-84.2","112.53781512605042","0","119","Burkholderiales","0","p__Proteobacteria","0.9953558388315931","false","0","d__Bacteria |  p__Proteobacteria |  c__Gammaproteobacteria | Burkholderiales |  f__SC-I-84 |  g__SC-I-84.2","20862","0.226890756302521"
"1.9671641791044776","0.002700070861188764","c__Gammaproteobacteria","0.5083459787556904","0.4041589075108628","180","3","f__SC-I-84","g__SC-I-84.5","false","d__Bacteria","d__Bacteria |  p__Proteobacteria |  c__Gammaproteobacteria | Burkholderiales |  f__SC-I-84 |  g__SC-I-84.5","108.72222222222223","0","180","Burkholderiales","0","p__Proteobacteria","0.9958490807763756","false","0","d__Bacteria |  p__Proteobacteria |  c__Gammaproteobacteria | Burkholderiales |  f__SC-I-84 |  g__SC-I-84.5","48070","0.2123480902777778"
"1.6865671641791045","0.021676099261933885","c__Gammaproteobacteria","0.5929203539823009","0.30042700714497106","218","3","f__Sutterellaceae","g__uncultured","false","d__Bacteria","d__Bacteria |  p__Proteobacteria |  c__Gammaproteobacteria | Burkholderiales |  f__Sutterellaceae |  g__uncultured","100.21559633027523","0","218","Burkholderiales","0","p__Proteobacteria","0.9970533598103901","false","0","d__Bacteria |  p__Proteobacteria |  c__Gammaproteobacteria | Burkholderiales |  f__Sutterellaceae |  g__uncultured","328038","0.15160515760107704"
"1.9208955223880597","0.0021866758127271103",,"0.5205905205905206","0.48396763560083905","142","3",,,"false",,"d__Bacteria |  p__Proteobacteria |  c__Gammaproteobacteria | Burkholderiales | 0.999315863 | ","113.0774647887324","0","142",,"0",,"0.9960476587021971","false","0","d__Bacteria |  p__Proteobacteria |  c__Gammaproteobacteria | Burkholderiales | 0.999315863 | ","45516","0.19462558483430706"
"2.18955223880597","9.862420618035348E-4","c__Gammaproteobacteria","0.4567143830947512","0.45251058681185724","58","3","f__Cellvibrionaceae","g__Cellvibrio","false","d__Bacteria","d__Bacteria |  p__Proteobacteria |  c__Gammaproteobacteria | Cellvibrionales |  f__Cellvibrionaceae |  g__Cellvibrio","105.55172413793103","0","58","Cellvibrionales","0","p__Proteobacteria","0.9948946255845238","false","0","d__Bacteria |  p__Proteobacteria |  c__Gammaproteobacteria | Cellvibrionales |  f__Cellvibrionaceae |  g__Cellvibrio","14166","0.2176324209029506"
"1.7358208955223882","0.011960637218845079","c__Gammaproteobacteria","0.5760963026655201","0.34106084076705306","194","3","f__Unknown_Family","g__Acidibacter","false","d__Bacteria","d__Bacteria |  p__Proteobacteria |  c__Gammaproteobacteria | Gammaproteobacteria_Incertae_Sedis |  f__Unknown_Family |  g__Acidibacter","105.19072164948453","0","194","Gammaproteobacteria_Incertae_Sedis","0","p__Proteobacteria","0.9968419704054834","false","0","d__Bacteria |  p__Proteobacteria |  c__Gammaproteobacteria | Gammaproteobacteria_Incertae_Sedis |  f__Unknown_Family |  g__Acidibacter","205768","0.16108839456276344"
"2.1134328358208956","9.457950654641641E-4","c__Gammaproteobacteria","0.4731638418079096","0.4567834681042228","106","3","f__Steroidobacteraceae","g__uncultured.1","false","d__Bacteria","d__Bacteria |  p__Proteobacteria |  c__Gammaproteobacteria | Steroidobacterales |  f__Steroidobacteraceae |  g__uncultured.1","106.41509433962264","0","106","Steroidobacterales","0","p__Proteobacteria","0.9952213183011979","false","0","d__Bacteria |  p__Proteobacteria |  c__Gammaproteobacteria | Steroidobacterales |  f__Steroidobacteraceae |  g__uncultured.1","16782","0.2180637179090628"
"2.1343283582089554","4.3270491499371085E-4","c__Gammaproteobacteria","0.4685314685314685","0.5895224069009047","98","3","f__Rhodanobacteraceae","g__uncultured.2","false","d__Bacteria","d__Bacteria |  p__Proteobacteria |  c__Gammaproteobacteria | Xanthomonadales |  f__Rhodanobacteraceae |  g__uncultured.2","116.41836734693878","0","98","Xanthomonadales","0","p__Proteobacteria","0.9951316379476011","false","0","d__Bacteria |  p__Proteobacteria |  c__Gammaproteobacteria | Xanthomonadales |  f__Rhodanobacteraceae |  g__uncultured.2","9398","0.24153188246252857"
"1.9104477611940298","0.002994247464609437","c__Gammaproteobacteria","0.5234375","0.39804055593529275","133","3","f__Rhodanobacteraceae","0.96155595","false","d__Bacteria","d__Bacteria |  p__Proteobacteria |  c__Gammaproteobacteria | Xanthomonadales |  f__Rhodanobacteraceae | 0.96155595","105.6390977443609","0","133","Xanthomonadales","0","p__Proteobacteria","0.9960924988789955","false","0","d__Bacteria |  p__Proteobacteria |  c__Gammaproteobacteria | Xanthomonadales |  f__Rhodanobacteraceae | 0.96155595","49286","0.17694991246961625"
"1.871641791044776","0.0031772450769300227","c__Acidimicrobiia","0.5342902711323764","0.42072996863416023","168","3","f__Ilumatobacteraceae","g__Ilumatobacter","false","d__Bacteria","d__Bacteria |  p__Actinobacteriota |  c__Acidimicrobiia | Microtrichales |  f__Ilumatobacteraceae |  g__Ilumatobacter","110.46428571428571","0","168","Microtrichales","0","p__Actinobacteriota","0.996259048107104","false","0","d__Bacteria |  p__Actinobacteriota |  c__Acidimicrobiia | Microtrichales |  f__Ilumatobacteraceae |  g__Ilumatobacter","63768","0.18786443148688048"
"2.162686567164179","0.0013615769691549616","c__Actinobacteria","0.46238785369220153","0.3561643835616438","74","3","f__Mycobacteriaceae","g__Mycobacterium","false","d__Bacteria","d__Bacteria |  p__Actinobacteriota |  c__Actinobacteria | Corynebacteriales |  f__Mycobacteriaceae |  g__Mycobacterium","94.21621621621621","0","74","Corynebacteriales","0","p__Actinobacteriota","0.9950099288962911","false","0","d__Bacteria |  p__Actinobacteriota |  c__Actinobacteria | Corynebacteriales |  f__Mycobacteriaceae |  g__Mycobacterium","20720","0.19346245629613187"
"2.1029850746268655","0.0021015494628106183","c__Actinobacteria","0.475514549325763","0.5225308641975308","81","3","f__Mycobacteriaceae","g__Mycobacterium.1","false","d__Bacteria","d__Bacteria |  p__Actinobacteriota |  c__Actinobacteria | Corynebacteriales |  f__Mycobacteriaceae |  g__Mycobacterium.1","118.34567901234568","0","81","Corynebacteriales","0","p__Actinobacteriota","0.9952661584779963","false","0","d__Bacteria |  p__Actinobacteriota |  c__Actinobacteria | Corynebacteriales |  f__Mycobacteriaceae |  g__Mycobacterium.1","31150","0.22758784425451092"
"1.8313432835820895","0.0042917285295684246","c__Actinobacteria","0.5460472697636511","0.42228260869565215","161","3","f__Geodermatophilaceae","g__Blastococcus","false","d__Bacteria","d__Bacteria |  p__Actinobacteriota |  c__Actinobacteria | Frankiales |  f__Geodermatophilaceae |  g__Blastococcus","111.09316770186335","0","161","Frankiales","0","p__Actinobacteriota","0.9964320030747549","false","0","d__Bacteria |  p__Actinobacteriota |  c__Actinobacteria | Frankiales |  f__Geodermatophilaceae |  g__Blastococcus","78826","0.1786063789419025"
"2.1134328358208956","0.001041025687696575","c__Actinobacteria","0.4731638418079096","0.44088526499708797","102","3","f__Nocardioidaceae","g__Marmoricola.1","false","d__Bacteria","d__Bacteria |  p__Actinobacteriota |  c__Actinobacteria | Propionibacteriales |  f__Nocardioidaceae |  g__Marmoricola.1","109.67647058823529","0","102","Propionibacteriales","0","p__Actinobacteriota","0.9952213183011979","false","0","d__Bacteria |  p__Actinobacteriota |  c__Actinobacteria | Propionibacteriales |  f__Nocardioidaceae |  g__Marmoricola.1","18248","0.22291965566714492"
"2.246268656716418","3.806577441870258E-4","c__Thermoleophilia","0.4451827242524917","0.5212121212121212","55","4","f__Gaiellaceae","g__Gaiella.2","false","d__Bacteria","d__Bacteria |  p__Actinobacteriota |  c__Thermoleophilia | Gaiellales |  f__Gaiellaceae |  g__Gaiella.2","112.34545454545454","0","55","Gaiellales","0","p__Actinobacteriota","0.9946512074819038","false","0","d__Bacteria |  p__Actinobacteriota |  c__Thermoleophilia | Gaiellales |  f__Gaiellaceae |  g__Gaiella.2","6348","0.24855189058728883"
"2.0701492537313433","0.002019887236270385","c__Thermoleophilia","0.4830569574621485","0.3830104321907601","122","3","f__uncultured","g__uncultured","false","d__Bacteria","d__Bacteria |  p__Actinobacteriota |  c__Thermoleophilia | Gaiellales |  f__uncultured |  g__uncultured","99.5","0","122","Gaiellales","0","p__Actinobacteriota","0.9954070847479342","false","0","d__Bacteria |  p__Actinobacteriota |  c__Thermoleophilia | Gaiellales |  f__uncultured |  g__uncultured","31924","0.19860279441117765"
"2.165671641791045","0.0013645574864297593","c__Bacteroidia","0.4617505168849069","0.4672754946727549","73","3","f__Flavobacteriaceae","g__Flavobacterium.3","false","d__Bacteria","d__Bacteria |  p__Bacteroidota |  c__Bacteroidia | Flavobacteriales |  f__Flavobacteriaceae |  g__Flavobacterium.3","96.94520547945206","0","73","Flavobacteriales","0","p__Bacteroidota","0.9949971174172058","false","0","d__Bacteria |  p__Bacteroidota |  c__Bacteroidia | Flavobacteriales |  f__Flavobacteriaceae |  g__Flavobacterium.3","19048","0.19947573143920175"
"2.037313432835821","0.002299344504786642","c__JG30-KF-CM66","0.49084249084249076","0.4318521284540702","104","3","f__JG30-KF-CM66","g__JG30-KF-CM66","false","d__Bacteria","d__Bacteria |  p__Chloroflexi |  c__JG30-KF-CM66 | JG30-KF-CM66 |  f__JG30-KF-CM66 |  g__JG30-KF-CM66","105.50961538461539","0","104","JG30-KF-CM66","0","p__Chloroflexi","0.995548011017872","false","0","d__Bacteria |  p__Chloroflexi |  c__JG30-KF-CM66 | JG30-KF-CM66 |  f__JG30-KF-CM66 |  g__JG30-KF-CM66","38788","0.19502701549836485"
"2.0865671641791046","0.0018393899902811649","c__JG30-KF-CM66","0.4792560801144492","0.38258533501896336","113","3","f__JG30-KF-CM66","g__JG30-KF-CM66.1","false","d__Bacteria","d__Bacteria |  p__Chloroflexi |  c__JG30-KF-CM66 | JG30-KF-CM66 |  f__JG30-KF-CM66 |  g__JG30-KF-CM66.1","102.43362831858407","0","113","JG30-KF-CM66","0","p__Chloroflexi","0.9953366216129652","false","0","d__Bacteria |  p__Chloroflexi |  c__JG30-KF-CM66 | JG30-KF-CM66 |  f__JG30-KF-CM66 |  g__JG30-KF-CM66.1","28130","0.20527781226169153"
"1.8850746268656717","0.0061829759735377455","c__Ktedonobacteria","0.5304829770387965","0.3378945942284243","122","3","f__C0119","g__C0119","false","d__Bacteria","d__Bacteria |  p__Chloroflexi |  c__Ktedonobacteria | C0119 |  f__C0119 |  g__C0119","99.09016393442623","0","122","C0119","0","p__Chloroflexi","0.9962013964512203","false","0","d__Bacteria |  p__Chloroflexi |  c__Ktedonobacteria | C0119 |  f__C0119 |  g__C0119","88450","0.15854426229508198"
"2.1223880597014926","6.966637895658006E-4","c__Ktedonobacteria","0.4711673699015471","0.5241758241758242","105","3","f__C0119","g__C0119.3","false","d__Bacteria","d__Bacteria |  p__Chloroflexi |  c__Ktedonobacteria | C0119 |  f__C0119 |  g__C0119.3","112.55238095238096","0","105","C0119","0","p__Chloroflexi","0.995182883863942","false","0","d__Bacteria |  p__Chloroflexi |  c__Ktedonobacteria | C0119 |  f__C0119 |  g__C0119.3","12872","0.23302770383515725"
"2.0014925373134327","0.0020537733043894586","c__TK10","0.49962714392244595","0.43217535153019027","156","3","f__TK10","g__TK10.1","false","d__Bacteria","d__Bacteria |  p__Chloroflexi |  c__TK10 | TK10 |  f__TK10 |  g__TK10.1","109.77564102564102","0","156","TK10","0","p__Chloroflexi","0.9957017487668952","false","0","d__Bacteria |  p__Chloroflexi |  c__TK10 | TK10 |  f__TK10 |  g__TK10.1","37840","0.21398760433848152"
"2.21044776119403","0.0011774208438682875","c__TK10","0.4523970290344362","0.6053946053946054","78","3","f__TK10","g__TK10.12","false","d__Bacteria","d__Bacteria |  p__Chloroflexi |  c__TK10 | TK10 |  f__TK10 |  g__TK10.12","113.82051282051282","0","78","TK10","0","p__Chloroflexi","0.994804945230927","false","0","d__Bacteria |  p__Chloroflexi |  c__TK10 | TK10 |  f__TK10 |  g__TK10.12","14634","0.25290598290598293"
"2.182089552238806","2.5975359735017653E-4","c__TK10","0.45827633378932964","0.6563436563436563","78","3","f__TK10","g__TK10.16","false","d__Bacteria","d__Bacteria |  p__Chloroflexi |  c__TK10 | TK10 |  f__TK10 |  g__TK10.16","119.92307692307692","0","78","TK10","0","p__Chloroflexi","0.9949266542822369","false","0","d__Bacteria |  p__Chloroflexi |  c__TK10 | TK10 |  f__TK10 |  g__TK10.16","5750","0.2551554828150573"
"2.1044776119402986","6.261533546816619E-4","c__TK10","0.47517730496453897","0.5531276063386155","110","3","f__TK10","g__TK10.18","false","d__Bacteria","d__Bacteria |  p__Chloroflexi |  c__TK10 | TK10 |  f__TK10 |  g__TK10.18","115.25454545454545","0","110","TK10","0","p__Chloroflexi","0.9952597527384537","false","0","d__Bacteria |  p__Chloroflexi |  c__TK10 | TK10 |  f__TK10 |  g__TK10.18","13018","0.23521335807050092"
"1.9328358208955223","0.002987486374252927","c__TK10","0.5173745173745175","0.3877995642701525","136","3","f__TK10","g__TK10.4","false","d__Bacteria","d__Bacteria |  p__Chloroflexi |  c__TK10 | TK10 |  f__TK10 |  g__TK10.4","108.38235294117646","0","136","TK10","0","p__Chloroflexi","0.9959964127858562","false","0","d__Bacteria |  p__Chloroflexi |  c__TK10 | TK10 |  f__TK10 |  g__TK10.4","51984","0.18718886518337904"
"2.165671641791045","9.31205853595562E-4","c__TK10","0.4617505168849069","0.42773109243697477","85","3","f__TK10","g__TK10.7","false","d__Bacteria","d__Bacteria |  p__Chloroflexi |  c__TK10 | TK10 |  f__TK10 |  g__TK10.7","92.23529411764706","0","85","TK10","0","p__Chloroflexi","0.9949971174172058","false","0","d__Bacteria |  p__Chloroflexi |  c__TK10 | TK10 |  f__TK10 |  g__TK10.7","16074","0.1945892280963018"
"1.9492537313432836","0.0031985432110842637","c__Gemmatimonadetes","0.5130168453292496","0.39955072551757637","182","3","f__Gemmatimonadaceae","g__Gemmatimonas","false","d__Bacteria","d__Bacteria |  p__Gemmatimonadota |  c__Gemmatimonadetes | Gemmatimonadales |  f__Gemmatimonadaceae |  g__Gemmatimonas","106.00549450549451","0","182","Gemmatimonadales","0","p__Gemmatimonadota","0.9959259496508872","false","0","d__Bacteria |  p__Gemmatimonadota |  c__Gemmatimonadetes | Gemmatimonadales |  f__Gemmatimonadaceae |  g__Gemmatimonas","54298","0.2030756599722117"
"2.1223880597014926","0.0015240706454563195","c__Phycisphaerae","0.4711673699015471","0.39596044603408376","98","3","f__Phycisphaeraceae","g__SM1A02.1","false","d__Bacteria","d__Bacteria |  p__Planctomycetota |  c__Phycisphaerae | Phycisphaerales |  f__Phycisphaeraceae |  g__SM1A02.1","95.94897959183673","0","98","Phycisphaerales","0","p__Planctomycetota","0.995182883863942","false","0","d__Bacteria |  p__Planctomycetota |  c__Phycisphaerae | Phycisphaerales |  f__Phycisphaeraceae |  g__SM1A02.1","22776","0.19581424406497291"
"1.8582089552238805","0.005019926303657784","c__Alphaproteobacteria","0.5381526104417671","0.34276261373035566","156","3","f__Sphingomonadaceae","g__Ellin6055","false","d__Bacteria","d__Bacteria |  p__Proteobacteria |  c__Alphaproteobacteria | Sphingomonadales |  f__Sphingomonadaceae |  g__Ellin6055","103.86538461538461","0","156","Sphingomonadales","0","p__Proteobacteria","0.9963166997629876","false","0","d__Bacteria |  p__Proteobacteria |  c__Alphaproteobacteria | Sphingomonadales |  f__Sphingomonadaceae |  g__Ellin6055","79662","0.17055071365416194"
"1.8582089552238805","0.003330767769893331","c__Alphaproteobacteria","0.5381526104417671","0.4232739340595917","167","3","f__Sphingomonadaceae","g__Sphingomonas","false","d__Bacteria","d__Bacteria |  p__Proteobacteria |  c__Alphaproteobacteria | Sphingomonadales |  f__Sphingomonadaceae |  g__Sphingomonas","111.92215568862275","0","167","Sphingomonadales","0","p__Proteobacteria","0.9963166997629876","false","0","d__Bacteria |  p__Proteobacteria |  c__Alphaproteobacteria | Sphingomonadales |  f__Sphingomonadaceae |  g__Sphingomonas","69940","0.18716079546592435"
"2.1014925373134328","0.0012591322708658578","c__Alphaproteobacteria","0.47585227272727276","0.4036050156739812","88","3","f__Sphingomonadaceae","g__Sphingomonas.12","false","d__Bacteria","d__Bacteria |  p__Proteobacteria |  c__Alphaproteobacteria | Sphingomonadales |  f__Sphingomonadaceae |  g__Sphingomonas.12","102.20454545454545","0","88","Sphingomonadales","0","p__Proteobacteria","0.995272564217539","false","0","d__Bacteria |  p__Proteobacteria |  c__Alphaproteobacteria | Sphingomonadales |  f__Sphingomonadaceae |  g__Sphingomonas.12","22086","0.19884152812168376"
"2.108955223880597","8.1001685210437E-4","c__Alphaproteobacteria","0.4741684359518754","0.5983935742971888","84","3","f__Sphingomonadaceae","g__Sphingomonas.14","false","d__Bacteria","d__Bacteria |  p__Proteobacteria |  c__Alphaproteobacteria | Sphingomonadales |  f__Sphingomonadaceae |  g__Sphingomonas.14","118.38095238095238","0","84","Sphingomonadales","0","p__Proteobacteria","0.9952405355198257","false","0","d__Bacteria |  p__Proteobacteria |  c__Alphaproteobacteria | Sphingomonadales |  f__Sphingomonadaceae |  g__Sphingomonas.14","14702","0.2307620904112132"
"1.7985074626865671","0.0045442781397477885","c__Alphaproteobacteria","0.5560165975103735","0.4401330376940133","165","3","f__Sphingomonadaceae","g__Sphingomonas.19","false","d__Bacteria","d__Bacteria |  p__Proteobacteria |  c__Alphaproteobacteria | Sphingomonadales |  f__Sphingomonadaceae |  g__Sphingomonas.19","113.92121212121212","0","165","Sphingomonadales","0","p__Proteobacteria","0.9965729293446929","false","0","d__Bacteria |  p__Proteobacteria |  c__Alphaproteobacteria | Sphingomonadales |  f__Sphingomonadaceae |  g__Sphingomonas.19","97988","0.17800189393939395"
"1.9880597014925374","0.0026828389266335007","c__Alphaproteobacteria","0.5030030030030029","0.395828540756077","162","3","f__Sphingomonadaceae","g__Sphingomonas.6","false","d__Bacteria","d__Bacteria |  p__Proteobacteria |  c__Alphaproteobacteria | Sphingomonadales |  f__Sphingomonadaceae |  g__Sphingomonas.6","108.37654320987654","0","162","Sphingomonadales","0","p__Proteobacteria","0.9957594004227788","false","0","d__Bacteria |  p__Proteobacteria |  c__Alphaproteobacteria | Sphingomonadales |  f__Sphingomonadaceae |  g__Sphingomonas.6","45798","0.21003206048425688"
"1.9656716417910447","0.002757072692710023","c__Alphaproteobacteria","0.5087319665907365","0.3913803145020384","102","3","f__Sphingomonadaceae","g__uncultured","false","d__Bacteria","d__Bacteria |  p__Proteobacteria |  c__Alphaproteobacteria | Sphingomonadales |  f__Sphingomonadaceae |  g__uncultured","107.25490196078431","0","102","Sphingomonadales","0","p__Proteobacteria","0.9958554865159183","false","0","d__Bacteria |  p__Proteobacteria |  c__Alphaproteobacteria | Sphingomonadales |  f__Sphingomonadaceae |  g__uncultured","43790","0.18148037556816296"
"2.1417910447761193","7.326089141744847E-4","c__Gammaproteobacteria","0.4668989547038328","0.4683357879234168","98","3","f__Nitrosomonadaceae","g__MND1","false","d__Bacteria","d__Bacteria |  p__Proteobacteria |  c__Gammaproteobacteria | Burkholderiales |  f__Nitrosomonadaceae |  g__MND1","110.88775510204081","0","98","Burkholderiales","0","p__Proteobacteria","0.9950996092498879","false","0","d__Bacteria |  p__Proteobacteria |  c__Gammaproteobacteria | Burkholderiales |  f__Nitrosomonadaceae |  g__MND1","12008","0.2324690882642365"
"2.273134328358209","9.361345717225752E-4","c__Acidobacteriae","0.4399212081418254","0.31746031746031744","28","3","f__Bryobacteraceae","g__Bryobacter","false","d__Bacteria","d__Bacteria |  p__Acidobacteriota |  c__Acidobacteriae | Bryobacterales |  f__Bryobacteraceae |  g__Bryobacter","81.28571428571429","0","28","Bryobacterales","0","p__Acidobacteriota","0.9945359041701365","false","0","d__Bacteria |  p__Acidobacteriota |  c__Acidobacteriae | Bryobacterales |  f__Bryobacteraceae |  g__Bryobacter","9434","0.1777117849327915"
"2.2582089552238807","3.2041149610616737E-4","c__Thermoleophilia","0.4428288169200264","0.48986722571628233","54","3","f__Gaiellaceae","g__Gaiella.3","false","d__Bacteria","d__Bacteria |  p__Actinobacteriota |  c__Thermoleophilia | Gaiellales |  f__Gaiellaceae |  g__Gaiella.3","89.11111111111111","0","54","Gaiellales","0","p__Actinobacteriota","0.9945999615655627","false","0","d__Bacteria |  p__Actinobacteriota |  c__Thermoleophilia | Gaiellales |  f__Gaiellaceae |  g__Gaiella.3","5620","0.20115374968648106"
"2.117910447761194","9.459901850603373E-4","c__Thermoleophilia","0.47216349541930935","0.434911919469229","94","3","f__Solirubrobacteraceae","g__Solirubrobacter.1","false","d__Bacteria","d__Bacteria |  p__Actinobacteriota |  c__Thermoleophilia | Solirubrobacterales |  f__Solirubrobacteraceae |  g__Solirubrobacter.1","109.7127659574468","0","94","Solirubrobacterales","0","p__Actinobacteriota","0.9952021010825699","false","0","d__Bacteria |  p__Actinobacteriota |  c__Thermoleophilia | Solirubrobacterales |  f__Solirubrobacteraceae |  g__Solirubrobacter.1","17360","0.22075003210753885"
"2.198507462686567","6.573369972324486E-4","c__TK10","0.45485403937542435","0.4482496194824962","73","3","f__TK10","g__TK10.11","false","d__Bacteria","d__Bacteria |  p__Chloroflexi |  c__TK10 | TK10 |  f__TK10 |  g__TK10.11","89.93150684931507","0","73","TK10","0","p__Chloroflexi","0.994856191147268","false","0","d__Bacteria |  p__Chloroflexi |  c__TK10 | TK10 |  f__TK10 |  g__TK10.11","10526","0.19381790269248939"
"2.2522388059701495","7.693829707046472E-4",,"0.44400265076209405","0.4447058823529412","51","3",,,"false",,"d__Bacteria |  p__Chloroflexi | 0.984260738 |  |  | ","71.41176470588235","0","51",,"0",,"0.9946255845237333","false","0","d__Bacteria |  p__Chloroflexi | 0.984260738 |  |  | ","10296","0.15869281045751635"
"2.1611940298507464","6.866461121993466E-4","c__Bacteroidia","0.46270718232044195","0.3865847414234511","63","3","f__Hymenobacteraceae","g__Adhaeribacter.3","false","d__Bacteria","d__Bacteria |  p__Bacteroidota |  c__Bacteroidia | Cytophagales |  f__Hymenobacteraceae |  g__Adhaeribacter.3","99.58730158730158","0","63","Cytophagales","0","p__Bacteroidota","0.9950163346358337","false","0","d__Bacteria |  p__Bacteroidota |  c__Bacteroidia | Cytophagales |  f__Hymenobacteraceae |  g__Adhaeribacter.3","13250","0.1995737506759551"
"1.835820895522388","0.006007719806100166","c__Alphaproteobacteria","0.5447154471544715","0.33897193810647785","124","3","f__Acetobacteraceae","0.999996858","false","d__Bacteria","d__Bacteria |  p__Proteobacteria |  c__Alphaproteobacteria | Acetobacterales |  f__Acetobacteraceae | 0.999996858","102.91935483870968","0","124","Acetobacterales","0","p__Proteobacteria","0.9964127858561271","false","0","d__Bacteria |  p__Proteobacteria |  c__Alphaproteobacteria | Acetobacterales |  f__Acetobacteraceae | 0.999996858","103678","0.15688926042486231"
"2.1283582089552238","0.001279237296902247","c__Alphaproteobacteria","0.46984572230014027","0.3364678225095504","83","3","f__Sphingomonadaceae","g__Sphingomonas.20","false","d__Bacteria","d__Bacteria |  p__Proteobacteria |  c__Alphaproteobacteria | Sphingomonadales |  f__Sphingomonadaceae |  g__Sphingomonas.20","87.36144578313252","0","83","Sphingomonadales","0","p__Proteobacteria","0.9951572609057715","false","0","d__Bacteria |  p__Proteobacteria |  c__Alphaproteobacteria | Sphingomonadales |  f__Sphingomonadaceae |  g__Sphingomonas.20","20102","0.17437414327970566"
"2.165671641791045","5.767262807262635E-4","c__Holophagae","0.4617505168849069","0.4082882882882883","75","3","f__Subgroup_7","g__Subgroup_7.5","false","d__Bacteria","d__Bacteria |  p__Acidobacteriota |  c__Holophagae | Subgroup_7 |  f__Subgroup_7 |  g__Subgroup_7.5","104.78666666666666","0","75","Subgroup_7","0","p__Acidobacteriota","0.9949971174172058","false","0","d__Bacteria |  p__Acidobacteriota |  c__Holophagae | Subgroup_7 |  f__Subgroup_7 |  g__Subgroup_7.5","10112","0.21650137741046832"
"2.129850746268657","0.0011780827903668033","c__Actinobacteria","0.46951646811492637","0.39438596491228073","76","3","f__Pseudonocardiaceae","g__Pseudonocardia.5","false","d__Bacteria","d__Bacteria |  p__Actinobacteriota |  c__Actinobacteria | Pseudonocardiales |  f__Pseudonocardiaceae |  g__Pseudonocardia.5","91.01315789473684","0","76","Pseudonocardiales","0","p__Actinobacteriota","0.9951508551662289","false","0","d__Bacteria |  p__Actinobacteriota |  c__Actinobacteria | Pseudonocardiales |  f__Pseudonocardiaceae |  g__Pseudonocardia.5","18612","0.17951313194228175"
"2.0940298507462685","8.482944497059121E-4","c__Thermoleophilia","0.47754811119030655","0.5023988005997001","116","3","f__Gaiellaceae","g__Gaiella.9","false","d__Bacteria","d__Bacteria |  p__Actinobacteriota |  c__Thermoleophilia | Gaiellales |  f__Gaiellaceae |  g__Gaiella.9","114.65517241379311","0","116","Gaiellales","0","p__Actinobacteriota","0.9953045929152521","false","0","d__Bacteria |  p__Actinobacteriota |  c__Thermoleophilia | Gaiellales |  f__Gaiellaceae |  g__Gaiella.9","16762","0.2335135894374605"
"2.1522388059701494","5.526511435872613E-4","c__Thermoleophilia","0.464632454923717","0.5340817963111467","87","3","f__Solirubrobacteraceae","g__Solirubrobacter.3","false","d__Bacteria","d__Bacteria |  p__Actinobacteriota |  c__Thermoleophilia | Solirubrobacterales |  f__Solirubrobacteraceae |  g__Solirubrobacter.3","116.05747126436782","0","87","Solirubrobacterales","0","p__Actinobacteriota","0.9950547690730895","false","0","d__Bacteria |  p__Actinobacteriota |  c__Thermoleophilia | Solirubrobacterales |  f__Solirubrobacteraceae |  g__Solirubrobacter.3","9372","0.24128372404234474"
"2.207462686567164","7.360554263553111E-4","c__Bacteroidia","0.4530087897227857","0.36964569011105236","62","3","f__AKYH767","g__AKYH767","false","d__Bacteria","d__Bacteria |  p__Bacteroidota |  c__Bacteroidia | Sphingobacteriales |  f__AKYH767 |  g__AKYH767","93.56451612903226","0","62","Sphingobacteriales","0","p__Bacteroidota","0.9948177567100122","false","0","d__Bacteria |  p__Bacteroidota |  c__Bacteroidia | Sphingobacteriales |  f__AKYH767 |  g__AKYH767","11244","0.19949790219409863"
"2.216417910447761","0.0015589149676274751","c__JG30-KF-CM66","0.45117845117845123","0.5202661826981246","58","3","f__JG30-KF-CM66","g__JG30-KF-CM66.8","false","d__Bacteria","d__Bacteria |  p__Chloroflexi |  c__JG30-KF-CM66 | JG30-KF-CM66 |  f__JG30-KF-CM66 |  g__JG30-KF-CM66.8","100.84482758620689","0","58","JG30-KF-CM66","0","p__Chloroflexi","0.9947793222727563","false","0","d__Bacteria |  p__Chloroflexi |  c__JG30-KF-CM66 | JG30-KF-CM66 |  f__JG30-KF-CM66 |  g__JG30-KF-CM66.8","20012","0.2159418149597578"
"2.1223880597014926","8.753910145912145E-4","c__TK10","0.4711673699015471","0.48112560054907344","94","3","f__TK10","g__TK10.58","false","d__Bacteria","d__Bacteria |  p__Chloroflexi |  c__TK10 | TK10 |  f__TK10 |  g__TK10.58","109.6063829787234","0","94","TK10","0","p__Chloroflexi","0.995182883863942","false","0","d__Bacteria |  p__Chloroflexi |  c__TK10 | TK10 |  f__TK10 |  g__TK10.58","13892","0.2218752691876992"
"2.1582089552238806","5.957890584121353E-4","c__TK10","0.4633471645919779","0.5477855477855478","78","3","f__TK10","g__TK10.59","false","d__Bacteria","d__Bacteria |  p__Chloroflexi |  c__TK10 | TK10 |  f__TK10 |  g__TK10.59","118.51282051282051","0","78","TK10","0","p__Chloroflexi","0.995029146114919","false","0","d__Bacteria |  p__Chloroflexi |  c__TK10 | TK10 |  f__TK10 |  g__TK10.59","11032","0.24385354014983646"
"2.216417910447761","3.6675748190171515E-4",,"0.45117845117845123","0.5487179487179488","66","3",,,"false",,"d__Bacteria |  p__Chloroflexi | 0.973341648 |  |  | ","112.34848484848484","0","66",,"0",,"0.9947793222727563","false","0","d__Bacteria |  p__Chloroflexi | 0.973341648 |  |  | ","6108","0.2447679408463722"
"2.21044776119403","6.545513724731205E-4","c__Gemmatimonadetes","0.4523970290344362","0.36298701298701297","56","3","f__Gemmatimonadaceae","g__Gemmatimonas.3","false","d__Bacteria","d__Bacteria |  p__Gemmatimonadota |  c__Gemmatimonadetes | Gemmatimonadales |  f__Gemmatimonadaceae |  g__Gemmatimonas.3","95.39285714285714","0","56","Gemmatimonadales","0","p__Gemmatimonadota","0.994804945230927","false","0","d__Bacteria |  p__Gemmatimonadota |  c__Gemmatimonadetes | Gemmatimonadales |  f__Gemmatimonadaceae |  g__Gemmatimonas.3","11022","0.2016762307459982"
"2.1402985074626866","0.0017562012779001508","c__Alphaproteobacteria","0.46722454672245467","0.4107683000604961","58","3","f__Hyphomonadaceae","g__Hirschia","false","d__Bacteria","d__Bacteria |  p__Proteobacteria |  c__Alphaproteobacteria | Caulobacterales |  f__Hyphomonadaceae |  g__Hirschia","87.06896551724138","0","58","Caulobacterales","0","p__Proteobacteria","0.9951060149894305","false","0","d__Bacteria |  p__Proteobacteria |  c__Alphaproteobacteria | Caulobacterales |  f__Hyphomonadaceae |  g__Hirschia","20056","0.16837857666911224"
"2.0104477611940297","0.001551838214841097","c__Alphaproteobacteria","0.4974016332590943","0.41461330294829796","119","3","f__Beijerinckiaceae","0.723813121","false","d__Bacteria","d__Bacteria |  p__Proteobacteria |  c__Alphaproteobacteria | Rhizobiales |  f__Beijerinckiaceae | 0.723813121","107.95798319327731","0","119","Rhizobiales","0","p__Proteobacteria","0.9956633143296394","false","0","d__Bacteria |  p__Proteobacteria |  c__Alphaproteobacteria | Rhizobiales |  f__Beijerinckiaceae | 0.723813121","29508","0.19845217498764212"
"2.3776119402985074","9.293841719799391E-5","c__Alphaproteobacteria","0.42059008160703076","0.3473684210526316","20","4","f__Xanthobacteraceae","g__Bradyrhizobium.2","false","d__Bacteria","d__Bacteria |  p__Proteobacteria |  c__Alphaproteobacteria | Rhizobiales |  f__Xanthobacteraceae |  g__Bradyrhizobium.2","84.1","0","20","Rhizobiales","0","p__Proteobacteria","0.9940875024021524","false","0","d__Bacteria |  p__Proteobacteria |  c__Alphaproteobacteria | Rhizobiales |  f__Xanthobacteraceae |  g__Bradyrhizobium.2","1698","0.21077694235588973"
"2.1641791044776117","8.847219397624417E-4","c__Alphaproteobacteria","0.4620689655172414","0.41123012009087956","79","3","f__Xanthobacteraceae","g__Bradyrhizobium.3","false","d__Bacteria","d__Bacteria |  p__Proteobacteria |  c__Alphaproteobacteria | Rhizobiales |  f__Xanthobacteraceae |  g__Bradyrhizobium.3","103.78481012658227","0","79","Rhizobiales","0","p__Proteobacteria","0.9950035231567483","false","0","d__Bacteria |  p__Proteobacteria |  c__Alphaproteobacteria | Rhizobiales |  f__Xanthobacteraceae |  g__Bradyrhizobium.3","13574","0.2157688360220006"
"2.2208955223880595","4.920916427630209E-4","c__Gammaproteobacteria","0.4502688172043011","0.503968253968254","64","3","f__A21b","g__A21b.1","false","d__Bacteria","d__Bacteria |  p__Proteobacteria |  c__Gammaproteobacteria | Burkholderiales |  f__A21b |  g__A21b.1","102.203125","0","64","Burkholderiales","0","p__Proteobacteria","0.9947601050541286","false","0","d__Bacteria |  p__Proteobacteria |  c__Gammaproteobacteria | Burkholderiales |  f__A21b |  g__A21b.1","7876","0.22315092794759825"
"2.1701492537313434","6.79447982478941E-4","c__Gammaproteobacteria","0.4607977991746905","0.447719298245614","76","3","f__SC-I-84","g__SC-I-84.11","false","d__Bacteria","d__Bacteria |  p__Proteobacteria |  c__Gammaproteobacteria | Burkholderiales |  f__SC-I-84 |  g__SC-I-84.11","96.84210526315789","0","76","Burkholderiales","0","p__Proteobacteria","0.9949779001985779","false","0","d__Bacteria |  p__Proteobacteria |  c__Gammaproteobacteria | Burkholderiales |  f__SC-I-84 |  g__SC-I-84.11","11386","0.20175438596491227"
"2.2223880597014927","2.583298950122157E-4","c__Dehalococcoidia","0.4499664204163868","0.6051587301587301","64","3","f__S085","g__S085.5","false","d__Bacteria","d__Bacteria |  p__Chloroflexi |  c__Dehalococcoidia | S085 |  f__S085 |  g__S085.5","114.375","0","64","S085","0","p__Chloroflexi","0.9947536993145858","false","0","d__Bacteria |  p__Chloroflexi |  c__Dehalococcoidia | S085 |  f__S085 |  g__S085.5","4218","0.25027352297593"
"2.074626865671642","0.001137410564261187",,"0.48201438848920863","0.48633879781420764","123","3",,,"false",,"d__Bacteria |  p__Chloroflexi | 0.984656734 |  |  | ","113.79674796747967","0","123",,"0",,"0.9953878675293063","false","0","d__Bacteria |  p__Chloroflexi | 0.984656734 |  |  | ","22000","0.2289672997333595"
"2.117910447761194","8.886625368722342E-4","c__Polyangia","0.47216349541930935","0.4742052160670093","103","3","f__Polyangiaceae","g__Pajaroellobacter.1","false","d__Bacteria","d__Bacteria |  p__Myxococcota |  c__Polyangia | Polyangiales |  f__Polyangiaceae |  g__Pajaroellobacter.1","112.49514563106796","0","103","Polyangiales","0","p__Myxococcota","0.9952021010825699","false","0","d__Bacteria |  p__Myxococcota |  c__Polyangia | Polyangiales |  f__Polyangiaceae |  g__Pajaroellobacter.1","13712","0.23052283940792614"
"1.9940298507462686","0.00242629935349724","c__Alphaproteobacteria","0.5014970059880239","0.37743911123771545","119","3","f__Micropepsaceae","g__uncultured.1","false","d__Bacteria","d__Bacteria |  p__Proteobacteria |  c__Alphaproteobacteria | Micropepsales |  f__Micropepsaceae |  g__uncultured.1","108.09243697478992","0","119","Micropepsales","0","p__Proteobacteria","0.9957337774646082","false","0","d__Bacteria |  p__Proteobacteria |  c__Alphaproteobacteria | Micropepsales |  f__Micropepsaceae |  g__uncultured.1","40798","0.19476114770232417"
"2.032835820895522","0.00196316174219934",,"0.49192364170337743","0.4427022518765638","110","3",,,"false",,"d__Bacteria |  p__Proteobacteria |  c__Alphaproteobacteria | Rhizobiales | 0.999651076 | ","109.2","0","110",,"0",,"0.9955672282364999","false","0","d__Bacteria |  p__Proteobacteria |  c__Alphaproteobacteria | Rhizobiales | 0.999651076 | ","34640","0.20297397769516728"
"2.12089552238806","0.0017182442580026248","c__Thermoleophilia","0.4714989444053483","0.45754446356855993","84","3","f__uncultured","g__uncultured.2","false","d__Bacteria","d__Bacteria |  p__Actinobacteriota |  c__Thermoleophilia | Gaiellales |  f__uncultured |  g__uncultured.2","107.6547619047619","0","84","Gaiellales","0","p__Actinobacteriota","0.9951892896034847","false","0","d__Bacteria |  p__Actinobacteriota |  c__Thermoleophilia | Gaiellales |  f__uncultured |  g__uncultured.2","24892","0.21317774634606318"
"2.062686567164179","0.002082733988757187","c__Alphaproteobacteria","0.4848046309696093","0.3495614035087719","96","3","f__Caulobacteraceae","g__Brevundimonas.3","false","d__Bacteria","d__Bacteria |  p__Proteobacteria |  c__Alphaproteobacteria | Caulobacterales |  f__Caulobacteraceae |  g__Brevundimonas.3","90.30208333333333","0","96","Caulobacterales","0","p__Proteobacteria","0.9954391134456473","false","0","d__Bacteria |  p__Proteobacteria |  c__Alphaproteobacteria | Caulobacterales |  f__Caulobacteraceae |  g__Brevundimonas.3","29536","0.1697407581453634"
"2.2238805970149254","4.74310359025997E-4","c__Alphaproteobacteria","0.44966442953020136","0.4342489772063121","59","4","f__Sphingomonadaceae","g__Sphingomonas.32","false","d__Bacteria","d__Bacteria |  p__Proteobacteria |  c__Alphaproteobacteria | Sphingomonadales |  f__Sphingomonadaceae |  g__Sphingomonas.32","85.66101694915254","0","59","Sphingomonadales","0","p__Proteobacteria","0.9947472935750432","false","0","d__Bacteria |  p__Proteobacteria |  c__Alphaproteobacteria | Sphingomonadales |  f__Sphingomonadaceae |  g__Sphingomonas.32","8786","0.18541345659989728"
"2.226865671641791","5.110778717903402E-4","c__Acidobacteriae","0.4490616621983914","0.4129943502824859","60","4","f__Bryobacteraceae","g__Bryobacter.6","false","d__Bacteria","d__Bacteria |  p__Acidobacteriota |  c__Acidobacteriae | Bryobacterales |  f__Bryobacteraceae |  g__Bryobacter.6","94.4","0","60","Bryobacterales","0","p__Acidobacteriota","0.9947344820959579","false","0","d__Bacteria |  p__Acidobacteriota |  c__Acidobacteriae | Bryobacterales |  f__Bryobacteraceae |  g__Bryobacter.6","7736","0.2056644880174292"
"2.1014925373134328","0.0010691818406825143","c__Holophagae","0.47585227272727276","0.41813186813186815","105","3","f__Subgroup_7","g__Subgroup_7.3","false","d__Bacteria","d__Bacteria |  p__Acidobacteriota |  c__Holophagae | Subgroup_7 |  f__Subgroup_7 |  g__Subgroup_7.3","106.54285714285714","0","105","Subgroup_7","0","p__Acidobacteriota","0.995272564217539","false","0","d__Bacteria |  p__Acidobacteriota |  c__Holophagae | Subgroup_7 |  f__Subgroup_7 |  g__Subgroup_7.3","16388","0.21437194596148318"
"1.828358208955224","0.007421500157255595","c__Acidimicrobiia","0.5469387755102041","0.337185534591195","160","3","f__uncultured","g__uncultured","false","d__Bacteria","d__Bacteria |  p__Actinobacteriota |  c__Acidimicrobiia | uncultured |  f__uncultured |  g__uncultured","102.3875","0","160","uncultured","0","p__Actinobacteriota","0.9964448145538403","false","0","d__Bacteria |  p__Actinobacteriota |  c__Acidimicrobiia | uncultured |  f__uncultured |  g__uncultured","122416","0.16382"
"2.237313432835821","7.894752121908342E-4","c__Actinobacteria","0.44696464309539696","0.45153061224489793","49","4","f__Pseudonocardiaceae","g__Pseudonocardia.15","false","d__Bacteria","d__Bacteria |  p__Actinobacteriota |  c__Actinobacteria | Pseudonocardiales |  f__Pseudonocardiaceae |  g__Pseudonocardia.15","103.89795918367346","0","49","Pseudonocardiales","0","p__Actinobacteriota","0.9946896419191595","false","0","d__Bacteria |  p__Actinobacteriota |  c__Actinobacteria | Pseudonocardiales |  f__Pseudonocardiaceae |  g__Pseudonocardia.15","10554","0.2248431840268575"
"2.273134328358209","1.3091329567922654E-4","c__Thermoleophilia","0.4399212081418254","0.5612244897959183","49","3","f__67-14","g__67-14","false","d__Bacteria","d__Bacteria |  p__Actinobacteriota |  c__Thermoleophilia | Solirubrobacterales |  f__67-14 |  g__67-14","114.10204081632654","0","49","Solirubrobacterales","0","p__Actinobacteriota","0.9945359041701365","false","0","d__Bacteria |  p__Actinobacteriota |  c__Thermoleophilia | Solirubrobacterales |  f__67-14 |  g__67-14","2404","0.2605069425030286"
"2.1432835820895524","8.195206321351859E-4","c__Kapabacteria","0.4665738161559888","0.4832722832722833","91","3","f__Kapabacteriales","g__Kapabacteriales.2","false","d__Bacteria","d__Bacteria |  p__Bacteroidota |  c__Kapabacteria | Kapabacteriales |  f__Kapabacteriales |  g__Kapabacteriales.2","111.68131868131869","0","91","Kapabacteriales","0","p__Bacteroidota","0.9950932035103452","false","0","d__Bacteria |  p__Bacteroidota |  c__Kapabacteria | Kapabacteriales |  f__Kapabacteriales |  g__Kapabacteriales.2","14226","0.2312242622801629"
"2.2134328358208957","3.202007747411757E-4","c__Gemmatimonadetes","0.4517869184086311","0.44862155388471175","57","3","f__Gemmatimonadaceae","g__uncultured.1","false","d__Bacteria","d__Bacteria |  p__Gemmatimonadota |  c__Gemmatimonadetes | Gemmatimonadales |  f__Gemmatimonadaceae |  g__uncultured.1","101.05263157894737","0","57","Gemmatimonadales","0","p__Gemmatimonadota","0.9947921337518416","false","0","d__Bacteria |  p__Gemmatimonadota |  c__Gemmatimonadetes | Gemmatimonadales |  f__Gemmatimonadaceae |  g__uncultured.1","5634","0.21500559910414332"
"2.2149253731343284","5.776000320063283E-4","c__Alphaproteobacteria","0.45148247978436656","0.32727272727272727","56","4","f__Caulobacteraceae","g__Phenylobacterium.2","false","d__Bacteria","d__Bacteria |  p__Proteobacteria |  c__Alphaproteobacteria | Caulobacterales |  f__Caulobacteraceae |  g__Phenylobacterium.2","86.75","0","56","Caulobacterales","0","p__Proteobacteria","0.994785728012299","false","0","d__Bacteria |  p__Proteobacteria |  c__Alphaproteobacteria | Caulobacterales |  f__Caulobacteraceae |  g__Phenylobacterium.2","7384","0.18418259023354563"
"2.1014925373134328","0.0012434018409859951","c__Alphaproteobacteria","0.47585227272727276","0.38961038961038963","78","3","f__Caulobacteraceae","0.999813735","false","d__Bacteria","d__Bacteria |  p__Proteobacteria |  c__Alphaproteobacteria | Caulobacterales |  f__Caulobacteraceae | 0.999813735","92.44871794871794","0","78","Caulobacterales","0","p__Proteobacteria","0.995272564217539","false","0","d__Bacteria |  p__Proteobacteria |  c__Alphaproteobacteria | Caulobacterales |  f__Caulobacteraceae | 0.999813735","19350","0.17642885104717165"
"2.2597014925373133","2.482613831655043E-4","c__Alphaproteobacteria","0.44253632760898287","0.4166666666666667","40","4","f__Sphingomonadaceae","g__Sphingomonas.11","false","d__Bacteria","d__Bacteria |  p__Proteobacteria |  c__Alphaproteobacteria | Sphingomonadales |  f__Sphingomonadaceae |  g__Sphingomonas.11","87.4","0","40","Sphingomonadales","0","p__Proteobacteria","0.99459355582602","false","0","d__Bacteria |  p__Proteobacteria |  c__Alphaproteobacteria | Sphingomonadales |  f__Sphingomonadaceae |  g__Sphingomonas.11","3856","0.1912472647702407"
"2.156716417910448","0.0011978673785526847","c__Alphaproteobacteria","0.46366782006920415","0.38686730506155953","86","3","f__Sphingomonadaceae","g__Sphingomonas.21","false","d__Bacteria","d__Bacteria |  p__Proteobacteria |  c__Alphaproteobacteria | Sphingomonadales |  f__Sphingomonadaceae |  g__Sphingomonas.21","97.94186046511628","0","86","Sphingomonadales","0","p__Proteobacteria","0.9950355518544616","false","0","d__Bacteria |  p__Proteobacteria |  c__Alphaproteobacteria | Sphingomonadales |  f__Sphingomonadaceae |  g__Sphingomonas.21","19522","0.20447152497936594"
"2.056716417910448","0.002253717163323131","c__Alphaproteobacteria","0.4862119013062409","0.3442288049029622","89","3","f__Sphingomonadaceae","g__Sphingomonas.34","false","d__Bacteria","d__Bacteria |  p__Proteobacteria |  c__Alphaproteobacteria | Sphingomonadales |  f__Sphingomonadaceae |  g__Sphingomonas.34","85.62921348314607","0","89","Sphingomonadales","0","p__Proteobacteria","0.9954647364038178","false","0","d__Bacteria |  p__Proteobacteria |  c__Alphaproteobacteria | Sphingomonadales |  f__Sphingomonadaceae |  g__Sphingomonas.34","32988","0.15769652575165022"
"2.207462686567164","5.338742994921812E-4","c__Alphaproteobacteria","0.4530087897227857","0.4016938898971567","58","3","f__Sphingomonadaceae","g__uncultured.4","false","d__Bacteria","d__Bacteria |  p__Proteobacteria |  c__Alphaproteobacteria | Sphingomonadales |  f__Sphingomonadaceae |  g__uncultured.4","99.1896551724138","0","58","Sphingomonadales","0","p__Proteobacteria","0.9948177567100122","false","0","d__Bacteria |  p__Proteobacteria |  c__Alphaproteobacteria | Sphingomonadales |  f__Sphingomonadaceae |  g__uncultured.4","8792","0.20970328789093826"
"2.2761194029850746","2.4356913007071953E-4","c__Alphaproteobacteria","0.43934426229508194","0.5539112050739958","44","4","f__Sphingomonadaceae","0.999997399","false","d__Bacteria","d__Bacteria |  p__Proteobacteria |  c__Alphaproteobacteria | Sphingomonadales |  f__Sphingomonadaceae | 0.999997399","72.22727272727273","0","44","Sphingomonadales","0","p__Proteobacteria","0.9945230926910512","false","0","d__Bacteria |  p__Proteobacteria |  c__Alphaproteobacteria | Sphingomonadales |  f__Sphingomonadaceae | 0.999997399","3754","0.16341011929247223"
"1.964179104477612","0.002087228033677763","c__Alphaproteobacteria","0.5091185410334347","0.398989898989899","100","3","f__Sphingomonadaceae","0.999999077","false","d__Bacteria","d__Bacteria |  p__Proteobacteria |  c__Alphaproteobacteria | Sphingomonadales |  f__Sphingomonadaceae | 0.999999077","104.27","0","100","Sphingomonadales","0","p__Proteobacteria","0.995861892255461","false","0","d__Bacteria |  p__Proteobacteria |  c__Alphaproteobacteria | Sphingomonadales |  f__Sphingomonadaceae | 0.999999077","35652","0.17553872053872055"
"1.9104477611940298","0.0039029451401108735",,"0.5234375","0.3446623093681917","136","3",,,"false",,"d__Bacteria |  p__Proteobacteria |  c__Gammaproteobacteria | 0.999996141 |  | ","104.49264705882354","0","136",,"0",,"0.9960924988789955","false","0","d__Bacteria |  p__Proteobacteria |  c__Gammaproteobacteria | 0.999996141 |  | ","64022","0.17591354723707664"
"2.046268656716418","0.001529972614174933","c__Gammaproteobacteria","0.48869438366156087","0.4708558129694277","138","3","f__Pseudohongiellaceae","g__BIyi10","false","d__Bacteria","d__Bacteria |  p__Proteobacteria |  c__Gammaproteobacteria | Oceanospirillales |  f__Pseudohongiellaceae |  g__BIyi10","113.66666666666667","0","138","Oceanospirillales","0","p__Proteobacteria","0.9955095765806162","false","0","d__Bacteria |  p__Proteobacteria |  c__Gammaproteobacteria | Oceanospirillales |  f__Pseudohongiellaceae |  g__BIyi10","27210","0.2268795741849634"
"2.219402985074627","2.1097249707709403E-4","c__Gammaproteobacteria","0.4505716207128447","0.5444646098003629","58","4","f__Rhodanobacteraceae","g__uncultured.1","false","d__Bacteria","d__Bacteria |  p__Proteobacteria |  c__Gammaproteobacteria | Xanthomonadales |  f__Rhodanobacteraceae |  g__uncultured.1","117.24137931034483","0","58","Xanthomonadales","0","p__Proteobacteria","0.9947665107936712","false","0","d__Bacteria |  p__Proteobacteria |  c__Gammaproteobacteria | Xanthomonadales |  f__Rhodanobacteraceae |  g__uncultured.1","3530","0.25159094272606186"
"2.1059701492537313","0.0023087768030615754","c__Holophagae","0.4748405386250886","0.3201979821054635","103","3","f__Subgroup_7","g__Subgroup_7","false","d__Bacteria","d__Bacteria |  p__Acidobacteriota |  c__Holophagae | Subgroup_7 |  f__Subgroup_7 |  g__Subgroup_7","91.85436893203884","0","103","Subgroup_7","0","p__Acidobacteriota","0.9952533469989111","false","0","d__Bacteria |  p__Acidobacteriota |  c__Holophagae | Subgroup_7 |  f__Subgroup_7 |  g__Subgroup_7","31254","0.18519025994362667"
"2.198507462686567","5.384945945294398E-4","c__TK10","0.45485403937542435","0.3922077922077922","56","3","f__TK10","g__TK10.8","false","d__Bacteria","d__Bacteria |  p__Chloroflexi |  c__TK10 | TK10 |  f__TK10 |  g__TK10.8","79.33928571428571","0","56","TK10","0","p__Chloroflexi","0.994856191147268","false","0","d__Bacteria |  p__Chloroflexi |  c__TK10 | TK10 |  f__TK10 |  g__TK10.8","9216","0.16494653994653993"
"2.1701492537313434","0.0013574323376092257",,"0.4607977991746905","0.39672131147540984","61","3",,,"false",,"d__Bacteria |  p__Chloroflexi | 0.988311073 |  |  | ","71.60655737704919","0","61",,"0",,"0.9949779001985779","false","0","d__Bacteria |  p__Chloroflexi | 0.988311073 |  |  | ","17960","0.14465971187282664"
"2.1328358208955223","9.674603958941409E-4","c__Alphaproteobacteria","0.4688593421973408","0.36702909197766675","83","3","f__Sphingomonadaceae","g__Sphingomonas.9","false","d__Bacteria","d__Bacteria |  p__Proteobacteria |  c__Alphaproteobacteria | Sphingomonadales |  f__Sphingomonadaceae |  g__Sphingomonas.9","88.07228915662651","0","83","Sphingomonadales","0","p__Proteobacteria","0.9951380436871436","false","0","d__Bacteria |  p__Proteobacteria |  c__Alphaproteobacteria | Sphingomonadales |  f__Sphingomonadaceae |  g__Sphingomonas.9","15118","0.17685198625828616"
"2.0611940298507463","0.0014521498660762145","c__Alphaproteobacteria","0.4851556842867487","0.3811965811965812","91","3","f__Sphingomonadaceae","g__uncultured.1","false","d__Bacteria","d__Bacteria |  p__Proteobacteria |  c__Alphaproteobacteria | Sphingomonadales |  f__Sphingomonadaceae |  g__uncultured.1","102.76923076923077","0","91","Sphingomonadales","0","p__Proteobacteria","0.9954455191851899","false","0","d__Bacteria |  p__Proteobacteria |  c__Alphaproteobacteria | Sphingomonadales |  f__Sphingomonadaceae |  g__uncultured.1","25522","0.1910208750357449"
"2.225373134328358","0.0012544241271728685","c__Holophagae","0.44936284372904095","0.2647058823529412","52","4","f__Subgroup_7","g__Subgroup_7.23","false","d__Bacteria","d__Bacteria |  p__Acidobacteriota |  c__Holophagae | Subgroup_7 |  f__Subgroup_7 |  g__Subgroup_7.23","68.23076923076923","0","52","Subgroup_7","0","p__Acidobacteriota","0.9947408878355006","false","0","d__Bacteria |  p__Acidobacteriota |  c__Holophagae | Subgroup_7 |  f__Subgroup_7 |  g__Subgroup_7.23","14486","0.1457922419460881"
"2.1865671641791047","6.365006185157529E-4","c__Actinobacteria","0.45733788395904434","0.3454325468844525","58","3","f__Nakamurellaceae","g__Nakamurella.1","false","d__Bacteria","d__Bacteria |  p__Actinobacteriota |  c__Actinobacteria | Frankiales |  f__Nakamurellaceae |  g__Nakamurella.1","93.12068965517241","0","58","Frankiales","0","p__Actinobacteriota","0.994907437063609","false","0","d__Bacteria |  p__Actinobacteriota |  c__Actinobacteria | Frankiales |  f__Nakamurellaceae |  g__Nakamurella.1","9714","0.19121291510302343"
"2.225373134328358","9.922443182776473E-4","c__Actinobacteria","0.44936284372904095","0.39473684210526316","57","3","f__Nakamurellaceae","g__Nakamurella.2","false","d__Bacteria","d__Bacteria |  p__Actinobacteriota |  c__Actinobacteria | Frankiales |  f__Nakamurellaceae |  g__Nakamurella.2","80.94736842105263","0","57","Frankiales","0","p__Actinobacteriota","0.9947408878355006","false","0","d__Bacteria |  p__Actinobacteriota |  c__Actinobacteria | Frankiales |  f__Nakamurellaceae |  g__Nakamurella.2","16216","0.17521075415812257"
"2.2507462686567163","3.494206863928018E-4","c__Thermoleophilia","0.4442970822281167","0.488388969521045","53","3","f__Solirubrobacteraceae","g__Solirubrobacter.7","false","d__Bacteria","d__Bacteria |  p__Actinobacteriota |  c__Thermoleophilia | Solirubrobacterales |  f__Solirubrobacteraceae |  g__Solirubrobacter.7","75.49056603773585","0","53","Solirubrobacterales","0","p__Actinobacteriota","0.9946319902632759","false","0","d__Bacteria |  p__Actinobacteriota |  c__Thermoleophilia | Solirubrobacterales |  f__Solirubrobacteraceae |  g__Solirubrobacter.7","6240","0.16813043660965668"
"2.153731343283582","8.184610361302075E-4","c__Bacteroidia","0.4643104643104643","0.35524256651017216","72","3","f__Saprospiraceae","g__uncultured.1","false","d__Bacteria","d__Bacteria |  p__Bacteroidota |  c__Bacteroidia | Chitinophagales |  f__Saprospiraceae |  g__uncultured.1","92.09722222222223","0","72","Chitinophagales","0","p__Bacteroidota","0.9950483633335468","false","0","d__Bacteria |  p__Bacteroidota |  c__Bacteroidia | Chitinophagales |  f__Saprospiraceae |  g__uncultured.1","12922","0.18605499438832773"
"2.3044776119402983","5.064741112750661E-4","c__TK10","0.43393782383419693","0.41333333333333333","25","3","f__TK10","g__TK10.22","false","d__Bacteria","d__Bacteria |  p__Chloroflexi |  c__TK10 | TK10 |  f__TK10 |  g__TK10.22","70.72","0","25","TK10","0","p__Chloroflexi","0.9944013836397413","false","0","d__Bacteria |  p__Chloroflexi |  c__TK10 | TK10 |  f__TK10 |  g__TK10.22","4682","0.16036281179138323"
"2.2328358208955223","0.0013948468671912363","c__TK10","0.44786096256684493","0.3951734539969834","52","3","f__TK10","g__TK10.35","false","d__Bacteria","d__Bacteria |  p__Chloroflexi |  c__TK10 | TK10 |  f__TK10 |  g__TK10.35","53.51923076923077","0","52","TK10","0","p__Chloroflexi","0.9947088591377874","false","0","d__Bacteria |  p__Chloroflexi |  c__TK10 | TK10 |  f__TK10 |  g__TK10.35","15824","0.11584249084249085"
"2.147761194029851","0.0012068996633084889","c__TK10","0.4656011118832522","0.43478260869565216","69","3","f__TK10","g__TK10.43","false","d__Bacteria","d__Bacteria |  p__Chloroflexi |  c__TK10 | TK10 |  f__TK10 |  g__TK10.43","87.18840579710145","0","69","TK10","0","p__Chloroflexi","0.9950739862917174","false","0","d__Bacteria |  p__Chloroflexi |  c__TK10 | TK10 |  f__TK10 |  g__TK10.43","19246","0.17368208326115828"
"2.2611940298507465","4.93002486691805E-4","c__Gemmatimonadetes","0.4422442244224422","0.4549019607843137","51","3","f__Gemmatimonadaceae","g__uncultured","false","d__Bacteria","d__Bacteria |  p__Gemmatimonadota |  c__Gemmatimonadetes | Gemmatimonadales |  f__Gemmatimonadaceae |  g__uncultured","63.529411764705884","0","51","Gemmatimonadales","0","p__Gemmatimonadota","0.9945871500864775","false","0","d__Bacteria |  p__Gemmatimonadota |  c__Gemmatimonadetes | Gemmatimonadales |  f__Gemmatimonadaceae |  g__uncultured","7334","0.14308426073131955"
"2.1940298507462686","6.345709634764801E-4","c__Polyangia","0.4557823129251701","0.4231638418079096","60","4","f__Blfdi19","g__Blfdi19","false","d__Bacteria","d__Bacteria |  p__Myxococcota |  c__Polyangia | Blfdi19 |  f__Blfdi19 |  g__Blfdi19","74.0","0","60","Blfdi19","0","p__Myxococcota","0.9948754083658958","false","0","d__Bacteria |  p__Myxococcota |  c__Polyangia | Blfdi19 |  f__Blfdi19 |  g__Blfdi19","8904","0.15384615384615385"
"2.126865671641791","0.0010469375170375412","c__Polyangia","0.47017543859649125","0.2802275960170697","38","3","f__Haliangiaceae","g__Haliangium.2","false","d__Bacteria","d__Bacteria |  p__Myxococcota |  c__Polyangia | Haliangiales |  f__Haliangiaceae |  g__Haliangium.2","74.86842105263158","0","38","Haliangiales","0","p__Myxococcota","0.9951636666453142","false","0","d__Bacteria |  p__Myxococcota |  c__Polyangia | Haliangiales |  f__Haliangiaceae |  g__Haliangium.2","13074","0.13687097084576158"
"2.1582089552238806","7.997075842727328E-4","c__Polyangia","0.4633471645919779","0.36807928913192073","77","3","f__Phaselicystidaceae","g__Phaselicystis.1","false","d__Bacteria","d__Bacteria |  p__Myxococcota |  c__Polyangia | Polyangiales |  f__Phaselicystidaceae |  g__Phaselicystis.1","97.83116883116882","0","77","Polyangiales","0","p__Myxococcota","0.995029146114919","false","0","d__Bacteria |  p__Myxococcota |  c__Polyangia | Polyangiales |  f__Phaselicystidaceae |  g__Phaselicystis.1","12756","0.2008853569428518"
"2.2029850746268655","7.942451479307671E-4","c__Nitrospiria","0.453929539295393","0.43506493506493504","56","3","f__Nitrospiraceae","g__Nitrospira.3","false","d__Bacteria","d__Bacteria |  p__Nitrospirota |  c__Nitrospiria | Nitrospirales |  f__Nitrospiraceae |  g__Nitrospira.3","87.25","0","56","Nitrospirales","0","p__Nitrospirota","0.99483697392864","false","0","d__Bacteria |  p__Nitrospirota |  c__Nitrospiria | Nitrospirales |  f__Nitrospiraceae |  g__Nitrospira.3","12980","0.18253138075313807"
"2.2059701492537314","6.016531986325738E-4","c__Phycisphaerae","0.45331529093369416","0.35329703569267995","58","3","f__Phycisphaeraceae","g__SM1A02.4","false","d__Bacteria","d__Bacteria |  p__Planctomycetota |  c__Phycisphaerae | Phycisphaerales |  f__Phycisphaeraceae |  g__SM1A02.4","87.22413793103448","0","58","Phycisphaerales","0","p__Planctomycetota","0.9948241624495547","false","0","d__Bacteria |  p__Planctomycetota |  c__Phycisphaerae | Phycisphaerales |  f__Phycisphaeraceae |  g__SM1A02.4","7800","0.18401716863087444"
"2.2313432835820897","9.497372555141357E-4","c__Alphaproteobacteria","0.44816053511705684","0.3191919191919192","45","3","f__Acetobacteraceae","0.999997839","false","d__Bacteria","d__Bacteria |  p__Proteobacteria |  c__Alphaproteobacteria | Acetobacterales |  f__Acetobacteraceae | 0.999997839","59.77777777777778","0","45","Acetobacterales","0","p__Proteobacteria","0.9947152648773301","false","0","d__Bacteria |  p__Proteobacteria |  c__Alphaproteobacteria | Acetobacterales |  f__Acetobacteraceae | 0.999997839","11642","0.1271867612293144"
"2.2119402985074625","5.45992187490201E-4","c__Alphaproteobacteria","0.4520917678812416","0.3763265306122449","50","4","f__Caulobacteraceae","g__Phenylobacterium","false","d__Bacteria","d__Bacteria |  p__Proteobacteria |  c__Alphaproteobacteria | Caulobacterales |  f__Caulobacteraceae |  g__Phenylobacterium","78.64","0","50","Caulobacterales","0","p__Proteobacteria","0.9947985394913842","false","0","d__Bacteria |  p__Proteobacteria |  c__Alphaproteobacteria | Caulobacterales |  f__Caulobacteraceae |  g__Phenylobacterium","8206","0.16417536534446764"
"2.21044776119403","0.0012416498554722775","c__Alphaproteobacteria","0.4523970290344362","0.2835820895522388","67","4","f__Caulobacteraceae","0.999920874","false","d__Bacteria","d__Bacteria |  p__Proteobacteria |  c__Alphaproteobacteria | Caulobacterales |  f__Caulobacteraceae | 0.999920874","70.7910447761194","0","67","Caulobacterales","0","p__Proteobacteria","0.994804945230927","false","0","d__Bacteria |  p__Proteobacteria |  c__Alphaproteobacteria | Caulobacterales |  f__Caulobacteraceae | 0.999920874","14578","0.1528964250024177"
"2.12089552238806","9.956904763953132E-4","c__Alphaproteobacteria","0.4714989444053483","0.3758480325644505","67","3","f__Reyranellaceae","g__uncultured.2","false","d__Bacteria","d__Bacteria |  p__Proteobacteria |  c__Alphaproteobacteria | Reyranellales |  f__Reyranellaceae |  g__uncultured.2","88.31343283582089","0","67","Reyranellales","0","p__Proteobacteria","0.9951892896034847","false","0","d__Bacteria |  p__Proteobacteria |  c__Alphaproteobacteria | Reyranellales |  f__Reyranellaceae |  g__uncultured.2","13004","0.1691828215245611"
"2.029850746268657","0.0014374817781880257","c__Alphaproteobacteria","0.4926470588235294","0.35733099209833186","68","3","f__Beijerinckiaceae","g__Microvirga.2","false","d__Bacteria","d__Bacteria |  p__Proteobacteria |  c__Alphaproteobacteria | Rhizobiales |  f__Beijerinckiaceae |  g__Microvirga.2","93.79411764705883","0","68","Rhizobiales","0","p__Proteobacteria","0.9955800397155852","false","0","d__Bacteria |  p__Proteobacteria |  c__Alphaproteobacteria | Rhizobiales |  f__Beijerinckiaceae |  g__Microvirga.2","22596","0.16115827774408734"
"2.1313432835820896","0.0011305216558069563","c__Alphaproteobacteria","0.469187675070028","0.3940533151059467","77","3","f__Rhizobiales_Incertae_Sedis","g__uncultured","false","d__Bacteria","d__Bacteria |  p__Proteobacteria |  c__Alphaproteobacteria | Rhizobiales |  f__Rhizobiales_Incertae_Sedis |  g__uncultured","89.06493506493507","0","77","Rhizobiales","0","p__Proteobacteria","0.9951444494266863","false","0","d__Bacteria |  p__Proteobacteria |  c__Alphaproteobacteria | Rhizobiales |  f__Rhizobiales_Incertae_Sedis |  g__uncultured","16400","0.17636620804937636"
"2.291044776119403","2.7863879638996916E-4","c__Alphaproteobacteria","0.4364820846905538","0.4560975609756098","41","3","f__Sphingomonadaceae","g__Polymorphobacter","false","d__Bacteria","d__Bacteria |  p__Proteobacteria |  c__Alphaproteobacteria | Sphingomonadales |  f__Sphingomonadaceae |  g__Polymorphobacter","69.2439024390244","0","41","Sphingomonadales","0","p__Proteobacteria","0.9944590352956248","false","0","d__Bacteria |  p__Proteobacteria |  c__Alphaproteobacteria | Sphingomonadales |  f__Sphingomonadaceae |  g__Polymorphobacter","3610","0.15954816230189953"
"2.316417910447761","7.295254083955203E-4","c__Alphaproteobacteria","0.43170103092783507","0.40897435897435896","40","3","f__Sphingomonadaceae","g__Sphingomonas.26","false","d__Bacteria","d__Bacteria |  p__Proteobacteria |  c__Alphaproteobacteria | Sphingomonadales |  f__Sphingomonadaceae |  g__Sphingomonas.26","51.425","0","40","Sphingomonadales","0","p__Proteobacteria","0.9943501377234001","false","0","d__Bacteria |  p__Proteobacteria |  c__Alphaproteobacteria | Sphingomonadales |  f__Sphingomonadaceae |  g__Sphingomonas.26","9814","0.12302631578947368"
"2.219402985074627","6.196732580173776E-4","c__Alphaproteobacteria","0.4505716207128447","0.42740384615384613","65","4","f__Sphingomonadaceae","g__Sphingomonas.61","false","d__Bacteria","d__Bacteria |  p__Proteobacteria |  c__Alphaproteobacteria | Sphingomonadales |  f__Sphingomonadaceae |  g__Sphingomonas.61","74.61538461538461","0","65","Sphingomonadales","0","p__Proteobacteria","0.9947665107936712","false","0","d__Bacteria |  p__Proteobacteria |  c__Alphaproteobacteria | Sphingomonadales |  f__Sphingomonadaceae |  g__Sphingomonas.61","8104","0.1625607507960449"
"2.2313432835820897","0.0010712606384834385","c__Alphaproteobacteria","0.44816053511705684","0.3346153846153846","40","3","f__Sphingomonadaceae","g__Sphingomonas.8","false","d__Bacteria","d__Bacteria |  p__Proteobacteria |  c__Alphaproteobacteria | Sphingomonadales |  f__Sphingomonadaceae |  g__Sphingomonas.8","55.925","0","40","Sphingomonadales","0","p__Proteobacteria","0.9947152648773301","false","0","d__Bacteria |  p__Proteobacteria |  c__Alphaproteobacteria | Sphingomonadales |  f__Sphingomonadaceae |  g__Sphingomonas.8","13450","0.11793248945147679"
"2.31044776119403","4.430687055830988E-4","c__Alphaproteobacteria","0.4328165374677002","0.43548387096774194","32","4","f__Sphingomonadaceae","g__uncultured.2","false","d__Bacteria","d__Bacteria |  p__Proteobacteria |  c__Alphaproteobacteria | Sphingomonadales |  f__Sphingomonadaceae |  g__uncultured.2","61.3125","0","32","Sphingomonadales","0","p__Proteobacteria","0.9943757606815706","false","0","d__Bacteria |  p__Proteobacteria |  c__Alphaproteobacteria | Sphingomonadales |  f__Sphingomonadaceae |  g__uncultured.2","6570","0.14159930715935334"
"2.135820895522388","0.001071139983594483","c__Gammaproteobacteria","0.46820405310971347","0.4583333333333333","48","3","f__SC-I-84","g__SC-I-84.3","false","d__Bacteria","d__Bacteria |  p__Proteobacteria |  c__Gammaproteobacteria | Burkholderiales |  f__SC-I-84 |  g__SC-I-84.3","69.70833333333333","0","48","Burkholderiales","0","p__Proteobacteria","0.9951252322080584","false","0","d__Bacteria |  p__Proteobacteria |  c__Gammaproteobacteria | Burkholderiales |  f__SC-I-84 |  g__SC-I-84.3","12906","0.13127746390458256"
"2.1791044776119404","6.497673136336998E-4","c__Actinobacteria","0.4589041095890411","0.40503517215845986","74","4","f__Geodermatophilaceae","g__Blastococcus.1","false","d__Bacteria","d__Bacteria |  p__Actinobacteriota |  c__Actinobacteria | Frankiales |  f__Geodermatophilaceae |  g__Blastococcus.1","99.67567567567568","0","74","Frankiales","0","p__Actinobacteriota","0.9949394657613222","false","0","d__Bacteria |  p__Actinobacteriota |  c__Actinobacteria | Frankiales |  f__Geodermatophilaceae |  g__Blastococcus.1","9632","0.20896368066179388"
"1.9343283582089552","0.002441182227422507","c__Actinobacteria","0.5169753086419753","0.4226767765826133","107","3","f__Pseudonocardiaceae","g__Pseudonocardia.2","false","d__Bacteria","d__Bacteria |  p__Actinobacteriota |  c__Actinobacteria | Pseudonocardiales |  f__Pseudonocardiaceae |  g__Pseudonocardia.2","111.53271028037383","0","107","Pseudonocardiales","0","p__Actinobacteriota","0.9959900070463136","false","0","d__Bacteria |  p__Actinobacteriota |  c__Actinobacteria | Pseudonocardiales |  f__Pseudonocardiaceae |  g__Pseudonocardia.2","40694","0.1837441685014396"
"1.9134328358208956","0.004348512210710407","c__TK10","0.5226209048361934","0.3839619435949711","109","3","f__TK10","g__TK10.20","false","d__Bacteria","d__Bacteria |  p__Chloroflexi |  c__TK10 | TK10 |  f__TK10 |  g__TK10.20","107.0","0","109","TK10","0","p__Chloroflexi","0.9960796873999104","false","0","d__Bacteria |  p__Chloroflexi |  c__TK10 | TK10 |  f__TK10 |  g__TK10.20","71190","0.172859450726979"
"2.208955223880597","5.447424594145283E-4","c__Alphaproteobacteria","0.4527027027027027","0.43627710206240083","62","3","f__Sphingomonadaceae","g__Sphingomonas.13","false","d__Bacteria","d__Bacteria |  p__Proteobacteria |  c__Alphaproteobacteria | Sphingomonadales |  f__Sphingomonadaceae |  g__Sphingomonas.13","102.61290322580645","0","62","Sphingomonadales","0","p__Proteobacteria","0.9948113509704696","false","0","d__Bacteria |  p__Proteobacteria |  c__Alphaproteobacteria | Sphingomonadales |  f__Sphingomonadaceae |  g__Sphingomonas.13","7848","0.21925834022608215"
"2.1597014925373132","5.839247896170628E-4","c__Holophagae","0.4630269523151348","0.4651087309315157","79","3","f__Subgroup_7","g__Subgroup_7.4","false","d__Bacteria","d__Bacteria |  p__Acidobacteriota |  c__Holophagae | Subgroup_7 |  f__Subgroup_7 |  g__Subgroup_7.4","113.13924050632912","0","79","Subgroup_7","0","p__Acidobacteriota","0.9950227403753763","false","0","d__Bacteria |  p__Acidobacteriota |  c__Holophagae | Subgroup_7 |  f__Subgroup_7 |  g__Subgroup_7.4","10292","0.23375876137671306"
"2.1417910447761193","4.0463830833294893E-4","c__Bacteroidia","0.4668989547038328","0.570473005255614","92","3","f__env.OPS_17","g__env.OPS_17.1","false","d__Bacteria","d__Bacteria |  p__Bacteroidota |  c__Bacteroidia | Sphingobacteriales |  f__env.OPS_17 |  g__env.OPS_17.1","119.75","0","92","Sphingobacteriales","0","p__Bacteroidota","0.9950996092498879","false","0","d__Bacteria |  p__Bacteroidota |  c__Bacteroidia | Sphingobacteriales |  f__env.OPS_17 |  g__env.OPS_17.1","8220","0.24792960662525879"
"2.0507462686567166","0.003217839504415892","c__TK10","0.48762736535662293","0.29858279945641625","102","3","f__TK10","g__TK10.32","false","d__Bacteria","d__Bacteria |  p__Chloroflexi |  c__TK10 | TK10 |  f__TK10 |  g__TK10.32","94.68627450980392","0","102","TK10","0","p__Chloroflexi","0.9954903593619883","false","0","d__Bacteria |  p__Chloroflexi |  c__TK10 | TK10 |  f__TK10 |  g__TK10.32","48024","0.17731512080487627"
"2.1940298507462686","5.124416137685263E-4","c__Phycisphaerae","0.4557823129251701","0.3743169398907104","61","3","f__Phycisphaeraceae","g__SM1A02.5","false","d__Bacteria","d__Bacteria |  p__Planctomycetota |  c__Phycisphaerae | Phycisphaerales |  f__Phycisphaeraceae |  g__SM1A02.5","98.1311475409836","0","61","Phycisphaerales","0","p__Planctomycetota","0.9948754083658958","false","0","d__Bacteria |  p__Planctomycetota |  c__Phycisphaerae | Phycisphaerales |  f__Phycisphaeraceae |  g__SM1A02.5","8100","0.20486669632773197"
"2.147761194029851","0.001467670556894265","c__TK10","0.4656011118832522","0.3170511080958842","67","3","f__TK10","g__TK10.52","false","d__Bacteria","d__Bacteria |  p__Chloroflexi |  c__TK10 | TK10 |  f__TK10 |  g__TK10.52","83.29850746268657","0","67","TK10","0","p__Chloroflexi","0.9950739862917174","false","0","d__Bacteria |  p__Chloroflexi |  c__TK10 | TK10 |  f__TK10 |  g__TK10.52","19512","0.16527481639421937"
"1.8880597014925373","0.004213792895072873","c__Alphaproteobacteria","0.5296442687747036","0.32636765205572543","109","3","f__Acetobacteraceae","g__Roseomonas","false","d__Bacteria","d__Bacteria |  p__Proteobacteria |  c__Alphaproteobacteria | Acetobacterales |  f__Acetobacteraceae |  g__Roseomonas","99.77981651376147","0","109","Acetobacterales","0","p__Proteobacteria","0.996188584972135","false","0","d__Bacteria |  p__Proteobacteria |  c__Alphaproteobacteria | Acetobacterales |  f__Acetobacteraceae |  g__Roseomonas","70010","0.15688650395245513"
"2.074626865671642","0.0012625749690165892","c__Alphaproteobacteria","0.48201438848920863","0.42644628099173554","121","3","f__Beijerinckiaceae","g__Microvirga.1","false","d__Bacteria","d__Bacteria |  p__Proteobacteria |  c__Alphaproteobacteria | Rhizobiales |  f__Beijerinckiaceae |  g__Microvirga.1","111.66115702479338","0","121","Rhizobiales","0","p__Proteobacteria","0.9953878675293063","false","0","d__Bacteria |  p__Proteobacteria |  c__Alphaproteobacteria | Rhizobiales |  f__Beijerinckiaceae |  g__Microvirga.1","21430","0.22376985375710098"
"2.138805970149254","0.0015544835018322066","c__Alphaproteobacteria","0.46755059316120023","0.3349896480331263","70","3","f__Xanthobacteraceae","g__uncultured","false","d__Bacteria","d__Bacteria |  p__Proteobacteria |  c__Alphaproteobacteria | Rhizobiales |  f__Xanthobacteraceae |  g__uncultured","78.21428571428571","0","70","Rhizobiales","0","p__Proteobacteria","0.9951124207289731","false","0","d__Bacteria |  p__Proteobacteria |  c__Alphaproteobacteria | Rhizobiales |  f__Xanthobacteraceae |  g__uncultured","22984","0.15426880811496196"
"1.9970149253731344","0.001836860339144668","c__Alphaproteobacteria","0.5007473841554558","0.37203495630461925","90","3","f__Sphingomonadaceae","g__Sphingomonas.28","false","d__Bacteria","d__Bacteria |  p__Proteobacteria |  c__Alphaproteobacteria | Sphingomonadales |  f__Sphingomonadaceae |  g__Sphingomonas.28","97.0111111111111","0","90","Sphingomonadales","0","p__Proteobacteria","0.9957209659855231","false","0","d__Bacteria |  p__Proteobacteria |  c__Alphaproteobacteria | Sphingomonadales |  f__Sphingomonadaceae |  g__Sphingomonas.28","29824","0.16668575792287132"
"2.1014925373134328","7.52905511110987E-4","c__Holophagae","0.47585227272727276","0.5276912426445137","108","3","f__Subgroup_7","g__Subgroup_7.6","false","d__Bacteria","d__Bacteria |  p__Acidobacteriota |  c__Holophagae | Subgroup_7 |  f__Subgroup_7 |  g__Subgroup_7.6","114.37037037037037","0","108","Subgroup_7","0","p__Acidobacteriota","0.995272564217539","false","0","d__Bacteria |  p__Acidobacteriota |  c__Holophagae | Subgroup_7 |  f__Subgroup_7 |  g__Subgroup_7.6","13392","0.23151896836107363"
"2.0850746268656715","9.480974489338629E-4","c__TK10","0.4795991410164639","0.4920043471510635","114","3","f__TK10","g__TK10.64","false","d__Bacteria","d__Bacteria |  p__Chloroflexi |  c__TK10 | TK10 |  f__TK10 |  g__TK10.64","112.84210526315789","0","114","TK10","0","p__Chloroflexi","0.9953430273525079","false","0","d__Bacteria |  p__Chloroflexi |  c__TK10 | TK10 |  f__TK10 |  g__TK10.64","17534","0.2261364834933024"
"2.198507462686567","6.214220020132348E-4","c__Polyangia","0.45485403937542435","0.36","50","3","f__Polyangiaceae","g__Aetherobacter","false","d__Bacteria","d__Bacteria |  p__Myxococcota |  c__Polyangia | Polyangiales |  f__Polyangiaceae |  g__Aetherobacter","97.14","0","50","Polyangiales","0","p__Myxococcota","0.994856191147268","false","0","d__Bacteria |  p__Myxococcota |  c__Polyangia | Polyangiales |  f__Polyangiaceae |  g__Aetherobacter","10172","0.19946611909650924"
"2.1402985074626866","7.138661121532843E-4","c__Alphaproteobacteria","0.46722454672245467","0.40800963565191206","82","3","f__Caulobacteraceae","g__uncultured","false","d__Bacteria","d__Bacteria |  p__Proteobacteria |  c__Alphaproteobacteria | Caulobacterales |  f__Caulobacteraceae |  g__uncultured","106.26829268292683","0","82","Caulobacterales","0","p__Proteobacteria","0.9951060149894305","false","0","d__Bacteria |  p__Proteobacteria |  c__Alphaproteobacteria | Caulobacterales |  f__Caulobacteraceae |  g__uncultured","11830","0.21511800138244297"
"2.2044776119402987","0.0013364605416146058","c__Alphaproteobacteria","0.45362220717670954","0.5952380952380952","57","3","f__Sphingomonadaceae","g__Sphingomonas.54","false","d__Bacteria","d__Bacteria |  p__Proteobacteria |  c__Alphaproteobacteria | Sphingomonadales |  f__Sphingomonadaceae |  g__Sphingomonas.54","110.12280701754386","0","57","Sphingomonadales","0","p__Proteobacteria","0.9948305681890974","false","0","d__Bacteria |  p__Proteobacteria |  c__Alphaproteobacteria | Sphingomonadales |  f__Sphingomonadaceae |  g__Sphingomonas.54","19352","0.23135043491080642"
"2.1552238805970148","4.385403668551564E-4","c__Gammaproteobacteria","0.46398891966759004","0.6097680097680098","91","3","f__CCD24","g__CCD24","false","d__Bacteria","d__Bacteria |  p__Proteobacteria |  c__Gammaproteobacteria | CCD24 |  f__CCD24 |  g__CCD24","118.42857142857143","0","91","CCD24","0","p__Proteobacteria","0.9950419575940042","false","0","d__Bacteria |  p__Proteobacteria |  c__Gammaproteobacteria | CCD24 |  f__CCD24 |  g__CCD24","8486","0.2493233082706767"
"2.291044776119403","4.4307805788061747E-4","c__Myxococcia","0.4364820846905538","0.2905525846702317","34","4","f__Myxococcaceae","0.999987416","false","d__Bacteria","d__Bacteria |  p__Myxococcota |  c__Myxococcia | Myxococcales |  f__Myxococcaceae | 0.999987416","63.705882352941174","0","34","Myxococcales","0","p__Myxococcota","0.9944590352956248","false","0","d__Bacteria |  p__Myxococcota |  c__Myxococcia | Myxococcales |  f__Myxococcaceae | 0.999987416","6076","0.14348171701112877"
"2.0925373134328358","0.0016353248410761103","c__Alphaproteobacteria","0.47788873038516405","0.3527777777777778","81","3","f__Caulobacteraceae","0.999852762","false","d__Bacteria","d__Bacteria |  p__Proteobacteria |  c__Alphaproteobacteria | Caulobacterales |  f__Caulobacteraceae | 0.999852762","85.88888888888889","0","81","Caulobacterales","0","p__Proteobacteria","0.9953109986547947","false","0","d__Bacteria |  p__Proteobacteria |  c__Alphaproteobacteria | Caulobacterales |  f__Caulobacteraceae | 0.999852762","24992","0.16297701876449505"
"1.980597014925373","0.004499266749831362","c__Alphaproteobacteria","0.5048982667671439","0.30303030303030304","67","3","f__Beijerinckiaceae","g__Methylorosula","false","d__Bacteria","d__Bacteria |  p__Proteobacteria |  c__Alphaproteobacteria | Rhizobiales |  f__Beijerinckiaceae |  g__Methylorosula","66.40298507462687","0","67","Rhizobiales","0","p__Proteobacteria","0.995791429120492","false","0","d__Bacteria |  p__Proteobacteria |  c__Alphaproteobacteria | Rhizobiales |  f__Beijerinckiaceae |  g__Methylorosula","44640","0.10779705369257608"
"2.182089552238806","9.285373360264754E-4","c__Alphaproteobacteria","0.45827633378932964","0.3323943661971831","71","4","f__Beijerinckiaceae","0.775517868","false","d__Bacteria","d__Bacteria |  p__Proteobacteria |  c__Alphaproteobacteria | Rhizobiales |  f__Beijerinckiaceae | 0.775517868","93.08450704225352","0","71","Rhizobiales","0","p__Proteobacteria","0.9949266542822369","false","0","d__Bacteria |  p__Proteobacteria |  c__Alphaproteobacteria | Rhizobiales |  f__Beijerinckiaceae | 0.775517868","13788","0.19473746243149273"
"2.192537313432836","7.024916729686634E-4","c__Alphaproteobacteria","0.4560925799863853","0.3855769230769231","65","3","f__uncultured","g__uncultured.1","false","d__Bacteria","d__Bacteria |  p__Proteobacteria |  c__Alphaproteobacteria | Rhizobiales |  f__uncultured |  g__uncultured.1","84.32307692307693","0","65","Rhizobiales","0","p__Proteobacteria","0.9948818141054385","false","0","d__Bacteria |  p__Proteobacteria |  c__Alphaproteobacteria | Rhizobiales |  f__uncultured |  g__uncultured.1","11864","0.17714932126696833"
"2.317910447761194","7.938579983631659E-4",,"0.4314230521571153","0.38911290322580644","32","3",,,"false",,"d__Bacteria |  p__Actinobacteriota |  c__Acidimicrobiia | 0.982588441 |  | ","56.3125","0","32",,"0",,"0.9943437319838575","false","0","d__Bacteria |  p__Actinobacteriota |  c__Acidimicrobiia | 0.982588441 |  | ","8302","0.1325"
"2.2149253731343284","0.0013068093359774747","c__Dehalococcoidia","0.45148247978436656","0.3873015873015873","36","3","f__S085","g__S085.10","false","d__Bacteria","d__Bacteria |  p__Chloroflexi |  c__Dehalococcoidia | S085 |  f__S085 |  g__S085.10","64.58333333333333","0","36","S085","0","p__Chloroflexi","0.994785728012299","false","0","d__Bacteria |  p__Chloroflexi |  c__Dehalococcoidia | S085 |  f__S085 |  g__S085.10","14114","0.13180272108843538"
"2.3149253731343284","3.1172970989097696E-4","c__JG30-KF-CM66","0.4319793681495809","0.5024154589371981","46","3","f__JG30-KF-CM66","g__JG30-KF-CM66.3","false","d__Bacteria","d__Bacteria |  p__Chloroflexi |  c__JG30-KF-CM66 | JG30-KF-CM66 |  f__JG30-KF-CM66 |  g__JG30-KF-CM66.3","67.30434782608695","0","46","JG30-KF-CM66","0","p__Chloroflexi","0.9943565434629429","false","0","d__Bacteria |  p__Chloroflexi |  c__JG30-KF-CM66 | JG30-KF-CM66 |  f__JG30-KF-CM66 |  g__JG30-KF-CM66.3","4524","0.16296452258132435"
"2.52089552238806","8.753788852674819E-5",,"0.39668442865600945","0.375","16","4",,,"false",,"d__Bacteria |  p__Chloroflexi | 0.987471999 |  |  | ","47.8125","0","16",,"0",,"0.9934725514060598","false","0","d__Bacteria |  p__Chloroflexi | 0.987471999 |  |  | ","964","0.1552353896103896"
"2.2865671641791043","0.0013841061684167545","c__Nitrospiria","0.43733681462140994","0.39313399778516056","43","3","f__Nitrospiraceae","g__Nitrospira","false","d__Bacteria","d__Bacteria |  p__Nitrospirota |  c__Nitrospiria | Nitrospirales |  f__Nitrospiraceae |  g__Nitrospira","70.4186046511628","0","43","Nitrospirales","0","p__Nitrospirota","0.9944782525142528","false","0","d__Bacteria |  p__Nitrospirota |  c__Nitrospiria | Nitrospirales |  f__Nitrospiraceae |  g__Nitrospira","13236","0.16252215478811965"
"2.1522388059701494","9.123138818560585E-4","c__Alphaproteobacteria","0.464632454923717","0.47851335656213706","42","3","f__Xanthobacteraceae","g__Bradyrhizobium.1","false","d__Bacteria","d__Bacteria |  p__Proteobacteria |  c__Alphaproteobacteria | Rhizobiales |  f__Xanthobacteraceae |  g__Bradyrhizobium.1","69.19047619047619","0","42","Rhizobiales","0","p__Proteobacteria","0.9950547690730895","false","0","d__Bacteria |  p__Proteobacteria |  c__Alphaproteobacteria | Rhizobiales |  f__Xanthobacteraceae |  g__Bradyrhizobium.1","11764","0.13154082925946045"
"2.3388059701492536","4.068163844280257E-4","c__Acidimicrobiia","0.427568602425016","0.3333333333333333","33","4","f__IMCC26256","g__IMCC26256.1","false","d__Bacteria","d__Bacteria |  p__Actinobacteriota |  c__Acidimicrobiia | IMCC26256 |  f__IMCC26256 |  g__IMCC26256.1","70.78787878787878","0","33","IMCC26256","0","p__Actinobacteriota","0.9942540516302607","false","0","d__Bacteria |  p__Actinobacteriota |  c__Acidimicrobiia | IMCC26256 |  f__IMCC26256 |  g__IMCC26256.1","5790","0.1705732018985031"
"2.171641791044776","9.641848659961344E-4","c__Actinobacteria","0.4604810996563574","0.4436036036036036","75","3","f__Microbacteriaceae","g__Agromyces.1","false","d__Bacteria","d__Bacteria |  p__Actinobacteriota |  c__Actinobacteria | Micrococcales |  f__Microbacteriaceae |  g__Agromyces.1","108.64","0","75","Micrococcales","0","p__Actinobacteriota","0.9949714944590353","false","0","d__Bacteria |  p__Actinobacteriota |  c__Actinobacteria | Micrococcales |  f__Microbacteriaceae |  g__Agromyces.1","15700","0.22633333333333333"
"2.056716417910448","0.0018345511916843188","c__TK10","0.4862119013062409","0.3934543717152413","92","3","f__TK10","g__TK10.5","false","d__Bacteria","d__Bacteria |  p__Chloroflexi |  c__TK10 | TK10 |  f__TK10 |  g__TK10.5","105.21739130434783","0","92","TK10","0","p__Chloroflexi","0.9954647364038178","false","0","d__Bacteria |  p__Chloroflexi |  c__TK10 | TK10 |  f__TK10 |  g__TK10.5","25390","0.19484702093397746"
"2.1373134328358208","0.0012400215605758182","c__Alphaproteobacteria","0.4678770949720671","0.44909456740442655","71","3","f__Xanthobacteraceae","g__uncultured.2","false","d__Bacteria","d__Bacteria |  p__Proteobacteria |  c__Alphaproteobacteria | Rhizobiales |  f__Xanthobacteraceae |  g__uncultured.2","86.80281690140845","0","71","Rhizobiales","0","p__Proteobacteria","0.9951188264685158","false","0","d__Bacteria |  p__Proteobacteria |  c__Alphaproteobacteria | Rhizobiales |  f__Xanthobacteraceae |  g__uncultured.2","17344","0.17120871183709754"
"2.234328358208955","5.275355959131859E-4","c__Alphaproteobacteria","0.44756179024716103","0.36469344608879495","44","4","f__Sphingomonadaceae","0.999914469","false","d__Bacteria","d__Bacteria |  p__Proteobacteria |  c__Alphaproteobacteria | Sphingomonadales |  f__Sphingomonadaceae | 0.999914469","78.70454545454545","0","44","Sphingomonadales","0","p__Proteobacteria","0.9947024533982448","false","0","d__Bacteria |  p__Proteobacteria |  c__Alphaproteobacteria | Sphingomonadales |  f__Sphingomonadaceae | 0.999914469","6718","0.16745647969052224"
"2.174626865671642","7.710976977695946E-4","c__TK10","0.45984900480439256","0.43102888672508927","79","3","f__TK10","g__TK10.15","false","d__Bacteria","d__Bacteria |  p__Chloroflexi |  c__TK10 | TK10 |  f__TK10 |  g__TK10.15","97.43037974683544","0","79","TK10","0","p__Chloroflexi","0.9949586829799499","false","0","d__Bacteria |  p__Chloroflexi |  c__TK10 | TK10 |  f__TK10 |  g__TK10.15","11340","0.20554932436041232"
"1.9880597014925374","0.0027439608090905968","c__Gemmatimonadetes","0.5030030030030029","0.3928304705003734","104","3","f__Gemmatimonadaceae","g__Gemmatimonas.1","false","d__Bacteria","d__Bacteria |  p__Gemmatimonadota |  c__Gemmatimonadetes | Gemmatimonadales |  f__Gemmatimonadaceae |  g__Gemmatimonas.1","105.00961538461539","0","104","Gemmatimonadales","0","p__Gemmatimonadota","0.9957594004227788","false","0","d__Bacteria |  p__Gemmatimonadota |  c__Gemmatimonadetes | Gemmatimonadales |  f__Gemmatimonadaceae |  g__Gemmatimonas.1","42334","0.18294358080943446"
"2.2238805970149254","3.927787298318639E-4","c__Polyangia","0.44966442953020136","0.5063520871143375","58","3","f__Haliangiaceae","g__Haliangium","false","d__Bacteria","d__Bacteria |  p__Myxococcota |  c__Polyangia | Haliangiales |  f__Haliangiaceae |  g__Haliangium","87.55172413793103","0","58","Haliangiales","0","p__Myxococcota","0.9947472935750432","false","0","d__Bacteria |  p__Myxococcota |  c__Polyangia | Haliangiales |  f__Haliangiaceae |  g__Haliangium","6910","0.18950589640244814"
"2.2611940298507465","3.768104202920086E-4","c__Acidimicrobiia","0.4422442244224422","0.37209302325581395","44","3","f__Ilumatobacteraceae","g__Ilumatobacter.3","false","d__Bacteria","d__Bacteria |  p__Actinobacteriota |  c__Acidimicrobiia | Microtrichales |  f__Ilumatobacteraceae |  g__Ilumatobacter.3","82.4090909090909","0","44","Microtrichales","0","p__Actinobacteriota","0.9945871500864775","false","0","d__Bacteria |  p__Actinobacteriota |  c__Acidimicrobiia | Microtrichales |  f__Ilumatobacteraceae |  g__Ilumatobacter.3","4940","0.18272525700463615"
"2.1134328358208956","0.0012976138761526923","c__Actinobacteria","0.4731638418079096","0.38294673539518903","97","3","f__Frankiaceae","g__Jatrophihabitans","false","d__Bacteria","d__Bacteria |  p__Actinobacteriota |  c__Actinobacteria | Frankiales |  f__Frankiaceae |  g__Jatrophihabitans","103.77319587628865","0","97","Frankiales","0","p__Actinobacteriota","0.9952213183011979","false","0","d__Bacteria |  p__Actinobacteriota |  c__Actinobacteria | Frankiales |  f__Frankiaceae |  g__Jatrophihabitans","19968","0.20879918687382024"
"2.026865671641791","0.002160940421796209","c__Actinobacteria","0.49337260677466865","0.36812045690550366","108","3","f__Micromonosporaceae","0.999697107","false","d__Bacteria","d__Bacteria |  p__Actinobacteriota |  c__Actinobacteria | Micromonosporales |  f__Micromonosporaceae | 0.999697107","101.97222222222223","0","108","Micromonosporales","0","p__Actinobacteriota","0.9955928511946704","false","0","d__Bacteria |  p__Actinobacteriota |  c__Actinobacteria | Micromonosporales |  f__Micromonosporaceae | 0.999697107","34966","0.18744893790849673"
"2.174626865671642","0.001401011472100629","c__Chloroflexia","0.45984900480439256","0.35454545454545455","56","3","f__Chloroflexaceae","g__FFCH7168.6","false","d__Bacteria","d__Bacteria |  p__Chloroflexi |  c__Chloroflexia | Chloroflexales |  f__Chloroflexaceae |  g__FFCH7168.6","67.39285714285714","0","56","Chloroflexales","0","p__Chloroflexi","0.9949586829799499","false","0","d__Bacteria |  p__Chloroflexi |  c__Chloroflexia | Chloroflexales |  f__Chloroflexaceae |  g__FFCH7168.6","18450","0.13559931014659385"
"2.192537313432836","9.442367897942328E-4","c__Chloroflexia","0.4560925799863853","0.43665158371040724","52","3","f__Roseiflexaceae","0.709136627","false","d__Bacteria","d__Bacteria |  p__Chloroflexi |  c__Chloroflexia | Chloroflexales |  f__Roseiflexaceae | 0.709136627","72.40384615384616","0","52","Chloroflexales","0","p__Chloroflexi","0.9948818141054385","false","0","d__Bacteria |  p__Chloroflexi |  c__Chloroflexia | Chloroflexales |  f__Roseiflexaceae | 0.709136627","13994","0.14806512505899008"
"2.2955223880597013","1.284649044068196E-4","c__TK10","0.43563068920676207","0.43655913978494626","31","3","f__TK10","g__TK10.73","false","d__Bacteria","d__Bacteria |  p__Chloroflexi |  c__TK10 | TK10 |  f__TK10 |  g__TK10.73","76.83870967741936","0","31","TK10","0","p__Chloroflexi","0.994439818076997","false","0","d__Bacteria |  p__Chloroflexi |  c__TK10 | TK10 |  f__TK10 |  g__TK10.73","2324","0.17423743691024798"
"2.191044776119403","7.813898099282792E-4",,"0.45640326975476836","0.4037296037296037","66","3",,,"false",,"d__Bacteria |  p__Chloroflexi | 0.96531822 |  |  | ","96.01515151515152","0","66",,"0",,"0.9948882198449811","false","0","d__Bacteria |  p__Chloroflexi | 0.96531822 |  |  | ","11860","0.20171250318309142"
"2.1462686567164178","0.0016604375890197812",,"0.46592489568845624","0.3169082125603865","46","3",,,"false",,"d__Bacteria |  p__Chloroflexi | 0.990581746 |  |  | ","85.08695652173913","0","46",,"0",,"0.99508039203126","false","0","d__Bacteria |  p__Chloroflexi | 0.990581746 |  |  | ","22062","0.16176227475615804"
"2.198507462686567","0.0010843149555095377","c__Acidimicrobiia","0.45485403937542435","0.4383923849814913","62","3","f__uncultured","g__uncultured.2","false","d__Bacteria","d__Bacteria |  p__Actinobacteriota |  c__Acidimicrobiia | uncultured |  f__uncultured |  g__uncultured.2","88.0","0","62","uncultured","0","p__Actinobacteriota","0.994856191147268","false","0","d__Bacteria |  p__Actinobacteriota |  c__Acidimicrobiia | uncultured |  f__uncultured |  g__uncultured.2","15610","0.18526315789473685"
"2.2119402985074625","3.65576668229346E-4","c__Thermoleophilia","0.4520917678812416","0.4794210764360018","67","3","f__Solirubrobacteraceae","g__Solirubrobacter.2","false","d__Bacteria","d__Bacteria |  p__Actinobacteriota |  c__Thermoleophilia | Solirubrobacterales |  f__Solirubrobacteraceae |  g__Solirubrobacter.2","109.55223880597015","0","67","Solirubrobacterales","0","p__Actinobacteriota","0.9947985394913842","false","0","d__Bacteria |  p__Actinobacteriota |  c__Thermoleophilia | Solirubrobacterales |  f__Solirubrobacteraceae |  g__Solirubrobacter.2","6580","0.23764043124939294"
"2.011940298507463","0.004074586520810691","c__JG30-KF-CM66","0.49703264094955485","0.34518113465481887","77","3","f__JG30-KF-CM66","g__JG30-KF-CM66.2","false","d__Bacteria","d__Bacteria |  p__Chloroflexi |  c__JG30-KF-CM66 | JG30-KF-CM66 |  f__JG30-KF-CM66 |  g__JG30-KF-CM66.2","83.51948051948052","0","77","JG30-KF-CM66","0","p__Chloroflexi","0.9956569085900968","false","0","d__Bacteria |  p__Chloroflexi |  c__JG30-KF-CM66 | JG30-KF-CM66 |  f__JG30-KF-CM66 |  g__JG30-KF-CM66.2","58156","0.14276834276834277"
"2.1955223880597017","0.0012675825603353811","c__Polyangia","0.45547246770904143","0.2758985200845666","44","3","f__Polyangiaceae","g__Pajaroellobacter","false","d__Bacteria","d__Bacteria |  p__Myxococcota |  c__Polyangia | Polyangiales |  f__Polyangiaceae |  g__Pajaroellobacter","61.52272727272727","0","44","Polyangiales","0","p__Myxococcota","0.9948690026263531","false","0","d__Bacteria |  p__Myxococcota |  c__Polyangia | Polyangiales |  f__Polyangiaceae |  g__Pajaroellobacter","14084","0.12428833792470156"
"2.153731343283582","0.0010880495537814894","c__Alphaproteobacteria","0.4643104643104643","0.3587560162902629","74","3","f__Sphingomonadaceae","g__Sphingomonas.22","false","d__Bacteria","d__Bacteria |  p__Proteobacteria |  c__Alphaproteobacteria | Sphingomonadales |  f__Sphingomonadaceae |  g__Sphingomonas.22","83.89189189189189","0","74","Sphingomonadales","0","p__Proteobacteria","0.9950483633335468","false","0","d__Bacteria |  p__Proteobacteria |  c__Alphaproteobacteria | Sphingomonadales |  f__Sphingomonadaceae |  g__Sphingomonas.22","16152","0.17016610931418233"
"2.2134328358208957","3.3200913256770993E-4","c__Gammaproteobacteria","0.4517869184086311","0.4008859357696567","43","3","f__Xanthomonadaceae","g__Stenotrophomonas","false","d__Bacteria","d__Bacteria |  p__Proteobacteria |  c__Gammaproteobacteria | Xanthomonadales |  f__Xanthomonadaceae |  g__Stenotrophomonas","97.55813953488372","0","43","Xanthomonadales","0","p__Proteobacteria","0.9947921337518416","false","0","d__Bacteria |  p__Proteobacteria |  c__Gammaproteobacteria | Xanthomonadales |  f__Xanthomonadaceae |  g__Stenotrophomonas","5056","0.20156640399769363"
"2.3865671641791044","4.262295842735416E-4","c__Dehalococcoidia","0.4190118824265166","0.42028985507246375","24","3","f__S085","g__S085","false","d__Bacteria","d__Bacteria |  p__Chloroflexi |  c__Dehalococcoidia | S085 |  f__S085 |  g__S085","85.33333333333333","0","24","S085","0","p__Chloroflexi","0.9940490679648966","false","0","d__Bacteria |  p__Chloroflexi |  c__Dehalococcoidia | S085 |  f__S085 |  g__S085","4300","0.2209628670120898"
"2.1791044776119404","4.785083649962852E-4","c__Actinobacteria","0.4589041095890411","0.5047846889952153","77","3","f__Nocardiaceae","g__Williamsia","false","d__Bacteria","d__Bacteria |  p__Actinobacteriota |  c__Actinobacteria | Corynebacteriales |  f__Nocardiaceae |  g__Williamsia","111.68831168831169","0","77","Corynebacteriales","0","p__Actinobacteriota","0.9949394657613222","false","0","d__Bacteria |  p__Actinobacteriota |  c__Actinobacteria | Corynebacteriales |  f__Nocardiaceae |  g__Williamsia","8712","0.2361275088547816"
"2.037313432835821","0.0034194906039523507","c__Actinobacteria","0.49084249084249076","0.5121951219512195","83","3","f__Nocardioidaceae","g__Nocardioides.7","false","d__Bacteria","d__Bacteria |  p__Actinobacteriota |  c__Actinobacteria | Propionibacteriales |  f__Nocardioidaceae |  g__Nocardioides.7","115.93975903614458","0","83","Propionibacteriales","0","p__Actinobacteriota","0.995548011017872","false","0","d__Bacteria |  p__Actinobacteriota |  c__Actinobacteria | Propionibacteriales |  f__Nocardioidaceae |  g__Nocardioides.7","49622","0.20629850362303306"
"2.0343283582089553","0.0014648774359571524","c__Polyangia","0.491562729273661","0.45167173252279635","141","3","f__Haliangiaceae","g__Haliangium.3","false","d__Bacteria","d__Bacteria |  p__Myxococcota |  c__Polyangia | Haliangiales |  f__Haliangiaceae |  g__Haliangium.3","111.09929078014184","0","141","Haliangiales","0","p__Myxococcota","0.9955608224969572","false","0","d__Bacteria |  p__Myxococcota |  c__Polyangia | Haliangiales |  f__Haliangiaceae |  g__Haliangium.3","26962","0.21956381577103132"
"2.237313432835821","2.306601824756542E-4","c__Alphaproteobacteria","0.44696464309539696","0.5490196078431373","52","3","f__Sphingomonadaceae","g__Altererythrobacter.5","false","d__Bacteria","d__Bacteria |  p__Proteobacteria |  c__Alphaproteobacteria | Sphingomonadales |  f__Sphingomonadaceae |  g__Altererythrobacter.5","104.5576923076923","0","52","Sphingomonadales","0","p__Proteobacteria","0.9946896419191595","false","0","d__Bacteria |  p__Proteobacteria |  c__Alphaproteobacteria | Sphingomonadales |  f__Sphingomonadaceae |  g__Altererythrobacter.5","4210","0.22779453661806603"
"2.3388059701492536","4.68674997484587E-4","c__Alphaproteobacteria","0.427568602425016","0.5380116959064327","19","3","f__Sphingomonadaceae","0.999998057","false","d__Bacteria","d__Bacteria |  p__Proteobacteria |  c__Alphaproteobacteria | Sphingomonadales |  f__Sphingomonadaceae | 0.999998057","104.42105263157895","0","19","Sphingomonadales","0","p__Proteobacteria","0.9942540516302607","false","0","d__Bacteria |  p__Proteobacteria |  c__Alphaproteobacteria | Sphingomonadales |  f__Sphingomonadaceae | 0.999998057","6166","0.24627606752730885"
"2.216417910447761","3.8056712358910694E-4","c__Gammaproteobacteria","0.45117845117845123","0.3961038961038961","56","4","f__Oxalobacteraceae","0.997461312","false","d__Bacteria","d__Bacteria |  p__Proteobacteria |  c__Gammaproteobacteria | Burkholderiales |  f__Oxalobacteraceae | 0.997461312","100.01785714285714","0","56","Burkholderiales","0","p__Proteobacteria","0.9947793222727563","false","0","d__Bacteria |  p__Proteobacteria |  c__Gammaproteobacteria | Burkholderiales |  f__Oxalobacteraceae | 0.997461312","5572","0.21280395136778116"
"2.2955223880597013","0.0011498725471165128","c__Gammaproteobacteria","0.43563068920676207","0.39314516129032256","32","4","f__Rhodocyclaceae","g__Uliginosibacterium","false","d__Bacteria","d__Bacteria |  p__Proteobacteria |  c__Gammaproteobacteria | Burkholderiales |  f__Rhodocyclaceae |  g__Uliginosibacterium","74.6875","0","32","Burkholderiales","0","p__Proteobacteria","0.994439818076997","false","0","d__Bacteria |  p__Proteobacteria |  c__Gammaproteobacteria | Burkholderiales |  f__Rhodocyclaceae |  g__Uliginosibacterium","9662","0.16967329545454546"
"2.1164179104477614","4.650147831564455E-4","c__Actinobacteria","0.4724964739069111","0.3588588588588589","37","3","f__Cryptosporangiaceae","g__Cryptosporangium","false","d__Bacteria","d__Bacteria |  p__Actinobacteriota |  c__Actinobacteria | Frankiales |  f__Cryptosporangiaceae |  g__Cryptosporangium","90.86486486486487","0","37","Frankiales","0","p__Actinobacteriota","0.9952085068221127","false","0","d__Bacteria |  p__Actinobacteriota |  c__Actinobacteria | Frankiales |  f__Cryptosporangiaceae |  g__Cryptosporangium","6918","0.16372047723399075"
"2.235820895522388","6.822756741133567E-4","c__Alphaproteobacteria","0.4472630173564753","0.4332171893147503","42","3","f__Sphingomonadaceae","g__Novosphingobium.1","false","d__Bacteria","d__Bacteria |  p__Proteobacteria |  c__Alphaproteobacteria | Sphingomonadales |  f__Sphingomonadaceae |  g__Novosphingobium.1","108.04761904761905","0","42","Sphingomonadales","0","p__Proteobacteria","0.9946960476587022","false","0","d__Bacteria |  p__Proteobacteria |  c__Alphaproteobacteria | Sphingomonadales |  f__Sphingomonadaceae |  g__Novosphingobium.1","10192","0.23032795207635293"
"2.2880597014925375","1.5334331179163788E-4","c__Dehalococcoidia","0.4370515329419439","0.5433403805496829","44","4","f__S085","g__S085.9","false","d__Bacteria","d__Bacteria |  p__Chloroflexi |  c__Dehalococcoidia | S085 |  f__S085 |  g__S085.9","103.52272727272727","0","44","S085","0","p__Chloroflexi","0.9944718467747102","false","0","d__Bacteria |  p__Chloroflexi |  c__Dehalococcoidia | S085 |  f__S085 |  g__S085.9","2644","0.2385316296606619"
"2.098507462686567","9.190108487541883E-4","c__TK10","0.4765291607396871","0.49925317401045555","104","3","f__TK10","g__TK10.84","false","d__Bacteria","d__Bacteria |  p__Chloroflexi |  c__TK10 | TK10 |  f__TK10 |  g__TK10.84","112.66346153846153","0","104","TK10","0","p__Chloroflexi","0.9952853756966241","false","0","d__Bacteria |  p__Chloroflexi |  c__TK10 | TK10 |  f__TK10 |  g__TK10.84","17024","0.22532692307692306"
"2.032835820895522","0.0014834003072105003","c__Alphaproteobacteria","0.49192364170337743","0.4678853261412446","142","3","f__Beijerinckiaceae","0.915963857","false","d__Bacteria","d__Bacteria |  p__Proteobacteria |  c__Alphaproteobacteria | Rhizobiales |  f__Beijerinckiaceae | 0.915963857","114.47183098591549","0","142","Rhizobiales","0","p__Proteobacteria","0.9955672282364999","false","0","d__Bacteria |  p__Proteobacteria |  c__Alphaproteobacteria | Rhizobiales |  f__Beijerinckiaceae | 0.915963857","28024","0.22622891499192785"
"2.208955223880597","5.658387529250285E-4","c__Alphaproteobacteria","0.4527027027027027","0.3758503401360544","49","3","f__Devosiaceae","g__Devosia.6","false","d__Bacteria","d__Bacteria |  p__Proteobacteria |  c__Alphaproteobacteria | Rhizobiales |  f__Devosiaceae |  g__Devosia.6","93.28571428571429","0","49","Rhizobiales","0","p__Proteobacteria","0.9948113509704696","false","0","d__Bacteria |  p__Proteobacteria |  c__Alphaproteobacteria | Rhizobiales |  f__Devosiaceae |  g__Devosia.6","8010","0.19394119394119394"
"2.0850746268656715","8.712857404641235E-4","c__Alphaproteobacteria","0.4795991410164639","0.28996598639455784","49","3","f__Devosiaceae","g__uncultured","false","d__Bacteria","d__Bacteria |  p__Proteobacteria |  c__Alphaproteobacteria | Rhizobiales |  f__Devosiaceae |  g__uncultured","89.81632653061224","0","49","Rhizobiales","0","p__Proteobacteria","0.9953430273525079","false","0","d__Bacteria |  p__Proteobacteria |  c__Alphaproteobacteria | Rhizobiales |  f__Devosiaceae |  g__uncultured","13134","0.15924880590534085"
"2.0850746268656715","0.0016802401752588402","c__TK10","0.4795991410164639","0.3887005649717514","60","3","f__TK10","g__TK10.10","false","d__Bacteria","d__Bacteria |  p__Chloroflexi |  c__TK10 | TK10 |  f__TK10 |  g__TK10.10","83.9","0","60","TK10","0","p__Chloroflexi","0.9953430273525079","false","0","d__Bacteria |  p__Chloroflexi |  c__TK10 | TK10 |  f__TK10 |  g__TK10.10","23456","0.15171790235081375"
"2.171641791044776","0.0016656379645427469","c__TK10","0.4604810996563574","0.3208955223880597","68","3","f__TK10","g__TK10.21","false","d__Bacteria","d__Bacteria |  p__Chloroflexi |  c__TK10 | TK10 |  f__TK10 |  g__TK10.21","66.36764705882354","0","68","TK10","0","p__Chloroflexi","0.9949714944590353","false","0","d__Bacteria |  p__Chloroflexi |  c__TK10 | TK10 |  f__TK10 |  g__TK10.21","17724","0.1362785360550791"
"2.226865671641791","3.73988603537927E-4",,"0.4490616621983914","0.42923219241443106","47","3",,,"false",,"d__Bacteria |  p__Chloroflexi | 0.97350819 |  |  | ","95.02127659574468","0","47",,"0",,"0.9947344820959579","false","0","d__Bacteria |  p__Chloroflexi | 0.97350819 |  |  | ","5296","0.20174368703979761"
"2.191044776119403","4.33063147804712E-4","c__Alphaproteobacteria","0.45640326975476836","0.32903225806451614","31","3","f__Beijerinckiaceae","g__Bosea.1","false","d__Bacteria","d__Bacteria |  p__Proteobacteria |  c__Alphaproteobacteria | Rhizobiales |  f__Beijerinckiaceae |  g__Bosea.1","92.35483870967742","0","31","Rhizobiales","0","p__Proteobacteria","0.9948882198449811","false","0","d__Bacteria |  p__Proteobacteria |  c__Alphaproteobacteria | Rhizobiales |  f__Beijerinckiaceae |  g__Bosea.1","6172","0.18073353954927088"
"2.1880597014925374","0.001834321731200831","c__Actinobacteria","0.45702592087312416","0.5876623376623377","56","3","f__Nakamurellaceae","g__Nakamurella.3","false","d__Bacteria","d__Bacteria |  p__Actinobacteriota |  c__Actinobacteria | Frankiales |  f__Nakamurellaceae |  g__Nakamurella.3","115.98214285714286","0","56","Frankiales","0","p__Actinobacteriota","0.9949010313240664","false","0","d__Bacteria |  p__Actinobacteriota |  c__Actinobacteria | Frankiales |  f__Nakamurellaceae |  g__Nakamurella.3","24488","0.23857289829512052"
"2.1134328358208956","6.669831454898866E-4","c__Actinobacteria","0.4731638418079096","0.5181800875690082","103","3","f__Sporichthyaceae","g__uncultured","false","d__Bacteria","d__Bacteria |  p__Actinobacteriota |  c__Actinobacteria | Frankiales |  f__Sporichthyaceae |  g__uncultured","116.28155339805825","0","103","Frankiales","0","p__Actinobacteriota","0.9952213183011979","false","0","d__Bacteria |  p__Actinobacteriota |  c__Actinobacteria | Frankiales |  f__Sporichthyaceae |  g__uncultured","12002","0.23682597433413086"
"2.1164179104477614","9.355863973550435E-4","c__Thermoleophilia","0.4724964739069111","0.4957771787960467","106","3","f__Solirubrobacteraceae","g__Solirubrobacter.5","false","d__Bacteria","d__Bacteria |  p__Actinobacteriota |  c__Thermoleophilia | Solirubrobacterales |  f__Solirubrobacteraceae |  g__Solirubrobacter.5","111.5754716981132","0","106","Solirubrobacterales","0","p__Actinobacteriota","0.9952085068221127","false","0","d__Bacteria |  p__Actinobacteriota |  c__Thermoleophilia | Solirubrobacterales |  f__Solirubrobacteraceae |  g__Solirubrobacter.5","16614","0.22957915987266092"
"2.1104477611940298","0.0022524797234609348","c__Chloroflexia","0.4738330975954739","0.30917592051431914","59","3","f__Roseiflexaceae","g__uncultured.12","false","d__Bacteria","d__Bacteria |  p__Chloroflexi |  c__Chloroflexia | Chloroflexales |  f__Roseiflexaceae |  g__uncultured.12","86.55932203389831","0","59","Chloroflexales","0","p__Chloroflexi","0.9952341297802831","false","0","d__Bacteria |  p__Chloroflexi |  c__Chloroflexia | Chloroflexales |  f__Roseiflexaceae |  g__uncultured.12","27844","0.16145965089805212"
"2.1328358208955223","7.314200124723697E-4","c__Nitrospiria","0.4688593421973408","0.4886753603294441","94","3","f__Nitrospiraceae","g__Nitrospira.1","false","d__Bacteria","d__Bacteria |  p__Nitrospirota |  c__Nitrospiria | Nitrospirales |  f__Nitrospiraceae |  g__Nitrospira.1","113.7127659574468","0","94","Nitrospirales","0","p__Nitrospirota","0.9951380436871436","false","0","d__Bacteria |  p__Nitrospirota |  c__Nitrospiria | Nitrospirales |  f__Nitrospiraceae |  g__Nitrospira.1","13438","0.2334964393376731"
"2.180597014925373","6.755824655586504E-4","c__Thermoleophilia","0.458590006844627","0.4075021312872975","69","3","f__Solirubrobacteraceae","g__Solirubrobacter.4","false","d__Bacteria","d__Bacteria |  p__Actinobacteriota |  c__Thermoleophilia | Solirubrobacterales |  f__Solirubrobacteraceae |  g__Solirubrobacter.4","101.79710144927536","0","69","Solirubrobacterales","0","p__Actinobacteriota","0.9949330600217795","false","0","d__Bacteria |  p__Actinobacteriota |  c__Thermoleophilia | Solirubrobacterales |  f__Solirubrobacteraceae |  g__Solirubrobacter.4","9994","0.21207729468599035"
"2.1671641791044776","8.138346414848865E-4","c__Gammaproteobacteria","0.46143250688705234","0.3705435417884278","59","3","f__Xanthomonadaceae","0.999429038","false","d__Bacteria","d__Bacteria |  p__Proteobacteria |  c__Gammaproteobacteria | Xanthomonadales |  f__Xanthomonadaceae | 0.999429038","95.32203389830508","0","59","Xanthomonadales","0","p__Proteobacteria","0.9949907116776632","false","0","d__Bacteria |  p__Proteobacteria |  c__Gammaproteobacteria | Xanthomonadales |  f__Xanthomonadaceae | 0.999429038","11602","0.19102612003668354"
"2.1880597014925374","0.0011496755578314505","c__Actinobacteria","0.45702592087312416","0.4301810865191147","71","3","f__Sporichthyaceae","g__uncultured.1","false","d__Bacteria","d__Bacteria |  p__Actinobacteriota |  c__Actinobacteria | Frankiales |  f__Sporichthyaceae |  g__uncultured.1","89.56338028169014","0","71","Frankiales","0","p__Actinobacteriota","0.9949010313240664","false","0","d__Bacteria |  p__Actinobacteriota |  c__Actinobacteria | Frankiales |  f__Sporichthyaceae |  g__uncultured.1","18054","0.18935175535241044"
"2.1597014925373132","0.0022196022043867113","c__TK10","0.4630269523151348","0.3290707587382779","69","3","f__TK10","g__TK10.110","false","d__Bacteria","d__Bacteria |  p__Chloroflexi |  c__TK10 | TK10 |  f__TK10 |  g__TK10.110","65.34782608695652","0","69","TK10","0","p__Chloroflexi","0.9950227403753763","false","0","d__Bacteria |  p__Chloroflexi |  c__TK10 | TK10 |  f__TK10 |  g__TK10.110","28252","0.1322830487590213"
"2.2313432835820897","5.779487310447905E-4","c__Alphaproteobacteria","0.44816053511705684","0.43224043715846994","61","3","f__Reyranellaceae","g__Reyranella.3","false","d__Bacteria","d__Bacteria |  p__Proteobacteria |  c__Alphaproteobacteria | Reyranellales |  f__Reyranellaceae |  g__Reyranella.3","89.09836065573771","0","61","Reyranellales","0","p__Proteobacteria","0.9947152648773301","false","0","d__Bacteria |  p__Proteobacteria |  c__Alphaproteobacteria | Reyranellales |  f__Reyranellaceae |  g__Reyranella.3","8880","0.19625189571748394"
"2.1328358208955223","0.0019244649204645146","c__Gammaproteobacteria","0.4688593421973408","0.367359229147847","82","3","f__SC-I-84","g__SC-I-84.4","false","d__Bacteria","d__Bacteria |  p__Proteobacteria |  c__Gammaproteobacteria | Burkholderiales |  f__SC-I-84 |  g__SC-I-84.4","91.8170731707317","0","82","Burkholderiales","0","p__Proteobacteria","0.9951380436871436","false","0","d__Bacteria |  p__Proteobacteria |  c__Gammaproteobacteria | Burkholderiales |  f__SC-I-84 |  g__SC-I-84.4","25254","0.18434714467626603"
"2.2582089552238807","1.9819148975322318E-4","c__Actinobacteria","0.4428288169200264","0.4669365721997301","39","4","f__uncultured","g__uncultured","false","d__Bacteria","d__Bacteria |  p__Actinobacteriota |  c__Actinobacteria | Frankiales |  f__uncultured |  g__uncultured","84.61538461538461","0","39","Frankiales","0","p__Actinobacteriota","0.9945999615655627","false","0","d__Bacteria |  p__Actinobacteriota |  c__Actinobacteria | Frankiales |  f__uncultured |  g__uncultured","3522","0.18434724317077258"
"2.2865671641791043","4.134849135276394E-4","c__Actinobacteria","0.43733681462140994","0.22792022792022792","27","3","f__Streptosporangiales_Incertae_Sedis","g__Motilibacter","false","d__Bacteria","d__Bacteria |  p__Actinobacteriota |  c__Actinobacteria | Streptosporangiales |  f__Streptosporangiales_Incertae_Sedis |  g__Motilibacter","66.96296296296296","0","27","Streptosporangiales","0","p__Actinobacteriota","0.9944782525142528","false","0","d__Bacteria |  p__Actinobacteriota |  c__Actinobacteria | Streptosporangiales |  f__Streptosporangiales_Incertae_Sedis |  g__Motilibacter","5410","0.14872427983539094"
"2.014925373134328","0.0033469760498561997","c__TK10","0.49629629629629635","0.35128205128205126","105","3","f__TK10","g__TK10.218","false","d__Bacteria","d__Bacteria |  p__Chloroflexi |  c__TK10 | TK10 |  f__TK10 |  g__TK10.218","90.81904761904762","0","105","TK10","0","p__Chloroflexi","0.9956440971110114","false","0","d__Bacteria |  p__Chloroflexi |  c__TK10 | TK10 |  f__TK10 |  g__TK10.218","47292","0.16391610795942926"
"2.0432835820895523","0.001463509880108452","c__S0134_terrestrial_group","0.48940832724616506","0.3419267299864315","67","3","f__S0134_terrestrial_group","g__S0134_terrestrial_group","false","d__Bacteria","d__Bacteria |  p__Gemmatimonadota |  c__S0134_terrestrial_group | S0134_terrestrial_group |  f__S0134_terrestrial_group |  g__S0134_terrestrial_group","85.64179104477611","0","67","S0134_terrestrial_group","0","p__Gemmatimonadota","0.9955223880597015","false","0","d__Bacteria |  p__Gemmatimonadota |  c__S0134_terrestrial_group | S0134_terrestrial_group |  f__S0134_terrestrial_group |  g__S0134_terrestrial_group","22422","0.14920172655884342"
"2.2388059701492535","4.866235329476215E-4","c__Polyangia","0.4466666666666667","0.31025641025641026","40","3","f__Haliangiaceae","g__Haliangium.7","false","d__Bacteria","d__Bacteria |  p__Myxococcota |  c__Polyangia | Haliangiales |  f__Haliangiaceae |  g__Haliangium.7","85.9","0","40","Haliangiales","0","p__Myxococcota","0.994683236179617","false","0","d__Bacteria |  p__Myxococcota |  c__Polyangia | Haliangiales |  f__Haliangiaceae |  g__Haliangium.7","6708","0.1827659574468085"
"2.364179104477612","3.4673409279776716E-4","c__Alphaproteobacteria","0.42297979797979796","0.37298387096774194","32","3","f__Beijerinckiaceae","g__Methylobacterium-Methylorubrum","false","d__Bacteria","d__Bacteria |  p__Proteobacteria |  c__Alphaproteobacteria | Rhizobiales |  f__Beijerinckiaceae |  g__Methylobacterium-Methylorubrum","59.90625","0","32","Rhizobiales","0","p__Proteobacteria","0.9941451540580359","false","0","d__Bacteria |  p__Proteobacteria |  c__Alphaproteobacteria | Rhizobiales |  f__Beijerinckiaceae |  g__Methylobacterium-Methylorubrum","4508","0.15204631979695432"
"2.1701492537313434","8.157381812388691E-4","c__Alphaproteobacteria","0.4607977991746905","0.42962092271525126","83","3","f__Xanthobacteraceae","0.950121112","false","d__Bacteria","d__Bacteria |  p__Proteobacteria |  c__Alphaproteobacteria | Rhizobiales |  f__Xanthobacteraceae | 0.950121112","102.01204819277109","0","83","Rhizobiales","0","p__Proteobacteria","0.9949779001985779","false","0","d__Bacteria |  p__Proteobacteria |  c__Alphaproteobacteria | Rhizobiales |  f__Xanthobacteraceae | 0.950121112","12558","0.21567029216230674"
"2.1432835820895524","8.544539180847854E-4","c__Alphaproteobacteria","0.4665738161559888","0.44180790960451977","60","3","f__Sphingomonadaceae","g__Sphingomonas.42","false","d__Bacteria","d__Bacteria |  p__Proteobacteria |  c__Alphaproteobacteria | Sphingomonadales |  f__Sphingomonadaceae |  g__Sphingomonas.42","78.33333333333333","0","60","Sphingomonadales","0","p__Proteobacteria","0.9950932035103452","false","0","d__Bacteria |  p__Proteobacteria |  c__Alphaproteobacteria | Sphingomonadales |  f__Sphingomonadaceae |  g__Sphingomonas.42","12064","0.15239948119325553"
"2.1343283582089554","0.0011788552331593173","c__Rubrobacteria","0.4685314685314685","0.4076598506978254","79","3","f__Rubrobacteriaceae","g__Rubrobacter.5","false","d__Bacteria","d__Bacteria |  p__Actinobacteriota |  c__Rubrobacteria | Rubrobacterales |  f__Rubrobacteriaceae |  g__Rubrobacter.5","103.64556962025317","0","79","Rubrobacterales","0","p__Actinobacteriota","0.9951316379476011","false","0","d__Bacteria |  p__Actinobacteriota |  c__Rubrobacteria | Rubrobacterales |  f__Rubrobacteriaceae |  g__Rubrobacter.5","19486","0.2068773844715632"
"2.2149253731343284","5.046130391046789E-4","c__TK10","0.45148247978436656","0.4384180790960452","60","3","f__TK10","g__TK10.143","false","d__Bacteria","d__Bacteria |  p__Chloroflexi |  c__TK10 | TK10 |  f__TK10 |  g__TK10.143","99.7","0","60","TK10","0","p__Chloroflexi","0.994785728012299","false","0","d__Bacteria |  p__Chloroflexi |  c__TK10 | TK10 |  f__TK10 |  g__TK10.143","7778","0.21394849785407724"
"2.1671641791044776","6.528894143652935E-4",,"0.46143250688705234","0.4244702665755297","77","3",,,"false",,"d__Bacteria |  p__Chloroflexi | 0.965354797 |  |  | ","102.83116883116882","0","77",,"0",,"0.9949907116776632","false","0","d__Bacteria |  p__Chloroflexi | 0.965354797 |  |  | ","10248","0.2137862137862138"
"2.1791044776119404","0.0013498112135936033","c__Deinococci","0.4589041095890411","0.34531993654151244","62","3","f__Deinococcaceae","g__Deinococcus.7","false","d__Bacteria","d__Bacteria |  p__Deinococcota |  c__Deinococci | Deinococcales |  f__Deinococcaceae |  g__Deinococcus.7","67.87096774193549","0","62","Deinococcales","0","p__Deinococcota","0.9949394657613222","false","0","d__Bacteria |  p__Deinococcota |  c__Deinococci | Deinococcales |  f__Deinococcaceae |  g__Deinococcus.7","16444","0.13933231767900908"
"2.201492537313433","6.998810360324483E-4","c__Saccharimonadia","0.4542372881355932","0.40229885057471265","58","4","f__Saccharimonadales","g__Saccharimonadales","false","d__Bacteria","d__Bacteria |  p__Patescibacteria |  c__Saccharimonadia | Saccharimonadales |  f__Saccharimonadales |  g__Saccharimonadales","73.44827586206897","0","58","Saccharimonadales","0","p__Patescibacteria","0.9948433796681827","false","0","d__Bacteria |  p__Patescibacteria |  c__Saccharimonadia | Saccharimonadales |  f__Saccharimonadales |  g__Saccharimonadales","9798","0.15333669282269094"
"2.2","5.870498294952725E-4","c__vadinHA49","0.45454545454545453","0.37037037037037035","54","4","f__vadinHA49","g__vadinHA49","false","d__Bacteria","d__Bacteria |  p__Planctomycetota |  c__vadinHA49 | vadinHA49 |  f__vadinHA49 |  g__vadinHA49","93.51851851851852","0","54","vadinHA49","0","p__Planctomycetota","0.9948497854077254","false","0","d__Bacteria |  p__Planctomycetota |  c__vadinHA49 | vadinHA49 |  f__vadinHA49 |  g__vadinHA49","8420","0.19362012115635305"
"2.265671641791045","2.5106401221482313E-4","c__Alphaproteobacteria","0.4413702239789196","0.3761904761904762","36","3","f__Rhizobiales_Incertae_Sedis","g__uncultured.1","false","d__Bacteria","d__Bacteria |  p__Proteobacteria |  c__Alphaproteobacteria | Rhizobiales |  f__Rhizobiales_Incertae_Sedis |  g__uncultured.1","89.86111111111111","0","36","Rhizobiales","0","p__Proteobacteria","0.9945679328678496","false","0","d__Bacteria |  p__Proteobacteria |  c__Alphaproteobacteria | Rhizobiales |  f__Rhizobiales_Incertae_Sedis |  g__uncultured.1","3986","0.1970638401559454"
"2.138805970149254","0.0016546254435733394","c__Alphaproteobacteria","0.46755059316120023","0.430990990990991","75","3","f__Sphingomonadaceae","g__Sphingoaurantiacus.2","false","d__Bacteria","d__Bacteria |  p__Proteobacteria |  c__Alphaproteobacteria | Sphingomonadales |  f__Sphingomonadaceae |  g__Sphingoaurantiacus.2","99.92","0","75","Sphingomonadales","0","p__Proteobacteria","0.9951124207289731","false","0","d__Bacteria |  p__Proteobacteria |  c__Alphaproteobacteria | Sphingomonadales |  f__Sphingomonadaceae |  g__Sphingoaurantiacus.2","22100","0.19904382470119522"
"2.1880597014925374","6.86727458211957E-4",,"0.45702592087312416","0.380327868852459","61","3",,,"false",,"d__Bacteria |  p__Proteobacteria |  c__Gammaproteobacteria | 0.99999706 |  | ","80.72131147540983","0","61",,"0",,"0.9949010313240664","false","0","d__Bacteria |  p__Proteobacteria |  c__Gammaproteobacteria | 0.99999706 |  | ","9236","0.1671248684791094"
"2.1059701492537313","6.906999227505546E-4","c__Gammaproteobacteria","0.4748405386250886","0.489010989010989","105","3","f__Burkholderiaceae","g__Lautropia.1","false","d__Bacteria","d__Bacteria |  p__Proteobacteria |  c__Gammaproteobacteria | Burkholderiales |  f__Burkholderiaceae |  g__Lautropia.1","112.8","0","105","Burkholderiales","0","p__Proteobacteria","0.9952533469989111","false","0","d__Bacteria |  p__Proteobacteria |  c__Gammaproteobacteria | Burkholderiales |  f__Burkholderiaceae |  g__Lautropia.1","13258","0.22834008097165992"
"1.9880597014925374","0.00500312112809038","c__Thermoleophilia","0.5030030030030029","0.40069534984789223","118","3","f__67-14","g__67-14.9","false","d__Bacteria","d__Bacteria |  p__Actinobacteriota |  c__Thermoleophilia | Solirubrobacterales |  f__67-14 |  g__67-14.9","107.49152542372882","0","118","Solirubrobacterales","0","p__Actinobacteriota","0.9957594004227788","false","0","d__Bacteria |  p__Actinobacteriota |  c__Thermoleophilia | Solirubrobacterales |  f__67-14 |  g__67-14.9","71056","0.19194915254237288"
"2.1164179104477614","0.001483331407341327","c__Chloroflexia","0.4724964739069111","0.3571095571095571","66","3","f__Chloroflexaceae","g__FFCH7168.8","false","d__Bacteria","d__Bacteria |  p__Chloroflexi |  c__Chloroflexia | Chloroflexales |  f__Chloroflexaceae |  g__FFCH7168.8","79.56060606060606","0","66","Chloroflexales","0","p__Chloroflexi","0.9952085068221127","false","0","d__Bacteria |  p__Chloroflexi |  c__Chloroflexia | Chloroflexales |  f__Chloroflexaceae |  g__FFCH7168.8","22744","0.15125590505818642"
"2.234328358208955","5.863050056405472E-4","c__Deinococci","0.44756179024716103","0.4454901960784314","51","3","f__Trueperaceae","g__Truepera","false","d__Bacteria","d__Bacteria |  p__Deinococcota |  c__Deinococci | Deinococcales |  f__Trueperaceae |  g__Truepera","66.84313725490196","0","51","Deinococcales","0","p__Deinococcota","0.9947024533982448","false","0","d__Bacteria |  p__Deinococcota |  c__Deinococci | Deinococcales |  f__Trueperaceae |  g__Truepera","7428","0.14468211527035058"
"2.191044776119403","6.699631555405287E-4","c__Alphaproteobacteria","0.45640326975476836","0.42314436002337813","59","3","f__Caulobacteraceae","g__Caulobacter.1","false","d__Bacteria","d__Bacteria |  p__Proteobacteria |  c__Alphaproteobacteria | Caulobacterales |  f__Caulobacteraceae |  g__Caulobacter.1","83.38983050847457","0","59","Caulobacterales","0","p__Proteobacteria","0.9948882198449811","false","0","d__Bacteria |  p__Proteobacteria |  c__Alphaproteobacteria | Caulobacterales |  f__Caulobacteraceae |  g__Caulobacter.1","10774","0.17264975260553742"
"2.126865671641791","8.61238460899761E-4","c__Gammaproteobacteria","0.47017543859649125","0.463768115942029","93","3","f__SC-I-84","g__SC-I-84.18","false","d__Bacteria","d__Bacteria |  p__Proteobacteria |  c__Gammaproteobacteria | Burkholderiales |  f__SC-I-84 |  g__SC-I-84.18","107.02150537634408","0","93","Burkholderiales","0","p__Proteobacteria","0.9951636666453142","false","0","d__Bacteria |  p__Proteobacteria |  c__Gammaproteobacteria | Burkholderiales |  f__SC-I-84 |  g__SC-I-84.18","13358","0.21752338491126846"
"2.1059701492537313","0.001656867182655374","c__Gammaproteobacteria","0.4748405386250886","0.43794688457609804","89","3","f__PLTA13","g__PLTA13.1","false","d__Bacteria","d__Bacteria |  p__Proteobacteria |  c__Gammaproteobacteria | PLTA13 |  f__PLTA13 |  g__PLTA13.1","105.0561797752809","0","89","PLTA13","0","p__Proteobacteria","0.9952533469989111","false","0","d__Bacteria |  p__Proteobacteria |  c__Gammaproteobacteria | PLTA13 |  f__PLTA13 |  g__PLTA13.1","23538","0.20637513520672832"
"2.201492537313433","6.357737145892087E-4","c__Alphaproteobacteria","0.4542372881355932","0.426056338028169","72","3","f__Sphingomonadaceae","g__Polymorphobacter.2","false","d__Bacteria","d__Bacteria |  p__Proteobacteria |  c__Alphaproteobacteria | Sphingomonadales |  f__Sphingomonadaceae |  g__Polymorphobacter.2","82.40277777777777","0","72","Sphingomonadales","0","p__Proteobacteria","0.9948433796681827","false","0","d__Bacteria |  p__Proteobacteria |  c__Alphaproteobacteria | Sphingomonadales |  f__Sphingomonadaceae |  g__Polymorphobacter.2","10192","0.17797576193904488"
"2.1164179104477614","0.0010550749778935465","c__Gammaproteobacteria","0.4724964739069111","0.3957680250783699","88","3","f__Rhodanobacteraceae","g__uncultured.3","false","d__Bacteria","d__Bacteria |  p__Proteobacteria |  c__Gammaproteobacteria | Xanthomonadales |  f__Rhodanobacteraceae |  g__uncultured.3","100.97727272727273","0","88","Xanthomonadales","0","p__Proteobacteria","0.9952085068221127","false","0","d__Bacteria |  p__Proteobacteria |  c__Gammaproteobacteria | Xanthomonadales |  f__Rhodanobacteraceae |  g__uncultured.3","17880","0.20035173160173161"
"2.1402985074626866","8.308893118598195E-4",,"0.46722454672245467","0.4173838209982788","84","3",,,"false",,"d__Bacteria |  p__Actinobacteriota |  c__Thermoleophilia | Solirubrobacterales | 0.999698513 | ","105.42857142857143","0","84",,"0",,"0.9951060149894305","false","0","d__Bacteria |  p__Actinobacteriota |  c__Thermoleophilia | Solirubrobacterales | 0.999698513 | ","12258","0.21428571428571427"
"2.182089552238806","5.675234137731989E-4","c__Alphaproteobacteria","0.45827633378932964","0.3622895622895623","55","3","f__Caulobacteraceae","g__Asticcacaulis","false","d__Bacteria","d__Bacteria |  p__Proteobacteria |  c__Alphaproteobacteria | Caulobacterales |  f__Caulobacteraceae |  g__Asticcacaulis","98.2909090909091","0","55","Caulobacterales","0","p__Proteobacteria","0.9949266542822369","false","0","d__Bacteria |  p__Proteobacteria |  c__Alphaproteobacteria | Caulobacterales |  f__Caulobacteraceae |  g__Asticcacaulis","8698","0.1993730407523511"
"2.2059701492537314","7.357049835627613E-4","c__Verrucomicrobiae","0.45331529093369416","0.33804713804713804","55","3","f__Chthoniobacteraceae","g__Chthoniobacter","false","d__Bacteria","d__Bacteria |  p__Verrucomicrobiota |  c__Verrucomicrobiae | Chthoniobacterales |  f__Chthoniobacteraceae |  g__Chthoniobacter","91.87272727272727","0","55","Chthoniobacterales","0","p__Verrucomicrobiota","0.9948241624495547","false","0","d__Bacteria |  p__Verrucomicrobiota |  c__Verrucomicrobiae | Chthoniobacterales |  f__Chthoniobacteraceae |  g__Chthoniobacter","9966","0.19260529826567563"
"2.308955223880597","4.459850821024641E-4","c__Armatimonadia","0.43309631544925664","0.358974358974359","39","3","f__Armatimonadales","g__Armatimonadales.8","false","d__Bacteria","d__Bacteria |  p__Armatimonadota |  c__Armatimonadia | Armatimonadales |  f__Armatimonadales |  g__Armatimonadales.8","63.35897435897436","0","39","Armatimonadales","0","p__Armatimonadota","0.9943821664211133","false","0","d__Bacteria |  p__Armatimonadota |  c__Armatimonadia | Armatimonadales |  f__Armatimonadales |  g__Armatimonadales.8","4998","0.14943154329946784"
"2.2134328358208957","7.53775894222634E-4","c__Bdellovibrionia","0.4517869184086311","0.41964285714285715","64","4","f__Bdellovibrionaceae","g__OM27_clade","false","d__Bacteria","d__Bacteria |  p__Bdellovibrionota |  c__Bdellovibrionia | Bdellovibrionales |  f__Bdellovibrionaceae |  g__OM27_clade","71.875","0","64","Bdellovibrionales","0","p__Bdellovibrionota","0.9947921337518416","false","0","d__Bacteria |  p__Bdellovibrionota |  c__Bdellovibrionia | Bdellovibrionales |  f__Bdellovibrionaceae |  g__OM27_clade","11350","0.1549030172413793"
"2.2","8.810133534020589E-4","c__Phycisphaerae","0.45454545454545453","0.38032581453634084","57","3","f__Phycisphaeraceae","g__SM1A02.22","false","d__Bacteria","d__Bacteria |  p__Planctomycetota |  c__Phycisphaerae | Phycisphaerales |  f__Phycisphaeraceae |  g__SM1A02.22","82.17543859649123","0","57","Phycisphaerales","0","p__Planctomycetota","0.9948497854077254","false","0","d__Bacteria |  p__Planctomycetota |  c__Phycisphaerae | Phycisphaerales |  f__Phycisphaeraceae |  g__SM1A02.22","11886","0.17187844087205462"
"2.3029850746268656","4.346491099266E-4","c__Bacteroidia","0.43421905379131565","0.3672014260249554","34","4","f__Microscillaceae","g__Ohtaekwangia","false","d__Bacteria","d__Bacteria |  p__Bacteroidota |  c__Bacteroidia | Cytophagales |  f__Microscillaceae |  g__Ohtaekwangia","58.470588235294116","0","34","Cytophagales","0","p__Bacteroidota","0.9944077893792839","false","0","d__Bacteria |  p__Bacteroidota |  c__Bacteroidia | Cytophagales |  f__Microscillaceae |  g__Ohtaekwangia","5352","0.1347248576850095"
"2.2761194029850746","5.181098561076264E-4","c__Alphaproteobacteria","0.43934426229508194","0.2926829268292683","42","3","f__Caulobacteraceae","g__Brevundimonas.10","false","d__Bacteria","d__Bacteria |  p__Proteobacteria |  c__Alphaproteobacteria | Caulobacterales |  f__Caulobacteraceae |  g__Brevundimonas.10","67.78571428571429","0","42","Caulobacterales","0","p__Proteobacteria","0.9945230926910512","false","0","d__Bacteria |  p__Proteobacteria |  c__Alphaproteobacteria | Caulobacterales |  f__Caulobacteraceae |  g__Brevundimonas.10","6382","0.15301515640116092"
"2.2791044776119405","2.0611115397747176E-4","c__Alphaproteobacteria","0.4387688277668631","0.4069069069069069","37","4","f__Rhodospirillaceae","g__uncultured","false","d__Bacteria","d__Bacteria |  p__Proteobacteria |  c__Alphaproteobacteria | Rhodospirillales |  f__Rhodospirillaceae |  g__uncultured","80.08108108108108","0","37","Rhodospirillales","0","p__Proteobacteria","0.9945102812119658","false","0","d__Bacteria |  p__Proteobacteria |  c__Alphaproteobacteria | Rhodospirillales |  f__Rhodospirillaceae |  g__uncultured","3092","0.1791523066690852"
"2.255223880597015","3.4997133334952314E-4","c__Dehalococcoidia","0.44341495698213107","0.43333333333333335","45","3","f__S085","g__S085.12","false","d__Bacteria","d__Bacteria |  p__Chloroflexi |  c__Dehalococcoidia | S085 |  f__S085 |  g__S085.12","88.08888888888889","0","45","S085","0","p__Chloroflexi","0.994612773044648","false","0","d__Bacteria |  p__Chloroflexi |  c__Dehalococcoidia | S085 |  f__S085 |  g__S085.12","4892","0.1940283896231033"
"2.208955223880597","4.086456325747909E-4","c__Myxococcia","0.4527027027027027","0.4166666666666667","64","3","f__Myxococcaceae","0.999968709","false","d__Bacteria","d__Bacteria |  p__Myxococcota |  c__Myxococcia | Myxococcales |  f__Myxococcaceae | 0.999968709","99.828125","0","64","Myxococcales","0","p__Myxococcota","0.9948113509704696","false","0","d__Bacteria |  p__Myxococcota |  c__Myxococcia | Myxococcales |  f__Myxococcaceae | 0.999968709","6678","0.21422344420600858"
"2.080597014925373","0.002055026446792595","c__Kapabacteria","0.4806312769010043","0.3968161522034556","102","3","f__Kapabacteriales","g__Kapabacteriales.9","false","d__Bacteria","d__Bacteria |  p__Bacteroidota |  c__Kapabacteria | Kapabacteriales |  f__Kapabacteriales |  g__Kapabacteriales.9","106.8921568627451","0","102","Kapabacteriales","0","p__Bacteroidota","0.9953622445711358","false","0","d__Bacteria |  p__Bacteroidota |  c__Kapabacteria | Kapabacteriales |  f__Kapabacteriales |  g__Kapabacteriales.9","30406","0.20796139467460137"
"2.244776119402985","4.701157788446078E-4","c__Chloroflexia","0.4454787234042553","0.4640088593576966","43","3","f__Chloroflexaceae","g__Chloronema.4","false","d__Bacteria","d__Bacteria |  p__Chloroflexi |  c__Chloroflexia | Chloroflexales |  f__Chloroflexaceae |  g__Chloronema.4","74.20930232558139","0","43","Chloroflexales","0","p__Chloroflexi","0.9946576132214464","false","0","d__Bacteria |  p__Chloroflexi |  c__Chloroflexia | Chloroflexales |  f__Chloroflexaceae |  g__Chloronema.4","6786","0.16027927068160128"
"2.1283582089552238","0.001269167510490803","c__Chloroflexia","0.46984572230014027","0.4661855118952152","87","3","f__Herpetosiphonaceae","g__Herpetosiphon.5","false","d__Bacteria","d__Bacteria |  p__Chloroflexi |  c__Chloroflexia | Chloroflexales |  f__Herpetosiphonaceae |  g__Herpetosiphon.5","105.1264367816092","0","87","Chloroflexales","0","p__Chloroflexi","0.9951572609057715","false","0","d__Bacteria |  p__Chloroflexi |  c__Chloroflexia | Chloroflexales |  f__Herpetosiphonaceae |  g__Herpetosiphon.5","18782","0.21152200559679918"
"2.1522388059701494","0.0021547830026832186","c__Chloroflexia","0.464632454923717","0.43097643097643096","55","3","f__Roseiflexaceae","g__uncultured.40","false","d__Bacteria","d__Bacteria |  p__Chloroflexi |  c__Chloroflexia | Chloroflexales |  f__Roseiflexaceae |  g__uncultured.40","73.01818181818182","0","55","Chloroflexales","0","p__Chloroflexi","0.9950547690730895","false","0","d__Bacteria |  p__Chloroflexi |  c__Chloroflexia | Chloroflexales |  f__Roseiflexaceae |  g__uncultured.40","21948","0.14233563707247918"
"2.091044776119403","0.0023405129853751017","c__Chloroflexia","0.4782298358315489","0.39063591893780575","54","3","f__Roseiflexaceae","g__uncultured.5","false","d__Bacteria","d__Bacteria |  p__Chloroflexi |  c__Chloroflexia | Chloroflexales |  f__Roseiflexaceae |  g__uncultured.5","76.03703703703704","0","54","Chloroflexales","0","p__Chloroflexi","0.9953174043943374","false","0","d__Bacteria |  p__Chloroflexi |  c__Chloroflexia | Chloroflexales |  f__Roseiflexaceae |  g__uncultured.5","29868","0.13700367033700367"
"2.147761194029851","8.238989039786932E-4","c__Gemmatimonadetes","0.4656011118832522","0.38504257682339876","74","3","f__Gemmatimonadaceae","g__uncultured.6","false","d__Bacteria","d__Bacteria |  p__Gemmatimonadota |  c__Gemmatimonadetes | Gemmatimonadales |  f__Gemmatimonadaceae |  g__uncultured.6","102.28378378378379","0","74","Gemmatimonadales","0","p__Gemmatimonadota","0.9950739862917174","false","0","d__Bacteria |  p__Gemmatimonadota |  c__Gemmatimonadetes | Gemmatimonadales |  f__Gemmatimonadaceae |  g__uncultured.6","12664","0.20580238185871988"
"2.071641791044776","0.001938112237257948","c__Gammaproteobacteria","0.4827089337175793","0.48668384879725085","97","3","f__CCD24","g__CCD24.1","false","d__Bacteria","d__Bacteria |  p__Proteobacteria |  c__Gammaproteobacteria | CCD24 |  f__CCD24 |  g__CCD24.1","112.04123711340206","0","97","CCD24","0","p__Proteobacteria","0.9954006790083915","false","0","d__Bacteria |  p__Proteobacteria |  c__Gammaproteobacteria | CCD24 |  f__CCD24 |  g__CCD24.1","28608","0.2137994806012434"
"2.011940298507463","0.002610887348491293","c__Rhodothermia","0.49703264094955485","0.3084684684684685","75","3","f__Rhodothermaceae","g__Rubrivirga","false","d__Bacteria","d__Bacteria |  p__Bacteroidota |  c__Rhodothermia | Rhodothermales |  f__Rhodothermaceae |  g__Rubrivirga","76.57333333333334","0","75","Rhodothermales","0","p__Bacteroidota","0.9956569085900968","false","0","d__Bacteria |  p__Bacteroidota |  c__Rhodothermia | Rhodothermales |  f__Rhodothermaceae |  g__Rubrivirga","34090","0.13044860874503122"
"2.1880597014925374","6.798226242261034E-4","c__Chloroflexia","0.45702592087312416","0.38482886216466233","47","3","f__Chloroflexaceae","g__Oscillochloris.2","false","d__Bacteria","d__Bacteria |  p__Chloroflexi |  c__Chloroflexia | Chloroflexales |  f__Chloroflexaceae |  g__Oscillochloris.2","74.14893617021276","0","47","Chloroflexales","0","p__Chloroflexi","0.9949010313240664","false","0","d__Bacteria |  p__Chloroflexi |  c__Chloroflexia | Chloroflexales |  f__Chloroflexaceae |  g__Oscillochloris.2","9740","0.14919303052356694"
"2.2611940298507465","3.058478590223035E-4","c__Alphaproteobacteria","0.4422442244224422","0.2991596638655462","35","4","f__Caulobacteraceae","g__uncultured.3","false","d__Bacteria","d__Bacteria |  p__Proteobacteria |  c__Alphaproteobacteria | Caulobacterales |  f__Caulobacteraceae |  g__uncultured.3","87.8","0","35","Caulobacterales","0","p__Proteobacteria","0.9945871500864775","false","0","d__Bacteria |  p__Proteobacteria |  c__Alphaproteobacteria | Caulobacterales |  f__Caulobacteraceae |  g__uncultured.3","4410","0.19045553145336225"
"2.2","3.4965447466192616E-4","c__Bdellovibrionia","0.45454545454545453","0.4434782608695652","46","3","f__Bacteriovoracaceae","g__Peredibacter","false","d__Bacteria","d__Bacteria |  p__Bdellovibrionota |  c__Bdellovibrionia | Bacteriovoracales |  f__Bacteriovoracaceae |  g__Peredibacter","96.32608695652173","0","46","Bacteriovoracales","0","p__Bdellovibrionota","0.9948497854077254","false","0","d__Bacteria |  p__Bdellovibrionota |  c__Bdellovibrionia | Bacteriovoracales |  f__Bacteriovoracaceae |  g__Peredibacter","6526","0.19658385093167702"
"2.253731343283582","2.9608531249367516E-4","c__Alphaproteobacteria","0.44370860927152317","0.528657616892911","52","4","f__Acetobacteraceae","g__Roseomonas.2","false","d__Bacteria","d__Bacteria |  p__Proteobacteria |  c__Alphaproteobacteria | Acetobacterales |  f__Acetobacteraceae |  g__Roseomonas.2","71.28846153846153","0","52","Acetobacterales","0","p__Proteobacteria","0.9946191787841906","false","0","d__Bacteria |  p__Proteobacteria |  c__Alphaproteobacteria | Acetobacterales |  f__Acetobacteraceae |  g__Roseomonas.2","4956","0.15877162926160698"
"2.2238805970149254","5.133096770884621E-4","c__Alphaproteobacteria","0.44966442953020136","0.4543254688445251","58","4","f__Acetobacteraceae","g__Rubritepida","false","d__Bacteria","d__Bacteria |  p__Proteobacteria |  c__Alphaproteobacteria | Acetobacterales |  f__Acetobacteraceae |  g__Rubritepida","79.63793103448276","0","58","Acetobacterales","0","p__Proteobacteria","0.9947472935750432","false","0","d__Bacteria |  p__Proteobacteria |  c__Alphaproteobacteria | Acetobacterales |  f__Acetobacteraceae |  g__Rubritepida","7554","0.1720041707008267"
"2.183582089552239","5.973271523749747E-4","c__Chloroflexia","0.4579630895420369","0.43601190476190477","64","3","f__Chloroflexaceae","g__Oscillochloris.1","false","d__Bacteria","d__Bacteria |  p__Chloroflexi |  c__Chloroflexia | Chloroflexales |  f__Chloroflexaceae |  g__Oscillochloris.1","79.765625","0","64","Chloroflexales","0","p__Chloroflexi","0.9949202485426942","false","0","d__Bacteria |  p__Chloroflexi |  c__Chloroflexia | Chloroflexales |  f__Chloroflexaceae |  g__Oscillochloris.1","9612","0.1651462215320911"
"2.2582089552238807","4.961613340598915E-4","c__Myxococcia","0.4428288169200264","0.2777777777777778","28","3","f__Myxococcaceae","0.999997191","false","d__Bacteria","d__Bacteria |  p__Myxococcota |  c__Myxococcia | Myxococcales |  f__Myxococcaceae | 0.999997191","72.89285714285714","0","28","Myxococcales","0","p__Myxococcota","0.9945999615655627","false","0","d__Bacteria |  p__Myxococcota |  c__Myxococcia | Myxococcales |  f__Myxococcaceae | 0.999997191","6044","0.15542187024063356"
"2.073134328358209","0.0018680475658668077",,"0.482361411087113","0.35261939827477384","98","3",,,"false",,"d__Bacteria |  p__Chloroflexi | 0.983981621 |  |  | ","98.13265306122449","0","98",,"0",,"0.9953942732688489","false","0","d__Bacteria |  p__Chloroflexi | 0.983981621 |  |  | ","31844","0.18763413587232217"
"2.2238805970149254","5.593380657036957E-4","c__Polyangia","0.44966442953020136","0.37969924812030076","57","3","f__Blfdi19","g__Blfdi19.1","false","d__Bacteria","d__Bacteria |  p__Myxococcota |  c__Polyangia | Blfdi19 |  f__Blfdi19 |  g__Blfdi19.1","82.0701754385965","0","57","Blfdi19","0","p__Myxococcota","0.9947472935750432","false","0","d__Bacteria |  p__Myxococcota |  c__Polyangia | Blfdi19 |  f__Blfdi19 |  g__Blfdi19.1","9068","0.17725739835549997"
"2.1776119402985072","7.785062057599681E-4","c__Polyangia","0.4592186429061001","0.4089795918367347","50","3","f__Sandaracinaceae","g__uncultured.1","false","d__Bacteria","d__Bacteria |  p__Myxococcota |  c__Polyangia | Polyangiales |  f__Sandaracinaceae |  g__uncultured.1","82.36","0","50","Polyangiales","0","p__Myxococcota","0.9949458715008648","false","0","d__Bacteria |  p__Myxococcota |  c__Polyangia | Polyangiales |  f__Sandaracinaceae |  g__uncultured.1","10288","0.16468"
"2.138805970149254","0.0015212459624515259","c__TK10","0.46755059316120023","0.31025641025641026","40","3","f__TK10","g__TK10.118","false","d__Bacteria","d__Bacteria |  p__Chloroflexi |  c__TK10 | TK10 |  f__TK10 |  g__TK10.118","88.375","0","40","TK10","0","p__Chloroflexi","0.9951124207289731","false","0","d__Bacteria |  p__Chloroflexi |  c__TK10 | TK10 |  f__TK10 |  g__TK10.118","20450","0.16509345794392524"
"2.129850746268657","0.0014908890811770475",,"0.46951646811492637","0.439873417721519","80","3",,,"false",,"d__Bacteria |  p__Chloroflexi | 0.969052816 |  |  | ","102.075","0","80",,"0",,"0.9951508551662289","false","0","d__Bacteria |  p__Chloroflexi | 0.969052816 |  |  | ","20402","0.20331175298804782"
"2.0074626865671643","0.004141098954681684","c__Alphaproteobacteria","0.49814126394052044","0.4587601078167116","106","3","f__Sphingomonadaceae","g__Ellin6055.10","false","d__Bacteria","d__Bacteria |  p__Proteobacteria |  c__Alphaproteobacteria | Sphingomonadales |  f__Sphingomonadaceae |  g__Ellin6055.10","110.56603773584905","0","106","Sphingomonadales","0","p__Proteobacteria","0.9956761258087247","false","0","d__Bacteria |  p__Proteobacteria |  c__Alphaproteobacteria | Sphingomonadales |  f__Sphingomonadaceae |  g__Ellin6055.10","63100","0.19779255408917543"
"2.198507462686567","4.7251809397340973E-4","c__Alphaproteobacteria","0.45485403937542435","0.4365079365079365","64","3","f__Reyranellaceae","g__Reyranella.6","false","d__Bacteria","d__Bacteria |  p__Proteobacteria |  c__Alphaproteobacteria | Reyranellales |  f__Reyranellaceae |  g__Reyranella.6","108.5625","0","64","Reyranellales","0","p__Proteobacteria","0.994856191147268","false","0","d__Bacteria |  p__Proteobacteria |  c__Alphaproteobacteria | Reyranellales |  f__Reyranellaceae |  g__Reyranella.6","6908","0.22951902748414377"
"2.1880597014925374","3.25627354117417E-4","c__Longimicrobia","0.45702592087312416","0.5545609548167093","69","3","f__Longimicrobiaceae","g__Longimicrobiaceae","false","d__Bacteria","d__Bacteria |  p__Gemmatimonadota |  c__Longimicrobia | Longimicrobiales |  f__Longimicrobiaceae |  g__Longimicrobiaceae","117.82608695652173","0","69","Longimicrobiales","0","p__Gemmatimonadota","0.9949010313240664","false","0","d__Bacteria |  p__Gemmatimonadota |  c__Longimicrobia | Longimicrobiales |  f__Longimicrobiaceae |  g__Longimicrobiaceae","5648","0.24805491990846681"
"2.243283582089552","3.202558660490534E-4","c__Myxococcia","0.44577511643379913","0.45410628019323673","46","3","f__Myxococcaceae","g__uncultured.1","false","d__Bacteria","d__Bacteria |  p__Myxococcota |  c__Myxococcia | Myxococcales |  f__Myxococcaceae |  g__uncultured.1","105.8913043478261","0","46","Myxococcales","0","p__Myxococcota","0.994664018960989","false","0","d__Bacteria |  p__Myxococcota |  c__Myxococcia | Myxococcales |  f__Myxococcaceae |  g__uncultured.1","5032","0.22969914175233425"
"2.225373134328358","5.25948718774028E-4","c__Alphaproteobacteria","0.44936284372904095","0.3696969696969697","45","3","f__Caulobacteraceae","g__Phenylobacterium.10","false","d__Bacteria","d__Bacteria |  p__Proteobacteria |  c__Alphaproteobacteria | Caulobacterales |  f__Caulobacteraceae |  g__Phenylobacterium.10","83.0","0","45","Caulobacterales","0","p__Proteobacteria","0.9947408878355006","false","0","d__Bacteria |  p__Proteobacteria |  c__Alphaproteobacteria | Caulobacterales |  f__Caulobacteraceae |  g__Phenylobacterium.10","6292","0.1751054852320675"
"2.1865671641791047","5.796753661828352E-4","c__Alphaproteobacteria","0.45733788395904434","0.4013986013986014","66","3","f__Acetobacteraceae","g__Roseomonas.8","false","d__Bacteria","d__Bacteria |  p__Proteobacteria |  c__Alphaproteobacteria | Acetobacterales |  f__Acetobacteraceae |  g__Roseomonas.8","88.48484848484848","0","66","Acetobacterales","0","p__Proteobacteria","0.994907437063609","false","0","d__Bacteria |  p__Proteobacteria |  c__Alphaproteobacteria | Acetobacterales |  f__Acetobacteraceae |  g__Roseomonas.8","9396","0.1847282849370532"
"2.6402985074626866","7.52218743390643E-5","c__Alphaproteobacteria","0.3787450537026569","0.6","11","4","f__Rhizobiaceae","g__Allorhizobium-Neorhizobium-Pararhizobium-Rhizobium.4","false","d__Bacteria","d__Bacteria |  p__Proteobacteria |  c__Alphaproteobacteria | Rhizobiales |  f__Rhizobiaceae |  g__Allorhizobium-Neorhizobium-Pararhizobium-Rhizobium.4","48.90909090909091","0","11","Rhizobiales","0","p__Proteobacteria","0.9929600922426494","false","0","d__Bacteria |  p__Proteobacteria |  c__Alphaproteobacteria | Rhizobiales |  f__Rhizobiaceae |  g__Allorhizobium-Neorhizobium-Pararhizobium-Rhizobium.4","828","0.20991026141240735"
"2.308955223880597","1.1795312852467379E-4","c__Alphaproteobacteria","0.43309631544925664","0.4311594202898551","24","3","f__Sphingomonadaceae","g__Plot4-2H12","false","d__Bacteria","d__Bacteria |  p__Proteobacteria |  c__Alphaproteobacteria | Sphingomonadales |  f__Sphingomonadaceae |  g__Plot4-2H12","88.75","0","24","Sphingomonadales","0","p__Proteobacteria","0.9943821664211133","false","0","d__Bacteria |  p__Proteobacteria |  c__Alphaproteobacteria | Sphingomonadales |  f__Sphingomonadaceae |  g__Plot4-2H12","1734","0.2021640091116173"
"2.108955223880597","0.0023060145692585165","c__Verrucomicrobiae","0.4741684359518754","0.34912280701754383","76","3","f__Pedosphaeraceae","g__Pedosphaeraceae.6","false","d__Bacteria","d__Bacteria |  p__Verrucomicrobiota |  c__Verrucomicrobiae | Pedosphaerales |  f__Pedosphaeraceae |  g__Pedosphaeraceae.6","95.8157894736842","0","76","Pedosphaerales","0","p__Verrucomicrobiota","0.9952405355198257","false","0","d__Bacteria |  p__Verrucomicrobiota |  c__Verrucomicrobiae | Pedosphaerales |  f__Pedosphaeraceae |  g__Pedosphaeraceae.6","31784","0.1839074654005455"
"2.4925373134328357","4.096215259136047E-4","c__Ascomycota_cls_Incertae_sedis","0.40119760479041916","0.43205128205128207","40","3","f__Ascomycota_fam_Incertae_sedis","g__Ascomycota_gen_Incertae_sedis.1","false","k__Fungi","k__Fungi | p__Ascomycota | c__Ascomycota_cls_Incertae_sedis | Ascomycota_ord_Incertae_sedis | f__Ascomycota_fam_Incertae_sedis | g__Ascomycota_gen_Incertae_sedis.1","46.225","0","40","Ascomycota_ord_Incertae_sedis","0","p__Ascomycota","0.9935942604573698","false","0","k__Fungi | p__Ascomycota | c__Ascomycota_cls_Incertae_sedis | Ascomycota_ord_Incertae_sedis | f__Ascomycota_fam_Incertae_sedis | g__Ascomycota_gen_Incertae_sedis.1","4914","0.15408333333333332"
"1.864179104477612","0.017284325670450462","c__Sordariomycetes","0.5364291433146517","0.259121830550402","99","3","unassigned","unassigned","false","k__Fungi","k__Fungi | p__Ascomycota | c__Sordariomycetes | unassigned | unassigned | unassigned","62.38383838383838","0","99","unassigned","0","p__Ascomycota","0.9962910768048171","false","0","k__Fungi | p__Ascomycota | c__Sordariomycetes | unassigned | unassigned | unassigned","236472","0.09423540541365315"
"2.201492537313433","0.0026776206289672666","c__Fungi_cls_Incertae_sedis","0.4542372881355932","0.2790960451977401","60","3","f__Fungi_fam_Incertae_sedis","g__Fungi_gen_Incertae_sedis.1","false","k__Fungi","k__Fungi | p__Fungi_phy_Incertae_sedis | c__Fungi_cls_Incertae_sedis | Fungi_ord_Incertae_sedis | f__Fungi_fam_Incertae_sedis | g__Fungi_gen_Incertae_sedis.1","51.15","0","60","Fungi_ord_Incertae_sedis","0","p__Fungi_phy_Incertae_sedis","0.9948433796681827","false","0","k__Fungi | p__Fungi_phy_Incertae_sedis | c__Fungi_cls_Incertae_sedis | Fungi_ord_Incertae_sedis | f__Fungi_fam_Incertae_sedis | g__Fungi_gen_Incertae_sedis.1","29938","0.10787623066104078"
"2.547761194029851","2.2303600687078977E-4","c__Ascomycota_cls_Incertae_sedis","0.39250146455770357","0.33201581027667987","23","3","f__Ascomycota_fam_Incertae_sedis","g__Ascomycota_gen_Incertae_sedis.10","false","k__Fungi","k__Fungi | p__Ascomycota | c__Ascomycota_cls_Incertae_sedis | Ascomycota_ord_Incertae_sedis | f__Ascomycota_fam_Incertae_sedis | g__Ascomycota_gen_Incertae_sedis.10","44.43478260869565","0","23","Ascomycota_ord_Incertae_sedis","0","p__Ascomycota","0.9933572480942925","false","0","k__Fungi | p__Ascomycota | c__Ascomycota_cls_Incertae_sedis | Ascomycota_ord_Incertae_sedis | f__Ascomycota_fam_Incertae_sedis | g__Ascomycota_gen_Incertae_sedis.10","1900","0.15869565217391304"
"2.47910447761194","0.0015724249024869831","c__Ascomycota_cls_Incertae_sedis","0.40337146297411197","0.2481060606060606","33","3","f__Ascomycota_fam_Incertae_sedis","g__Ascomycota_gen_Incertae_sedis.4","false","k__Fungi","k__Fungi | p__Ascomycota | c__Ascomycota_cls_Incertae_sedis | Ascomycota_ord_Incertae_sedis | f__Ascomycota_fam_Incertae_sedis | g__Ascomycota_gen_Incertae_sedis.4","40.21212121212121","0","33","Ascomycota_ord_Incertae_sedis","0","p__Ascomycota","0.9936519121132534","false","0","k__Fungi | p__Ascomycota | c__Ascomycota_cls_Incertae_sedis | Ascomycota_ord_Incertae_sedis | f__Ascomycota_fam_Incertae_sedis | g__Ascomycota_gen_Incertae_sedis.4","11488","0.12725354813962408"
"2.4582089552238804","4.6325799967074247E-4","c__Ascomycota_cls_Incertae_sedis","0.4068002428658167","0.346031746031746","36","3","f__Ascomycota_fam_Incertae_sedis","g__Ascomycota_gen_Incertae_sedis.5","false","k__Fungi","k__Fungi | p__Ascomycota | c__Ascomycota_cls_Incertae_sedis | Ascomycota_ord_Incertae_sedis | f__Ascomycota_fam_Incertae_sedis | g__Ascomycota_gen_Incertae_sedis.5","48.69444444444444","0","36","Ascomycota_ord_Incertae_sedis","0","p__Ascomycota","0.9937415924668503","false","0","k__Fungi | p__Ascomycota | c__Ascomycota_cls_Incertae_sedis | Ascomycota_ord_Incertae_sedis | f__Ascomycota_fam_Incertae_sedis | g__Ascomycota_gen_Incertae_sedis.5","5008","0.14891267414203194"
"2.328358208955224","0.0011341286377989175","c__Ascomycota_cls_Incertae_sedis","0.42948717948717946","0.27419354838709675","32","3","f__Ascomycota_fam_Incertae_sedis","g__Ascomycota_gen_Incertae_sedis.8","false","k__Fungi","k__Fungi | p__Ascomycota | c__Ascomycota_cls_Incertae_sedis | Ascomycota_ord_Incertae_sedis | f__Ascomycota_fam_Incertae_sedis | g__Ascomycota_gen_Incertae_sedis.8","46.875","0","32","Ascomycota_ord_Incertae_sedis","0","p__Ascomycota","0.9942988918070591","false","0","k__Fungi | p__Ascomycota | c__Ascomycota_cls_Incertae_sedis | Ascomycota_ord_Incertae_sedis | f__Ascomycota_fam_Incertae_sedis | g__Ascomycota_gen_Incertae_sedis.8","13160","0.11233513189448441"
"1.7343283582089553","0.0730312963121957","c__Dothideomycetes","0.576592082616179","0.17907700120611947","178","2","f__Didymellaceae","g__Chaetasbolisia","false","k__Fungi","k__Fungi | p__Ascomycota | c__Dothideomycetes | Pleosporales | f__Didymellaceae | g__Chaetasbolisia","76.26404494382022","0","178","Pleosporales","0","p__Ascomycota","0.996848376145026","false","0","k__Fungi | p__Ascomycota | c__Dothideomycetes | Pleosporales | f__Didymellaceae | g__Chaetasbolisia","1076944","0.11382693275197049"
"2.497014925373134","3.6924683512815765E-4","c__Eurotiomycetes","0.4004781829049612","0.4126984126984127","36","3","f__Verrucariaceae","g__Verrucaria","false","k__Fungi","k__Fungi | p__Ascomycota | c__Eurotiomycetes | Verrucariales | f__Verrucariaceae | g__Verrucaria","44.861111111111114","0","36","Verrucariales","0","p__Ascomycota","0.993575043238742","false","0","k__Fungi | p__Ascomycota | c__Eurotiomycetes | Verrucariales | f__Verrucariaceae | g__Verrucaria","3704","0.14904023624953858"
"2.4507462686567165","5.742967929847826E-4","c__Sordariomycetes","0.40803897685749085","0.34143049932523617","39","3","f__Nectriaceae","g__Fusarium.3","false","k__Fungi","k__Fungi | p__Ascomycota | c__Sordariomycetes | Hypocreales | f__Nectriaceae | g__Fusarium.3","47.87179487179487","0","39","Hypocreales","0","p__Ascomycota","0.9937736211645634","false","0","k__Fungi | p__Ascomycota | c__Sordariomycetes | Hypocreales | f__Nectriaceae | g__Fusarium.3","5652","0.14550697529420933"
"2.4656716417910447","6.205722326130905E-4","c__Sordariomycetes","0.40556900726392253","0.3225371120107962","39","3","f__Nectriaceae","g__Nectriaceae_gen_Incertae_sedis","false","k__Fungi","k__Fungi | p__Ascomycota | c__Sordariomycetes | Hypocreales | f__Nectriaceae | g__Nectriaceae_gen_Incertae_sedis","45.51282051282051","0","39","Hypocreales","0","p__Ascomycota","0.9937095637691372","false","0","k__Fungi | p__Ascomycota | c__Sordariomycetes | Hypocreales | f__Nectriaceae | g__Nectriaceae_gen_Incertae_sedis","6298","0.1426734185354875"
"1.9208955223880597","0.010113226339476155","c__Fungi_cls_Incertae_sedis","0.5205905205905206","0.21878121878121878","78","3","f__Fungi_fam_Incertae_sedis","g__Fungi_gen_Incertae_sedis.2","false","k__Fungi","k__Fungi | p__Fungi_phy_Incertae_sedis | c__Fungi_cls_Incertae_sedis | Fungi_ord_Incertae_sedis | f__Fungi_fam_Incertae_sedis | g__Fungi_gen_Incertae_sedis.2","56.92307692307692","0","78","Fungi_ord_Incertae_sedis","0","p__Fungi_phy_Incertae_sedis","0.9960476587021971","false","0","k__Fungi | p__Fungi_phy_Incertae_sedis | c__Fungi_cls_Incertae_sedis | Fungi_ord_Incertae_sedis | f__Fungi_fam_Incertae_sedis | g__Fungi_gen_Incertae_sedis.2","122466","0.08825283243887895"
"2.3223880597014928","0.0018221104488050377","c__Ascomycota_cls_Incertae_sedis","0.4305912596401028","0.25142857142857145","50","3","f__Ascomycota_fam_Incertae_sedis","g__Ascomycota_gen_Incertae_sedis.11","false","k__Fungi","k__Fungi | p__Ascomycota | c__Ascomycota_cls_Incertae_sedis | Ascomycota_ord_Incertae_sedis | f__Ascomycota_fam_Incertae_sedis | g__Ascomycota_gen_Incertae_sedis.11","46.64","0","50","Ascomycota_ord_Incertae_sedis","0","p__Ascomycota","0.9943245147652297","false","0","k__Fungi | p__Ascomycota | c__Ascomycota_cls_Incertae_sedis | Ascomycota_ord_Incertae_sedis | f__Ascomycota_fam_Incertae_sedis | g__Ascomycota_gen_Incertae_sedis.11","18912","0.11544554455445545"
"2.1731343283582087","0.0030295937557117923","c__Ascomycota_cls_Incertae_sedis","0.4601648351648352","0.2809224318658281","54","3","f__Ascomycota_fam_Incertae_sedis","g__Ascomycota_gen_Incertae_sedis.6","false","k__Fungi","k__Fungi | p__Ascomycota | c__Ascomycota_cls_Incertae_sedis | Ascomycota_ord_Incertae_sedis | f__Ascomycota_fam_Incertae_sedis | g__Ascomycota_gen_Incertae_sedis.6","50.907407407407405","0","54","Ascomycota_ord_Incertae_sedis","0","p__Ascomycota","0.9949650887194927","false","0","k__Fungi | p__Ascomycota | c__Ascomycota_cls_Incertae_sedis | Ascomycota_ord_Incertae_sedis | f__Ascomycota_fam_Incertae_sedis | g__Ascomycota_gen_Incertae_sedis.6","34934","0.10181481481481482"
"1.8761194029850747","0.018209336511537732","c__Dothideomycetes","0.5330151153540175","0.21270776351777826","98","3","f__Saccotheciaceae","g__Aureobasidium","false","k__Fungi","k__Fungi | p__Ascomycota | c__Dothideomycetes | Dothideales | f__Saccotheciaceae | g__Aureobasidium","67.89795918367346","0","98","Dothideales","0","p__Ascomycota","0.9962398308884761","false","0","k__Fungi | p__Ascomycota | c__Dothideomycetes | Dothideales | f__Saccotheciaceae | g__Aureobasidium","261658","0.10366100638728774"
"2.274626865671642","0.00123735462425398","c__Dothideomycetes","0.4396325459317585","0.3388235294117647","51","3","f__Pleosporales_fam_Incertae_sedis","g__Pleosporales_gen_Incertae_sedis","false","k__Fungi","k__Fungi | p__Ascomycota | c__Dothideomycetes | Pleosporales | f__Pleosporales_fam_Incertae_sedis | g__Pleosporales_gen_Incertae_sedis","55.431372549019606","0","51","Pleosporales","0","p__Ascomycota","0.9945294984305938","false","0","k__Fungi | p__Ascomycota | c__Dothideomycetes | Pleosporales | f__Pleosporales_fam_Incertae_sedis | g__Pleosporales_gen_Incertae_sedis","17142","0.1274284426414244"
"2.5","3.669052239158131E-4","c__Eurotiomycetes","0.4","0.33618233618233617","27","3","f__Chaetothyriales_fam_Incertae_sedis","g__Chaetothyriales_gen_Incertae_sedis.4","false","k__Fungi","k__Fungi | p__Ascomycota | c__Eurotiomycetes | Chaetothyriales | f__Chaetothyriales_fam_Incertae_sedis | g__Chaetothyriales_gen_Incertae_sedis.4","48.925925925925924","0","27","Chaetothyriales","0","p__Ascomycota","0.9935622317596566","false","0","k__Fungi | p__Ascomycota | c__Eurotiomycetes | Chaetothyriales | f__Chaetothyriales_fam_Incertae_sedis | g__Chaetothyriales_gen_Incertae_sedis.4","6210","0.15885040885040885"
"1.8865671641791044","0.012941775178989274","c__Sordariomycetes","0.5300632911392406","0.2345679012345679","81","3","f__Nectriaceae","g__Fusarium.2","false","k__Fungi","k__Fungi | p__Ascomycota | c__Sordariomycetes | Hypocreales | f__Nectriaceae | g__Fusarium.2","61.54320987654321","0","81","Hypocreales","0","p__Ascomycota","0.9961949907116777","false","0","k__Fungi | p__Ascomycota | c__Sordariomycetes | Hypocreales | f__Nectriaceae | g__Fusarium.2","157258","0.0925461802654785"
"2.6074626865671644","3.491540481367394E-4","c__Sordariomycetes","0.38351459645105895","0.3646723646723647","27","4","f__Chaetomiaceae","unassigned","false","k__Fungi","k__Fungi | p__Ascomycota | c__Sordariomycetes | Sordariales | f__Chaetomiaceae | unassigned","37.22222222222222","0","27","Sordariales","0","p__Ascomycota","0.9931010185125873","false","0","k__Fungi | p__Ascomycota | c__Sordariomycetes | Sordariales | f__Chaetomiaceae | unassigned","2816","0.15444905486399263"
"2.3298507462686566","9.203383812517546E-4","c__Tremellomycetes","0.42921204356181936","0.3","41","3","f__Bulleribasidiaceae","g__Vishniacozyma","false","k__Fungi","k__Fungi | p__Basidiomycota | c__Tremellomycetes | Tremellales | f__Bulleribasidiaceae | g__Vishniacozyma","51.21951219512195","0","41","Tremellales","0","p__Basidiomycota","0.9942924860675165","false","0","k__Fungi | p__Basidiomycota | c__Tremellomycetes | Tremellales | f__Bulleribasidiaceae | g__Vishniacozyma","11592","0.12553802008608322"
"1.8805970149253732","0.014555316794134686","unassigned","0.5317460317460317","0.23842917251051893","93","3","unassigned","unassigned.1","false","k__Fungi","k__Fungi | unassigned | unassigned | unassigned | unassigned | unassigned.1","70.87096774193549","0","93","unassigned","0","unassigned","0.9962206136698482","false","0","k__Fungi | unassigned | unassigned | unassigned | unassigned | unassigned.1","239520","0.10787057494967349"
"2.1955223880597017","0.003773433019795208","unassigned","0.45547246770904143","0.266156462585034","49","3","unassigned","unassigned.21","false","k__Fungi","k__Fungi | unassigned | unassigned | unassigned | unassigned | unassigned.21","48.36734693877551","0","49","unassigned","0","unassigned","0.9948690026263531","false","0","k__Fungi | unassigned | unassigned | unassigned | unassigned | unassigned.21","40448","0.09870887130362349"
"2.5880597014925373","2.8539204076526967E-4","unassigned","0.3863898500576701","0.4088669950738916","29","4","unassigned","unassigned.4","false","k__Fungi","k__Fungi | unassigned | unassigned | unassigned | unassigned | unassigned.4","45.689655172413794","0","29","unassigned","0","unassigned","0.9931842931266415","false","0","k__Fungi | unassigned | unassigned | unassigned | unassigned | unassigned.4","2470","0.18423248053392657"
"1.8791044776119403","0.018832772859579024","unassigned","0.5321683876092137","0.25418227215980027","90","3","unassigned","unassigned.6","false","k__Fungi","k__Fungi | unassigned | unassigned | unassigned | unassigned | unassigned.6","80.74444444444444","0","90","unassigned","0","unassigned","0.9962270194093907","false","0","k__Fungi | unassigned | unassigned | unassigned | unassigned | unassigned.6","296156","0.12215498403092957"
"2.5104477611940297","4.4292449107032457E-4","unassigned","0.3983353151010702","0.36243386243386244","28","3","unassigned","unassigned.7","false","k__Fungi","k__Fungi | unassigned | unassigned | unassigned | unassigned | unassigned.7","52.57142857142857","0","28","unassigned","0","unassigned","0.9935173915828582","false","0","k__Fungi | unassigned | unassigned | unassigned | unassigned | unassigned.7","4362","0.17570473005255613"
"2.4492537313432834","7.996932368988783E-4","c__Ascomycota_cls_Incertae_sedis","0.4082876294942109","0.2714285714285714","36","3","f__Ascomycota_fam_Incertae_sedis","g__Ascomycota_gen_Incertae_sedis.13","false","k__Fungi","k__Fungi | p__Ascomycota | c__Ascomycota_cls_Incertae_sedis | Ascomycota_ord_Incertae_sedis | f__Ascomycota_fam_Incertae_sedis | g__Ascomycota_gen_Incertae_sedis.13","45.05555555555556","0","36","Ascomycota_ord_Incertae_sedis","0","p__Ascomycota","0.9937800269041062","false","0","k__Fungi | p__Ascomycota | c__Ascomycota_cls_Incertae_sedis | Ascomycota_ord_Incertae_sedis | f__Ascomycota_fam_Incertae_sedis | g__Ascomycota_gen_Incertae_sedis.13","7986","0.13530196863530197"
"2.325373134328358","0.0011700032377405273","c__Dothideomycetes","0.4300385109114249","0.33298097251585623","44","3","f__Didymellaceae","g__Chaetasbolisia.1","false","k__Fungi","k__Fungi | p__Ascomycota | c__Dothideomycetes | Pleosporales | f__Didymellaceae | g__Chaetasbolisia.1","50.93181818181818","0","44","Pleosporales","0","p__Ascomycota","0.9943117032861445","false","0","k__Fungi | p__Ascomycota | c__Dothideomycetes | Pleosporales | f__Didymellaceae | g__Chaetasbolisia.1","14404","0.12483288770053476"
"1.873134328358209","0.01648052716705366","c__Dothideomycetes","0.5338645418326693","0.24296499656829101","94","3","f__Didymosphaeriaceae","g__Pseudopithomyces","false","k__Fungi","k__Fungi | p__Ascomycota | c__Dothideomycetes | Pleosporales | f__Didymosphaeriaceae | g__Pseudopithomyces","82.77659574468085","0","94","Pleosporales","0","p__Ascomycota","0.9962526423675613","false","0","k__Fungi | p__Ascomycota | c__Dothideomycetes | Pleosporales | f__Didymosphaeriaceae | g__Pseudopithomyces","264602","0.1252293430328001"
"2.0044776119402985","0.0063766410790567375","c__Dothideomycetes","0.4988830975428146","0.2835820895522388","68","3","f__Phaeosphaeriaceae","g__Setophaeosphaeria","false","k__Fungi","k__Fungi | p__Ascomycota | c__Dothideomycetes | Pleosporales | f__Phaeosphaeriaceae | g__Setophaeosphaeria","63.25","0","68","Pleosporales","0","p__Ascomycota","0.9956889372878098","false","0","k__Fungi | p__Ascomycota | c__Dothideomycetes | Pleosporales | f__Phaeosphaeriaceae | g__Setophaeosphaeria","95108","0.10559265442404006"
"2.508955223880597","3.610241798044637E-4","c__Dothideomycetes","0.3985722784057109","0.4185606060606061","33","3","f__Pleosporales_fam_Incertae_sedis","g__Pleosporales_gen_Incertae_sedis.1","false","k__Fungi","k__Fungi | p__Ascomycota | c__Dothideomycetes | Pleosporales | f__Pleosporales_fam_Incertae_sedis | g__Pleosporales_gen_Incertae_sedis.1","44.81818181818182","0","33","Pleosporales","0","p__Ascomycota","0.9935237973224008","false","0","k__Fungi | p__Ascomycota | c__Dothideomycetes | Pleosporales | f__Pleosporales_fam_Incertae_sedis | g__Pleosporales_gen_Incertae_sedis.1","4096","0.15141277641277642"
"2.2328358208955223","0.0016658999381059623","c__Eurotiomycetes","0.44786096256684493","0.320578231292517","49","3","f__Chaetothyriales_fam_Incertae_sedis","g__Chaetothyriales_gen_Incertae_sedis.1","false","k__Fungi","k__Fungi | p__Ascomycota | c__Eurotiomycetes | Chaetothyriales | f__Chaetothyriales_fam_Incertae_sedis | g__Chaetothyriales_gen_Incertae_sedis.1","53.38775510204081","0","49","Chaetothyriales","0","p__Ascomycota","0.9947088591377874","false","0","k__Fungi | p__Ascomycota | c__Eurotiomycetes | Chaetothyriales | f__Chaetothyriales_fam_Incertae_sedis | g__Chaetothyriales_gen_Incertae_sedis.1","21148","0.11481237656352863"
"2.12089552238806","0.005159902180455422","c__Sordariomycetes","0.4714989444053483","0.19673469387755102","50","3","f__Nectriaceae","g__Fusarium","false","k__Fungi","k__Fungi | p__Ascomycota | c__Sordariomycetes | Hypocreales | f__Nectriaceae | g__Fusarium","49.12","0","50","Hypocreales","0","p__Ascomycota","0.9951892896034847","false","0","k__Fungi | p__Ascomycota | c__Sordariomycetes | Hypocreales | f__Nectriaceae | g__Fusarium","57636","0.0911317254174397"
"2.3119402985074626","0.0010981189355235513","c__Sordariomycetes","0.4325371207230471","0.3078078078078078","37","3","f__Lasiosphaeriaceae","g__Lasiosphaeriaceae_gen_Incertae_sedis","false","k__Fungi","k__Fungi | p__Ascomycota | c__Sordariomycetes | Sordariales | f__Lasiosphaeriaceae | g__Lasiosphaeriaceae_gen_Incertae_sedis","55.37837837837838","0","37","Sordariales","0","p__Ascomycota","0.994369354942028","false","0","k__Fungi | p__Ascomycota | c__Sordariomycetes | Sordariales | f__Lasiosphaeriaceae | g__Lasiosphaeriaceae_gen_Incertae_sedis","14346","0.13060938296787353"
"2.346268656716418","0.0011779104990548566","c__Sordariomycetes","0.4262086513994911","0.34574468085106386","48","3","unassigned","unassigned","false","k__Fungi","k__Fungi | p__Ascomycota | c__Sordariomycetes | Sordariales | unassigned | unassigned","48.125","0","48","Sordariales","0","p__Ascomycota","0.9942220229325476","false","0","k__Fungi | p__Ascomycota | c__Sordariomycetes | Sordariales | unassigned | unassigned","12834","0.1233974358974359"
"2.271641791044776","0.002196595192249004","c__Fungi_cls_Incertae_sedis","0.44021024967148487","0.25177809388335703","38","3","f__Fungi_fam_Incertae_sedis","g__Fungi_gen_Incertae_sedis.10","false","k__Fungi","k__Fungi | p__Fungi_phy_Incertae_sedis | c__Fungi_cls_Incertae_sedis | Fungi_ord_Incertae_sedis | f__Fungi_fam_Incertae_sedis | g__Fungi_gen_Incertae_sedis.10","50.36842105263158","0","38","Fungi_ord_Incertae_sedis","0","p__Fungi_phy_Incertae_sedis","0.9945423099096791","false","0","k__Fungi | p__Fungi_phy_Incertae_sedis | c__Fungi_cls_Incertae_sedis | Fungi_ord_Incertae_sedis | f__Fungi_fam_Incertae_sedis | g__Fungi_gen_Incertae_sedis.10","24940","0.1119298245614035"
"2.2865671641791043","0.0014063377048400285","c__Fungi_cls_Incertae_sedis","0.43733681462140994","0.2807807807807808","37","3","f__Fungi_fam_Incertae_sedis","g__Fungi_gen_Incertae_sedis.3","false","k__Fungi","k__Fungi | p__Fungi_phy_Incertae_sedis | c__Fungi_cls_Incertae_sedis | Fungi_ord_Incertae_sedis | f__Fungi_fam_Incertae_sedis | g__Fungi_gen_Incertae_sedis.3","54.027027027027025","0","37","Fungi_ord_Incertae_sedis","0","p__Fungi_phy_Incertae_sedis","0.9944782525142528","false","0","k__Fungi | p__Fungi_phy_Incertae_sedis | c__Fungi_cls_Incertae_sedis | Fungi_ord_Incertae_sedis | f__Fungi_fam_Incertae_sedis | g__Fungi_gen_Incertae_sedis.3","16218","0.12251026536740822"
"2.4059701492537315","0.0011009616803041979","unassigned","0.41563275434243174","0.38687782805429866","52","3","unassigned","unassigned.20","false","k__Fungi","k__Fungi | unassigned | unassigned | unassigned | unassigned | unassigned.20","47.92307692307692","0","52","unassigned","0","unassigned","0.9939657933508423","false","0","k__Fungi | unassigned | unassigned | unassigned | unassigned | unassigned.20","11226","0.13850600266785237"
"2.462686567164179","4.286779174042523E-4","unassigned","0.4060606060606061","0.3852813852813853","22","3","unassigned","unassigned.29","false","k__Fungi","k__Fungi | unassigned | unassigned | unassigned | unassigned | unassigned.29","47.86363636363637","0","22","unassigned","0","unassigned","0.9937223752482224","false","0","k__Fungi | unassigned | unassigned | unassigned | unassigned | unassigned.29","4210","0.14160839160839161"
"2.5104477611940297","2.7632357943376283E-4","unassigned","0.3983353151010702","0.4492063492063492","36","3","unassigned","unassigned.3","false","k__Fungi","k__Fungi | unassigned | unassigned | unassigned | unassigned | unassigned.3","52.44444444444444","0","36","unassigned","0","unassigned","0.9935173915828582","false","0","k__Fungi | unassigned | unassigned | unassigned | unassigned | unassigned.3","3196","0.1796042617960426"
"2.494029850746269","0.0011594505854153133","unassigned","0.4009575104727708","0.28862164662349676","47","3","unassigned","unassigned.5","false","k__Fungi","k__Fungi | unassigned | unassigned | unassigned | unassigned | unassigned.5","42.08510638297872","0","47","unassigned","0","unassigned","0.9935878547178272","false","0","k__Fungi | unassigned | unassigned | unassigned | unassigned | unassigned.5","11200","0.14412707665403673"
"2.5223880597014925","1.5429918693723194E-4","c__Ascomycota_cls_Incertae_sedis","0.39644970414201186","0.503448275862069","30","3","f__Ascomycota_fam_Incertae_sedis","g__Ascomycota_gen_Incertae_sedis.18","false","k__Fungi","k__Fungi | p__Ascomycota | c__Ascomycota_cls_Incertae_sedis | Ascomycota_ord_Incertae_sedis | f__Ascomycota_fam_Incertae_sedis | g__Ascomycota_gen_Incertae_sedis.18","55.06666666666667","0","30","Ascomycota_ord_Incertae_sedis","0","p__Ascomycota","0.9934661456665173","false","0","k__Fungi | p__Ascomycota | c__Ascomycota_cls_Incertae_sedis | Ascomycota_ord_Incertae_sedis | f__Ascomycota_fam_Incertae_sedis | g__Ascomycota_gen_Incertae_sedis.18","2070","0.18988505747126436"
"2.455223880597015","0.0010605227238175592","c__Dothideomycetes","0.4072948328267477","0.29500580720092917","42","3","f__Dothideomycetes_fam_Incertae_sedis","unassigned.1","false","k__Fungi","k__Fungi | p__Ascomycota | c__Dothideomycetes | Dothideomycetes_ord_Incertae_sedis | f__Dothideomycetes_fam_Incertae_sedis | unassigned.1","45.595238095238095","0","42","Dothideomycetes_ord_Incertae_sedis","0","p__Ascomycota","0.9937544039459356","false","0","k__Fungi | p__Ascomycota | c__Dothideomycetes | Dothideomycetes_ord_Incertae_sedis | f__Dothideomycetes_fam_Incertae_sedis | unassigned.1","9870","0.14116172784903436"
"2.5402985074626865","2.3160101211245365E-4","c__Dothideomycetes","0.39365452408930673","0.35384615384615387","26","3","f__Phaeosphaeriaceae","unassigned.1","false","k__Fungi","k__Fungi | p__Ascomycota | c__Dothideomycetes | Pleosporales | f__Phaeosphaeriaceae | unassigned.1","46.73076923076923","0","26","Pleosporales","0","p__Ascomycota","0.9933892767920056","false","0","k__Fungi | p__Ascomycota | c__Dothideomycetes | Pleosporales | f__Phaeosphaeriaceae | unassigned.1","1994","0.16571194762684124"
"2.537313432835821","4.756194552610591E-4","c__Eurotiomycetes","0.3941176470588235","0.4336734693877551","49","3","f__Verrucariaceae","g__Verrucaria.4","false","k__Fungi","k__Fungi | p__Ascomycota | c__Eurotiomycetes | Verrucariales | f__Verrucariaceae | g__Verrucaria.4","45.91836734693877","0","49","Verrucariales","0","p__Ascomycota","0.9934020882710909","false","0","k__Fungi | p__Ascomycota | c__Eurotiomycetes | Verrucariales | f__Verrucariaceae | g__Verrucaria.4","4926","0.17593244194229415"
"2.4746268656716417","3.6753105232775627E-4","c__Eurotiomycetes","0.4041013268998794","0.36507936507936506","36","3","unassigned","unassigned","false","k__Fungi","k__Fungi | p__Ascomycota | c__Eurotiomycetes | Verrucariales | unassigned | unassigned","50.69444444444444","0","36","Verrucariales","0","p__Ascomycota","0.9936711293318814","false","0","k__Fungi | p__Ascomycota | c__Eurotiomycetes | Verrucariales | unassigned | unassigned","3828","0.16042545710267228"
"2.3044776119402983","0.0016723160826217036","c__Sordariomycetes","0.43393782383419693","0.2909090909090909","56","3","f__Plectosphaerellaceae","g__Gibellulopsis","false","k__Fungi","k__Fungi | p__Ascomycota | c__Sordariomycetes | Glomerellales | f__Plectosphaerellaceae | g__Gibellulopsis","48.410714285714285","0","56","Glomerellales","0","p__Ascomycota","0.9944013836397413","false","0","k__Fungi | p__Ascomycota | c__Sordariomycetes | Glomerellales | f__Plectosphaerellaceae | g__Gibellulopsis","18320","0.11807491289198606"
"1.955223880597015","0.009331334453750515","c__Sordariomycetes","0.5114503816793893","0.27702499247214696","82","3","f__Nectriaceae","unassigned","false","k__Fungi","k__Fungi | p__Ascomycota | c__Sordariomycetes | Hypocreales | f__Nectriaceae | unassigned","56.9390243902439","0","82","Hypocreales","0","p__Ascomycota","0.9959003266927168","false","0","k__Fungi | p__Ascomycota | c__Sordariomycetes | Hypocreales | f__Nectriaceae | unassigned","126722","0.09213434367353382"
"2.3895522388059702","0.001456790337281911","c__Sordariomycetes","0.4184884447220487","0.3333333333333333","48","3","unassigned","unassigned.1","false","k__Fungi","k__Fungi | p__Ascomycota | c__Sordariomycetes | unassigned | unassigned | unassigned.1","45.104166666666664","0","48","unassigned","0","p__Ascomycota","0.9940362564858113","false","0","k__Fungi | p__Ascomycota | c__Sordariomycetes | unassigned | unassigned | unassigned.1","14582","0.12523148148148147"
"2.4238805970149255","0.001032395867559119","unassigned","0.41256157635467977","0.3645833333333333","64","3","unassigned","unassigned.11","false","k__Fungi","k__Fungi | p__Ascomycota | unassigned | unassigned | unassigned | unassigned.11","47.3125","0","64","unassigned","0","p__Ascomycota","0.9938889244763308","false","0","k__Fungi | p__Ascomycota | unassigned | unassigned | unassigned | unassigned.11","9954","0.1469332298136646"
"2.3865671641791044","9.808462306040992E-4","unassigned","0.4190118824265166","0.41291727140783746","53","3","unassigned","unassigned.16","false","k__Fungi","k__Fungi | p__Ascomycota | unassigned | unassigned | unassigned | unassigned.16","51.54716981132076","0","53","unassigned","0","p__Ascomycota","0.9940490679648966","false","0","k__Fungi | p__Ascomycota | unassigned | unassigned | unassigned | unassigned.16","11182","0.14398650785285128"
"2.3716417910447762","0.0014728769493724152","unassigned","0.421648835745752","0.38633879781420766","61","3","unassigned","unassigned.21","false","k__Fungi","k__Fungi | p__Ascomycota | unassigned | unassigned | unassigned | unassigned.21","48.77049180327869","0","61","unassigned","0","p__Ascomycota","0.9941131253603229","false","0","k__Fungi | p__Ascomycota | unassigned | unassigned | unassigned | unassigned.21","15984","0.1354735883424408"
"2.364179104477612","0.0010413299865328512","unassigned","0.42297979797979796","0.4374057315233786","52","3","unassigned","unassigned.9","false","k__Fungi","k__Fungi | p__Ascomycota | unassigned | unassigned | unassigned | unassigned.9","51.15384615384615","0","52","unassigned","0","p__Ascomycota","0.9941451540580359","false","0","k__Fungi | p__Ascomycota | unassigned | unassigned | unassigned | unassigned.9","13180","0.1367749897161662"
"2.453731343283582","8.586721482073852E-4","c__Fungi_cls_Incertae_sedis","0.40754257907542585","0.3768768768768769","37","3","f__Fungi_fam_Incertae_sedis","g__Fungi_gen_Incertae_sedis.15","false","k__Fungi","k__Fungi | p__Fungi_phy_Incertae_sedis | c__Fungi_cls_Incertae_sedis | Fungi_ord_Incertae_sedis | f__Fungi_fam_Incertae_sedis | g__Fungi_gen_Incertae_sedis.15","44.75675675675676","0","37","Fungi_ord_Incertae_sedis","0","p__Fungi_phy_Incertae_sedis","0.9937608096854782","false","0","k__Fungi | p__Fungi_phy_Incertae_sedis | c__Fungi_cls_Incertae_sedis | Fungi_ord_Incertae_sedis | f__Fungi_fam_Incertae_sedis | g__Fungi_gen_Incertae_sedis.15","9000","0.13637112722478575"
"2.5044776119402985","8.976446523257336E-4","unassigned","0.399284862932062","0.34545454545454546","45","4","unassigned","unassigned.18","false","k__Fungi","k__Fungi | unassigned | unassigned | unassigned | unassigned | unassigned.18","43.48888888888889","0","45","unassigned","0","unassigned","0.9935430145410288","false","0","k__Fungi | unassigned | unassigned | unassigned | unassigned | unassigned.18","7306","0.15100308641975307"
"2.523880597014925","5.128822055570337E-4","unassigned","0.39621525724423423","0.4576612903225806","32","3","unassigned","unassigned.34","false","k__Fungi","k__Fungi | unassigned | unassigned | unassigned | unassigned | unassigned.34","43.875","0","32","unassigned","0","unassigned","0.9934597399269746","false","0","k__Fungi | unassigned | unassigned | unassigned | unassigned | unassigned.34","5434","0.15329982517482518"
"1.9791044776119402","0.006463088998211695","unassigned","0.5052790346907994","0.3157894736842105","76","3","unassigned","unassigned.9","false","k__Fungi","k__Fungi | unassigned | unassigned | unassigned | unassigned | unassigned.9","54.3421052631579","0","76","unassigned","0","unassigned","0.9957978348600346","false","0","k__Fungi | unassigned | unassigned | unassigned | unassigned | unassigned.9","86588","0.08937846260387812"
"2.4582089552238804","9.427740313899658E-4","c__Ascomycota_cls_Incertae_sedis","0.4068002428658167","0.3371794871794872","40","3","f__Ascomycota_fam_Incertae_sedis","g__Ascomycota_gen_Incertae_sedis.20","false","k__Fungi","k__Fungi | p__Ascomycota | c__Ascomycota_cls_Incertae_sedis | Ascomycota_ord_Incertae_sedis | f__Ascomycota_fam_Incertae_sedis | g__Ascomycota_gen_Incertae_sedis.20","47.05","0","40","Ascomycota_ord_Incertae_sedis","0","p__Ascomycota","0.9937415924668503","false","0","k__Fungi | p__Ascomycota | c__Ascomycota_cls_Incertae_sedis | Ascomycota_ord_Incertae_sedis | f__Ascomycota_fam_Incertae_sedis | g__Ascomycota_gen_Incertae_sedis.20","8318","0.1456656346749226"
"2.4402985074626864","0.001128758576343656","c__Dothideomycetes","0.40978593272171254","0.3286290322580645","32","3","f__Pleosporales_fam_Incertae_sedis","g__Pleosporales_gen_Incertae_sedis.2","false","k__Fungi","k__Fungi | p__Ascomycota | c__Dothideomycetes | Pleosporales | f__Pleosporales_fam_Incertae_sedis | g__Pleosporales_gen_Incertae_sedis.2","45.375","0","32","Pleosporales","0","p__Ascomycota","0.9938184613413618","false","0","k__Fungi | p__Ascomycota | c__Dothideomycetes | Pleosporales | f__Pleosporales_fam_Incertae_sedis | g__Pleosporales_gen_Incertae_sedis.2","10208","0.13228862973760933"
"2.3865671641791044","9.507229043471635E-4","c__Eurotiomycetes","0.4190118824265166","0.3306878306878307","28","3","f__Chaetothyriales_fam_Incertae_sedis","g__Chaetothyriales_gen_Incertae_sedis","false","k__Fungi","k__Fungi | p__Ascomycota | c__Eurotiomycetes | Chaetothyriales | f__Chaetothyriales_fam_Incertae_sedis | g__Chaetothyriales_gen_Incertae_sedis","53.035714285714285","0","28","Chaetothyriales","0","p__Ascomycota","0.9940490679648966","false","0","k__Fungi | p__Ascomycota | c__Eurotiomycetes | Chaetothyriales | f__Chaetothyriales_fam_Incertae_sedis | g__Chaetothyriales_gen_Incertae_sedis","10240","0.13847444983215218"
"2.2417910447761193","0.002577052608372313","c__Leotiomycetes","0.4460719041278296","0.2653061224489796","49","3","unassigned","unassigned.6","false","k__Fungi","k__Fungi | p__Ascomycota | c__Leotiomycetes | Helotiales | unassigned | unassigned.6","43.16326530612245","0","49","Helotiales","0","p__Ascomycota","0.9946704247005317","false","0","k__Fungi | p__Ascomycota | c__Leotiomycetes | Helotiales | unassigned | unassigned.6","27436","0.0940376150460184"
"2.3686567164179104","5.790775830750943E-4","c__Sordariomycetes","0.42218021424070573","0.3983193277310924","35","3","f__Pestalotiopsidaceae","g__Pestalotiopsis","false","k__Fungi","k__Fungi | p__Ascomycota | c__Sordariomycetes | Amphisphaeriales | f__Pestalotiopsidaceae | g__Pestalotiopsis","52.05714285714286","0","35","Amphisphaeriales","0","p__Ascomycota","0.9941259368394081","false","0","k__Fungi | p__Ascomycota | c__Sordariomycetes | Amphisphaeriales | f__Pestalotiopsidaceae | g__Pestalotiopsis","8394","0.1341678939617084"
"1.8776119402985074","0.016561806223578425","c__Sordariomycetes","0.5325914149443561","0.22401202749140894","97","3","f__Nectriaceae","g__Fusicolla","false","k__Fungi","k__Fungi | p__Ascomycota | c__Sordariomycetes | Hypocreales | f__Nectriaceae | g__Fusicolla","70.72164948453609","0","97","Hypocreales","0","p__Ascomycota","0.9962334251489335","false","0","k__Fungi | p__Ascomycota | c__Sordariomycetes | Hypocreales | f__Nectriaceae | g__Fusicolla","266442","0.10797198394585661"
"2.461194029850746","7.599566087323897E-4","c__Sordariomycetes","0.4063068526379624","0.28591749644381226","38","3","unassigned","unassigned.1","false","k__Fungi","k__Fungi | p__Ascomycota | c__Sordariomycetes | Sordariales | unassigned | unassigned.1","45.026315789473685","0","38","Sordariales","0","p__Ascomycota","0.993728780987765","false","0","k__Fungi | p__Ascomycota | c__Sordariomycetes | Sordariales | unassigned | unassigned.1","6820","0.13940035848134266"
"2.3746268656716416","8.971614056860086E-4","c__Agaricomycetes","0.4211187932118165","0.3141025641025641","40","3","f__Ceratobasidiaceae","unassigned.2","false","k__Fungi","k__Fungi | p__Basidiomycota | c__Agaricomycetes | Cantharellales | f__Ceratobasidiaceae | unassigned.2","48.0","0","40","Cantharellales","0","p__Basidiomycota","0.9941003138812375","false","0","k__Fungi | p__Basidiomycota | c__Agaricomycetes | Cantharellales | f__Ceratobasidiaceae | unassigned.2","9838","0.1266490765171504"
"2.462686567164179","7.346064555351934E-4","c__Rhizophlyctidomycetes","0.4060606060606061","0.30121951219512194","41","3","f__Rhizophlyctidaceae","g__Rhizophlyctis.3","false","k__Fungi","k__Fungi | p__Chytridiomycota | c__Rhizophlyctidomycetes | Rhizophlyctidales | f__Rhizophlyctidaceae | g__Rhizophlyctis.3","48.26829268292683","0","41","Rhizophlyctidales","0","p__Chytridiomycota","0.9937223752482224","false","0","k__Fungi | p__Chytridiomycota | c__Rhizophlyctidomycetes | Rhizophlyctidales | f__Rhizophlyctidaceae | g__Rhizophlyctis.3","7402","0.15131126232892422"
"2.514925373134328","7.582878753740297E-4","c__Fungi_cls_Incertae_sedis","0.39762611275964393","0.3226381461675579","34","3","f__Fungi_fam_Incertae_sedis","g__Fungi_gen_Incertae_sedis.18","false","k__Fungi","k__Fungi | p__Fungi_phy_Incertae_sedis | c__Fungi_cls_Incertae_sedis | Fungi_ord_Incertae_sedis | f__Fungi_fam_Incertae_sedis | g__Fungi_gen_Incertae_sedis.18","44.3235294117647","0","34","Fungi_ord_Incertae_sedis","0","p__Fungi_phy_Incertae_sedis","0.9934981743642304","false","0","k__Fungi | p__Fungi_phy_Incertae_sedis | c__Fungi_cls_Incertae_sedis | Fungi_ord_Incertae_sedis | f__Fungi_fam_Incertae_sedis | g__Fungi_gen_Incertae_sedis.18","6628","0.15231453406104709"
"2.437313432835821","7.709894575185288E-4","c__Fungi_cls_Incertae_sedis","0.4102878138395591","0.3838896952104499","53","3","f__Fungi_fam_Incertae_sedis","g__Fungi_gen_Incertae_sedis.4","false","k__Fungi","k__Fungi | p__Fungi_phy_Incertae_sedis | c__Fungi_cls_Incertae_sedis | Fungi_ord_Incertae_sedis | f__Fungi_fam_Incertae_sedis | g__Fungi_gen_Incertae_sedis.4","49.716981132075475","0","53","Fungi_ord_Incertae_sedis","0","p__Fungi_phy_Incertae_sedis","0.9938312728204471","false","0","k__Fungi | p__Fungi_phy_Incertae_sedis | c__Fungi_cls_Incertae_sedis | Fungi_ord_Incertae_sedis | f__Fungi_fam_Incertae_sedis | g__Fungi_gen_Incertae_sedis.4","8332","0.15344747262986258"
"2.5925373134328358","2.0546297624013423E-4","unassigned","0.3857225100748417","0.519327731092437","35","4","unassigned","unassigned.25","false","k__Fungi","k__Fungi | unassigned | unassigned | unassigned | unassigned | unassigned.25","46.74285714285714","0","35","unassigned","0","unassigned","0.9931650759080135","false","0","k__Fungi | unassigned | unassigned | unassigned | unassigned | unassigned.25","1868","0.19557680812910938"
"2.473134328358209","7.422378299317072E-4","c__Ascomycota_cls_Incertae_sedis","0.40434520217260106","0.36363636363636365","34","3","f__Ascomycota_fam_Incertae_sedis","g__Ascomycota_gen_Incertae_sedis.24","false","k__Fungi","k__Fungi | p__Ascomycota | c__Ascomycota_cls_Incertae_sedis | Ascomycota_ord_Incertae_sedis | f__Ascomycota_fam_Incertae_sedis | g__Ascomycota_gen_Incertae_sedis.24","42.76470588235294","0","34","Ascomycota_ord_Incertae_sedis","0","p__Ascomycota","0.993677535071424","false","0","k__Fungi | p__Ascomycota | c__Ascomycota_cls_Incertae_sedis | Ascomycota_ord_Incertae_sedis | f__Ascomycota_fam_Incertae_sedis | g__Ascomycota_gen_Incertae_sedis.24","6620","0.13405863912963303"
"2.647761194029851","1.9314075593912131E-4","c__Dothideomycetes","0.37767756482525366","0.3137254901960784","18","4","f__Dothideomycetes_fam_Incertae_sedis","g__Dothideomycetes_gen_Incertae_sedis.1","false","k__Fungi","k__Fungi | p__Ascomycota | c__Dothideomycetes | Dothideomycetes_ord_Incertae_sedis | f__Dothideomycetes_fam_Incertae_sedis | g__Dothideomycetes_gen_Incertae_sedis.1","32.55555555555556","0","18","Dothideomycetes_ord_Incertae_sedis","0","p__Ascomycota","0.9929280635449363","false","0","k__Fungi | p__Ascomycota | c__Dothideomycetes | Dothideomycetes_ord_Incertae_sedis | f__Dothideomycetes_fam_Incertae_sedis | g__Dothideomycetes_gen_Incertae_sedis.1","1516","0.14731020613373555"
"2.4119402985074627","5.809223620654187E-4","c__Dothideomycetes","0.4146039603960396","0.4472934472934473","27","3","f__Melanommataceae","g__Pleotrichocladium","false","k__Fungi","k__Fungi | p__Ascomycota | c__Dothideomycetes | Pleosporales | f__Melanommataceae | g__Pleotrichocladium","49.888888888888886","0","27","Pleosporales","0","p__Ascomycota","0.9939401703926718","false","0","k__Fungi | p__Ascomycota | c__Dothideomycetes | Pleosporales | f__Melanommataceae | g__Pleotrichocladium","6304","0.13620724549686297"
"2.4567164179104477","3.249339130781487E-4","c__Dothideomycetes","0.40704738760631837","0.319047619047619","21","3","f__Phaeosphaeriaceae","g__Chaetosphaeronema","false","k__Fungi","k__Fungi | p__Ascomycota | c__Dothideomycetes | Pleosporales | f__Phaeosphaeriaceae | g__Chaetosphaeronema","43.714285714285715","0","21","Pleosporales","0","p__Ascomycota","0.9937479982063929","false","0","k__Fungi | p__Ascomycota | c__Dothideomycetes | Pleosporales | f__Phaeosphaeriaceae | g__Chaetosphaeronema","3426","0.1276803118908382"
"2.2313432835820897","0.00208105817185771","c__Dothideomycetes","0.44816053511705684","0.3043715846994536","61","3","f__Sporormiaceae","g__Preussia","false","k__Fungi","k__Fungi | p__Ascomycota | c__Dothideomycetes | Pleosporales | f__Sporormiaceae | g__Preussia","48.540983606557376","0","61","Pleosporales","0","p__Ascomycota","0.9947152648773301","false","0","k__Fungi | p__Ascomycota | c__Dothideomycetes | Pleosporales | f__Sporormiaceae | g__Preussia","24512","0.10691846609373871"
"2.5611940298507463","4.356555796566547E-4","c__Dothideomycetes","0.39044289044289043","0.29590017825311943","34","3","f__Sporormiaceae","unassigned","false","k__Fungi","k__Fungi | p__Ascomycota | c__Dothideomycetes | Pleosporales | f__Sporormiaceae | unassigned","41.588235294117645","0","34","Pleosporales","0","p__Ascomycota","0.9932995964384088","false","0","k__Fungi | p__Ascomycota | c__Dothideomycetes | Pleosporales | f__Sporormiaceae | unassigned","3364","0.1599547511312217"
"2.3417910447761194","0.0011606098351576747","c__Eurotiomycetes","0.4270235818992989","0.375","49","3","f__Herpotrichiellaceae","g__Exophiala","false","k__Fungi","k__Fungi | p__Ascomycota | c__Eurotiomycetes | Chaetothyriales | f__Herpotrichiellaceae | g__Exophiala","45.714285714285715","0","49","Chaetothyriales","0","p__Ascomycota","0.9942412401511754","false","0","k__Fungi | p__Ascomycota | c__Eurotiomycetes | Chaetothyriales | f__Herpotrichiellaceae | g__Exophiala","13978","0.11686413695913148"
"1.9582089552238806","0.006618174228130797","c__Eurotiomycetes","0.510670731707317","0.2493599590373784","63","3","f__Herpotrichiellaceae","g__Exophiala.1","false","k__Fungi","k__Fungi | p__Ascomycota | c__Eurotiomycetes | Chaetothyriales | f__Herpotrichiellaceae | g__Exophiala.1","59.285714285714285","0","63","Chaetothyriales","0","p__Ascomycota","0.9958875152136314","false","0","k__Fungi | p__Ascomycota | c__Eurotiomycetes | Chaetothyriales | f__Herpotrichiellaceae | g__Exophiala.1","85612","0.09336332958380203"
"2.1194029850746268","0.0038658861277737974","c__Eurotiomycetes","0.471830985915493","0.310515873015873","64","3","f__Herpotrichiellaceae","unassigned","false","k__Fungi","k__Fungi | p__Ascomycota | c__Eurotiomycetes | Chaetothyriales | f__Herpotrichiellaceae | unassigned","51.734375","0","64","Chaetothyriales","0","p__Ascomycota","0.9951956953430273","false","0","k__Fungi | p__Ascomycota | c__Eurotiomycetes | Chaetothyriales | f__Herpotrichiellaceae | unassigned","50030","0.09835432509505704"
"2.182089552238806","0.0032802153988367726","c__Sordariomycetes","0.45827633378932964","0.2653061224489796","49","3","f__Nectriaceae","g__Fusarium.1","false","k__Fungi","k__Fungi | p__Ascomycota | c__Sordariomycetes | Hypocreales | f__Nectriaceae | g__Fusarium.1","45.95918367346939","0","49","Hypocreales","0","p__Ascomycota","0.9949266542822369","false","0","k__Fungi | p__Ascomycota | c__Sordariomycetes | Hypocreales | f__Nectriaceae | g__Fusarium.1","35890","0.09210257249192262"
"2.4","0.0019380133242837105","c__Sordariomycetes","0.4166666666666667","0.3456659619450317","44","3","f__Nectriaceae","g__Nectriaceae_gen_Incertae_sedis.1","false","k__Fungi","k__Fungi | p__Ascomycota | c__Sordariomycetes | Hypocreales | f__Nectriaceae | g__Nectriaceae_gen_Incertae_sedis.1","40.68181818181818","0","44","Hypocreales","0","p__Ascomycota","0.9939914163090129","false","0","k__Fungi | p__Ascomycota | c__Sordariomycetes | Hypocreales | f__Nectriaceae | g__Nectriaceae_gen_Incertae_sedis.1","14242","0.11363636363636363"
"1.8805970149253732","0.017683233421329422","c__Sordariomycetes","0.5317460317460317","0.24591924398625428","97","3","f__Bartaliniaceae","g__Truncatella","false","k__Fungi","k__Fungi | p__Ascomycota | c__Sordariomycetes | Xylariales | f__Bartaliniaceae | g__Truncatella","75.94845360824742","0","97","Xylariales","0","p__Ascomycota","0.9962206136698482","false","0","k__Fungi | p__Ascomycota | c__Sordariomycetes | Xylariales | f__Bartaliniaceae | g__Truncatella","290280","0.11630697336638196"
"2.462686567164179","6.288194017792203E-4","c__Tremellomycetes","0.4060606060606061","0.2972972972972973","38","3","f__Bulleribasidiaceae","g__Dioszegia","false","k__Fungi","k__Fungi | p__Basidiomycota | c__Tremellomycetes | Tremellales | f__Bulleribasidiaceae | g__Dioszegia","46.68421052631579","0","38","Tremellales","0","p__Basidiomycota","0.9937223752482224","false","0","k__Fungi | p__Basidiomycota | c__Tremellomycetes | Tremellales | f__Bulleribasidiaceae | g__Dioszegia","5854","0.14498202026806145"
"2.2328358208955223","0.0018451078484926586","c__Rhizophlyctidomycetes","0.44786096256684493","0.35034013605442177","49","3","f__Rhizophlyctidaceae","g__Rhizophlyctis.2","false","k__Fungi","k__Fungi | p__Chytridiomycota | c__Rhizophlyctidomycetes | Rhizophlyctidales | f__Rhizophlyctidaceae | g__Rhizophlyctis.2","47.63265306122449","0","49","Rhizophlyctidales","0","p__Chytridiomycota","0.9947088591377874","false","0","k__Fungi | p__Chytridiomycota | c__Rhizophlyctidomycetes | Rhizophlyctidales | f__Rhizophlyctidaceae | g__Rhizophlyctis.2","21896","0.10243581303489138"
"2.4746268656716417","5.809307797360275E-4","c__Fungi_cls_Incertae_sedis","0.4041013268998794","0.33497536945812806","29","3","f__Fungi_fam_Incertae_sedis","g__Fungi_gen_Incertae_sedis.12","false","k__Fungi","k__Fungi | p__Fungi_phy_Incertae_sedis | c__Fungi_cls_Incertae_sedis | Fungi_ord_Incertae_sedis | f__Fungi_fam_Incertae_sedis | g__Fungi_gen_Incertae_sedis.12","40.96551724137931","0","29","Fungi_ord_Incertae_sedis","0","p__Fungi_phy_Incertae_sedis","0.9936711293318814","false","0","k__Fungi | p__Fungi_phy_Incertae_sedis | c__Fungi_cls_Incertae_sedis | Fungi_ord_Incertae_sedis | f__Fungi_fam_Incertae_sedis | g__Fungi_gen_Incertae_sedis.12","5766","0.1268282267534963"
"2.4477611940298507","7.926501038377034E-4","c__Fungi_cls_Incertae_sedis","0.4085365853658537","0.3484848484848485","33","3","f__Fungi_fam_Incertae_sedis","g__Fungi_gen_Incertae_sedis.22","false","k__Fungi","k__Fungi | p__Fungi_phy_Incertae_sedis | c__Fungi_cls_Incertae_sedis | Fungi_ord_Incertae_sedis | f__Fungi_fam_Incertae_sedis | g__Fungi_gen_Incertae_sedis.22","42.75757575757576","0","33","Fungi_ord_Incertae_sedis","0","p__Fungi_phy_Incertae_sedis","0.9937864326436487","false","0","k__Fungi | p__Fungi_phy_Incertae_sedis | c__Fungi_cls_Incertae_sedis | Fungi_ord_Incertae_sedis | f__Fungi_fam_Incertae_sedis | g__Fungi_gen_Incertae_sedis.22","8020","0.12716450216450217"
"2.4328358208955225","0.0012940853974310208","c__Fungi_cls_Incertae_sedis","0.41104294478527603","0.33414634146341465","41","3","f__Fungi_fam_Incertae_sedis","g__Fungi_gen_Incertae_sedis.35","false","k__Fungi","k__Fungi | p__Fungi_phy_Incertae_sedis | c__Fungi_cls_Incertae_sedis | Fungi_ord_Incertae_sedis | f__Fungi_fam_Incertae_sedis | g__Fungi_gen_Incertae_sedis.35","41.41463414634146","0","41","Fungi_ord_Incertae_sedis","0","p__Fungi_phy_Incertae_sedis","0.993850490039075","false","0","k__Fungi | p__Fungi_phy_Incertae_sedis | c__Fungi_cls_Incertae_sedis | Fungi_ord_Incertae_sedis | f__Fungi_fam_Incertae_sedis | g__Fungi_gen_Incertae_sedis.35","10878","0.12245634290662433"
"2.4776119402985075","4.94001864091671E-4","c__Fungi_cls_Incertae_sedis","0.40361445783132527","0.32196969696969696","33","3","f__Fungi_fam_Incertae_sedis","g__Fungi_gen_Incertae_sedis.41","false","k__Fungi","k__Fungi | p__Fungi_phy_Incertae_sedis | c__Fungi_cls_Incertae_sedis | Fungi_ord_Incertae_sedis | f__Fungi_fam_Incertae_sedis | g__Fungi_gen_Incertae_sedis.41","49.484848484848484","0","33","Fungi_ord_Incertae_sedis","0","p__Fungi_phy_Incertae_sedis","0.993658317852796","false","0","k__Fungi | p__Fungi_phy_Incertae_sedis | c__Fungi_cls_Incertae_sedis | Fungi_ord_Incertae_sedis | f__Fungi_fam_Incertae_sedis | g__Fungi_gen_Incertae_sedis.41","5122","0.1561036229805946"
"2.737313432835821","1.7834925124194002E-4","c__Ascomycota_cls_Incertae_sedis","0.3653217011995638","0.1978021978021978","14","4","f__Ascomycota_fam_Incertae_sedis","g__Ascomycota_gen_Incertae_sedis.27","false","k__Fungi","k__Fungi | p__Ascomycota | c__Ascomycota_cls_Incertae_sedis | Ascomycota_ord_Incertae_sedis | f__Ascomycota_fam_Incertae_sedis | g__Ascomycota_gen_Incertae_sedis.27","29.571428571428573","0","14","Ascomycota_ord_Incertae_sedis","0","p__Ascomycota","0.9925437191723784","false","0","k__Fungi | p__Ascomycota | c__Ascomycota_cls_Incertae_sedis | Ascomycota_ord_Incertae_sedis | f__Ascomycota_fam_Incertae_sedis | g__Ascomycota_gen_Incertae_sedis.27","1142","0.1509157509157509"
"2.497014925373134","9.519943365400043E-4","c__Dothideomycetes","0.4004781829049612","0.24736842105263157","20","3","f__Didymosphaeriaceae","g__Paraphaeosphaeria","false","k__Fungi","k__Fungi | p__Ascomycota | c__Dothideomycetes | Pleosporales | f__Didymosphaeriaceae | g__Paraphaeosphaeria","37.65","0","20","Pleosporales","0","p__Ascomycota","0.993575043238742","false","0","k__Fungi | p__Ascomycota | c__Dothideomycetes | Pleosporales | f__Didymosphaeriaceae | g__Paraphaeosphaeria","7850","0.1189873417721519"
"2.5686567164179106","3.284658382190372E-4","c__Dothideomycetes","0.389308541545613","0.40217391304347827","24","3","f__Sporormiaceae","g__Preussia.6","false","k__Fungi","k__Fungi | p__Ascomycota | c__Dothideomycetes | Pleosporales | f__Sporormiaceae | g__Preussia.6","43.958333333333336","0","24","Pleosporales","0","p__Ascomycota","0.9932675677406957","false","0","k__Fungi | p__Ascomycota | c__Dothideomycetes | Pleosporales | f__Sporormiaceae | g__Preussia.6","4116","0.16588050314465408"
"2.4313432835820894","6.601094743507018E-4","c__Eurotiomycetes","0.4112952731737262","0.25333333333333335","25","3","f__Trichomeriaceae","g__Bacillicladium","false","k__Fungi","k__Fungi | p__Ascomycota | c__Eurotiomycetes | Chaetothyriales | f__Trichomeriaceae | g__Bacillicladium","44.32","0","25","Chaetothyriales","0","p__Ascomycota","0.9938568957786176","false","0","k__Fungi | p__Ascomycota | c__Eurotiomycetes | Chaetothyriales | f__Trichomeriaceae | g__Bacillicladium","7144","0.12449438202247191"
"2.591044776119403","3.0165472042997067E-4","c__Sordariomycetes","0.38594470046082946","0.35968379446640314","23","3","unassigned","unassigned.5","false","k__Fungi","k__Fungi | p__Ascomycota | c__Sordariomycetes | unassigned | unassigned | unassigned.5","37.869565217391305","0","23","unassigned","0","p__Ascomycota","0.9931714816475563","false","0","k__Fungi | p__Ascomycota | c__Sordariomycetes | unassigned | unassigned | unassigned.5","3916","0.1508747618222761"
"2.467164179104478","8.279591508990464E-4","unassigned","0.4053236539624924","0.34551495016611294","43","3","unassigned","unassigned.7","false","k__Fungi","k__Fungi | p__Ascomycota | unassigned | unassigned | unassigned | unassigned.7","45.25581395348837","0","43","unassigned","0","p__Ascomycota","0.9937031580295945","false","0","k__Fungi | p__Ascomycota | unassigned | unassigned | unassigned | unassigned.7","8860","0.14412679603021775"
"2.4835820895522387","5.266212584399488E-4","c__Tremellomycetes","0.4026442307692308","0.32620320855614976","34","3","f__Bulleribasidiaceae","g__Vishniacozyma.2","false","k__Fungi","k__Fungi | p__Basidiomycota | c__Tremellomycetes | Tremellales | f__Bulleribasidiaceae | g__Vishniacozyma.2","47.76470588235294","0","34","Tremellales","0","p__Basidiomycota","0.9936326948946256","false","0","k__Fungi | p__Basidiomycota | c__Tremellomycetes | Tremellales | f__Bulleribasidiaceae | g__Vishniacozyma.2","6762","0.15309200603318251"
"2.225373134328358","0.0031482809352952955","c__Spizellomycetes","0.44936284372904095","0.2481060606060606","33","3","unassigned","unassigned","false","k__Fungi","k__Fungi | p__Chytridiomycota | c__Spizellomycetes | Spizellomycetales | unassigned | unassigned","53.09090909090909","0","33","Spizellomycetales","0","p__Chytridiomycota","0.9947408878355006","false","0","k__Fungi | p__Chytridiomycota | c__Spizellomycetes | Spizellomycetales | unassigned | unassigned","32646","0.10940331146516713"
"2.5701492537313433","3.577236734159173E-4","c__Fungi_cls_Incertae_sedis","0.389082462253194","0.24675324675324675","22","3","f__Fungi_fam_Incertae_sedis","g__Fungi_gen_Incertae_sedis.25","false","k__Fungi","k__Fungi | p__Fungi_phy_Incertae_sedis | c__Fungi_cls_Incertae_sedis | Fungi_ord_Incertae_sedis | f__Fungi_fam_Incertae_sedis | g__Fungi_gen_Incertae_sedis.25","39.45454545454545","0","22","Fungi_ord_Incertae_sedis","0","p__Fungi_phy_Incertae_sedis","0.9932611620011531","false","0","k__Fungi | p__Fungi_phy_Incertae_sedis | c__Fungi_cls_Incertae_sedis | Fungi_ord_Incertae_sedis | f__Fungi_fam_Incertae_sedis | g__Fungi_gen_Incertae_sedis.25","4280","0.14832535885167464"
"2.192537313432836","0.002649369036821707","unassigned","0.4560925799863853","0.34106280193236715","46","3","unassigned","unassigned.39","false","k__Fungi","k__Fungi | unassigned | unassigned | unassigned | unassigned | unassigned.39","55.23913043478261","0","46","unassigned","0","unassigned","0.9948818141054385","false","0","k__Fungi | unassigned | unassigned | unassigned | unassigned | unassigned.39","31496","0.11159420289855072"
"2.556716417910448","2.1951026225977297E-4","c__Ascomycota_cls_Incertae_sedis","0.3911266783420899","0.34057971014492755","24","3","f__Ascomycota_fam_Incertae_sedis","g__Ascomycota_gen_Incertae_sedis.32","false","k__Fungi","k__Fungi | p__Ascomycota | c__Ascomycota_cls_Incertae_sedis | Ascomycota_ord_Incertae_sedis | f__Ascomycota_fam_Incertae_sedis | g__Ascomycota_gen_Incertae_sedis.32","43.375","0","24","Ascomycota_ord_Incertae_sedis","0","p__Ascomycota","0.9933188136570367","false","0","k__Fungi | p__Ascomycota | c__Ascomycota_cls_Incertae_sedis | Ascomycota_ord_Incertae_sedis | f__Ascomycota_fam_Incertae_sedis | g__Ascomycota_gen_Incertae_sedis.32","1742","0.15888278388278387"
"2.4656716417910447","5.603954276948095E-4","c__Dothideomycetes","0.40556900726392253","0.3148148148148148","28","3","f__Lentitheciaceae","g__Darksidea.1","false","k__Fungi","k__Fungi | p__Ascomycota | c__Dothideomycetes | Pleosporales | f__Lentitheciaceae | g__Darksidea.1","44.392857142857146","0","28","Pleosporales","0","p__Ascomycota","0.9937095637691372","false","0","k__Fungi | p__Ascomycota | c__Dothideomycetes | Pleosporales | f__Lentitheciaceae | g__Darksidea.1","4932","0.13482414242292662"
"2.1671641791044776","0.0011714125357045943","c__Dothideomycetes","0.46143250688705234","0.3352272727272727","33","3","f__Phaeosphaeriaceae","g__Paraphoma","false","k__Fungi","k__Fungi | p__Ascomycota | c__Dothideomycetes | Pleosporales | f__Phaeosphaeriaceae | g__Paraphoma","65.54545454545455","0","33","Pleosporales","0","p__Ascomycota","0.9949907116776632","false","0","k__Fungi | p__Ascomycota | c__Dothideomycetes | Pleosporales | f__Phaeosphaeriaceae | g__Paraphoma","20376","0.12484848484848485"
"2.3119402985074626","9.729361149157081E-4","c__Dothideomycetes","0.4325371207230471","0.422475106685633","38","3","f__Pleosporales_fam_Incertae_sedis","g__Aaosphaeria","false","k__Fungi","k__Fungi | p__Ascomycota | c__Dothideomycetes | Pleosporales | f__Pleosporales_fam_Incertae_sedis | g__Aaosphaeria","52.76315789473684","0","38","Pleosporales","0","p__Ascomycota","0.994369354942028","false","0","k__Fungi | p__Ascomycota | c__Dothideomycetes | Pleosporales | f__Pleosporales_fam_Incertae_sedis | g__Aaosphaeria","10748","0.12473559785989798"
"2.5223880597014925","3.9569170531434137E-4","c__Leotiomycetes","0.39644970414201186","0.3261538461538461","26","3","f__Helotiales_fam_Incertae_sedis","g__Helotiales_gen_Incertae_sedis.4","false","k__Fungi","k__Fungi | p__Ascomycota | c__Leotiomycetes | Helotiales | f__Helotiales_fam_Incertae_sedis | g__Helotiales_gen_Incertae_sedis.4","42.57692307692308","0","26","Helotiales","0","p__Ascomycota","0.9934661456665173","false","0","k__Fungi | p__Ascomycota | c__Leotiomycetes | Helotiales | f__Helotiales_fam_Incertae_sedis | g__Helotiales_gen_Incertae_sedis.4","3894","0.14481946624803768"
"2.062686567164179","0.0023324520830552346","c__Leotiomycetes","0.4848046309696093","0.33192389006342493","44","3","f__Helotiales_fam_Incertae_sedis","g__Helotiales_gen_Incertae_sedis.8","false","k__Fungi","k__Fungi | p__Ascomycota | c__Leotiomycetes | Helotiales | f__Helotiales_fam_Incertae_sedis | g__Helotiales_gen_Incertae_sedis.8","60.25","0","44","Helotiales","0","p__Ascomycota","0.9954391134456473","false","0","k__Fungi | p__Ascomycota | c__Leotiomycetes | Helotiales | f__Helotiales_fam_Incertae_sedis | g__Helotiales_gen_Incertae_sedis.8","36078","0.10316780821917808"
"2.255223880597015","9.866891109849773E-4","c__Sordariomycetes","0.44341495698213107","0.3978978978978979","37","3","f__Nectriaceae","g__Fusarium.5","false","k__Fungi","k__Fungi | p__Ascomycota | c__Sordariomycetes | Hypocreales | f__Nectriaceae | g__Fusarium.5","48.027027027027025","0","37","Hypocreales","0","p__Ascomycota","0.994612773044648","false","0","k__Fungi | p__Ascomycota | c__Sordariomycetes | Hypocreales | f__Nectriaceae | g__Fusarium.5","12664","0.10395460395460396"
"2.3850746268656717","6.72651092471734E-4","c__Sordariomycetes","0.4192740926157697","0.346031746031746","36","3","f__Nectriaceae","g__Fusarium.7","false","k__Fungi","k__Fungi | p__Ascomycota | c__Sordariomycetes | Hypocreales | f__Nectriaceae | g__Fusarium.7","46.833333333333336","0","36","Hypocreales","0","p__Ascomycota","0.9940554737044391","false","0","k__Fungi | p__Ascomycota | c__Sordariomycetes | Hypocreales | f__Nectriaceae | g__Fusarium.7","7152","0.12455673758865249"
"2.317910447761194","0.001235844241170264","c__Sordariomycetes","0.4314230521571153","0.27061310782241016","44","3","f__Chaetomiaceae","g__Chaetomiaceae_gen_Incertae_sedis.1","false","k__Fungi","k__Fungi | p__Ascomycota | c__Sordariomycetes | Sordariales | f__Chaetomiaceae | g__Chaetomiaceae_gen_Incertae_sedis.1","47.70454545454545","0","44","Sordariales","0","p__Ascomycota","0.9943437319838575","false","0","k__Fungi | p__Ascomycota | c__Sordariomycetes | Sordariales | f__Chaetomiaceae | g__Chaetomiaceae_gen_Incertae_sedis.1","14058","0.11550737398195025"
"2.5253731343283583","6.905966286104547E-4","unassigned","0.39598108747044913","0.3240418118466899","42","4","unassigned","unassigned.19","false","k__Fungi","k__Fungi | p__Ascomycota | unassigned | unassigned | unassigned | unassigned.19","40.833333333333336","0","42","unassigned","0","p__Ascomycota","0.9934533341874319","false","0","k__Fungi | p__Ascomycota | unassigned | unassigned | unassigned | unassigned.19","5872","0.14741275571600482"
"2.573134328358209","2.630865354272038E-4","c__Tremellomycetes","0.388631090487239","0.4021164021164021","28","3","f__Mrakiaceae","g__Tausonia","false","k__Fungi","k__Fungi | p__Basidiomycota | c__Tremellomycetes | Cystofilobasidiales | f__Mrakiaceae | g__Tausonia","43.214285714285715","0","28","Cystofilobasidiales","0","p__Basidiomycota","0.9932483505220677","false","0","k__Fungi | p__Basidiomycota | c__Tremellomycetes | Cystofilobasidiales | f__Mrakiaceae | g__Tausonia","2168","0.1680100055586437"
"2.511940298507463","2.2096434359677027E-4","c__Spizellomycetes","0.39809863339275103","0.40615384615384614","26","3","f__Spizellomycetaceae","g__Spizellomyces.2","false","k__Fungi","k__Fungi | p__Chytridiomycota | c__Spizellomycetes | Spizellomycetales | f__Spizellomycetaceae | g__Spizellomyces.2","49.65384615384615","0","26","Spizellomycetales","0","p__Chytridiomycota","0.9935109858433157","false","0","k__Fungi | p__Chytridiomycota | c__Spizellomycetes | Spizellomycetales | f__Spizellomycetaceae | g__Spizellomyces.2","2358","0.16496294403271147"
"2.3970149253731345","0.0012697915938163393","unassigned","0.4171855541718555","0.3118279569892473","31","3","unassigned","unassigned.54","false","k__Fungi","k__Fungi | unassigned | unassigned | unassigned | unassigned | unassigned.54","43.96774193548387","0","31","unassigned","0","unassigned","0.9940042277880982","false","0","k__Fungi | unassigned | unassigned | unassigned | unassigned | unassigned.54","12558","0.11810613943808533"
"2.4567164179104477","0.0010048049337506605","unassigned","0.40704738760631837","0.29336734693877553","49","3","unassigned","unassigned.67","false","k__Fungi","k__Fungi | unassigned | unassigned | unassigned | unassigned | unassigned.67","45.265306122448976","0","49","unassigned","0","unassigned","0.9937479982063929","false","0","k__Fungi | unassigned | unassigned | unassigned | unassigned | unassigned.67","8074","0.14369938451571104"
"2.564179104477612","2.946538888736763E-4","c__Ascomycota_cls_Incertae_sedis","0.38998835855646097","0.3492063492063492","28","4","f__Ascomycota_fam_Incertae_sedis","g__Ascomycota_gen_Incertae_sedis.48","false","k__Fungi","k__Fungi | p__Ascomycota | c__Ascomycota_cls_Incertae_sedis | Ascomycota_ord_Incertae_sedis | f__Ascomycota_fam_Incertae_sedis | g__Ascomycota_gen_Incertae_sedis.48","43.214285714285715","0","28","Ascomycota_ord_Incertae_sedis","0","p__Ascomycota","0.9932867849593235","false","0","k__Fungi | p__Ascomycota | c__Ascomycota_cls_Incertae_sedis | Ascomycota_ord_Incertae_sedis | f__Ascomycota_fam_Incertae_sedis | g__Ascomycota_gen_Incertae_sedis.48","2458","0.16307277628032346"
"2.2970149253731345","0.0015256522042021775","c__Eurotiomycetes","0.43534762833008445","0.3588588588588589","37","3","unassigned","unassigned","false","k__Fungi","k__Fungi | p__Ascomycota | c__Eurotiomycetes | Chaetothyriales | unassigned | unassigned","54.648648648648646","0","37","Chaetothyriales","0","p__Ascomycota","0.9944334123374544","false","0","k__Fungi | p__Ascomycota | c__Eurotiomycetes | Chaetothyriales | unassigned | unassigned","17634","0.12591854527338397"
"2.3835820895522386","3.6722752216787727E-4","c__Pezizomycetes","0.41953663118346907","0.4338461538461538","26","3","f__Pyronemataceae","g__Pyronemataceae_gen_Incertae_sedis.3","false","k__Fungi","k__Fungi | p__Ascomycota | c__Pezizomycetes | Pezizales | f__Pyronemataceae | g__Pyronemataceae_gen_Incertae_sedis.3","52.53846153846154","0","26","Pezizales","0","p__Ascomycota","0.9940618794439817","false","0","k__Fungi | p__Ascomycota | c__Pezizomycetes | Pezizales | f__Pyronemataceae | g__Pyronemataceae_gen_Incertae_sedis.3","5122","0.13575829854899624"
"2.5611940298507463","4.5861921382116705E-4","c__Sordariomycetes","0.39044289044289043","0.3157894736842105","19","4","f__Hypocreales_fam_Incertae_sedis","g__Hypocreales_gen_Incertae_sedis","false","k__Fungi","k__Fungi | p__Ascomycota | c__Sordariomycetes | Hypocreales | f__Hypocreales_fam_Incertae_sedis | g__Hypocreales_gen_Incertae_sedis","42.68421052631579","0","19","Hypocreales","0","p__Ascomycota","0.9932995964384088","false","0","k__Fungi | p__Ascomycota | c__Sordariomycetes | Hypocreales | f__Hypocreales_fam_Incertae_sedis | g__Hypocreales_gen_Incertae_sedis","3336","0.15502392344497606"
"2.4582089552238804","5.050848013673474E-4","c__Sordariomycetes","0.4068002428658167","0.3878787878787879","45","3","f__Hypocreales_fam_Incertae_sedis","g__Hypocreales_gen_Incertae_sedis.3","false","k__Fungi","k__Fungi | p__Ascomycota | c__Sordariomycetes | Hypocreales | f__Hypocreales_fam_Incertae_sedis | g__Hypocreales_gen_Incertae_sedis.3","50.888888888888886","0","45","Hypocreales","0","p__Ascomycota","0.9937415924668503","false","0","k__Fungi | p__Ascomycota | c__Sordariomycetes | Hypocreales | f__Hypocreales_fam_Incertae_sedis | g__Hypocreales_gen_Incertae_sedis.3","5408","0.16002795248078266"
"2.591044776119403","2.446123538458859E-4","c__Sordariomycetes","0.38594470046082946","0.3203463203463203","22","4","f__Hypocreales_fam_Incertae_sedis","unassigned","false","k__Fungi","k__Fungi | p__Ascomycota | c__Sordariomycetes | Hypocreales | f__Hypocreales_fam_Incertae_sedis | unassigned","39.72727272727273","0","22","Hypocreales","0","p__Ascomycota","0.9931714816475563","false","0","k__Fungi | p__Ascomycota | c__Sordariomycetes | Hypocreales | f__Hypocreales_fam_Incertae_sedis | unassigned","2116","0.15702479338842976"
"2.292537313432836","0.0011536527335995928","c__Sordariomycetes","0.43619791666666663","0.36666666666666664","45","3","f__Ophiocordycipitaceae","g__Purpureocillium","false","k__Fungi","k__Fungi | p__Ascomycota | c__Sordariomycetes | Hypocreales | f__Ophiocordycipitaceae | g__Purpureocillium","50.68888888888889","0","45","Hypocreales","0","p__Ascomycota","0.9944526295560823","false","0","k__Fungi | p__Ascomycota | c__Sordariomycetes | Hypocreales | f__Ophiocordycipitaceae | g__Purpureocillium","14170","0.11815591815591815"
"2.1149253731343283","0.0025828384752205353","c__Sordariomycetes","0.4728299223712068","0.32310946589106293","62","3","unassigned","unassigned","false","k__Fungi","k__Fungi | p__Ascomycota | c__Sordariomycetes | Hypocreales | unassigned | unassigned","53.91935483870968","0","62","Hypocreales","0","p__Ascomycota","0.9952149125616553","false","0","k__Fungi | p__Ascomycota | c__Sordariomycetes | Hypocreales | unassigned | unassigned","36068","0.10154304112751351"
"2.5701492537313433","4.2044219833920653E-4","c__Sordariomycetes","0.389082462253194","0.354978354978355","22","3","f__Chaetomiaceae","unassigned.1","false","k__Fungi","k__Fungi | p__Ascomycota | c__Sordariomycetes | Sordariales | f__Chaetomiaceae | unassigned.1","44.59090909090909","0","22","Sordariales","0","p__Ascomycota","0.9932611620011531","false","0","k__Fungi | p__Ascomycota | c__Sordariomycetes | Sordariales | f__Chaetomiaceae | unassigned.1","3212","0.1680960548885077"
"2.4582089552238804","9.401577302603045E-4","c__Sordariomycetes","0.4068002428658167","0.3307823129251701","49","3","f__Sordariales_fam_Incertae_sedis","g__Sordariales_gen_Incertae_sedis.1","false","k__Fungi","k__Fungi | p__Ascomycota | c__Sordariomycetes | Sordariales | f__Sordariales_fam_Incertae_sedis | g__Sordariales_gen_Incertae_sedis.1","47.55102040816327","0","49","Sordariales","0","p__Ascomycota","0.9937415924668503","false","0","k__Fungi | p__Ascomycota | c__Sordariomycetes | Sordariales | f__Sordariales_fam_Incertae_sedis | g__Sordariales_gen_Incertae_sedis.1","8782","0.1514363707266346"
"2.488059701492537","3.5186385600459474E-4","unassigned","0.40191961607678467","0.3731060606060606","33","3","unassigned","unassigned.13","false","k__Fungi","k__Fungi | p__Ascomycota | unassigned | unassigned | unassigned | unassigned.13","51.96969696969697","0","33","unassigned","0","p__Ascomycota","0.9936134776759976","false","0","k__Fungi | p__Ascomycota | unassigned | unassigned | unassigned | unassigned.13","3274","0.16764418377321602"
"2.37910447761194","9.543520914422855E-4","unassigned","0.42032622333751574","0.33117483811285847","47","3","unassigned","unassigned.14","false","k__Fungi","k__Fungi | p__Ascomycota | unassigned | unassigned | unassigned | unassigned.14","50.170212765957444","0","47","unassigned","0","p__Ascomycota","0.9940810966626097","false","0","k__Fungi | p__Ascomycota | unassigned | unassigned | unassigned | unassigned.14","10854","0.13596263622210691"
"2.31044776119403","0.0015476092902774142","unassigned","0.4328165374677002","0.26814516129032256","32","3","unassigned","unassigned.32","false","k__Fungi","k__Fungi | unassigned | unassigned | unassigned | unassigned | unassigned.32","45.25","0","32","unassigned","0","unassigned","0.9943757606815706","false","0","k__Fungi | unassigned | unassigned | unassigned | unassigned | unassigned.32","16736","0.10540501165501165"
"2.511940298507463","4.1656522070322504E-4","c__Ascomycota_cls_Incertae_sedis","0.39809863339275103","0.22631578947368422","20","3","f__Ascomycota_fam_Incertae_sedis","g__Ascomycota_gen_Incertae_sedis.53","false","k__Fungi","k__Fungi | p__Ascomycota | c__Ascomycota_cls_Incertae_sedis | Ascomycota_ord_Incertae_sedis | f__Ascomycota_fam_Incertae_sedis | g__Ascomycota_gen_Incertae_sedis.53","39.7","0","20","Ascomycota_ord_Incertae_sedis","0","p__Ascomycota","0.9935109858433157","false","0","k__Fungi | p__Ascomycota | c__Ascomycota_cls_Incertae_sedis | Ascomycota_ord_Incertae_sedis | f__Ascomycota_fam_Incertae_sedis | g__Ascomycota_gen_Incertae_sedis.53","4002","0.12957516339869282"
"2.1970149253731344","0.0019071418326159501","c__Dothideomycetes","0.45516304347826086","0.3221523410202656","54","3","f__Pleosporales_fam_Incertae_sedis","g__Pleosporales_gen_Incertae_sedis.4","false","k__Fungi","k__Fungi | p__Ascomycota | c__Dothideomycetes | Pleosporales | f__Pleosporales_fam_Incertae_sedis | g__Pleosporales_gen_Incertae_sedis.4","52.18518518518518","0","54","Pleosporales","0","p__Ascomycota","0.9948625968868106","false","0","k__Fungi | p__Ascomycota | c__Dothideomycetes | Pleosporales | f__Pleosporales_fam_Incertae_sedis | g__Pleosporales_gen_Incertae_sedis.4","24916","0.10782063054790328"
"2.5402985074626865","4.849523454378359E-4","c__Leotiomycetes","0.39365452408930673","0.319047619047619","21","3","f__Erysiphaceae","g__Golovinomyces","false","k__Fungi","k__Fungi | p__Ascomycota | c__Leotiomycetes | Erysiphales | f__Erysiphaceae | g__Golovinomyces","40.666666666666664","0","21","Erysiphales","0","p__Ascomycota","0.9933892767920056","false","0","k__Fungi | p__Ascomycota | c__Leotiomycetes | Erysiphales | f__Erysiphaceae | g__Golovinomyces","4802","0.14202464202464202"
"2.464179104477612","5.580502618044871E-4","c__Sordariomycetes","0.4058146577831617","0.38981173864894797","43","3","f__Bionectriaceae","g__Clonostachys.1","false","k__Fungi","k__Fungi | p__Ascomycota | c__Sordariomycetes | Hypocreales | f__Bionectriaceae | g__Clonostachys.1","45.44186046511628","0","43","Hypocreales","0","p__Ascomycota","0.9937159695086798","false","0","k__Fungi | p__Ascomycota | c__Sordariomycetes | Hypocreales | f__Bionectriaceae | g__Clonostachys.1","6140","0.1438033559022667"
"2.485074626865672","4.3836662236516053E-4","c__Sordariomycetes","0.4024024024024024","0.39572192513368987","34","3","unassigned","unassigned.3","false","k__Fungi","k__Fungi | p__Ascomycota | c__Sordariomycetes | unassigned | unassigned | unassigned.3","49.794117647058826","0","34","unassigned","0","p__Ascomycota","0.993626289155083","false","0","k__Fungi | p__Ascomycota | c__Sordariomycetes | unassigned | unassigned | unassigned.3","4746","0.16010970304520522"
"2.3805970149253732","8.374079734796856E-4","unassigned","0.42006269592476486","0.3032258064516129","31","3","unassigned","unassigned.3","false","k__Fungi","k__Fungi | p__Ascomycota | unassigned | unassigned | unassigned | unassigned.3","50.83870967741935","0","31","unassigned","0","p__Ascomycota","0.9940746909230671","false","0","k__Fungi | p__Ascomycota | unassigned | unassigned | unassigned | unassigned.3","8458","0.13239247311827956"
"2.547761194029851","4.971787187531845E-4","unassigned","0.39250146455770357","0.38170731707317074","41","4","unassigned","unassigned.42","false","k__Fungi","k__Fungi | p__Ascomycota | unassigned | unassigned | unassigned | unassigned.42","43.8780487804878","0","41","unassigned","0","p__Ascomycota","0.9933572480942925","false","0","k__Fungi | p__Ascomycota | unassigned | unassigned | unassigned | unassigned.42","4056","0.16620473022912047"
"2.5865671641791046","6.140494146083139E-4","unassigned","0.3866128101557992","0.20952380952380953","21","4","unassigned","unassigned.13","false","k__Fungi","k__Fungi | unassigned | unassigned | unassigned | unassigned | unassigned.13","33.23809523809524","0","21","unassigned","0","unassigned","0.993190698866184","false","0","k__Fungi | unassigned | unassigned | unassigned | unassigned | unassigned.13","4204","0.12965029761904762"
"2.6611940298507464","2.465153936596664E-4","unassigned","0.3757711721817162","0.3382352941176471","17","3","unassigned","unassigned.41","false","k__Fungi","k__Fungi | unassigned | unassigned | unassigned | unassigned | unassigned.41","33.88235294117647","0","17","unassigned","0","unassigned","0.9928704118890526","false","0","k__Fungi | unassigned | unassigned | unassigned | unassigned | unassigned.41","1652","0.16134453781512606"
"1.9313432835820896","0.00959573244120326","c__Sordariomycetes","0.517774343122102","0.2517482517482518","66","3","f__Chaetomiaceae","g__Chaetomiaceae_gen_Incertae_sedis","false","k__Fungi","k__Fungi | p__Ascomycota | c__Sordariomycetes | Sordariales | f__Chaetomiaceae | g__Chaetomiaceae_gen_Incertae_sedis","66.48484848484848","0","66","Sordariales","0","p__Ascomycota","0.9960028185253987","false","0","k__Fungi | p__Ascomycota | c__Sordariomycetes | Sordariales | f__Chaetomiaceae | g__Chaetomiaceae_gen_Incertae_sedis","124970","0.10228438228438229"
"2.4895522388059703","6.723283573949954E-4","unassigned","0.4016786570743405","0.27384615384615385","26","3","unassigned","unassigned","false","k__Fungi","k__Fungi | unassigned | unassigned | unassigned | unassigned | unassigned","40.15384615384615","0","26","unassigned","0","unassigned","0.993607071936455","false","0","k__Fungi | unassigned | unassigned | unassigned | unassigned | unassigned","6690","0.12706913339824732"
"2.505970149253731","3.34378994752656E-4","c__Eurotiomycetes","0.3990470518165575","0.33669354838709675","32","3","f__Chaetothyriales_fam_Incertae_sedis","g__Chaetothyriales_gen_Incertae_sedis.3","false","k__Fungi","k__Fungi | p__Ascomycota | c__Eurotiomycetes | Chaetothyriales | f__Chaetothyriales_fam_Incertae_sedis | g__Chaetothyriales_gen_Incertae_sedis.3","45.375","0","32","Chaetothyriales","0","p__Ascomycota","0.9935366088014862","false","0","k__Fungi | p__Ascomycota | c__Eurotiomycetes | Chaetothyriales | f__Chaetothyriales_fam_Incertae_sedis | g__Chaetothyriales_gen_Incertae_sedis.3","3256","0.15175585284280937"
"2.3208955223880596","3.9205895546456167E-4","c__Dothideomycetes","0.43086816720257237","0.37662337662337664","22","3","f__Botryosphaeriaceae","g__Macrophomina","false","k__Fungi","k__Fungi | p__Ascomycota | c__Dothideomycetes | Botryosphaeriales | f__Botryosphaeriaceae | g__Macrophomina","52.86363636363637","0","22","Botryosphaeriales","0","p__Ascomycota","0.9943309205047722","false","0","k__Fungi | p__Ascomycota | c__Dothideomycetes | Botryosphaeriales | f__Botryosphaeriaceae | g__Macrophomina","5366","0.12208692000839806"
"2.580597014925373","1.5548580992341167E-4","c__Dothideomycetes","0.3875072296124928","0.2857142857142857","15","3","f__Didymellaceae","g__Chaetasbolisia.2","false","k__Fungi","k__Fungi | p__Ascomycota | c__Dothideomycetes | Pleosporales | f__Didymellaceae | g__Chaetasbolisia.2","43.4","0","15","Pleosporales","0","p__Ascomycota","0.9932163218243547","false","0","k__Fungi | p__Ascomycota | c__Dothideomycetes | Pleosporales | f__Didymellaceae | g__Chaetasbolisia.2","1176","0.16352201257861634"
"2.328358208955224","5.542559797725499E-4","c__Dothideomycetes","0.42948717948717946","0.3732193732193732","27","3","f__Phaeosphaeriaceae","g__Phaeosphaeria","false","k__Fungi","k__Fungi | p__Ascomycota | c__Dothideomycetes | Pleosporales | f__Phaeosphaeriaceae | g__Phaeosphaeria","54.148148148148145","0","27","Pleosporales","0","p__Ascomycota","0.9942988918070591","false","0","k__Fungi | p__Ascomycota | c__Dothideomycetes | Pleosporales | f__Phaeosphaeriaceae | g__Phaeosphaeria","7748","0.12800980649680413"
"2.219402985074627","3.035121571359619E-4","c__Dothideomycetes","0.4505716207128447","0.425","16","3","f__Pleosporales_fam_Incertae_sedis","g__Pleosporales_gen_Incertae_sedis.3","false","k__Fungi","k__Fungi | p__Ascomycota | c__Dothideomycetes | Pleosporales | f__Pleosporales_fam_Incertae_sedis | g__Pleosporales_gen_Incertae_sedis.3","70.9375","0","16","Pleosporales","0","p__Ascomycota","0.9947665107936712","false","0","k__Fungi | p__Ascomycota | c__Dothideomycetes | Pleosporales | f__Pleosporales_fam_Incertae_sedis | g__Pleosporales_gen_Incertae_sedis.3","5916","0.13991617357001973"
"2.4298507462686567","9.481390930416044E-4","c__Sordariomycetes","0.41154791154791154","0.2648221343873518","23","3","f__Bionectriaceae","g__Clonostachys","false","k__Fungi","k__Fungi | p__Ascomycota | c__Sordariomycetes | Hypocreales | f__Bionectriaceae | g__Clonostachys","42.91304347826087","0","23","Hypocreales","0","p__Ascomycota","0.9938633015181603","false","0","k__Fungi | p__Ascomycota | c__Sordariomycetes | Hypocreales | f__Bionectriaceae | g__Clonostachys","8554","0.11953494005086593"
"2.5492537313432835","3.4301120853874834E-4","c__Sordariomycetes","0.39227166276346603","0.3218390804597701","30","3","f__Nectriaceae","g__Fusarium.8","false","k__Fungi","k__Fungi | p__Ascomycota | c__Sordariomycetes | Hypocreales | f__Nectriaceae | g__Fusarium.8","42.03333333333333","0","30","Hypocreales","0","p__Ascomycota","0.9933508423547499","false","0","k__Fungi | p__Ascomycota | c__Sordariomycetes | Hypocreales | f__Nectriaceae | g__Fusarium.8","3178","0.1545343137254902"
"2.226865671641791","0.0013135892214218502","c__Eurotiomycetes","0.4490616621983914","0.33589743589743587","40","3","f__Herpotrichiellaceae","g__Exophiala.2","false","k__Fungi","k__Fungi | p__Ascomycota | c__Eurotiomycetes | Chaetothyriales | f__Herpotrichiellaceae | g__Exophiala.2","56.5","0","40","Chaetothyriales","0","p__Ascomycota","0.9947344820959579","false","0","k__Fungi | p__Ascomycota | c__Eurotiomycetes | Chaetothyriales | f__Herpotrichiellaceae | g__Exophiala.2","17116","0.11820083682008369"
"2.3955223880597014","6.290089981054936E-4","c__Sordariomycetes","0.4174454828660436","0.37701612903225806","32","3","f__Hypocreaceae","g__Trichoderma","false","k__Fungi","k__Fungi | p__Ascomycota | c__Sordariomycetes | Hypocreales | f__Hypocreaceae | g__Trichoderma","48.6875","0","32","Hypocreales","0","p__Ascomycota","0.9940106335276407","false","0","k__Fungi | p__Ascomycota | c__Sordariomycetes | Hypocreales | f__Hypocreaceae | g__Trichoderma","7542","0.13052949061662197"
"2.4328358208955225","5.688694952303994E-4","c__Sordariomycetes","0.41104294478527603","0.3169230769230769","26","3","f__Nectriaceae","g__Fusarium.6","false","k__Fungi","k__Fungi | p__Ascomycota | c__Sordariomycetes | Hypocreales | f__Nectriaceae | g__Fusarium.6","43.11538461538461","0","26","Hypocreales","0","p__Ascomycota","0.993850490039075","false","0","k__Fungi | p__Ascomycota | c__Sordariomycetes | Hypocreales | f__Nectriaceae | g__Fusarium.6","6014","0.12179487179487179"
"2.388059701492537","9.585776441311372E-4","c__Leotiomycetes","0.41875","0.3870967741935484","31","3","unassigned","unassigned.1","false","k__Fungi","k__Fungi | p__Ascomycota | c__Leotiomycetes | Helotiales | unassigned | unassigned.1","47.354838709677416","0","31","Helotiales","0","p__Ascomycota","0.994042662225354","false","0","k__Fungi | p__Ascomycota | c__Leotiomycetes | Helotiales | unassigned | unassigned.1","11294","0.1251920122887865"
"2.453731343283582","6.335070485532628E-4","c__Agaricomycetes","0.40754257907542585","0.37777777777777777","45","3","f__Ceratobasidiaceae","unassigned","false","k__Fungi","k__Fungi | p__Basidiomycota | c__Agaricomycetes | Cantharellales | f__Ceratobasidiaceae | unassigned","50.6","0","45","Cantharellales","0","p__Basidiomycota","0.9937608096854782","false","0","k__Fungi | p__Basidiomycota | c__Agaricomycetes | Cantharellales | f__Ceratobasidiaceae | unassigned","6550","0.1576323987538941"
"2.3492537313432837","9.009745115530174E-4","c__Dothideomycetes","0.4256670902160101","0.1736842105263158","20","3","f__Mycosphaerellaceae","g__Septoria","false","k__Fungi","k__Fungi | p__Ascomycota | c__Dothideomycetes | Mycosphaerellales | f__Mycosphaerellaceae | g__Septoria","45.3","0","20","Mycosphaerellales","0","p__Ascomycota","0.9942092114534623","false","0","k__Fungi | p__Ascomycota | c__Dothideomycetes | Mycosphaerellales | f__Mycosphaerellaceae | g__Septoria","9120","0.10917874396135266"
"2.485074626865672","5.916731926094908E-4","c__Leotiomycetes","0.4024024024024024","0.35285285285285284","37","3","unassigned","unassigned.3","false","k__Fungi","k__Fungi | p__Ascomycota | c__Leotiomycetes | Helotiales | unassigned | unassigned.3","46.62162162162162","0","37","Helotiales","0","p__Ascomycota","0.993626289155083","false","0","k__Fungi | p__Ascomycota | c__Leotiomycetes | Helotiales | unassigned | unassigned.3","5316","0.15136890136890138"
"2.5343283582089553","4.617726981248011E-4","c__Sordariomycetes","0.3945818610129564","0.33","25","3","f__Chaetomiaceae","g__Chaetomiaceae_gen_Incertae_sedis.3","false","k__Fungi","k__Fungi | p__Ascomycota | c__Sordariomycetes | Sordariales | f__Chaetomiaceae | g__Chaetomiaceae_gen_Incertae_sedis.3","38.04","0","25","Sordariales","0","p__Ascomycota","0.9934148997501762","false","0","k__Fungi | p__Ascomycota | c__Sordariomycetes | Sordariales | f__Chaetomiaceae | g__Chaetomiaceae_gen_Incertae_sedis.3","4688","0.13254355400696863"
"2.5850746268656715","6.211640598737005E-5","c__Dothideomycetes","0.3868360277136259","0.5210526315789473","20","3","f__Amorosiaceae","g__Angustimassarina","false","k__Fungi","k__Fungi | p__Ascomycota | c__Dothideomycetes | Pleosporales | f__Amorosiaceae | g__Angustimassarina","55.7","0","20","Pleosporales","0","p__Ascomycota","0.9931971046057267","false","0","k__Fungi | p__Ascomycota | c__Dothideomycetes | Pleosporales | f__Amorosiaceae | g__Angustimassarina","750","0.21589147286821705"
"2.47910447761194","6.636043111726803E-4","c__Eurotiomycetes","0.40337146297411197","0.34146341463414637","42","3","f__Herpotrichiellaceae","g__Rhinocladiella.1","false","k__Fungi","k__Fungi | p__Ascomycota | c__Eurotiomycetes | Chaetothyriales | f__Herpotrichiellaceae | g__Rhinocladiella.1","46.523809523809526","0","42","Chaetothyriales","0","p__Ascomycota","0.9936519121132534","false","0","k__Fungi | p__Ascomycota | c__Eurotiomycetes | Chaetothyriales | f__Herpotrichiellaceae | g__Rhinocladiella.1","6348","0.1515433534977509"
"2.4238805970149255","7.802106414521293E-4","unassigned","0.41256157635467977","0.37176799440950387","54","3","unassigned","unassigned.6","false","k__Fungi","k__Fungi | p__Ascomycota | unassigned | unassigned | unassigned | unassigned.6","49.370370370370374","0","54","unassigned","0","p__Ascomycota","0.9938889244763308","false","0","k__Fungi | p__Ascomycota | unassigned | unassigned | unassigned | unassigned.6","8750","0.14870593485051317"
"2.428358208955224","8.922488178644704E-4","unassigned","0.41180086047940995","0.3983050847457627","60","3","unassigned","unassigned.60","false","k__Fungi","k__Fungi | p__Ascomycota | unassigned | unassigned | unassigned | unassigned.60","47.666666666666664","0","60","unassigned","0","p__Ascomycota","0.993869707257703","false","0","k__Fungi | p__Ascomycota | unassigned | unassigned | unassigned | unassigned.60","10418","0.1475748194014448"
"2.4895522388059703","6.229097212257932E-4","unassigned","0.4016786570743405","0.4122448979591837","50","3","unassigned","unassigned.72","false","k__Fungi","k__Fungi | p__Ascomycota | unassigned | unassigned | unassigned | unassigned.72","47.1","0","50","unassigned","0","p__Ascomycota","0.993607071936455","false","0","k__Fungi | p__Ascomycota | unassigned | unassigned | unassigned | unassigned.72","7168","0.1613013698630137"
"2.470149253731343","8.226673542566973E-4","c__Chytridiomycota_cls_Incertae_sedis","0.40483383685800606","0.3476621417797888","52","3","f__Chytridiomycota_fam_Incertae_sedis","g__Chytridiomycota_gen_Incertae_sedis","false","k__Fungi","k__Fungi | p__Chytridiomycota | c__Chytridiomycota_cls_Incertae_sedis | Chytridiomycota_ord_Incertae_sedis | f__Chytridiomycota_fam_Incertae_sedis | g__Chytridiomycota_gen_Incertae_sedis","44.96153846153846","0","52","Chytridiomycota_ord_Incertae_sedis","0","p__Chytridiomycota","0.9936903465505093","false","0","k__Fungi | p__Chytridiomycota | c__Chytridiomycota_cls_Incertae_sedis | Chytridiomycota_ord_Incertae_sedis | f__Chytridiomycota_fam_Incertae_sedis | g__Chytridiomycota_gen_Incertae_sedis","7312","0.14838791571464838"
"2.535820895522388","3.9833397982995975E-4","unassigned","0.39434961742201297","0.4166666666666667","40","3","unassigned","unassigned.93","false","k__Fungi","k__Fungi | unassigned | unassigned | unassigned | unassigned | unassigned.93","44.325","0","40","unassigned","0","unassigned","0.9934084940106335","false","0","k__Fungi | unassigned | unassigned | unassigned | unassigned | unassigned.93","4162","0.1635608856088561"
"2.2388059701492535","0.0011346910773075377","c__Dothideomycetes","0.4466666666666667","0.2850574712643678","30","3","f__Cucurbitariaceae","g__Pyrenochaetopsis","false","k__Fungi","k__Fungi | p__Ascomycota | c__Dothideomycetes | Pleosporales | f__Cucurbitariaceae | g__Pyrenochaetopsis","53.46666666666667","0","30","Pleosporales","0","p__Ascomycota","0.994683236179617","false","0","k__Fungi | p__Ascomycota | c__Dothideomycetes | Pleosporales | f__Cucurbitariaceae | g__Pyrenochaetopsis","12656","0.11138888888888888"
"2.3805970149253732","0.0015286496343584575","c__Leotiomycetes","0.42006269592476486","0.34984984984984985","37","3","unassigned","unassigned.4","false","k__Fungi","k__Fungi | p__Ascomycota | c__Leotiomycetes | Helotiales | unassigned | unassigned.4","42.67567567567568","0","37","Helotiales","0","p__Ascomycota","0.9940746909230671","false","0","k__Fungi | p__Ascomycota | c__Leotiomycetes | Helotiales | unassigned | unassigned.4","12954","0.11335537665324899"
"2.3925373134328356","8.659712739899282E-4","c__Sordariomycetes","0.41796631316281974","0.291005291005291","28","3","f__Stachybotryaceae","g__Stachybotryaceae_gen_Incertae_sedis","false","k__Fungi","k__Fungi | p__Ascomycota | c__Sordariomycetes | Hypocreales | f__Stachybotryaceae | g__Stachybotryaceae_gen_Incertae_sedis","42.82142857142857","0","28","Hypocreales","0","p__Ascomycota","0.9940234450067261","false","0","k__Fungi | p__Ascomycota | c__Sordariomycetes | Hypocreales | f__Stachybotryaceae | g__Stachybotryaceae_gen_Incertae_sedis","9610","0.1129852996607614"
"2.494029850746269","0.00100241707688548","c__Spizellomycetes","0.4009575104727708","0.3265602322206096","53","3","f__Spizellomycetales_fam_Incertae_sedis","g__Spizellomycetales_gen_Incertae_sedis.3","false","k__Fungi","k__Fungi | p__Chytridiomycota | c__Spizellomycetes | Spizellomycetales | f__Spizellomycetales_fam_Incertae_sedis | g__Spizellomycetales_gen_Incertae_sedis.3","45.528301886792455","0","53","Spizellomycetales","0","p__Chytridiomycota","0.9935878547178272","false","0","k__Fungi | p__Chytridiomycota | c__Spizellomycetes | Spizellomycetales | f__Spizellomycetales_fam_Incertae_sedis | g__Spizellomycetales_gen_Incertae_sedis.3","8120","0.15918986673703656"
"2.574626865671642","3.2581783079478816E-4","unassigned","0.3884057971014493","0.3438735177865613","23","3","unassigned","unassigned.14","false","k__Fungi","k__Fungi | unassigned | unassigned | unassigned | unassigned | unassigned.14","40.65217391304348","0","23","unassigned","0","unassigned","0.9932419447825251","false","0","k__Fungi | unassigned | unassigned | unassigned | unassigned | unassigned.14","2830","0.15516096913375374"
"2.1417910447761193","0.002480845291874563","unassigned","0.4668989547038328","0.3182926829268293","41","3","unassigned","unassigned.8","false","k__Fungi","k__Fungi | unassigned | unassigned | unassigned | unassigned | unassigned.8","60.390243902439025","0","41","unassigned","0","unassigned","0.9950996092498879","false","0","k__Fungi | unassigned | unassigned | unassigned | unassigned | unassigned.8","29638","0.11309034438658994"
"2.182089552238806","0.0016631013105241272","c__Leotiomycetes","0.45827633378932964","0.3403805496828753","44","3","f__Helotiales_fam_Incertae_sedis","g__Helotiales_gen_Incertae_sedis","false","k__Fungi","k__Fungi | p__Ascomycota | c__Leotiomycetes | Helotiales | f__Helotiales_fam_Incertae_sedis | g__Helotiales_gen_Incertae_sedis","56.11363636363637","0","44","Helotiales","0","p__Ascomycota","0.9949266542822369","false","0","k__Fungi | p__Ascomycota | c__Leotiomycetes | Helotiales | f__Helotiales_fam_Incertae_sedis | g__Helotiales_gen_Incertae_sedis","22820","0.11133658008658008"
"2.497014925373134","4.853841852464938E-4","c__Fungi_cls_Incertae_sedis","0.4004781829049612","0.34408602150537637","31","3","f__Fungi_fam_Incertae_sedis","g__Fungi_gen_Incertae_sedis.20","false","k__Fungi","k__Fungi | p__Fungi_phy_Incertae_sedis | c__Fungi_cls_Incertae_sedis | Fungi_ord_Incertae_sedis | f__Fungi_fam_Incertae_sedis | g__Fungi_gen_Incertae_sedis.20","48.70967741935484","0","31","Fungi_ord_Incertae_sedis","0","p__Fungi_phy_Incertae_sedis","0.993575043238742","false","0","k__Fungi | p__Fungi_phy_Incertae_sedis | c__Fungi_cls_Incertae_sedis | Fungi_ord_Incertae_sedis | f__Fungi_fam_Incertae_sedis | g__Fungi_gen_Incertae_sedis.20","4818","0.1591819523508328"
"2.47910447761194","4.5311368505151226E-4","c__Sordariomycetes","0.40337146297411197","0.38487394957983195","35","3","f__Lasiosphaeriaceae","g__Schizothecium.6","false","k__Fungi","k__Fungi | p__Ascomycota | c__Sordariomycetes | Sordariales | f__Lasiosphaeriaceae | g__Schizothecium.6","46.77142857142857","0","35","Sordariales","0","p__Ascomycota","0.9936519121132534","false","0","k__Fungi | p__Ascomycota | c__Sordariomycetes | Sordariales | f__Lasiosphaeriaceae | g__Schizothecium.6","4760","0.14895359417652412"
"2.3313432835820898","4.3210418653863273E-4","c__Sordariomycetes","0.4289372599231754","0.3835978835978836","28","3","f__Lasiosphaeriaceae","g__Schizothecium","false","k__Fungi","k__Fungi | p__Ascomycota | c__Sordariomycetes | Sordariales | f__Lasiosphaeriaceae | g__Schizothecium","56.464285714285715","0","28","Sordariales","0","p__Ascomycota","0.9942860803279738","false","0","k__Fungi | p__Ascomycota | c__Sordariomycetes | Sordariales | f__Lasiosphaeriaceae | g__Schizothecium","6886","0.13443877551020408"
"2.5044776119402985","4.8268825382862635E-4","c__Eurotiomycetes","0.399284862932062","0.36129032258064514","31","3","f__Trichomeriaceae","g__Bradymyces","false","k__Fungi","k__Fungi | p__Ascomycota | c__Eurotiomycetes | Chaetothyriales | f__Trichomeriaceae | g__Bradymyces","45.774193548387096","0","31","Chaetothyriales","0","p__Ascomycota","0.9935430145410288","false","0","k__Fungi | p__Ascomycota | c__Eurotiomycetes | Chaetothyriales | f__Trichomeriaceae | g__Bradymyces","4706","0.15207373271889402"
"2.5283582089552237","2.199180655032199E-4","c__Eurotiomycetes","0.3955135773317592","0.391304347826087","24","3","f__Trichomeriaceae","g__Trichomeriaceae_gen_Incertae_sedis.2","false","k__Fungi","k__Fungi | p__Ascomycota | c__Eurotiomycetes | Chaetothyriales | f__Trichomeriaceae | g__Trichomeriaceae_gen_Incertae_sedis.2","49.166666666666664","0","24","Chaetothyriales","0","p__Ascomycota","0.9934405227083467","false","0","k__Fungi | p__Ascomycota | c__Eurotiomycetes | Chaetothyriales | f__Trichomeriaceae | g__Trichomeriaceae_gen_Incertae_sedis.2","2018","0.16837899543378995"
"2.419402985074627","0.001387354258926386","c__Rhizophlyctidomycetes","0.41332510795805055","0.27631578947368424","57","3","f__Rhizophlyctidaceae","g__Rhizophlyctis.4","false","k__Fungi","k__Fungi | p__Chytridiomycota | c__Rhizophlyctidomycetes | Rhizophlyctidales | f__Rhizophlyctidaceae | g__Rhizophlyctis.4","44.29824561403509","0","57","Rhizophlyctidales","0","p__Chytridiomycota","0.9939081416949587","false","0","k__Fungi | p__Chytridiomycota | c__Rhizophlyctidomycetes | Rhizophlyctidales | f__Rhizophlyctidaceae | g__Rhizophlyctis.4","12440","0.133428450644684"
"2.485074626865672","3.739410604185844E-4","unassigned","0.4024024024024024","0.37777777777777777","36","3","unassigned","unassigned.52","false","k__Fungi","k__Fungi | unassigned | unassigned | unassigned | unassigned | unassigned.52","49.138888888888886","0","36","unassigned","0","unassigned","0.993626289155083","false","0","k__Fungi | unassigned | unassigned | unassigned | unassigned | unassigned.52","3826","0.1590255303847537"
"2.4567164179104477","6.174379222487943E-4","c__Sordariomycetes","0.40704738760631837","0.38768115942028986","24","3","f__Lasiosphaeriaceae","g__Apodus","false","k__Fungi","k__Fungi | p__Ascomycota | c__Sordariomycetes | Sordariales | f__Lasiosphaeriaceae | g__Apodus","44.25","0","24","Sordariales","0","p__Ascomycota","0.9937479982063929","false","0","k__Fungi | p__Ascomycota | c__Sordariomycetes | Sordariales | f__Lasiosphaeriaceae | g__Apodus","6456","0.1306706114398422"
"2.308955223880597","8.440417437125735E-4","unassigned","0.43309631544925664","0.3407258064516129","32","3","unassigned","unassigned.2","false","k__Fungi","k__Fungi | p__Ascomycota | unassigned | unassigned | unassigned | unassigned.2","54.0625","0","32","unassigned","0","p__Ascomycota","0.9943821664211133","false","0","k__Fungi | p__Ascomycota | unassigned | unassigned | unassigned | unassigned.2","10670","0.12565406976744187"
"2.417910447761194","4.471412450971829E-4","c__Spizellomycetes","0.41358024691358025","0.4393939393939394","33","3","f__Spizellomycetaceae","g__Spizellomyces.1","false","k__Fungi","k__Fungi | p__Chytridiomycota | c__Spizellomycetes | Spizellomycetales | f__Spizellomycetaceae | g__Spizellomyces.1","47.57575757575758","0","33","Spizellomycetales","0","p__Chytridiomycota","0.9939145474345014","false","0","k__Fungi | p__Chytridiomycota | c__Spizellomycetes | Spizellomycetales | f__Spizellomycetaceae | g__Spizellomyces.1","5744","0.13326542738307445"
"2.476119402985075","3.4242927496380704E-4","c__Dothideomycetes","0.4038577456298975","0.3850806451612903","32","3","f__Phaeosphaeriaceae","g__Sclerostagonospora.2","false","k__Fungi","k__Fungi | p__Ascomycota | c__Dothideomycetes | Pleosporales | f__Phaeosphaeriaceae | g__Sclerostagonospora.2","50.1875","0","32","Pleosporales","0","p__Ascomycota","0.9936647235923388","false","0","k__Fungi | p__Ascomycota | c__Dothideomycetes | Pleosporales | f__Phaeosphaeriaceae | g__Sclerostagonospora.2","3664","0.15732758620689655"
"2.4492537313432834","5.709632041715265E-4","c__Sordariomycetes","0.4082876294942109","0.3689217758985201","44","3","f__Stachybotryaceae","g__Albifimbria.1","false","k__Fungi","k__Fungi | p__Ascomycota | c__Sordariomycetes | Hypocreales | f__Stachybotryaceae | g__Albifimbria.1","51.02272727272727","0","44","Hypocreales","0","p__Ascomycota","0.9937800269041062","false","0","k__Fungi | p__Ascomycota | c__Sordariomycetes | Hypocreales | f__Stachybotryaceae | g__Albifimbria.1","6646","0.156993006993007"
"2.419402985074627","8.013567848032704E-4","unassigned","0.41332510795805055","0.3399715504978663","38","3","unassigned","unassigned.98","false","k__Fungi","k__Fungi | unassigned | unassigned | unassigned | unassigned | unassigned.98","48.28947368421053","0","38","unassigned","0","unassigned","0.9939081416949587","false","0","k__Fungi | unassigned | unassigned | unassigned | unassigned | unassigned.98","7994","0.1375768481031639"
"2.0","0.003919808806724804","c__Fungi_cls_Incertae_sedis","0.5","0.3053808525506639","54","3","f__Fungi_fam_Incertae_sedis","g__Fungi_gen_Incertae_sedis.8","false","k__Fungi","k__Fungi | p__Fungi_phy_Incertae_sedis | c__Fungi_cls_Incertae_sedis | Fungi_ord_Incertae_sedis | f__Fungi_fam_Incertae_sedis | g__Fungi_gen_Incertae_sedis.8","67.87037037037037","0","54","Fungi_ord_Incertae_sedis","0","p__Fungi_phy_Incertae_sedis","0.9957081545064378","false","0","k__Fungi | p__Fungi_phy_Incertae_sedis | c__Fungi_cls_Incertae_sedis | Fungi_ord_Incertae_sedis | f__Fungi_fam_Incertae_sedis | g__Fungi_gen_Incertae_sedis.8","59340","0.11017917267917268"
"2.228358208955224","8.313774810181644E-4","c__Dothideomycetes","0.44876088412592097","0.32971014492753625","24","3","f__Pleosporaceae","g__Alternaria.2","false","k__Fungi","k__Fungi | p__Ascomycota | c__Dothideomycetes | Pleosporales | f__Pleosporaceae | g__Alternaria.2","62.333333333333336","0","24","Pleosporales","0","p__Ascomycota","0.9947280763564154","false","0","k__Fungi | p__Ascomycota | c__Dothideomycetes | Pleosporales | f__Pleosporaceae | g__Alternaria.2","10868","0.12643678160919541"
"2.5313432835820895","1.1341984636636732E-4","c__Dothideomycetes","0.39504716981132076","0.4980237154150198","23","3","f__Pseudopyrenochaetaceae","g__Pseudopyrenochaeta","false","k__Fungi","k__Fungi | p__Ascomycota | c__Dothideomycetes | Pleosporales | f__Pseudopyrenochaetaceae | g__Pseudopyrenochaeta","49.73913043478261","0","23","Pleosporales","0","p__Ascomycota","0.9934277112292614","false","0","k__Fungi | p__Ascomycota | c__Dothideomycetes | Pleosporales | f__Pseudopyrenochaetaceae | g__Pseudopyrenochaeta","1540","0.17092484685492304"
"2.3447761194029852","0.0017593892996942723","c__Fungi_cls_Incertae_sedis","0.42647994907702097","0.35080645161290325","32","3","f__Fungi_fam_Incertae_sedis","g__Fungi_gen_Incertae_sedis.7","false","k__Fungi","k__Fungi | p__Fungi_phy_Incertae_sedis | c__Fungi_cls_Incertae_sedis | Fungi_ord_Incertae_sedis | f__Fungi_fam_Incertae_sedis | g__Fungi_gen_Incertae_sedis.7","48.9375","0","32","Fungi_ord_Incertae_sedis","0","p__Fungi_phy_Incertae_sedis","0.9942284286720903","false","0","k__Fungi | p__Fungi_phy_Incertae_sedis | c__Fungi_cls_Incertae_sedis | Fungi_ord_Incertae_sedis | f__Fungi_fam_Incertae_sedis | g__Fungi_gen_Incertae_sedis.7","16528","0.12023955773955775"
"2.5134328358208955","3.0714090675893044E-4","unassigned","0.3978622327790974","0.4645161290322581","31","3","unassigned","unassigned.30","false","k__Fungi","k__Fungi | unassigned | unassigned | unassigned | unassigned | unassigned.30","46.61290322580645","0","31","unassigned","0","unassigned","0.993504580103773","false","0","k__Fungi | unassigned | unassigned | unassigned | unassigned | unassigned.30","3374","0.1580098414434117"
"2.608955223880597","3.0720046051757035E-4","c__Dothideomycetes","0.38329519450800914","0.427536231884058","24","3","unassigned","unassigned.7","false","k__Fungi","k__Fungi | p__Ascomycota | c__Dothideomycetes | Pleosporales | unassigned | unassigned.7","42.541666666666664","0","24","Pleosporales","0","p__Ascomycota","0.9930946127730447","false","0","k__Fungi | p__Ascomycota | c__Dothideomycetes | Pleosporales | unassigned | unassigned.7","2674","0.17874649859943978"
"2.3835820895522386","0.001287652656686706","c__Eurotiomycetes","0.41953663118346907","0.25517241379310346","30","3","f__Trichomeriaceae","g__Bacillicladium.1","false","k__Fungi","k__Fungi | p__Ascomycota | c__Eurotiomycetes | Chaetothyriales | f__Trichomeriaceae | g__Bacillicladium.1","43.43333333333333","0","30","Chaetothyriales","0","p__Ascomycota","0.9940618794439817","false","0","k__Fungi | p__Ascomycota | c__Eurotiomycetes | Chaetothyriales | f__Trichomeriaceae | g__Bacillicladium.1","12566","0.1134029590948651"
"2.5970149253731343","2.48585906353915E-4","c__Sordariomycetes","0.38505747126436785","0.37142857142857144","15","3","f__Nectriaceae","g__Nectriaceae_gen_Incertae_sedis.2","false","k__Fungi","k__Fungi | p__Ascomycota | c__Sordariomycetes | Hypocreales | f__Nectriaceae | g__Nectriaceae_gen_Incertae_sedis.2","46.733333333333334","0","15","Hypocreales","0","p__Ascomycota","0.9931458586893857","false","0","k__Fungi | p__Ascomycota | c__Sordariomycetes | Hypocreales | f__Nectriaceae | g__Nectriaceae_gen_Incertae_sedis.2","2012","0.1837270341207349"
"2.4328358208955225","0.001157899760476983","unassigned","0.41104294478527603","0.3643724696356275","39","3","unassigned","unassigned.77","false","k__Fungi","k__Fungi | unassigned | unassigned | unassigned | unassigned | unassigned.77","47.51282051282051","0","39","unassigned","0","unassigned","0.993850490039075","false","0","k__Fungi | unassigned | unassigned | unassigned | unassigned | unassigned.77","9758","0.13933378449507483"
"2.6283582089552238","1.695056751301683E-4","c__Dothideomycetes","0.380465644520159","0.36666666666666664","16","4","f__Sympoventuriaceae","g__Scolecobasidium.1","false","k__Fungi","k__Fungi | p__Ascomycota | c__Dothideomycetes | Venturiales | f__Sympoventuriaceae | g__Scolecobasidium.1","37.875","0","16","Venturiales","0","p__Ascomycota","0.9930113381589905","false","0","k__Fungi | p__Ascomycota | c__Dothideomycetes | Venturiales | f__Sympoventuriaceae | g__Scolecobasidium.1","2758","0.16185897435897437"
"2.6402985074626866","3.3917434387635385E-4","c__Leotiomycetes","0.3787450537026569","0.26373626373626374","14","3","f__Erysiphaceae","g__Blumeria","false","k__Fungi","k__Fungi | p__Ascomycota | c__Leotiomycetes | Erysiphales | f__Erysiphaceae | g__Blumeria","32.142857142857146","0","14","Erysiphales","0","p__Ascomycota","0.9929600922426494","false","0","k__Fungi | p__Ascomycota | c__Leotiomycetes | Erysiphales | f__Erysiphaceae | g__Blumeria","2342","0.14190897597977245"
"2.5686567164179106","2.682193670270416E-4","c__Eurotiomycetes","0.389308541545613","0.4264264264264264","37","4","f__Chaetothyriales_fam_Incertae_sedis","g__Anthracina","false","k__Fungi","k__Fungi | p__Ascomycota | c__Eurotiomycetes | Chaetothyriales | f__Chaetothyriales_fam_Incertae_sedis | g__Anthracina","47.432432432432435","0","37","Chaetothyriales","0","p__Ascomycota","0.9932675677406957","false","0","k__Fungi | p__Ascomycota | c__Eurotiomycetes | Chaetothyriales | f__Chaetothyriales_fam_Incertae_sedis | g__Anthracina","2528","0.18747997008866574"
"2.583582089552239","3.369119854599433E-4","c__Eurotiomycetes","0.38705950317735416","0.48717948717948717","40","4","f__Verrucariaceae","g__Verrucaria.7","false","k__Fungi","k__Fungi | p__Ascomycota | c__Eurotiomycetes | Verrucariales | f__Verrucariaceae | g__Verrucaria.7","44.925","0","40","Verrucariales","0","p__Ascomycota","0.9932035103452693","false","0","k__Fungi | p__Ascomycota | c__Eurotiomycetes | Verrucariales | f__Verrucariaceae | g__Verrucaria.7","3166","0.1871875"
"2.455223880597015","4.5959330375374514E-4","c__Sordariomycetes","0.4072948328267477","0.3508771929824561","39","3","unassigned","unassigned.4","false","k__Fungi","k__Fungi | p__Ascomycota | c__Sordariomycetes | unassigned | unassigned | unassigned.4","50.05128205128205","0","39","unassigned","0","p__Ascomycota","0.9937544039459356","false","0","k__Fungi | p__Ascomycota | c__Sordariomycetes | unassigned | unassigned | unassigned.4","4858","0.1535315400346075"
"2.419402985074627","5.568202596948498E-4","c__Sordariomycetes","0.41332510795805055","0.4166666666666667","24","3","f__Bionectriaceae","g__Nectriella","false","k__Fungi","k__Fungi | p__Ascomycota | c__Sordariomycetes | Hypocreales | f__Bionectriaceae | g__Nectriella","45.791666666666664","0","24","Hypocreales","0","p__Ascomycota","0.9939081416949587","false","0","k__Fungi | p__Ascomycota | c__Sordariomycetes | Hypocreales | f__Bionectriaceae | g__Nectriella","5598","0.12568681318681318"
"2.564179104477612","3.789214097703608E-4","c__Eurotiomycetes","0.38998835855646097","0.4901185770750988","23","3","f__Onygenaceae","g__Auxarthron","false","k__Fungi","k__Fungi | p__Ascomycota | c__Eurotiomycetes | Onygenales | f__Onygenaceae | g__Auxarthron","43.47826086956522","0","23","Onygenales","0","p__Ascomycota","0.9932867849593235","false","0","k__Fungi | p__Ascomycota | c__Eurotiomycetes | Onygenales | f__Onygenaceae | g__Auxarthron","3244","0.16207008436080467"
"2.5432835820895523","4.225713681911933E-4","c__Leotiomycetes","0.3931924882629108","0.30718954248366015","18","4","f__Leotiomycetes_fam_Incertae_sedis","g__Leotiomycetes_gen_Incertae_sedis","false","k__Fungi","k__Fungi | p__Ascomycota | c__Leotiomycetes | Leotiomycetes_ord_Incertae_sedis | f__Leotiomycetes_fam_Incertae_sedis | g__Leotiomycetes_gen_Incertae_sedis","39.27777777777778","0","18","Leotiomycetes_ord_Incertae_sedis","0","p__Ascomycota","0.9933764653129205","false","0","k__Fungi | p__Ascomycota | c__Leotiomycetes | Leotiomycetes_ord_Incertae_sedis | f__Leotiomycetes_fam_Incertae_sedis | g__Leotiomycetes_gen_Incertae_sedis","4392","0.13314500941619586"
"2.6253731343283584","1.084937827160193E-4","c__Leotiomycetes","0.3808982376350199","0.5021645021645021","22","4","f__Mollisiaceae","g__Mollisia.1","false","k__Fungi","k__Fungi | p__Ascomycota | c__Leotiomycetes | Helotiales | f__Mollisiaceae | g__Mollisia.1","47.68181818181818","0","22","Helotiales","0","p__Ascomycota","0.9930241496380757","false","0","k__Fungi | p__Ascomycota | c__Leotiomycetes | Helotiales | f__Mollisiaceae | g__Mollisia.1","1228","0.20464299648849005"
"2.5597014925373136","3.2173361447688245E-4","c__Sordariomycetes","0.39067055393586003","0.4717948717948718","40","3","unassigned","unassigned.8","false","k__Fungi","k__Fungi | p__Ascomycota | c__Sordariomycetes | unassigned | unassigned | unassigned.8","45.025","0","40","unassigned","0","p__Ascomycota","0.9933060021779515","false","0","k__Fungi | p__Ascomycota | c__Sordariomycetes | unassigned | unassigned | unassigned.8","3144","0.1765686274509804"
"2.5970149253731343","1.5703764990349426E-4","c__Spizellomycetes","0.38505747126436785","0.5632798573975044","34","4","f__Spizellomycetales_fam_Incertae_sedis","g__Spizellomycetales_gen_Incertae_sedis.14","false","k__Fungi","k__Fungi | p__Chytridiomycota | c__Spizellomycetes | Spizellomycetales | f__Spizellomycetales_fam_Incertae_sedis | g__Spizellomycetales_gen_Incertae_sedis.14","47.38235294117647","0","34","Spizellomycetales","0","p__Chytridiomycota","0.9931458586893857","false","0","k__Fungi | p__Chytridiomycota | c__Spizellomycetes | Spizellomycetales | f__Spizellomycetales_fam_Incertae_sedis | g__Spizellomycetales_gen_Incertae_sedis.14","1826","0.19992553983618763"
"2.5776119402985076","3.169627479740845E-4","unassigned","0.38795599305153444","0.45849802371541504","23","4","unassigned","unassigned.116","false","k__Fungi","k__Fungi | unassigned | unassigned | unassigned | unassigned | unassigned.116","43.52173913043478","0","23","unassigned","0","unassigned","0.9932291333034399","false","0","k__Fungi | unassigned | unassigned | unassigned | unassigned | unassigned.116","3164","0.16674995835415626"
"2.502985074626866","3.156232968246292E-4","c__Sordariomycetes","0.3995229576624925","0.4028520499108734","34","3","f__Plectosphaerellaceae","g__Plectosphaerella","false","k__Fungi","k__Fungi | p__Ascomycota | c__Sordariomycetes | Glomerellales | f__Plectosphaerellaceae | g__Plectosphaerella","52.73529411764706","0","34","Glomerellales","0","p__Ascomycota","0.9935494202805714","false","0","k__Fungi | p__Ascomycota | c__Sordariomycetes | Glomerellales | f__Plectosphaerellaceae | g__Plectosphaerella","3802","0.17637222112925438"
"2.5253731343283583","3.0731387216784194E-4","c__Sordariomycetes","0.39598108747044913","0.42857142857142855","29","3","f__Hypocreales_fam_Incertae_sedis","g__Acremonium.1","false","k__Fungi","k__Fungi | p__Ascomycota | c__Sordariomycetes | Hypocreales | f__Hypocreales_fam_Incertae_sedis | g__Acremonium.1","44.55172413793103","0","29","Hypocreales","0","p__Ascomycota","0.9934533341874319","false","0","k__Fungi | p__Ascomycota | c__Sordariomycetes | Hypocreales | f__Hypocreales_fam_Incertae_sedis | g__Acremonium.1","2748","0.15415821501014199"
"2.237313432835821","9.681416108625955E-4","c__Sordariomycetes","0.44696464309539696","0.36243386243386244","28","3","f__Nectriaceae","unassigned.1","false","k__Fungi","k__Fungi | p__Ascomycota | c__Sordariomycetes | Hypocreales | f__Nectriaceae | unassigned.1","54.785714285714285","0","28","Hypocreales","0","p__Ascomycota","0.9946896419191595","false","0","k__Fungi | p__Ascomycota | c__Sordariomycetes | Hypocreales | f__Nectriaceae | unassigned.1","12846","0.11342797988760722"
"2.4716417910447763","5.877402065686799E-4","unassigned","0.4045893719806763","0.39372822299651566","42","3","unassigned","unassigned.81","false","k__Fungi","k__Fungi | unassigned | unassigned | unassigned | unassigned | unassigned.81","47.45238095238095","0","42","unassigned","0","unassigned","0.9936839408109666","false","0","k__Fungi | unassigned | unassigned | unassigned | unassigned | unassigned.81","5638","0.15209096459096458"
"2.2701492537313435","0.0020843986084076917","unassigned","0.440499671268902","0.2709447415329768","34","3","unassigned","unassigned.23","false","k__Fungi","k__Fungi | p__Ascomycota | unassigned | unassigned | unassigned | unassigned.23","44.85294117647059","0","34","unassigned","0","p__Ascomycota","0.9945487156492216","false","0","k__Fungi | p__Ascomycota | unassigned | unassigned | unassigned | unassigned.23","20796","0.09857789269553975"
"2.6641791044776117","1.4070902881573166E-4","c__Sordariomycetes","0.37535014005602246","0.49523809523809526","15","4","f__Chaetomiaceae","g__Chaetomium.1","false","k__Fungi","k__Fungi | p__Ascomycota | c__Sordariomycetes | Sordariales | f__Chaetomiaceae | g__Chaetomium.1","37.86666666666667","0","15","Sordariales","0","p__Ascomycota","0.9928576004099673","false","0","k__Fungi | p__Ascomycota | c__Sordariomycetes | Sordariales | f__Chaetomiaceae | g__Chaetomium.1","976","0.17946287519747237"
"2.4835820895522387","4.8401257416372863E-4","c__Sordariomycetes","0.4026442307692308","0.3815126050420168","35","3","f__Sordariales_fam_Incertae_sedis","g__Staphylotrichum","false","k__Fungi","k__Fungi | p__Ascomycota | c__Sordariomycetes | Sordariales | f__Sordariales_fam_Incertae_sedis | g__Staphylotrichum","46.17142857142857","0","35","Sordariales","0","p__Ascomycota","0.9936326948946256","false","0","k__Fungi | p__Ascomycota | c__Sordariomycetes | Sordariales | f__Sordariales_fam_Incertae_sedis | g__Staphylotrichum","4556","0.14846118511713366"
"2.4597014925373135","3.666953252950659E-4","c__Sordariomycetes","0.4065533980582524","0.3695652173913043","24","3","unassigned","unassigned.9","false","k__Fungi","k__Fungi | p__Ascomycota | c__Sordariomycetes | unassigned | unassigned | unassigned.9","47.75","0","24","unassigned","0","p__Ascomycota","0.9937351867273077","false","0","k__Fungi | p__Ascomycota | c__Sordariomycetes | unassigned | unassigned | unassigned.9","4538","0.14127218934911243"
"2.564179104477612","1.6761681159997116E-4","unassigned","0.38998835855646097","0.4774193548387097","31","3","unassigned","unassigned.41","false","k__Fungi","k__Fungi | p__Ascomycota | unassigned | unassigned | unassigned | unassigned.41","50.58064516129032","0","31","unassigned","0","p__Ascomycota","0.9932867849593235","false","0","k__Fungi | p__Ascomycota | unassigned | unassigned | unassigned | unassigned.41","1776","0.19379557533061426"
"2.3059701492537314","9.530106038926388E-4","c__Tremellomycetes","0.43365695792880254","0.27705627705627706","22","3","f__Bulleribasidiaceae","g__Vishniacozyma.3","false","k__Fungi","k__Fungi | p__Basidiomycota | c__Tremellomycetes | Tremellales | f__Bulleribasidiaceae | g__Vishniacozyma.3","52.68181818181818","0","22","Tremellales","0","p__Basidiomycota","0.9943949779001986","false","0","k__Fungi | p__Basidiomycota | c__Tremellomycetes | Tremellales | f__Bulleribasidiaceae | g__Vishniacozyma.3","10998","0.11925376211090497"
"2.5492537313432835","2.883014387372287E-4","unassigned","0.39227166276346603","0.3971774193548387","32","4","unassigned","unassigned.64","false","k__Fungi","k__Fungi | p__Ascomycota | unassigned | unassigned | unassigned | unassigned.64","47.875","0","32","unassigned","0","p__Ascomycota","0.9933508423547499","false","0","k__Fungi | p__Ascomycota | unassigned | unassigned | unassigned | unassigned.64","2984","0.17666051660516605"
"2.5104477611940297","2.616527011716169E-4","unassigned","0.3983353151010702","0.3631578947368421","20","4","unassigned","unassigned.67","false","k__Fungi","k__Fungi | p__Ascomycota | unassigned | unassigned | unassigned | unassigned.67","51.45","0","20","unassigned","0","p__Ascomycota","0.9935173915828582","false","0","k__Fungi | p__Ascomycota | unassigned | unassigned | unassigned | unassigned.67","3124","0.16596774193548386"
"2.6104477611940298","1.4945056296127593E-4","c__Fungi_cls_Incertae_sedis","0.38307604345340196","0.3438735177865613","23","4","f__Fungi_fam_Incertae_sedis","g__Fungi_gen_Incertae_sedis.52","false","k__Fungi","k__Fungi | p__Fungi_phy_Incertae_sedis | c__Fungi_cls_Incertae_sedis | Fungi_ord_Incertae_sedis | f__Fungi_fam_Incertae_sedis | g__Fungi_gen_Incertae_sedis.52","42.130434782608695","0","23","Fungi_ord_Incertae_sedis","0","p__Fungi_phy_Incertae_sedis","0.9930882070335021","false","0","k__Fungi | p__Fungi_phy_Incertae_sedis | c__Fungi_cls_Incertae_sedis | Fungi_ord_Incertae_sedis | f__Fungi_fam_Incertae_sedis | g__Fungi_gen_Incertae_sedis.52","1160","0.17554347826086958"
"2.3746268656716416","0.0014379211328471551","unassigned","0.4211187932118165","0.2147937411095306","38","3","unassigned","unassigned.110","false","k__Fungi","k__Fungi | unassigned | unassigned | unassigned | unassigned | unassigned.110","42.13157894736842","0","38","unassigned","0","unassigned","0.9941003138812375","false","0","k__Fungi | unassigned | unassigned | unassigned | unassigned | unassigned.110","14166","0.11058157204033707"
"2.4805970149253733","4.278253931499742E-4","unassigned","0.40312876052948254","0.38866396761133604","39","3","unassigned","unassigned.68","false","k__Fungi","k__Fungi | p__Ascomycota | unassigned | unassigned | unassigned | unassigned.68","50.84615384615385","0","39","unassigned","0","p__Ascomycota","0.9936455063737109","false","0","k__Fungi | p__Ascomycota | unassigned | unassigned | unassigned | unassigned.68","4850","0.16455065969629076"
"2.5074626865671643","1.4861079440402626E-4","c__Rhizophlyctidomycetes","0.3988095238095238","0.45021645021645024","22","3","f__Rhizophlyctidaceae","g__Rhizophlyctis.5","false","k__Fungi","k__Fungi | p__Chytridiomycota | c__Rhizophlyctidomycetes | Rhizophlyctidales | f__Rhizophlyctidaceae | g__Rhizophlyctis.5","52.95454545454545","0","22","Rhizophlyctidales","0","p__Chytridiomycota","0.9935302030619435","false","0","k__Fungi | p__Chytridiomycota | c__Rhizophlyctidomycetes | Rhizophlyctidales | f__Rhizophlyctidaceae | g__Rhizophlyctis.5","1834","0.17193034238488783"
"2.574626865671642","3.3288519987088714E-4","c__Fungi_cls_Incertae_sedis","0.3884057971014493","0.45454545454545453","34","3","f__Fungi_fam_Incertae_sedis","g__Fungi_gen_Incertae_sedis.65","false","k__Fungi","k__Fungi | p__Fungi_phy_Incertae_sedis | c__Fungi_cls_Incertae_sedis | Fungi_ord_Incertae_sedis | f__Fungi_fam_Incertae_sedis | g__Fungi_gen_Incertae_sedis.65","43.088235294117645","0","34","Fungi_ord_Incertae_sedis","0","p__Fungi_phy_Incertae_sedis","0.9932419447825251","false","0","k__Fungi | p__Fungi_phy_Incertae_sedis | c__Fungi_cls_Incertae_sedis | Fungi_ord_Incertae_sedis | f__Fungi_fam_Incertae_sedis | g__Fungi_gen_Incertae_sedis.65","3490","0.17166627607218185"
"2.3925373134328356","0.0011274328514847935","unassigned","0.41796631316281974","0.39215686274509803","51","3","unassigned","unassigned.86","false","k__Fungi","k__Fungi | p__Ascomycota | unassigned | unassigned | unassigned | unassigned.86","46.19607843137255","0","51","unassigned","0","p__Ascomycota","0.9940234450067261","false","0","k__Fungi | p__Ascomycota | unassigned | unassigned | unassigned | unassigned.86","13022","0.12976426525666446"
"2.41044776119403","7.676648876173197E-4","c__Tremellomycetes","0.41486068111455104","0.39327731092436974","35","3","f__Bulleribasidiaceae","g__Vishniacozyma.4","false","k__Fungi","k__Fungi | p__Basidiomycota | c__Tremellomycetes | Tremellales | f__Bulleribasidiaceae | g__Vishniacozyma.4","46.31428571428572","0","35","Tremellales","0","p__Basidiomycota","0.9939465761322145","false","0","k__Fungi | p__Basidiomycota | c__Tremellomycetes | Tremellales | f__Bulleribasidiaceae | g__Vishniacozyma.4","8230","0.12892956625547156"
"2.7119402985074625","1.073681213922602E-4","c__Tremellomycetes","0.3687396807925152","0.2857142857142857","7","4","f__Bulleribasidiaceae","g__Vishniacozyma.1","false","k__Fungi","k__Fungi | p__Basidiomycota | c__Tremellomycetes | Tremellales | f__Bulleribasidiaceae | g__Vishniacozyma.1","42.42857142857143","0","7","Tremellales","0","p__Basidiomycota","0.9926526167446031","false","0","k__Fungi | p__Basidiomycota | c__Tremellomycetes | Tremellales | f__Bulleribasidiaceae | g__Vishniacozyma.1","772","0.22255639097744362"
"2.553731343283582","5.258177759792938E-4","c__Fungi_cls_Incertae_sedis","0.39158386908240794","0.3238095238095238","21","3","f__Fungi_fam_Incertae_sedis","g__Fungi_gen_Incertae_sedis.109","false","k__Fungi","k__Fungi | p__Fungi_phy_Incertae_sedis | c__Fungi_cls_Incertae_sedis | Fungi_ord_Incertae_sedis | f__Fungi_fam_Incertae_sedis | g__Fungi_gen_Incertae_sedis.109","41.38095238095238","0","21","Fungi_ord_Incertae_sedis","0","p__Fungi_phy_Incertae_sedis","0.993331625136122","false","0","k__Fungi | p__Fungi_phy_Incertae_sedis | c__Fungi_cls_Incertae_sedis | Fungi_ord_Incertae_sedis | f__Fungi_fam_Incertae_sedis | g__Fungi_gen_Incertae_sedis.109","3892","0.14921780986762936"
"2.5522388059701493","1.3296906586215864E-4","c__Fungi_cls_Incertae_sedis","0.391812865497076","0.2727272727272727","11","4","f__Fungi_fam_Incertae_sedis","g__Fungi_gen_Incertae_sedis.116","false","k__Fungi","k__Fungi | p__Fungi_phy_Incertae_sedis | c__Fungi_cls_Incertae_sedis | Fungi_ord_Incertae_sedis | f__Fungi_fam_Incertae_sedis | g__Fungi_gen_Incertae_sedis.116","51.72727272727273","0","11","Fungi_ord_Incertae_sedis","0","p__Fungi_phy_Incertae_sedis","0.9933380308756646","false","0","k__Fungi | p__Fungi_phy_Incertae_sedis | c__Fungi_cls_Incertae_sedis | Fungi_ord_Incertae_sedis | f__Fungi_fam_Incertae_sedis | g__Fungi_gen_Incertae_sedis.116","1650","0.17867253853413023"
"2.573134328358209","4.0213994931278065E-4","c__Fungi_cls_Incertae_sedis","0.388631090487239","0.44126984126984126","36","3","f__Fungi_fam_Incertae_sedis","g__Fungi_gen_Incertae_sedis.125","false","k__Fungi","k__Fungi | p__Fungi_phy_Incertae_sedis | c__Fungi_cls_Incertae_sedis | Fungi_ord_Incertae_sedis | f__Fungi_fam_Incertae_sedis | g__Fungi_gen_Incertae_sedis.125","43.25","0","36","Fungi_ord_Incertae_sedis","0","p__Fungi_phy_Incertae_sedis","0.9932483505220677","false","0","k__Fungi | p__Fungi_phy_Incertae_sedis | c__Fungi_cls_Incertae_sedis | Fungi_ord_Incertae_sedis | f__Fungi_fam_Incertae_sedis | g__Fungi_gen_Incertae_sedis.125","3668","0.173"
"2.4417910447761195","7.825817282327961E-4","c__Fungi_cls_Incertae_sedis","0.40953545232273836","0.4150197628458498","23","3","f__Fungi_fam_Incertae_sedis","g__Fungi_gen_Incertae_sedis.86","false","k__Fungi","k__Fungi | p__Fungi_phy_Incertae_sedis | c__Fungi_cls_Incertae_sedis | Fungi_ord_Incertae_sedis | f__Fungi_fam_Incertae_sedis | g__Fungi_gen_Incertae_sedis.86","46.95652173913044","0","23","Fungi_ord_Incertae_sedis","0","p__Fungi_phy_Incertae_sedis","0.9938120556018192","false","0","k__Fungi | p__Fungi_phy_Incertae_sedis | c__Fungi_cls_Incertae_sedis | Fungi_ord_Incertae_sedis | f__Fungi_fam_Incertae_sedis | g__Fungi_gen_Incertae_sedis.86","7896","0.13377926421404682"
"2.473134328358209","7.114421405939496E-4","unassigned","0.40434520217260106","0.3333333333333333","21","3","unassigned","unassigned.177","false","k__Fungi","k__Fungi | unassigned | unassigned | unassigned | unassigned | unassigned.177","47.23809523809524","0","21","unassigned","0","unassigned","0.993677535071424","false","0","k__Fungi | unassigned | unassigned | unassigned | unassigned | unassigned.177","7196","0.14228341939185313"
"2.562686567164179","3.3361500556898635E-4","unassigned","0.39021549213744905","0.21794871794871795","13","3","unassigned","unassigned.146","false","k__Fungi","k__Fungi | unassigned | unassigned | unassigned | unassigned | unassigned.146","41.15384615384615","0","13","unassigned","0","unassigned","0.9932931906988662","false","0","k__Fungi | unassigned | unassigned | unassigned | unassigned | unassigned.146","3218","0.14697802197802198"
"2.470149253731343","7.014636529939389E-4","unassigned","0.40483383685800606","0.35172413793103446","30","3","unassigned","unassigned.158","false","k__Fungi","k__Fungi | unassigned | unassigned | unassigned | unassigned | unassigned.158","45.7","0","30","unassigned","0","unassigned","0.9936903465505093","false","0","k__Fungi | unassigned | unassigned | unassigned | unassigned | unassigned.158","5924","0.14094650205761317"
"2.6641791044776117","4.253936717823198E-5","unassigned","0.37535014005602246","0.6140350877192983","19","4","unassigned","unassigned.182","false","k__Fungi","k__Fungi | unassigned | unassigned | unassigned | unassigned | unassigned.182","47.78947368421053","0","19","unassigned","0","unassigned","0.9928576004099673","false","0","k__Fungi | unassigned | unassigned | unassigned | unassigned | unassigned.182","500","0.22649039660763282"
"2.5776119402985076","2.6172197984737687E-4","unassigned","0.38795599305153444","0.45454545454545453","34","4","unassigned","unassigned.210","false","k__Fungi","k__Fungi | unassigned | unassigned | unassigned | unassigned | unassigned.210","44.794117647058826","0","34","unassigned","0","unassigned","0.9932291333034399","false","0","k__Fungi | unassigned | unassigned | unassigned | unassigned | unassigned.210","2434","0.1791764705882353"
