Group.1	Acarosporales	Acrospermales	Agaricales	Agaricostilbales	Amblyosporida	Amphisphaeriales	Amylocorticiales	Annulatascales	Archaeorhizomycetales	Archaeosporales	Arthoniales	Ascosphaerales	Asterinales	Atheliales	Atractiellales	Atractosporales	Auriculariales	Baeomycetales	Basidiobolales	Boletales	Boliniales	Botryosphaeriales	Branch06	Calcarisporiellales	Caliciales	Calosphaeriales	Candelariales	Cantharellales	Capnodiales	Chaetosphaeriales	Chaetothyriales	Chytridiales	Cladoriellales	Coniochaetales	Coniosporiales	Cordanales	Corticiales	Coryneliales	Cystobasidiales	Cystofilobasidiales	Dacrymycetales	Diaporthales	Diversisporales	Dothideales	Endogonales	Entorrhizales	Entylomatales	Erysiphales	Erythrobasidiales	Eurotiales	Exobasidiales	Filobasidiales	GS33	GS36	Geastrales	Geminibasidiales	Geoglossales	Gloeophyllales	Glomerales	Glomerellales	Gloniales	Gomphales	Gromochytriales	Helotiales	Hyaloraphidiales	Hymenochaetales	Hypocreales	Hysteriales	Jahnulales	Lecanorales	Leucosporidiales	Lichenostigmatales	Lichinales	Lobulomycetales	Lulworthiales	Magnaporthales	Malasseziales	Microascales	Microbotryales	Microthyriales	Minutisphaerales	Monoblepharidales	Mortierellales	Mucorales	Muyocopronales	Mycosphaerellales	Myriangiales	Myrmecridiales	Mytilinidiales	Neodactylariales	Neophaeothecales	Onygenales	Orbiliales	Ostropales	Paraglomerales	Patellariales	Peltigerales	Pertusariales	Pezizales	Phacidiales	Phaeomoniellales	Phallales	Phomatosporales	Pisorisporiales	Platygloeales	Pleosporales	Polyporales	Pucciniales	Pyxidiophorales	Rhizophlyctidales	Rhizophydiales	Rhytismatales	Russulales	Saccharomycetales	Sakaguchiales	Sareales	Savoryellales	Sclerococcales	Sebacinales	Septobasidiales	Sistotremastrales	Sordariales	Spiculogloeales	Spizellomycetales	Sporidesmiales	Sporidiobolales	Taphrinales	Teloschistales	Thelebolales	Thelephorales	Trechisporales	Tremellales	Tremellodendropsidales	Trichosphaeriales	Trichosporonales	Tubeufiales	Umbelopsidales	Urocystidales	Ustilaginales	Valsariales	Venturiales	Verrucariales	Wallemiales	Xylariales	0	Cystobasidiomycetes_ord_Incertae_sedis	Dothideomycetes_ord_Incertae_sedis	Entomophthorales	Gigasporales	Heterogastridiales	Holtermanniales	Kickxellales	Kriegeriales	Lecanoromycetes_ord_Incertae_sedis	Microbotryomycetes_ord_Incertae_sedis	Mucoromycotina_ord_Incertae_sedis	Mytilinidales	Olpidiales	Pezizomycotina_ord_Incertae_sedis	Rozellomycotina_ord_Incertae_sedis	Trapeliales	Unassigned	Zoopagales	Agaricomycetes	Ascomycota	Dothideomycetes	Dothideomycetidae	Eurotiomycetes	Hypocreomycetidae	Leotiales	Leotiomycetes	Mycocaliciales	Ophiostomatales	Pezizomycotina	Phyllachorales	Sordariomycetes	Sordariomycetidae	OnygeUnassignedles	PezizomycotiUnassigned_ord_Incertae_sedis	Sanchytriales	Togniniales	unidentified
Algae_AMBR-A	0	0	0.009929144	0	0	0	0	0	0	0	0	0	0	0	0	0	0.0005127727	0	0	0	0	0	0	0	0	0	0	0.0008856983	0.0002330785	0.0001398471	0.04983218	0	0	0.0001398471	0	0	0	0	0.0002796942	0	0	0	0	0	0	0	0	0	0.1335074	0.003869103	0	4.66157e-05	0	0	0	0	0	0	0.001398471	0.00130524	0	0	0	0.06987693	0	0.009835913	0.0269904904	0	0	0	0	0	0	0	0	4.66157e-05	0	0.0001398471	0	0	0	0	0.002563864	0	0	0	0	0.00335633	0	0	0	4.66157e-05	0	0	0	0	0	0	4.66157e-05	0	0	0	0	0	0	0.1032072	0	0	0	4.66157e-05	0	0	4.66157e-05	0.0002330785	0	0	0	0	0	0	0	0.01165393	0	0	0	0	0	0	0	0	0	9.32314e-05	0	0	0.0003729256	0	0	0	4.66157e-05	0	0	0	0	0.01160731	0	0	0	0	0	0	4.66157e-05	0.0004195413	0	0	0	0	0	9.32314e-05	0	0	0	0.5571508	0	0	0	0	0	0	0	0	0	0	0	0	0	0	0	0	0	0	0	0
Algae_ANGE-A	0	0	0.02120116	3.617945e-05	0	0	0	0	0	0	0	0	0	0	0	0	0.000723589	0	0	0	0	0	0	0	0	0	0	0.0005426918	0.004739508	0.000723589	0.0447178	0	0	0.0007597685	0	0	0	0	0	0.0001085384	0	0	0	3.617945e-05	0	0	0	0	0	0.001266281	0	0.0001808973	0	0	0	0	0	0	0.001664255	0.004269175	0	0	0	0.03162084	0	0	0.1950795948	0	0	0	0	0	0	0	0	0.0006512301	0	0.000397974	0	0	0	0	0.002966715	3.617945e-05	0	0	0	0.03657742	0	0	0	0	3.617945e-05	0	0	0	0	0	0.0009044863	0	0	0	0	0	0	0.1290159	0	0	0	0.0008321274	3.617945e-05	0	0.0001808973	0.0004703329	0	0	0	0	0	0	0	0.01432706	0	0	0	0	0	0	0.0003256151	0	0	0.001700434	0	0	0.000397974	0	0	0	0	0	0.0001085384	0	0	0.0392547	0	0	0	0	0	0	7.23589e-05	0.0004341534	0	0	0	0	0	0.0002532562	0	0	0	0.4633502	0	0	0	0	0	0	0	0	0	0	0	0	0	0	0	0	0	0	0	0
Algae_ANGE-B	0	0	0.01983865	0	0	0	0	0	0	0	0	0	0	0	0	0	6.612882e-05	0	0	0	0	0	0	0	0	0	0	0	0.000562095	3.306441e-05	0.05280386	0	0	0.0003306441	0	0	0	0	0	3.306441e-05	0	0	0	0	0	0	0	0	9.919323e-05	0.0005951594	0	0.0002975797	0	0	0	0	0	0	0.001752414	0.003604021	0	0	0	0.03689988	0	0	0.1589075519	0	0	0	0	0	0	0	0	6.612882e-05	0	9.919323e-05	0	0	0	0	0.005687078	0	0	0	0	0.05065468	0	0	0	0	0	0	0	0	0	0	0.00112419	0	0	0	0	0	0	0.1847309	0	0	0	0.0002645153	6.612882e-05	0	9.919323e-05	0.0002645153	0	0	0	0	0	0	0	0.01183706	0	0	0	3.306441e-05	0	0	0.0004959661	0	0	0.0004298373	0	0	0.0003306441	0	0	0	0	0	9.919323e-05	0	0	0.02949345	0	0	0	0	0	0	6.612882e-05	0.0008266102	0	0	0.0001983865	0	0	0.0002645153	3.306441e-05	0	0	0.4370123	0	0	0	0	0	0	0	0	0	0	0	0	0	0	0	0	0	0	0	0
Algae_AUZE-A	0	0	0.0002304915	0	0	0	0	0	0	0	0	0	0	0	0	0	0	0	0	0	0	0	0	0	0	0	0	2.561016e-05	0.0001280508	0.0001024406	0.01446974	0	0	0	0	0	0	0	0	7.683049e-05	0	0	0	0	0	0	5.122032e-05	0	0.001382949	0.02717238	0	0.0001792711	0	0	0	0	0	0	0.005659846	0.000947576	0	0	0	0.0443568	0	0	0.0161856225	0	0	0	0	0	0	0	0	0	0	5.122032e-05	0	0	0	0	0.004456168	0.0001280508	0	0	0	5.122032e-05	0	0	0	0	0	0	0	0	0	0	2.561016e-05	0	0	0	0	0	0	0.1095091	0	0	0	0.0002561016	5.122032e-05	0	0	0.001843932	0	0	0	0	0	0	0	0.001511	0	0	0	0	0	0	0.0001792711	0	0	0.0002817118	0	0	0.000153661	0	0	0	0	0	0	0	0	0.005198863	0	0	0	0	0	0	0	0.0001024406	0	0	0	0	0	0.002279304	0	0	0	0.7629523	0	0	0	0	0	0	0	0	0	0	0	0	0	0	0	0	0	0	0	0
Algae_AXLE-A	0	0	0.05700652	0	0	0	0	0	0	0	0	0	0	0	0	0	0	0	0	0	0	0	0	0	0	0	0	0	0.002367683	0.0004006848	0.009215751	0	0	3.642589e-05	0	0	0	0	0	3.642589e-05	0	0	7.285178e-05	0	0	0	0	0	3.642589e-05	0.02746512	0	0.0001821295	0	0	0	0	0	0	0.001274906	0.001056351	0	0	0	0.2122901	0	0	0.1039594944	0	0	0	0	0	0	0	0	0	0	0.00185772	0	0	0	0	0.008632936	0.0001457036	0	0	0	0.007103049	0	0	0	3.642589e-05	0	0	0	0	0	0	0.0001092777	0	0	0	0	0	0	0.1215168	0	0	0	0	0	0	7.285178e-05	0.001457036	0	0	0	0	0	0	0	0.01234838	0	0	0	0	0	0	0.0005463884	0	0	0.0008013696	0	0	0.0081594	0	0	0	7.285178e-05	0	3.642589e-05	0	0	0.01183841	0	3.642589e-05	0	0	0	0	0	0.0006192402	0	0	0	0	0	0.005646013	0	0	0	0.4035625	0	0	0	0	0	0	0	0	0	0	0	0	0	0	0	0	0	0	0	0
Algae_BACC-A	0	0	0.1209138	0	0	0	0	0	0	0	0	0	0	0	0	0	0	0	0	0	0	0	0	0	0	0	0	0	0.007464607	0	0.003861004	0	0	0	0	0	0	0	0	0	0	0	0.0004504505	0	0	0	0	0	0	0.0002252252	0	3.217503e-05	0	0	0	0	0	0	0.02438867	0.0006435006	0	0	0	0.2210103	0	0	0.1261261261	0	0	0	0	0	0	0	0	0	0	0	0	0	0	0	0.003378378	0	0	0	0	0	0	0	0	0	0	0	0.01914414	0	0	0	0	0	0	0	0	0	0	0.01357786	0	0	0	0.0001608752	0	0	0	0	0	0	0	0	6.435006e-05	0	0	3.217503e-05	0	0	0	0	0	0	0.0001608752	0	0	0	0	0	0	0	0	0	0	0	0	0	0	0.3014157	0	0	0	0	0	0	0	0	0	0	0.001383526	0	0	0	0	0	0	0.1555663	0	0	0	0	0	0	0	0	0	0	0	0	0	0	0	0	0	0	0	0
Algae_BAGNB-B	0	0	0.02385821	0	0	0	0	0	0	0	0	0	0	0	0	0	0	0	0	0	0	0	0	0	0	0	0	0	0.0005453306	0.002363099	0.1253352	0	0	9.088843e-05	0	0	0	0	0	0.0001363327	0	0	0.0002272211	0	0	0	0	0	0.0001817769	0.0004998864	0	0.0006816633	0	0	0	0	0	0	0.003908203	0.0007271075	0	0	0	0.02758464	0	0	0.0124517155	0	0	0	0	0	0	0	0	0	0	0	0	0	0	0	0.009179732	0.0006816633	0	0	0	0.001226994	0	0	0	4.544422e-05	0	0	0	0	0	0	0.0009543286	0	0	0	0	0	0	0.07084753	0	0	0	0	4.544422e-05	0	0	0.002226767	0	0	0	0	0	0	0	0.003635537	0	0	0	0	0	0	0.0003181095	0	0	0.0009088843	0	0	0.00259032	0	0	0	0	0	0.0001363327	0	0	0.03399227	0	0	0	0	0	0	0	0.0009088843	0	0	0.0004998864	0	0	0	0	0	0	0.6732106	0	0	0	0	0	0	0	0	0	0	0	0	0	0	0	0	0	0	0	0
Algae_BANI-A	0	0	0.005486377	0	0	0	0	0	0	0	0	0	0	0	0	0	0	0	0	0	0	0	0	0	0	0	0	0	0.0001232894	0.006657625	0.1635433	0	0	0	0	0	0	0	0	0	0	0	0	0	0	0	0	0	0.002342498	0.0004931574	0	0.0002465787	0	0	0	0	0	0	0.009863149	0.0001232894	0	0	0	0.02416471	0	0	0.043151276	0	0	0	0	0	0	0	0	6.164468e-05	0	6.164468e-05	0	0	0	0	0.001356183	0.0003698681	0	0	0	0.0009246702	0	0	0	0	0	0	0	0	0	0	6.164468e-05	0	0	0	0	0	0	0.04358279	0	0	0	0	0	0	0	0.0005548021	0	0	0	0	0	0	0	0.002280853	0	6.164468e-05	0	0	0	0	6.164468e-05	0	0	0.0002465787	0	0	0.001109604	0	0	0	0	0	6.164468e-05	0	0	0.02163728	0	0	0	0	0	0	6.164468e-05	0.0002465787	0	0	0.000184934	0	0	0	0	0	0	0.6708791	0	0	0	0	0	0	0	0	0	0	0	0	0	0	0	0	0	0	0	0
Algae_BANI-B	0	0	0.07537828	0	0	0	0	0	0	0	0	0	0	0	0	0	0	0	0	0	0	0	0	0	0	0	0	0.0001112595	0.0003894081	0.001279484	0.1446929	0	0	0	0	0	0	0	0	0	0	0	0	0	0	0	0	0	0	0.002336449	0	0.0003894081	0	0	0	0	0	0	0.01379617	0.0002225189	0	0	0	0.03209835	0	0	0.0437249666	0	0	0	0	0	0	0	0	0	0	0.0006675567	0	0	0	0	0.003226524	0.001223854	0	0	0	0.002447708	0	0	0	0	0	0	0	0	0	0	5.562973e-05	0	0	0	0	0	0	0.08477971	0	0	0	0	0	0	0	0.001279484	0	0	0	0	0	0	0	0.003949711	5.562973e-05	0	0	5.562973e-05	0	0	0.000611927	0	0	0.000611927	0	0	0.004561638	0	0	0	0	0	0	0	0	0.1231086	0	0	0	0	0	5.562973e-05	5.562973e-05	0.0002781486	0	0	0.0001668892	0	0	0	0	0	0	0.458389	0	0	0	0	0	0	0	0	0	0	0	0	0	0	0	0	0	0	0	0
Algae_BANI-C	0	0	0.004754986	0	0	0	0	0	0	0	0	0	0	0	0	0	0	0	0	0	0	0	0	0	0	0	0	0.0003081935	0.0006604147	0.0002641659	0.05226082	0	0	4.402765e-05	0	0	0	0	0	0	0	0	0	0	0	0	0	0	0	0.0007044424	0	0.001408885	0	0	0	0	0	0	0.03147977	0.0007044424	0	0	0	0.09320653	0	0	0.021089244	0	0	0	0	0	0	0	0	0	0	0.0001320829	0	0	0	0	0.01554176	0.0005723594	0	0	0	0.0003522212	0	0	0	4.402765e-05	0	0	0	0	0	0	0.00356624	0	0	0	0	0	0	0.06111038	0	0	0	4.402765e-05	0.0005723594	0	0	0.00449082	0	0	0	0	0	0	0	0.001805134	0	0	0	0	0	0	0.0003522212	0	0	0.00149694	0	0	0.001012636	0	0	0	0	0	4.402765e-05	0	0	0.0199005	0	0	0	0	0	0	0.0001320829	0.0004402765	0	0	0.0002641659	0	0	0	0	0	0	0.6812398	0	0	0	0	0	0	0	0	0	0	0	0	0	0	0	0	0	0	0	0
Algae_BARA-B	0	0	0.01630453	0	0	0	0	0	0	0	0	0	0	0	0	0	0	0	0	0	0	0	0	0	0	0	0	3.389716e-05	0.03159215	0.0001694858	0.01735534	0	0	3.389716e-05	0	0	0	0	3.389716e-05	0.0001694858	0	0	0	0	0	0	3.389716e-05	0	0	0.00250839	0	0.0003050744	0	0	0	0	0	0	0.002677875	0.0008474289	0	0	0	0.1567743	0	3.389716e-05	0.0962001288	0	0	0	0	0	0	0	0	0	0	0.0007118403	0	0	0	0	0.003118538	0.0001016915	0	0	0	0.002677875	0	0	0	0	0	0	0	0	0	0	0.0001694858	0	0	0	0	0	0	0.2322633	0	0	0	0.0001694858	0	0	0	0.001355886	0	0	0	0	0	0	0	0.005932002	0	0	0	0.0004067659	0	0	0.0001355886	0	0	0.02081285	0	0	0.0001694858	0	0	0	3.389716e-05	0	0	0	0	0.05345582	0	0.0002372801	0	0	0	0	6.779431e-05	0.0005762517	0	0	0	0	0	0.0002033829	0	0	0	0.352327	0	0	0	0	0	0	0	0	0	0	0	0	0	0	0	0	0	0	0	0
Algae_BARA-C	0	0	0	0	0	0	0	0	0	0	0	0	0	0	0	0	0	0	0	0	0	0	0	0	0	0	0	0	0	0	0.04068634	0	0	0	0	0	0	0	0	0	0	0	0.0001299883	0	0	0	0	0	0	0	0	0	0	0	0	0	0	0	0.002989731	0	0	0	0	0.2905239	0	0	0.2187703107	0	0	0	0	0	0	0	0	0	0	0.0001299883	0	0	0	0	0	0	0	0	0	0	0	0	0	0	0	0	0.0002599766	0	0	0	0	0	0	0	0	0	0	0.007019368	0	0	0	0.0003899649	0	0	0	0	0	0	0	0	0	0	0	0	0	0	0	0	0	0	0	0	0	0	0	0	0	0	0	0	0	0	0	0	0	0.03925647	0	0	0	0	0.0009099181	0	0	0	0	0	0.002079813	0	0	0.2309892	0	0	0	0.1658651	0	0	0	0	0	0	0	0	0	0	0	0	0	0	0	0	0	0	0	0
Algae_BARC-A	0	0	0.000364343	0	0	0	0	0	0	0	0	0	0	0	0	0	0	0	0	0	0	0	0	0	0	0	0	0.0004857906	0.000364343	0.000364343	0.1468302	0	0	6.072383e-05	0	0	0	0	0	0.0001821715	0	0	0	0	0	0	0	0	0.0006072383	0.0008501336	0	0.002246782	0	0	0	0	0	0	0.0004857906	0.001032305	0	0	0	0.04317464	0	6.072383e-05	0.02046393	0	0	0	0	0	0	0	0	0	0	6.072383e-05	0	0	0	0	0.02720427	0.0004250668	0	0	0	0.0008501336	0	0	0	6.072383e-05	0	0	0	0	0	0	0.0008501336	0	0	0	0	0	0	0.03406607	0	0	0	0	0.0001821715	0	0	0.003461258	0	0	0	0	0	0	0	0.00285402	0	0	0	6.072383e-05	0	0	0.0006679621	0	0	0.003036191	0	0	0.004068496	0	0	0	0	0	6.072383e-05	0	0	0.0338839	0	0	0	0.0001214477	0	0	6.072383e-05	0.0003036191	0	0	0.001093029	0	0	0	0	0	0	0.6689337	0.0001214477	0	0	0	0	0	0	0	0	0	0	0	0	0	0	0	0	0	0	0
Algae_BARR-A	0	0	0.0004114149	0	0	0	0	0	0	0	0	0	0	0	0	0	7.480271e-05	0	0	0	0	0	0	0	0	0	0	0.0001496054	0.001570857	0.0003366122	0.02943487	0	0	0.0001122041	0	0	0	0	0	7.480271e-05	0	0	0.0001122041	0	0	0	3.740135e-05	0	0.0001496054	0.005011781	0	0.000635823	0	0	0	0	0	0	0.004600367	0.001122041	0	0	0	0.03968284	0	0	0.0207203501	0	0	0	0	0	0	0	0	0	0	0.0001496054	0	0	0	0	0.01185623	0.0001870068	0	0	0	0.001421251	0	0	0	0	3.740135e-05	0	0	0	0	0	0.0004488162	0	0	0	0	0	0	0.05677526	0	0	0	0.0001870068	0	0	0	3.740135e-05	0	0	0	0	0.0002244081	0	0	0.00220668	0.0001496054	3.740135e-05	0	0	0	0	0.001271646	0	0	0.0003740135	0	0	0.001009837	0	0	0	3.740135e-05	0	0	0	0	0.01264166	0	7.480271e-05	0	0	0	0	0	0.0004114149	0	0	3.740135e-05	0	0	0.0001122041	0	0	0	0.806074	0	0	0	0	0	0	0	0	0	0	0	0	0	0	0	0	0	0	0	0
Algae_BELC-A	0	0	0	0	0	0	0	0	0	0.008514375	0	0	0	0	0	0	0	0	0	0	0	0	0	0	0	0	0	0	0	0	0.008972548	0	0	0	0	0	0	0	0	0	0	0	0.06941316	0	0	0	0	0	0	0	0	0	0	0	0	0	0	0	0.3498148	0	0	0	0	0.09900347	0	0	0.0583024703	0	0	0	0	0	0	0	0	0	0	3.818105e-05	0	0	0	0	0.001641785	0	0	0	0	0	0	0	0	3.818105e-05	0	0	0.01889962	0	0	0	0	0	0	0	0	0	0	0.004276278	0	0	0	0	7.636211e-05	0	0	3.818105e-05	0	0	0	0	0	0	0	0	0	0	0	0	0	0	0	0	0	0	0	0	0	0	0	0	0	0	0	0	0	0.01546333	0	0	0	0	0.002405406	0	0	0	0	0	0.0008399832	0	0	3.818105e-05	0	0	0	0.3622237	0	0	0	0	0	0	0	0	0	0	0	0	0	0	0	0	0	0	0	0
Algae_BELC-C	0	0	0	0	0	0	0	0	0	0.2044968	0	0	0	0	0	0	0	0	0	0	0	0	0	0	0	0	0	0	0.0009100642	0	0.0006423983	0	0	0	0	0	0	0	0	0	0	0	0.1586724	0	0	0	0	0	0	0	0	0	0	0	0	0	0	0	0.3155246	0	0	0	0	0.03372591	0	0	0.0744111349	0	0	0	0	0	0	0	0	0	0	0	0	0	0	0	0	0	0	0	0	0	0	0	0	0	0	0	0.0243576	0	0	0	0	0	0	0	0	0	0	0.0004282655	0	0	0	0	0	0	0	0	0	0	0	0	0	0	0	0	0	0	0	0	0	0	0	0	0	0	0	0	0	0	0	0	0	0	0	0	0	0.003907923	0	0	0	0	0.004282655	0	0	0	0	0	0	0	0	0	0	0	0	0.1786403	0	0	0	0	0	0	0	0	0	0	0	0	0	0	0	0	0	0	0	0
Algae_BERNA-A	0	0	0.002693095	0	0	0	0	0	0	0	0	0	0	0	0	0	0	0	0	0	0	0	0	0	0	0	0	0	0.0008079285	0.0002693095	0.1079392	0	0	0	0	0	0	0	0	0.0001077238	0	0	0.0002154476	0	0	0	0	0	5.38619e-05	0.004093504	0	0.001939028	0	0	0	0	0	0	0.01777443	0.005493914	0	0	0	0.0267155	0	5.38619e-05	0.0375956049	0	0	0	0	0	0	0	0	0	0	0.0001077238	0	0	0	0	0.01750512	0.003070128	0	0	0	0.00851018	0	0	0	0.0001077238	0	0	0	0	0	0	0.0009156523	0	0	0	0	0	0	0.06431111	0	0	0	0	0.0001077238	0	0	0.001885166	0	0	0	0	0	0	0	0.002693095	0	0	0	0	0	0	0.0006463428	0	0	0.002477647	0	0	0.009210385	0	0	0	0	0	0.0002154476	0	0	0.02391468	0	0	0	0	0	0	0	0.0003770333	0	0	0.0009156523	0	0	0	0	0	0	0.6572229	5.38619e-05	0	0	0	0	0	0	0	0	0	0	0	0	0	0	0	0	0	0	0
Algae_BESS-A	0	0	0.001267299	0	0	0	0	0	0	0	0	0	0	0	0	0	0	0	0	0	0	0	0	0	0	0	0	0.002179754	0.002635981	0	0.1214072	0	0	0	0	0	0	0	0	5.069195e-05	0	0	0	5.069195e-05	0	0	0	0	0.0003548436	0.0002027678	0	0.0005576114	0	0	0	0	0	0	0.01459928	0.0008617631	0	0	0	0.005373346	0	0.0003041517	0.1124347341	0	0	0	0	0	0	0	0	0	0	0.0001520758	0	0	0	0	0.002129062	0	0	0	0	0.01723526	0	0	0	0	0	0	0	0	0	0	0.0001520758	0	0	0	0	0	0	0.06442946	0	0	0	5.069195e-05	0	0	0	0.0005576114	0	0	0	0	0	0	0	0.001622142	0	0	0	5.069195e-05	0	0	0.0002027678	0	0	0.0004055356	0	0	5.069195e-05	0	0	0	0	0	0	0	0	0.02823541	0	0	0	0	0	0	0	5.069195e-05	0	0	0	0	0	0	0	0	0	0.6223957	0	0	0	0	0	0	0	0	0	0	0	0	0	0	0	0	0	0	0	0
Algae_BOULO-A	0	0	0.09585337	0.0001502404	0	0	0	0	0	0	0	0	0	0	0	0	0	0	0	0	0	0	0	0	0	0	0	0.0001717033	0.000965831	0.00184581	0.06031078	0	0	0.0004721841	0	0	0	0	6.438874e-05	6.438874e-05	0	0	0.001223386	0	0	0	0	0	0	0.005945227	0	0.001609718	0	0	0	0	0	0	0.0005365728	0.0003863324	0	0	0	0.02833104	0	0	0.0899081387	0	0	0	0	0	0	0	0	0	0	8.585165e-05	0	0	0	0	0.006481799	0.0006009615	0	0	0	0.003691621	0	0	0	2.146291e-05	0	0	4.292582e-05	0	0	0	0.0007512019	0	0	0	0	0	2.146291e-05	0.04419214	0	0	0	0	2.146291e-05	0	0	0.00206044	0	0	0	0	0	0	0	0.004292582	0	0	0	2.146291e-05	0	0	0.001502404	0	0	0.001759959	0	0	0.003863324	0	0	0	0	0	6.438874e-05	0	0	0.009100275	0	0	0	0	0	0	4.292582e-05	0.0003004808	0	0	0.001416552	0	0	0	0	0	0	0.6317179	0.0001073146	0	0	0	0	0	0	0	0	0	0	0	0	0	0	0	0	0	0	0
Algae_BROU-A	0	0	0.001760822	0	0	0	0	0	0	0	0	0	0	0	0	0	0	0	0	0	0	0	0	0	0	0	0	0	0	0	0.03382245	0	0	0	0	0	0	0	7.336757e-05	0	0	0	0.0003668379	0	0	0	0	0	0	0	0	7.336757e-05	0	0	0	0	0	0	0.001173881	0	0	0	0	0.2812179	0	0	0.2453411592	0	0	0	0	0	0	0	0	0	0	0.02377109	0	0	0	0	0.001320616	0	0	0	0	0	0	0	0	0	0	0	0.0002201027	0	0	0	0	0	0	0	0	0	0	0.01797506	0	0	0	0	0	0	0	0	0	0	0	0	0.0001467351	0	0	0.02450477	0	0	0	0	0	0	0.0008804109	0	0	0	0	0	7.336757e-05	0	0	0	0.001614087	0	0	0	0	0.04181952	0	0	0	0	0	0	0	0	0	0	0.009317682	0	0	0.1896552	0	0	0	0.1248716	0	0	0	0	0	0	0	0	0	0	0	0	0	0	0	0	0	0	0	0
Algae_BROU-B	0	0	0	0	0	0	0	0	0	0	0	0	0	0	0	0	0	0	0	0	0	0	0	0	0	0	0	0	7.259001e-05	0	0.03208479	0	0	0	0	0	0	0	0	0	0	0	7.259001e-05	0	0	0	0	0	0	0	0	0	0	0	0	0	0	0	0.0005081301	0	0	0	0	0.1769019	0	0	0.6210801394	0	0	0	0	0	0	0	0	0	0	0	0	0	0	0	0.00225029	0.00029036	0	0	0	0	0	0	0	0	0	0	7.259001e-05	0	0	0	0	0	0	0	0	0	0	0.003556911	0	0	0	0	7.259001e-05	0	0	0	0	0	0	0	0.00014518	0	0	0	0	0	0	0	0	0	0	0	0	0	0	0	0	0	0	0	7.259001e-05	0	0	0	0	0.02874564	0	0	0	0	0	0	0	0	0	0	0.0005807201	0	0	0.003339141	0	0	0	0.1301539	0	0	0	0	0	0	0	0	0	0	0	0	0	0	0	0	0	0	0	0
Algae_BROU-C	0	0	0	0	0	0	0	0	0	0.04977946	0	0	0	0	0	0	0	0	0	0	0	0	0	0	0	0	0	0	0	0	0.007921505	0	0	0	0	0	0	0	0	0	0	0	0.02439463	0	0	0	0	0	0	0	0	0	0	0	0	0	0	0	0.6352507	0	0	0	0	0.06139166	0	0	0.0369970294	0	0	0	0	0	0	0	0	0	0	9.00171e-05	0	0	0	0	0	0	0	0	0	0	0	0	0	0	0	0	0.006031146	0	0	0	0	0	0	0	0	0	0	0.003150599	0	0	0	0	0	0	0	0	0	0	0	0	0	0	0	0.0001800342	0	0	0	9.00171e-05	0	0	0	0	0	0	0	0	0	0	0	0	0	0	0	0	0	0.005311009	0	0	0	0	0.007291385	0	0	0	0	0	9.00171e-05	0	0	0.0002700513	0	0	0	0.1617607	0	0	0	0	0	0	0	0	0	0	0	0	0	0	0	0	0	0	0	0
Algae_BULA-A	0	0	0.007135399	0	0	0	0	0	0	0	0	0	0	0	0	0	0	0	0	0	0	0	0	0	0	0	0	8.701706e-05	0.0008701706	0.001087713	0.168378	0	0	4.350853e-05	0	0	0	0	0	0	0	0	0	0	0	0	0	0	0	0.003741733	0	0.0003480682	0	0	0	0	0	0	0.0001740341	0.00265402	0	0	0	0.1048991	0	0	0.0402018796	0	0	0	0	0	0	0	0	8.701706e-05	0	0	0	0	0	0	0.00530804	0.0003045597	0	0	0	0.002523495	0	0	0	0	4.350853e-05	0	0	0	0	0	0	0	0	0	0	0	0	0.07531326	0	0	0	0	0	0	0	0.0001305256	0	0	0	0	0	0	0	0.003045597	0	0	0	8.701706e-05	0	0	0.0001305256	0	0	0.001087713	0	0	0.005090498	0	0	0	4.350853e-05	0	0.0001740341	0	0	0.04977376	0	0	0	0	0	0	8.701706e-05	0.0004350853	0	0	0.0004350853	0	0	4.350853e-05	0	0	0	0.5261921	4.350853e-05	0	0	0	0	0	0	0	0	0	0	0	0	0	0	0	0	0	0	0
Algae_BULE-A	0	0	0.00557912	0	0	0	0	0	0	0	0	0	0	0	0	0	0.0001528526	0	0	0	0	0	0	0	0	0	0	3.821315e-05	0.001069968	3.821315e-05	0.07482135	0	0	0.0002292789	0	0	0	0	0	0.0001146395	0	0	0	0	0	0	0	0	0.0005731973	0.02854523	0	7.642631e-05	0	0	0	0	0	0	0.0005731973	0.005082349	0	0	0	0.03672284	0	3.821315e-05	0.0840689365	0	0	0	0	0	0	0	0	0	0	7.642631e-05	0	0	0	0	0.006572662	0.0001910658	0	0	0	0.001643166	0	0	0	0.0001528526	0	0	0	0	0	0	0.0004203447	0	0	0	0	0	0	0.1047805	0	0	0	0	3.821315e-05	0	0	0.0001146395	0	0	0	0	0	0	0	0.008215828	7.642631e-05	0	0	3.821315e-05	0	0	0.0002674921	0	0	0.0002674921	0	0	0.0002292789	0	0	0	3.821315e-05	0	0	0	0	0.01287783	0	3.821315e-05	0	0	0	0	0.0001146395	0.0002674921	0	0	0	0	0	0.00641981	0	0	0	0.6194352	0	0	0	0	0	0	0	0	0	0	0	0	0	0	0	0	0	0	0	0
Algae_CAMA-C	0	0	0	0	0	0	0	0	0	0	0	0	0	0	0	0	0	0	0	0	0	0	0	0	0	0	0	0	0	0	0.009616765	0	0	0	0	0	0	0	0	0	0	0	0	0	0	0	0	0	0	0.007119277	0	0	0	0	0	0	0	0	0	0	0	0	0	0.4158461	0	0	0.2953925649	0	0	0	0	0	0	0	0	0	0	2.870676e-05	0	0	0	0	0.002526195	0	0	0	0	0	0	0	0	2.870676e-05	0	0	0	0	0	0	0.007951773	0	0	0	0	0	0	0.0110521	0	0	0	0	0	0	0	0	0	0	0	0	0	0	0	0	0	0	0	0	0	0	0.0009473231	0	0	0	0	0	0	0	0	0	0	0	0	0	0	0.1667576	0	0	0	0	0	0	0	0	0	0	0.01380795	0	0	0	0	0	0	0.06892493	0	0	0	0	0	0	0	0	0	0	0	0	0	0	0	0	0	0	0	0
Algae_CAMA-D	0	0	0	0	0	0	0	0	0	0	0	0	0	0	0	0	0	0	0	0	0	0	0	0	0	0	0	0	0.008772656	0	0.005544981	0	0	0	0	0	0	0	0	0	0	0	0	0	0	0	0	0	0	0.0002896632	0	0	0	0	0	0	0	0	4.138045e-05	0	0	0	0	0.5252007	0	0	0.1786807912	0	0	0	0	0	0	0	0	0	0	0	0	0	0	0	0.002979393	0	0	0	0	0	0	0	0	0	0	0	0.0001241414	0	0	0	0.04829099	0	0	0	0	0	0	0.01795912	0	0	0	0.0001241414	0	0	0	0	0	0	0	0	0	0	0	0	0	0	0	0	0	0	0	0	0	0	0	0	0	0	0	0	0	0	0	0	0	0.07274683	0	0	0	0	0	0	0	0	0	0	0.01568319	0	0	0	0	0	0	0.123562	0	0	0	0	0	0	0	0	0	0	0	0	0	0	0	0	0	0	0	0
Algae_CAMA-E	0	0	0.0002091875	0	0	0	0	0	0	0	0	0	0	0	0	0	0	0	0	0	0	0	0	0	0	0	0	0	0.001924525	0	0.001087775	0	0	0	0	0	0	0	0	0	0	0	0	0	0	0	0	0	0	0.001757175	0	0	0	0	0	0	0	0	8.367501e-05	0.0007112376	0	0	0	0.2806878	0	0	0.493515187	0	0	0	0	0	0	0	0	0	0	0.0002928625	0	0	0	0	4.18375e-05	0	0	0	0	0	0	0	0	4.18375e-05	0	0	4.18375e-05	0	0	0	0	0	0	0	0	0	0	0.01481048	0	0	0	0	0	0	0	0	0	0	0	0	0.001422475	0	0	8.367501e-05	0	0	0	0	0	0	4.18375e-05	0	0	0	0	0	0	0	0	0	4.18375e-05	0	0	0	0	0.05514183	0	0	0	0	0	0	0	0	0	0	0.00418375	0	0	0	0	0	0	0.1438792	0	0	0	0	0	0	0	0	0	0	0	0	0	0	0	0	0	0	0	0
Algae_CAPE-A	0	0	0.0005655709	3.534818e-05	0	0	0	0	0	0	0	0	0	0	0	0	0	0	0	0	0	0	0	0	0	0	0	0.001979498	0.003181336	0.0003534818	0.03181336	0	0	0.0002474373	0	0	0	0	0	0.0001060445	0	0	0	0	0	0	0	0	0.001449275	0.01095794	0	0.0003534818	0	0	0	0	0	0	0.002085543	0.001767409	0	0	0	0.03729233	0	0	0.0566631318	0	0	0	0	0	0	0	0	0	0	0.0003181336	0	0	0	0	0.008094733	3.534818e-05	0	0	0	0.001661364	0	0	0	0.0001060445	0	0	0	0	0	0	0.001449275	0	0	0	0	0	0	0.05998586	0	0	0	0.0005302227	0	0	0	0.00038883	0	0	0	0	0	0	0	0.003605514	0	0	0	7.069636e-05	0	0	0.0003181336	0	0	0.0006009191	0	0	0.000989749	0	0	0	0	0	3.534818e-05	0	0	0.01092259	0	3.534818e-05	0	0	0	0	3.534818e-05	0.0004241782	0	0	0	0	0	0.0005655709	0	0	0	0.7609756	0	0	0	0	0	0	0	0	0	0	0	0	0	0	0	0	0	0	0	0
Algae_CARL-A	0	0	0.0001148281	0	0	0	0	0	0	0	0	0	0	0	0	0	0	0	0	0	0	0	0	0	0	0	0	0	0.002679323	0	0.003023808	0	0	0	0	0	0	0	0	0	0	0	0.00202863	0	0	0	0	0	0	0.0005741407	0	0	0	0	0	0	0	0	0.03016152	0.005894511	0	0	0	0.3487713	0	0	0.196088188	0	0	0	0	0	0	0	0	0	0	0	0	0	0	0	0.01538697	0	0	0	0	0	0	0	0	0.0001148281	0	0	0.01990354	0	0	0	0.02736737	0	0	0	0	0	0	0.005894511	0	0	0	0.0001148281	0	0	0	0	0	0	0	0	0.0001531042	0	0	0	0	0	0	3.827605e-05	0	0	0.0001148281	0	0	0	0	0	0	0	0	0	0	0	0	0	0	0.105374	0	0	0	0	0	0	0	0.0001148281	0	0	0.001913802	0	0	0	0	0	0	0.2341729	0	0	0	0	0	0	0	0	0	0	0	0	0	0	0	0	0	0	0	0
Algae_CASS-A	0	0	0	0	0	0	0	0	0	0	0	0	0	0	0	0	0	0	0	0	0	0	0	0	0	0	0	0	0.0001141813	0	0.01004796	0	0	0	0	0	0	0	0	0	0	0	0.009933775	0	0	0	0	0	0	0	0	0.001370176	0	0	0	0	0	0	0.7050697	0	0	0	0	0.0537794	0	0	0.0896323361	0	0	0	0	0	0	0	0	0	0.000342544	0	0	0	0	0	0.0007992692	0	0	0	0	0	0	0	0	0	0	0	0.02169445	0	0	0	0	0	0	0	0	0	0	0.005709066	0	0	0	0	0	0	0	0	0	0	0	0	0	0	0	0	0	0	0	0	0	0	0	0	0	0	0	0	0	0	0	0	0	0	0	0	0	0.003996346	0	0	0	0	0.0001141813	0	0	0	0	0	0	0	0	0	0	0	0	0.09739667	0	0	0	0	0	0	0	0	0	0	0	0	0	0	0	0	0	0	0	0
Algae_CAST-A	0	0	0.0002894356	0	0	0	0	0	0	0	0	0	0	0	0	0	5.788712e-05	0	0	0	0	0	0	0	0	0	0	0	0.0008104197	0.002836469	0.5729667	0	0	0	0	0	0	0	0	0	0	0	0	0	0	0	0	0	0.01261939	0.004052098	0	0.0004052098	0	0	0	0	0	0	0.004920405	0.0006367583	0	0	0	0.005036179	0	0.006367583	0.0256439942	0	0	0	0	0	0	0	0	0	0	5.788712e-05	0	0	0	0	0.00260492	0	0	0	0	0.006078148	0	0	0	0	0	0	0	0	0	0	0	0	0	0	0	0	0	0.0301013	0	0	0	0	0.0001736614	0	0	0.0004052098	0	0	0	0	0	0	0	0.00260492	0	5.788712e-05	0	0	0	0	0.0001736614	0	0.0001736614	0.0005209841	0	0	0	0	0	0	0	0	0	0	0	0.02014472	0	0	0	0	0	0	0	5.788712e-05	0	0	0	0	0	0	0	0	0	0.3002026	0	0	0	0	0	0	0	0	0	0	0	0	0	0	0	0	0	0	0	0
Algae_CASTI-A	0	0	0.08835911	0.0004730145	0	0	0	0	0	0	0	0	0	0	0	0	4.730145e-05	0	0	0	0	0	0	0	0	0	0	0.002175867	0.0007568232	0.0001892058	0.03150277	0	0	4.730145e-05	0	0	0	0	0	0	0	0	0	0	0	0	0	0	4.730145e-05	0.01513646	0	0.0002838087	0	0	0	0	0	0	0.002743484	0.001986661	0	0	0	0.03207038	0	0	0.0860886429	0	0	0	0	0	0	0	0	0	0	4.730145e-05	0	0	0	0	0.005392366	0.0003784116	0	0	0	0.001277139	0	0	0	4.730145e-05	0	0	0	0	0	0	0.0002365073	0	0	0	0	0	0	0.05723476	0	0	0	0.0003784116	0.0001892058	0	0	0.0008514261	0	0	0	0	0	0	0	0.006291093	0	0	0	4.730145e-05	0	0	0.0006149189	0	0	0.001324441	0	0	0.0002838087	0	0	0	0	0	4.730145e-05	0	0	0.006243792	0	0	0	0	0	0	9.46029e-05	0.0003784116	0	0	0	0	0	0.04777447	0	0	0	0.6089589	0	0	0	0	0	0	0	0	0	0	0	0	0	0	0	0	0	0	0	0
Algae_CAZA-A	0	0	0.2424109	0	0	0	0	0	0	0	0	0	0	0	0	0	0	0	0	0	0	0	0	0	0	0	0	0	0.0004405286	0.0005206247	0.06527833	0	0	0	0	0	0	0	0	0	0	0	0	0	0	0	0	0	0	0.001401682	0	0.0004004806	0	0	0	0	0	0	0.0008810573	0.001722066	0	0	0	0.09403284	0	0.0001201442	0.0058470164	0	0	0	0	0	0	0	0	8.009612e-05	0	0	0	0	0	0	0.004365238	0.0001201442	0	0	0	0.0002402883	0	0	0	0	0	0	0	0	0	0	4.004806e-05	0	0	0	0	0	0	0.04661594	0	0	0	8.009612e-05	0	0	0	0.0003203845	0	0	0	0	0	0	0	0.002282739	0	0	0	4.004806e-05	0	0	0.0003203845	0	0	0.0002002403	0	0	0.0006407689	0	0	0	0	0	4.004806e-05	0	0	0.01682018	0	0	0	0	0	0	0	0.0004004806	0	0	0.0002002403	0	0	0	0	0	0	0.5140168	0.0001201442	0	0	0	0	0	0	0	0	0	0	0	0	0	0	0	0	0	0	0
Algae_CEPE-A	0	0	0.002548726	0	0	0	0	0	0	0	0	0	0	0	0	0	0.0003748126	0	0	0	0	0	0	0	0	0	0	0.0002248876	0.0002248876	0.0003748126	0.5567466	0	0	7.496252e-05	0	0	0	0	0	0	0	0	0	0	0	0	0	0	0.003523238	0.001124438	0	0.0002998501	0	0	0	0	0	0	0.00982009	0.000149925	0	0	0	0.006146927	0	0.002023988	0.0075712144	0	0	0	0	0	0	0	0	0	7.496252e-05	0	0	0	0	0	0.002473763	0	0	0	0	0.0008995502	0	0	0	0	0	0	0	0	0	0	0.0002248876	0	0	0	0	0	0	0.02023988	0	0	0	0	7.496252e-05	0	0	0.0002248876	0	0	0	0	0	0	0	0.002323838	0	0	0	0	0	0	0.0002248876	0	0	0	0	0	0.0002998501	0	0	0	0	0	7.496252e-05	0	0	0.00922039	0	0	0	0	0	0	0	7.496252e-05	0	0	0	0	0	0	0	0	0	0.3723388	0	0	0	0	0	0	0	0	0	0	0	0	0	0	0	0	0	0	0	0
Algae_CERN-A	0	0	0.000648824	0	0	0	0	0	0	0	0	0	0	0	0	0	0	0	0	0	0	0	0	0	0	0	0	0	0.02715328	0	0.005223033	0	0	0	0	0	0	0	0	0	0	0	0	0	0	0	0	0	0	6.48824e-05	0	0	0	0	0	0	0	0	0.0008759124	0	0	0	0	0.6432117	0	0	0.1832603406	0	0	0	0	0	0	0	0	0	0	0.0002595296	0	0	0	0	0.0004217356	0	0	0	0	0	0	0	0	0.001330089	0	0	0.0003568532	0	0	0	9.73236e-05	0	0	0	0	0	0	0.009440389	0	0	0	0	0	0	0	0	0	0	0	0	3.24412e-05	0	0	0	0	0	0	0	0	0	0.0002595296	0	0	0	0	0	0	0	0	0	0	0	0	0	0	0.03766423	0	0	0	0	0	0	0	0	0	0	0.01109489	0	0	0	0	0	0	0.07860503	0	0	0	0	0	0	0	0	0	0	0	0	0	0	0	0	0	0	0	0
Algae_CHEI-A	0	0	0.0005460005	0	0	0	0	0	0	0	0	0	0	0	0	0	0	0	0	3.900004e-05	0	0	0	0	0	0	0	0.0001170001	0.001443001	0.0007410007	0.08794509	0	0	0.0009360009	0	0	0	0	0	0.0002730003	0	0	0	0	0	0	0	0	0.001014001	0.01076401	0	0.001599002	0	0	0	0	0	0	0.01423501	0.001833002	0	0	0	0.1154401	0	3.900004e-05	0.0459420459	0	0	0	0	0	0	0	0	0	0	0.0004290004	0	0	0	0	0.02074802	0.0007410007	0	0	0	0.003003003	0	0	0	0	0	0	0	0	0	0	0.0002730003	0	0	0	0.0001560002	0	0	0.1648922	0	0.0001560002	0	0.0001560002	0	0	0	0.001443001	0	0	0	0	0	0	0	0.005031005	0	0	0	0.0001950002	0	0	0.0008580009	0	0	0.0008580009	0	0	0.003393003	0	0	0	0	0	0	0	0	0.02952303	0	7.800008e-05	0	0	0	0	3.900004e-05	0.0005850006	0	0	0	0	0	0.0001950002	0	0	0	0.4843415	0	0	0	0	0	0	0	0	0	0	0	0	0	0	0	0	0	0	0	0
Algae_CIER-A	0	0	0.02456248	7.675775e-05	0	0	0	0	0	0	0	0	0	0	0	0	0	0	0	0	0	0	0	0	0	0	0	0	0.0007675775	0.001304882	0.03319773	0	0	0.0001535155	0	0	0	0	0	3.837888e-05	0	0	3.837888e-05	0	0	0	0	0	0.0002686521	0.02559871	0	0.0001535155	0	0	0	0	0	0	0.001266503	3.837888e-05	0	0	0	0.02417869	0	0	0.0080211851	0	0	0	0	0	0	0	0	7.675775e-05	0	0.0002686521	0	0	0	0	0.002686521	0.0001535155	0	0	0	0.0001151366	0	0	0	0	0	0	0	0	0	0	3.837888e-05	0	0	0	0	0	0	0.03649831	0	7.675775e-05	0	0	0	0	0	3.837888e-05	0	0	0	0	0	0	0	0.001688671	0.0001918944	0	0	0	0	0	0.0001151366	0	0	0.0001151366	0	0	0.0001151366	0	0	0	0.0001151366	0	0	0	0	0.008059564	0	7.675775e-05	0	0	0	0	0	0.0004221676	0	0	0.001112987	0	0	0.001112987	0	0	0	0.8272183	3.837888e-05	0	0	0	0	0	0	0	0	0	0	0	0	0	0	0	0	0	0	0
Algae_CIER-B	0	0	0.00391184	0.000381643	0	0	0	0	0	0	0	0	0	0	0	0	0	0	0	0	0	0	0	0	0	0	0	0	0.0001431161	0.0002385269	0.08763477	0	0	0.0003339376	0	0	0	0	0	4.770537e-05	0	0	0.0001908215	0	0	0	0	0	0.005724645	0.00958878	0	0.0006678752	0	0	0	0	0	0	0.001288045	9.541074e-05	0	0	0	0.05963171	0	9.541074e-05	0.0194160863	0	0	0	0	0	0	0	0	4.770537e-05	0	0.0001431161	0	0	0	0	0.002814617	0.0001431161	0	0	0	0.0005247591	0	0	0	4.770537e-05	0	0	0	0	0	0	0.0001431161	0	0	0	0	0	0	0.06673981	0	0	0	0.0002385269	0.0001431161	0	0	0.0001431161	0	0	0	0	0	0	0	0.001192634	4.770537e-05	0	0	0	0	0	0.0004770537	0	0	0.0007155806	0	0	0.001860509	0	0	0	0	0	0	0	0	0.006726457	0	0	0	0	0	0	0	0.0001908215	0	0	0.005629234	0	0	0.001001813	0	0	0	0.7216392	0	0	0	0	0	0	0	0	0	0	0	0	0	0	0	0	0	0	0	0
Algae_CIER-C	0	0	0.0001854771	0	0	0	0	0	0	0	0	0	0	0	0	0	0	0	0	0	0	0	0	0	0	0	0	0.0001391079	0.000324585	0.0006955393	0.1330798	0	0	0	0	0	0	0	0	0	0	0	0.0001391079	0	0	0	0	0	0.004683298	0.007604563	0	0.0002782157	0	0	0	0	0	0	0.002086618	0.0001854771	0	0	0	0.004868775	0	0.0001391079	0.0106649355	0	0	0	0	0	0	0	0	0	0	4.636928e-05	0	0	0	0	0.002040249	4.636928e-05	0	0	0	4.636928e-05	0	0	0	0	0	0	0	0	0	0	0.0002782157	0	0	0	0	0	0	0.04418993	0	0	0	0	0.0001391079	0	0	9.273857e-05	0	0	0	0	0	0	0	0.0006955393	0	0	0	0	0	0	0	0	0	0.0002318464	0	0	0	0	0	0	4.636928e-05	0	0	0	0	0.009459334	0	0	0	0	0	0	0	0	0	0	0.003106742	0	0	0.0001391079	0	0	0	0.7743671	0	0	0	0	0	0	0	0	0	0	0	0	0	0	0	0	0	0	0	0
Algae_CINT-A	0	0	0.01064072	0	0	0	0	0	0	0	0	0	0	0	0	0	0	0	0	0	0	0	0	0	0	0	0	0	0.05752817	0	0.0006828269	0	0	0	0	0	0	0	0	0	0	0	0.0050643	0	0	0	0	0	0	0	0	0	0	0	0	0	0	0	0.0127461	0	0	0	0	0.4875953	0	0	0.1487993627	0	0	0	0	0	0	0	0	0	0	0	0	0	0	0	0.0003414135	0	0	0	0	0	0	0	0	0	0	0	0.01399795	0	0	0	0	0	0	0	0	0	0	0.01285991	0	0	0	0	0	0	0	0	0	0	0	0	0.001308752	0	0	0	0	0	0	0	0	0	0	0	0	0	0	0	0	0	0	0	0	0	0	0	0	0.1189826	0	0	0	0	0	0	0	0	0	0	0.0006828269	0	0	0	0	0	0	0.1287698	0	0	0	0	0	0	0	0	0	0	0	0	0	0	0	0	0	0	0	0
Algae_CINT-B	0	0	0.002366864	0	0	0	0	0	0	0	0	0	0	0	0	0	0	0	0	0	0	0	0	0	0	0	0	0	0.01620391	0	0.00564406	0	0	0	0	0	0	0	0	0	0	0	0.007646791	0	0	0	0	0	0	0.00254893	0	0	0	0	0	0	0	0	0.07300865	0	0	0	0	0.2349568	0	0	0.235685025	0	0	0	0	0	0	0	0	0	0	0	0	0	0	0	0.001183432	0	0	0	0	0	0	0	0	9.103323e-05	0	0	0.01028675	0	0	0	0.0002730997	0	0	0	0	0	0	0.02312244	0	0	0	0.0003641329	0	0	0	0	0	0	0	0	0	0	0	0	0	0	0	0	0	0	0.0001820665	0	0	0	0	0	0	0	0	0	0.0003641329	0	0	0	0	0.06272189	0	0	0	0	0	0	0	0	0	0	0.002366864	0	0	0	0	0	0	0.3209832	0	0	0	0	0	0	0	0	0	0	0	0	0	0	0	0	0	0	0	0
Algae_CLAR-A	0	0	0.0006811326	0	0	0	0	0	0	0	0	0	0	0	0	0	9.730466e-05	0	0	0	0	0	0	0	0	0	0	0.0009730466	0.000291914	0.000291914	0.6549577	0	0	9.730466e-05	0	0	0	0	0	0	0	0	0	0	0	0	0	0	0.005059842	0.0008757419	0	0.0004865233	0	0	0	0	0	0	0.000583828	0.002043398	0	0	0	0.01381726	0	0.006811326	0.0370730758	0	0	0	0	0	0	0	0	0	0	0.000291914	0	0	0	0	0.004865233	0	0	0	0	0.00729785	0	0	0	0	0.0001946093	0	0	0	0	0	0	0	0	0	0	0	0	0.02345042	0	0	0	0.0001946093	9.730466e-05	0	0	0.001070351	0	0	0	0	0	0	0	0.0008757419	0	0	0	0	0	0	0.0001946093	0	0	0.0001946093	0	0	0.001264961	0	0	0	0.0001946093	0	0	0	0	0.02383964	0	0	0	0	0	0	0	9.730466e-05	0	0	9.730466e-05	0	0	0.000583828	0	0	0	0.2110538	0	0	0	0	0	0	0	0	0	0	0	0	0	0	0	0	0	0	0	0
Algae_CLAR-B	0	0	0.000878794	0	0	0	0	0	0	0	0	0	0	0	0	0	0.0008111945	0	0	0	0	0	0	0	0	0	0	0.0003379977	0.001013993	0.000878794	0.6576759	0	0	0.001689989	0	0	0	0	0	0.0001351991	0	0	0	0	0	0	0	0	0.002771581	0.002839181	0	0.0008111945	0	0	0	0	0	0	0.001825188	0.001284391	0	0	0	0.003785574	0	0.001622389	0.0287974042	0	0	0	0	0	0	0	0	0	0	6.759954e-05	0	0	0	0	0.005002366	0	0	0	0	0.00297438	0	0	0	0	0	0	0	0	0	0	0.0001351991	0	0	0	0	0	0	0.02683702	0	0	0	0.0002027986	6.759954e-05	0	0.0001351991	0.0002703982	0	0	0	0	0	0	0	0.002568783	0	0.0002027986	0	0	0	0	0.0002027986	0	0	0.0004055972	0	0	0.0003379977	0	0	0	0.0007435949	0	0	0	0	0.01061313	0	0	0	0	0	0	6.759954e-05	0.0002027986	0	0	0	0	0	0	0	0	0	0.2418036	0	0	0	0	0	0	0	0	0	0	0	0	0	0	0	0	0	0	0	0
Algae_CLAR-C	0	0	0.00170068	0	0	0	0	0	0	0	0	0	0	0	0	0	0	0	0	0	0	0	0	0	0	0	0	0.001504448	0.00170068	0.0001962323	0.4211146	0	0	0.0007849294	0	0	0	0	0	0	0	0	0	0	0	0	0	0	0.01105442	0.0007195186	0	0.0003924647	0	0	0	0	0	0	0.01615646	0.00255102	0	0	0	0.02871533	0	0.006017792	0.0282574568	0	0	0	0	0	0	0	0	0.0001962323	0	6.541078e-05	0	0	0	0	0.004120879	0	0	0	0	0.004905808	0	0	0	0	0	0	0	0	0	0	0.001111983	0	0	0	0	0	0	0.05801936	0	6.541078e-05	0	0	0.0002616431	0	0.0002616431	0.0001962323	0	0	0	0	0	0	0	0.0007849294	0	0	0	0	0	0	6.541078e-05	0	0	0.0003924647	0	0	0.0001962323	0	0	0	0	0	6.541078e-05	0	0	0.01720304	0	0	0	0	0	0	0	0	0	0	0.002878074	0	0	0	0	0	0	0.3883438	0	0	0	0	0	0	0	0	0	0	0	0	0	0	0	0	0	0	0	0
Algae_COLO-A	0	0	0	0	0	0	0	0	0	0.02091329	0	0	0	0	0	0	0	0	0	0	0	0	0	0	0	0	0	0	5.562045e-05	0	0.002169197	0	0	0	0	0	0	0	5.562045e-05	0	0	0	0.06379665	0	0	0	0	0	0	0	0	0	0	0	0	0	0	0	0.4940764	0	0	0	0	0.1072362	0	0	0.0295900773	0	0	0	0	0	0	0	0	0	0	5.562045e-05	0	0	0	0	0.0003337227	0	0	0	0	0	0	0	0	0	0	0	0.0225819	0	0	0	0	0	0	0	0	0	0	0.0024473	0	0	0	0	0	0	0	0	0	0	0	0	0	0	0	0	0	0	0	0	0	0	0	0	0	0	0	0	0	0	0	0	0	0	0	0	0	0.01173591	0	0	0	0	0.005951388	0	0	0	0	0	0.0006674454	0	0	0.1354358	0	0	0	0.1028978	0	0	0	0	0	0	0	0	0	0	0	0	0	0	0	0	0	0	0	0
Algae_COLO-B	0	0	0	0	0	0	0	0	0	0.1177423	0	0	0	0	0	0	0	0	0	0	0	0	0	0	0	0	0	0	0	0	0.001561416	0	0	0	0	0	0	0	0	0	0	0	0.0882489	0	0	0	0	0	0	0	0	0	0	0	0	0	0	0	0.4791811	0	0	0	0	0.07026371	0	0	0.0319222762	0	0	0	0	0	0	0	0	0	0	8.674532e-05	0	0	0	0	0.0001734906	0	0	0	0	0	0	0	0	0	2.891511e-05	0	0.01009137	0	0	0	0	0	0	0	0	0	0	0.001937312	0	0	0	0	0	0	0	0	0	0	0	0	0	0	0	5.783021e-05	0	0	0	0	0	0	0	0	0	0	0	0	0	0	0	0	0.0001156604	0	0	0	0	0.005464955	0	0	0	0	0.003758964	0	0	0	0	0	0.0001445755	0	0	0.03105482	0	0	0	0.1581656	0	0	0	0	0	0	0	0	0	0	0	0	0	0	0	0	0	0	0	0
Algae_COLO-C	0	0	6.410873e-05	0	0	0	0	0	0	0.0009616309	0	0	0	0	0	0	0	0	0	0	0	0	0	0	0	0	0	0	0.0001923262	0	0.007019906	0	0	0	0	0	0	0	0	0	0	0	0.01028945	0	0	0	0	0	0	0	0	0	0	0	0	0	0	0	0.5809212	0	0	0	0	0.09690034	0	0	0.0988236048	0	0	0	0	0	0	0	0	0	3.205436e-05	0	0	0	0	0	0.0008013591	0	0	0	0	0	0	0	0	0	0	0	0.02154053	0	0	0	0	0	0	0	0	0	0	0.02481008	0	0	0	0	0	0	0	0	0	0	0	0	0	0	0	6.410873e-05	0	0	0	0	0	0	6.410873e-05	0	0	0	0	0	0	0	0	0	0	0	0.000352598	0	0	0.01654005	0	0	0	0	0.002692567	0	0	0.0005449242	0	0	0.0002884893	0	0	0	0	0	0	0.1370965	0	0	0	0	0	0	0	0	0	0	0	0	0	0	0	0	0	0	0	0
Algae_COMT-A	0	0	0.0001342702	0	0	0	0	0	0	0.002282594	0	0	0	0	0	0	0	0	0	0	0	0	0	0	0	0	0	0	0	0	0.007250593	0	0	0	0	0	0	0	0	0	0	0	0.03124021	0	0	0	0	0	0	0	0	0	0	0	0	0	0	0	0.1765206	8.951349e-05	0	0	0	0.1071477	0	0	0.0397887482	0	0	0	0	0	0	0	0	0	0	0.000537081	0	0	0	0	0.000179027	0	0	0	0	0	0	0	0	0	0	0	0.006400215	0	0	0	0	0	0	0	0	0	0	0.004028107	0	0	0	0	0	0	0	8.951349e-05	0	0	0	0	0.000179027	0	0	0	0	0	0	0	0	0	0	0	0	0.000358054	0	0	0	0	0	0	0	0	0	0	0	0.01570962	0	0	0	0	0.001208432	0	0	0	0	0	0.000179027	0	0	0	0	0	0	0.6066777	0	0	0	0	0	0	0	0	0	0	0	0	0	0	0	0	0	0	0	0
Algae_CRAN-A	0	0	0	0	0	0	0	0	0	0.005498612	0	0	0	0	0	0	0	0	0	0	0	0	0	0	0	0	0	0	0	0	0.00314969	0	0	0	0	0	0	0	0	0	0	0	0.03987828	0	0	0	0	0	0	0	0	0	0	0	0	0	0	0	0.4542494	0	0	0	0	0.08018364	0	0	0.0152679906	0	0	0	0	0	0	0	0	0	0	5.338458e-05	0	0	0	0	0.0005872304	0	0	0	0	0	0	0	0	0	0	0	0.02509075	0	0	0	0	0	0	0	0	0	0	0.001761691	0	0	0	0	0	0	0	0	0	0	0	0	0	0	0	0.0008541533	0	0	0	0	0	0	0	0	0	0	0	0	0	0	0	0	0	0	0	0	0	0.01334615	0	0	0	0	0.002135383	0	0	0	0	0	0.0002669229	0	0	0	0	0	0	0.3576767	0	0	0	0	0	0	0	0	0	0	0	0	0	0	0	0	0	0	0	0
Algae_DAMI-A	0	0	0	0	0	0	0	0	0	0.0005882353	0	0	0	0	0	0	0	0	0	0	0	0	0	0	0	0	0	0	0	0	0.02411765	0	0	0	0	0	0	0	0	0	0	0	0.007843137	0	0	0	0	0	0	0	0	0	0	0	0	0	0	0	0.07078431	0	0	0	0	0.4552941	0	0	0.1305882353	0	0	0	0	0	0	0	0	0	0	0.0001960784	0	0	0	0	0.0003921569	0	0	0	0	0	0	0	0	0	0	0	0.00254902	0	0	0	0	0	0	0	0	0	0	0.005294118	0	0	0	0	0	0	0	0.0001960784	0	0	0	0	0	0	0	0	0	0	0	0	0	0	0	0	0	0	0	0	0	0	0	0	0.001960784	0	0	0	0	0.08352941	0	0	0	0	0.002941176	0	0	0	0	0	0	0	0	0	0	0	0	0.2137255	0	0	0	0	0	0	0	0	0	0	0	0	0	0	0	0	0	0	0	0
Algae_DAMI-B	0	0	0	0	0	0	0	0	0	0.001951366	0	0	0	0	0	0	0	0	0	0	0	0	0	0	0	0	0	0	0	0	0.02641849	0	0	0	0	0	0	0	0	0	0	0	0.001501051	0	0	0	0	0	0	0	0	0.0004503152	0	0	0	0	0	0	0.02987091	0	0	0	0	0.2918043	0	0	0.3682077454	0	0	0	0	0	0	0	0	0	0	0.0001501051	0	0	0	0	0.0004503152	0	0	0	0	0	0	0	0	0	0	0	0.0003002101	0	0	0	0	0	0	0	0	0	0	0.004653257	0	0	0	0	0	0	0	0	0	0	0	0	0	0	0	0.001501051	0	0	0	0.0001501051	0	0	0	0	0	0	0	0	0	0	0	0	0	0	0	0	0	0.05643951	0	0	0	0	0.001350946	0	0	0	0	0	0	0	0	0	0	0	0	0.2148004	0	0	0	0	0	0	0	0	0	0	0	0	0	0	0	0	0	0	0	0
Algae_DAMI-C	0	0	0	0	0	0	0	0	0	0.0003758692	0	0	0	0	0	0	0	0	0	0	0	0	0	0	0	0	0	0	0	0	0.01409509	0	0	0	0	0	0	0	9.39673e-05	0	0	0	0.001973313	0	0	0	0	0	0	0	0	0	0	0	0	0	0	0	0.03194888	0	0	0	0	0.1417967	0	0	0.0934034956	0	0	0	0	0	0	0	0	0	0	9.39673e-05	0	0	0	0	0.0001879346	0	0	0	0	0	0	0	0	0	0	0	0.0007517384	0	0	0	0	0	0	0	0	0	0	0.002349182	0	0	0	0	0	0	0	0	0	0	0	0	0.0008457057	0	0	0	0	0	0	0	0	0	0	0	0	0.0001879346	0	0	0	0	0	0	0.0006577711	0	0	0	0	0.03298252	0	0	0	0	0.0005638038	0	0	0	0	0	9.39673e-05	0	0	0	0	0	0	0.6775982	0	0	0	0	0	0	0	0	0	0	0	0	0	0	0	0	0	0	0	0
Algae_DECA-A	0	0	0.00185397	3.944618e-05	0	0	0	0	0	0	0	0	0	0	0	0	0.002445663	0	0	0	0	0	0	0	0	0	0	0.0001183385	0.001893416	7.889235e-05	0.01735632	0	0	0	0	0	0	0	0	7.889235e-05	0	0	0.0002761232	0	0	0	0	0	0.0001577847	0.002051201	0	0.001025601	0	0	0	0	0	0	0.004970218	0.0008678159	0	0	0	0.05120114	0	3.944618e-05	0.0306891247	0	0	0	0	0	0	0	0	0	0	0.0001577847	0	0	0	0	0.01242555	3.944618e-05	0	0	0	0.0008678159	0	0	0	3.944618e-05	0	0	0	0	0	0	0.0005522465	0	0	0	0	0	0	0.06354779	0	0	0	0.002248432	0	0	0	0.0003944618	0	0	0	0	0	0	0	0.001617293	3.944618e-05	3.944618e-05	0	3.944618e-05	0	0	0.0005522465	0	0	0.0004733541	0	0	0.001380616	0	0	0	0	0	3.944618e-05	0	0	0.006587511	0	0	0	0	0	0	0	0.0007889235	0	0	0.0001972309	0	0	0.002721786	0	0	0	0.7901069	0	0	0	0	0	0	0	0	0	0	0	0	0	0	0	0	0	0	0	0
Algae_DIEU-A	0	0	0.04339923	0	0	0	0	0	0	0	0	0	0	0	0	0	0	0	0	0	0	0	0	0	0	0	0	0.0002272211	0.0004544422	0.003484057	0.3312126	0	0	0	0	0	0	0	0	7.574036e-05	0	0	0	0	0	0	0	0	0.00219647	0.0005301825	0	0	0	0	0	0	0	0	0.001893509	0	0	0	0	0.01151254	0	0	0.0039384988	0	0	0	0	0	0	0	0	0	0	0	0	0	0	0	0.0009846247	0	0	0	0	0.0003029614	0	0	0	0	0	0	0	0	0	0	7.574036e-05	0	0	0	0	0	0	0.01469363	0	0	0	0	0.0001514807	0	0	7.574036e-05	0	0	0	0	0	0	0	0.0006059229	0	0	0	0	0	0	0	0	0	0	0	0	0	0	0	0	0	0	7.574036e-05	0	0	0.029463	0	0	0	0	0	0	0	7.574036e-05	0	0	0	0	0	0	0	0	0	0.5545709	0	0	0	0	0	0	0	0	0	0	0	0	0	0	0	0	0	0	0	0
Algae_ESPE-B	0	0	0	0	0	0	0	0	0	0	0	0	0	0	0	0	0	0	0	0	0	0	0	0	0	0	0	0	0.001632895	0	0.007051139	0	0	0	0	0	0	0	0	0	0	0	0.000148445	0	0	0	0	0	0	0.001039115	0	0	0	0	0	0	0	0	0.01766496	0	0	0	0	0.3311809	0	0	0.2839753581	0	0	0	0	0	0	0	0	0	0	7.422252e-05	0	0	0	0	0.001113338	0	0	0	0	0	0	0	0	0.0002226676	0	0	0.003191568	0	0	0	0.02263787	0	0	0	0	0	0	0.03258369	0	0	0	7.422252e-05	0	0	0	0	0	0	0	0	0	0	0	0	0	0	0	0	0	0	0.000148445	0	0	0	0	0	0	0	0	0	0	0	0	0	0	0.1235805	0	0	0	0	0	0	0	0	0	0	0.001261783	0	0	0	0	0	0	0.1724189	0	0	0	0	0	0	0	0	0	0	0	0	0	0	0	0	0	0	0	0
Algae_FAYA-A	0	0	0	0	0	0	0	0	0	0	0	0	0	0	0	0	0	0	0	0	0	0	0	0	0	0	0	0	0.001814134	0	0.006844232	0	0	0	0	0	0	0	0	0	0	0	0	0	0	0	0	0	0	0.01607982	0	0	0	0	0	0	0	0	0	0	0	0	0	0.2748413	0	0	0.1907314257	0	0	0	0	0	0	0	0	0	0	0.0001649213	0	0	0	0	0.001071988	0	0	0	0	0	0	0	0	0	0	0	0	0	0	0	0	0	0	0	0	0	0	0.03875649	0	0	0	0.0001649213	0	0	0	0	0	0	0	0	0	0	0	0	0	0	0	0	0	0	0.0009895275	0	0	0	0	0	0	0	0	0	0	0	0	0	0	0.1981529	0	0	0	0	0	0	0	0	0	0	0.005937165	0	0	0	0	0	0	0.2644512	0	0	0	0	0	0	0	0	0	0	0	0	0	0	0	0	0	0	0	0
Algae_FERR-A	0	0	0	0	0	0	0	0	0	0	0	0	0	0	0	0	0	0	0	0	0	0	0	0	0	0	0	0	0.0004181913	0	0.002300052	0	0	0	0	0	0	0	0	0	0	0	0.0001045478	0	0	0	0	0	0	0.0004181913	0	0	0	0	0	0	0	0	0.009827496	0.0001045478	0	0	0	0.4934658	0	0	0.1946680606	0	0	0	0	0	0	0	0	0	0	0	0	0	0	0	0.003763722	0	0	0	0	0	0	0	0	0.0005227392	0	0	0.0001045478	0	0	0	0.01275484	0	0	0	0	0	0	0.02718244	0	0	0	0	0	0	0	0	0	0	0	0	0	0	0	0	0	0	0	0	0	0	0.0002090957	0	0	0	0	0	0	0	0	0	0	0	0	0	0	0.1440669	0	0	0	0	0	0	0	0	0	0	0.005959226	0	0	0	0	0	0	0.1041296	0	0	0	0	0	0	0	0	0	0	0	0	0	0	0	0	0	0	0	0
Algae_GAIL-A	0	0	0.003687181	0	0	0	0	0	0	0	0	0	0	0	0	0	0.000182083	0	0	0	0	0	0	0	0	0	0	0.02034778	0.01192644	0.0002731245	0.1096595	0	0	0.0003641661	0	0	0	0	4.552076e-05	0.0002276038	0	0	4.552076e-05	0	0	0	0	0	0	0.01192644	0	0.0004552076	0	0	0	0	0	0	0.00778405	0.003414057	0	0	0	0.0326839	0	4.552076e-05	0.1165786599	0	0	0	0	0	0	0	0	0.0001365623	0	4.552076e-05	0	0	0	0	0.01251821	0.000182083	0	0	0	0.0118354	0	0	0	0.0003186453	4.552076e-05	0	0	0	0	0	0.001638747	0	0	0	0	0	0	0.1778041	0	9.104151e-05	0	0.0003641661	0.0004552076	0	0	0.001638747	0	0	0	0	0	0	0	0.009923525	4.552076e-05	4.552076e-05	0	4.552076e-05	0	0	0.0007283321	0	0	0.001138019	0	0	0.01192644	0	0	0	4.552076e-05	0	0	0	0	0.02790422	0	9.104151e-05	0	0	0	0	4.552076e-05	0.004096868	0	0	0	0	0	0.0001365623	0	0	0	0.4171067	0	0	0	0	0	0	0	0	0	0	0	0	0	0	0	0	0	0	0	0
Algae_GAIL-B	0	0	0.03961719	0	0	0	0	0	0	0	0	0	0	0	0	0	0	0	0	0	0	0	0	0	0	0	0	0.01513127	0.003664267	0.0003879812	0.02797776	0	0	0.0002155451	0	0	0	0	0	0.0001724361	0	0	0	0	0	0	0	0	0	0.008018278	0	0.0008190714	0	0	0	0	0	0	0.005776609	0.002327887	0	0	0	0.07431996	0	0	0.0423761693	0	0	0	0	0	0	0	0	0.0006466353	4.310902e-05	0.0007759624	0	0	0	0	0.008018278	0.0001293271	0	0	0	0.007414752	0	0	0	4.310902e-05	0.0003879812	0	0	0	0	0	0.001077726	0	0	0	0	0	0	0.151054	0	0	0	0	4.310902e-05	0	0	0.00176747	0	0	0	0	0	0	0	0.004655774	0	4.310902e-05	0	0.0002155451	0	0	0.0006897444	0	0	0.001810579	0	0	0.004741992	0	0	0	0	0	8.621805e-05	0	0	0.01314825	0	4.310902e-05	0	0	0	0	0	0.002802086	0	0	0.0001293271	0	0	0.0001293271	0	0	0	0.579299	0	0	0	0	0	0	0	0	0	0	0	0	0	0	0	0	0	0	0	0
Algae_GREZ-A	0	0	0.0003858471	0	0	0	0	0	0	0	0	0	0	0	0	0	0	0	0	0	0	0	0	0	0	0	0	0	0.003048192	0.0007716943	0.09252614	0	0	0	0	0	0	0	0	3.858471e-05	0	0	3.858471e-05	0	0	0	0	0	0	0.001852066	0	0.0003086777	0	0	0	0	0	0	0.0001929236	0.00270093	0	0	0	0.08565806	0	0	0.0176332137	0	0	0	0	0	0	0	0	0	0	0	0	0	0	0	0.002392252	0.0001157541	0	0	0	0.000810279	0	0	0	0	0	0	0	0	0	0	0	0	0	0	0	0	0	0.08392175	0	0	0	3.858471e-05	0	0	0	0.000270093	0	0	0	0	0	0	0	0.003086777	0	0	0	7.716943e-05	0	0	3.858471e-05	0	0	0.00466875	0	0	0.0007716943	0	0	0	0	0	0.0001157541	0	7.716943e-05	0.04344639	0	0	0	0	0	0	0.0003858471	0.000270093	0	0	0.0003858471	0	0	0	0	0	0	0.6539337	3.858471e-05	0	0	0	0	0	0	0	0	0	0	0	0	0	0	0	0	0	0	0
Algae_JACO-A	0	0	0.001631537	0.000881912	0	0	0	0	0	0	0	0	0	0	0	0	0	0	0	0	0	0	0	0	0	0	0	0.000220478	0.00260164	0.0004850516	0.02795661	0	0	4.40956e-05	0	0	0	0	0	0.0001322868	0	0	0	0	0	0	0	0	0.006437957	0.02297381	0	0.0003086692	0	0	0	0	0	0	0.00551195	0.000881912	0	0	0	0.06085193	0	0.0001763824	0.07284593	0	0	0	0	0	0	0	0	0	0	0.0003527648	0	0	0	0	0.007275774	8.81912e-05	0	0	0	0.002513449	0	0	0	4.40956e-05	0	0	0	0	0	0	4.40956e-05	0	0	0	0	0	0	0.08303201	0	0	0	0.0007496252	0.000661434	0	4.40956e-05	0.0001322868	0	0	0	0	0	0	0	0.011068	4.40956e-05	4.40956e-05	0	8.81912e-05	0	0	0.000220478	0	0	0.002248876	0	0	0.000440956	0	0	0	0.0003527648	0	4.40956e-05	0	0	0.017065	0	0	0	0	0	0	0.0001322868	0.0003968604	0	0	0	0	0	0.001278772	0	0	0	0.6676956	0	0	0	0	0	0	0	0	0	0	0	0	0	0	0	0	0	0	0	0
Algae_JACO-B	0	0	0.002199923	0	0	0	0	0	0	0	0	0	0	0	0	0	3.859514e-05	0	0	0	0	0	0	0	0	0	0	0	0.001119259	0.0003087611	0.06495562	0	0	0	0	0	0	0	0	0.0001157854	0	0	0	0	0	0	0	0	0.002122733	0.00999614	0	0.0001929757	0	0	0	0	0	0	0.01096102	0.001929757	0	0	0	0.09810884	0	0	0.1038595137	0	0	0	0	0	0	0	0	0	0	0.0003087611	0	0	0	0	0.002006947	3.859514e-05	0	0	0	0.007564647	0	0	0	0	0	0	0	0	0	0	3.859514e-05	0	0	0	0	0	0	0.1358549	0	0	0	0	3.859514e-05	0	0	0.0009262833	0	0	0	0	0	0	0	0.01609417	7.719027e-05	0	0	0	0	0	0	0	0	7.719027e-05	0	0	0.0001929757	0	0	0	0.002392898	0	0	0	0	0.01377846	0	0	0	0	0	0	0	0.0003087611	0	0	0	0	0	0.001235044	0	0	0	0.5231571	0	0	0	0	0	0	0	0	0	0	0	0	0	0	0	0	0	0	0	0
Algae_JACO-C	0	0	0.04170865	0	0	0	0	0	0	0	0	0	0	0	0	0	0	0	0	0	0	0	0	0	0	0	0	0.003329682	0.002059146	0.0002628697	0.06102957	0	0	0.0003943045	0	0	0	0	0	0.0002190581	0	0	0	4.381161e-05	0	0	0	0	0.001489595	0.02256298	0	0.0004381161	0	0	0	0	0	0	0.01958379	0.001533406	0	0	0	0.0841621	0	4.381161e-05	0.043373494	0	0	0	0	0	0	0	0	4.381161e-05	0	0.0003943045	0	0	0	0	0.009638554	0.0002190581	0	0	0	0.002322015	0	0	0	0	0	0	0	0	0	0	0.0002190581	0	0	0	0	0	0	0.07325301	0	0	0	4.381161e-05	0.0001314348	0	0	0.001226725	0	0	0	0	0	0	0	0.007228916	4.381161e-05	0	0	8.762322e-05	0	0	0.0003943045	0	0	0.001883899	0	0	0.0005257393	0	0	0	0.0004819277	0	4.381161e-05	0	0	0.008893757	0	0	0	0	0	0	4.381161e-05	0.0003504929	0	0	0	0	0	0.002409639	0	0	0	0.6078423	4.381161e-05	0	0	0	0	0	0	0	0	0	0	0	0	0	0	0	0	0	0	0
Algae_JULI-A	0	0	0.0007686395	0	0	0	0	0	0	0.0425179	0	0	0	0	0	0	0	0	0	0	0	0	0	0	0	0	0	0	0	0	0.002225009	0	0	0	0	0	0	0	0	0	0	0	0.03446741	0	0	0	0	0	0	0	0	0	0	0	0	0	0	0	0.7199725	0	0	0	0	0.03863425	0	0	0.0213196327	0	0	0	0	0	0	0	0	0	0	0	0	0	0	0	0.001173187	0	0	0	0	0	0	0	0	0	0	0	0.01812371	0	0	0	0	0	0	0	0	0	0	0.001739553	0	0	0	0	0	0	0	0	0	0	0	0	0.0002022736	0	0	4.045471e-05	0	0	0	0	0	0	0	0	0	0	0	0	0	0	0	0	4.045471e-05	0	0	0	0	0.006675027	0	0	0	0	0.001173187	0	0	0	0	0	0.0004045471	0	0	0.0008900036	0	0	0	0.1096323	0	0	0	0	0	0	0	0	0	0	0	0	0	0	0	0	0	0	0	0
Algae_JUZE-A	0	0	0	0	0	0	0	0	0	0	0	0	0	0	0	0	0	0	0	0	0	0	0	0	0	0	0	0	0.0006792325	0	0.001528273	0	0	0	0	0	0	0	0	0	0	0	0	0	0	0	0	0	0	0.0006792325	0	0	0	0	0	0	0	0	0.01154695	0	0	0	0	0.2995415	0	0	0.3715401596	0	0	0	0	0	0	0	0	0	0	8.490406e-05	0	0	0	0	0.001952793	0	0	0	0	0	0	0	0	0.0001698081	0	0	0.0005094244	0	0	0	8.490406e-05	0	0	0	0	0	0	0.05136696	0	0	0	0	0	0	0	0	0	0	0	0	0	0	0	0	0	0	0	0	0	0	0.0001698081	0	0	0	0	0	0	0	0	0	0	0	0	0	0	0.1181015	0	0	0	0	0	0	0	0	0	0	0.003735779	0	0	0	0	0	0	0.1383087	0	0	0	0	0	0	0	0	0	0	0	0	0	0	0	0	0	0	0	0
Algae_JUZET-A	0	0	0.001317585	0	0	0	0	0	0	0	0	0	0	0	0	0	0	0	0	0	0	0	0	0	0	0	0	0.002070491	0.001505811	0.0003293963	0.04126865	0	0	9.411322e-05	0	0	0	0	0	0.0002823397	0	0	0	0	0	0	0	0	0.0001882264	0.008517246	0	0.0007529057	0	0	0	0	0	0	0.000235283	0.001270528	0	0	0	0.02851631	0	0	0.0648910639	0	0	0	0	0	0	0	0	0	0	0.0004235095	0	0	0	0	0.01557574	0.0009411322	0	0	0	0.01402287	0	0	0	9.411322e-05	9.411322e-05	0	0	0	0	0	4.705661e-05	0	0	0	0	0	0	0.1943438	0	0	0	0.000235283	9.411322e-05	0	0	0.0008940756	0	0	0	0	0	0	0	0.00555268	0.0001411698	4.705661e-05	0	4.705661e-05	0	0	0.0001411698	0	0	0.0009411322	0	0	0.0009411322	0	0	0	0	0	0.0001411698	0	0	0.0302574	0	0	0	0	0	0	9.411322e-05	0.0001882264	0	0	0.0001882264	0	0	0.000847019	0	0	0	0.5824667	0	0	0	0	0	0	0	0	0	0	0	0	0	0	0	0	0	0	0	0
Algae_JUZET-B	0	0	0.09075019	0	0	0	0	0	0	0	0	0	0	0	0	0	0	0	0	0	0	0	0	0	0	0	0	0.001039305	0.001322751	0.0001417234	0.0204554	0	0	0	0	0	0	0	0	9.448224e-05	0	0	0	0	0	0	0	0	4.724112e-05	0.01818783	0	0.0004724112	0	0	0	0	0	0	0.004535147	0.0002362056	0	0	0	0.0901833	0	4.724112e-05	0.0372260015	0	0	0	0	0	0	0	0	9.448224e-05	0	0.0003779289	0	0	0	0	0.007086168	0.0004724112	0	0	0	0.002362056	0	0	0	0	0	0	0	0	0	0	0.0001417234	0	0	0	4.724112e-05	0	0	0.1778156	0	0	0	0.0002834467	0.0001417234	0	0	0.0008975813	0	0	0	0	0	0	0	0.002031368	4.724112e-05	0	0	0.0001417234	0	0	0.0006613757	0	0	0.0007558579	0	0	0.001558957	0	0	0	0	0	4.724112e-05	0	0	0.02291194	0	4.724112e-05	0	0	0	0	0	0.0004251701	0	0	4.724112e-05	0	0	0.0007086168	0	0	0	0.516062	9.448224e-05	0	0	0	0	0	0	0	0	0	0	0	0	0	0	0	0	0	0	0
Algae_JUZET-C	0	0	0.003216986	0	0	0	0	0	0	0	0	0	0	0	0	0	0	0	0	0	0	0	0	0	0	0	0	0.001158115	0.003152646	0.001383304	0.01914106	0	0	0.0004182081	0	0	0	0	0	0.0005468876	0	0	3.216986e-05	0	0	0	0	0	0.0001930191	0.0128036	0	0.003249156	0	0	0	0	0	0	0.006369632	0.001029435	0	0	0	0.05131092	0	3.216986e-05	0.0452629886	0	0	0	0	0	0	0	0	9.650957e-05	0	0.0001608493	0	0	0	0	0.01119511	0.0008042464	0	0	0	0.0009650957	0	0	0	6.433971e-05	3.216986e-05	0	0	0	0	0	0.0002895287	0	0	0	3.216986e-05	0	0	0.1491716	0	0	0	0.0003216986	0	0	0	0.0003216986	0	0	0	0	0	0	0	0.003410005	0	0	0	3.216986e-05	0	0	0.0002573589	0	0	0.0008685861	0	0	0.000675567	0	0	0	3.216986e-05	0	0.0001930191	0	0	0.02216503	0	3.216986e-05	0	0	0	0	0.0001286794	0.0005468876	0	0	0.001383304	0	0	0.0009972656	0	0	0	0.6564259	9.650957e-05	0	0	0	0	0	0	0	0	0	0	0	0	0	0	0	0	0	0	0
Algae_LABA-A	0	0	3.475118e-05	0	0	0	0	0	0	0	0	0	0	0	0	0	0	0	0	0	0	0	0	0	0	0	0	0.0002432583	0.0002432583	6.950236e-05	0.02043369	0	0	0	0	0	0	0	0	0	0	0	6.950236e-05	0	0	0	0	0	0.002085071	0.01271893	0	0.0004865165	0	0	0	0	0	0	0.006116208	0.0001737559	0	0	0	0.2092369	0	0	0.03617598	0	0	0	0	0	0	0	0	3.475118e-05	0	0.0001737559	0	0	0	0	0.003579372	0.0003475118	0	0	0	0.0002780095	0	0	0	0	0	0	0	0	0	0	0	0	0	0	0	0	0	0.07958021	0	0	0	0	0	0	0	0.0001737559	0	0	0	0	0	0	0	0.0009382819	0	0	0	0	0	0	6.950236e-05	0	0	6.950236e-05	0	0	0.0005212677	0	0	0	0	0	0	0	0	0.005560189	0	0	0	0	0	0	0	0.0008340284	0	0	0	0	0	0.02335279	0	0	0	0.5963998	0	0	0	0	0	0	0	0	0	0	0	0	0	0	0	0	0	0	0	0
Algae_LABA-B	0	0	0	0	0	0	0	0	0	0	0	0	0	0	0	0	5.624613e-05	0	0	0	0	0	0	0	0	0	0	0.0001124923	0.0003937229	5.624613e-05	0.1817875	0	0	5.624613e-05	0	0	0	0	0	0	0	0	0	0	0	0	0	0	0.0002249845	0.03594128	0	0.0001124923	0	0	0	0	0	0	0.0003374768	0.001687384	0	0	0	0.0974183	0	5.624613e-05	0.0568648405	0	0	0	0	0	0	0	0	0	0	0.001068677	0	0	0	0	0.001687384	0.0001124923	0	0	0	0.004668429	0	0	0	0.0001124923	0	0	0	0	0	0	0.0004499691	0	0	0	0	0	0	0.2059171	0	0	0	0	0	0	0	0.0003937229	0	0	0	0	0	0	0	0.002137353	0	0	0	5.624613e-05	0	0	0.0002249845	0	0	0.00101243	0	0	0	0	0	0	0	0	5.624613e-05	0	0	0.02756061	0	0	0	0	0	0	0	0.0001687384	0	0	0	0	0	0	0	0	0	0.3792677	0	0	0	0	0	0	0	0	0	0	0	0	0	0	0	0	0	0	0	0
Algae_LABA-C	0	0	0.0005443202	0	0	0	0	0	0	0	0	0	0	0	0	0	0	0	0	0	0	0	0	0	0	0	0	0	0.0002512247	0.0003349663	0.04383871	0	0	0.0001256124	0	0	0	0	0	0	0	0	0	0	0	0	0	0	8.374157e-05	0.03035632	0	0.0002093539	0	0	0	0	0	0	0.001423607	0.0006699326	0	0	0	0.302349	0	0	0.0350039777	0	0	0	0	0	0	0	0	0	0	0.0002512247	0	0	0	0	0.004647657	0	0	0	0	0.001004899	0	0	0	0	0	0	0	0	0	0	0	0	0	0	0	0	0	0.1656827	0	0	0	0	0	0	0	0.0004605787	0	0	0	0	0	0	0	0.003600888	0	0	0	0	0	0	0.0001256124	0	0	0.0001256124	0	0	0.0001256124	0	0	0	0	0	8.374157e-05	0	0	0.01917682	0	0	0	0	0	0	0	0	0	0	0	0	0	0.0001256124	0	0	0	0.3893983	0	0	0	0	0	0	0	0	0	0	0	0	0	0	0	0	0	0	0	0
Algae_LABAS-A	0	0	0	0	0	0	0	0	0	0	0	0	0	0	0	0	0	0	0	0	0	0	0	0	0	0	0	0	0.0003507678	0	0.003741523	0	0	0	0	0	0	0	0	0	0	0	0.003273833	0	0	0	0	0	0	3.89742e-05	0	0	0	0	0	0	0	0	0.02022761	0.0002338452	0	0	0	0.3604724	0	0	0.2332995557	0	0	0	0	0	0	0	0	0	0	0.000194871	0	0	0	0	0.002338452	0	0	0	0	0	0	0	0	3.89742e-05	0	0	0.003312807	0	0	0	0.0001558968	0	0	0	0	0	0	0.01457635	0	0	0	0	0	0	0	0	0	0	0	0	0	0	0	0	0	0	0	0	0	0	0.0004676904	0	0	0	0	0	0	0	0	0	0	0	0	0	0	0.1728116	0	0	0	0	0	0	0	0	0	0	0.007872788	0	0	0	0	0	0	0.1765921	0	0	0	0	0	0	0	0	0	0	0	0	0	0	0	0	0	0	0	0
Algae_LABAS-B	0	0	0	0	0	0	0	0	0	0	0	0	0	0	0	0	0	0	0	0	0	0	0	0	0	0	0	0	0.0206208	0	0.001060965	0	0	0	0	0	0	0	0	0	0	0	0.002502788	0	0	0	0	0	0	0	0	0	0	0	0	0	0	0	0.06373949	0.01305803	0	0	0	0.1890965	0	0	0.3705215049	0	0	0	0	0	0	0	0	0	0	5.440844e-05	0	0	0	0	0.03743301	0.0004352676	0	0	0	0	0	0	0	0	0	0	0.001088169	0	0	0	5.440844e-05	0	0	0	0	0	0	0.008678147	0	0	0	5.440844e-05	0	0	0	0	0	0	0	0	2.720422e-05	0	0	0.0001632253	0	0	0	0	0	0	0.0002720422	0	0	0	0	0	0	0	0	0	0	0	0	0	0	0.1617291	0	0	0	0	0	0	0	0	0	0	0.0004624718	0	0	0	0	0	0	0.128948	0	0	0	0	0	0	0	0	0	0	0	0	0	0	0	0	0	0	0	0
Algae_LABR-A	0	0	0.001974577	0.001604344	0	0	0	0	0	0	0	0	0	0	0	0	4.113703e-05	0	0	0	0	0	0	0	0	0	0	0	0.0002879592	4.113703e-05	0.02019828	0	0	0	0	0	0	0	0	0	0	0	0	0	0	0	0	0	0.001151837	0.01073676	0	0.0002468222	0	0	0	0	0	0	0.002715044	0.0004525073	0	0	0	0.01991032	0	0	0.0169484553	0	0	0	0	0	0	0	0	0	0	0.0003702332	0	0	0	0	0.003784607	0	0	0	0	0.0006581924	0	0	0	0	0	0	0	0	0	0	0.0002468222	0	0	0	0	0	0	0.04216545	0	0	0	0	0	0	0	4.113703e-05	0	0	0	0	0	0	0	0.003085277	8.227405e-05	4.113703e-05	0	4.113703e-05	0	0	8.227405e-05	0	0	0.01250566	0	0	0.0001645481	0	0	0	0	0	0	0	0	0.01250566	0	0	0	0	0	0	4.113703e-05	0.0001234111	0	0	0	0	0	0.003743469	0	0	0	0.8440084	0	0	0	0	0	0	0	0	0	0	0	0	0	0	0	0	0	0	0	0
Algae_LACR-C	0	0	0.008044554	0.0001160272	0	0	0	0	0	0	0	0	0	0	0	0	0	0	0	0	0	0	0	0	0	0	0	0	0.002591275	0.0003094059	0.03438274	0	0	3.867574e-05	0	0	0	0	3.867574e-05	0.0001933787	0	0	0	0	0	0	0	0	0.002668626	0.01202816	0	0.0001160272	0	0	0	0	0	0	0.001469678	0.001237624	0	0	0	0.02738243	0	3.867574e-05	0.0595993193	0	0	0	0	0	0	0	0	0	0	7.735149e-05	0	0	0	0	0.004486386	7.735149e-05	0	0	0	0.002513923	0	0	0	0	0	0	0	0	0	0	0.0003094059	0	0	0	0	0	0	0.1162206	0	0	0	0	7.735149e-05	0	3.867574e-05	0	0	0	0	0	0	0	0	0.002978032	0.000154703	0	0	0	0	0	7.735149e-05	0	0	0.003210087	0	0	0.0005414604	0	0	0	0	0	0	0	0	0.02494585	0	3.867574e-05	0	0	0	0	0	0.0001933787	0	0	3.867574e-05	0	0	0.006806931	0	0	0	0.6869585	0	0	0	0	0	0	0	0	0	0	0	0	0	0	0	0	0	0	0	0
Algae_LAGR-A	0	0	0.003126396	0	0	0	0	0	0	0	0	0	0	0	0	0	0	0	0	0	0	0	0	0	0	0	0	7.443799e-05	0.000223314	0.000297752	0.5361024	0	0	0	0	0	0	0	0	7.443799e-05	0	0	0	0	0	0	0	0	0.01243114	0.00111657	0	0	0	0	0	0	0	0	0.000446628	0.000148876	0	0	0	0.007592675	0	0.002009826	0.0172696144	0	0	0	0	0	0	0	0	0	0	0.000148876	0	0	0	0	0.000223314	0	0	0	0	0.002382016	0	0	0	0	7.443799e-05	0	0	0	0	0	0	0	0	0	0	0	0	0.02121483	0	0	0	0	0	0	0	0	0	0	0	0	0	0	0	0.01109126	0	0	0	0	0	0	0	0	0	7.443799e-05	0	0	0	0	0	0	0	0	7.443799e-05	0	0	0.02300134	0	0	0	0	0	0	0	0	0	0	0	0	0	0	0	0	0	0.360801	0	0	0	0	0	0	0	0	0	0	0	0	0	0	0	0	0	0	0	0
Algae_LAMA-A	0	0	0.00114893	0	0	0	0	0	0	0	0	0	0	0	0	0	7.180813e-05	0	0	0	0	0	0	0	0	0	0	0.0006462732	0.0008616975	7.180813e-05	0.4010484	0	0	0	0	0	0	0	0	0	0	0	0	0	0	0	0	0	0.01242281	0.001220738	0	7.180813e-05	0	0	0	0	0	0	0.0005026569	0.0003590406	0	0	0	0.00459572	0	0.05349706	0.0165876777	0	0	0	0	0	0	0	0	0	0	7.180813e-05	0	0	0	0	0.0007898894	7.180813e-05	0	0	0	0.0008616975	0	0	0	0	0	0	0	0	0	0	0.0001436163	0	0	0	0	0	0	0.00998133	0	0	0	7.180813e-05	0	0	0	7.180813e-05	0	0	0	0	0	0	0	0.000574465	0	0	0	0	0	0	7.180813e-05	0	0	0	0	0	7.180813e-05	0	0	0	0	0	0	0	0	0.01285366	0	0	0	0	0	0	0	0	0	0	0.004093063	0	0	0	0	0	0	0.477165	0	0	0	0	0	0	0	0	0	0	0	0	0	0	0	0	0	0	0	0
Algae_LAMA-B	0	0	0.0006540222	6.540222e-05	0	0	0	0	0	0	0	0	0	0	0	0	0.0002616089	0	0	0	0	0	0	0	0	0	0	0.0007194245	0.0007848267	0.001700458	0.4486593	0	0	0.0001308044	0	0	0	0	6.540222e-05	0	0	0	0	0	0	0	0	0	0.003400916	0.003008502	0	0.0001308044	0	0	0	0	0	0	0.002419882	0.00058862	0	0	0	0.005820798	0	0.00058862	0.0307390451	0	0	0	0	0	0	0	0	0	0	0.0001308044	0	0	0	0	0.002158273	0	0	0	0	0.001373447	0	0	0	0	0	0	0	0	0	0	0.0003924133	0	0	0	0	0	0	0.03963375	0	0	0	0	6.540222e-05	0	0	0.0001962067	0	0	0	0	0	0	0	0.002877698	6.540222e-05	0	0	6.540222e-05	0	0	0	0	0.003139307	6.540222e-05	0	0	0.0002616089	0	0	0	0	0	0.0001308044	0	0	0.02884238	0	0	0	0	0	0	0	6.540222e-05	0	0	0.003204709	0	0	0.0001962067	0	0	0	0.417397	0	0	0	0	0	0	0	0	0	0	0	0	0	0	0	0	0	0	0	0
Algae_LANT-B	0	0	0	0	0	0	0	0	0	0	0	0	0	0	0	0	0	0	0	0	0	0	0	0	0	0	0	0	0	0	0.02972561	0	0	0	0	0	0	0	0	8.468835e-05	0	0	8.468835e-05	0	0	0	0	0	0	0	0	0	0	0	0	0	0	0	0.002117209	0	0	0	0	0.09552846	0	0	0.0537771003	0	0	0	0	0	0	0	0	0	0	8.468835e-05	0	0	0	0	0.001355014	0	0	0	0	0	0	0	0	0	0	0	0.0001693767	0	0	0	0	0	0	0	0	0	0	0.004149729	0	0	0	0	0	0	0	0	0	0	0	0	0	0	0	0	0	0	0	0	0	0	0	0	0	0	0	0	0	0	0	0	0	0	0	0	0	0.01304201	0	0	0	0	0.0001693767	0	0	0	0	0	0.001185637	0	0	0.7455115	0	0	0	0.05301491	0	0	0	0	0	0	0	0	0	0	0	0	0	0	0	0	0	0	0	0
Algae_LANT-C	0	0	0	0	0	0	0	0	0	0	0	0	0	0	0	0	0	0	0	0	0	0	0	0	0	0	0	0	0.0001480166	0	0.03345175	0	0	0	0	0	0	0	0	0	0	0	0.0007400829	0	0	0	0	0	0	0	0	0	0	0	0	0	0	0	0.004292481	0	0	0	0	0.3775903	0	0	0.3376258141	0	0	0	0	0	0	0	0	0	0	0	0	0	0	0	0.003552398	0	0	0	0	0	0	0	0	0	0	0	0.0007400829	0	0	0	0	0	0	0	0	0	0	0.009325044	0	0	0	0	0	0	0	0	0	0	0	0	0.0002960332	0	0	0	0	0	0	0	0	0	0	0	0	0	0	0	0	0	0	0	0	0	0	0	0	0.04662522	0	0	0	0	0.0008880995	0	0	0	0	0	0.003552398	0	0	0	0	0	0	0.1811723	0	0	0	0	0	0	0	0	0	0	0	0	0	0	0	0	0	0	0	0
Algae_LANT-D	0	0	0	0	0	0	0	0	0	0	0	0	0	0	0	0	0	0	0	0	0	0	0	0	0	0	0	0	0	0	0.03700742	0	0	0	0	0	0	0	0	0	0	0	0.0007995431	0	0	0	0	0	0	0	0	0	0	0	0	0	0	0	0.006396345	0	0	0	0	0.5079383	0	0	0.1572815534	0	0	0	0	0	0	0	0	0	0	0.0009137636	0	0	0	0	0.001941748	0	0	0	0	0	0	0	0	0	0	0	0.0009137636	0	0	0	0.0001142204	0	0	0	0	0	0	0.01130782	0	0	0	0	0	0	0	0	0	0	0	0	0	0	0	0.0003426613	0	0	0	0	0	0	0	0	0	0	0	0	0	0	0	0	0	0	0	0	0	0.05870931	0	0.0001142204	0	0	0.0006853227	0	0	0	0	0	0.004111936	0	0	0.02250143	0	0	0	0.1889206	0	0	0	0	0	0	0	0	0	0	0	0	0	0	0	0	0	0	0	0
Algae_LAUZ-A	0	0	0.0005169294	0	0	0	0	0	0	0	0	0	0	0	0	0	0	0	0	0	0	0	0	0	0	0	0	0.0009969353	0.001661559	0.001033859	0.1319647	0	0	0	0	0	0	0	0	3.692353e-05	0	0	0.0002215412	0	0	0	0	0	0.0003323118	0.0007753942	0	0.0003323118	0	0	0	0	0	0	0.009673965	0.0002584647	0	0	0	0.05010523	0	0	0.0598161208	0	0	0	0	0	0	0	0	0	0	0.0001476941	0	0	0	0	0.001956947	0	0	0	0	0.001329247	0	0	0	0	0	0	0	0	0	0	7.384706e-05	0	0	0	0	0	0	0.0546099	0	0	0	0	0	0	0	0.000553853	0	0	0	0	0	0	0	0.00428313	0	0	0	0	0	0	3.692353e-05	0	0	0.0003323118	0	0	0.0002953883	0	0	0	0.0001107706	0	0	0	0	0.01177861	0	0	0	0	0	0	0	0.0001107706	0	0	0	0	0	0	0	0	0	0.6666544	0	0	0	0	0	0	0	0	0	0	0	0	0	0	0	0	0	0	0	0
Algae_LECT-A	0	0	4.969932e-05	0	0	0	0	0	0	0	0	0	0	0	0	0	0	0	0	0	0	0	0	0	0	0	0	0	0.0008945877	0.0003478952	0.1316535	0	0	4.969932e-05	0	0	0	0	0	0	0	0	0.0005963918	0	0	0	0	0	0.01088415	0.001391581	0	4.969932e-05	0	0	0	0	0	0	0.0007951891	0.0004472939	0	0	0	0.007405199	0	0.001689777	0.014015208	0	0	0	0	0	0	0	0	0	0	0	0	0	0	0	0.003926246	0	0	0	0	0.0001987973	0	0	0	0	0.0004969932	0	0	0	0	0	0	0	0	0	0	0	0	0.01540679	0	0	0	0	0	0	0	4.969932e-05	0	0	0	0	0	0	0	0.0002981959	0	0	0	4.969932e-05	0	0	0.0004472939	0	0	4.969932e-05	0	0	9.939864e-05	0	0	0	0	0	0	0	0	0.01192784	0	0	0	0	0	0	0	9.939864e-05	0	0	0.004671736	0	0	0	0	0	0	0.7920083	0	0	0	0	0	0	0	0	0	0	0	0	0	0	0	0	0	0	0	0
Algae_LECT-B	0	0	0.0001108955	0	0	0	0	0	0	0	0	0	0	0	0	0	0.0003326864	0	0	0	0	0	0	0	0	0	0	0.0001108955	0.000221791	0.0001108955	0.09359579	0	0	0	0	0	0	0	0	5.544774e-05	0	0	0.0001108955	0	0	0	0	0	0.001552537	0.001053507	0	5.544774e-05	0	0	0.0006099251	0	0	0	0.001607984	0.0003326864	0	0	0	0.02428611	0	0.002439701	0.0115885778	0	0	0	0	0	0	0	0	0	0	5.544774e-05	0	0	0	0	0.002439701	5.544774e-05	0	0	0	0.0004435819	0	0	0	0	0	0	0	0	0	0	5.544774e-05	0	0	0	0	0	0	0.01985029	5.544774e-05	0	0	5.544774e-05	0	0	0	5.544774e-05	0	0	0	0	0	0	0	0.0009980593	0	0	0	0	0	0	5.544774e-05	0	0	0.0001663432	0	0	5.544774e-05	0	0	0	0	0	0	0	0	0.0123094	0	0	0	0	0	0	0	0.0003326864	0	0	0.0008871638	0	0	0	0	0	0	0.8239534	0	0	0	0	0	0	0	0	0	0	0	0	0	0	0	0	0	0	0	0
Algae_LESP-A	0	0	3.845858e-05	0	0	0	0	0	0	0	0	0	0	0	0	0	0	0	0	0	0	0	0	0	0	0	0	0	0.0006153373	0	0.001999846	0	0	0	0	0	0	0	0	0	0	0	0.04368895	0	0	0	0	0	0	0	0	0	0	0	0	0	0	0	0.07787862	0.0008845473	0	0	0	0.2439812	0	0	0.1929082378	0	0	0	0	0	0	0	0	0	0	0	0	0	0	0	0.002115222	0	0	0	0	0	0	0	0	0	0	0	0.01646027	0	0	0	0.02465195	0	0	0	0	0	0	0.01042228	0	0	0	0	0	0	0	0	0	0	0	0	3.845858e-05	0	0	0	0	0	0	0	0	0	0.001307592	0	0	0	0	0	0	0	0	0	0	0	0	0	0	0.08699331	0	0	0	0	0	0	0	0	0	0	0.003076686	0	0	0	0	0	0	0.292939	0	0	0	0	0	0	0	0	0	0	0	0	0	0	0	0	0	0	0	0
Algae_LOUB-A	0	0	0	0	0	0	0	0	0	0	0	0	0	0	0	0	0	0	0	0	0	0	0	0	0	0	0	0	0.0007022472	0	0.01351826	0	0	0	0	0	0	0	0	0	0	0	0.008953652	0	0	0	0	0	0	0	0	0	0	0	0	0	0	0	0.05600421	0.02492978	0	0	0	0.2673806	0	0	0.2327949438	0	0	0	0	0	0	0	0	0	0	0	0	0	0	0	0.002633427	0	0	0	0	0	0	0	0	0	0	0	0.004213483	0	0	0	0	0	0	0	0	0	0	0.01299157	0	0	0	0	0	0	0	0	0	0	0	0	0	0	0	0	0	0	0	0	0	0	0	0	0	0	0	0	0	0	0	0	0	0	0	0	0	0.09322331	0	0	0	0	0.009480337	0	0	0.001053371	0	0	0	0	0	0	0	0	0	0.2721208	0	0	0	0	0	0	0	0	0	0	0	0	0	0	0	0	0	0	0	0
Algae_LOUB-B	0	0	0.0003601332	0	0	0	0	0	0	0	0	0	0	0	0	0	0	0	0	0	0	0	0	0	0	0	0	0	0	0	0.01737643	0	0	0	0	0	0	0	0	0	0	0	0.004051499	0	0	0	0	0	0	0	0	0	0	0	0	0	0	0	0.05302962	0.0002700999	0	0	0	0.4218061	0	0	0.2095075178	0	0	0	0	0	0	0	0	0	0	0.0003601332	0	0	0	0	0.0013505	0	0	0	0	0	0	0	0	0	0	0	0.004591699	0	0	0	0	0	0	0	0	0	0	0.001800666	0	0	0	0	0	0	0	0	0	0	0	0	0	0	0	0	0	0	0	0	0	0	0	0	0	0	0	0	0	0	0	0	9.003331e-05	0	0	0	0	0.07103628	0	0	0	0	0.0009003331	0	0	0	0	0	0.0007202665	0	0	0	0	0	0	0.2127487	0	0	0	0	0	0	0	0	0	0	0	0	0	0	0	0	0	0	0	0
Algae_LUNA-A	0	0	5.632851e-05	0	0	0	0	0	0	0	0	0	0	0	0	0	0	0	0	0	0	0	0	0	0	0	0	5.632851e-05	8.449276e-05	0.0002534783	0.05968005	0	0	0	0	0	0	0	0	2.816425e-05	0	0	2.816425e-05	0	0	0	0	0	0	0.00132372	0	0.0002816425	0	0	0	0	0	0	0.001239227	5.632851e-05	0	0	0	0.01636343	0	0	0.0045344449	0	0	0	0	0	0	0	0	0	0	0.000112657	0	0	0	0	0.003351546	0.000337971	0	0	0	0.0001689855	0	0	0	0	0	0	0	0	0	0	0	0	0	0	0	0	0	0.07100208	0	0	0	0	0	0	0	0.000112657	0	0	0	0	0	0	0	0.0009294204	0	0	0	2.816425e-05	0	0	0.0007604349	0	0	0.0001408213	0	0	0.0002816425	0	0	0	0	0	2.816425e-05	0	0	0.0148144	0	0	0	0	0	0	0	2.816425e-05	0	0	0.000112657	0	0	0	0	0	0	0.8237481	5.632851e-05	0	0	0	0	0	0	0	0	0	0	0	0	0	0	0	0	0	0	0
Algae_LUZE-A	0	0	0.0002976444	0	0	0	0	0	0	0	0	0	0	0	0	0	0	0	0	0	0	0	0	0	0	0	0	0	0.0008504125	4.252062e-05	0.02096267	0	0	0.0001275619	0	0	0	0	0	0	0	0	0	0	0	0	0	0	4.252062e-05	0.001530742	0	0.0001275619	0	0	0	0	0	0	0.001700825	0.00204099	0	0	0	0.05582958	0	0	0.0622501913	0	0	0	0	0	0	0	0	0	0	0.0005952887	0	0	0	0	0.002338634	0.0002126031	0	0	0	0.003061485	0	0	0	0	0	0	0	0	0	0	0	0	0	0	0	0	0	0.2046092	0	0	0	0	0	0	0	0.0002126031	0	0	0	0	0	0	0	0.00272132	0	0	0	0	0	0	0.0001700825	0	0	0.0002126031	0	0	0.0003826856	0	0	0	0	0	0	0	0	0.04243558	0	4.252062e-05	0	0	0	0	0	0.0003826856	0	0	0	0	0	0.005230037	0	0	0	0.5915894	0	0	0	0	0	0	0	0	0	0	0	0	0	0	0	0	0	0	0	0
Algae_LUZE-B	0	0	6.770481e-05	0	0	0	0	0	0	0	0	0	0	0	0	0	0	0	0	0	0	0	0	0	0	0	0	0	0.001997292	0.001015572	0.02765741	0	0	3.38524e-05	0	0	0	0	0	3.38524e-05	0	0	3.38524e-05	0	0	0	0	0	0.000169262	0.003791469	0	0.000169262	0	0	0	0	0	0	0.0001015572	0.0005416385	0	0	0	0.04258632	0	0	0.0705484089	0	0	0	0	0	0	0	0	0	0	0.0003723764	0	0	0	0	0.001997292	0.0002031144	0	0	0	0.004062288	0	0	0	0	0	0	0	0	0	0	0	0	0	0	0	0	0	0.1708192	0	0	0	0	3.38524e-05	0	0	0.0002031144	0	0	0	0	0	0	0	0.008259986	0.0001354096	0	0	0	0	0	3.38524e-05	0	0	0.0002708192	0	0	0	0	0	0	0	0	0	0	0	0.05094787	0	3.38524e-05	0	0	0	0	0	0.0005077861	0	0	0	0	0	3.38524e-05	0	0	0	0.6133378	0	0	0	0	0	0	0	0	0	0	0	0	0	0	0	0	0	0	0	0
Algae_LUZE-D	0	0	0	0	0	0	0	0	0	0	0	0	0	0	0	0	0	0	0	0	0	0	0	0	0	0	0	0	0.006619287	0	0.0006270903	0	0	0	0	0	0	0	0	0	0	0	0.03846154	0	0	0	0	0	0	0	0	0	0	0	0	0	0	0	0.05016722	0	0	0	0	0.217879	0	0	0.2123049052	0	0	0	0	0	0	0	0	0	0	0.0002090301	0	0	0	0	0.0003483835	0	0	0	0	0	0	0	0	0	0	0	0.05964326	0	0	0	0.02215719	0	0	0	0	0	0	0.0182553	0	0	0	6.96767e-05	0	0	0	0	0	0	0	0	0.002159978	0	0	0	0	0	0	0	0	0	0.0001393534	0	0	0	0	0	0	0	0	0	0	0	0	0	0	0.03414158	0	0	0	0	0	0	0	0	0	0	0.001741918	0	0	0	0	0	0	0.3350753	0	0	0	0	0	0	0	0	0	0	0	0	0	0	0	0	0	0	0	0
Algae_LUZE-E	0	0	3.896357e-05	0	0	0	0	0	0	0	0	0	0	0	0	0	0	0	0	0	0	0	0	0	0	0	0	0	0.0005065264	0	0.0006623807	0	0	0	0	0	0	0	0	0	0	0	0.007325151	0	0	0	0	0	0	0	0	0	0	0	0	0	0	0	0.03982077	7.792714e-05	0	0	0	0.5724917	0	0	0.17576466	0	0	0	0	0	0	0	0	0	0	0	0	0	0	0	0.0009740892	0	0	0	0	0	0	0	0	3.896357e-05	0	0	0.004324956	0	0	0	0.01468927	0	0	0	0	0	0	0.008533022	0	0	0	3.896357e-05	0	0	0	0	0	0	0	0	0	0	0	0	0	0	0	0	0	0	3.896357e-05	0	0	0	0	0	0	0	0	0	0	0	0	0	0	0.05864017	0	0	0	0	0	0	0	0	0	0	0.001363725	0	0	0	0	0	0	0.1146698	0	0	0	0	0	0	0	0	0	0	0	0	0	0	0	0	0	0	0	0
Algae_MARS-A	0	0	0.0001804468	3.608936e-05	0	0	0	0	0	0	0	0	0	0	0	0	0	0	0	0	0	0	0	0	0	0	0	7.217871e-05	0.0003248042	7.217871e-05	0.2093905	0	0	3.608936e-05	0	0	0	0	0.0001804468	0	0	0	0	0	0	0	0	0	0.002381898	0.001804468	0	0.0003248042	0	0	0	0	0	0	0.001371396	0.0002887149	0	0	0	0.01270345	0	0.0006135191	0.0686419575	0	0	0	0	0	0	0	0	0	0	0.0001443574	0	0	0	0	0.00674871	0.0009022339	0	0	0	0.0016962	0	0	0	0.0002526255	0.0002526255	0	0	0	0	0	3.608936e-05	0	0	0	0	0	0	0.111083	0	0	0	0	0.0001082681	0	0	0.0001443574	0	0	0	0	0	0	0	0.007831391	3.608936e-05	0	0	7.217871e-05	0	0	0.0006496084	0	0	0.0006135191	0	0	0.001335306	0	0	0	3.608936e-05	0	0.0001804468	0	0	0.02464903	0	3.608936e-05	0	0	0	0	0	0.0001443574	0	0	0.0008661446	0	0	0	0	0	0	0.5437223	3.608936e-05	0	0	0	0	0	0	0	0	0	0	0	0	0	0	0	0	0	0	0
Algae_MARS-B	0	0	5.126102e-05	0	0	0	0	0	0	0	0	0	0	0	0	0	0	0	0	0	0	0	0	0	0	0	0	0.0004100882	0.0003075661	0.0004613492	0.1951507	0	0	5.126102e-05	0	0	0	0	5.126102e-05	0	0	0	0	5.126102e-05	0	0	0	0	0.004357187	0.001281526	0	0.00102522	0	0	0	0	0	0	0.001127742	0.001332787	0	0	0	0.01860775	0	0.0004613492	0.0568484724	0	0	0	0	0	0	0	0	0	0	0.0001537831	0	0	0	0	0.01250769	0.0001537831	0	0	0	0.003639532	0	0	0	5.126102e-05	0.00148657	0	0	0	0	0	0.003178183	0	0	0	0	0	0	0.07566127	0	0	0	0.00102522	0	0	0	0.0005638712	0	0	0	0	0	0	0	0.002306746	0	0	0	0	0	0	0.0009739594	0	0	0.0007176543	0	0	0.001742875	0	0	0	0.0001537831	0	5.126102e-05	0	0	0.03239697	0	0	0	0	0	0	0	0	0	0	0.003126922	0	0	0	0	0	0	0.5785319	0	0	0	0	0	0	0	0	0	0	0	0	0	0	0	0	0	0	0	0
Algae_MASS-A	0	0	0.005857234	0	0	0	0	0	0	0	0	0	0	0	0	0	0	0	0	0	0	0	0	0	0	0	0	2.885337e-05	0.0005193606	0.000548214	0.2368284	0	0	2.885337e-05	0	0	0	0	0	0	0	0	0.0008367476	0	0	0	0	0	0	0.0003462404	0	0.0003750938	0	0	0.0001442668	0	0	0	0.0005193606	8.65601e-05	0	0	0	0.07328755	0	0	0.0283628599	0	0	0	0	0	0	0	0	0	0	0	0	0	0	0	0.001211841	0.0001154135	0	0	0	0.005712967	0	0	0	0	0	0	2.885337e-05	0	0	0	0	0	0	0	0	0	2.885337e-05	0.0269779	0	0	0	0	0	0	0	5.770673e-05	0	0	0	0	0	0	0	0.001009868	2.885337e-05	0	0	2.885337e-05	0	0	8.65601e-05	0	0	0.000548214	0	0	0.0001442668	0	0	0	0	0	2.885337e-05	0	0	0.03866351	0	0	0	0	0	0	0.0004328005	0	0	0	0.004962779	0	0	0	0	0	0	0.5721334	2.885337e-05	0	0	0	0	0	0	0	0	0	0	0	0	0	0	0	0	0	0	0
Algae_MEDA-A	0	0	0.07031119	5.606953e-05	0	0	0	0	0	0	0	0	0	0	0	0	0	0	0	0	0	0	0	0	0	0	0	0.0005046257	0.002130642	0.002018503	0.1248668	0	0	0	0	0	0	0	0.0001121391	5.606953e-05	0	0	0	0	0	0	0	0	0.0001121391	0.009027194	0	0.0008971124	0	0	0	0	0	0	0.001121391	0.001065321	0	0	0	0.06061116	0	0	0.1123633305	0	0	0	0	0	0	0	0	0	0	5.606953e-05	0	0	0	0	0.005999439	0.0005046257	0	0	0	0.01390524	0	0	0	0.0001682086	0	0	0	0	0	0	0	0	0	0	0	0	0	0.1681525	0	0	0	0	0	0	0	0.001794225	0	0	0	0	0	0	0	0.002523129	0	0	0	0.0002242781	0	0	0.0001121391	0	0	0.006167648	0	0	0.0002803476	0	0	0	0	0	5.606953e-05	0	0	0.1032801	0	0	0	0	0	0	0.0001121391	0.0003364172	0	0	0.01614802	0	0	0	0	0	0	0.2949257	0	0	0	0	0	0	0	0	0	0	0	0	0	0	0	0	0	0	0	0
Algae_MERE-A	0	0	0.001732185	4.811625e-05	0	0	0	0	0	0	0	0	0	0	0	0	0	0	0	0	0	0	0	0	0	0	0	0	0.0002405812	4.811625e-05	0.1462253	0	0	0	0	0	0	0	0	0	0	0	0	0	0	0	0	0	0.004522927	0.004330462	0	4.811625e-05	0	0	0	0	0	0	0.00038493	0.00076986	0	0	0	0.038493	0	0	0.0287254006	0	0	0	0	0	0	0	0	0	0	0.0001443487	0	0	0	0	0.00115479	9.62325e-05	0	0	0	0.001106674	0	0	0	0	0	0	0	0	0	0	0.0001443487	0	0	0	0	0	0	0.05874994	0	0	0	0	4.811625e-05	0	0	4.811625e-05	0	0	0	0	0	0	0	0.0006736275	0	0	0	4.811625e-05	0	0	0.000192465	0	0	4.811625e-05	0	0	0.0004330462	0	0	0	9.62325e-05	0	0	0	0	0.008564692	0	0	0	0	0	0	0	9.62325e-05	0	0	0	0	0	0.0002886975	0	0	0	0.7024972	0	0	0	0	0	0	0	0	0	0	0	0	0	0	0	0	0	0	0	0
Algae_MERE-B	0	0	0.0003553099	3.947888e-05	0	0	0	0	0	0	0	0	0	0	0	0	0	0	0	0	0	0	0	0	0	0	0	3.947888e-05	0.0005527043	0.0001579155	0.06044216	0	0	0	0	0	0	0	0	3.947888e-05	0	0	3.947888e-05	0	0	0	0	0	0.007224635	0.00351362	0	7.895776e-05	0	0	0	0	0	0	0.001539676	0.000315831	0	0	0	0.00844848	0	0	0.0100276352	0	0	0	0	0	0	0	0	0	0	0.0001973944	0	0	0	0	0.001697592	3.947888e-05	0	0	0	0.0001973944	0	0	0	3.947888e-05	0	0	0	0	0	0	7.895776e-05	0	0	0	0	0	0	0.04717726	0	0	0	0	0	0	0	3.947888e-05	0	0	0	0	0	0	0	0.0134623	0	0	0	0	0	0	7.895776e-05	0	0	0.0001973944	0	0	0	0	0	0	0	0	0	0	0	0.01085669	0	7.895776e-05	0	0	0	0	0	0	0	0	0	0	0	0	0	0	0	0.8330438	0	0	0	0	0	0	0	0	0	0	0	0	0	0	0	0	0	0	0	0
Algae_MERV-A	0	0	0.02388544	0	0	0	0	0	0	0	0	0	0	0	0	0	0.001623283	0	0	0	0	0	0	0	0	0	0	0.001449359	0.0006377181	0.0002898719	0.2862195	0	0	0	0	0	0	0	0	5.797438e-05	0	0	0	0	0	0	0	0	0.003884283	0.001449359	0	5.797438e-05	0	0	0	0	0	0	0.002145052	0.001043539	0	0	0	0.006725028	0	0.0005797438	0.0368717027	0	0	0	0	0	0	0	0	0	0	0.0003478463	0	0	0	0	0.002376949	0	0	0	0	0.001913154	0	0	0	0	0	0	0	0	0	0	0.0003478463	0	0	0	0	0	0	0.04550988	0	0	0	0.0001159488	5.797438e-05	0	5.797438e-05	0.0002318975	0	0	0	0	0.0001159488	0	0	0.004811873	0	0	0	0	0	0	0	0	0	5.797438e-05	0	0	0	0	0	0	0	0	0	0	0	0.013566	0	0	0	0	0	0	0	5.797438e-05	0	0	0	0	0	0.0002318975	0	0	0	0.563279	0	0	0	0	0	0	0	0	0	0	0	0	0	0	0	0	0	0	0	0
Algae_MONB-A	0	0	4.630273e-05	4.630273e-05	0	0	0	0	0	0	0	0	0	0	0	0	0.0001389082	0	0	0	0	0	0	0	0	0	0	4.630273e-05	0.0001852109	0.0003704218	0.2490161	0	0	0	0	0	0	0	0	0	0	0	4.630273e-05	0	0	0	0	0	0.007686253	0.001481687	0	0.0004167245	0	0	0	0	0	0	0.003472705	0.0005556327	0	0	0	0.008195583	0	4.630273e-05	0.0085660045	0	0	0	0	0	0	0	0	0	0	9.260545e-05	0	0	0	0	0.0050933	9.260545e-05	0	0	0	4.630273e-05	0	0	0	4.630273e-05	4.630273e-05	0	0	0	0	0	0.0002778164	0	0	0	0	0	0	0.02972635	0	0	0	0	0	0	0	0.001481687	0	0	0	0	0	0	0	0.001064963	0	0	0	9.260545e-05	0	0	0.0002315136	0	0	0.0001852109	0	0	0.0003704218	0	0	0	0	0	9.260545e-05	0	0	0.01120526	0	0	0	0	0	0	4.630273e-05	0.0002315136	0	0	0.003657915	0	0	0	0	0	0	0.6655554	4.630273e-05	0	0	0	0	0	0	0	0	0	0	0	0	0	0	0	0	0	0	0
Algae_MONE-A	0	0	0.001777331	0	0	0	0	0	0	0	0	0	0	0	0	0	0.0002012072	0	0	0	0	0	0	0	0	0	0	0	0.00221328	0.0001676727	0.02991281	0	0	0.0001676727	0	0	0	0	0	3.353454e-05	0	0	0	0	0	0	0	0	0.0004024145	0.002816901	0	0.0004694836	0	0	0	0	0	0	0.002716298	0.003487592	0	0	0	0.01656606	0	0	0.152917505	0	0	0	0	0	0	0	0	0.0002012072	0	0.0001676727	0	0	0	0	0.006270959	0.0001341382	0	0	0	0.01327968	0	0	0	0	0	0	0	0	0	0	0.0005365526	0	0	0	0	0	0	0.1200201	0	0	0	0	6.706908e-05	0	0	0.01408451	0	0	0	0	0	0	0	0.06532529	0	0.0001341382	0	0	0	0	0.0004024145	0	0	0.0006706908	0	0	0.002045607	0	0	0	0	0	6.706908e-05	0	0	0.01810865	0	3.353454e-05	0	0	0	0	0.0002682763	0.0006371563	0	0	0	0	0	0.0007712944	0	0	0	0.5429242	0	0	0	0	0	0	0	0	0	0	0	0	0	0	0	0	0	0	0	0
Algae_MONF-A	0	0	6.94927e-05	0	0	0	0	0	0	0	0	0	0	0	0	0	0	0	0	0	0	0	0	0	0	0	0	0.00114663	0.0002084781	3.474635e-05	0.2511466	0	0	0	0	0	0	0	3.474635e-05	0	0	0	0.0001042391	0	0	0	0	0	0.0007991661	0.00218902	0	0.0002779708	0	0	0	0	0	0	0.00180681	0.0008339124	0	0	0	0.009346769	0	0.0004517026	0.0230368311	0	0	0	0	0	0	0	0	0	0	6.94927e-05	0	0	0	0	0.004794997	0.0003127172	0	0	0	0.0005211953	0	0	0	0	0	0	0	0	0	0	0	0	0	0	0	0	0	0.07359277	0	0	0	0	0	0	0	0.0001042391	0	0	0	0	0	0	0	0.003509382	0	0	0	3.474635e-05	0	0	0.0004864489	0	0	6.94927e-05	0	0	0.0001737318	0	0	0	0	0	0	0	0	0.03968033	0	0	0	0	0	0	0	0.0001389854	0	0	0.0003127172	0	0	0	0	0	0	0.5847116	0	0	0	0	0	0	0	0	0	0	0	0	0	0	0	0	0	0	0	0
Algae_MONT-A	0	0	0.01953418	0	0	0	0	0	0	0	0	0	0	0	0	0	0.0001408715	0	0	0	0	0	0	0	0	0	0	9.391435e-05	0.002347859	0.0004226146	0.07766717	0	0	0.001549587	0	0	0	0	0	0.0001408715	0	0	0	0	0	0	0	0	0.002723516	0.001408715	0	0.0008452292	0	0	0	0	0	0	0.006245304	0.005118332	0	0	0	0.1270661	0	4.695718e-05	0.1081893313	0	0	0	0	0	0	0	0	0.0003287002	0	0.0007043576	0	0	0	0	0.008405334	0.0001408715	0	0	0	0.002582645	0	0	0	0.0002817431	4.695718e-05	0	0	0	0	0	0.00366266	0	0	0	0	0	0	0.1472107	0	0	0	4.695718e-05	0.0004695718	0	0	0.0007513148	0	0	0	0	0	0	0	0.01122276	0	0	0	0	0	0	0.0006104433	0	0	0.0004226146	0	0	0.002394816	0	0	0	0	0	0.0001878287	0	0	0.01662284	0	0	0	0	0	0	0	0.001784373	0	0	0	0	0	0	0	0	0	0.4485819	0	0	0	0	0	0	0	0	0	0	0	0	0	0	0	0	0	0	0	0
Algae_MONT-B	0	0	0.0648078	0	0	0	0	0	0	0	0	0	0	0	0	0	0.0002165674	0	0	0	0	0	0	0	0	0	0	0	5.414185e-05	0.0003248511	0.07260422	0	0	0.000378993	0	0	0	0	0	0	0	0	0	0	0	0	0	0	0.0129399	0.0004331348	0	0	0	0	0	0	0	0	0.002761234	0.0009745533	0	0	0	0.03508392	0	0	0.0520303194	0	0	0	0	0	0	0	0	5.414185e-05	0	0.0008121278	0	0	0	0	0.001407688	0.0001082837	0	0	0	0.00936654	0	0	0	0	0	0	0	0	0	0	0	0	0	0	0	0	0	0.3192745	0	0	0	0	5.414185e-05	0	0.0005414185	0	0	0	0	0	0	0	0	0.01277748	0	0	0	0	0	0	0.0001082837	0	0	0	0	0	0.0005955604	0	0	0	0	0	0	0	0	0.0269085	0	0	0	0	0	0	0	0.0007038441	0	0	0	0	0	0	0	0	0	0.3846779	0	0	0	0	0	0	0	0	0	0	0	0	0	0	0	0	0	0	0	0
Algae_MONTB-A	0	0	0	0	0	0	0	0	0	0	0	0	0	0	0	0	0	0	0	0	0	0	0	0	0	0	0	0	0.0006616382	0	0.007410348	0	0	0	0	0	0	0	0	0	0	0	0.007498566	0	0	0	0	0	0	0	0	0	0	0	0	0	0	0	0.03171453	0.03356711	0	0	0	0.2149001	0	0	0.2582153412	0	0	0	0	0	0	0	0	0	0	0.0001323276	0	0	0	0	0.00110273	0	0	0	0	0	0	0	0	0	0	0	0.03868378	0	0	0	0	0	0	0	0	0	0	0.01023334	0	0	0	0	0	0	0	0	0	0	0	0	8.821843e-05	0	0	0	0	0	0	0	0	0	0	0	0	0	0	0	0	0	0	0	0	0	0	0	0	0.1967271	0	0	0	0	0	0	0	0	0	0	0.003087645	0	0	0	0	0	0	0.1959772	0	0	0	0	0	0	0	0	0	0	0	0	0	0	0	0	0	0	0	0
Algae_MONTG-B	0	0	0.003698093	0	0	0	0	0	0	0	0	0	0	0	0	0	0.0009802174	0	0	0	0	0	0	0	0	0	0	4.455534e-05	0.003608982	0.0004455534	0.112324	0	0	0.0001782214	0	0	0	0	4.455534e-05	0	0	0	0.0002227767	0	0	0	0	0	0.0001782214	0.002717876	0	0.001470326	0	0	0	0	0	0	0.006059526	0.001648547	0	0	0	0.04250579	0	0	0.0438870077	0	0	0	0	0	0	0	0	4.455534e-05	0	4.455534e-05	0	0	0	0	0.0104705	0.001514881	0	0	0	0.001158439	0	0	0	4.455534e-05	0	0	0	0	0	0	0.00200499	0	0	0	0	0	0	0.05003564	0	0	0	0.0004901087	0	0	0	0.001069328	0	0	0	0	0	0	0	0.002272322	0	0	0	0.0002227767	0	0	0.0003564427	0	0	0.002316878	0	0	0.0003564427	0	0	0	0	0	0.0001782214	0	0	0.02071823	0	4.455534e-05	0	0	0	0	4.455534e-05	0.0009802174	0	0	0.0007574407	0	0	0	0	0	0	0.6848155	4.455534e-05	0	0	0	0	0	0	0	0	0	0	0	0	0	0	0	0	0	0	0
Algae_MONTI-A	0	0	0.0001724376	3.448752e-05	0	0	0	0	0	0	0	0	0	0	0	0	0	0	0	0	0	0	0	0	0	0	0	0	0.0005518002	6.897503e-05	0.0754242	0	0	0.0006897503	0	0	0	0	0	0	0	0	0.0001034625	0	0	0	0	0	3.448752e-05	0.001310526	0	0.0002759001	0	0	0	0	0	0	0.007794179	0.0004138502	0	0	0	0.01058767	0	0	0.0093461167	0	0	0	0	0	0	0	0	0	0	6.897503e-05	0	0	0	0	0.004276452	6.897503e-05	0	0	0	6.897503e-05	0	0	0	0	0	0	0	0	0	0	6.897503e-05	0	0	0	0	0	0	0.04469582	0	0	0	0	3.448752e-05	0	0	0.0008966754	0	0	0	0	0	0	0	0.001241551	0	0	0	3.448752e-05	0	0	0.0008966754	0	0	0.0001724376	0	0	0.001000138	0	0	0	0	0	0	0	0	0.01279487	0	0	0	0	0	0	0	0.0001724376	0	0	0	0	0	0	0	0	0	0.8267002	0	0	0	0	0	0	0	0	0	0	0	0	0	0	0	0	0	0	0	0
Algae_MONTI-B	0	0	0.004056431	3.589762e-05	0	0	0	0	0	0	0	0	0	0	0	0	0	0	0	0	0	0	0	0	0	0	0	0	0.001076929	0.0003230786	0.1968984	0	0	0.0001076929	0	0	0	0	0	0	0	0	3.589762e-05	0	0	0	0	0	7.179524e-05	0.006389776	0	0.0001076929	0	0	0	0	0	0	0.0004307714	0.0009692357	0	0	0	0.03155401	0	3.589762e-05	0.0127795527	0	0	0	0	0	0	0	0	0	0	0.0001794881	0	0	0	0	0.002441038	0.0004666691	0	0	0	0.000287181	0	0	0	0	0	0	0	0	0	0	0.0003230786	0	0	0	0	0	0	0.0844671	0	0	0	0	0	0	0	0.0001794881	0	0	0	0	0	0	0	0.00075385	0	0	0	0.0003948738	0	0	0.0001794881	0	0	0.0001076929	0	0	3.589762e-05	0	0	0	0	0	3.589762e-05	0	0	0.02157447	0	0	0	0	0	0	0	7.179524e-05	0	0	0.0001076929	0	0	0	0	0	0	0.6335212	0	0	0	0	0	0	0	0	0	0	0	0	0	0	0	0	0	0	0	0
Algae_MONTM-A	0	0	0.001979708	0	0	0	0	0	0	0	0	0	0	0	0	0	0	0	0	0	0	0	0	0	0	0	0	0.0006434051	0.002276664	0.000494927	0.09472903	0	0	0.000494927	0	0	0	0	0	0.0001979708	0	0	0	0	0	0	0	0	0.001484781	0.005048255	0	0.001237317	0	0	0	0	0	0	0.0008413759	0.001385796	0	0	0	0.02197476	0	0	0.1099232863	0	0	0	0	0	0	0	0	0	0	0.0002474635	0	0	0	0	0.01460035	0.0001484781	0	0	0	0.02910171	0	0	0	4.94927e-05	0	0	0	0	0	0	0.0002474635	0	0	0	0	0	0	0.1542687	4.94927e-05	0	0	0.001732244	0.0001484781	0	0	0.0004454343	0	0	0	0	4.94927e-05	0	0	0.003365504	0	0	0	4.94927e-05	0	0	0.0002474635	0	0	0.00237565	0	0	0.0001979708	0	0	0	9.89854e-05	0	4.94927e-05	0	0	0.1144271	0	4.94927e-05	0	0	0	0	0	0.0002474635	0	0	0.0001979708	0	0	0.002524128	0	0	0	0.4323682	0	0	0	0	0	0	0	0	0	0	0	0	0	0	0	0	0	0	0	0
Algae_MONTM-B	0	0	0.00130524	0.00163155	0	0	0	0	0	0	0	0	0	0	0	0	0	0	0	0	0	0	0	0	0	0	0	0.0003263099	0.0002330785	9.32314e-05	0.06386351	0	0	4.66157e-05	0	0	0	0	4.66157e-05	0	0	0	0	0	0	0	0	0	0	0.04321275	0	0.0006060041	0	0	0	0	0	0	0.002097707	0.001864628	0	0	0	0.09835913	0	4.66157e-05	0.1656255827	0	0	0	0	0	0	0	0	4.66157e-05	0	0.0001864628	0	0	0	0	0.006339735	0.0002330785	0	0	0	0.001771397	0	0	0	0	4.66157e-05	0	0	0	0	0	0.0004195413	0	0	0	0	0	0	0.1771863	0	0	0	0	0	0	0	4.66157e-05	0	0	0	0	4.66157e-05	0	0	0.00368264	0	0	0	0	0	0	0.0003729256	0	0	0.001072161	0	0	0.0007458512	0	0	0	4.66157e-05	0	0	0	0	0.02456647	0	0	0	0	0	0	0	0.000932314	0	0	0	0	0	0.01687488	0	0	0	0.3860246	0	0	0	0	0	0	0	0	0	0	0	0	0	0	0	0	0	0	0	0
Algae_MULE-A	0	0	0.03097202	0	0	0	0	0	0	0	0	0	0	0	0	0	0	0	0	0	0	0	0	0	0	0	0	4.043345e-05	0.000727802	0.0001617338	0.01560731	0	0	0.0002426007	0	0	0	0	0	8.086689e-05	0	0	0	0	0	0	0	0	8.086689e-05	0.0008086689	0	0.0001213003	0	0	0	0	0	0	0.00586285	0.0004852014	0	0	0	0.09170306	0	0	0.0409590814	0	0	0	0	0	0	0	0	0	0	0.0005660683	0	0	0	0	0.003113375	0	0	0	0	0.004205078	0	0	0	0	0	0	0	0	0	0	0	0	0	0	0	0	0	0.1368268	0	0	0	0	4.043345e-05	0	0.0001617338	0	0	0	0	0	0	0	0	0.00610545	0.0001617338	0.0001617338	0	4.043345e-05	0	0	0	0	0	0.0001617338	0	0	4.043345e-05	0	0	0	8.086689e-05	0	0	0	0	0.01103833	0	4.043345e-05	0	0	0	0	0	0.0006065017	0	0	0	0	0	0.002587741	0	0	0	0.6462073	0	0	0	0	0	0	0	0	0	0	0	0	0	0	0	0	0	0	0	0
Algae_NAUV-A	0	0	0	0	0	0	0	0	0	0.03146546	0	0	0	0	0	0	0	0	0	0	0	0	0	0	0	0	0	0	0.0001253604	0	0.001378965	0	0	0	0	0	0	0	0	0	0	0	0.02569888	0.002632569	0	0	0	0	0	0	0	0	0	0	0	0	0	0	0.4484142	0	0	0	0	0.05666291	0	0	0.2627554218	0	0	0	0	0	0	0	0	0	0.0003760812	0	0	0	0	0	0.006268021	0	0	0	0	0	0	0	0	0	0	0	0.02131127	0	0	0	0	0	0	0	0	0	0	0.001755046	0	0	0	0	0	0	0	0.0008775229	0	0	0	0	0	0	0	0.001253604	0	0	0	0	0	0	0	0	0	0.001253604	0	0	0	0	0	0	0	0	0	0	0	0.003635452	0	0.001253604	0	0	0.008649868	0	0	0	0	0	0.0002507208	0	0	0	0	0	0	0.1239814	0	0	0	0	0	0	0	0	0	0	0	0	0	0	0	0	0	0	0	0
Algae_NAUV-B	0	0	0.001545507	0	0	0	0	0	0	0.08340011	0	0	0	0	0	0	0	0	0	0	0	0	0	0	0	0	0	0	5.724098e-05	0	0.01184888	0	0	0	0	0	0	0	0	0	0	0	0.01888952	0	0	0	0	0	0	0	0	0	0	0	0	0	0	0	0.4799084	0	0	0	0	0.1432742	0	0	0.0933028048	0	0	0	0	0	0	0	0	0	0	0.000114482	0	0	0	0	0.001087579	0	0	0	0	0	0	0	0	0	0	0	0.0164854	0	0	0	0	0	0	0	0	0	0	0.002747567	0	0	0	0	0	0	0	0.0002289639	0	0	0	0	0	0	0	0	0	0	0	0	0	0	0	0	0	0	0	0	0	0	0	0	0	0	5.724098e-05	0	0	0.02129365	0	0	0	0	0.01013165	0	0	0	0	0	0.000171723	0	0	5.724098e-05	0	0	0	0.1153978	0	0	0	0	0	0	0	0	0	0	0	0	0	0	0	0	0	0	0	0
Algae_NAUV-C	0	0	0.0001517374	0	0	0	0	0	0	0.03581002	0	0	0	0	0	0	0	0	0	0	0	0	0	0	0	0	0	0	0	0	0.00409691	0	0	0	0	0	0	0	0	0	0	0	0.05674979	0	0	0	0	0	0	0	0	0	0	0	0	0	0	0	0.6308229	0	0	0	0	0.06013859	0	0	0.0286277882	0	0	0	0	0	0	0	0	0	0	0.0001517374	0	0	0	0	0.0003540539	0	0	0	0	0	0	0	0	0	0	0	0.03302817	0	0	0	0	0	0	0	0	0	0	0.003034748	0	0	0	0	0	0	0	0	0	0	0	0	0	0	0	0.0001011583	0	0	0	0	0	0	0	0	0	0	0	0	0	0	0	0	0	0	0	0	0	0.008294977	0	0	0	0	0.002174903	0	0	0	0	0	0.0003034748	0	0	0.002528957	0	0	0	0.1336301	0	0	0	0	0	0	0	0	0	0	0	0	0	0	0	0	0	0	0	0
Algae_NAYR-A	0	0	0	0	0	0	0	0	0	0.001674554	0	0	0	0	0	0	0	0	0	0	0	0	0	0	0	0	0	0	0	0	0.0174008	0	0	0	0	0	0	0	0	0	0	0	0.1305424	0	0	0	0	0	0	0	0	0.0001456134	0	0	0	0	0	0	0.3580633	0.0002184201	0	0	0	0.08998908	0	0	0.0917364398	0	0	0	0	0	0	0	0	0	0	0.0001456134	0	0	0	0	0.0005824536	0	0	0	0	0	0	0	0	0	0	0	0.02104114	0	0	0	0	0	0	0	0	0	0	0.001237714	0	0	0	0	0	0	0	0	0	0	0	0	0.0001456134	0	0	7.28067e-05	0	0	0	0	0	0	0	0	0	0	0	0	0	0	0	0	0	0	0	0	0	0.006188569	0	0	0	0	0.01485257	0	0	0	0	0	0	0	0	0	0	0	0	0.2659629	0	0	0	0	0	0	0	0	0	0	0	0	0	0	0	0	0	0	0	0
Algae_NAZA-A	0	0	0.007785467	0	0	0	0	0	0	0	0	0	0	0	0	0	0	0	0	0	0	0	0	0	0	0	0	0.0001081315	0.001459775	0.0009731834	0.1803633	0	0	5.406574e-05	0	0	0	0	0	0	0	0	0	0	0	0	0	0	0.0001081315	0.002054498	0	0.0001081315	0	0	0	0	0	0	0.004433391	0.0002703287	0	0	0	0.01719291	0	0	0.0349805363	0	0	0	0	0	0	0	0	0	0	0	0	0	0	0	0.001946367	0	0	0	0	0.004217128	0	0	0	0	0	0	0	0	0	0	0	0	0	0	0	0	0	0.0721237	0	0	0	0.0001081315	0	0	0	0.0001081315	0	0	0	0	0	0	0	0.003243945	0	0	0	0	0	0	0	0	0	0.0001621972	0	0	5.406574e-05	0	0	0	5.406574e-05	0	0	0	0	0.03644031	0	0	0	0	0	0	0	0.0001081315	0	0	0	0	0	0	0	0	0	0.631542	0	0	0	0	0	0	0	0	0	0	0	0	0	0	0	0	0	0	0	0
Algae_PAMP-A	0	0	0.006528879	4.005447e-05	0	0	0	0	0	0	0	0	0	0	0	0	0	0	0	0	0	0	0	0	0	0	0	0.002323159	0.002323159	0.0005207082	0.0371305	0	0	0.002042778	0	0	0	0	0	0.0006408716	0	0	0	0	0	0	0	0	8.010895e-05	0.002763759	0	0.0001201634	0	0	0	0	0	0	0.009412801	0.001682288	0	0	0	0.09072338	0	0	0.0628454698	0	0	0	0	0	0	0	0	0.0002002724	0	0.0005207082	0	0	0	0	0.00688937	0.0001602179	0	0	0	0.004045502	0	0	0	0	0.0002002724	0	0	0	0	0	0.001441961	0	0	0	0	0	0	0.114716	0	0	0	0	0	0	0.0001201634	0.0005207082	0	0	0	0	0	0	0	0.01209645	8.010895e-05	0	0	4.005447e-05	0	0	0.0003204358	0	0	0.0002002724	0	0	0.002082833	0	0	0	0	0	0	0	0	0.03384603	0	0	0	0	0	0	4.005447e-05	0.001802451	0	0	0	0	0	0.00644877	0	0	0	0.5950493	0	0	0	0	0	0	0	0	0	0	0	0	0	0	0	0	0	0	0	0
Algae_PAMP-B	0	0	0.0001425415	7.127076e-05	0	0	0	0	0	0	0	0	0	0	0	0	0	0	0	0	0	0	0	0	0	0	0	7.127076e-05	0.001888675	0.000285083	0.01268619	0	0	7.127076e-05	0	0	0	0	0	3.563538e-05	0	0	0	0	0	0	0	0	7.127076e-05	0.004525693	0	0.0001069061	0	0	0	0	0	0	0.02562184	0.0008196137	0	0	0	0.09350723	0	0	0.0368113463	0	0	0	0	0	0	0	0	3.563538e-05	3.563538e-05	0.0001781769	0	0	0	0	0.004062433	0	0	0	0	0.002922101	0	0	0	0	0	0	0	0	0	0	0.0008552491	0	0	0	0	0	0	0.04817903	0	0	0	0	0.0001425415	0	0	0.0003207184	0	0	0	0	0	0	0	0.003634809	0	0	0	0	0	0	0.0001781769	0	0	0.0006770722	0	0	0.002601383	0	0	0	0.0001069061	0	0	0	0	0.02733234	0	0	0	0	0	0	0	0.0006770722	0	0	0	0	0	7.127076e-05	3.563538e-05	0	0	0.731238	0	0	0	0	0	0	0	0	0	0	0	0	0	0	0	0	0	0	0	0
Algae_PASD-B	0	0	0	0	0	0	0	0	0	0	0	0	0	0	0	0	0	0	0	0	0	0	0	0	0	0	0	0	0.0276208	0	0.00800822	0	0	0	0	0	0	0	0	0	0	0	0	0	0	0	0	0	0	0.01133239	0	6.043939e-05	0	0	0	0	0	0	0.0004532955	0	0	0	0	0.482125	0	0	0.2426641685	0	0	0	0	0	0	0	0	0	0	6.043939e-05	0	0	0	0	0.00099725	0	0	0	0	0	0	0	0	6.043939e-05	0	0	0.0002417576	0	0	0	0	0	0	0	0	0	0	0.01284337	0	0	0	3.02197e-05	0	0	0	0	0	0	0	0	3.02197e-05	0	0	0.0002417576	0	0	0	0	0	0	6.043939e-05	0	0	0	0	0	0	0	0	0	6.043939e-05	0	0	0	0	0.09241183	0	0	0	0	0	0	0	6.043939e-05	0	0	0.01205766	0	0	0	0	0	0	0.1085794	0	0	0	0	0	0	0	0	0	0	0	0	0	0	0	0	0	0	0	0
Algae_PREI-A	0	0	0.0001007151	0	0	0	0	0	0	0	0	0	0	0	0	0	0	0	0	0	0	0	0	0	0	0	0	0.002064659	0.0001007151	0.0006042905	0.1298217	0	0	0	0	0	0	0	0	0	0	0	0.0004532178	0	0	0	0	0	0.02321483	0.003021452	0	0.0002014302	0	0	0	0	0	0	0.003575385	0.0001007151	0	0	0	0.004834324	0	0.0008057206	0.0118843791	0	0	0	0	0	0	0	0	0	0	0.0001007151	0	0	0	0	0.001863229	5.035754e-05	0	0	0	0.0004532178	0	0	0	0	5.035754e-05	0	0	0	0	0	0	0	0	0	0	0	0	0.0377178	0	0	0	0	5.035754e-05	0	0	0.0001007151	0	0	0	0	0	0	0	0.0001510726	0	0	0	0	0	0	0.0001007151	0	0	5.035754e-05	0	0	5.035754e-05	0	0	0	0	0	0	0	0	0.01425118	0	0	0	0	0	0	0	5.035754e-05	0	0	0.008812569	0	0	0	0	0	0	0.7553631	0	0	0	0	0	0	0	0	0	0	0	0	0	0	0	0	0	0	0	0
Algae_PREI-A(2)	0	0	0.001954748	4.886869e-05	0	0	0	0	0	0	0	0	0	0	0	0	0	0	0	0	0	0	0	0	0	0	0	0	0.001563798	9.773738e-05	0.206177	0	0	0	0	0	0	0	0	0	0	0	0	0	0	0	0	0	0.005033475	0.002150222	0	0.0005375556	0	0	0	0	0	0	0.0001466061	0.000635293	0	0	0	0.01773933	0	0.04095196	0.0585446904	0	0	0	0	0	0	0	0	0	0	0.0001466061	0	0	0	0	0.004935738	4.886869e-05	0	0	0	0.0008796364	0	0	0	0	4.886869e-05	0	0	0	0	0	0.000635293	0	0	0	0	0	0	0.09123784	0	0	0	0	0	0	0	4.886869e-05	0	0	0	0	0	0	0	0.001905879	0	0	0	0	0	0	0.0003420808	0	0	0.000635293	0	0	9.773738e-05	0	0	0	9.773738e-05	0	4.886869e-05	0	0	0.02223525	0	4.886869e-05	0	0	0	0	0	4.886869e-05	0	0	0.005571031	0	0	0	0	0	0	0.5354054	0	0	0	0	0	0	0	0	0	0	0	0	0	0	0	0	0	0	0	0
Algae_PUYM-B	0	0	0.001956947	0	0	0	0	0	0	0	0	0	0	0	0	0	0	0	0	0	0	0	0	0	0	0	0	0	0.0002174386	0.0007066754	0.1704718	0	0	0.0005435964	0	0	0	0	0	5.435964e-05	0	0	0	0	0	0	0	0	0.002174386	0.007882148	0	0.0003261579	0	0	0	0	0	0	0.004131333	0.0004348771	0	0	0	0.01761252	0	0	0.0232115677	0	0	0	0	0	0	0	0	0	0	0.0001087193	0	0	0	0	0.003315938	0.0001630789	0	0	0	0.0003261579	0	0	0	0	0.0001087193	0	0	0	0	0	0.0002174386	0	0	0	0	0	0	0.02712546	0	0	0	0	0	0	0	0.01331811	0	0	0	0	0	0	0	0.001630789	0	0	0	0	0	0	0.0005435964	0	0	0	0	0	0.0002174386	0	0	0	0	0	5.435964e-05	0	0	0.01152424	0	0	0	0	0	0	0	0	0	0	0	0	0	0	0	0	0	0.7116221	0	0	0	0	0	0	0	0	0	0	0	0	0	0	0	0	0	0	0	0
Algae_RAYR-A	0	0	0	0	0	0	0	0	0	0.002074581	0	0	0	0	0	0	0	0	0	0	0	0	0	0	0	0	0	0	0	0	0.009594938	0	0	0	0	0	0	0	0	0	0	0	0.04776723	0	0	0	0	5.186453e-05	0	0	0	0	0	0	0	0	0	0	0.6141798	0.0002593226	0	0	0	0.06913542	0	0	0.0425289145	0	0	0	0	0	0	0	0	0	0	0	0	0	0	0	0	0	0	0	0	0	0	0	0	0	0	0	0.007572221	0	0	0	0	0	0	0	0	0	0	0.001296613	0	0	0	0	0	0	0	0	0	0	0	0	0	0	0	0	0	0	0	0	0	0	0	0	0	0	0	0	0	0	0	0	0	0	0	0	0	0.004201027	0	0.0001037291	0	0	0.00881697	0	0	0	0	0	0.0003630517	0	0	0	0	0	0	0.1920544	0	0	0	0	0	0	0	0	0	0	0	0	0	0	0	0	0	0	0	0
Algae_RAYR-B	0	0	0	0	0	0	0	0	0	0.005587271	0	0	0	0	0	0	0	0	0	0	0	0	0	0	0	0	0	0	0	0	0.005769464	0	0	0	0	0	0	0	0	0	0	0	0.06376776	0	0	0	0	0	0	0	0	6.07312e-05	0	0	0	0	0	0	0.4696951	6.07312e-05	0	0	0	0.09061096	0	0	0.0508320175	0	0	0	0	0	0	0	0	0	0	0.0002429248	0	0	0	0	0.0001214624	0	0	0	0	0	0	0	0	0	0	0	0.01664035	0	0	0	0	0	0	0	0	0	0	0.002429248	0	0	0	0	0	0	0	0	0	0	0	0	0	0	0	6.07312e-05	0	0	0	0	0	0	0	0	0	6.07312e-05	0	0	0	0	0	0	0	0	0	0	0	0.004979959	0	0	0	0	0.0105065	0	0	0	0	0	0	0	0	0	0	0	0	0.278574	0	0	0	0	0	0	0	0	0	0	0	0	0	0	0	0	0	0	0	0
Algae_REAL-A	0	0	0	0	0	0	0	0	0	0.0008537522	0	0	0	0	0	0	0	0	0	0	0	0	0	0	0	0	0	0	8.537522e-05	0	0.07103219	0	0	0	0	0	0	0	8.537522e-05	0	0	0	0.004951763	0	0	0	0	0	0	0	0	0.0002561257	0	0	0	0	0	0	0.03269871	0	0	0	0	0.3062409	0	0	0.2517715359	0	0	0	0	0	0	0	0	0	0	0	0	0	0	0	0.08870486	0	0	0	0	0	0	0	0	0	0	0	0.002988133	0	0	0	0	0	0	0	0	0	0	0.007769145	0	0	0	0	0	0	0	0	0	0	0	0	0.001024503	0	0	0	0	0	0	0	0	0	0	0	0	0	0	0	0	0	0	0	0	0	0	0	0	0.02706395	0	0	0	0	0.00751302	0	0	0	0	0	0.001024503	0	0	0	0	0	0	0.1959361	0	0	0	0	0	0	0	0	0	0	0	0	0	0	0	0	0	0	0	0
Algae_ROQU-B	0	0	0.01722539	0.0002496434	0	0	0	0	0	0	0	0	0	0	0	0	0	0	0	0	0	0	0	0	0	0	0	0.00010699	0.00032097	0.00010699	0.04197575	0	0	0.00021398	0	0	0	0	0	3.566334e-05	0	0	0	0	0	0	0	0	0.001426534	0.01601284	0	0.0002496434	0	0	0	0	0	0	0.0007845934	0.0006419401	0	0	0	0.01676177	0	7.132668e-05	0.0548145506	0	0	0	0	0	0	0	0	0	0	0.00032097	0	0	0	0	0.002496434	0.0001426534	0	0	0	0.001640514	0	0	0	0	0	0	0	0	0	0	0.00010699	0	0	0	0	0	0	0.07731812	0	0	0	3.566334e-05	0	0	0	7.132668e-05	0	0	0	0	0	0	0	0.002746077	3.566334e-05	0	0	0.00010699	0	0	0.00010699	0	0	7.132668e-05	0	0	0.0001783167	0	0	0	0	0	0	0	0	0.02250357	0	0	0	0	0	0	0	0.0006419401	0	0	0	0	0	0.001212553	0	0	0	0.7392653	0	0	0	0	0	0	0	0	0	0	0	0	0	0	0	0	0	0	0	0
Algae_SALE-A	0	0	0.001162115	3.873717e-05	0	0	0	0	0	0	0	0	0	0	0	0	0	0	0	0	0	0	0	0	0	0	0	0.0001549487	0.0001162115	0.000232423	0.01700562	0	0	7.747434e-05	0	0	0	0	0	0.0001162115	0	0	0	0	0	0	0	0	0.001045904	0.004416037	0	0.000464846	0	0	0	0	0	0	0.01983343	0.0008909549	0	0	0	0.06333527	0	0	0.0384660081	0	0	0	0	0	0	0	0	0	0	0.0001936858	0	0	0	0	0.009064497	0.0001162115	0	0	0	0.0002711602	0	0	0	3.873717e-05	0	0	0	0	0	0	0.0001162115	0	0	0	3.873717e-05	0	0	0.1392989	0	0	0	0.0001549487	0	0	7.747434e-05	0.0001162115	0	0	0	0	0	0	0	0.002982762	0	0	0	0	0	0	0.000232423	0	0	0.0005423204	0	0	0.0001549487	0	0	0	0	0	3.873717e-05	0	0	0.008251017	0	0	0	0	0	0	0	7.747434e-05	0	0	3.873717e-05	0	0	7.747434e-05	0	0	0	0.6907612	0	0	0	0	0	0	0	0	0	0	0	0	0	0	0	0	0	0	0	0
Algae_SALV-A	0	0	0	0	0	0	0	0	0	0	0	0	0	0	0	0	0	0	0	0	0	0	0	0	0	0	0	0	0.006056047	0	0.002031221	0	0	0	0	0	0	0	0	0	0	0	0	0	0	0	0	0	0	0.0006018431	0	0	0	0	0	0	0	0	0.008425804	0	0	0	0	0.4916306	0	0	0.2330261426	0	0	0	0	0	0	0	0	0	0	7.523039e-05	0	0	0	0	0.0007146887	0	0	0	0	0	0	0	0	0.0001128456	0	0	0.0003385368	0	0	0	0.01233778	0	0	0	0	0	0	0.02027459	0	0	0	0.000188076	0	0	0	0	0	0	0	0	0	0	0	0	0	0	0	0.0003385368	0	0	0	0	0	0	0	0	0	0	0	0	0	0	0	0	0	0.09712244	0	0	0	0	0	0	0	0	0	0	0.001542223	0	0	0	0	0	0	0.1251834	0	0	0	0	0	0	0	0	0	0	0	0	0	0	0	0	0	0	0	0
Algae_SAMA-A	0	0	0	0.0005378272	0	0	0	0	0	0	0	0	0	0	0	0	3.585515e-05	0	0	0	0	0	0	0	0	0	0	7.171029e-05	0.04385084	0	0.1462531	0	0	0	0	0	0	0	0	0	0	0	0	0	0	0	0	0	0.005951954	0.007493725	0	0.0003944066	0	0	0	0	0	0	0.005414127	0.0004302617	0	0	0	0.01505916	0	0	0.0168160631	0	0	0	0	0	0	0	0	0	0	0.0001792757	0	0	0	0	0.00243815	3.585515e-05	0	0	0	0.0006453926	0	0	0	0	3.585515e-05	0	3.585515e-05	0	0	0	3.585515e-05	0	0	0	0	0	0	0.2279312	0	0	0	0	0	0	0	7.171029e-05	0	0	0	0	0	0	0	0.008354249	3.585515e-05	0	0	0.0002151309	0	0	0.0008246683	0	0	0.004589459	0	0	0.000250986	0	0	0	3.585515e-05	0	3.585515e-05	0	0	0.0167085	0	0.000752958	0	0	0	0	0	3.585515e-05	0	0	0	0	0	0	0	0	0	0.4944066	3.585515e-05	0	0	0	0	0	0	0	0	0	0	0	0	0	0	0	0	0	0	0
Algae_SAUB-A	0	0	0.001199976	0	0	0	0	0	0	0	0	0	0	0	0	0	0.0001199976	0	0	0	0	0	0	0	0	0	0	0.0003599928	0.0002399952	0.0001799964	0.3141537	0	0	0.0001199976	0	0	0	0	0	0	0	0	0	0	0	0	0	0	0.01715966	0.000599988	0	0.0003599928	0	0	0	0	0	0	0.001379972	0.00647987	0	0	0	0.006899862	0	0.03197936	0.0055798884	0	0	0	0	0	0	0	0	0	0	0	0	0	0	0	0.001679966	5.99988e-05	0	0	0	0.0002399952	0	0	0	0	0	0	0	0	0	0	0	0	0	0	0	0	0	0.008879822	0	0	0	0.0001799964	0	0	0	5.99988e-05	0	0	0	0	0	0	0	0.0006599868	5.99988e-05	0	0	0	0	0	0	0	0	0.0001199976	0	0	0.0001799964	0	0	0	5.99988e-05	0	0	0	0	0.005759885	0	0	0	0	0	0	0	5.99988e-05	0	0	0.003899922	0	0	0	0	0	0	0.5912882	0	0	0	0	0	0	0	0	0	0	0	0	0	0	0	0	0	0	0	0
Algae_SAUB-B	0	0	0.0001601025	0	0	0	0	0	0	0	0	0	0	0	0	0	8.005123e-05	0	0	0	0	0	0	0	0	0	0	0.0004803074	0.006324047	8.005123e-05	0.3610311	0	0	8.005123e-05	0	0	0	0	0	0	0	0	0	0	0	0	0	0	0.009526097	0.003442203	0	8.005123e-05	0	0	0	0	0	0	0.001120717	0.0005603586	0	0	0	0.009285943	0	0.009606148	0.0152097342	0	0	0	0	0	0	0	0	0	0	8.005123e-05	0	0	0	0	0.002401537	0	0	0	0	0.001601025	0	0	0	0	0	0	0	0	0	0	0.0003202049	0	0	0	0	0	0	0.01536984	0	0	0	8.005123e-05	0	0	0	8.005123e-05	0	0	0	0	0	0	0	0.0004002562	0	0	0	0.0001601025	0	0	0.0001601025	0	0	0.0002401537	0	0	0.00192123	0	0	0	0	0	0	0	0	0.006083894	0	0	0	0	0	0	0	8.005123e-05	0	0	0.001200768	0	0	0	0	0	0	0.5527538	0	0	0	0	0	0	0	0	0	0	0	0	0	0	0	0	0	0	0	0
Algae_SAUB-C	0	0	0.0933075	0.002682963	0	0	0	0	0	0	0	0	0	0	0	0	0	0	0	0	0	0	0	0	0	0	0	0	0.0007452676	0.000596214	0.1562826	0	0	0	0	0	0	0	0	0	0	0	0	0	0	0	0	0	7.452676e-05	0.0203458	0	0	0	0	0	0	0	0	0.0004471605	0.000596214	0	0	0	0.03830675	0	7.452676e-05	0.0209420182	0	0	0	0	0	0	0	0	0	0	0.0002235803	0	0	0	0	0.001341482	0	0	0	0	0.0007452676	0	0	0	0	0	0	0	0	0	0	0	0	0	0	0	0	0	0.1428678	0	0	0	0	0	0	0	0	0	0	0	0	0	0	0	0.002832017	0	0	0	0	0	0	0.0001490535	0	0	0	0	0	0.0001490535	0	0	0	0	0	7.452676e-05	0	0	0.01654494	0	0	0	0	0	0	0	0	0	0	0	0	0	0	0	0	0	0.5006707	0	0	0	0	0	0	0	0	0	0	0	0	0	0	0	0	0	0	0	0
Algae_SAUR-A	0	0	0.008727454	0	0	0	0	0	0	0	0	0	0	0	0	0	0	0	0	0	0	0	0	0	0	0	0	0.0002493558	0.000955864	0	0.06246364	0	0	0.0001662372	0	0	0	0	0	0.0002077965	0	0	0	0	0	0	0	0	0	0.01874325	0	0.0001246779	0	0	0	0	0	0	0.003283185	0.002493558	0	0	0	0.0596376	0	0	0.069196243	0	0	0	0	0	0	0	0	4.155931e-05	0	4.155931e-05	0	0	0	0	0.002909151	4.155931e-05	0	0	0	0.006898845	0	0	0	4.155931e-05	0	0	0	0	0	0	0.0002077965	0	0	0	0	0	0	0.05365306	0	0	0	4.155931e-05	0	0	0	0	0	0	0	0	0	0	0	0.002950711	4.155931e-05	0.0001246779	0	4.155931e-05	0	0	0.0001246779	0	0	0.0004987117	0	0	0.0001246779	0	0	0	0	0	0	0	0	0.02772006	0	0	0	0	0	0	0	4.155931e-05	0	0	0	0	0	0.01230155	0	0	0	0.6659047	0	0	0	0	0	0	0	0	0	0	0	0	0	0	0	0	0	0	0	0
Algae_SEIS-A	0	0	0.04984827	0	0	0	0	0	0	0	0	0	0	0	0	0	0	0	0	0	0	0	0	0	0	0	0	6.819189e-05	0.0003750554	0.001772989	0.1096185	0	0	0	0	0	0	0	0	0	0	0	0.0003409595	0	0	0	0	0	6.819189e-05	0.0005455351	0	0.001125166	0	0	0	0	0	0	0.0005114392	0.0001704797	0	0	0	0.02826554	0	0	0.012001773	0	0	0	0	0	0	0	0	0	0	0	0	0	0	0	0.004057418	6.819189e-05	0	0	0	0.0003750554	0	0	0	0	0	0	0	0	0	0	0.0008523986	0	0	0	0	0	0	0.03706229	0	0	0	0.0001363838	0	0	0	0.0002045757	0	0	0	0	0	0	0	0.0003750554	0	0	0	0	0	0	0.001227454	0	0	0.0007501108	0	0	0.0007501108	0	0	0	0	0	0	0	0	0.07074909	0	3.409595e-05	0	0	0	0	3.409595e-05	0.0001704797	0	0	0.0003068635	0	0	0	0	0	0	0.6780661	6.819189e-05	0	0	0	0	0	0	0	0	0	0	0	0	0	0	0	0	0	0	0
Algae_SIMO-A	0	0	3.943529e-05	0	0	0	0	0	0	0	0	0	0	0	0	0	0.0002366117	0	0	0	0	0	0	0	0	0	0	0	0.0001577411	3.943529e-05	0.1545075	0	0	0.0005126587	0	0	0	0	0	0	0	0	0	0	0	0	0	0	0.00141967	0.001498541	0	0.0001183059	0	0	0	0	0	0	0.008991245	0.0004337882	0	0	0	0.005757552	0	3.943529e-05	0.0387648868	0	0	0	0	0	0	0	0	0	0	0.000552094	0	0	0	0	0.001459106	3.943529e-05	0	0	0	0.00141967	0	0	0	3.943529e-05	0	0	3.943529e-05	0	0	0	0	0	0	0	0	0	0	0.05402634	0	0	0	3.943529e-05	3.943529e-05	0	0	0	0	0	0	0	0	0	0	0.001932329	0	0	0	0	0	0	0.000276047	0	0	0.0001183059	0	0	0	0	0	0	0	0	7.887057e-05	0	0	0.01013487	0	0	0	0	0	0	0	3.943529e-05	0	0	0.009188422	0	0	0	0	0	0	0.7080606	0	0	0	0	0	0	0	0	0	0	0	0	0	0	0	0	0	0	0	0
Algae_SORE-A	0	0	0.0007557627	0.001385565	0	0	0	0	0	0	0	0	0	0	0	0	0	0	0	0	0	0	0	0	0	0	0	0.0002519209	0.0004198682	8.397363e-05	0.03358945	0	0	0	0	0	0	0	0	0.0001259604	0	0	0	0	0	0	0	0	0.00197338	0.009824915	0	0.0002519209	0	0	0	0	0	0	0.002687156	0.0007137759	0	0	0	0.0455557	0	0	0.01872612	0	0	0	0	0	0	0	0	0	0	0.0001259604	0	0	0	0	0.003107024	0.0002519209	0	0	0	0.00092371	0	0	0	0	0	0	0	0	0	0	0.0008817231	0	0	0	0	0	0	0.03971953	0	0	0	4.198682e-05	4.198682e-05	0	0	0.0001259604	0	0	0	0	0	0	0	0.001175631	0	0	0	0	0	0	4.198682e-05	0	0	0.00184742	0	0	0.0002099341	0	0	0	0	0	0	0	0	0.01137843	0	0	0	0	0	0	0	0.0005038418	0	0	0	0	0	0.001511525	4.198682e-05	0	0	0.821724	0	0	0	0	0	0	0	0	0	0	0	0	0	0	0	0	0	0	0	0
Algae_THOM-A	0	0	0.003402502	0	0	0	0	0	0	0	0	0	0	0	0	0	0	0	0	0	0	0	0	0	0	0	0	0	0.001485599	0.0003354579	0.2923755	0	0	4.792256e-05	0	0	0	0	0.0001437677	0	0	0	0	0	0	0	0	4.792256e-05	0.003306656	0.01634159	0	0.0002875353	0	0	0.001245986	0	0	0	0.001006374	0.001773135	0	0	0	0.04111755	0	0.01015958	0.0174917334	0	0	0	0	0	0	0	0	0	0	9.584511e-05	0	0	0	0	0.004408875	4.792256e-05	0	0	0	0.001533522	0	0	0	9.584511e-05	0	0	0	0	0	0	0.0002396128	0	0	0	0	0	0	0.0641683	0	0	0	0	4.792256e-05	0	0	4.792256e-05	0	0	0	0	0	0	0	0.0006709158	4.792256e-05	0	0	4.792256e-05	0	0	0.0008146835	0	0	0.0004792256	0	0	0.0003833805	0	0	0	0	0	4.792256e-05	0	0	0.03119758	0	0	0	0	0	0	0	0.0001916902	0	0	0.01533522	0	0	0	0	0	0	0.4895289	0	0	0	0	0	0	0	0	0	0	0	0	0	0	0	0	0	0	0	0
Algae_VALE-A	0	0	0	0	0	0	0	0	0	0.0004218519	0	0	0	0	0	0	0	0	0	0	0	0	0	0	0	0	0	0	0	0	0.03743936	0	0	0	0	0	0	0	0	0	0	0	0.0009491668	0	0	0	0	0	0	0	0	0	0	0	0	0	0	0	0.004113056	0	0	0	0	0.3699641	0	0	0.3017295929	0	0	0	0	0	0	0	0	0	0	0.0004218519	0	0	0	0	0.002003797	0	0	0	0	0	0	0	0	0	0	0	0.0003163889	0	0	0	0	0	0	0	0	0	0	0.008331576	0	0	0	0	0	0	0	0	0	0	0	0	0.002742038	0	0	0.000105463	0	0	0	0	0	0	0	0	0	0	0	0	0	0	0	0	0	0	0	0	0	0.05252057	0	0	0	0	0.0005273149	0	0	0.00210926	0	0	0.008226113	0	0	0.002214723	0	0	0	0.2058637	0	0	0	0	0	0	0	0	0	0	0	0	0	0	0	0	0	0	0	0
Algae_VICT-C	0	0	0.0006583898	0	0	0	0	0	0	0	0	0	0	0	0	0	0	0	0	0	0	0	0	0	0	0	0	0	0.003103837	0	0.04589917	0	0	0	0	0	0	0	0	0	0	0	0.000282167	0	0	0	0	0	0	0	0	9.405568e-05	0	0	0	0	0	0	0.003291949	0	0	0	0	0.2868698	0	0	0.387979684	0	0	0	0	0	0	0	0	0	0	0	0	0	0	0	0.01627163	0	0	0	0	0	0	0	0	9.405568e-05	0	0	9.405568e-05	0	0	0	0	0	0	0	0	0	0	0.009405568	0	0	0	0	9.405568e-05	0	0	0	0	0	0	0	0	0	0	0	0	0	0	0	0	0	0	0	0	0	0	0	0	0	0	0	0	0	0	0	0	0.06141836	0	0	0	0	0.000282167	0	0	0	0	0	0.006207675	0	0	0.007148232	0	0	0	0.1708051	0	0	0	0	0	0	0	0	0	0	0	0	0	0	0	0	0	0	0	0
Algae_VICT-D	0	0	0	0	0	0	0	0	0	0	0	0	0	0	0	0	0	0	0	0	0	0	0	0	0	0	0	0	0	0	0.02935553	0	0	0	0	0	0	0	0	0	0	0	0	0	0	0	0	0	0	0	0	0	0	0	0	0	0	0	0.0009867407	0	0	0	0	0.2696886	0	0	0.254702436	0	0	0	0	0	0	0	0	0	0	0.0001233426	0	0	0	0	0.001233426	0	0	0	0	0	0	0	0	0	0	0	0	0	0	0	0	0	0	0	0	0	0	0.005180389	0	0	0	0	0	0	0	0	0	0	0	0	0	0	0	0.0003083565	0	0	0	0	0	0	0	0	0	0	0	0	0	0	0	0	0.0002466852	0	0	0	0	0.02732038	0	0	0	0	0.0002466852	0	0	6.167129e-05	0	0	0.00141844	0	0	0.3189023	0	0	0	0.0902251	0	0	0	0	0	0	0	0	0	0	0	0	0	0	0	0	0	0	0	0
Algae_VIEL-A	0	0	0	0	0	0	0	0	0	0.0006705784	0	0	0	0	0	0	0	0	0	0	0	0	0	0	0	0	0	0	0	0	0.03554065	0	0	0	0	0	0	0	0	0	0	0	0.005029338	0	0	0	0	0	0	0	0	0	0	0	0	0	0	0	0.04593462	0.001676446	0	0	0	0.3270746	0	0	0.1783738474	0	0	0	0	0	0	0	0	0	0	0.0001676446	0	0	0	0	0.000838223	0	0	0	0	0	0	0	0	0	0	0	0.004694049	0	0	0	0	0	0	0	0	0	0	0.006370495	0	0	0	0	0	0	0	0	0	0	0	0	0	0	0	0	0	0	0	0	0	0	0	0	0	0	0	0	0	0	0	0	0	0	0	0	0	0.1017603	0	0	0	0	0.00620285	0	0	0	0	0	0.0001676446	0	0	0.02078793	0	0	0	0.2647108	0	0	0	0	0	0	0	0	0	0	0	0	0	0	0	0	0	0	0	0
Algae_VILLE-A	0	0	0	0	0	0	0	0	0	0	0	0	0	0	0	0	0	0	0	0	0	0	0	0	0	0	0	0	0.01000446	0	0.002102848	0	0	0	0	0	0	0	0	0	0	0	0.009494679	0	0	0	0	0	0	6.372268e-05	0	0	0	0	0	0	0	0	0.1041229	6.372268e-05	0	0	0	0.2734977	0	0	0.0665264768	0	0	0	0	0	0	0	0	0	0	0	0	0	0	0	0.001019563	0	0	0	0	0	0	0	0	0	0	0	0.006627159	0	0	0	0	0	0	0	0	0	0	0.01032307	0	0	0	0.0006372268	0	0	0	0	0	0	0	0	0	0	0	0	0	0	0	0	0	0	0	0	0	0	0	0	0	0	0	0	0.0001274454	0	0	0	0	0.3725228	0	0	0	0	0	0	0	0	0	0	0.0003186134	0	0	0	0	0	0	0.1425476	0	0	0	0	0	0	0	0	0	0	0	0	0	0	0	0	0	0	0	0
Algae_VILLE-B	0	0	0.002164758	0	0	0	0	0	0	0	0	0	0	0	0	0	0	0	0	0	0	0	0	0	0	0	0	0	0.03125123	0	0.007124021	0	0	0	0	0	0	0	0	0	0	0	0.0007871846	0	0	0	0	0	0	0.01393317	0	0	0	0	0	0	0	0	0.009524934	0	0	0	0	0.1572795	0	0	0.2272995631	0	0	0	0	0	0	0	0	0	0	0.0001180777	0	0	0	0	0.002479632	0	0	0	0	0	0	0	0	0.001062699	0	0	0.0174755	0	0	0	0.0114929	0	0	0	0	0	0	0.01964026	0	0	0	0.0005510292	0	0	0	0	0	0	0	0	0	0	0	0	0	0	0	0.0001180777	0	0	0.001416932	0	0	7.871846e-05	0	0	0	0	0	0	0	0	0	0	0	0.3516354	0	0	0	0	0	0	0	0	0	0	0.002873224	0	0	0	0	0	0	0.1416932	0	0	0	0	0	0	0	0	0	0	0	0	0	0	0	0	0	0	0	0
Algae_VILLE-C	0	0	0	0	0	0	0	0	0	0	0	0	0	0	0	0	0	0	0	0	0	0	0	0	0	0	0	0	0.005821741	0	0.005873261	0	0	0	0	0	0	0	0	0	0	0	0	0	0	0	0	0	0	0	0	0	0	0	0	0	0	0	0.004533745	0	0	0	0	0.4394642	0	0	0.1808861412	0	0	0	0	0	0	0	0	0	0	0.0001030397	0	0	0	0	0.002266873	0	0	0	0	0	0	0	0	0.0004121587	0	0	0.000618238	0	0	0	0.0001030397	0	0	0	0	0	0	0.0239052	0	0	0	0.0001030397	0	0	0	0	0	0	0	0	0	0	0	0	0	0	0	0	0	0	0.0007212777	0	0	0	0	0	0	0	0	0	0	0	0	0	0	0.1379701	0	0	0	0	0	0	0	0	0	0	0.005873261	0	0	0	0	0	0	0.1913447	0	0	0	0	0	0	0	0	0	0	0	0	0	0	0	0	0	0	0	0
Algae_VILLE-D	0	0	0	0	0	0	0	0	0	0	0	0	0	0	0	0	0	0	0	0	0	0	0	0	0	0	0	0	0.001469238	0	0.002791552	0	0	0	0	0	0	0	0	0	0	0	0	0	0	0	0	0	0	0	0	0	0	0	0	0	0	0	0.006391185	0	0	0	0	0.379798	0	0	0.2167860422	0	0	0	0	0	0	0	0	0	0	0.001285583	0	0	0	0	0.003562902	0	0	0	0	0	0	0	0	0	0	0	3.673095e-05	0	0	0	0.02027548	0	0	0	0	0	0	0.0348944	0	0	0	0.0005509642	0	0	0	0	0	0	0	0	0.0001836547	0	0	0	0	0	0	0	0	0	3.673095e-05	0	0	0	0	0	0	0	0	0	0	0	0	0	0	0.1343618	0	0	0	0	0	0	0	0	0	0	0.002167126	0	0	0	0	0	0	0.1954086	0	0	0	0	0	0	0	0	0	0	0	0	0	0	0	0	0	0	0	0
Algae_VILLEM-A	0	0	0.006096387	0	0	0	0	0	0	0	0	0	0	0	0	0	0	0	0	0	0	0	0	0	0	0	0	0.005326317	0.00025669	0.000128345	0.1285375	0	0	0.000128345	0	0	0	0	0	0.0001925175	0	0	6.41725e-05	0	0	0	0	0	6.41725e-05	0.0008342424	0	0.004427902	0	0	0	0	0	0	0.003144452	0.00308028	0	0	0	0.06179811	0	0	0.022652891	0	0	0	0	0	0	0	0	0	0	0.0001925175	0	0	0	0	0.02175448	0.000385035	0	0	0	0.0008342424	0	0	0	0	0	0	0	0	0	0	0.00154014	0	0	0	0	0	0	0.08522107	0	0	0	0.0001925175	6.41725e-05	0	0	0.002438555	0	0	0	0	0	0	0	0.009754219	0	0	0	0	0	0	0.0007700699	0	0	0.003016107	0	0	0.003657832	0	0	0	0	0	0.000128345	0	0	0.03786177	0	0	0	0	0	0	0.000128345	0.0005775525	0	0	0.002631072	0	0	0	6.41725e-05	0	0	0.5920554	0	0	0	0	0	0	0	0	0	0	0	0	0	0	0	0	0	0	0	0
At_Ham	0	0	0.0005130791	0	0	0	0	0	0	0	0	0	0	0	0	0	0	0	0	0	0	0	0.01178030866	0	0	0	0	0.07413157848	4.0516274e-05	0.00013655167	0.00248515034	5.688794e-05	0	0	0	0	0	0	0	0	0	0	0	0	0	0	0	0	0	0.43908098	0	0	0	0	0	0	0	0	0	0	0	0	0	0.00190321546	0	0	0.15260113756	0	0	0	0	0	0	0	0	0	0	5.135778e-06	0	0	0	0	0.000210208872	0.00133731242	0	0	0	0.032220068	0	0	0	0	0	0	0	0	0	0	0.01209867722	0	0	0	0	0	0	0.0072610814	0	0	0	0	0	0	0	0	0	0	0	0	0	0	0	0.0054797614	0	0	0	0	0	0	0.00016665334	0	0	0	0	0	0	0	0	0	0	0	0	0	0	0.182110062	0	0	0	0	0	0	0	0	0	0	0	0	0	0	0	0	0	0.023199886	0	0	0	0	0	0	0	0	0	0	0	0	0	0	0	0	0.053155889	0	2.585316e-05	0
At_Ita	0	0	0.00817620066666667	0	0	0	0	0	0	0	0	0	0	0	0	0	0	0	0	0	0	0	0.005977428	0	0	0	0	0.00658941340666667	0	0.00013089444	0.00204021813333333	0.000453694666666667	0	0	0	0	0	0	0	0	0	0	0	0	0	0	0	0	0	0.6397139	0	7.56158e-06	0	0	0	0	0	0	0	0	0	0	0	0.00067760957	0	0	0.117577317233333	0	0	0	0	0	0	0	0	0	0	0.0002788138	0	0	0	0	0.000149097533333333	0.000324042733333333	0	0	0	0.008423979	0	0	0	0	0	0	0	0	0	0	0.00468542173333333	0	0	0	0	0	0	0.0136249638	0	0	0	0	0	0	0	0	0	0	0	0	0	0	0	0.0025389298	0	0	0	0	0	0	0.000151070733333333	0	0	0	0	0	0	0	0	0	0	0	0	0	0	0.10205374	0	0	0	0	0	0	0	0	0	0	0	0	0	0	0	0	0	0.0126835823333333	0	0	0	0	0	0	0	0	0	0	0	0	0	0	0	0	0.0737421106666667	0	0	0
At_pulh	0	0	0.00279132230333333	0	0	0	0	0	0	0	0	0	0	0	0	0	0	0	0	0	0	0	0.00611275981666667	0	0	0	0	0.00535605813333333	0.0001279465	0.000441953576666667	0.00191380516666667	0	0	0	0	0	0	0	0	0	0	0	0	0	0	0	0	0	0	0.606533833333333	0	2.178115e-05	0	0	0	0	0	0	0	4.36014833333333e-06	0	0	0	0.000746605483333333	0	0	0.088412665	0	0	0	0	0	0	0	0	0	0	0.000195291166666667	0	0	0	0	0.000124183355	0.000744548865	0	0	0	0.00578675761666667	0	0	0	0	0	0	0	0	0	0	0.000631066001666667	0	0	0	0	0	0	0.0064186065	0	0	0	0	0	0	0	0	0	0	0	0	0	0	0	0.0102479415166667	0	0	0	0	0	0	0.000877460045	0	0	0	0	0	0	0	0	0	0	0	0	0	0	0.0922905116666667	0	0	0	0	0	0	0	0	0	0	0	0	0	0	0	0	0	0.0591131593333333	0	0	0	0	0	0	0	0	0	0	0	0	0	0	0	0	0.111042287833333	0	6.509705e-05	0
At_SD	0	0	0.0004736662725	0	0	0	0	0	0	0	0	0	0	0	0	0	0	0	0	0	4.014645e-06	0	0.0034650135375	0	0	0	0	0.034117386925	8.7843825e-05	0.0008221025575	0.0020744712	1.022936375e-05	0	0	0	0	0	0	0	0	0	0	0	0	0	0	0	0	0	0.59961480875	0	4.869245e-06	0	0	0	0	0	0	0	3.13908625e-06	0	0	0	0.00250752450375	0	0	0.1172306694	0	0	0	0	0	0	0	0	0	0	4.635778875e-05	0	0	0	0	1.46077375e-05	0.00046834083625	0	0	0	0.006285600875	0	0	0	0	0	0	0	0	0	0	0.0029601549375	0	0	0	0	0	0	0.003548527075	0	0	0	0	0	0	0	0	0	0	0	0	0	0	0	0.0029460592375	0	0	0	0	0	0	0.000745434375	0	0	0	0	0	0	0	0	0	0	0	0	0	0	0.09843585125	0	0	0	0	0	0	0	0	0	0	7.02750625e-06	0	0	0	0	0	0	0.023794319	0	0	0	0	0	0	0	0	0	0	0	0	0	0	0	0	0.100249408625	0	8.25731875e-05	0
At_Spa1	0	0	0.000589575414285714	0	0	0	0	0	0	0	0	0	0	0	0	0	0	0	0	0	5.90965857142857e-06	0	0.00431113985571429	0	0	0	0	0.0238330475142857	7.15321e-05	0.000108769684285714	0.00196633169857143	4.19381042857143e-05	0	0	0	0	0	0	0	0	0	0	0	0	0	0	0	0	0	0.605783671428571	0	0	0	0	0	0	0	0	0	0	0	0	0	0.000773717785714286	0	0	0.178726379728571	0	0	0	0	0	0	0	0	0	0	1.75841757142857e-05	0	0	0	0	0.000445206265714286	0.000389107852857143	0	0	0	0.00585604654285714	0	0	0	0	0	0	0	0	0	0	0.00218464555714286	0	0	0	0	0	0	0.0118182524285714	0	0	0	0	0	0	0	0	0	0	0	0	0	0	0	0.00248854764285714	0	0	0	0	0	0	8.86448857142857e-06	0	2.68907571428571e-05	0	0	0	0	0	0	0	0	0	0	0	0	0.100248242857143	0	0	0	0	0	0	0	0	0	0	1.00937014285714e-05	0	0	0	0	0	0	0.0170223344285714	0	0	0	0	0	0	0	0	0	0	0	0	0	0	0	0	0.0432721378571429	0	0	0
At_Spa2	0	0	0.00317988596	0	0	0	0	0	0	0	0	0	0	0	0	0	0	0	0	0	6.912929e-06	0	0.0056540959	0	0	0	0	0.00169653506	1.037291e-05	0.00028218018	0.00328973136	0.00018742901	0	0	0	0	0	0	0	0	0	0	0	0	0	0	0	0	0	0.5142811	0	0	0	0	0	0	0	0	0	0	0	0	0	0.00060857241	0	0	0.1163185374	0	0	0	0	0	0	0	0	0	0	3.0926603e-05	0	0	0	0	0.000474803217	0.003442240662	0	0	0	0.00942696879	0	0	0	0	0	0	0	0	0	0	0.020718116202	0	0	0	0	0	0	0.0067247267	0	0	0	0	0	0	0	0	0	0	0	0	0	0	0	0.02457227238	0	0	0	0	0	0	1.808529e-05	0	0	0	0	0	0	0	0	0	0	0	0	0	0	0.108397842	0	0	0	0	0	0	0	0	0	0	7.2641849e-05	0	0	0	0	0	0	0.0619804146	0	0	0	0	0	0	0	0	0	0	0	0	0	0	0	0	0.1186256119	0	0	0
At_Spa3	0	0	0.00067735297875	0	0	0	0	0	0	0	0	0	0	0	0	0	0	0	0	0	1.42373125e-05	0	0.0021500608625	0	0	0	0	0.052644186025	9.63587125e-06	9.140666e-05	0.0022272296125	1.6828445e-05	0	0	0	0	0	0	0	0	0	0	0	0	0	0	0	0	0	0.48821423625	0	1.34431375e-05	0	0	0	0	0	0	0	5.19502125e-06	0	0	0	0.0006418435125	0	0	0.1650223944625	0	0	0	0	0	0	0	0	0	0	0	0	0	0	0	6.7410445e-05	0.00763693006125	0	0	0	0.01055763625	0	0	0	0	0	0	0	0	0	0	0.01669184330625	0	0	0	0	0	0	0.0066416193	0	0	0	0	0	0	0	0	0	0	0	0	0	0	0	0.003869868	0	0	0	0	0	0	0	0	0	0	0	0	0	0	0	0	0	0	0	0	0	0.0830342225	0	0	0	0	0	0	0	0	0	0	1.311675e-05	0	0	0	0	0	0	0.02384756175	0	0	0	0	0	0	0	0	0	0	0	0	0	0	0	3.20879e-06	0.13590855775	0	0	0
At_Swe1	0	0	0.000593960110833333	0	0	0	0	0	0	0	0	0	0	0	0	0	0	0	0	0	3.52092833333333e-06	0	0.00299767795	0	0	0	0	0.0259061013333333	0	0.0007680762925	0.00454314754166667	0.000773536908333333	0	0	0	0	0	0	0	0	0	0	0	0	0	0	0	0	0	0.472019414166667	0	0	0	0	0	0	0	0	0	0	0	0	0	0.000578639150833333	0	0	0.152716382166667	0	0	0	0	0	0	0	0	0	0	1.03489641666667e-05	0	0	0	0	0.000545236228333333	0.00173544512416667	0	0	0	0.02988317075	0	0	0	0	0	0	0	0	0	0	0.00854626869666667	0	0	0	0	0	0	0.00587400791666667	0	0	0	0	0	0	0	0	0	0	0	0	0	0	0	0.00563890555833333	0	0	0	0	0	0	1.92663175e-05	0	0	0	0	0	0	0	0	0	0	0	0	0	0	0.121617621666667	0	0	0	0	0	0	0	0	0	0	0.000139021821666667	0	0	0	0	0	0	0.0952076985	0	0	0	0	0	0	0	0	0	0	0	0	0	0	0	0	0.0698825459166667	0	0	0
At_Swe2	0	0	0.004754240376	0	0	0	0	0	0	0	0	0	0	0	0	0	0	0	0	0	0	0	0.00592423068	0	0	0	0	0.00322824267	0.000126171637	0.000110030014	0.00145509003	0.00044689641	0	0	0	0	0	0	0	0	0	0	0	0	0	0	0	0	0	0.6558706	0	0	0	0	0	0	0	0	0	0	0	0	0	0.000487549156	0	0	0.14106709339	0	0	0	0	0	0	0	0	0	0	1.091412e-05	0	0	0	0	7.6067329e-05	0.000594705567	0	0	0	0.00836449	0	0	0	0	0	0	0	0	0	0	0.003374107338	0	0	0	0	0	0	0.0060782253	0	0	0	0	0	0	0	0	0	0	0	0	0	0	0	0.00290726783	0	0	0	0	0	0	2.219378e-05	0	0	0	0	0	0	0	0	0	0	0	0	0	0	0.104137148	0	0	0	0	0	0	0	0	0	0	4.852728e-06	0	0	0	0	0	0	0.0228545978	0	0	0	0	0	0	0	0	0	0	0	0	0	0	0	0	0.0381052774	0	0	0
At_Swe3	0	0	0.000787794605833333	0	0	0	0	0	0	0	0	0	0	0	0	0	0	0	0	0	0	0	0.00434105669083333	0	0	0	0	0.00956038669166667	6.79754166666667e-06	0.000131856831666667	0.00862297431666667	1.66203225e-05	0	0	0	0	0	0	0	1.0093425e-05	0	0	0	0	0	0	0	0	0	0.483664916666667	0	3.27120666666667e-05	0	0	0	0	0	0	0	5.33350641666667e-05	0	0	0	0.000652536191666667	0	0	0.170695933708333	0	0	0	0	0	0	0	0	0	0	0.000495487720833333	0	0	0	0	0.000927275413333333	0.00360718733333333	0	0	0	0.00714002726666667	0	0	0	0	0	0	0	0	0	0	0.00176111632166667	0	0	0	0	0	0	0.00665685225	0	0	0	0	0	0	0	0	0	0	0	0	0	0	0	0.0146853862833333	0	0	0	0	0	0	0.000471306416666667	0	0	0	0	0	0	0	0	0	0	0	0	0	0	0.12332322775	0	0	0	0	0	0	0	0	0	0	1.46571308333333e-05	0	0	0	0	0	0	0.0292356071666667	1.0093425e-05	0	0	0	0	0	0	0	0	0	0	0	0	0	0	2.76212583333333e-06	0.133025386416667	0	6.66166e-05	0
At_Swe4	0	0	0.0007606283325	0	0	0	0	0	0	0	0	0	0	0	0	0	0	0	0	0	0	0	0.00249624648333333	0	0	0	0	0.0989101358833333	3.123965e-06	0.00115293598333333	0.00287736904166667	2.624753e-05	0	0	0	0	0	0	0	2.3031075e-06	0	0	0	0	0	0	0	0	0	0.355657673333333	0	0	0	0	0	0	0	0	0	0	0	0	0	0.000848659358333333	0	0	0.178007789366667	0	0	0	0	0	0	0	0	0	0	4.491859e-05	0	0	0	0	0.000121202218333333	0.0003078520925	0	0	0	0.0166908385	0	0	0	0	0	0	0	0	0	0	0.000497451593333333	0	0	0	0	0	0	0.005025658825	0	0	0	0	0	0	0	0	0	0	0	0	0	0	0	0.0198885275833333	0	0	0	0	0	0	2.07102908333333e-05	0	0	0	0	0	0	0	0	0	0	0	0	0	0	0.1255398225	0	0	0	0	0	0	0	0	0	0	0	0	0	0	0	0	0	0.0336959620833333	0	0	0	0	0	0	0	0	0	0	0	0	0	0	0	0	0.157423941166667	0	0	0
At_Tou1	0	0	0.00205084417875	0	0	0	0	0	0	0	0	0	0	0	0	0	0	0	0	0	1.346093375e-05	0	0.00391212875	0	0	0	0	0.0015569625375	4.850695e-06	8.795405e-05	0.0015588573125	8.8379825e-06	0	0	0	0	0	0	0	0	0	0	0	0	0	0	0	0	0	0.4355276525	0	0	0	0	0	0	0	0	0	0	0	0	0	0.00175498303625	0	0	0.154210136375	0	0	0	0	0	0	0	0	0	0	1.21796825e-05	0	0	0	0	0.000119922425	0.0003212245775	0	0	0	0.003660319875	0	0	0	0	0	0	0	0	0	0	0.02463288756125	0	0	0	0	0	0	0.005140418625	0	0	0	0	0	0	0	0	0	0	0	0	0	0	0	0.0103448489	0	0	0	0	0	0	0.00035245126125	0	0.000159845775	0	0	0	0	0	0	0	0	0	0	0	0	0.08058152	0	0	0	0	0	0	0	0	0	0	8.61023875e-06	0	0	0	0	0	0	0.080324745125	0	0	0	0	0	0	0	0	0	0	0	0	0	0	0	0	0.193654344875	0	0	0
At_Tou2	0	0	3.2208875e-05	0	0	0	0	0	0	0	0	0	0	0	0	0	0	0	0	0	0	0	0.0020835738	0	0	0	0	0.0130129969	0	0.00017866609	0.00146675775	0	0	0	0	0	0	0	0	0	0	0	0	0	0	0	0	0	0	0.694060725	0	0	0	0	0	0	0	0	0	0	0	0	0	0.000404335325	0	0	0.072289628375	0	0	0	0	0	0	0	0	0	0	0	0	0	0	0	1.985658e-05	4.73076425e-05	0	0	0	0.009955070925	0	0	0	0	0	0	0	0	0	0	0.0037198815	0	0	0	0	0	0	0.002792900225	0	0	0	0	0	0	0	0	0	0	0	0	0	0	0	0.002899419	0	0	0	0	0	0	0	0	0	0	0	0	0	0	0	0	0	0	0	0	0	0.0828623075	0	0	0	0	0	0	0	0	0	0	0	0	0	0	0	0	0	0.0358847755	0	0	0	0	0	0	0	0	0	0	0	0	0	0	0	0	0.078289597	0	0	0
At_Tub2	0	0	0.000784953199166667	0	0	0	0	0	0	0	0	0	0	0	0	0	0	0	0	0	1.56725583333333e-06	0	0.00302874267333333	0	0	0	0	0.00696979283333333	8.35024166666667e-06	0.000232705791666667	0.0039213585	0.000119785416666667	0	0	0	0	0	0	0	0	0	0	0	0	0	0	0	0	0	0.449681916666667	0	8.0091625e-06	0	0	0	0	0	0	0	1.18224508333333e-05	0	0	0	0.001051671725	0	0	0.196411024841667	0	0	0	0	0	0	0	0	0	0	2.48483475e-05	0	0	0	0	0.000699769156666667	0.000959609940833333	0	0	0	0.009261268125	0	0	0	0	0	0	0	0	0	0	0.00584766151583333	0	0	0	0	0	0	0.0171045475833333	0	0	0	0	0	0	0	0	0	0	0	0	0	0	0	0.00241475676666667	0	0	0	0	0	0	5.18985741666667e-05	0	0	0	0	0	0	0	0	0	0	0	0	0	0	0.113676085	0	0	0	0	0	0	0	0	0	0	0.000678262205	0	0	0	0	0	0	0.0649170355833333	0	0	0	0	0	0	0	0	0	0	0	0	0	0	0	0	0.1221252675	0	7.3064625e-06	0
At_Tub3	0	0	0.002921773152	0	0	0	0	0	0	0	0	0	0	0	0	0	0	0	0	0	7.884943e-06	0	0.00437605096	0	0	0	0	0.01956852222	0	0.001240657155	0.00294338175	4.2645164e-05	0	0	0	0	0	0	0	0	0	0	0	0	0	0	0	0	0	0.55952963	0	2.417775e-05	0	0	0	0	0	0	0	0	0	0	0	0.00208593333	0	0	0.16578970127	0	0	0	0	0	0	0	0	0	0	0	0	0	0	0	0.000156185909	0.001301353064	0	0	0	0.01445927067	0	0	0	0	0	0	0	0	0	0	0.010391913538	0	0	0	0	0	0	0.00589460044	0	0	0	0	0	0	0	0	0	0	0	0	0	0	0	0.00847181671	0	0	0	0	0	0	5.680069e-05	0	0	0	0	0	0	0	0	0	0	0	0	0	0	0.103756671	0	0	0	0	0	0	0	0	0	0	1.9704138e-05	0	0	0	0	0	0	0.0417343042	0	0	0	0	0	0	0	0	0	0	0	0	0	0	0	0	0.0552158189	0	1.118994e-05	0
At_Tub4	0	0	0.00330351735888889	0	0	0	0	0	0	0	0	0	0	0	0	0	0	0	0	0	0	0	0.00433764561111111	0	0	0	0	0.0238160690777778	4.13975777777778e-05	0.00165060653444444	0.00250379881111111	9.27182444444444e-05	0	0	0	0	0	0	0	2.92995222222222e-06	0	0	0	0	0	0	0	0	0	0.460115213333333	0	4.39492777777778e-06	0	0	0	0	0	0	0	7.84669111111111e-06	0	0	0	0.000903348688888889	0	0	0.151353362744444	0	0	0	0	0	0	0	0	0	0	0.000293595063333333	0	0	0	0	0.000103651244444444	0.00107029061444444	0	0	0	0.00544802922222222	0	0	0	0	0	0	0	0	0	0	0.000476388944444444	0	0	0	0	0	0	0.0220596155111111	0	0	0	0	0	0	0	0	0	0	0	0	0	0	0	0.0115972369	0	0	0	0	0	0	0.00014618244	0	0	0	0	0	0	0	0	0	0	0	5.88501888888889e-06	0	0	0.0898437222222222	0	0	0	0	0	0	0	0	0	0	1.16289022222222e-05	0	0	0	0	0	0	0.0552325897777778	0	0	0	0	0	0	0	0	0	0	0	0	0	0	0	0	0.165562622222222	0	1.56933777777778e-05	0
Landrace_maize	0	0	0.0164176909261942	4.92295017611684e-05	0	0	0	0	0	2.28212010309278e-07	0	0	0	1.46596829896907e-06	0	0	0.000231108555154639	0	0	5.31520298109966e-06	8.5495989862543e-06	2.06268901202749e-06	0.00185479863121134	0	0	0	0	0.045114146210799	0.000671568483213058	0.000251472886417526	0.00198666016770619	0.000188291694218213	0	8.65818924398625e-06	0	0	0.00347134807216495	0	0	9.37470421821306e-05	0	7.59130042439863e-05	1.73528482817869e-06	4.10274835910653e-06	0	0	1.63345580756014e-06	1.39842568728522e-06	2.97219428694158e-06	0.41549468281451	0	7.47193900945017e-05	0	0	1.53131577319588e-06	0	0	0	0.000241820420412371	5.63055490549828e-06	0	0	0	0.0231560574957131	0	0	0.171754109764691	0	0	9.77643316752577e-05	0.000153801237774914	0	0	0	7.18370493041237e-05	0	5.73810558419244e-06	2.8934088685567e-05	0	0	0	0	0.00160038264723368	0.00121590779784364	0	0	0	0.00690165097978522	0	0	0	3.16599074742268e-06	1.70082998539519e-05	0	3.65410887457045e-06	0	0	0	0.00702888269823883	0	0	5.42955335051546e-07	0	0	0	0.0245385816061684	2.78564970360825e-05	7.49497212199313e-06	0	1.20083375859107e-05	2.67454321563574e-05	7.16937800687285e-08	1.91525427319588e-05	3.25186827147766e-05	0	0	0	0	0.000133889692560137	0	0	0.00878606753791237	0	1.33024545360825e-05	0	6.06555938487973e-05	6.3841293814433e-07	2.88000859106529e-07	0.000256890502912371	2.56131025257732e-05	0.00226099885698454	0.000508289519003436	0	4.37009152061856e-06	5.63627234965636e-05	0	0	0	1.46398006872852e-07	0	1.62153093642612e-06	8.8829647766323e-07	1.10098823883162e-06	0.0722397173107646	0	0	0	2.14407922680412e-06	0	0	0	2.76181547250859e-06	0	0	3.18660687886598e-05	0	0	0	0	0	0	0.0617938247520017	5.93287225085911e-07	0	0.013024135429433	0.000380746988290378	2.60810936426117e-07	1.01073128522337e-05	0.00403767554495704	4.02369424226804e-05	0.00101120160275773	5.48529295532646e-08	3.29307463917526e-06	0.00263662943592784	1.06514982302405e-05	8.55039924742268e-05	0.000206941416546392	4.40447573024055e-06	0.10938499280756	1.46399716494845e-07	1.43250999742268e-05	3.12048281786942e-07
lotus_japonicus_CAS	0	0	0.00840944975125	0.000111145000357143	0	0	0	0	0	0	0	0	0	0	0	0	0.000178615086785714	0	0	1.18792410714286e-06	0	0	0	0	0	0	0	0.000642812740714286	0.00377962976607143	0.0006742175625	0.170874201696429	0	0	0.000404228809107143	0	0	0	0	1.313696875e-05	0.0001281624225	0	0	5.30263571428571e-05	3.82664571428571e-06	0	0	4.12830892857143e-06	0	0.00643800882107143	0.00858454130714286	0	0.000689282327142857	0	0	0	0	0	0	0.00437082279625	0.00153322321982143	0	0	0	0.0364594578392857	0	0.00245969401571429	0.0863242012107143	0	0	0	0	0	0	0	0	7.32699158928571e-05	7.25703964285714e-06	0.000459709557142857	0	0	0	0	0.00595596906964286	0.000180142470178571	0	0	0	0.00561155820589286	0	0	0	2.14878971428571e-05	6.927011125e-05	0	1.218472875e-05	0	0	0	0.000356407746428571	0	0	0	3.73596071428571e-07	0	3.52323035714286e-07	0.0841300945357143	8.41200714285714e-07	8.1681725e-06	0	0.000102403966607143	5.09516880357143e-05	0	0.000163535814642857	0.000395095477678571	0	0	0	0	5.31301339285714e-06	0	0	0.00813244403928571	5.59263433928571e-05	1.03453469642857e-05	0	8.98891180357143e-05	0	0	0.000218263775535714	1.35479803571429e-06	0.000135459321428571	0.000844381319107143	0	0	0.000850373466607143	0	0	0	0.000133243662142857	0	5.12892235714286e-05	0	0	0.0263121992142857	0	1.77468557142857e-05	0	0	0	5.11974107142857e-07	5.04443851785714e-05	0.000366974653571429	0	0	0.0009118781675	0	0	0.00572886501178571	2.35338053571429e-06	0	0	0.526329296428571	1.53768585714286e-05	0	0	0	0	0	0	0	0	0	0	0	0	0	0	0	0	0	0	0
Neighbor_Geyen	0	0	5.89362e-05	0	0	0	0	0	0	0	0	0	0	0	0	0	0	0	0	0	0	0	0.0007367025	0	0	0	0	0.002711065	0.0003241491	0.0001473405	0.0003094151	0	0	0	0	0	0	0	0	0	0	0	0	0	0	0	0	0	0	0.8615294	0	0	0	0	0	0	0	0	0	0	0	0	0	0.00163548	0	0	0.042684544	0	0	0	0	0	0	0	0	0	0	0	0	0	0	0	0.0001178724	0	0	0	0	0.003182555	0	0	0	0	0	0	0	0	0	0	0.0003094151	0	0	0	0	0	0	0.0008398409	0	0	0	0	0	0	0	0	0	0	0	0	0	0	0	0.01404155	0	0	0	0	0	0	0	0	0	0	0	0	0	0	0	0	0	0	0	0	0	0.04713423	0	0	0	0	0	0	0	0	0	0	0	0	0	0	0	0	0	0.00131133	0	0	0	0	0	0	0	0	0	0	0	0	0	0	0	0	0.022926182	0	0	0
Neighbor_Ham	0	0	0.000123532756666667	0	0	0	0	0	0	0	0	0	0	0	0	0	0	0	0	0	0	0	0.00373080833333333	0	0	0	0	0.0184812367	9.53552333333333e-06	0.000240696466666667	0.002936959	0	0	0	0	0	0	0	0	0	0	0	0	0	0	0	0	0	0	0.387441133333333	0	1.085688e-05	0	0	0	0	0	0	0	0	0	0	0	0.00260338176666667	0	0	0.156682433833333	0	0	0	0	0	0	0	0	0	0	0	0	0	0	0	9.032511e-05	0.00013174694	0	0	0	0.0091453097	0	0	0	0	0	0	0	0	0	0	0.00126720563333333	0	0	0	0	0	0	0.00343529166666667	0	0	0	0	0	0	0	0	0	0	0	0	0	0	0	0.0017728571	0	0	0	0	0	0	0.000113997233333333	0	0	0	0	0	0	0	0	0	0	0	0	0	0	0.18814872	0	0	0	0	0	0	0	0	0	0	0	0	0	0	0	0	0	0.063047031	0	0	0	0	0	0	0	0	0	0	0	0	0	0	0	0	0.160586971	0	0	0
Neighbor_pulh	0	0	0	0	0	0	0	0	0	0	0	0	0	0	0	0	0	0	0	0	0	0	0.00291555	0	0	0	0	0.0005898512	5.055867e-05	0	0.0003876165	0	0	0	0	0	0	0	0	0	0	0	0	0	0	0	0	0	0	0.8163372	0	3.370578e-05	0	0	0	0	0	0	0	0	0	0	0	0.0004887338	0	0	0.0796973221	0	0	0	0	0	0	0	0	0	0	0	0	0	0	0	6.741156e-05	0.001028026	0	0	0	0.001078585	0	0	0	0	0	0	0	0	0	0	0.0003202049	0	0	0	0	0	0	0.001971788	0	0	0	0	0	0	0	0	0	0	0	0	0	0	0	0.0007415272	0	0	0	0	0	0	0	0	0	0	0	0	0	0	0	0	0	0	0	0	0	0.05581678	0	0	0	0	0	0	0	0	0	0	0	0	0	0	0	0	0	0.007786036	0	0	0	0	0	0	0	0	0	0	0	0	0	0	0	0	0.030689115	0	0	0
Neighbor_SD	0	0	2.127954e-05	0	0	0	0	0	0	0	0	0	0	0	0	0	0	0	0	0	0	0	0.00479242433333333	0	0	0	0	0.00268584433333333	0	0.000737579166666667	0.00220155013333333	4.25590666666667e-05	0	0	0	0	0	0	0	0	0	0	0	0	0	0	0	0	0	0.5437514	0	0	0	0	0	0	0	0	0	0	0	0	0	0.0010594026	0	0	0.210641844466667	0	0	0	0	0	0	0	0	0	0	1.93459933333333e-05	0	0	0	0	0.00071736862	0.000860435233333333	0	0	0	0.00836837366666667	0	0	0	0	0	0	0	0	0	0	0.0004864148	0	0	0	0	0	0	0.0147234256666667	0	0	0	0	0	0	0	0	0	0	0	0	0	0	0	0.0100590526666667	0	0	0	0	0	0	0	0	0	0	0	0	0	0	0	0	0	0	0	0	0	0.12169303	0	0	0	0	0	0	0	0	0	0	9.86485e-06	0	0	0	0	0	0	0.03791949	0	0	0	0	0	0	0	0	0	0	0	0	0	0	0	0	0.0392093393333333	0	0	0
Neighbor_Spa1	0	0	0.0001758087	0	0	0	0	0	0	0	0	0	0	0	0	0	0	0	0	0	0	0	0.00077935045	0	0	0	0	0.00066122155	0	0	0.00020035973	0	0	0	0	0	0	0	0	0	0	0	0	0	0	0	0	0	0	0.68381855	0	0	0	0	0	0	0	0	0	0	0	0	0	0.00051125645	0	0	0.19656213855	0	0	0	0	0	0	0	0	0	0	0	0	0	0	0	0	9.1054045e-05	0	0	0	0.001734571	0	0	0	0	0	0	0	0	0	0	0.000589167765	0	0	0	0	0	0	0.00460692	0	0	0	0	0	0	0	0	0	0	0	0	0	0	0	0.00392235	0	0	0	0	0	0	0.000791139	0	0	0	0	0	0	0	0	0	0	0	0	0	0	0.03683911	0	0	0	0	0	0	0	0	0	0	1.130608e-05	0	0	0	0	0	0	0.031365965	0	0	0	0	0	0	0	0	0	0	0	0	0	0	0	0	0.037339702	0	0	0
Neighbor_Spa2	0	0	0.0179122738366667	0	0	0	0	0	0	0	0	0	0	0	0	0	0	0	0	0	0	0	0.00158425633333333	0	0	0	0	0.0123332106666667	0	4.47858e-05	0.00214196733333333	0.000198683	0	0	0	0	0	0	0	0	0	0	0	0	0	0	0	0	0	0.641400033333333	0	0	0	0	0	0	0	0	0	0	0	0	0	0.000362985233333333	0	0	0.0931984731333333	0	0	0	0	0	0	0	0	0	0	3.73215e-05	0	0	0	0	0.000133359266666667	0.000380156166666667	0	0	0	0.00233423086666667	0	0	0	0	0	0	0	0	0	0	0.00100373053333333	0	0	0	0	0	0	0.00530680866666667	0	0	0	0	0	0	0	0	0	0	0	0	0	0	0	0.00278061126666667	0	0	0	0	0	0	0	0	0	0	0	0	0	0	0	0	0	0	0	0	0	0.142568623333333	0	0	0	0	0	0	0	0	0	0	0	0	0	0	0	0	0	0.02042459	0	0	0	0	0	0	0	0	0	0	0	0	0	0	0	0	0.0558539026666667	0	0	0
Neighbor_Spa3	0	0	0.00069898419	0	0	0	0	0	0	0	0	0	0	0	0	0	0	0	0	0	0	0	0.00109728426666667	0	0	0	0	0.00130670863333333	9.02450333333333e-05	1.59255966666667e-05	0.000368457306666667	0.000134327733333333	0	0	0	0	0	0	0	0	0	0	0	0	0	0	0	0	0	0.600646566666667	0	0	0	0	0	0	0	0	0	0	0	0	0	0.01029648336	0	0	0.1933920553	0	0	0	0	0	0	0	0	0	0	0	0	0	0	0	5.42384666666667e-05	0.0003727463	0	0	0	0.00189268523333333	0	0	0	0	0	0	0	0	0	0	0.0026893493	0	0	0	0	0	0	0.001565459	0	0	0	0	0	0	0	0	0	0	0	0	0	0	0	0.00340742466666667	0	0	0	0	0	0	0	0	8.77408333333333e-05	0	0	0	0	0	0	0	0	0	0	0	0	0.0331640566666667	0	0	0	0	0	0	0	0	0	0	0	0	0	0	0	0	0	0.0389854533333333	0	0	0	0	0	0	0	0	0	0	0	0	0	0	0	0	0.109733814	0	0	0
Neighbor_Swe1	0	0	0.0006125523	0	0	0	0	0	0	0	0	0	0	0	0	0	0	0	0	0	0	0	0.0148638013333333	0	0	0	0	0.00221948866666667	0	0.000617549906666667	0.003970797	6.65626e-05	0	0	0	0	0	0	0	0	0	0	0	0	0	0	0	0	0	0.5914321	0	0	0	0	0	0	0	0	0	0	0	0	0	0.00145318903333333	0	0	0.0944770997333333	0	0	0	0	0	0	0	0	0	0	0	0	0	0	0	0.000144830066666667	0.001173922	0	0	0	0.016284391	0	0	0	0	0	0	0	0	0	0	0.01561268	0	0	0	0	0	0	0.012987317	0	0	0	0	0	0	0	0	0	0	0	0	0	0	0	0.00679376976666667	0	0	0	0	0	0	0	0	0	0	0	0	0	0	0	0	0	0	0	0	0	0.11056793	0	0	0	0	0	0	0	0	0	0	8.56303666666667e-06	0	0	0	0	0	0	0.0733783033333333	0	0	0	0	0	0	0	0	0	0	0	0	0	0	0	0	0.0533351533333333	0	0	0
Neighbor_Swe2	0	0	0.0038715247	0	0	0	0	0	0	0	0	0	0	0	0	0	0	0	0	0	0	0	0.00347942155	0	0	0	0	0.01008639255	0	0.00022491855	0.0033297406	7.951275e-06	0	0	0	0	0	0	0	0	0	0	0	0	0	0	0	0	0	0.3989245925	0	0	0	0	0	0	0	0	0	0	0	0	0	0.001342731085	0	0	0.143392408275	0	0	0	0	0	0	0	0	0	0	2.1068245e-05	0	0	0	0	0.0001849836675	0.00022050195	0	0	0	0.00937900575	0	0	0	0	0	0	0	0	0	0	0.01882313765	0	0	0	0	0	0	0.01038479975	0	0	0	0	0	0	0	0	0	0	0	0	0	0	0	0.0030872245	0	0	0	0	0	0	7.951275e-06	0	0	0	0	0	0	0	0	0	0	0	0	0	0	0.17598151	0	0	0	0	0	0	0	0	0	0	0	0	0	0	0	0	0	0.02260050325	0	0	0	0	0	0	0	0	0	0	0	0	0	0	0	0	0.19464961475	0	0	0
Neighbor_Swe3	0	0	0.000497044163333333	0	0	0	0	0	0	0	0	0	0	0	0	0	0	0	0	0	0	0	0.0177303226333333	0	0	0	0	0.0234177876	1.23082966666667e-05	0.00020983864	0.00314496853333333	5.142418e-05	0	0	0	0	0	0	0	0	0	0	0	0	0	0	0	0	0	0.544164733333333	0	0	0	0	0	0	0	0	0	0	0	0	0	0.001282894	0	0	0.1570236632	0	0	0	0	0	0	0	0	0	0	3.072763e-05	0	0	0	0	0.000519480366666667	0.003162339	0	0	0	0.00918864443333333	0	0	0	0	0	0	0	0	0	0	0.00278072315	0	0	0	0	0	0	0.00505118066666667	0	0	0	0	0	0	0	0	0	0	0	0	0	0	0	0.00240344	0	0	0	0	0	0	0.0001997296	0	0	0	0	0	0	0	0	0	0	0	0	0	0	0.174377506666667	0	0	0	0	0	0	0	0	0	0	2.30457233333333e-05	0	0	0	0	0	0	0.03286257	0	0	0	0	0	0	0	0	0	0	0	0	0	0	0	0	0.021865641	0	0	0
Neighbor_Swe4	0	0	0.002839520225	0	0	0	0	0	0	0	0	0	0	0	0	0	0	0	0	0	0	0	0.003969507475	0	0	0	0	0.004289995325	0	0.000297654425	0.00303959465	3.0451125e-05	0	0	0	0	0	0	0	0	0	0	0	0	0	0	0	0	0	0.2858866125	0	0	0	0	0	0	0	0	0	0	0	0	0	0.00057812015	0	0	0.181382094825	0	0	0	0	0	0	0	0	0	0	7.05169e-05	0	0	0	0	0.000119935975	0.0002530973825	0	0	0	0.01611375975	0	0	0	0	0	0	0	0	0	0	0.013692626925	0	0	0	0	0	0	0.0072649875	0	0	0	0	0	0	0	0	0	0	0	0	0	0	0	0.004203071	0	0	0	0	0	0	0	0	0	0	0	0	0	0	0	0	0	0	0	0	0	0.1731539925	0	0	0	0	0	0	0	0	0	0	0	0	0	0	0	0	0	0.10550746	0	0	0	0	0	0	0	0	0	0	0	0	0	0	0	0	0.197307005	0	0	0
Neighbor_Tou1	0	0	0	0	0	0	0	0	0	0	0	0	0	0	0	0	0	0	0	0	0	0	0.002677908	0	0	0	0	0.0552006472	0	0.0008513719	0.0040402985	0	0	0	0	0	0	0	0	0	0	0	0	0	0	0	0	0	0	0.41828085	0	0	0	0	0	0	0	0	0	0	0	0	0	0.0002966723	0	0	0.06640807165	0	0	0	0	0	0	0	0	0	0	4.0945345e-05	0	0	0	0	5.062706e-05	0.00014740325	0	0	0	0.009075662	0	0	0	0	0	0	0	0	0	0	0.0005822315	0	0	0	0	0	0	0.0069652435	0	0	0	0	0	0	0	0	0	0	0	0	0	0	0	0.006259142	0	0	0	0	0	0	4.0945345e-05	0	0	0	0	0	0	0	0	0	0	0	0	0	0	0.120487545	0	0	0	0	0	0	0	0	0	0	0	0	0	0	0	0	0	0.03275668	0	0	0	0	0	0	0	0	0	0	0	0	0	0	0	0	0.2758377565	0	0	0
Neighbor_Tou2	0	0	0.000653519633333333	0	0	0	0	0	0	0	0	0	0	0	0	0	0	0	0	0	0	0	0.00247506996666667	0	0	0	0	0.0003556692	0	0.00012843344	0.00167153633333333	0	0	0	0	0	0	0	0	0	0	0	0	0	0	0	0	0	0	0.49274377	0	0	0	0	0	0	0	0	0	0	0	0	0	0.0007125545	0	0	0.0723114636333333	0	0	0	0	0	0	0	0	0	0	2.395531e-05	0	0	0	0	2.35311833333333e-05	9.58212333333333e-06	0	0	0	0.010872064	0	0	0	0	0	0	0	0	0	0	0.000116968333333333	0	0	0	0	0	0	0.0137225233333333	0	0	0	0	0	0	0	0	0	0	0	0	0	0	0	0.00374524966666667	0	0	0	0	0	0	0	0	0	0	0	0	0	0	0	0	0	0	0	0	0	0.123202803333333	0	0	0	0	0	0	0	0	0	0	0	0	0	0	0	0	0	0.213465276333333	0	0	0	0	0	0	0	0	0	0	0	0	0	0	0	0	0.0637659913333333	0	0	0
Neighbor_Tub2	0	0	0.000471967933333333	0	0	0	0	0	0	0	0	0	0	0	0	0	0	0	0	0	0	0	0.003396024	0	0	0	0	0.006396713	4.24547333333333e-05	0.000109434766666667	0.00216765833333333	0	0	0	0	0	0	0	0	0	0	0	0	0	0	0	0	0	0	0.549600266666667	0	1.691389e-05	0	0	0	0	0	0	0	2.25518566666667e-05	0	0	0	0.0045596569	0	0	0.132163375166667	0	0	0	0	0	0	0	0	0	0	0	0	0	0	0	4.941435e-05	0.000186732823333333	0	0	0	0.00484290533333333	0	0	0	0	0	0	0	0	0	0	0.00143581843333333	0	0	0	0	0	0	0.00974012733333333	0	0	0	0	0	0	0	0	0	0	0	0	0	0	0	0.0407992636666667	0	0	0	0	0	0	0	0	0.000997686333333333	0	0	0	0	0	0	0	0	0	0	0	0	0.107306596666667	0	0	0	0	0	0	0	0	0	0	9.94861666666667e-06	0	0	0	0	0	0	0.03309378	0	0	0	0	0	0	0	0	0	0	0	0	0	0	0	0	0.102590703666667	0	0	0
Neighbor_Tub3	0	0	0.0027254152575	0	0	0	0	0	0	0	0	0	0	0	0	0	0	0	0	0	1.6483155e-05	0	0.001659194	0	0	0	0	0.069723447225	0	7.9287275e-05	0.001414484175	1.09861125e-05	0	0	0	0	0	0	0	0	0	0	0	0	0	0	0	0	0	0.41394375	0	0	0	0	0	0	0	0	0	0	0	0	0	0.004678107725	0	0	0.14463553915	0	0	0	0	0	0	0	0	0	0	4.1681475e-05	0	0	0	0	7.76960175e-05	0.001634713575	0	0	0	0.008533085125	0	0	0	0	0	0	0	0	0	0	0.00166255301	0	0	0	0	0	0	0.00453215625	0	0	0	0	0	0	0	0	0	0	0	0	0	0	0	0.017464790125	0	0	0	0	0	0	0	0	0	0	0	0	0	0	0	0	0	0	0	0	0	0.061492875	0	0	0	0	0	0	0	0	0	0	2.7471925e-05	0	0	0	0	0	0	0.071827835	0	0	0	0	0	0	0	0	0	0	0	0	0	0	0	0	0.19381844225	0	0	0
Neighbor_Tub4	0	0	0.002431844525	0	0	0	0	0	0	0	0	0	0	0	0	0	0	0	0	0	0	0	0.0021669074	0	0	0	0	0.0027077499275	6.571685e-05	5.42439825e-05	0.001145093525	1.425476e-05	0	0	0	0	0	0	0	0	0	0	0	0	0	0	0	0	0	0.562505425	0	0	0	0	0	0	0	0	0	0	0	0	0	0.00320356805	0	0	0.207665573675	0	0	0	0	0	0	0	0	0	0	2.88357875e-05	0	0	0	0	4.05152725e-05	0.0003936721075	0	0	0	0.0044428555	0	0	0	0	0	0	0	0	0	0	0.00033869995	0	0	0	0	0	0	0.009319535475	0	0	0	0	0	0	0	0	0	0	0	0	0	0	0	0.002875407	0	0	0	0	0	0	9.10232e-05	0	0	0	0	0	0	0	0	0	0	0	0	0	0	0.0549364175	0	0	0	0	0	0	0	0	0	0	0	0	0	0	0	0	0	0.023599824	0	0	0	0	0	0	0	0	0	0	0	0	0	0	0	0	0.12197283775	0	0	0
Teosinte_maize	0	0	0.0131433292257576	2.69484121212121e-05	0	0	0	0	0	0	0	0	0	2.33610606060606e-07	0	0	0.000112879946969697	0	0	4.53835833333333e-06	4.07097606060606e-06	4.31740909090909e-07	0.00102379674704545	0	0	0	0	0.0245662933756818	0.00232998266681818	0.00217046401787879	0.00256637608159091	4.68250451515152e-05	0	1.46073303030303e-05	0	0	0.00720765152454545	0	0	9.51888634848485e-05	0	0.000156320050530303	0	1.60519965151515e-05	0	0	7.45498712121212e-06	1.76838409090909e-06	0	0.411264066049091	0	0.000413207050075758	0	0	6.16265984848485e-07	0	0	0	9.95440521969697e-05	5.84418333333333e-07	0	0	0	0.0341109119685606	0	0	0.169109985314394	0	0	0	0.000382160558787879	0	0	0	9.58050909090909e-05	0	2.89511477272727e-05	2.02220668181818e-05	0	0	0	0	0.00380284944151515	0.000708358870681818	0	0	0	0.00337845879090909	0	0	0	5.06557196969697e-06	7.60633431818182e-06	0	6.07123257575758e-06	0	0	0	0.00266436814818182	0	0	0	0	0	0	0.0578428231318182	7.66528257575758e-05	5.66714586363636e-05	0	5.28010151515151e-06	7.64159621212121e-06	0	1.49168273484848e-05	5.69884285606061e-05	0	0	0	0	0.000171534137121212	0	0	0.0248919920719697	0	6.67118257575758e-06	0	0.000111111949242424	2.8696053030303e-07	0	0.000122884002121212	0.00326101102431818	0.00230331610121212	0.00115369785136364	0	1.55894803030303e-06	7.35498545454545e-06	0	0	0	6.16265984848485e-07	0	0	0	7.03732439393939e-06	0.0610372786816667	0	0	0	0	0	0	0	2.48499545454545e-06	0	0	2.88866407575758e-05	0	0	0	0	0	0	0.0593765695522727	2.00091287878788e-07	9.21176515151515e-07	0.000662348069621212	0.000524580438030303	0	0	0.00579261285151515	6.18315925e-05	0.000944347910681818	0	0	0.000509228004772727	3.27706733333333e-05	7.47644114393939e-05	0.000540469596969697	1.77189363636364e-06	0.100710793060606	0	4.0428996969697e-06	0
zea_mays_l_DEMO	6.13107888198758e-06	2.83592670807453e-06	0.0199319382504969	4.41348258385093e-05	3.33665341614907e-06	0.000436623081614907	4.01050844720497e-06	0.00011025231689441	2.00289565217391e-07	0.000104435656645963	0	2.39416956521739e-06	0.000121725462111801	0.000588416156024845	1.33399570807453e-05	6.40497541614907e-05	0.000111799632298137	0.00184801314708075	5.45267329192547e-06	2.54210493167702e-05	0.000769278624037267	0.000638236643291926	8.49412807453416e-05	3.89147329192547e-07	0.000133969145962733	1.01215637888199e-05	1.04604409937888e-06	0.0105333117683851	0.00656627900670807	0.00052895047	0.0750649871975155	3.82839395652174e-05	0	0.0018083660236646	0.000215330483229814	0	0.00010474478757764	3.21504099378882e-06	3.34439949068323e-05	0.00113243154354037	6.363e-07	0.00153941028242236	4.89717036645963e-05	0.00156810682515528	4.06690236024845e-05	3.26285962732919e-06	3.9613181863354e-05	0.000633694530496894	0.000151381893416149	0.00711287649285714	1.91657031055901e-06	0.00181315982745342	1.7346351552795e-05	3.74709364596273e-05	0.000113438278509317	2.16925714285714e-07	7.60885318012422e-05	2.56457186335404e-06	0.0247622511456522	0.00409884262062112	0.000114930348944099	3.61881428571429e-06	0	0.0562549388068323	6.92373291925466e-07	9.92769113664596e-05	0.0810299641453416	7.95130434782609e-06	2.04829316770186e-06	0.00328890453360248	0.000268093752484472	0	0.000100255947826087	1.52627805590062e-05	0	0.000819193662670807	2.14121951552795e-05	0.000772073850745342	7.41873732919255e-06	1.19459869565217e-06	0.000101377520621118	0.000229184616645963	0.00918920012546584	0.00050682385310559	1.46871118012422e-06	0.0018288500342236	0.000206215828012422	0.00146102675863354	8.68476620496894e-05	4.70491677018634e-06	3.54681366459627e-06	0.000594934345217391	0.00247296602074534	0.000417747165652174	3.39965238509317e-05	8.58253416149068e-07	0.00719399583180124	2.37925314285714e-05	0.0165521955531056	0.000149022037267081	9.50025968944099e-06	1.35149379503106e-05	0.00057609952447205	0	0.000378640386335404	0.136573208732919	0.000189670789192547	1.40630773913043e-05	4.11854658385093e-07	0.00410509899173913	0.0098606101131677	3.69188445341615e-05	3.70625497515528e-05	0.000745888797888199	5.89966465838509e-06	9.30133260869565e-06	3.4480847826087e-06	2.72816398136646e-05	0.00208501418118012	6.52983850931677e-07	3.28633850931677e-07	0.0505796112776397	2.40039693167702e-05	0.0119279946112422	3.07573204968944e-06	2.72340857763975e-05	3.02056105590062e-06	7.63327295652174e-05	0.000579146767267081	0.000305657380559006	0.000421234997888199	0.0032684128668323	3.29702644099379e-05	3.17480744720497e-05	0.00083498846484472	0.000978920092360248	0.000313256565714286	4.40816838509317e-06	9.11447056521739e-05	1.78905757763975e-06	0.00210016548111801	0.020480472552795	1.84866583850932e-05	0.0139434621463354	0.231884450186335	2.94762670807453e-06	0	1.61998385093168e-07	6.88062236024845e-07	5.92768819875776e-07	6.91027506832298e-05	0.000257687726770186	0	0	0.000141670173229814	0	0	0.00182084655434783	7.45218211180124e-06	1.3572198757764e-07	0	0.158054905590062	1.94621691925466e-05	0	0	0	0	0	0	0	0	0	0	0	0	0	0	0	0	0	0	0
zea_mays_l_DOK	1.85053035714286e-06	0	0.0314715223344048	3.28173373214286e-05	0	0.000194938820178571	0	4.48758003869048e-05	0	4.81487497916667e-05	6.925e-07	8.75346309523809e-06	7.98210267857143e-07	4.64939199404762e-06	0	1.11876964285714e-06	0.000457802640059524	4.46613833333333e-06	3.70449404761905e-07	1.85301588958333e-05	5.29946886904762e-06	0.000155263883005952	1.95469672619048e-06	0	1.65097413690476e-05	0	6.09394345238095e-08	0.00648871477458333	0.00313988699940476	0.000908652951190476	0.0501335832501488	9.25511647321429e-05	2.43757738095238e-07	0.000434526197261905	5.18183569345238e-05	1.94973422619048e-06	0.000396998206934524	0	1.92512863690476e-05	0.000287259963392857	0	0.000675987736130952	0.000707211575535714	0.0015317807339881	3.0347619047619e-07	0	8.76217580357143e-06	8.46605576488095e-05	0.000872792551309524	0.010029440230625	4.56100297619048e-08	0.000630497659672619	0	3.43563571428571e-06	3.51442503571429e-05	3.24027380952381e-06	7.06901681547619e-06	0	0.0247507406308929	0.00355249422372024	1.00329136904762e-06	0	1.73842830357143e-06	0.041565937491369	0	0.000357717120714286	0.0840498084035714	0	6.00280357142857e-07	7.39067814880952e-05	8.28194571428571e-05	1.23729553571429e-06	0	2.28180595238095e-06	3.297428125e-06	0.000593760671547619	1.27751143125e-05	0.000518820247827381	3.86204761904762e-07	7.49495032738095e-06	7.13859842261905e-05	1.93517442559524e-05	0.00742147532508929	0.000639313757767857	8.09880952380952e-08	0.000561793828482143	1.00866480059524e-05	0.00459967413910714	2.76938860119048e-06	1.27152282738095e-06	0	0.000114156368005952	0.000474859120119048	0.000265117400595238	4.89630548809524e-05	8.46434770833333e-06	0.000331438622857143	0.000363189594910714	0.00535282652372024	1.29595169940476e-05	6.87467494047619e-06	5.4531568452381e-07	0.000154453400505952	2.42573125e-07	3.49722570535714e-05	0.168343011264881	4.09918048214286e-05	3.36888395833333e-06	2.56911428571429e-07	0.00113153049997024	0.00417725124842262	8.17868788690476e-06	1.25219232738095e-05	0.00107356666252976	3.03499196428571e-06	0	3.29047827380952e-06	1.6276380952381e-07	0.000503372743005952	0	0	0.0216888301931845	5.10757071130952e-05	0.00447558563949405	7.05299107142857e-06	2.79979539880952e-05	9.23649107142857e-07	4.93879730952381e-05	0.000385956928720238	0.000468631384196429	9.36363574107143e-05	0.00146352579122024	0.000169352023809524	5.12913716369048e-05	0.00115559128354167	0.000277166594821429	4.16953244047619e-07	5.23645238095238e-08	5.42308546130952e-05	0	0.000372687368125	0.00677605798898809	1.48278273809524e-06	0.0202611578048512	0.05993455125	1.79816298809524e-05	0	1.0417005952381e-07	6.8753244047619e-08	4.96038345238095e-06	3.59739949107143e-05	0.000506685951904762	0	0	0.000894229983125	0	0	0.00583576622196429	2.31229449970238e-05	4.71177083333333e-07	0	0.414510289077381	1.38425786904762e-05	0	0	0	0	0	0	0	0	0	0	0	0	0	0	0	0	0	0	0
