Group.1	0	0319-6G20	0319-7L14	053A03-B-DI-P58	2024-11-01 00:00:00	211ds20	AT-s3-44	Abditibacteriales	Acetobacterales	Acidiferrobacterales	Acidimicrobiales	Acidithiobacillales	Acidobacteriales	Actinomarinales	Actinomycetales	Aeromonadales	Alicyclobacillales	Alteromonadales	Aneurinibacillales	Ardenticatenales	Armatimonadales	Azospirillales	Babeliales	Bacillales	Bacteriovoracales	Bacteroidales	BacteroideteVC2.1_Bac22	Bdellovibrionales	Beggiatoales	Bifidobacteriales	Blastocatellales	Blfdi19	Bradymonadales	Bryobacterales	Burkholderiales	C0119	CCD24	CCM19a	Caedibacterales	Caldilineales	CandidatuAbawacabacteria	CandidatuKaiserbacteria	CandidatuPeribacteria	CandidatuWoykebacteria	Capnodiales	Catenulisporales	Caulobacterales	Cellvibrionales	Chitinophagales	Chlamydiales	Chloroflexales	Chloroplast	Christensenellales	Chthoniobacterales	Clostridia_UCG-014	Clostridiales	Competibacterales	Corynebacteriales	Coxiellales	Cytophagales	DS-100	Dadabacteriales	Deferribacterales	Defluviicoccales	Deinococcales	Desulfitobacteriales	Desulfobulbales	Desulfotomaculales	Diplorickettsiales	Dongiales	EV818SWSAP88	Ectothiorhodospirales	Elev-16S-1166	Elev-16S-976	Elsterales	Enterobacterales	Entotheonellales	Erysipelotrichales	Euzebyales	Exiguobacterales	FCPU453	Ferrovibrionales	Fibrobacterales	Fimbriimonadales	Flavobacteriales	Frankiales	Ga0077536	Gaiellales	Gemmatales	Gemmatimonadales	Geobacterales	Glycomycetales	Halanaerobiales	Haliangiales	Holosporales	Hydrogenedentiales	IMCC26256	Ignavibacteriales	Isosphaerales	JG36-GS-52	JG36-TzT-191	JTB23	KF-JG30-C25	Kallotenuales	Kiloniellales	Kineosporiales	Kryptoniales	Ktedonobacterales	Lachnospirales	Lactobacillales	Latescibacterales	Legionellales	Leptospirales	Limnochordales	Lineage_IV	Longimicrobiales	MSB-4B10	MVP-88	Micavibrionales	Micrococcales	Micromonosporales	Micropepsales	Microtrichales	Mycoplasmatales	Myxococcales	Nannocystales	Nitrosococcales	Nitrososphaerales	Nitrospirales	OPB41	Oceanospirillales	Oligoflexales	Omnitrophales	Oscillospirales	PAUC26f	PB19	PLTA13	Paenibacillales	Paracaedibacterales	Parvibaculales	Pasteurellales	PeM15	Pedosphaerales	Peptostreptococcales-Tissierellales	Phycisphaerales	Pirellulales	Piscirickettsiales	Polyangiales	Propionibacteriales	Pseudomonadales	Pseudonocardiales	Puniceispirillales	Pyrinomonadales	R7C24	Reyranellales	Rhizobiales	Rhodobacterales	Rhodospirillales	Rhodothermales	Rickettsiales	Rokubacteriales	Rubrobacterales	S085	S1-3-65	SAR202_clade	Saccharimonadales	Salinisphaerales	Silvanigrellales	Sneathiellales	Solibacterales	Solirubrobacterales	Sphingobacteriales	Sphingomonadales	Spirochaetales	Staphylococcales	Steroidobacterales	Streptomycetales	Streptosporangiales	Subgroup_12	Subgroup_13	Subgroup_15	Subgroup_17	Subgroup_2	Subgroup_7	Sumerlaeales	Symbiobacteriales	Syntrophobacterales	Syntrophomonadales	Tepidisphaerales	Thalassobaculales	Thermoactinomycetales	Thermoanaerobaculales	Thermomicrobiales	Tistrellales	UASB-TL25	VHS-B3-70	Verrucomicrobiales	Vicinamibacterales	WCHB1-41	WD260	Xanthomonadales	Zavarziniales	mle1-27	mle1-8	11-24	AKIW659	Acidobacteriae_or	Ammonifexales	Bacteroidetes_VC2.1_Bac22	Brevibacillales	CCM11a	Caldatribacteriales	Caldicoprobacterales	Calditrichales	Candidatus_Abawacabacteria	Candidatus_Collierbacteria	Candidatus_Peribacteria	Candidatus_Woykebacteria	Clostridia_or	Desulfobacterales	Desulfovibrionales	Desulfuromonadia_or	Dethiobacterales	EPR3968-O8a-Bc78	Elev-1554	Endomicrobiales	Eubacteriales	F9P41300-M23	FFCH16767	Fusobacteriales	Gammaproteobacteria_Incertae_Sedis	Haloplasmatales	Holophagales	KI89A_clade	Kapabacteriales	Leptospirillales	M55-D21	MA-28-I98C	MBA03	Methylococcales	Monoglobales	Orbales	P0X4b2H11	Proteinivoracales	SBR1031	SJA-15	Syntrophales	Syntrophorhabdales	Thermales	Thermincolales	Thermophilales	Unassigned	Veillonellales-Selenomonadales	45985	Alphaproteobacteria_Incertae_Sedis	Anaerolineales	B103G10	BD72BR169	Betaproteobacteriales	Candidatus_Azambacteria	Candidatus_Doudnabacteria	Candidatus_Kuenenbacteria	Candidatus_Liptonbacteria	Candidatus_Magasanikbacteria	Candidatus_Nomurabacteria	Candidatus_Peregrinibacteria	Candidatus_Uhrbacteria	Candidatus_Woesebacteria	Candidatus_Yanofskybacteria	Candidatus_Zambryskibacteria	Chthonomonadales	Coriobacteriales	Desulfarculales	Desulfuromonadales	EC3	EMP-G18	Enterobacteriales	Entomoplasmatales	I3A	Leptolyngbyales	MBNT15	MD2904-B13	Methanosarcinales	Methylacidiphilales	Methylomirabilales	Mollicutes_Incertae_Sedis	NB1-j	Nitriliruptorales	Nitrosopumilales	Nitrosotaleales	Nostocales	OPB56	Obscuribacterales	Opitutales	Oxyphotobacteria_Incertae_Sedis	Phormidesmiales	Pla1_lineage	Planctomycetales	RBG-13-54-9	RCP2-54	Rhodovibrionales	S-70	S-BQ2-57_soil_group	SAR324_clade(Marine_group_B)	SJA-28	SM1A07	Selenomonadales	Thiohalorhabdales	UA11	Unknown_Order	Vampirovibrionales	WN-HWB-116	Aggregatilineales	Campylobacterales	Candidatus_Kaiserbacteria	Chitinivibrionales	FW22	Hyphomicrobiales	Incertae_Sedis	Kitasatosporales	Lysobacterales	Mycobacteriales	Rickettsiellales	Terriglobales	Thermoanaerobacterales	Immundisolibacterales	Peronosporomycetes_or	Pseudanabaenales	24-Nov	AKAU4049	Clostridia	Cyanobacteriales	Gitt-GS-136	KD4-96	Limnochordia	MB-A2-108	S0134_terrestrial_group	Subgroup_11	Subgroup_25	Subgroup_5	TK10	bacteriap25	uncultured	Clostridia_vadinBB60_group	Dehalococcoidales	Desulfitibacterales	B12-WMSP1	Candidatus_Adlerbacteria	Sulfobacillales	TSBb06	104A5	258ds10	32-20	34P16	A21b	A31	A89	AF420338	AKAU3564	AKIW781	AKYG1722	AKYG885	ASSO-13	Acholeplasmatales	Anaeroplasmatales	Aquificales	ArcA07	Arctic96B-7	Ardenscatenales	B07_WMSP1	B97	BD7-3	BPC015	BPC076	Blgi18	Brocadiales	C114	C20	CCU21	CFB-26	CL500-15	CPla-3	CV90	CW040	Cardiobacteriales	Cenarchaeales	Chlorophyta	Chromatiales	Chroococcales	Cryptophyta	DH61	DRC31	DS-18	DTB120	Desulfurellales	E2	EW055	Ellin329	Ellin5290	Ellin6067	Ellin6513	Ellin6537	Ellin7246	Elusimicrobiales	Euglenozoa	FAC87	FAC88	FW68	GAB-B06	GCA004	GIF10	GIF9	GMD14H09	GN03	GW-22	GW-28	Gallionellales	H39	HMMVPog-54	HOC36	HTCC2188	Halobacteriales	Herpetosiphonales	HydGC-84-221A	Hydrogenophilales	I025	IIb	IS-44	JG30-KF-AS9	JG30-KF-CM45	JH-WHS47	KD8-87	LD1-PA13	LD1-PB3	LG048	Lentisphaerales	M2PT2-76	MBA08	MIZ46	MKC10	ML615J-28	MLE1-12	MND1	MOB121	MSB-5B5	MSBL9	MVS-107	MVS-40	Mariprofundales	Methanobacteriales	Methylomirabiliales	Methylophilales	N1423WL	NKB15	NRP-J	Natranaerobiales	Neisseriales	Nitrosomonadales	O4D2Z37	OPB54	Oscillatoriales	PBS-III-9	PHOS-HD29	PHOS-HE93	PK29	PK329	PYR10d3	PeHg47	Pla1	Procabacteriales	Puniceicoccales	RB41	RF39	Rhodocyclales	Rhodophyta	S-BQ2-57	S0208	S1198	SB-34	SB-45	SBla14	SC-I-84	SHA-20	SHA-43	SJA-22	SJA-36	SM1D11	SM2F09	SS1-B-03-39	Sediment-1	Sphaerochaetales	Spirobacillales	Stigonematales	Stramenopiles	Streptophyta	Sva0725	Sva0853	Synechococcales	TG3-1	Thermogemmatisporales	Thermotogales	Thiobacterales	Thiotrichales	Tremblayales	Turicibacterales	Ucm1571	Ucn15732	Ucp1540	VC38	Vibrionales	Victivallales	WCHB1-50	WCHD3-30	WD2101	YJF2-48	YLA114	YS2	[Borreliales]	[Brachyspirales]	[Cerasicoccales]	[Chloracidobacterales]	[Chthoniobacterales]	[Entotheonellales]	[Fimbriimonadales]	[Leptospirales]	[Marinicellales]	[Micrarchaeles]	[Pedosphaerales]	[Rhodothermales]	[Roseiflexales]	[Saprospirales]	[Thermobaculales]	agg27	d113	d153	envOPS12	iii1-15	mle1-48	notassigned	p04_C01	pGrfC26	pLW-97	wb1_H11
17_RHIZO	0	0.00048855426	2.020039e-06	0	0	2.63570638e-05	0	2.9223442e-05	6.3494684e-05	2.3136238e-05	1.22677508e-05	0	0.000122885228	6.022718e-07	0	0	0.000268600395	0	0	0	3.1533456e-05	4.7487091e-05	6.5081175e-05	0.0016411324	0.00061330918	0	0	0.00102860906	0	0	0	0.000180048981	0	0.00033245431	0.2020155023	9.8731246e-05	0.000158160061	0	0	0	0	0	0	0	0	4.825245e-06	0.01285725944	0.001471788368	0.017005716	0.00123672331	0.0027449185	0	0	4.1107077e-05	0	0.000376883591	0	0.0029989674	0.000168510457	0.0117250207	0	0	0	0	0	0	0	0	0.00088280212	0.00377123015	0	0	5.906849e-06	0	5.84778e-06	3.534711e-05	6.4500518e-06	0	0	0	0	0.000122858663	0.00617957086	0.0003083909	0.076140746	0.00142533776	1.140901e-05	0.00172558142	0	0.00123811627	3.8803362e-05	2.953424e-06	0	0.077048373	4.2475382e-05	0	0.00058236437	0	0	0	2.805206e-06	0	0	0	0	0.00116191699	2.953424e-06	5.906849e-06	0	0	2.953424e-06	0	0.00052798622	0	7.025758e-06	0	0	0	0.000117832978	0.0235887507	0.021817379	0.00035707384	0.004236178	0	0.00076073944	0.000209264761	0	0	0.000116826675	0	0.00072647809	0.000325248187	0	0	0	0	0.000148385463	0.00042876451	2.2425443e-05	0	0	1.3903299e-05	0.00066869709	0	0.00033159222	0	0	0.029671547	0.031169876	0.0091526753	0.020803269	8.509713e-06	0	0.0045814961	0.00090961515	0.04055223329	0.00014554242	0.000169928767	0	0.00161312023	0	0	2.7791382e-05	0	0	0.00018690808	1.3843485e-05	2.6754276e-05	0	0.00013100412	0.00118065454	0.00265649933	0.008051414	0.000599881	0	0.0087062967	0.24483648	0.056126177	5.704507e-06	0	0	0	4.00544028e-05	0.000110753909	0	1.136105e-05	0	0	0	0	7.8026786e-05	0.00168484459	0	3.3118694e-05	0	0	0	0	0	1.818035e-05	0.02399915994	0	0.0009002362	0	9.1394985e-05	0	4.96389508e-05	0	0.000135433683	4.9720743e-05	2.953424e-06	0	0	2.953424e-06	0	0	0	0	0	0	0	0	0	0	0	0	0	0	0	0	0.013843649	0	2.2027915e-05	1.8092777e-05	7.4609193e-05	0	0	2.020039e-06	0	0	0	0	0	0	5.6196605e-05	0	0	0	0	0	0	0.0144117917	0	0	0	0	0	0	0	0	0	0	0	0	0	0	0	0	0	0	0	0	0	0	0	0	0	0	0	0	0	0	0	0	0	0	0	0	0	0	0	0	0	0	0	0	0	0	0	0	0	0	0	0	0	0	0	0	0	0	0	0	0	0	0	0	0	0	0	0	0	0	0	0	0	0	0	0	0	0	0	0	0	0	0	0	0	0	0	0	0	0	0	0	0	0	0	0	0	0	0	0	0	0	0	0	0	0	0	0	0	0	0	0	0	0	0	0	0	0	0	0	0	0	0	0	0	0	0	0	0	0	0	0	0	0	0	0	0	0	0	0	0	0	0	0	0	0	0	0	0	0	0	0	0	0	0	0	0	0	0	0	0	0	0	0	0	0	0	0	0	0	0	0	0	0	0	0	0	0	0	0	0	0	0	0	0	0	0	0	0	0	0	0	0	0	0	0	0	0	0	0	0	0	0	0	0	0	0	0	0	0	0	0	0	0	0	0	0	0	0	0	0	0	0	0	0	0	0	0	0	0	0	0	0	0	0	0	0	0	0	0	0	0	0	0	0	0	0	0	0	0	0	0	0	0	0	0	0	0	0	0	0	0	0	0	0	0	0	0	0	0	0	0	0	0	0	0	0	0	0	0	0	0	0	0	0	0	0	0	0	0	0
52_RHIZO	0	0.000355168194	0	0	0	0	0	1.046901e-05	0.0024750152	0	0	0	0.025599906	0	0	0	0.00051221478	0	0	0	0.0043495102	0.0020063723	0.0002205099	0.0047580996	4.5538371e-05	0	0	0.00093070241	0	0	0	0.000133639344	0	0.00179099816	0.2457266135	0.0085806572	3.0748164e-05	0	0	0	0	0	0	0	0	0.030030804	0.01286739054	0	0.0052245257	0.00042239811	0.098899781	0	0	0	0	0.00052802644	0	0.00169358501	0	0.0011598526	0	0	0	5.6494822e-05	0.000546749952	6.3284096e-05	0	0	0.0019056856	0.0045008699	0	0	0	0	0.00039994278	0.002146640982	1.046901e-05	4.2285478e-05	0	0	0	0	0.000359198372	0.00099589131	0.000478190524	0.0142294674	0	0.007274133	0	0.0014419451	9.3243571e-05	0	0	0.030591114	0	0	0.00048071414	0	0	0	0.000122080704	0	7.422372e-05	0	0	0.00141772102	0	0.00050749512	2.0873106e-05	0	0	4.1518714e-05	0.00013554121	0	4.3982988e-05	0	0	0	0	0.0082824664	0.0237528137	0.0061578265	0.00039989397	0	0.00090969954	0	0	0	0.000317845932	0	0	0	0	0	0	0	2.2472071e-05	0.00052169644	0	0	0	0	0.00145697109	0.000195604336	6.0019032e-05	0	0	0.0140542013	0.0031374617	0.00183499762	0.0490799081	0	0	0.000295191822	0.00057431441	0.11103853292	0	0.000409721608	0	0.00233326344	0	0	0.000447471962	0	0	0.00540102924	0.000413538141	0	0	0.00405311852	0.00269055122	0.00084920218	0.032180178	0.00193697106	0	0.00132021896	0.0208752671	0.002993856	0	4.8980877e-05	7.237461e-06	0	0.0028122372	0	0	0	0	0	0	0	9.2094946e-05	0.000101685771	0	6.4382672e-05	0	0	0	0	0	0.000556772302	0.10400900234	0	0.000129630822	0	1.447492e-05	0	0	0	0	4.5544112e-05	0	0	0	0	0	0	0	0	8.6242604e-05	0	0	0	0	0	0	0	0	0	0	0	0.051985718	0	0.000754105	0.000101684237	1.138197e-05	0	0	0	0	0	0	0	0	0	0	0	0	0	0	0	0	0.02483056562	1.9658606e-05	0	0	0	0	0	0	0	0	0	0	0	0	0	0	0	0	0	0	0	0	0	0	0	0	0	0	0	0	0	0	0	0	0	0	0	0	0	0	0	0	0	0	0	0	0	0	0	0	0	0	0	0	0	0	0	0	0	0	0	0	0	0	0	0	0	0	0	0	0	0	0	0	0	0	0	0	0	0	0	0	0	0	0	0	0	0	0	0	0	0	0	0	0	0	0	0	0	0	0	0	0	0	0	0	0	0	0	0	0	0	0	0	0	0	0	0	0	0	0	0	0	0	0	0	0	0	0	0	0	0	0	0	0	0	0	0	0	0	0	0	0	0	0	0	0	0	0	0	0	0	0	0	0	0	0	0	0	0	0	0	0	0	0	0	0	0	0	0	0	0	0	0	0	0	0	0	0	0	0	0	0	0	0	0	0	0	0	0	0	0	0	0	0	0	0	0	0	0	0	0	0	0	0	0	0	0	0	0	0	0	0	0	0	0	0	0	0	0	0	0	0	0	0	0	0	0	0	0	0	0	0	0	0	0	0	0	0	0	0	0	0	0	0	0	0	0	0	0	0	0	0	0	0	0	0	0	0	0	0	0	0	0	0	0	0	0	0	0	0	0	0	0	0	0	0	0	0	0	0	0	0	0	0	0	0	0	0	0	0	0
Acacia disparrima_ancient	0	0.0002428437	0	0	0	0	0	0	3.035546e-05	0	0	0	6.071092e-05	3.035546e-05	0	0	3.035546e-05	0	0	0	0	3.035546e-05	0	0.001821328	0.0001517773	0	0	9.106639e-05	0	0	0	6.071092e-05	0	3.035546e-05	0.086391646	6.071092e-05	6.071092e-05	0	0	0	0	0	0	0	0	0	0.0013356403	6.071092e-05	0.002185593	6.071092e-05	0.04741523	0	0	6.071092e-05	0	0.0001517773	0	0.001123152	0	0.006829979	0	0	0	6.071092e-05	0	0	0	0	0.0002124882	0.00133564	0	0	0	0	3.035546e-05	0.1045442	0	0	0	0	0	6.071092e-05	3.035546e-05	0	0.01469204	0.0002428437	0	0.002914124	0	0.0005463983	0	6.071092e-05	0	0.004462253	0	0	0.0004553319	0	0	0	0	0	0	0	0	0.0009410193	0	0	0	0	0	0	0.0008499529	0	0	0	0	0	3.035546e-05	0.00555505	0.01736332	0	0.003703366	0	0.0001517773	0.0002731992	0	0	0.0002731992	0	0.0001214218	0	0	0	0	0	6.071092e-05	0.0002428437	0	0	0	0	0.0002124882	6.071092e-05	0.0002124882	0	0	0.01290107	0.00689069	0.2535288	0.1017515	0	0	0.0004249765	0.0002124882	0.0841149865	0.0005767538	0	0	0.001214218	0	3.035546e-05	0.001183863	0	0	0.002914124	0	0	0	6.071092e-05	0.00133564	0.002580214	0.02124882	6.071092e-05	0	0.006981756	0.02252375	0.01332605	0	0	0	0	0	0	0	0	0	0	0	0	0.0001214218	3.035546e-05	0	0	0	0	0	0	0	0	0.1275536533	0	0.0002731992	0	0	0	0	0	9.106639e-05	0	0	0	0	0	0	0	0	0	0	0	0	3.035546e-05	0	0	0	0	0	0	0	0	0.00916735	0	0	0	0	0	0	0	0	0	0	0	0	0	0	0	0	0	0	0	0	0.0208542027	0	0	0	0	0	0	0	0	0	0	0	0	0	0	0	0	0	0	0	0	0	0	0	0	0	0	0	0	0	0	0	0	0	0	0	0	0	0	0	0	0	0	0	0	0	0	0	0	0	0	0	0	0	0	0	0	0	0	0	0	0	0	0	0	0	0	0	0	0	0	0	0	0	0	0	0	0	0	0	0	0	0	0	0	0	0	0	0	0	0	0	0	0	0	0	0	0	0	0	0	0	0	0	0	0	0	0	0	0	0	0	0	0	0	0	0	0	0	0	0	0	0	0	0	0	0	0	0	0	0	0	0	0	0	0	0	0	0	0	0	0	0	0	0	0	0	0	0	0	0	0	0	0	0	0	0	0	0	0	0	0	0	0	0	0	0	0	0	0	0	0	0	0	0	0	0	0	0	0	0	0	0	0	0	0	0	0	0	0	0	0	0	0	0	0	0	0	0	0	0	0	0	0	0	0	0	0	0	0	0	0	0	0	0	0	0	0	0	0	0	0	0	0	0	0	0	0	0	0	0	0	0	0	0	0	0	0	0	0	0	0	0	0	0	0	0	0	0	0	0	0	0	0	0	0	0	0	0	0	0	0	0	0	0	0	0	0	0	0	0	0	0	0	0	0	0	0	0	0	0	0	0	0	0	0	0	0	0	0	0	0
Acacia disparrima_freshwaterRd	0	0.000106216733333333	0	0	0	0	0	0	0.001224103	0	0	0	0.0138696743333333	0	0	0	0.000497006666666667	0	0	0	0.00206299623333333	0.0005297285	0.000125786166666667	0.004330774	0	0	0	0.0005249458	0	0	0	0	0	0.000790228866666667	0.272523156333333	0.00572601833333333	8.38574333333333e-05	0	0	0	0	0	0	0	0	0.0425835953666667	0.0098402938	4.19287333333333e-05	0.00383739366666667	0.000309722433333333	0.0690618333333333	0	0	0	0	0.000977513166666667	0	0.0015385287	0	0.000309722433333333	0	0	0	0.000125786166666667	0.000315581266666667	0	0	0	0.0017065227	0.00105746406666667	0	0	0	0	0.0002096436	0.0037732655	0	0	0	0	0	0	0.000225865	4.19287333333333e-05	0.00168826793333333	0.006768098	0	0.005585048	0	0.001694526	0.0002485034	0	0	0.0146962103333333	0	0	0.000357789033333333	0	0	0	4.19287333333333e-05	0	4.19287333333333e-05	0	0	0.0004159392	0	0.0003292919	0	0	0	0	0.000122717233333333	0	0	0	0	0	0	0.00653796933333333	0.0117406753333333	0.00318000603333333	0.0003127914	0	0.000335429666666667	0	0	0	0.000480506166666667	0	0	0	0	0	0	0	4.19287333333333e-05	0.000606013366666667	0	0	0	0	0.00144602233333333	0.0001677149	8.07885e-05	0	0	0.0110302406666667	0.00306956436666667	0.149262596833333	0.04034654	0	0	4.19287333333333e-05	0.0004355086	0.0918005588333333	0	0	0	0.0013825313	0	0	0.0003935799	0	0	0.003265179	0.000323153966666667	0	0	0.0024517537	0.00260296806666667	0.00113960766666667	0.0414136833333333	0.000586443933333333	8.07885e-05	0.000674805166666667	0.0391423323333333	0.00251161766666667	0	0	0	0	0.00165231803333333	0	0	0	0	0	0	0	4.19287333333333e-05	4.19287333333333e-05	0	0.000122717233333333	0	0	0	0	0	0.0002485034	0.0595476955666667	0	0.000190074166666667	0	0	0	0	0	4.19287333333333e-05	0	0	0	0	0	0	0	0	0	8.07885e-05	0	0	0	0	0	0	0	0	0	0	0	0.02944085	0	0.000225865	8.38574333333333e-05	4.19287333333333e-05	0	0	0	4.19287333333333e-05	0	0	0	0	0	0	0	0	0	0	0	0	0.0209710906666667	0	0	0	0	0	0	0	0	0	0	0	0	0	0	0	0	0	0	0	0	0	0	0	0	0	0	0	0	0	0	0	0	0	0	0	0	0	0	0	0	0	0	0	0	0	0	0	0	0	0	0	0	0	0	0	0	0	0	0	0	0	0	0	0	0	0	0	0	0	0	0	0	0	0	0	0	0	0	0	0	0	0	0	0	0	0	0	0	0	0	0	0	0	0	0	0	0	0	0	0	0	0	0	0	0	0	0	0	0	0	0	0	0	0	0	0	0	0	0	0	0	0	0	0	0	0	0	0	0	0	0	0	0	0	0	0	0	0	0	0	0	0	0	0	0	0	0	0	0	0	0	0	0	0	0	0	0	0	0	0	0	0	0	0	0	0	0	0	0	0	0	0	0	0	0	0	0	0	0	0	0	0	0	0	0	0	0	0	0	0	0	0	0	0	0	0	0	0	0	0	0	0	0	0	0	0	0	0	0	0	0	0	0	0	0	0	0	0	0	0	0	0	0	0	0	0	0	0	0	0	0	0	0	0	0	0	0	0	0	0	0	0	0	0	0	0	0	0	0	0	0	0	0	0	0	0	0	0	0	0	0	0	0	0	0	0	0	0	0	0	0	0	0	0	0	0	0	0	0	0	0	0	0	0	0	0	0	0	0	0	0
Acacia disparrima_yellowsand	0	0.00074682536	0	0	0	0	0	0	2.5822595e-05	0	0	0	0.00228606418	5.57662275e-05	0	9.90511e-06	0.00022460295	0	0	0	0.00051259525	0.0003077968125	0.000112238985	0.00376374425	0.00036531435	0	0	0.000460058125	0	0	0	4.98788275e-05	0	0.00049035444	0.16122069875	0.0014870480725	0.000269355025	0	0	0	0	0	0	0	0	0.001603739925	0.00941353615	9.5614985e-05	0.00868037675	0.00076505415	0.1401589625	0	0	5.6347815e-05	0	0.000297602535	0	0.00165621175	0	0.015535761	0	0	0	4.5986085e-05	0.0002299420325	4.952555e-06	0	0	0.001589263225	0.00614603125	0	0	0	0	9.3315035e-05	0.00067162611	5.08136725e-05	5.54129525e-05	0	0.000109841825	0	8.830773e-05	9.546838e-05	2.0516765e-05	0.00676276875	0.002217048225	0	0.00476566525	0	0.0013474969	9.90511e-06	2.54693175e-05	0	0.070564285	0	0	0.000517149025	0	0	0	3.661395e-05	0	0	0	0	0.00254952575	0	7.3227875e-05	1.98102175e-05	0	1.96852525e-05	0	0.001180928475	0	0	0	0	0	7.59297175e-05	0.00751644075	0.0371704475	0.00110163743	0.0044445045	0	0.00082332525	0.000856804825	0	5.3058275e-06	0.0007294751	0	0.000277191675	8.570986e-05	0	0	0	0	0.000264783375	0.000374293525	3.661395e-05	0	0	0	0.0008997604	0.00027319366	0.0002298655425	0	0	0.0264589675	0.006961022	0.02984681475	0.0633059225	0	0	0.001681096275	0.0004881368	0.1023018225	0.001123577	7.66362675e-05	0	0.0011478034	0	0.000282495575	0.00291311425	0	1.0611655e-05	0.0031064635	7.3227875e-05	0	0	0.0003694992025	0.0024470095	0.00197548125	0.0427466725	0.001258964675	5.3058275e-06	0.01631395225	0.0677401	0.02905578325	0	0	0	0	0.000395854825	1.02583825e-05	0	0	0	0	0	0	5.09386375e-05	0.000214454025	0	0.000147716775	0	0	0	0	0	7.3227875e-05	0.019492550075	0	0.000698781725	0	4.952555e-06	0	0	0	0.00016788636	0	0	0	0	0	0	0	0	0	5.09386375e-05	0	0	1.5917485e-05	0	0	0	0	0	0	5.3058275e-06	0	0.041638505	0	0	0.00021241	5.7130715e-05	0	0	0	0	0	0	0	0	0	0	0	0	0	0	0	0	0.029965049475	0	0	0	0	0	0	0	0	0	0	0	0	0	0	0	0	0	0	0	0	0	0	0	0	0	0	0	0	0	0	0	0	0	0	0	0	0	0	0	0	0	0	0	0	0	0	0	0	0	0	0	0	0	0	0	0	0	0	0	0	0	0	0	0	0	0	0	0	0	0	0	0	0	0	0	0	0	0	0	0	0	0	0	0	0	0	0	0	0	0	0	0	0	0	0	0	0	0	0	0	0	0	0	0	0	0	0	0	0	0	0	0	0	0	0	0	0	0	0	0	0	0	0	0	0	0	0	0	0	0	0	0	0	0	0	0	0	0	0	0	0	0	0	0	0	0	0	0	0	0	0	0	0	0	0	0	0	0	0	0	0	0	0	0	0	0	0	0	0	0	0	0	0	0	0	0	0	0	0	0	0	0	0	0	0	0	0	0	0	0	0	0	0	0	0	0	0	0	0	0	0	0	0	0	0	0	0	0	0	0	0	0	0	0	0	0	0	0	0	0	0	0	0	0	0	0	0	0	0	0	0	0	0	0	0	0	0	0	0	0	0	0	0	0	0	0	0	0	0	0	0	0	0	0	0	0	0	0	0	0	0	0	0	0	0	0	0	0	0	0	0	0	0	0	0	0	0	0	0	0	0	0	0	0	0	0	0	0	0	0	0
Acacia flavescens_ancient	0	0.000353240566666667	0	0	0	0	0	4.69616e-05	4.69616e-05	0	0	0	0	0.0001421764	0	4.69616e-05	0.000517099733333333	0	0	0	0	0	0.000143468066666667	0.00294931916666667	8.92788666666667e-05	0	0	0.000365112433333333	0	0	0	4.82532333333333e-05	0	0.0001917213	0.149788673	8.79872333333333e-05	0.000278416866666667	0	0	0	0	0	0	0	0	0	0.00279655913333333	0.000185785333333333	0.0031454378	0.0001844937	0.139382833333333	0	0	0	0	0.000472199133333333	0	0.000995756966666667	0	0.026900085	0	0	0	9.39231666666667e-05	4.82532333333333e-05	0	0	0	0	0.00297846966666667	0	0	0	0	0	0.213761225266667	9.52148333333333e-05	8.79872333333333e-05	0	0	0	0.0002051282	9.52148333333333e-05	0	0.00276276483333333	0.000544961833333333	0	0.00596291433333333	0	0.00125172166666667	0.000337772666666667	9.39231666666667e-05	0	0.0422889316666667	0	0	0.0006858466	0	0	0	0	0	0	0	0	0.00364368533333333	0	0	0	0	4.82532333333333e-05	4.69616e-05	0.0015063986	0	0	0	0	0	9.65064666666667e-05	0.00767597733333333	0.0282766133333333	9.65064666666667e-05	0.00526205066666667	0	0.000796286	9.39231666666667e-05	0	9.39231666666667e-05	0.0016674273	0	0	0	0	0	0	0	0.000241266166666667	0.0004218849	0	0	0	0	0.0004291125	0.000189138	0.00120706476666667	0	0	0.0206968073333333	0.00514337466666667	0.023751845	0.0790141766666667	0	0	0.00206888933333333	0.0001772661	0.0563525478666667	0.000782353066666667	0	0	0.00136111656666667	0	0.000430404166666667	0.00537126733333333	0	0	0.00961049533333333	0	0	0	4.82532333333333e-05	0.00320091883333333	0.00170974493333333	0.0105929946666667	0.000371048366666667	0	0.0162176023333333	0.0384982596666667	0.0196600203333333	0	0	0	0	0	0	0	0	0	0	0	0	4.69616e-05	8.79872333333333e-05	0	4.69616e-05	0	0	0	0	0	0	0.0063504751	0	0.000369756733333333	0	0	0	0	0	0.000236099566666667	0	0	0	0	0	0	0	0	0	0	0	0	0.000482532333333333	0	0	0	0	0	0	0	0	0.0160331663333333	0	0	0.000238682866666667	0	0	0	0	0	0	0	0	0	0	0	0	0	0	0	0	0	0.0288019915	0	0	0	0	0	0	0	0	0	0	0	0	0	0	0	0	0	0	0	0	0	0	0	0	0	0	0	0	0	0	0	0	0	0	0	0	0	0	0	0	0	0	0	0	0	0	0	0	0	0	0	0	0	0	0	0	0	0	0	0	0	0	0	0	0	0	0	0	0	0	0	0	0	0	0	0	0	0	0	0	0	0	0	0	0	0	0	0	0	0	0	0	0	0	0	0	0	0	0	0	0	0	0	0	0	0	0	0	0	0	0	0	0	0	0	0	0	0	0	0	0	0	0	0	0	0	0	0	0	0	0	0	0	0	0	0	0	0	0	0	0	0	0	0	0	0	0	0	0	0	0	0	0	0	0	0	0	0	0	0	0	0	0	0	0	0	0	0	0	0	0	0	0	0	0	0	0	0	0	0	0	0	0	0	0	0	0	0	0	0	0	0	0	0	0	0	0	0	0	0	0	0	0	0	0	0	0	0	0	0	0	0	0	0	0	0	0	0	0	0	0	0	0	0	0	0	0	0	0	0	0	0	0	0	0	0	0	0	0	0	0	0	0	0	0	0	0	0	0	0	0	0	0	0	0	0	0	0	0	0	0	0	0	0	0	0	0	0	0	0	0	0	0	0	0	0	0	0	0	0	0	0	0	0	0	0	0	0	0	0	0
Acacia flavescens_freshwaterRd	0	0.000856474466666667	0	0	0	0	0	0	0	0	0	0	1.61655366666667e-05	3.051727e-05	0	0	7.446914e-05	0	0	0	0	7.17586666666667e-05	0.00063328987	0.00276377	0.0004397183	0	0	0.000323569666666667	0	0	0	9.01761e-05	0	9.29070333333333e-05	0.169852557333333	9.109324e-05	0.0004670665	0	0	0	0	0	0	0	0	0	0.0105476161	6.193121e-05	0.00533920833333333	0.000498480466666667	0.105276053333333	0	0	4.44104333333333e-05	0	0.000135962236666667	0	0.0350706226666667	0	0.01367649	0	0	0	4.66828033333333e-05	0	3.18725066666667e-05	0	0	0.0001364208	0.00537901833333333	0	0	0	0	1.43517333333333e-05	0.00651127766666667	5.92207366666667e-05	6.46621333333333e-05	0	0	0	0.00011662767	0.000470312603333333	0	0.00795994566666667	0.0005640802	0	0.00335846766666667	0	0.0008512326	0	3.051727e-05	0	0.0361637463333333	0	0	0.000561349266666667	0	0	0	0	0	0	0	0	0.00471808233333333	0	0	2.87034633333333e-05	0	4.4869e-05	2.87034633333333e-05	0.00117258626666667	0	0	0	0	0	7.72000633333333e-05	0.0148438263333333	0.04101943	0.000121610503333333	0.005186623	0	0.0005811424	0.000399811703333333	0	1.43517333333333e-05	0.000579787166666667	0	6.28278666666667e-05	0.000227473133333333	0	0	0	0	0.0001364208	0.000215872766666667	0	0	0	0	0.000269193533333333	0.0001844384	0.0009690976	0	0	0.01487374	0.00483403166666667	0.0660713333333333	0.0873858966666667	0	0	0.0045663539	0.0004882149	0.0992401938333333	0.0011697579	0	0	0.00104267013333333	0	0.000276448733333333	0.00246549903333333	0	0	0.012561489	0	0	0	1.570697e-05	0.00209169133333333	0.00211228633333333	0.0296058433333333	0.000674426266666667	0.000469853733333333	0.0259014033333333	0.0552313133333333	0.03107945	0	0	0	0	0	0	0	0	0	0	0	0	1.43517333333333e-05	0.000136400336666667	0	0.000142758873333333	0	0	0	0	0	0	0.0226994768666667	0	0.0007126573	0	4.75794766666667e-05	0	0	0	0.0001548178	1.43517333333333e-05	0	0	0	0	0	0	0	0	8.08276666666667e-05	0	0	0	0	0	0	0	0	0	0	0	0.0246233923333333	0	0	0.00015212777	0	0	0	0	1.570697e-05	0	0	0	0	0	0	0	0	0	0	0	0	0.0293918126666667	0	0	0	0	0	0	0	0	0	0	0	0	0	0	0	0	0	0	0	0	0	0	0	0	0	0	0	0	0	0	0	0	0	0	0	0	0	0	0	0	0	0	0	0	0	0	0	0	0	0	0	0	0	0	0	0	0	0	0	0	0	0	0	0	0	0	0	0	0	0	0	0	0	0	0	0	0	0	0	0	0	0	0	0	0	0	0	0	0	0	0	0	0	0	0	0	0	0	0	0	0	0	0	0	0	0	0	0	0	0	0	0	0	0	0	0	0	0	0	0	0	0	0	0	0	0	0	0	0	0	0	0	0	0	0	0	0	0	0	0	0	0	0	0	0	0	0	0	0	0	0	0	0	0	0	0	0	0	0	0	0	0	0	0	0	0	0	0	0	0	0	0	0	0	0	0	0	0	0	0	0	0	0	0	0	0	0	0	0	0	0	0	0	0	0	0	0	0	0	0	0	0	0	0	0	0	0	0	0	0	0	0	0	0	0	0	0	0	0	0	0	0	0	0	0	0	0	0	0	0	0	0	0	0	0	0	0	0	0	0	0	0	0	0	0	0	0	0	0	0	0	0	0	0	0	0	0	0	0	0	0	0	0	0	0	0	0	0	0	0	0	0	0	0	0	0	0	0	0	0	0	0	0	0	0	0	0	0	0	0	0
Acacia flavescens_yellowsand	0	0.00103202745	0	0	0	0	0	0	0	0	0	0	0	0	0	0	0.00070317895	0	0	0	0	3.745599e-05	0.0002746518	0.006407957	0.00084474745	0	0	0.0005908874	0	0	0	9.570389e-05	0	0.00014561975	0.162784591	0	0.00030377575	0	0	0	0	0	0	0	0	0	0.004768836	9.570389e-05	0.0070528115	0.00070730699	0.056804455	0	0	3.745599e-05	0	0.00034535955	0	0.001855906	0	0.013648275	0	0	0	0.00016228385	0	0	0	0	0.0002621919	0.006933029	0	0	0	0	0	0.00044526765	0.00016228385	0.00020807185	0	0	0	0.0002371958	0.00029131585	0	0.0054718625	0.0007490434	0	0.008006257	0	0.00109019885	5.82479e-05	8.737185e-05	0	0.021857485	0	0	0.0008114957	0	0	0	0	0	0	0	0	0.003428829	0	0	6.657994e-05	0	0	0	0.00094457905	0	0	0	0	0	0.00016228385	0.015021305	0.051587915	7.4912e-05	0.009068019	0	0.00067405495	0.0005866832	0	3.745599e-05	0.001298271	0	3.745599e-05	0.0001789479	0	0	0	0	0.00026631975	0.00074896695	0	0	0	0	0.0007490434	0.0004493955	0.00059096395	0	0	0.025775225	0.0099869135	0.0089305765	0.1371124	0	0	0.0040823975	0.00040368385	0.100196078	0.00163132295	2.912395e-05	0	0.00201375695	0	0.0004826473	0.002996021	0	0	0.006271435	0	0	0	3.745599e-05	0.005164264	0.00099044365	0.02011593	0.0008197512	6.657994e-05	0.034403485	0.1379584	0.046229035	0	0	0	0	0.00010403595	0	0	0	0	0	0	0	6.657994e-05	0.00072412385	0	0.0001414919	0	0	0	0	0	0	0.0090758166	0	0.0023470385	0	3.745599e-05	0	0	0	9.570389e-05	0	0	0	0	0	0	0	0	0	0	0	0	5.82479e-05	0	0	0	0	0	0	0	0	0.02447344	0	0	0.0003536916	2.912395e-05	0	0	0	0	0	0	0	0	0	0	0	0	0	0	0	0	0.02545402385	0	0	0	0	0	0	0	0	0	0	0	0	0	0	0	0	0	0	0	0	0	0	0	0	0	0	0	0	0	0	0	0	0	0	0	0	0	0	0	0	0	0	0	0	0	0	0	0	0	0	0	0	0	0	0	0	0	0	0	0	0	0	0	0	0	0	0	0	0	0	0	0	0	0	0	0	0	0	0	0	0	0	0	0	0	0	0	0	0	0	0	0	0	0	0	0	0	0	0	0	0	0	0	0	0	0	0	0	0	0	0	0	0	0	0	0	0	0	0	0	0	0	0	0	0	0	0	0	0	0	0	0	0	0	0	0	0	0	0	0	0	0	0	0	0	0	0	0	0	0	0	0	0	0	0	0	0	0	0	0	0	0	0	0	0	0	0	0	0	0	0	0	0	0	0	0	0	0	0	0	0	0	0	0	0	0	0	0	0	0	0	0	0	0	0	0	0	0	0	0	0	0	0	0	0	0	0	0	0	0	0	0	0	0	0	0	0	0	0	0	0	0	0	0	0	0	0	0	0	0	0	0	0	0	0	0	0	0	0	0	0	0	0	0	0	0	0	0	0	0	0	0	0	0	0	0	0	0	0	0	0	0	0	0	0	0	0	0	0	0	0	0	0	0	0	0	0	0	0	0	0	0	0	0	0	0	0	0	0	0	0
Agathist robusta_blackbutt	0	0	0	0	0	0	0	0	0.000207857	0	0	0	0.002424998	0	0	0	0	0	0	0	6.928566e-05	0.003879997	6.928566e-05	0.0005542853	0	0	0	0.0002771427	0	0	0	0	0	0.000207857	0.390979006	0.0001385713	6.928566e-05	0	0	0	0	0	0	0	0	0.01087785	0.0037414259	0	0.003117855	6.928566e-05	0.01323356	0	0	0	0	0	0	0.000623571	0	0.001870713	0	0	0	0.0001385713	0	0	0	0	0.0002771427	0.005889282	0	0	0	0	0	0.3509319	0	0	0	0	0	0	0	0.0001385713	0.000623571	0.000831428	0	0.001039285	0	0.0005542853	0	0	0	0.003602855	0	0	6.928566e-05	0	0	0	6.928566e-05	0	0	0	0	0	0	0	0	0	0	0	0.000207857	0	0	0	0	0	0	0.000415714	0.002286427	0.0006928566	0.0006928566	0	0.0003464283	0	0	0	0.0001385713	0	6.928566e-05	0	0	0	0	0	0	6.928566e-05	0	0	0	0	0.0001385713	0	0	0	0	0.002632855	0.0003464283	0.004780711	0.006512852	0	0	0.0001385713	0.000207857	0.0848056537	0	0	0	0.000831428	0	0	0	0	0	0.0002771427	0	0	0	0.000207857	0.0004849997	0.000415714	0.01711356	0.000207857	0	0.002424998	0.005404282	0.002909998	0	0	0	0	0.0005542853	0	0	0	0	0	0	0	0	0	0	0	0	0	0	0	0	6.928566e-05	0.0200928428	0	6.928566e-05	0	0	0	6.928566e-05	0	0	0	0	0	0	0	0	0	0	0	6.928566e-05	0	0	0	0	0	0	0	0	0	0	0	0.02203284	0	0	0.0001385713	0	0	0	0	0	0	0	0	0	0	0	0	0	0	0	0	0	0.0255664103	0	0	0	0	0	0	0	0	0	0	0	0	0	0	0	0	0	0	0	0	0	0	0	0	0	0	0	0	0	0	0	0	0	0	0	0	0	0	0	0	0	0	0	0	0	0	0	0	0	0	0	0	0	0	0	0	0	0	0	0	0	0	0	0	0	0	0	0	0	0	0	0	0	0	0	0	0	0	0	0	0	0	0	0	0	0	0	0	0	0	0	0	0	0	0	0	0	0	0	0	0	0	0	0	0	0	0	0	0	0	0	0	0	0	0	0	0	0	0	0	0	0	0	0	0	0	0	0	0	0	0	0	0	0	0	0	0	0	0	0	0	0	0	0	0	0	0	0	0	0	0	0	0	0	0	0	0	0	0	0	0	0	0	0	0	0	0	0	0	0	0	0	0	0	0	0	0	0	0	0	0	0	0	0	0	0	0	0	0	0	0	0	0	0	0	0	0	0	0	0	0	0	0	0	0	0	0	0	0	0	0	0	0	0	0	0	0	0	0	0	0	0	0	0	0	0	0	0	0	0	0	0	0	0	0	0	0	0	0	0	0	0	0	0	0	0	0	0	0	0	0	0	0	0	0	0	0	0	0	0	0	0	0	0	0	0	0	0	0	0	0	0	0	0	0	0	0	0	0	0	0	0	0	0	0	0	0	0	0	0	0
Agathist robusta_bymien	0	0.000306691733333333	0	0	0	0	0	8.79739666666667e-05	0.0006185361	0	0	0	0.003582716	0	0	0	5.3087e-05	0	0	0	0.0001481873	0.000194148	4.39869666666667e-05	0.00200666653333333	0.00106140566666667	0	0	0.000832101366666667	0	0	0	8.60002333333333e-05	0	0.000544058233333333	0.279686049333333	0.002156071	0.0002278178	0	0	0	0	0	0	0	0	0.00639488666666667	0.011508566	0	0.0161027046666667	0.000123617466666667	0.07029749	0	0	0	0	0.00011057007	0	0.00140588193333333	0	0.00196557433333333	0	0	0	0	0.0003958709	0	0	0	0.006343057	0.004499519	0	0	0	0	0.00011057007	0.04712154	2.65435033333333e-05	4.39869666666667e-05	0	0	0	0	4.20132666666667e-05	0.00011057007	0.002706702	0.002943109	0	0.00188306066666667	0	0.0011104167	8.60002333333333e-05	0	0	0.01598958	0	0	0.0004351539	0	0	0	0.0001902006	0	0	0	0	0.00194722166666667	0	0.000300770633333333	4.20132666666667e-05	0	0	0	0.000713777133333333	0	0	4.39869666666667e-05	0	0	7.053047e-05	0.00443850433333333	0.0217761833333333	0.00225573433333333	0.00154874926666667	0	0.0006118584	8.79739666666667e-05	0	0	0.000139087233333333	0	0	0	0	0	0	0	0	0.0122564231666667	0	0	0	0	0.000600336033333333	2.65435033333333e-05	4.39869666666667e-05	0	0	0.0148367553333333	0.00365022033333333	0.0466816	0.0332865276666667	0	0	0.000984684533333333	0.000256027066666667	0.142725961966667	0	0	0	0.00140345926666667	0	0	0.000258000766666667	0	0	0.00146745326666667	0	0	0	0.0008047893	0.00192686893333333	0.00176900433333333	0.0275175966666667	0.00361893403333333	0	0.004989897	0.0453271633333333	0.00734111733333333	0	0	0	0	0.000711354633333333	0	0	0	0	0	0	0	4.20132666666667e-05	0.000165630733333333	0	8.60002333333333e-05	0	0	0	0	0	0.000156530736666667	0.0698247376333333	0	0.0001700268	0	0	4.20132666666667e-05	0	0	0.0005017368	0	0	0	0	0	0	0	0	0	4.20132666666667e-05	0	0	0	0	0	0	0	0	0	0	0	0.0299803666666667	0	0	5.3087e-05	4.20132666666667e-05	0	0	0	0	0	0	0	0	0	0	0	0	0	0	0	0	0.0288500427	0	0	0	0	0	0	0	0	0	0	0	0	0	0	0	0	0	0	0	0	0	0	0	0	0	0	0	0	0	0	0	0	0	0	0	0	0	0	0	0	0	0	0	0	0	0	0	0	0	0	0	0	0	0	0	0	0	0	0	0	0	0	0	0	0	0	0	0	0	0	0	0	0	0	0	0	0	0	0	0	0	0	0	0	0	0	0	0	0	0	0	0	0	0	0	0	0	0	0	0	0	0	0	0	0	0	0	0	0	0	0	0	0	0	0	0	0	0	0	0	0	0	0	0	0	0	0	0	0	0	0	0	0	0	0	0	0	0	0	0	0	0	0	0	0	0	0	0	0	0	0	0	0	0	0	0	0	0	0	0	0	0	0	0	0	0	0	0	0	0	0	0	0	0	0	0	0	0	0	0	0	0	0	0	0	0	0	0	0	0	0	0	0	0	0	0	0	0	0	0	0	0	0	0	0	0	0	0	0	0	0	0	0	0	0	0	0	0	0	0	0	0	0	0	0	0	0	0	0	0	0	0	0	0	0	0	0	0	0	0	0	0	0	0	0	0	0	0	0	0	0	0	0	0	0	0	0	0	0	0	0	0	0	0	0	0	0	0	0	0	0	0	0	0	0	0	0	0	0	0	0	0	0	0	0	0	0	0	0	0	0
Agathist robusta_freshwaterRd	0	0.0004769855	0	0	0	0	0	0	0.0001192464	0	0	0	0.00280229	0	0	0	5.962318e-05	0	0	0	0.0004173623	0.0003577391	0	0.000655855	5.962318e-05	0	0	0.0009539709	0	0	0	5.962318e-05	0	0.0005962318	0.294121154	0.001073217	5.962318e-05	0	0	0	0	0	0	0	0	0.006081565	0.00524684	0	0.01407107	0	0.01931791	0	0	0	0	0.0001192464	0	0.002206058	0	0.009062724	0	0	0	0	0.0001788695	0	0	0	0.01401145	0.003398521	0	0	0	0	5.962318e-05	0.01407107	0	5.962318e-05	0	0	0	0	0.0007751014	0.0002981159	0.006021941	0.001788695	0	0.0004769855	0	0.0001192464	0	0	0	0.01264011	0	0	0	0	0	0	5.962318e-05	0	0	0	0	0.0005962318	0	0.0001192464	0	0	0	0	0.0003577391	0	0	0	0	0	0	0.006141188	0.03994753	0.00262342	0.0001788695	0	0.001609826	0	0	0	0	0	0	0	0	0	0	0	5.962318e-05	0.0001192464	0	0	0	0	0.0002981159	0	0	0	0	0.01049368	0.00113284	0.07041498	0.01633675	0	0	0.0003577391	0	0.1916885285	0	5.962318e-05	0	0.001013594	0	5.962318e-05	0.0001192464	0	0	0.0005962318	5.962318e-05	0	0	0.0001788695	0.0004173623	0.002921536	0.07959695	0.006081565	0	0.0002384927	0.03845695	0.008764608	0	0	0	0	0.0001192464	0	0	0	0	0	0	0	0	0	0	5.962318e-05	0	0	0	0	0	5.962318e-05	0.0596231815	0	5.962318e-05	0	0	0	0	0	0.0002384927	0	0	0	0	0	0	0	0	0	0	0	0	0	0	0	0	0	0	0	0	0	0.02915574	0	0	0	0	0	0	0	0	0	0	0	0	0	0	0	0	0	0	0	0	0.0177677081	0	0	0	0	0	0	0	0	0	0	0	0	0	0	0	0	0	0	0	0	0	0	0	0	0	0	0	0	0	0	0	0	0	0	0	0	0	0	0	0	0	0	0	0	0	0	0	0	0	0	0	0	0	0	0	0	0	0	0	0	0	0	0	0	0	0	0	0	0	0	0	0	0	0	0	0	0	0	0	0	0	0	0	0	0	0	0	0	0	0	0	0	0	0	0	0	0	0	0	0	0	0	0	0	0	0	0	0	0	0	0	0	0	0	0	0	0	0	0	0	0	0	0	0	0	0	0	0	0	0	0	0	0	0	0	0	0	0	0	0	0	0	0	0	0	0	0	0	0	0	0	0	0	0	0	0	0	0	0	0	0	0	0	0	0	0	0	0	0	0	0	0	0	0	0	0	0	0	0	0	0	0	0	0	0	0	0	0	0	0	0	0	0	0	0	0	0	0	0	0	0	0	0	0	0	0	0	0	0	0	0	0	0	0	0	0	0	0	0	0	0	0	0	0	0	0	0	0	0	0	0	0	0	0	0	0	0	0	0	0	0	0	0	0	0	0	0	0	0	0	0	0	0	0	0	0	0	0	0	0	0	0	0	0	0	0	0	0	0	0	0	0	0	0	0	0	0	0	0	0	0	0	0	0	0	0	0	0	0	0	0
Agathist robusta_rainforest	0	0.0001792008	0	0	0	0	0	0	5.973359e-05	0	0	0	0.0001194672	0.0001792008	0	5.973359e-05	0.0008362702	0	0	0	0	0.0002986679	5.973359e-05	0.009617108	0.0004778687	0	0	0.0002389344	0	0	0	0	0	0.0004181351	0.129741354	0	0.0002389344	0	0	0	0	0	0	0	0	0	0.0039424168	0	0.00465922	0.0006570695	0.03028493	0	0	0.0002389344	0	0.0008960038	0	0.004599486	0	0.02771638	0	0	0	0.0002389344	0.0002389344	5.973359e-05	0	0	0	0.001015471	0	0	0	0	5.973359e-05	0.01206618	0.0005376023	0.0001194672	0	0	0	0	0.0001194672	5.973359e-05	0.02466997	0.001254405	0	0.01117018	0	0.001851741	5.973359e-05	0.0004181351	0	0.003404815	0	0	0.0009557374	0	0	0	0	0	0	0	0	0.0003584015	0	0	0.0003584015	0	5.973359e-05	0	5.973359e-05	0	0	0	0	0	0.001194672	0.01726301	0.01111045	0.0001792008	0.004480019	0	0.0008960038	0.0001792008	0	0.0001792008	0.001792008	0	0.0002986679	0.0001194672	0	0	0	0	0.0004181351	0.0007168031	0	0	0	0	0.0009557374	0.0007765366	0.0005973359	0	0	0.004539753	0.01182725	0.09581268	0.09175079	0	0	0.0002389344	0.0002389344	0.0628994684	0.0009557374	0	0	0.001015471	0	0.0008362702	0.006809629	0	0	0.01087151	0	0	0	0.0001194672	0.005196822	0.001134938	0.05220716	5.973359e-05	0	0.00633176	0.2389941	0.01296219	0	0	0	0	0	0	0	0	0	0	0	0	5.973359e-05	0.0001792008	0	0.0004778687	0	0	0	0	0	0	0.034227346	0	0.0001792008	0	0	0	0	0	0.0001194672	0	0	0	0	0	0	0	0	0	5.973359e-05	0	0	0	0	0	0	0	0	0	5.973359e-05	0	0.004599486	0	0	0.0005376023	0	0	0	0	0	0	0	0	0	0	0	0	0	0	0	0	0	0.0388865659	0	0	0	0	0	0	0	0	0	0	0	0	0	0	0	0	0	0	0	0	0	0	0	0	0	0	0	0	0	0	0	0	0	0	0	0	0	0	0	0	0	0	0	0	0	0	0	0	0	0	0	0	0	0	0	0	0	0	0	0	0	0	0	0	0	0	0	0	0	0	0	0	0	0	0	0	0	0	0	0	0	0	0	0	0	0	0	0	0	0	0	0	0	0	0	0	0	0	0	0	0	0	0	0	0	0	0	0	0	0	0	0	0	0	0	0	0	0	0	0	0	0	0	0	0	0	0	0	0	0	0	0	0	0	0	0	0	0	0	0	0	0	0	0	0	0	0	0	0	0	0	0	0	0	0	0	0	0	0	0	0	0	0	0	0	0	0	0	0	0	0	0	0	0	0	0	0	0	0	0	0	0	0	0	0	0	0	0	0	0	0	0	0	0	0	0	0	0	0	0	0	0	0	0	0	0	0	0	0	0	0	0	0	0	0	0	0	0	0	0	0	0	0	0	0	0	0	0	0	0	0	0	0	0	0	0	0	0	0	0	0	0	0	0	0	0	0	0	0	0	0	0	0	0	0	0	0	0	0	0	0	0	0	0	0	0	0	0	0	0	0	0	0	0	0	0	0	0	0	0	0	0	0	0	0	0	0	0	0	0	0
Algae_AMBR-A	0.143990569	0.003256782	0.0009688484	0	0	0	0	0.002851514	0.006595771	6.754475e-05	0	0	0	0	0	0	0	0	0	0.0004282253	0	0.00049577	0.001657048	0.0004619977	0.0004395449	0	0	0.004407271	0	0	6.754475e-05	0.00131951	0	0.01146262	0.123676136	0.01738671	0.003021941	6.754475e-05	0	0	0	0	0	0	0	0	0.0312674321	0.003719629	0.006817648	0	0.009501653	0.0001579405	0	0	0	0.0001013171	0	0.008835217	6.754475e-05	0.009028123	0	0	0	0	0.0005749258	0	0	0	0	0	0	0	0	0	0.0001353546	0.0001688619	6.754475e-05	0	0	0	0	0	0	0.0002369107	0.02990001	0.03965006	0	0.02453577	0	0.01119393	0	0	0	0.006042716	0	6.754475e-05	0.0001804728	0	0	0	0	0	0	0	0	0.0007218914	0	0	0	0	0	0	0	0	0.0004168795	0.0006881462	0	0	0.0003158275	0.01800715	0.006835173	0.001960787	0.006649689	0	0.01080078	0.005321354	0	0	0.0006537901	0	0.00258245	0	0	0	0	0.0001350895	0.002154039	0.0001579405	0	0	0	0	0.009159506	9.023642e-05	0.03126297	0	0	0.01280228	0.04076567	0.002526727	0.02044499	0	0	0.0001579405	0.01049606	0.0458806788	0.002197325	0.001511196	9.023642e-05	0.002570546	0	0.003144331	0.002378463	0	0.0007325749	9.023642e-05	0.001105344	0.0002253259	0	0	0.01922463	0.009097261	0.1676722	0	0	0.003980346	0.001116796	0	0	0	0	0	0	0.01958155	0	0	0.0001013171	0	0	6.754475e-05	0	0.01125374	0	0.003878923	0	0	0	0.0001350895	0	0	0.0121450245	0.0001804728	0.001657923	0	0	0	0	0	0	0	0	0	0	0	0	0	0	0	0	0	0	0	0	0	0	0	0	0	0	0	0	0	0	0	0	0	0	0	0	0	0	0	0	0	0	0	0	0	0	0	0	0	0	0	0	0	0	0	0	0	0	0	0	0	0	0	0	0	0	0	0	0	0	0	0	0	0	0	0	0	0	0	0	0	0	0	0	0	0	0	0	0	0	0	0	0	0	0	0	0	0	0	0	0	0	0	0	0	0	0	0	0	0	0	0	0	0	0	0	0	0	0	0	0	0	0	0	0	0	0	0	0	0	0	0	0	0	0	0	0	0	0	0	0	0	0	0	0	0	0	0	0	0	0	0	0	0	0	0	0	0	0	0	0	0	0	0	0	0	0	0	0	0	0	0	0	0	0	0	0	0	0	0	0	0	0	0	0	0	0	0	0	0	0	0	0	0	0	0	0	0	0	0	0	0	0	0	0	0	0	0	0	0	0	0	0	0	0	0	0	0	0	0	0	0	0	0	0	0	0	0	0	0	0	0	0	0	0	0	0	0	0	0	0	0	0	0	0	0	0	0	0	0	0	0	0	0	0	0	0	0	0	0	0	0	0	0	0	0	0	0	0	0	0	0	0	0	0	0	0	0	0	0	0	0	0	0	0	0	0	0	0	0	0	0	0	0	0	0	0	0	0	0	0	0	0	0	0	0	0	0	0	0	0	0	0	0	0	0	0	0	0	0	0	0	0	0	0	0	0	0	0	0	0	0	0	0	0	0	0	0	0	0
Algae_ANGE-A	0.078840371	0.003443109	0	0	0	0	0	0.005392342	0.006823184	0	0	0	0	0	0	0	0	0	0	0.002554268	0.002362885	0.0003035718	0	0	0.003129083	0	0	0.003773948	0	0	0.0002384359	0.000596864	0	0.007879971	0.13724114	0.004619474	0.001898576	9.770396e-05	0	0	0	0	0	0	0.0003576538	0	0.0536995723	0.003913118	0.0007777935	0	0.02434541	0	0	0.0003090988	0	0	0	0.002751418	0	0.001850982	0	0	0	0	0.001331997	0	0	0	0	0.0003058547	0	0	0	0	0	0.0001866368	0	9.770396e-05	0	0	0	9.770396e-05	0	0.0004902086	0.04188721	0.02437215	0	0.0005035456	0	0.002131484	0	0	0	0.00541481	0	0	0	0	0	0	0	0	0	0	0	0.002599632	0	0	0	0	0	0	0	0	0	0.001375979	0	0	0.0001192179	0.002619457	0.01776086	0.007279496	0.00154741	0	0.0167436	9.770396e-05	0	0	0.0007429426	0	0	0.0002605439	0	0	0	0.001085203	0.0005448846	0	0.0001866368	0	0	0	0.0006839277	0	0.01357552	0	0	0.01847724	0.01519497	0.02885524	0.0741185	0	0	0.0005862237	0.002712361	0.1107124083	0.0004768717	0.000833611	0.003810855	0.004333685	0	6.513597e-05	0	0	0	0.0007646368	6.513597e-05	0.0002799552	0	0	0.01115439	0.007608967	0.191695	0	0	0.007022971	0	0	0	0	0	0	0	0.0005260207	0	0	0	0	0	0	0	0.002362157	0	0.003454937	0	0	0	6.513597e-05	0	0	0.02284387	0	0.0007374156	0	0	0	0	0	0	0	0	0	0	0	0	0	0	0	0	0	0	0	0	0	0	0	0	0	0	0	0	0	0	0	0	0	0	0	0	0	0	0	0	0	0	0	0	0	0	0	0	0	0	0	0	0	0	0	0	0	0	0	0	0	0	0	0	0	0	0	0	0	0	0	0	0	0	0	0	0	0	0	0	0	0	0	0	0	0	0	0	0	0	0	0	0	0	0	0	0	0	0	0	0	0	0	0	0	0	0	0	0	0	0	0	0	0	0	0	0	0	0	0	0	0	0	0	0	0	0	0	0	0	0	0	0	0	0	0	0	0	0	0	0	0	0	0	0	0	0	0	0	0	0	0	0	0	0	0	0	0	0	0	0	0	0	0	0	0	0	0	0	0	0	0	0	0	0	0	0	0	0	0	0	0	0	0	0	0	0	0	0	0	0	0	0	0	0	0	0	0	0	0	0	0	0	0	0	0	0	0	0	0	0	0	0	0	0	0	0	0	0	0	0	0	0	0	0	0	0	0	0	0	0	0	0	0	0	0	0	0	0	0	0	0	0	0	0	0	0	0	0	0	0	0	0	0	0	0	0	0	0	0	0	0	0	0	0	0	0	0	0	0	0	0	0	0	0	0	0	0	0	0	0	0	0	0	0	0	0	0	0	0	0	0	0	0	0	0	0	0	0	0	0	0	0	0	0	0	0	0	0	0	0	0	0	0	0	0	0	0	0	0	0	0	0	0	0	0	0	0	0	0	0	0	0	0	0	0	0	0	0	0
Algae_ANGE-B	0.144502327	0.003530043	0	0	0.000179937	0	0	0.006071863	0.01233097	0	0	0	0	0	0	0	0	0	0	0.002951473	0.003187327	0	0.001360497	0.0001205691	0.001445182	0	0	0.002376942	0	0	0.000924363	0.0006301822	0	0.0120034	0.097053267	0.04665225	0.000460503	0.0004789193	0	0	0	0	0	0	0	0	0.0410205974	0.003546094	0.007712969	0	0.07794073	0	0	0.000179937	0	0	0	0.004978086	0	0.001767196	0	0	0	0.000213226	0.00274583	0	0	0	0	0	0	0	0	0	0	8.037939e-05	0	0	0	0	0	0	9.265694e-05	0.0007261962	0.05442883	0.01457204	0	0.01060364	0.000470854	0.004204548	0	0	0	0.0100355	0	0	0.0007644594	0	0	0	0	0	0	0	0	0.004317627	0	0	0	0	0	0	0	0	0	0.0002534157	0	0	0	0.003077296	0.02439006	0.003616295	0.004108922	0	0.005106951	0.003519117	8.037939e-05	0	0.0023285	0	0	0	0	0	0	0	0	0	0	0	0	0	0.0002699055	0.0003215176	0.01418593	0.0002009485	0	0.02033322	0.0184433	0	0.03360803	8.037939e-05	8.037939e-05	0.0009115101	0.001997178	0.0490866416	0.0007005698	0.000359874	0.005283207	0.002312291	0	0.001515786	0.002235052	0	0	0.0001607588	0	0.001149291	0	0	0.01909731	0.007924067	0.1675003	0	0	0.002270081	0	0	0	0	0	0	0	0.002138399	0	0	0	0	0	0	0	0.004511675	0	0.001919034	0	0.0002411382	0	0.0004498426	0	0	0.0163710662	0	0.001118597	8.037939e-05	0	0	0	0	0	0	0	0	0	0	0	0	0	0	0	0	0	0	0	0	0	0	0	0	0	0	0	0	0	0	0	0	0	0	0	0	0	0	0	0	0	0	0	0	0	0	0	0	0	0	0	0	0	0	0	0	0	0	0	0	0	0	0	0	0	0	0	0	0	0	0	0	0	0	0	0	0	0	0	0	0	0	0	0	0	0	0	0	0	0	0	0	0	0	0	0	0	0	0	0	0	0	0	0	0	0	0	0	0	0	0	0	0	0	0	0	0	0	0	0	0	0	0	0	0	0	0	0	0	0	0	0	0	0	0	0	0	0	0	0	0	0	0	0	0	0	0	0	0	0	0	0	0	0	0	0	0	0	0	0	0	0	0	0	0	0	0	0	0	0	0	0	0	0	0	0	0	0	0	0	0	0	0	0	0	0	0	0	0	0	0	0	0	0	0	0	0	0	0	0	0	0	0	0	0	0	0	0	0	0	0	0	0	0	0	0	0	0	0	0	0	0	0	0	0	0	0	0	0	0	0	0	0	0	0	0	0	0	0	0	0	0	0	0	0	0	0	0	0	0	0	0	0	0	0	0	0	0	0	0	0	0	0	0	0	0	0	0	0	0	0	0	0	0	0	0	0	0	0	0	0	0	0	0	0	0	0	0	0	0	0	0	0	0	0	0	0	0	0	0	0	0	0	0	0	0	0	0	0	0	0	0	0	0	0	0	0	0	0	0	0	0	0	0	0	0	0	0	0	0	0	0	0	0	0	0	0	0	0
Algae_AURE-B	0.170104637	0.006445359	0	0	0	0.001552656	0	0.0006041901	0.003942599	0	0	0	0	0	0	0	0	0	0	0	7.377079e-05	0.001486211	0.001194456	0.00121399	0.003567047	0	0	0.005199084	0	0	0	0.001741583	0	0.008387225	0.069477595	0.0572531	0.001514682	0.000184427	0	0	0	0	0	0	0	0	0.0171459933	0.001221274	0.002056279	0	0.005447779	7.377079e-05	0	0.000368854	0	0	0	0.0186272	0	0.0166906	0	0	0	7.377079e-05	0	0	0	0	0	0.0006126043	0.0002297266	0	0	0	0	0	0.0008992733	0	0	0	0.000184427	0	0.001104443	0	0.01590392	0.02145323	0	0.0278043	0	0.01765075	0.0002314011	0	0	0.01083526	0	0	0.002892456	0	0	0	0	0	0	0	0	0.001348052	0	0	0	0	0	0	0	0	0	0.0007629507	0	0	0	0.01569915	0.01317797	0.006152615	0.01695731	0	0.005589225	0.0003063022	0	0	0.001635427	0	0	0.0003828777	0	0	0	0	0.0004057394	0.000184427	0	0	0	0	0.007561506	0	0.01754553	0	0	0.02384473	0.03368459	0.001395612	0.03357125	0	0	0.001290989	0.006255401	0.0931346034	0.000184427	0.0004482343	0	0.001663878	0	0.0003828777	0.003119357	0	0	0.0002297266	0.0007243699	0	7.377079e-05	0	0.03124521	0.01947173	0.1223805	0	0	0.005821212	0.00185337	0.0007640601	0	0	0	0	0	0.004329391	0	0	0	0	0	0	0	0.004644128	0	0.003898451	0	0	0	0.0001106562	0	0	0.0213682635	0	0.0009501824	0	0	0	0	0	0	0	0	0	0	0	0	0	0	0	0	0	0	0	0	0	0	0	0	0	0	0	0	0	0	0	0	0	0	0	0	0	0	0	0	0	0	0	0	0	0	0	0	0	0	0	0	0	0	0	0	0	0	0	0	0	0	0	0	0	0	0	0	0	0	0	0	0	0	0	0	0	0	0	0	0	0	0	0	0	0	0	0	0	0	0	0	0	0	0	0	0	0	0	0	0	0	0	0	0	0	0	0	0	0	0	0	0	0	0	0	0	0	0	0	0	0	0	0	0	0	0	0	0	0	0	0	0	0	0	0	0	0	0	0	0	0	0	0	0	0	0	0	0	0	0	0	0	0	0	0	0	0	0	0	0	0	0	0	0	0	0	0	0	0	0	0	0	0	0	0	0	0	0	0	0	0	0	0	0	0	0	0	0	0	0	0	0	0	0	0	0	0	0	0	0	0	0	0	0	0	0	0	0	0	0	0	0	0	0	0	0	0	0	0	0	0	0	0	0	0	0	0	0	0	0	0	0	0	0	0	0	0	0	0	0	0	0	0	0	0	0	0	0	0	0	0	0	0	0	0	0	0	0	0	0	0	0	0	0	0	0	0	0	0	0	0	0	0	0	0	0	0	0	0	0	0	0	0	0	0	0	0	0	0	0	0	0	0	0	0	0	0	0	0	0	0	0	0	0	0	0	0	0	0	0	0	0	0	0	0	0	0	0	0	0	0	0	0	0	0	0	0	0	0	0	0	0	0	0	0	0	0	0	0
Algae_AUZE-A	0.133343935	0.009854143	0	0	0	0	0	0.005838623	0.005773459	0	0	0	0	0	0	0	0	0	0	0.0001283917	0.0005652084	0.001191817	0.0009899279	0.0008582834	0.001200661	0	0	0.008379009	0	0	0.0005531112	0	0	0.01794943	0.072196318	0.04859765	0.001145767	0	0	0	0	0	0	0	0.0002107334	0	0.0151131209	0.0005135667	0.001301606	0	0.0004279723	0	0	0.001032725	0	0	0.0001283917	0.01876024	0	0.001551883	0	0	0	0.0005619556	0	0	0	0	0	0.0004214667	0	0	0	0	0.0005070612	0	0	0	0	0	0	0	0.0002567834	0	0.005524606	0.05212227	0	0.01209078	0	0.01758611	0	0	0	0.007476101	0	0	0.003027931	0	0	0	0	0	0	0	0	0.00432252	0	0	0	0.000803389	0	0	0	0	0	0.002352934	0	0	0.0005619556	0.01182282	0.01527587	0.008056659	0.005006873	0	0.03737491	0	0.0003512223	0	0.002151045	0	0.0001283917	0	0	0	0	0	0	0.0001711889	0	0	0	0	0.005716226	0	0.006294042	0.0001283917	0	0.01015515	0.03579039	0	0.04825009	0.0004214667	0	0.00332192	0.002633911	0.133822124	0.0002809778	0.0007177945	0.0019273	0.002548317	0	0.001436503	0	0	0	0.0002139861	0	0.0002107334	0	0	0.07860095	0.005601356	0.1002312	0	0	0.003079573	0.0005563639	0.001191817	0	0	0	0	0	0.00657502	0	0	0	0	0	0	8.559445e-05	0.00595817	0	0.004971495	0	0	0	0.0002107334	0	0	0.0011336696	0	0.002373875	0	0	0	0	0	0	0	0	0	0	0	0	0	0	0	0	0	0	0	0	0	0	0	0	0	0	0	0	0	0	0	0	0	0	0	0	0	0	0	0	0	0	0	0	0	0	0	0	0	0	0	0	0	0	0	0	0	0	0	0	0	0	0	0	0	0	0	0	0	0	0	0	0	0	0	0	0	0	0	0	0	0	0	0	0	0	0	0	0	0	0	0	0	0	0	0	0	0	0	0	0	0	0	0	0	0	0	0	0	0	0	0	0	0	0	0	0	0	0	0	0	0	0	0	0	0	0	0	0	0	0	0	0	0	0	0	0	0	0	0	0	0	0	0	0	0	0	0	0	0	0	0	0	0	0	0	0	0	0	0	0	0	0	0	0	0	0	0	0	0	0	0	0	0	0	0	0	0	0	0	0	0	0	0	0	0	0	0	0	0	0	0	0	0	0	0	0	0	0	0	0	0	0	0	0	0	0	0	0	0	0	0	0	0	0	0	0	0	0	0	0	0	0	0	0	0	0	0	0	0	0	0	0	0	0	0	0	0	0	0	0	0	0	0	0	0	0	0	0	0	0	0	0	0	0	0	0	0	0	0	0	0	0	0	0	0	0	0	0	0	0	0	0	0	0	0	0	0	0	0	0	0	0	0	0	0	0	0	0	0	0	0	0	0	0	0	0	0	0	0	0	0	0	0	0	0	0	0	0	0	0	0	0	0	0	0	0	0	0	0	0	0	0	0	0	0	0	0	0	0	0	0	0	0	0	0	0	0	0	0
Algae_AXLE-A	0.118665294	0.006368728	0	0	0	0.0002462101	0.0001055186	0.00173812	0.003428434	0	0	0.0001406915	0	0	0	0	0	0	0	0	0.0005785477	0.0001055186	0.0001213003	0.002074067	0.001082609	0	0.0001213003	0.004039287	0	0	0.0003471017	0.001660555	0	0.007521753	0.135913178	0.009389947	0.001360914	0.0004888108	0	0	0	0	0	0	0	0	0.0395747684	0.01156488	0.00150716	0	0.005652683	0	0	0	0	0	0	0.004206173	0	0.0204674	0	0	0	0.002121853	0	0	0	0	0.0001819505	0.0004245512	0.0001213003	0	0	0	0	0.0003869016	0	0	0	0	0	0	0	0	0.0936461	0.01585529	0	0.013903	0	0.007052219	0	0	0	0.0062708	0	0	0.0001213003	0	0	0	0	0	0	0	0	0	0	0	7.034575e-05	0	0	0	0	0	0.0001213003	0.0008078434	0.0001758644	0	0.0002314011	0.01659753	0.008287627	0.0048696	0.00420719	0	0.008926032	0.005076285	0	0	0.002176302	0	0.004220822	0	0	0	0	0	0.003981043	7.034575e-05	0.001002568	0	0	0.0004628023	0.01501394	0.0001055186	0.07542418	0.0002314011	0	0.008630627	0.03228723	0.007370375	0.008423385	0	0	0.0002426007	0.005355377	0.0423091907	0.003187778	0.00171357	0	0.001674462	0	0.000749785	0.00637477	0	0.0001758644	0.0002110372	0.002635124	0	0	0	0.008349385	0.0155384	0.1232457	0	0	0.001913984	0.0003735966	0.0008323031	0	0	0	0	0	0.00281136	0	0	0	0	0	0	0	0.001020013	0	0.0009159538	0	0	0	0.0002314011	0	0	0.0524175715	0.0001819505	0.0002110372	0	0	0	0	0	0	0	0	0	0	0	0	0	0	0	0	0	0	0	0	0	0	0	0	0	0	0	0	0	0	0	0	0	0	0	0	0	0	0	0	0	0	0	0	0	0	0	0	0	0	0	0	0	0	0	0	0	0	0	0	0	0	0	0	0	0	0	0	0	0	0	0	0	0	0	0	0	0	0	0	0	0	0	0	0	0	0	0	0	0	0	0	0	0	0	0	0	0	0	0	0	0	0	0	0	0	0	0	0	0	0	0	0	0	0	0	0	0	0	0	0	0	0	0	0	0	0	0	0	0	0	0	0	0	0	0	0	0	0	0	0	0	0	0	0	0	0	0	0	0	0	0	0	0	0	0	0	0	0	0	0	0	0	0	0	0	0	0	0	0	0	0	0	0	0	0	0	0	0	0	0	0	0	0	0	0	0	0	0	0	0	0	0	0	0	0	0	0	0	0	0	0	0	0	0	0	0	0	0	0	0	0	0	0	0	0	0	0	0	0	0	0	0	0	0	0	0	0	0	0	0	0	0	0	0	0	0	0	0	0	0	0	0	0	0	0	0	0	0	0	0	0	0	0	0	0	0	0	0	0	0	0	0	0	0	0	0	0	0	0	0	0	0	0	0	0	0	0	0	0	0	0	0	0	0	0	0	0	0	0	0	0	0	0	0	0	0	0	0	0	0	0	0	0	0	0	0	0	0	0	0	0	0	0	0	0	0	0	0	0	0	0	0	0	0	0	0	0	0	0	0	0	0	0	0	0	0	0	0	0
Algae_BACC-A	0.192195546	0.002674934	0	0	0	0	0	0.0001424501	0.001746168	0.0005562822	0	0	0	0	0	0	0	0	0	0.0002668714	0	0.0002636088	0.0002267712	0.0002849003	0.0002374169	0	0.001756885	0.002518647	0	0	0	0.001081472	0	0.007992091	0.109731189	0.09389005	0.004955846	0.0005775736	0	0	0	0	0	0	0	0	0.0133593378	0.003703704	0.005391287	0	0.009721412	0	0	0.0006287096	0	0	0	0.003240867	0	0.003763016	0	0	0	0	0	0	0	0	7.693787e-05	0.0004273504	0	0	0	0	9.496676e-05	0.002032244	0.0003954132	0	0.0001318044	0	0	0.0003323837	0.0004748338	0	0.03135299	0.01641318	0	0.01107793	7.693787e-05	0.003822698	0	0	0	0.00842401	0	0	0.000497685	0	0	0	0	0	0	0	0	0.00126566	0	0	0	0	0	0	0.001440048	0	0	0.0004273504	0	0	9.496676e-05	0.007829909	0.0110398	0.002167844	0.004037582	0	0.003288565	0.001081472	0	0	0.001234568	0	0.002534577	0	0	0	0	0.001187085	0.002598847	0	0	0	0	0.0001977066	0.008774963	0	0.1572648	0.0002087423	0	0.02130865	0.01280435	0.007037341	0.01998784	0	0	0.003452768	0.00879277	0.0455438141	0.002999563	0.001302498	0	0.001290604	0	0	0.02712329	0	7.693787e-05	0.002536598	0.002849003	0	0	0.0001318044	0.00852133	0.00608341	0.04856446	0.000379867	0	0.004845333	0.0005959925	0.0001424501	0	0	0	0	0	0.003505152	0	0	0	0	0	0	0	0.003088448	0	0.001828468	0	0	0	0	0.0004273504	0	0.0208073265	0	0.0007597341	0	0	0	0	0	0	0	0	0	0	0	0	0	0	0	0	0	0	0	0	0	0	0	0	0	0	0	0	0	0	0	0	0	0	0	0	0	0	0	0	0	0	0	0	0	0	0	0	0	0	0	0	0	0	0	0	0	0	0	0	0	0	0	0	0	0	0	0	0	0	0	0	0	0	0	0	0	0	0	0	0	0	0	0	0	0	0	0	0	0	0	0	0	0	0	0	0	0	0	0	0	0	0	0	0	0	0	0	0	0	0	0	0	0	0	0	0	0	0	0	0	0	0	0	0	0	0	0	0	0	0	0	0	0	0	0	0	0	0	0	0	0	0	0	0	0	0	0	0	0	0	0	0	0	0	0	0	0	0	0	0	0	0	0	0	0	0	0	0	0	0	0	0	0	0	0	0	0	0	0	0	0	0	0	0	0	0	0	0	0	0	0	0	0	0	0	0	0	0	0	0	0	0	0	0	0	0	0	0	0	0	0	0	0	0	0	0	0	0	0	0	0	0	0	0	0	0	0	0	0	0	0	0	0	0	0	0	0	0	0	0	0	0	0	0	0	0	0	0	0	0	0	0	0	0	0	0	0	0	0	0	0	0	0	0	0	0	0	0	0	0	0	0	0	0	0	0	0	0	0	0	0	0	0	0	0	0	0	0	0	0	0	0	0	0	0	0	0	0	0	0	0	0	0	0	0	0	0	0	0	0	0	0	0	0	0	0	0	0	0	0	0	0	0	0	0	0	0	0	0	0	0	0	0	0	0	0	0	0	0
Algae_BAGNB-B	0.258185296	0.00531795	0	0	0.0004752304	0	0	0.01015232	0.02541962	0	0	0	0.001242306	0	0	0	0	0	0	0.0004752304	0.0007386309	0	0.0002153435	0	0.001108309	0	0	0.009544501	0	0	0.009592775	0.0002462103	0	0.02106866	0.035711668	0.04384111	0.0002258738	0.0001641402	0	0	0	0	0	0	0	0	0.0228698703	0.002589106	0.01284551	0	0.1470848	0	0	0.0001280082	0	0.0001641402	0	0.002686247	0	0.0001024066	0	0	0	0.0007770443	0.001206672	0	0	0	0	0	0	0	0	0	0	0	0	0	0	0	0	0	0	0.001135273	0.02485887	0.003789312	0	0.001578079	7.680492e-05	0.002453324	0	0	0	0.009970053	0	0	0.0001536098	0	0	0	0	0	0	7.680492e-05	0	0.005511984	0	0	0	0	0	0	0	0	0	0	0	0.0001736111	0.0004862905	0.006406171	0.02123286	0.006066246	0.002427193	0	0.003324926	0	0	5.120328e-05	0.001401679	0	0	0.0002604167	0	0	0	0	0	0.0001736111	0	0	0	0	0.00241463	0	0.001887915	0	0	0.02282612	0.01167665	0.003501045	0.02919926	5.120328e-05	0.0009092582	0	0.001371677	0.0774936286	0	0.0004103505	0.002991845	0.01386271	0	0	0.0005876376	0	0	0.0002248144	0	0.0003784242	0	7.680492e-05	0.005204062	0.009629133	0.09882173	0	0	0	0	0	0	0	0	0	0	0.002728975	0	0	0	0	0	0	0	0.0009765922	0	0.0006776215	0	0.0006211531	0	0	0	0	0.0044583599	0	0.001231052	0	0	0	0	0	0	0	0	0	0	0	0	0	0	0	0	0	0	0	0	0	0	0	0	0	0	0	0	0	0	0	0	0	0	0	0	0	0	0	0	0	0	0	0	0	0	0	0	0	0	0	0	0	0	0	0	0	0	0	0	0	0	0	0	0	0	0	0	0	0	0	0	0	0	0	0	0	0	0	0	0	0	0	0	0	0	0	0	0	0	0	0	0	0	0	0	0	0	0	0	0	0	0	0	0	0	0	0	0	0	0	0	0	0	0	0	0	0	0	0	0	0	0	0	0	0	0	0	0	0	0	0	0	0	0	0	0	0	0	0	0	0	0	0	0	0	0	0	0	0	0	0	0	0	0	0	0	0	0	0	0	0	0	0	0	0	0	0	0	0	0	0	0	0	0	0	0	0	0	0	0	0	0	0	0	0	0	0	0	0	0	0	0	0	0	0	0	0	0	0	0	0	0	0	0	0	0	0	0	0	0	0	0	0	0	0	0	0	0	0	0	0	0	0	0	0	0	0	0	0	0	0	0	0	0	0	0	0	0	0	0	0	0	0	0	0	0	0	0	0	0	0	0	0	0	0	0	0	0	0	0	0	0	0	0	0	0	0	0	0	0	0	0	0	0	0	0	0	0	0	0	0	0	0	0	0	0	0	0	0	0	0	0	0	0	0	0	0	0	0	0	0	0	0	0	0	0	0	0	0	0	0	0	0	0	0	0	0	0	0	0	0	0	0	0	0	0	0	0	0	0	0	0	0	0	0	0	0	0	0
Algae_BANI-A	0.063555691	0.007620495	0	0	0	0	0	0.0006266973	0.005053456	0	0	0	0	0	0	0	0	0	0	0	0.0004177982	0.002122655	0.0007444395	0.002560824	0.003945254	0	0.001711935	0.005859874	0	0	9.737098e-05	0.0006196187	0	0.004745457	0.077462502	0.006305122	0.001071081	0.0003133487	0	0	0	0	0	0	0.0004177982	0	0.0486971063	0.01380787	0.002066891	0	0.006270594	0	0	0.003236207	0	0	0	0.004078882	0	0.009269587	0	0	0	0	0	0	0	0	0	0	0	0	0	0	0	9.737098e-05	0	0	0	0	0	0.0002088991	0.0007099112	0	0.1813743	0.01564998	0	0.002443082	0	0.007202697	0	0	0	0.002351925	0	0	0	0	0	0	0	0	0	0	0	0.0005842259	0	0	0	0	0	0	0	0	0	0.0006266973	0	0	0	0.02521892	0.01880746	0.005978481	0.002803387	0	0.007022112	0	0	0	0.0005638547	0	0.001817249	0	0	0	0	0.0005638547	0.0001460565	0	0	0	0	0	0.003115871	0	0.01955709	0	0	0.0145461	0.01084703	0.0211295	0.008942082	0	0	0.004022254	0.00588111	0.1022175341	0.0005222478	0.0004381694	0	0.0004868549	0	0	0.00135698	0	0	0.001879227	0	0	0	0	0.006943383	0.02101144	0.1558062	0	0	0.009416508	0.0002434275	0.000194742	0	0	0	0	0	9.737098e-05	0	0	0	0	0	0	0	0.00153135	0	0.001071081	0	0	0	0	0	0	0.0608356798	0	0.001057788	0	0	0	0	0	0	0	0	0	0	0	0	0	0	0	0	0	0	0	0	0	0	0	0	0	0	0	0	0	0	0	0	0	0	0	0	0	0	0	0	0	0	0	0	0	0	0	0	0	0	0	0	0	0	0	0	0	0	0	0	0	0	0	0	0	0	0	0	0	0	0	0	0	0	0	0	0	0	0	0	0	0	0	0	0	0	0	0	0	0	0	0	0	0	0	0	0	0	0	0	0	0	0	0	0	0	0	0	0	0	0	0	0	0	0	0	0	0	0	0	0	0	0	0	0	0	0	0	0	0	0	0	0	0	0	0	0	0	0	0	0	0	0	0	0	0	0	0	0	0	0	0	0	0	0	0	0	0	0	0	0	0	0	0	0	0	0	0	0	0	0	0	0	0	0	0	0	0	0	0	0	0	0	0	0	0	0	0	0	0	0	0	0	0	0	0	0	0	0	0	0	0	0	0	0	0	0	0	0	0	0	0	0	0	0	0	0	0	0	0	0	0	0	0	0	0	0	0	0	0	0	0	0	0	0	0	0	0	0	0	0	0	0	0	0	0	0	0	0	0	0	0	0	0	0	0	0	0	0	0	0	0	0	0	0	0	0	0	0	0	0	0	0	0	0	0	0	0	0	0	0	0	0	0	0	0	0	0	0	0	0	0	0	0	0	0	0	0	0	0	0	0	0	0	0	0	0	0	0	0	0	0	0	0	0	0	0	0	0	0	0	0	0	0	0	0	0	0	0	0	0	0	0	0	0	0	0	0	0	0
Algae_BANI-B	0.174018879	0.00113494	0.003166101	0	0	0	0	0.002796831	0.007129748	0	0	0	0	0	0	0	0	0	0	0.001114256	0	0	0.001380104	0.002936874	0.0004584527	0	0	0.002702902	0	0	0	0	0	0.01146096	0.035744014	0.001088825	0.0001146132	0.0001719198	0	0	0	0	0	0	0	0	0.0423674951	0	0	0	0.001318052	0	0	0.0001146132	0	0	0.0005157593	0.003805966	0	0.03438934	0	0	0	0	0.003993823	0	0	0	0	0	0	0	0	0	0	0	0.0005157593	0	0	0	0	0	0.0001719198	0	0.006582112	0.0300951	0	0.01066037	0	0.01594512	0	0	0	0.001036265	0	0	0.03034296	0	0	0	0	0	0	0.003473318	0	0.004738809	0	0	0	0	0	0	0	0	0	0.0003438395	0	0	0.000385208	0.01518285	0.009799427	0.0001146132	0.004332917	0	0.002702902	0.000286533	0.005545847	0	0.001088825	0	0	0	0	0	0	0	0	0.0004011461	0	0	0	0	0.000286533	0	0.004202366	0	0	0.002072529	0.05394343	0.0003438395	0.0221071	0	0	0.0002292264	0.0004011461	0.104674284	0.001843303	0.0002292264	0.001056949	0.0003438395	0	0.001088825	0.002005731	0	0	0.0002292264	0.0001146132	0	0	0	0.116672	0.0056079	0.1978567	0	0	0.0005157593	0.000286533	0.001744628	0	0	0	0	0	0.0006303725	0	0	0	0	0	0	0.000385208	0	0	0.002650341	0	0	0	0	0	0	0.0028080229	0	0	0	0	0	0	0	0	0	0	0	0	0	0	0	0	0	0	0	0	0	0	0	0	0	0	0	0	0	0	0	0	0	0	0	0	0	0	0	0	0	0	0	0	0	0	0	0	0	0	0	0	0	0	0	0	0	0	0	0	0	0	0	0	0	0	0	0	0	0	0	0	0	0	0	0	0	0	0	0	0	0	0	0	0	0	0	0	0	0	0	0	0	0	0	0	0	0	0	0	0	0	0	0	0	0	0	0	0	0	0	0	0	0	0	0	0	0	0	0	0	0	0	0	0	0	0	0	0	0	0	0	0	0	0	0	0	0	0	0	0	0	0	0	0	0	0	0	0	0	0	0	0	0	0	0	0	0	0	0	0	0	0	0	0	0	0	0	0	0	0	0	0	0	0	0	0	0	0	0	0	0	0	0	0	0	0	0	0	0	0	0	0	0	0	0	0	0	0	0	0	0	0	0	0	0	0	0	0	0	0	0	0	0	0	0	0	0	0	0	0	0	0	0	0	0	0	0	0	0	0	0	0	0	0	0	0	0	0	0	0	0	0	0	0	0	0	0	0	0	0	0	0	0	0	0	0	0	0	0	0	0	0	0	0	0	0	0	0	0	0	0	0	0	0	0	0	0	0	0	0	0	0	0	0	0	0	0	0	0	0	0	0	0	0	0	0	0	0	0	0	0	0	0	0	0	0	0	0	0	0	0	0	0	0	0	0	0	0	0	0	0	0	0	0	0	0	0	0	0	0	0	0	0	0	0	0	0	0	0	0	0
Algae_BANI-C	0.132768869	0.002242155	0.0003671072	0	0	0	0	0.008822784	0.01591309	0	0.0003671072	0	0.0006985676	0	0	0	0	0	0	0.0001548947	0.005703764	0.0006242035	0	0.002440273	0.001475111	0	0	0.001389706	0	0	0	0.0002622194	0	0.01493533	0.056969495	0.01202112	0	0	0	0	0	0	0	0	0	0	0.0153652949	0.0003872367	0.0009665564	0	0.02455131	0.000232342	0	0.0001579779	0	0	0	0.003195382	0.0001184834	0.02471891	0	0	0	0	0.0004855906	0	0	0	0	0	0	0	0	0	0.0003146633	0	0	0	0	0	0	0	0	0	0.001447421	0.03183957	0	0.01027331	0	0.09049192	0	0	0	0.004019993	0	0	0.007725981	0	0	0	0	0	0	0	0	0.00263688	0	0	0	0	0	0	0	0	0	0.002097755	7.898894e-05	0	0	0.00839884	0.01410933	0.0004195511	0.004177971	0	0.001965824	0.0001184834	0	0	0.0001048878	0	0.0008519207	0.0003146633	0	0	0	0	0	0	0.0001548947	0	0	0	0.003633491	0	0.0006953661	0	0	0.003610219	0.0305547	0.0002369668	0.01865292	0	0	0.000232342	0.001973401	0.054458368	0.0001184834	0.0008817981	0.0002097755	0.01294006	0	0.0006257451	0.0003671072	0	0	0.001877235	0	7.898894e-05	0	0.0001573317	0.03086161	0.01331126	0.2960523	0	0	0.000683063	0.0006293266	0.0008811815	0	0	0	0	0	0.004666146	0	0	0	0	0	0	0	0.004091269	0	0.001585269	0	0	0	0	0	0	0.0057523183	0	0.001304183	0	0	0	0	0	0	0	0	0	0	0	0	0	0	0	0	0	0	0	0	0	0	0	0	0	0	0	0	0	0	0	0	0	0	0	0	0	0	0	0	0	0	0	0	0	0	0	0	0	0	0	0	0	0	0	0	0	0	0	0	0	0	0	0	0	0	0	0	0	0	0	0	0	0	0	0	0	0	0	0	0	0	0	0	0	0	0	0	0	0	0	0	0	0	0	0	0	0	0	0	0	0	0	0	0	0	0	0	0	0	0	0	0	0	0	0	0	0	0	0	0	0	0	0	0	0	0	0	0	0	0	0	0	0	0	0	0	0	0	0	0	0	0	0	0	0	0	0	0	0	0	0	0	0	0	0	0	0	0	0	0	0	0	0	0	0	0	0	0	0	0	0	0	0	0	0	0	0	0	0	0	0	0	0	0	0	0	0	0	0	0	0	0	0	0	0	0	0	0	0	0	0	0	0	0	0	0	0	0	0	0	0	0	0	0	0	0	0	0	0	0	0	0	0	0	0	0	0	0	0	0	0	0	0	0	0	0	0	0	0	0	0	0	0	0	0	0	0	0	0	0	0	0	0	0	0	0	0	0	0	0	0	0	0	0	0	0	0	0	0	0	0	0	0	0	0	0	0	0	0	0	0	0	0	0	0	0	0	0	0	0	0	0	0	0	0	0	0	0	0	0	0	0	0	0	0	0	0	0	0	0	0	0	0	0	0	0	0	0	0	0	0	0	0	0	0	0	0	0	0	0	0	0	0	0	0	0	0	0	0
Algae_BARA-B	0.198649703	0.003531901	0.001066271	0	0	0	0	0	0.0005833946	0	0.0005991612	0	0	0.0007489515	0	0	0	0	0	0.0003330865	0	0	0.0007538795	0.003547667	0.001311651	0	0	0.003472772	0	0	0.0001626016	0.0002995806	0	0.009921646	0.080512364	0.00983985	0.001549148	0.0004336043	0.0002246854	0	0	0	0	0	0.0002246854	0	0.0135619482	0	0.001644738	0	0.002220249	0	0	0.0005163828	0	0.0001626016	0	0.01171617	0	0.01293519	0	0	0	0	0.0004336043	0	0	0	0	0	0	0	0	0	0	0	0.006606548	0	0	0	0	0	0	0	0.002491252	0.0111318	0	0.07730171	0	0.009511692	0.0002995806	0	0	0.006454784	0.0001084011	0	0.002336534	0	0	0.0001084011	0	0	0	0	0	0.0003252033	0	0	0	0	0	0	0	0	0	0.004133035	0	0	0	0.004974621	0.005170728	0.0001626016	0.005385558	0	0.007353526	0.0009706817	0	0	0.005574764	0	0	0.0003252033	0	0.0001626016	0	0.0001626016	0.003683664	0	0.0003252033	0	0	0.0003794038	0.01188076	0.0002168022	0.006381862	0.0005991612	0	0.005556043	0.01819855	0.0005291941	0.01373243	0	0	0.0001626016	0.005551115	0.0516304004	0	0.0002246854	0	0.006394673	0	0	0.1571726	0	0.001192412	0.0002995806	0	0	0	0	0.03277455	0.00985759	0.1082709	0	0.0002246854	0.008710513	0.0001497903	0.0002710027	0	0	0	0	0	0.005909824	0	0	0	0	0	0	0	0.01970927	0	0.01027838	0	0	0	0	0	0	0.0073978787	0	0.0003252033	0	0	0	0	0	0	0	0	0	0	0	0	0	0	0	0	0	0	0	0	0	0	0	0	0	0	0	0	0	0	0	0	0	0	0	0	0	0	0	0	0	0	0	0	0	0	0	0	0	0	0	0	0	0	0	0	0	0	0	0	0	0	0	0	0	0	0	0	0	0	0	0	0	0	0	0	0	0	0	0	0	0	0	0	0	0	0	0	0	0	0	0	0	0	0	0	0	0	0	0	0	0	0	0	0	0	0	0	0	0	0	0	0	0	0	0	0	0	0	0	0	0	0	0	0	0	0	0	0	0	0	0	0	0	0	0	0	0	0	0	0	0	0	0	0	0	0	0	0	0	0	0	0	0	0	0	0	0	0	0	0	0	0	0	0	0	0	0	0	0	0	0	0	0	0	0	0	0	0	0	0	0	0	0	0	0	0	0	0	0	0	0	0	0	0	0	0	0	0	0	0	0	0	0	0	0	0	0	0	0	0	0	0	0	0	0	0	0	0	0	0	0	0	0	0	0	0	0	0	0	0	0	0	0	0	0	0	0	0	0	0	0	0	0	0	0	0	0	0	0	0	0	0	0	0	0	0	0	0	0	0	0	0	0	0	0	0	0	0	0	0	0	0	0	0	0	0	0	0	0	0	0	0	0	0	0	0	0	0	0	0	0	0	0	0	0	0	0	0	0	0	0	0	0	0	0	0	0	0	0	0	0	0	0	0	0	0	0	0	0	0	0	0	0	0	0	0	0	0	0	0	0	0	0	0	0	0	0	0	0
Algae_BARA-C	0.064169334	0.004782268	0	0	0	0	0	0.0524993	0.02424967	0	0	0	0	0	0	0	0	0	0	0.0001556178	0.001984298	0.0001556178	0.001543082	0.00198471	0.01565918	0	0	0.006542094	0	0	0	0	0	0.002375218	0.040047501	0	0	0	0	0	0	0	0	0	0.0003854456	0	0.0221903118	0	0	0	0.006674915	0	0	0.0002312673	0	0	0	0.0001556178	0	0.03950173	0	0	0	0.0001244942	0.003391772	0	0	0	0	0	0	0	0	0	0	0	0	0.0002935145	0	0	0	0	0	6.224712e-05	0.04895914	0.01440319	0	0.0008700201	0	0.006622911	0	0	0	0.003011091	0.0001244942	0	0.0004698856	0	0	0	0	0	0	0.0006368886	0	0.001910075	0	0	0	0	0.0001541782	0	0	0	0	0.06932944	0	0	0	0.003324344	0.002427638	0	0.002080264	0	0.002924621	6.224712e-05	0	0	0.000280112	0	0	0	0	0	0	0	0	0.001840915	9.337068e-05	0	0	0	0.0009648304	0	0	0	0	0.0003112356	0.004946213	0	0.009256175	0	0	0.0002312673	0.0003340061	0.1015328052	0.001711796	0.0001556178	0.009135601	9.337068e-05	0	0	0	0	0	0.0005602241	0	0.008710832	0	0	0.008126338	0.003750731	0.3952315	0	0	0.0003854456	0	0	0	0	0	0	0	0.000710521	0	0	0	0	0	0	0	0	0	0.0006803996	0	0.0003142678	0	0	0	0	0.0038585195	0	0.0003142678	0	0	0	0	0	0	0	0	0	0	0	0	0	0	0	0	0	0	0	0	0	0	0	0	0	0	0	0	0	0	0	0	0	0	0	0	0	0	0	0	0	0	0	0	0	0	0	0	0	0	0	0	0	0	0	0	0	0	0	0	0	0	0	0	0	0	0	0	0	0	0	0	0	0	0	0	0	0	0	0	0	0	0	0	0	0	0	0	0	0	0	0	0	0	0	0	0	0	0	0	0	0	0	0	0	0	0	0	0	0	0	0	0	0	0	0	0	0	0	0	0	0	0	0	0	0	0	0	0	0	0	0	0	0	0	0	0	0	0	0	0	0	0	0	0	0	0	0	0	0	0	0	0	0	0	0	0	0	0	0	0	0	0	0	0	0	0	0	0	0	0	0	0	0	0	0	0	0	0	0	0	0	0	0	0	0	0	0	0	0	0	0	0	0	0	0	0	0	0	0	0	0	0	0	0	0	0	0	0	0	0	0	0	0	0	0	0	0	0	0	0	0	0	0	0	0	0	0	0	0	0	0	0	0	0	0	0	0	0	0	0	0	0	0	0	0	0	0	0	0	0	0	0	0	0	0	0	0	0	0	0	0	0	0	0	0	0	0	0	0	0	0	0	0	0	0	0	0	0	0	0	0	0	0	0	0	0	0	0	0	0	0	0	0	0	0	0	0	0	0	0	0	0	0	0	0	0	0	0	0	0	0	0	0	0	0	0	0	0	0	0	0	0	0	0	0	0	0	0	0	0	0	0	0	0	0	0	0	0	0
Algae_BARC-A	0.154088869	0.00215724	0.003302152	0	0	0	0	0.01167329	0.009813566	0	0.0001866716	0	0	9.173891e-05	0	0	0	0	0	0	0.006229596	0.000384907	0	0.0007223476	0.0002293473	0	0	0.001974474	0	0	0	9.173891e-05	0	0.01194823	0.127753444	0.001734833	0	0	0	0	0	0	0	0	0	0	0.0330804991	0.0004471309	0.0001539628	0	0.02585915	0	0	0	0	0	0	0.001722388	0	0.02912385	0	0	0	0	0.004859787	0	0	0	0	9.173891e-05	0	0	0	0.001039686	0	0	0	0	0.0001834778	0	0	0	0	0.0003111194	0.00748276	0.03811301	0	0.01271639	0.0003802799	0.02399178	0	0	0	0.0007909591	9.173891e-05	0	0.002146388	0	0	0	0	0	0	0.001583898	0	0.003066963	0	0	0	0	0	0	0	0	0	0.001431535	0	0	0	0.006408988	0.01197635	0	0.000859956	0	0.006053385	0.0005987787	0	0	0.0004355672	0	0	0	0	0	0	0	0	0	0	0	0	0	0.001615171	0	0	0	0	0.005869181	0.02751436	0.0005738881	0.01144102	0.0002535199	0	0	0.0008515861	0.0292904948	0	0.0004634853	0.0004977911	0.002155479	0	0.006115931	0.0435907	0	0	9.173891e-05	0	0.0006880418	0	0	0.01880419	0.007912993	0.2856909	0	0	0.0001866716	9.333582e-05	0.0004401916	0	0	0	0	0	0.001700855	0	0	0	0	0	0	0	0	0	0.002367751	0	0	0	0.000286944	0	0	0.0015684195	0	0.002551395	0	0	0	0	0	0	0	0	0	0	0	0	0	0	0	0	0	0	0	0	0	0	0	0	0	0	0	0	0	0	0	0	0	0	0	0	0	0	0	0	0	0	0	0	0	0	0	0	0	0	0	0	0	0	0	0	0	0	0	0	0	0	0	0	0	0	0	0	0	0	0	0	0	0	0	0	0	0	0	0	0	0	0	0	0	0	0	0	0	0	0	0	0	0	0	0	0	0	0	0	0	0	0	0	0	0	0	0	0	0	0	0	0	0	0	0	0	0	0	0	0	0	0	0	0	0	0	0	0	0	0	0	0	0	0	0	0	0	0	0	0	0	0	0	0	0	0	0	0	0	0	0	0	0	0	0	0	0	0	0	0	0	0	0	0	0	0	0	0	0	0	0	0	0	0	0	0	0	0	0	0	0	0	0	0	0	0	0	0	0	0	0	0	0	0	0	0	0	0	0	0	0	0	0	0	0	0	0	0	0	0	0	0	0	0	0	0	0	0	0	0	0	0	0	0	0	0	0	0	0	0	0	0	0	0	0	0	0	0	0	0	0	0	0	0	0	0	0	0	0	0	0	0	0	0	0	0	0	0	0	0	0	0	0	0	0	0	0	0	0	0	0	0	0	0	0	0	0	0	0	0	0	0	0	0	0	0	0	0	0	0	0	0	0	0	0	0	0	0	0	0	0	0	0	0	0	0	0	0	0	0	0	0	0	0	0	0	0	0	0	0	0	0	0	0	0	0	0	0	0	0	0	0	0	0	0	0	0	0	0
Algae_BARR-A	0.273215178	0.005410091	0.001546052	0	0	0	0	0.003386093	0.006785627	0	0	0	0.002344361	0	0	0	0	0	0	0	0.00190136	0	0.0001476669	0.001343786	0.0007079288	0	0	0.002344361	0	0	0	0.002139407	0	0.005932719	0.040183905	0.005749271	0.0002022654	0	0	0	0	0	0	0	0	0	0.0184850897	0.0001011327	0.0008980977	0	0.01079868	0	0	0.0005946996	0	0	0	0.006684494	0	0.001302628	0	0	0	0	0.001099019	0	0	0	0	0	0	0	0	0	0.0008090615	0	0	0	0	0.0001968892	0	0	0.0002528317	0.0009938541	0.002920244	0.02575942	0	0.04060406	0.000344556	0.03294318	0	0	0	0.00857107	0	0	0.01077045	0	0	0	0	0	0	0	0	0.002831715	0	0	0	0	0	0	0	0	0	0.01973984	0	0	0	0.005981105	0.01278689	0.002598537	0.005930031	0	0.01898621	0	0	0	0.00434551	0	0	0.000151699	0	0	0	0	0	0.0002022654	0.0001476669	0	0	0	0.007773776	0	0.0009925101	0	0	0.00891025	0.01948163	0.0002022654	0.02117317	0	0	0	0.0009432878	0.0940721252	0	0	0	0.002039619	0	0	0.002281698	0	0	0.000344556	0	0.0007942769	0	0.0003485882	0.04215483	0.007343201	0.1780076	0	0	0.0008090615	0.0003937783	0.0005562298	0	0	0	0	0	0.007381671	0	0	0	0	0	0	0	0.00879484	0	0.001736221	0	0	0	9.844458e-05	0	0	0.0007012085	0	0.001494141	0	0	0	0	0	0	0	0	0	0	0	0	0	0	0	0	0	0	0	0	0	0	0	0	0	0	0	0	0	0	0	0	0	0	0	0	0	0	0	0	0	0	0	0	0	0	0	0	0	0	0	0	0	0	0	0	0	0	0	0	0	0	0	0	0	0	0	0	0	0	0	0	0	0	0	0	0	0	0	0	0	0	0	0	0	0	0	0	0	0	0	0	0	0	0	0	0	0	0	0	0	0	0	0	0	0	0	0	0	0	0	0	0	0	0	0	0	0	0	0	0	0	0	0	0	0	0	0	0	0	0	0	0	0	0	0	0	0	0	0	0	0	0	0	0	0	0	0	0	0	0	0	0	0	0	0	0	0	0	0	0	0	0	0	0	0	0	0	0	0	0	0	0	0	0	0	0	0	0	0	0	0	0	0	0	0	0	0	0	0	0	0	0	0	0	0	0	0	0	0	0	0	0	0	0	0	0	0	0	0	0	0	0	0	0	0	0	0	0	0	0	0	0	0	0	0	0	0	0	0	0	0	0	0	0	0	0	0	0	0	0	0	0	0	0	0	0	0	0	0	0	0	0	0	0	0	0	0	0	0	0	0	0	0	0	0	0	0	0	0	0	0	0	0	0	0	0	0	0	0	0	0	0	0	0	0	0	0	0	0	0	0	0	0	0	0	0	0	0	0	0	0	0	0	0	0	0	0	0	0	0	0	0	0	0	0	0	0	0	0	0	0	0	0	0	0	0	0	0	0	0	0	0	0	0	0	0	0	0	0
Algae_BELC-A	0.060683004	0.003173105	0	0	0	0	0	0.002846474	0.008957278	0	0	0.000784683	0	0	0	0	0	0	0	0.001050497	0.006238324	0	0	0.002066683	0.001763586	0.007287892	0.0002354049	0.02072065	0	0	0	0.001987224	0	0.009508476	0.128480189	0.002507084	0.0008759094	0.0003923415	0	0	0	0	0	0	0	0	0.0468059444	0.00425593	0.01826453	0.0001088771	0.01644323	0	0	0.0002354049	0	0.001088771	0	0.004875873	0.0003266313	0.00504755	0	0	0	0	0.0005738034	0	0	0	0	0	0	0	0	0	0	0.0003266313	0	0	0	0	0	0	0	0.0002177542	0.08072147	0.0156713	0	0.001045604	0	0.01023822	0.0001814619	0	0	0.006829715	0	0	7.258474e-05	0	0	0	0	0	0	0	0	0.0007434981	0	0	0.0001569366	0	0	0.0001569366	0	0	0	0.0003266313	0	0	0	0.02964956	0.01409612	0.002356031	0.006698295	0	0.01243144	0.0004168668	0	0	0	0	0.003183881	0.0001088771	0	0	0	0	0.0006277464	0	7.258474e-05	0	0	0	0.02937087	0.001173123	0.002169677	0	0	0.0345263	0.03184878	0.002301097	0.007775361	0	0	0.004412929	0.002319739	0.0524693484	0.001560572	0.001285902	0.001371244	0.002322712	0	0	0.0003138732	0	0	0.003084852	0.000784683	0.0002295213	0	0	0.002502192	0.009904719	0.1701847	0	0	0.002398207	0.0004718008	0.0004227503	0	0	0	0	0	0.01883258	0	0	0	0	0	0	0	0.001726303	0	0.0004894515	0	0.0002540466	0	0	0	0	0.069577169	0	0	0	0	0	0	0	0	0	0	0	0	0	0	0	0	0	0	0	0	0	0	0	0	0	0	0	0	0	0	0	0	0	0	0	0	0	0	0	0	0	0	0	0	0	0	0	0	0	0	0	0	0	0	0	0	0	0	0	0	0	0	0	0	0	0	0	0	0	0	0	0	0	0	0	0	0	0	0	0	0	0	0	0	0	0	0	0	0	0	0	0	0	0	0	0	0	0	0	0	0	0	0	0	0	0	0	0	0	0	0	0	0	0	0	0	0	0	0	0	0	0	0	0	0	0	0	0	0	0	0	0	0	0	0	0	0	0	0	0	0	0	0	0	0	0	0	0	0	0	0	0	0	0	0	0	0	0	0	0	0	0	0	0	0	0	0	0	0	0	0	0	0	0	0	0	0	0	0	0	0	0	0	0	0	0	0	0	0	0	0	0	0	0	0	0	0	0	0	0	0	0	0	0	0	0	0	0	0	0	0	0	0	0	0	0	0	0	0	0	0	0	0	0	0	0	0	0	0	0	0	0	0	0	0	0	0	0	0	0	0	0	0	0	0	0	0	0	0	0	0	0	0	0	0	0	0	0	0	0	0	0	0	0	0	0	0	0	0	0	0	0	0	0	0	0	0	0	0	0	0	0	0	0	0	0	0	0	0	0	0	0	0	0	0	0	0	0	0	0	0	0	0	0	0	0	0	0	0	0	0	0	0	0	0	0	0	0	0	0	0	0	0	0	0	0	0	0	0	0	0	0	0	0	0	0	0	0	0	0	0	0
Algae_BELC-C	0.02627228	0	0	0	0	0.0003955696	0	0.0004367106	0.001527059	0	0	0	0	0	0	0	0	0	0	0	0.0003359312	0	0.0009468643	0.0005726473	0.002228096	0	0	0.003095533	0	0	0	0.001140875	0	0.002929132	0.149184996	0.0006046762	0.0001679656	0	0	0	0	0	0	0	0	0	0.0513868279	0.01453495	0.0003359312	0	0.003825743	0	0	0.0004505153	0	0	0	0.001302584	0	0.008624593	0	0	0.0001007794	0	0.0001130199	0	0	0	0.0002137993	0.0008476492	0	0	0	0	0	0.0007726418	0.0001343725	0	0	0	0	0	0	0	0.3518288	0.003610106	0	0.003776508	0	0.006544204	0.0002260398	0	0	0.0009606691	0	0	0.000349736	0	0	0	0	0	0	0	0	0.0001695298	0	0	0	0	0	0	0	0	0	0	0	0	0	0.02006217	0.002480181	0.0003359312	0.0003481717	0	0.01398291	0.0004505153	0	0	0.001073689	0	0	0	0	0	0	0	0.001024727	0	0.0003940054	0	0	0	0.004977295	0	0.0002351518	0	0	0.006003312	0.009291763	0.07788073	0.001398944	0	0	0	0.002635906	0.0422173944	0.0002351518	0.0003359312	0	0.000268745	0	0	0.001336177	0	0.0004841084	0.0001007794	0.0006781193	0	0	0.0002260398	0.001824978	0.009451983	0.07748246	0	0	0.002118204	0	0	0	0	0	0	0	0.0003390597	0	0	0	0	0	0	0	0.0009788932	0	0.0002260398	0	0	0.0001679656	0	0	0	0.078938031	0	6.718624e-05	0	0	0	0	0	0	0	0	0	0	0	0	0	0	0	0	0	0	0	0	0	0	0	0	0	0	0	0	0	0	0	0	0	0	0	0	0	0	0	0	0	0	0	0	0	0	0	0	0	0	0	0	0	0	0	0	0	0	0	0	0	0	0	0	0	0	0	0	0	0	0	0	0	0	0	0	0	0	0	0	0	0	0	0	0	0	0	0	0	0	0	0	0	0	0	0	0	0	0	0	0	0	0	0	0	0	0	0	0	0	0	0	0	0	0	0	0	0	0	0	0	0	0	0	0	0	0	0	0	0	0	0	0	0	0	0	0	0	0	0	0	0	0	0	0	0	0	0	0	0	0	0	0	0	0	0	0	0	0	0	0	0	0	0	0	0	0	0	0	0	0	0	0	0	0	0	0	0	0	0	0	0	0	0	0	0	0	0	0	0	0	0	0	0	0	0	0	0	0	0	0	0	0	0	0	0	0	0	0	0	0	0	0	0	0	0	0	0	0	0	0	0	0	0	0	0	0	0	0	0	0	0	0	0	0	0	0	0	0	0	0	0	0	0	0	0	0	0	0	0	0	0	0	0	0	0	0	0	0	0	0	0	0	0	0	0	0	0	0	0	0	0	0	0	0	0	0	0	0	0	0	0	0	0	0	0	0	0	0	0	0	0	0	0	0	0	0	0	0	0	0	0	0	0	0	0	0	0	0	0	0	0	0	0	0	0	0	0	0	0	0	0	0	0	0	0	0	0	0	0	0	0	0	0	0	0	0	0	0	0
Algae_BERNA-A	0.090353799	0.0054605	0	0	0	0	0	0.003136314	0.03350505	0	0	0	0.04760487	0	0	0	0	0	0	0	0.006031016	0	0.0002282063	0.005047732	0.002309637	0	0	0.01104927	0	0	0	0.0005130836	0	0.009153543	0.110337628	0.01204863	0	0	0	0	0	0	0	0	0	0.00216796	0.0405048031	0.0002282063	0	0	0.002467005	0	0	0.0001141031	0	0	0	0.00433592	0	0	0	0	0	0	0.008056918	0	0	0	0	0	0	0	0	0	0	0	0	0.0003423094	0	0	0	0	0	0.002252966	0.001197703	0.03039936	0	0.006572816	0	0.03341928	0	0	0	0.007129164	0	0	0.00276605	0	0	0	0.0003423094	0	0	0	0	0.001198083	0	0.0005417997	0	0	0	0	0	0	0	0	0	0	0	0.003651301	0.006815951	0.01661009	0.0002282063	0	0.007484499	0	0	0	0	0	0	0.0002852579	0	0	0	0	0	0	0.001183154	0	0	0	0.003765404	0.003079643	0	0	0	0.02028706	0.0009698768	0.001597444	0.003192985	0	0	0	0.002009831	0.0944998301	0	0.0002852579	0	0.005845693	0	0	0	0	0	0.000798722	0.001910276	0	0	0	0.01501645	0.001725334	0.3104188	0	0	0	0	0	0	0	0	0	0	0	0	0	0	0	0	0	0	0.003350353	0	0	0	0	0	0	0	0.002737334	0.0112070193	0	0.0002282063	0	0	0	0	0	0	0	0	0	0	0	0	0	0	0	0	0	0	0	0	0	0	0	0	0	0	0	0	0	0	0	0	0	0	0	0	0	0	0	0	0	0	0	0	0	0	0	0	0	0	0	0	0	0	0	0	0	0	0	0	0	0	0	0	0	0	0	0	0	0	0	0	0	0	0	0	0	0	0	0	0	0	0	0	0	0	0	0	0	0	0	0	0	0	0	0	0	0	0	0	0	0	0	0	0	0	0	0	0	0	0	0	0	0	0	0	0	0	0	0	0	0	0	0	0	0	0	0	0	0	0	0	0	0	0	0	0	0	0	0	0	0	0	0	0	0	0	0	0	0	0	0	0	0	0	0	0	0	0	0	0	0	0	0	0	0	0	0	0	0	0	0	0	0	0	0	0	0	0	0	0	0	0	0	0	0	0	0	0	0	0	0	0	0	0	0	0	0	0	0	0	0	0	0	0	0	0	0	0	0	0	0	0	0	0	0	0	0	0	0	0	0	0	0	0	0	0	0	0	0	0	0	0	0	0	0	0	0	0	0	0	0	0	0	0	0	0	0	0	0	0	0	0	0	0	0	0	0	0	0	0	0	0	0	0	0	0	0	0	0	0	0	0	0	0	0	0	0	0	0	0	0	0	0	0	0	0	0	0	0	0	0	0	0	0	0	0	0	0	0	0	0	0	0	0	0	0	0	0	0	0	0	0	0	0	0	0	0	0	0	0	0	0	0	0	0	0	0	0	0	0	0	0	0	0	0	0	0	0	0
Algae_BESS-A	0.131319644	0.003362097	0	0	0	0	0.0001593752	0.0002789067	0.01274024	0	0	0.0003187505	0	0	0	0	0	0	0	0.0004741584	0.0001593752	0.0001195314	0.0006235772	0.0007963944	0.003384315	0	0.001234194	0.009626898	0	0	0	0.003151723	0	0.00630284	0.127925878	0.01910728	0.002852421	0.0001992191	0	0	0	0	0	7.968762e-05	0	0	0.0456675297	0.007903564	0.02526377	7.968762e-05	0.02130319	0	0	0	0	0.0002121791	0	0.001919691	0	0.007535835	0	0	0.0002789067	0.001152344	0	0	0	0	0	7.968762e-05	0	0	0.0003182686	0	0	0	0.0001195314	0	0	0	0	0	0	0	0.08494171	0.003401101	0.0005578134	0.002727723	0	0.01559901	0	0	0	0.01454947	0	0	0.001255788	0	0	0	0	0	0.0002390629	0	0	0.0001195314	0	0	0	0	0	0	0.0002390629	0	0.0006322112	0	0	0	0	0.003039644	0.001267067	0.00733383	0.004724599	0	0.003950762	0.002309014	0	0	0.0007118988	0	0.0008367201	0	0	0	0	0.0007171886	0.004990045	0	0	0	0	0	0.005179696	0.0002789067	0.02216494	0.0003161056	0	0.02641601	0.004492489	0.003187505	0.005403824	0	0	0.006514425	0.01906981	0.0870709521	0.002027944	0.001659034	0.0003182686	0.001340766	0	0	0.005026904	0	0	0	0.0003984381	0	0	0.0004776439	0.002140986	0.0162946	0.1304597	0.0004113981	0	0.01701333	0	0	0	0	0	0	0	0.006785633	0	0	0	0	0	0	0	0.004346772	0	0.0002789067	0	0.0002121791	0	0.0003182686	0.0002121791	0	0.0397891998	0	0.0001992191	0	0	0	0	0	0	0	0	0	0	0	0	0	0	0	0	0	0	0	0	0	0	0	0	0	0	0	0	0	0	0	0	0	0	0	0	0	0	0	0	0	0	0	0	0	0	0	0	0	0	0	0	0	0	0	0	0	0	0	0	0	0	0	0	0	0	0	0	0	0	0	0	0	0	0	0	0	0	0	0	0	0	0	0	0	0	0	0	0	0	0	0	0	0	0	0	0	0	0	0	0	0	0	0	0	0	0	0	0	0	0	0	0	0	0	0	0	0	0	0	0	0	0	0	0	0	0	0	0	0	0	0	0	0	0	0	0	0	0	0	0	0	0	0	0	0	0	0	0	0	0	0	0	0	0	0	0	0	0	0	0	0	0	0	0	0	0	0	0	0	0	0	0	0	0	0	0	0	0	0	0	0	0	0	0	0	0	0	0	0	0	0	0	0	0	0	0	0	0	0	0	0	0	0	0	0	0	0	0	0	0	0	0	0	0	0	0	0	0	0	0	0	0	0	0	0	0	0	0	0	0	0	0	0	0	0	0	0	0	0	0	0	0	0	0	0	0	0	0	0	0	0	0	0	0	0	0	0	0	0	0	0	0	0	0	0	0	0	0	0	0	0	0	0	0	0	0	0	0	0	0	0	0	0	0	0	0	0	0	0	0	0	0	0	0	0	0	0	0	0	0	0	0	0	0	0	0	0	0	0	0	0	0	0	0	0	0	0	0	0	0	0	0	0	0	0	0	0	0	0	0	0	0	0	0	0	0	0	0	0
Algae_BOULO-A	0.117824729	0.005658066	0	0	0	0	0	0.01213159	0.03974243	0	0	0	0	0	0	0	0	0	0	0.003108382	0.005378447	0	0	0	0.00272065	0	0	0.007220693	0	0	0.02011079	0	0	0.02442826	0.025534769	0.0002053388	0	0.0009866974	0	0	0	0	0	0	0	0	0.0499745467	0.0002908668	0.03893812	0	0.07582366	0.0008099276	0	0	0	0	0	0.001146415	0	0.009251136	0	0	0	0.0002908668	0.002019105	0	0	0	0.0008326933	0	0	0	0	0	0	0	0	0	0	0	0	0	0.001505758	0	0.007197838	0.001266226	0	0.0001939112	0.0001026694	0.01242791	0	0	0	0.02262601	0	0	0	0	0	0	0	0	0	0	0	0.001568521	0	0	0	0	0	0	0	0	0	0	0	0	0.0002965806	0	0.01245112	0.001699669	0.002167306	0	0.006627532	0.00192206	0	0	0	0	0	0.0001939112	0	0	0	0.0009410765	0	0	0.0002566735	0	0	0	0	0	0.0350999	0	0	0.04090562	0.003524774	0	0.01708794	0	0	0.0004106776	0.0005874474	0.0299666051	0.00888599	0.0003080082	0.003273814	0.008253011	0	0	0.0002566735	0	0	0.002195875	0	0.0008213552	0	0	0.001557093	0.01469253	0.2782189	0	0	0	0	0	0	0	0	0	0	0.0004505847	0	0	0	0	0	0	0	0.0002053388	0	0.0003080082	0	0	0	0	0	0	0.0320655245	0	0.003051423	0	0	0	0	0	0	0	0	0	0	0	0	0	0	0	0	0	0	0	0	0	0	0	0	0	0	0	0	0	0	0	0	0	0	0	0	0	0	0	0	0	0	0	0	0	0	0	0	0	0	0	0	0	0	0	0	0	0	0	0	0	0	0	0	0	0	0	0	0	0	0	0	0	0	0	0	0	0	0	0	0	0	0	0	0	0	0	0	0	0	0	0	0	0	0	0	0	0	0	0	0	0	0	0	0	0	0	0	0	0	0	0	0	0	0	0	0	0	0	0	0	0	0	0	0	0	0	0	0	0	0	0	0	0	0	0	0	0	0	0	0	0	0	0	0	0	0	0	0	0	0	0	0	0	0	0	0	0	0	0	0	0	0	0	0	0	0	0	0	0	0	0	0	0	0	0	0	0	0	0	0	0	0	0	0	0	0	0	0	0	0	0	0	0	0	0	0	0	0	0	0	0	0	0	0	0	0	0	0	0	0	0	0	0	0	0	0	0	0	0	0	0	0	0	0	0	0	0	0	0	0	0	0	0	0	0	0	0	0	0	0	0	0	0	0	0	0	0	0	0	0	0	0	0	0	0	0	0	0	0	0	0	0	0	0	0	0	0	0	0	0	0	0	0	0	0	0	0	0	0	0	0	0	0	0	0	0	0	0	0	0	0	0	0	0	0	0	0	0	0	0	0	0	0	0	0	0	0	0	0	0	0	0	0	0	0	0	0	0	0	0	0	0	0	0	0	0	0	0	0	0	0	0	0	0	0	0	0	0	0
Algae_BROU-A	0.234012026	0.003337258	0.0001062361	0	0	0	0	0.01953665	0.01660216	0	0	0.0007449535	0.0006425282	0	0	0	0	0	0	0.0004970694	0.002625694	0.001368521	0	0.000232734	0.001981066	0	0	0.004971831	0	0	0.0004728982	0.0001745505	0	0.005179284	0.058547549	0.007111571	0.0001062361	7.082404e-05	0	0	8.727527e-05	0	0	0	0	0	0.0282634652	0.004379668	0.0006222663	0.0003161986	0.06056603	0	0	0.0002909176	0	0	0	0.003376968	0	0.009121127	0	0	0	5.818351e-05	0.009289937	0	0	0	8.727527e-05	0	0	0	0	0	0	0	0	0	5.818351e-05	0	0	0	0.0001416481	0.002817997	0.02516306	0.04808139	0	0.004544378	5.818351e-05	0.0144345	0	0	0	0.00539812	0	0	0.0006374163	0	0	0	0	0	0	0.001642987	0	0.002461182	0	0	0	0	0	0	0	0	0	0.02424511	0	0	5.818351e-05	0.007721307	0.01478596	0.002130746	0.003897629	0	0.01622021	0.001616405	0	0	0.0003274394	0	0.0008185986	0.0003351594	0	0	0	0	0	0	0	0	0	0	0	0.0001416481	0.0003274394	0	0	0.0134795	0.01730232	0	0.04249166	0.0004249442	0	0	0.00102615	0.0748858016	0.0004388859	0.0004728982	0.004541846	0.003369439	0	0.005546526	0.0005653839	0	0	0.004514056	0	0.0006222663	0	0	0.02089253	0.006155184	0.1400797	0	0	0.0002162828	0.00104972	0	0	0	0	0	0	0.005803552	0	0	0	0	0	0.000116367	0	8.727527e-05	0	0.001322688	0	0.0001062361	0	0.000116367	0	0	0.0003807024	0	0.001145918	0	0	0	0	0	0	0	0	0	0	0	0	0	0	0	0	0	0	0	0	0	0	0	0	0	0	0	0	0	0	0	0	0	0	0	0	0	0	0	0	0	0	0	0	0	0	0	0	0	0	0	0	0	0	0	0	0	0	0	0	0	0	0	0	0	0	0	0	0	0	0	0	0	0	0	0	0	0	0	0	0	0	0	0	0	0	0	0	0	0	0	0	0	0	0	0	0	0	0	0	0	0	0	0	0	0	0	0	0	0	0	0	0	0	0	0	0	0	0	0	0	0	0	0	0	0	0	0	0	0	0	0	0	0	0	0	0	0	0	0	0	0	0	0	0	0	0	0	0	0	0	0	0	0	0	0	0	0	0	0	0	0	0	0	0	0	0	0	0	0	0	0	0	0	0	0	0	0	0	0	0	0	0	0	0	0	0	0	0	0	0	0	0	0	0	0	0	0	0	0	0	0	0	0	0	0	0	0	0	0	0	0	0	0	0	0	0	0	0	0	0	0	0	0	0	0	0	0	0	0	0	0	0	0	0	0	0	0	0	0	0	0	0	0	0	0	0	0	0	0	0	0	0	0	0	0	0	0	0	0	0	0	0	0	0	0	0	0	0	0	0	0	0	0	0	0	0	0	0	0	0	0	0	0	0	0	0	0	0	0	0	0	0	0	0	0	0	0	0	0	0	0	0	0	0	0	0	0	0	0	0	0	0	0	0	0	0	0	0	0	0	0	0	0	0	0	0	0	0	0	0	0	0	0	0	0	0	0	0	0
Algae_BROU-B	0.194089876	0.002797692	0.000699423	0	0	0	0	0.01031649	0.01766043	0	0	0	0	0	0	0	0	0	0	0	0.002622836	0	0	0.000699423	0.002098269	0	0	0.003497115	0	0	0	0.005070817	0	0.02255639	0.027277496	0.01363875	0	0	0	0	0	0	0	0	0	0	0.0239552369	0	0	0	0.02622836	0	0	0	0	0	0	0.006819374	0	0.008917643	0	0	0	0	0.001049134	0	0	0	0	0	0	0	0	0	0	0	0	0	0	0	0	0	0	0.000699423	0.008043364	0.0655709	0	0.003671971	0	0.05263158	0	0	0	0.004895961	0	0	0	0	0	0	0	0	0	0	0	0.007169086	0	0	0	0	0	0	0	0	0	0	0	0	0	0.002098269	0.04598706	0.001748557	0.00122399	0	0.00244798	0	0	0	0.00122399	0	0.00122399	0	0	0	0	0	0	0.000699423	0	0	0	0	0.006819374	0	0	0	0	0.01171533	0.0213324	0.001049134	0.04983389	0	0	0	0.001923413	0.0797342193	0	0.001573702	0	0	0	0	0	0	0	0	0	0.002273125	0	0	0.04283966	0.01119077	0.176954	0	0	0	0	0.001748557	0	0	0	0	0	0.00944221	0	0	0	0	0	0	0	0.00244798	0	0.004371394	0	0.000699423	0	0	0	0	0.0029725476	0	0.001748557	0	0	0	0	0	0	0	0	0	0	0	0	0	0	0	0	0	0	0	0	0	0	0	0	0	0	0	0	0	0	0	0	0	0	0	0	0	0	0	0	0	0	0	0	0	0	0	0	0	0	0	0	0	0	0	0	0	0	0	0	0	0	0	0	0	0	0	0	0	0	0	0	0	0	0	0	0	0	0	0	0	0	0	0	0	0	0	0	0	0	0	0	0	0	0	0	0	0	0	0	0	0	0	0	0	0	0	0	0	0	0	0	0	0	0	0	0	0	0	0	0	0	0	0	0	0	0	0	0	0	0	0	0	0	0	0	0	0	0	0	0	0	0	0	0	0	0	0	0	0	0	0	0	0	0	0	0	0	0	0	0	0	0	0	0	0	0	0	0	0	0	0	0	0	0	0	0	0	0	0	0	0	0	0	0	0	0	0	0	0	0	0	0	0	0	0	0	0	0	0	0	0	0	0	0	0	0	0	0	0	0	0	0	0	0	0	0	0	0	0	0	0	0	0	0	0	0	0	0	0	0	0	0	0	0	0	0	0	0	0	0	0	0	0	0	0	0	0	0	0	0	0	0	0	0	0	0	0	0	0	0	0	0	0	0	0	0	0	0	0	0	0	0	0	0	0	0	0	0	0	0	0	0	0	0	0	0	0	0	0	0	0	0	0	0	0	0	0	0	0	0	0	0	0	0	0	0	0	0	0	0	0	0	0	0	0	0	0	0	0	0	0	0	0	0	0	0	0	0	0	0	0	0	0	0	0	0	0	0	0
Algae_BROU-C	0.238512595	0.0008082038	0.002756526	0	8.346897e-05	0.0001544819	0	0.002670767	0.003805758	0	0	0	0	0	0	0	0	0	0	0.0008241842	0	8.601041e-05	0.0008451326	0.0001720208	0.000215026	0	0	0.0007003954	0	0	0.0001290156	4.30052e-05	0	0.01348493	0.092567879	0.003279648	0.001099629	0	0	0	0	0	0	0	0	0	0.0162433078	7.724095e-05	0.001526002	0.0002516776	0.07367799	0	0	0.0001897113	0	0	0	0.003533464	0	0.003910293	0	0	0	0	4.30052e-05	0	0	0	0	0	0	0	0	0.000322539	0.0004628915	0	0.005184983	0	0.0002504069	0	0	0	0	0.00052867	0.003662975	0.02109512	0	0.03008027	4.30052e-05	0.01249035	0	0	0	0.00800443	0	0	0.009389026	0	0	0	0	7.724095e-05	0	0.0002516776	0	0.001280124	0	0	0	0	0	0	0	0	0	0.002988641	0	0	0	0.005402784	0.01641172	6.450781e-05	0.005914783	0	0.005571162	0.0003625818	0	0	0.002181567	0	0.0001720208	4.30052e-05	0	0	0	6.450781e-05	0.0001935234	0.000107513	7.724095e-05	0	0	0	0.008548924	0	0.003429332	0	0	0.005295555	0.01122989	0.0002317229	0.02991788	0	0	6.450781e-05	0.003897889	0.0503974515	0.0007094862	0.000107513	0.001593786	0.0008639422	0	0.007623931	0.00366477	0	0.0003010364	0.0003655442	0.001158614	0	0	0.0002018718	0.02979157	0.002448652	0.200536	0	0	0.001790431	0.0006766468	0.003208735	0	0	0	0	0	0.02030687	0	0	0	0	0	0	0	0.01138942	0	0.002384315	0	7.724095e-05	0	8.601041e-05	0	0	0.0031450765	0	0.000184754	0	0	0	0	0	0	0	0	0	0	0	0	0	0	0	0	0	0	0	0	0	0	0	0	0	0	0	0	0	0	0	0	0	0	0	0	0	0	0	0	0	0	0	0	0	0	0	0	0	0	0	0	0	0	0	0	0	0	0	0	0	0	0	0	0	0	0	0	0	0	0	0	0	0	0	0	0	0	0	0	0	0	0	0	0	0	0	0	0	0	0	0	0	0	0	0	0	0	0	0	0	0	0	0	0	0	0	0	0	0	0	0	0	0	0	0	0	0	0	0	0	0	0	0	0	0	0	0	0	0	0	0	0	0	0	0	0	0	0	0	0	0	0	0	0	0	0	0	0	0	0	0	0	0	0	0	0	0	0	0	0	0	0	0	0	0	0	0	0	0	0	0	0	0	0	0	0	0	0	0	0	0	0	0	0	0	0	0	0	0	0	0	0	0	0	0	0	0	0	0	0	0	0	0	0	0	0	0	0	0	0	0	0	0	0	0	0	0	0	0	0	0	0	0	0	0	0	0	0	0	0	0	0	0	0	0	0	0	0	0	0	0	0	0	0	0	0	0	0	0	0	0	0	0	0	0	0	0	0	0	0	0	0	0	0	0	0	0	0	0	0	0	0	0	0	0	0	0	0	0	0	0	0	0	0	0	0	0	0	0	0	0	0	0	0	0	0	0	0	0	0	0	0	0	0	0	0	0	0	0	0	0	0	0	0	0	0	0	0	0	0	0	0	0	0	0	0	0	0	0	0	0	0	0	0	0	0	0	0	0
Algae_BULA-A	0.062927312	0.01063509	0.0003217503	0	0	0	0	0.003408079	0.01553771	0	0	0.0002138801	0	0	0	0	0	0	0	0.0002138801	0.001435841	0.0001520681	0.0004738184	0.003421096	0.005515428	0	0.0001520681	0.01116629	0	0	0.0006435006	0.001251882	0	0.005255652	0.048679668	0.001529544	0.001719739	0	0	0	0	0	0	0	0	0	0.0766734068	0.0243319	0.004136968	6.082725e-05	0.0006102419	0	0	0	0	0	0	0.002470234	0	0.006792199	0	0	0.0002452784	0.0003649635	0.0005954729	0	0	0	0	0.0001216545	0.001292963	0	0	0	0	0	0	0.0001226392	0	0	0	0	9.124088e-05	9.124088e-05	0.05021539	0.02753398	0	0.003731415	0	0.01768428	0.0001520681	0	0	0.003494944	0	0	0.0009776671	0	0	0	0	0	0	0	0	0.0009452841	0	0	0	0	0	0	0	0	0	0.001252374	0	0	0.0003217503	0.03183898	0.005220806	0.005133888	0.01183102	0	0.0122171	0.0004738184	0	0	0.001192915	0	0.003206998	0.0001520681	0	0	0	9.124088e-05	0.0005170316	0	0.0004826255	0	0	0	0.005170316	0	0.008544647	0.0004826255	0	0.01225746	0.02635408	0	0.0105776	0	0	0.0004885874	0.004424913	0.0759242727	0.004248939	0.001252374	0.001710932	0.003634977	0	0.001247781	0.0004586661	0	0	0.0004905568	0	0.0005508917	6.082725e-05	0	0.01381797	0.01464909	0.2823049	0	0	0.003841638	0	0.0004257908	0	0	0	0	0	0.005990122	0	0	0	0	0	0	0	0.01158563	0	0.001282788	0	0	0	0	0	0	0.035887549	0.0001839588	0.0008269671	0	0	0	0	0	0	0	0	0	0	0	0	0	0	0	0	0	0	0	0	0	0	0	0	0	0	0	0	0	0	0	0	0	0	0	0	0	0	0	0	0	0	0	0	0	0	0	0	0	0	0	0	0	0	0	0	0	0	0	0	0	0	0	0	0	0	0	0	0	0	0	0	0	0	0	0	0	0	0	0	0	0	0	0	0	0	0	0	0	0	0	0	0	0	0	0	0	0	0	0	0	0	0	0	0	0	0	0	0	0	0	0	0	0	0	0	0	0	0	0	0	0	0	0	0	0	0	0	0	0	0	0	0	0	0	0	0	0	0	0	0	0	0	0	0	0	0	0	0	0	0	0	0	0	0	0	0	0	0	0	0	0	0	0	0	0	0	0	0	0	0	0	0	0	0	0	0	0	0	0	0	0	0	0	0	0	0	0	0	0	0	0	0	0	0	0	0	0	0	0	0	0	0	0	0	0	0	0	0	0	0	0	0	0	0	0	0	0	0	0	0	0	0	0	0	0	0	0	0	0	0	0	0	0	0	0	0	0	0	0	0	0	0	0	0	0	0	0	0	0	0	0	0	0	0	0	0	0	0	0	0	0	0	0	0	0	0	0	0	0	0	0	0	0	0	0	0	0	0	0	0	0	0	0	0	0	0	0	0	0	0	0	0	0	0	0	0	0	0	0	0	0	0	0	0	0	0	0	0	0	0	0	0	0	0	0	0	0	0	0	0	0	0	0	0	0	0	0	0	0	0	0	0	0	0	0	0	0	0	0
Algae_BULE-A	0.123221805	0.003695769	0	0	0	0	0	0.01066852	0.0307511	0	0	0	0	0	0	0	0	0	0	0.002625911	0.008485305	0	0.0001930129	0	0.0004147579	0	0	0.001818817	0	0	0.008973437	0.001493009	0	0.03550973	0.03999945	0.00181613	0	0	0	0	0	0	0	0	0.0002531646	0	0.0384572405	0	0.00184312	7.720517e-05	0.1246649	0.001152703	0	0	0	0	0	0.001206683	0	0.004553346	0	0	0	0	0.004073062	0	0	0	0.0003088207	0	0	0	0	0	0	0	0	0	0	0	0	0	0.001169756	0.0002531646	0.01224754	0.007593225	0	0.001660714	0.0002531646	0.006059045	0	0	0	0.01194966	0	0	0.00115378	0	0	0	0	0	0	0.0003088207	0	0.0002316155	0	0	0	0	0	0	0	0	0	0.002054928	0	0	0.0004219409	0.007667736	0.005293182	0.003281011	0.007984943	0	0.003943433	0.0002316155	0	0	0.0006535564	0	0	0.0006005878	0	0	0	0.0001158078	0	0	0	0	0	0	0.0005118362	0	0.02513588	0	7.720517e-05	0.02896315	0.004398271	0	0.01060146	0	0	0	0.005139568	0.0499625073	0.00248674	0.001095304	0.0003838772	0.002065469	0	0.0001930129	0.0004075749	0	0	0	0	0.0001158078	0	0	0.00912161	0.009068635	0.2361882	0	0	0.00535413	0.0001687764	0	0	0	0	0	0	0.01564294	0	0	0	0	0	0	0	0.05537222	0	0.004270576	0.0001158078	0	0	0	0	0	0.0099609899	0	0.001812173	0	0	0	0	0	0	0	0	0	0	0	0	0	0	0	0	0	0	0	0	0	0	0	0	0	0	0	0	0	0	0	0	0	0	0	0	0	0	0	0	0	0	0	0	0	0	0	0	0	0	0	0	0	0	0	0	0	0	0	0	0	0	0	0	0	0	0	0	0	0	0	0	0	0	0	0	0	0	0	0	0	0	0	0	0	0	0	0	0	0	0	0	0	0	0	0	0	0	0	0	0	0	0	0	0	0	0	0	0	0	0	0	0	0	0	0	0	0	0	0	0	0	0	0	0	0	0	0	0	0	0	0	0	0	0	0	0	0	0	0	0	0	0	0	0	0	0	0	0	0	0	0	0	0	0	0	0	0	0	0	0	0	0	0	0	0	0	0	0	0	0	0	0	0	0	0	0	0	0	0	0	0	0	0	0	0	0	0	0	0	0	0	0	0	0	0	0	0	0	0	0	0	0	0	0	0	0	0	0	0	0	0	0	0	0	0	0	0	0	0	0	0	0	0	0	0	0	0	0	0	0	0	0	0	0	0	0	0	0	0	0	0	0	0	0	0	0	0	0	0	0	0	0	0	0	0	0	0	0	0	0	0	0	0	0	0	0	0	0	0	0	0	0	0	0	0	0	0	0	0	0	0	0	0	0	0	0	0	0	0	0	0	0	0	0	0	0	0	0	0	0	0	0	0	0	0	0	0	0	0	0	0	0	0	0	0	0	0	0	0	0	0	0	0	0	0	0	0	0	0	0	0	0	0	0	0	0	0	0	0
Algae_CAMA-C	0.412406097	0.0009957708	0	0	0	0	0	0.00197127	0.001614328	0	0	0	0.001034303	0	0	0	0.0001926634	0	0	0	0	0.0001541307	0.001419655	0.0004096672	0.0002088903	0	0	0.001082984	0	0	0	9.329228e-05	0	0.005459533	0.080225886	0.004151456	0.0005009248	0.000326523	0	0	0	0	0	0	0	0	0.0050701366	0	0.0008436747	0.0004238594	0.1208265	0.0002798769	0	0	0	0	0	0.005668423	0	0.005299323	0	0	0	0	0.0003488287	0	0	0	0.0001399384	0	0	0	0.0001926634	0	0.0007706535	0	0.0007706535	0	0	0	0	0	0	0.0006428979	0.01570124	0.009353368	0	0.03809508	0	0.01512523	0	0	0	0.002326178	7.706535e-05	0	0.002236955	0	0	0	0	0	0	0	0	0.002074686	0	0	0	0	0	0	0	0	0	0.003070482	0	0	0	0.007582849	0.008805771	0.001137744	0.01107116	0	0.003084674	0.0002697287	0	0	0.001476424	0	0	7.706535e-05	0	0	0	0	0.0003407153	0.000115598	0.0003021826	0	0	0	0	0	0.002885957	0	0	0.006102431	0.02132093	0	0.009221568	0	0	0	0.003457843	0.0466635736	0.003609914	7.706535e-05	0	0.0009552286	0	0.001508878	0.009363591	0	0.0004887672	0.001719803	0	0	0	0.0001865846	0.01095144	0.001837411	0.08267779	0	0	0.003060333	0.0005394575	0.002190284	0	0	0	0	0	0.003330087	0	0	0	0	0	0	9.329228e-05	0.006406623	0	0.0006652036	0	0	0	0.000363021	0	0	0.0039486197	0	0.0005252652	0	0	0	0	0	0	0	0	0	0	0	0	0	0	0	0	0	0	0	0	0	0	0	0	0	0	0	0	0	0	0	0	0	0	0	0	0	0	0	0	0	0	0	0	0	0	0	0	0	0	0	0	0	0	0	0	0	0	0	0	0	0	0	0	0	0	0	0	0	0	0	0	0	0	0	0	0	0	0	0	0	0	0	0	0	0	0	0	0	0	0	0	0	0	0	0	0	0	0	0	0	0	0	0	0	0	0	0	0	0	0	0	0	0	0	0	0	0	0	0	0	0	0	0	0	0	0	0	0	0	0	0	0	0	0	0	0	0	0	0	0	0	0	0	0	0	0	0	0	0	0	0	0	0	0	0	0	0	0	0	0	0	0	0	0	0	0	0	0	0	0	0	0	0	0	0	0	0	0	0	0	0	0	0	0	0	0	0	0	0	0	0	0	0	0	0	0	0	0	0	0	0	0	0	0	0	0	0	0	0	0	0	0	0	0	0	0	0	0	0	0	0	0	0	0	0	0	0	0	0	0	0	0	0	0	0	0	0	0	0	0	0	0	0	0	0	0	0	0	0	0	0	0	0	0	0	0	0	0	0	0	0	0	0	0	0	0	0	0	0	0	0	0	0	0	0	0	0	0	0	0	0	0	0	0	0	0	0	0	0	0	0	0	0	0	0	0	0	0	0	0	0	0	0	0	0	0	0	0	0	0	0	0	0	0	0	0	0	0	0	0	0	0	0	0	0	0	0	0	0	0	0	0	0	0	0	0	0	0	0
Algae_CAMA-D	0.190842582	0.00804819	0.0004451999	0	0	0.0005086729	0	0.0007850516	0.005151896	0	0	0	0	0	0	0	0	0	0	0.0002034691	0	0.001939764	0.0006880363	0.002739095	0.001025529	0	0	0.004570881	0	0	0	0.001032876	0	0.0169665	0.071518592	0.0192748	0.003290179	0	0	0	0	0	0	0	0.0001017346	0	0.017722428	0	0.002737989	0	0.01328988	0	0	0.0001526019	0	0	0	0.01421005	0	0.02140918	0	0	0	0	0.0001214182	0	0	0	0.000356071	0	0	0	0	0	0.0003040982	0	0.0007434733	0	0	0	0	0	0.001026635	0.0002528125	0.01178853	0.01821453	0	0.03447938	0	0.03575948	0	0	0	0.01255363	0.0004567	0	0.001721452	0	0	0	0	0	0	0	0	0	0	0	0	0	0	0.0002023636	0	0	0	0.01477489	0	0	0.0001017346	0.009435343	0.007850006	0	0.01122069	0	0.009048209	0.0001526019	0	0.0001618909	0.002522452	0	0.003319422	0.001257971	0	0	0	0.0003642545	0	0.0001618909	0	0	0	0	0.0006902473	0.00018268	0.005473739	8.094544e-05	0	0.01694514	0.02889726	0	0.01829391	0	0	0	0.006694431	0.045809648	0	0.0001526019	0.0003792188	0.0006070908	0	0.0009828454	0.02549741	0	0	0.0005978018	0	0	0	0	0.02768616	0.01968176	0.1892447	0	0	0.00286771	0.0008220601	0.001053396	0	0	0	0	0	0.004376135	0	0	0	0	0	0	0	0.003064247	0	0.004557857	0	0	0	0	0	0	0.0145780684	0	0.003775853	0	0	0	0	0	0	0	0	0	0	0	0	0	0	0	0	0	0	0	0	0	0	0	0	0	0	0	0	0	0	0	0	0	0	0	0	0	0	0	0	0	0	0	0	0	0	0	0	0	0	0	0	0	0	0	0	0	0	0	0	0	0	0	0	0	0	0	0	0	0	0	0	0	0	0	0	0	0	0	0	0	0	0	0	0	0	0	0	0	0	0	0	0	0	0	0	0	0	0	0	0	0	0	0	0	0	0	0	0	0	0	0	0	0	0	0	0	0	0	0	0	0	0	0	0	0	0	0	0	0	0	0	0	0	0	0	0	0	0	0	0	0	0	0	0	0	0	0	0	0	0	0	0	0	0	0	0	0	0	0	0	0	0	0	0	0	0	0	0	0	0	0	0	0	0	0	0	0	0	0	0	0	0	0	0	0	0	0	0	0	0	0	0	0	0	0	0	0	0	0	0	0	0	0	0	0	0	0	0	0	0	0	0	0	0	0	0	0	0	0	0	0	0	0	0	0	0	0	0	0	0	0	0	0	0	0	0	0	0	0	0	0	0	0	0	0	0	0	0	0	0	0	0	0	0	0	0	0	0	0	0	0	0	0	0	0	0	0	0	0	0	0	0	0	0	0	0	0	0	0	0	0	0	0	0	0	0	0	0	0	0	0	0	0	0	0	0	0	0	0	0	0	0	0	0	0	0	0	0	0	0	0	0	0	0	0	0	0	0	0	0	0	0	0	0	0	0	0	0	0	0	0	0	0	0	0	0	0	0	0
Algae_CAMA-E	0.142207724	0.002834885	0.0003575473	0	0	0	0	0.0009858365	0.0033199	0.0003678725	0	0	0.0003678725	0	0	0	0	0	0	0.000960343	0.0003575473	0.0009809933	0.01337189	0.01153801	0.001981998	0	0	0.003600967	0	0	0	0.0001226242	0	0.0126313	0.070339058	0.002150127	0.003131121	0	0	0	0	0	0	0	0.005121528	0	0.0207280596	0.001409539	0.004418036	0.0004698464	0.01518027	0	0	0.0001839362	0	0	0	0.007125453	0	0.01548683	0	0	0	0	0.0002452483	0	0	0	0.001951023	0.0006131208	0	0	0	0	0	0	0.0001736111	0	0	0	0	0	0.0006131208	0.0001226242	0.06640375	0.01567689	0	0.01090487	0	0.0237414	0	0	0	0.007083514	0	0	0.003350875	0	0	0	0	0	0	0	0	0	0	0	0	0	0	0	0	0	0	0.004509684	0	0	0	0.02075483	0.005303175	0.002564144	0.007779236	0	0.007160633	0.003279238	0.0001736111	0	0.001532802	0	0.003763614	0.0002452483	0	0	0	0	0	0.0003065604	0	0	0	0	0	0.0003678725	0.009689597	0	0	0.01157995	0.01456907	0.0006076389	0.00814647	0	0	0.0006131208	0.00649296	0.0614223018	0	0.0003678725	0	0.001312408	0	0.0001839362	0.01322861	0	0	0.00108781	0	0	0	0	0.01495083	0.01251836	0.2488672	0	0	0.008075471	0.002947184	0	0	0	0	0	0	0.01618128	0	0	0	0	0	0	0	0.01550685	0	0.004663284	0	0	0	0	0	0	0.0156810963	0	0.0009548611	0	0	0	0	0	0	0	0	0	0	0	0	0	0	0	0	0	0	0	0	0	0	0	0	0	0	0	0	0	0	0	0	0	0	0	0	0	0	0	0	0	0	0	0	0	0	0	0	0	0	0	0	0	0	0	0	0	0	0	0	0	0	0	0	0	0	0	0	0	0	0	0	0	0	0	0	0	0	0	0	0	0	0	0	0	0	0	0	0	0	0	0	0	0	0	0	0	0	0	0	0	0	0	0	0	0	0	0	0	0	0	0	0	0	0	0	0	0	0	0	0	0	0	0	0	0	0	0	0	0	0	0	0	0	0	0	0	0	0	0	0	0	0	0	0	0	0	0	0	0	0	0	0	0	0	0	0	0	0	0	0	0	0	0	0	0	0	0	0	0	0	0	0	0	0	0	0	0	0	0	0	0	0	0	0	0	0	0	0	0	0	0	0	0	0	0	0	0	0	0	0	0	0	0	0	0	0	0	0	0	0	0	0	0	0	0	0	0	0	0	0	0	0	0	0	0	0	0	0	0	0	0	0	0	0	0	0	0	0	0	0	0	0	0	0	0	0	0	0	0	0	0	0	0	0	0	0	0	0	0	0	0	0	0	0	0	0	0	0	0	0	0	0	0	0	0	0	0	0	0	0	0	0	0	0	0	0	0	0	0	0	0	0	0	0	0	0	0	0	0	0	0	0	0	0	0	0	0	0	0	0	0	0	0	0	0	0	0	0	0	0	0	0	0	0	0	0	0	0	0	0	0	0	0	0	0	0	0	0	0
Algae_CAPE-A	0.350364205	0.003018389	5.989279e-05	0	0	0	0	0.0007861277	0.005980369	0.0001108156	0	0	0.004651583	0	0	0	0	0	0	0	0.0004587206	0	0.001388136	0.000994304	0.0003414168	0	8.983919e-05	0.002351416	0	0	0	0.0005550479	0	0.002159285	0.086160531	0.001124029	0.0006319108	0	0	0	0	0	0	0	0	0	0.0135314056	0.0004986702	0.0007866824	0	0.01631996	0	0	0.0005076402	0	0	0	0.009349427	0	0.001658687	0	0	0	5.989279e-05	0.00399675	0	0	0	0.0002326044	8.983919e-05	0	0	0.000149732	0	0.000149732	0	0.002590617	0	0	0	5.989279e-05	0	0	0.0003324468	0.006038893	0.01933672	0	0.05214798	0	0.02462999	0	0	0	0.01012177	0	0	0.005467147	0	0	0	0.0001197856	0	8.983919e-05	0.0001662234	0	0.0006288743	8.983919e-05	0.0001197856	0	0	0.000149732	0	0	0	0.0003459018	5.989279e-05	0	0	0	0.005541671	0.004146828	0.00321997	0.008664213	0	0.01144754	0	0	0	0.003572927	0	0	5.989279e-05	0	0	0	0	0.0004656874	5.989279e-05	0	0	0	0.0002395712	0.005330458	0	0.002534131	0	0	0.006948625	0.01323228	0.0003593568	0.01122009	0	0	0	0.006417635	0.1261428748	0	0.0008415355	0	0.003823534	0	8.983919e-05	0.01069423	0	0.0002560626	0.008554985	0.002688903	0.0001197856	8.983919e-05	0.0004956338	0.03088872	0.005418215	0.06811253	0	0	0.0002096248	0	0.000299464	0	0.0001727116	0	0	0	0.004758424	0	0	0	0	0	0	0.0001197856	0.01370666	0	0.001869314	0	0	0	0	0	0.0002695176	0.0050620502	0	0.000563048	0.0002395712	0	0	0	0	0	0	0	0	0	0	0	0	0	0	0	0	0	0	0	0	0	0	0	0	0	0	0	0	0	0	0	0	0	0	0	0	0	0	0	0	0	0	0	0	0	0	0	0	0	0	0	0	0	0	0	0	0	0	0	0	0	0	0	0	0	0	0	0	0	0	0	0	0	0	0	0	0	0	0	0	0	0	0	0	0	0	0	0	0	0	0	0	0	0	0	0	0	0	0	0	0	0	0	0	0	0	0	0	0	0	0	0	0	0	0	0	0	0	0	0	0	0	0	0	0	0	0	0	0	0	0	0	0	0	0	0	0	0	0	0	0	0	0	0	0	0	0	0	0	0	0	0	0	0	0	0	0	0	0	0	0	0	0	0	0	0	0	0	0	0	0	0	0	0	0	0	0	0	0	0	0	0	0	0	0	0	0	0	0	0	0	0	0	0	0	0	0	0	0	0	0	0	0	0	0	0	0	0	0	0	0	0	0	0	0	0	0	0	0	0	0	0	0	0	0	0	0	0	0	0	0	0	0	0	0	0	0	0	0	0	0	0	0	0	0	0	0	0	0	0	0	0	0	0	0	0	0	0	0	0	0	0	0	0	0	0	0	0	0	0	0	0	0	0	0	0	0	0	0	0	0	0	0	0	0	0	0	0	0	0	0	0	0	0	0	0	0	0	0	0	0	0	0	0	0	0	0	0	0	0	0	0	0	0	0	0	0	0	0	0	0	0	0	0	0	0	0	0	0	0	0	0	0	0	0	0	0	0	0
Algae_CARL-A	0.242608581	0.005564839	0.0001195815	0	0.0001793722	0	0	0.01596776	0.007409253	0	0	0	0.0009700769	0	0	0	0	0	0	0	0.0009916385	0.0002238639	0.002049611	0.002593948	0.001038837	0	0	0.002509098	0	0	0.0002268676	0.000896861	0	0.007247418	0.070700527	0.00744224	0	0.0001296386	0	0	0	0	0	0	0	0	0.019049303	0.001149918	0.001954875	0	0.01780806	0.0002238639	0	0.0004285923	0	0	0	0.007104396	0	0	0	0	0.0001793722	0.0002238639	0.002808952	0	0	0	0	0.0003731065	0	0	0	0	0	0	0	0	0	0	0	0	0	0.0005027451	0.01997327	0.02334125	0	0.008848603	0	0.02681109	0	0	0	0.008451119	0	0	0.003567138	0	0	0	0	0	0	6.481932e-05	0	0.002330705	0	0	0	0	0	0	0	0	0	0	0	0	0	0.002593563	0.02074714	0.01209074	0.004892846	0	0.006268799	0.0001492426	0	0	0.002767209	0	0	0	0	0	0	0.0002592773	0	0	0.0002464716	0	0	0	0.003111327	0	0.001634506	0	0	0.006847612	0.02980929	0.0002592773	0.02767378	0.0003210929	0	0.001059462	0.00385224	0.1192081977	0.0001844008	0	0.0005755548	0.001243352	0	0.0005223491	0.007772479	0	0	0.001187866	0	0	0	0	0.02497182	0.007001415	0.1654777	0	0	0.0004185351	0	0.0002238639	0	0	0	0	0	0.02084956	0.0001296386	0	0	0	0	0	0.0001195815	0.004628733	0	0.0003688016	6.481932e-05	0.0006727838	0	0	0	0	0.0026419539	0	0.003087657	0	0	0	0	0	0	0	0	0	0	0	0	0	0	0	0	0	0	0	0	0	0	0	0	0	0	0	0	0	0	0	0	0	0	0	0	0	0	0	0	0	0	0	0	0	0	0	0	0	0	0	0	0	0	0	0	0	0	0	0	0	0	0	0	0	0	0	0	0	0	0	0	0	0	0	0	0	0	0	0	0	0	0	0	0	0	0	0	0	0	0	0	0	0	0	0	0	0	0	0	0	0	0	0	0	0	0	0	0	0	0	0	0	0	0	0	0	0	0	0	0	0	0	0	0	0	0	0	0	0	0	0	0	0	0	0	0	0	0	0	0	0	0	0	0	0	0	0	0	0	0	0	0	0	0	0	0	0	0	0	0	0	0	0	0	0	0	0	0	0	0	0	0	0	0	0	0	0	0	0	0	0	0	0	0	0	0	0	0	0	0	0	0	0	0	0	0	0	0	0	0	0	0	0	0	0	0	0	0	0	0	0	0	0	0	0	0	0	0	0	0	0	0	0	0	0	0	0	0	0	0	0	0	0	0	0	0	0	0	0	0	0	0	0	0	0	0	0	0	0	0	0	0	0	0	0	0	0	0	0	0	0	0	0	0	0	0	0	0	0	0	0	0	0	0	0	0	0	0	0	0	0	0	0	0	0	0	0	0	0	0	0	0	0	0	0	0	0	0	0	0	0	0	0	0	0	0	0	0	0	0	0	0	0	0	0	0	0	0	0	0	0	0	0	0	0	0	0	0	0	0	0	0	0	0	0	0	0	0	0
Algae_CASS-A	0.083304151	0.007145085	0	0	0	0	0	0.01780717	0.02392428	0	0	0	0.0004356172	0	0	0	0	0	0	0	0.01056673	0	0	0	0.00208227	0	0	0.008356449	0	0.0002548095	0.0004205737	0.0002348245	0	0.02236051	0.084989727	0.002255857	0	0	0.0003233107	0	0	0	0	0	0	0	0.041061316	0.007722312	0.0007771381	0	0.00330207	0.0001616554	0	0.0003264227	0	0	0	0.003963965	0	0.0007935735	0	0	0	0.000339746	0	0	0	0	0.0007011973	0	0	0	0	0	0	0.0001956871	0.0002828969	0	0	0	0	8.493651e-05	0	0.001902848	0.02159068	0.004658513	0	0.001745022	0.0003233107	0.005082351	0	0.003263892	0	0.00999306	0	0.0001174122	0.0006589479	0	0	0	0	0	0	0	0.001140644	0.0007277893	0	0	0	0	0	0	0	0	0	0	0	0	0.001310018	0.004196863	0.04493955	0.01534153	0.0008320971	0	0.006177031	0	0	0	0.0004185193	0	0	0	0	0	0	8.493651e-05	0.0008907211	0	0.0008695143	0	0	0	0.001853614	0	0.002353898	0	0	0.02250396	0.01134715	0.003231751	0.0850765	0	0	0	0.01800498	0.110638144	0.0004394465	0.003149142	0	0.00937497	0	0	0.0002465919	0	0	0	0.0003522367	0.0009701082	0	0	0.004558527	0.006616818	0.2014841	0	0	0	8.082768e-05	0.0002739619	0	0	0	0	0	0.0005087863	0	0	0	0	0	0	0	0.06006307	0	0.003065701	0	0	0.0001212415	0	0	0	0.0023171548	0	0.0009278041	0	0	0	0	0	0	0	0	0	0	0	0	0	0	0	0	0	0	0	0	0	0	0	0	0	0	0	0	0	0	0	0	0	0	0	0	0	0	0	0	0	0	0	0	0	0	0	0	0	0	0	0	0	0	0	0	0	0	0	0	0	0	0	0	0	0	0	0	0	0	0	0	0	0	0	0	0	0	0	0	0	0	0	0	0	0	0	0	0	0	0	0	0	0	0	0	0	0	0	0	0	0	0	0	0	0	0	0	0	0	0	0	0	0	0	0	0	0	0	0	0	0	0	0	0	0	0	0	0	0	0	0	0	0	0	0	0	0	0	0	0	0	0	0	0	0	0	0	0	0	0	0	0	0	0	0	0	0	0	0	0	0	0	0	0	0	0	0	0	0	0	0	0	0	0	0	0	0	0	0	0	0	0	0	0	0	0	0	0	0	0	0	0	0	0	0	0	0	0	0	0	0	0	0	0	0	0	0	0	0	0	0	0	0	0	0	0	0	0	0	0	0	0	0	0	0	0	0	0	0	0	0	0	0	0	0	0	0	0	0	0	0	0	0	0	0	0	0	0	0	0	0	0	0	0	0	0	0	0	0	0	0	0	0	0	0	0	0	0	0	0	0	0	0	0	0	0	0	0	0	0	0	0	0	0	0	0	0	0	0	0	0	0	0	0	0	0	0	0	0	0	0	0	0	0	0	0	0	0	0	0	0	0	0	0	0	0	0	0	0	0	0	0	0	0	0	0	0	0	0	0	0	0	0	0	0	0	0	0	0
Algae_CAST-A	0.070171732	0.003088659	0	0	7.117184e-05	0	0	0.0005543225	0.007045881	0	0	0	0	0	0	0	0.0001736111	0	0	0	0.0002905569	0.001282644	0.0003551251	0.001640212	0.0006487955	0	0	0.002288819	0	0	0	0.001313912	0	0.01887674	0.133637463	0.07268152	0.0004897543	0.0004507724	0	0.0001067578	0	0	0	0	0	0	0.0140828552	0.000322841	0.0009645619	0.0006851155	0.007715584	0	0	0.000212593	0	0	0	0.008785067	0	0.05701328	0	0	0	0	0	0	0	0	0	0.0003515407	0	0	0	0	0.0002314815	0	0.0005963237	0	0	0	0	0	0	0	0.006269557	0.02353503	0	0.03456392	0.0003862042	0.02544266	0	0	0	0.01231222	0	0	0.001061414	0	7.117184e-05	0	0	0	0	0	0	0.001508245	0	0	0	0	0	0	0	0	0	0.006309767	0	0	0	0.02644363	0.01721678	0.0002491015	0.008127959	0	0.006412351	0.0002905569	0	0	0.003291829	0	0	0.001249249	0	0	0	0	0.001110867	0	0.0001067578	0	0	0	0.003486683	6.45682e-05	0.02496053	0.0001869126	0	0.008771117	0.03445399	0.0006779661	0.02451723	7.117184e-05	0	6.45682e-05	0.006238301	0.0456394391	0.0008853296	0	0.0003871266	0.0008393866	0	0.006449091	0.002298661	0	0	0.001549617	0	0.0002135155	0	0	0.02569367	0.009305754	0.1854168	0	0	0.005097486	0.0006408926	0	0	0	0	0	0	0.006470769	0	0	0	0	0	0	0	0.0002582728	0	0.003507385	0	0	0	0.0003193508	0	0	0.015277836	0	0.004167599	0	0	0	0	0	0	0	0	0	0	0	0	0	0	0	0	0	0	0	0	0	0	0	0	0	0	0	0	0	0	0	0	0	0	0	0	0	0	0	0	0	0	0	0	0	0	0	0	0	0	0	0	0	0	0	0	0	0	0	0	0	0	0	0	0	0	0	0	0	0	0	0	0	0	0	0	0	0	0	0	0	0	0	0	0	0	0	0	0	0	0	0	0	0	0	0	0	0	0	0	0	0	0	0	0	0	0	0	0	0	0	0	0	0	0	0	0	0	0	0	0	0	0	0	0	0	0	0	0	0	0	0	0	0	0	0	0	0	0	0	0	0	0	0	0	0	0	0	0	0	0	0	0	0	0	0	0	0	0	0	0	0	0	0	0	0	0	0	0	0	0	0	0	0	0	0	0	0	0	0	0	0	0	0	0	0	0	0	0	0	0	0	0	0	0	0	0	0	0	0	0	0	0	0	0	0	0	0	0	0	0	0	0	0	0	0	0	0	0	0	0	0	0	0	0	0	0	0	0	0	0	0	0	0	0	0	0	0	0	0	0	0	0	0	0	0	0	0	0	0	0	0	0	0	0	0	0	0	0	0	0	0	0	0	0	0	0	0	0	0	0	0	0	0	0	0	0	0	0	0	0	0	0	0	0	0	0	0	0	0	0	0	0	0	0	0	0	0	0	0	0	0	0	0	0	0	0	0	0	0	0	0	0	0	0	0	0	0	0	0	0	0	0	0	0	0	0	0	0	0	0	0	0	0	0	0	0	0	0	0
Algae_CASTI-A	0.128267662	0.003867946	0.002160375	0	0	0	0	0.005405139	0.01153352	0	0	0	0	0.0002863074	0	0	0	0	0	0	0.001991549	0.004115511	0.0005883309	0.0006301859	0.0008830391	0	0	0.004310016	0	0	0	0.002775004	0	0.02319057	0.059686346	0.008942749	0.002556695	0.000210062	0	0	0	0	0	0	0	0	0.0252412549	0.003494658	0.001647666	0	0.03214936	0	0	0	0	0	0	0.001365561	0	0.05208692	0	0	0	0	0.0007842329	0	0	0	0	0.000201349	0	0	0	0	0.0001750516	0	0.0009258303	0	0	0	0	0	0.0004963693	0.0007702272	0.04553123	0.01251161	0	0.02562465	0	0.02710864	0.000356328	0	0	0.006944508	0	0	0.0005251549	0	0	0	0	0	0	0	0	0.001037553	0	0	0	0	0	0	0	0	0	0.006746578	0	0	0	0.01267033	0.00470026	0.0002450723	0.007621376	0	0.002340249	0.0003501033	0	0.0005167541	0.002245954	0	0.00222884	0.0008114623	0	0	0	0.000105031	0	0.0001400413	0.0002450723	0	0	0	0.002122565	0	0.007365256	0.0001431537	0	0.006655399	0.02207909	0	0.007236569	0	0	0	0.002104515	0.0301993391	0.003312609	0	0.002444196	0.001177127	0	0.003654618	0.004177751	0	0.0002450723	0.0001400413	0.000201349	0.002017847	0	0	0.01969793	0.01616826	0.2703725	0	0	0.002762554	0.0004876564	0.000210062	0	0	0	0	0	0.0280346	0	0	0	0	0	0	0	0.002106537	0	0.004756432	0	0	0	0	0	0	0.016146175	0	0.002634492	0	0	0	0	0	0	0	0	0	0	0	0	0	0	0	0	0	0	0	0	0	0	0	0	0	0	0	0	0	0	0	0	0	0	0	0	0	0	0	0	0	0	0	0	0	0	0	0	0	0	0	0	0	0	0	0	0	0	0	0	0	0	0	0	0	0	0	0	0	0	0	0	0	0	0	0	0	0	0	0	0	0	0	0	0	0	0	0	0	0	0	0	0	0	0	0	0	0	0	0	0	0	0	0	0	0	0	0	0	0	0	0	0	0	0	0	0	0	0	0	0	0	0	0	0	0	0	0	0	0	0	0	0	0	0	0	0	0	0	0	0	0	0	0	0	0	0	0	0	0	0	0	0	0	0	0	0	0	0	0	0	0	0	0	0	0	0	0	0	0	0	0	0	0	0	0	0	0	0	0	0	0	0	0	0	0	0	0	0	0	0	0	0	0	0	0	0	0	0	0	0	0	0	0	0	0	0	0	0	0	0	0	0	0	0	0	0	0	0	0	0	0	0	0	0	0	0	0	0	0	0	0	0	0	0	0	0	0	0	0	0	0	0	0	0	0	0	0	0	0	0	0	0	0	0	0	0	0	0	0	0	0	0	0	0	0	0	0	0	0	0	0	0	0	0	0	0	0	0	0	0	0	0	0	0	0	0	0	0	0	0	0	0	0	0	0	0	0	0	0	0	0	0	0	0	0	0	0	0	0	0	0	0	0	0	0	0	0	0	0	0	0	0	0	0	0	0	0	0	0	0	0	0	0	0	0	0	0	0	0
Algae_CAZA-A	0.177455469	0.005531205	0.001040178	0	0	0	0	0.0002051787	0.007299906	0	0	0	0	0	0	0	0	0	0	0	0	0.0002582978	0	0.0001937234	0.002252808	0	0	0.002737318	0	0	0	0.0005334646	0	0.0120737	0.075213192	0.02935665	0.003239172	0.0003460208	0	0	0	0	0	0	0	0	0.0323856589	0	0.00106913	0	0.01119801	0	0	0.0006295826	0	0	0	0.0046937	0	0.01549233	0	0	0	0	0	0	0	0	0.0002522561	0	0	0	0	0	0.0002051787	0	0.0005805421	0	0	0	0	0	0.0008289574	0	0.01349498	0.01534089	0	0.01001095	0	0.01546697	0	0	0	0.007206532	0	0	0.0002582978	0	0	0	0	0	0	0	0	0.0006976076	0	0	0	0	0	0	0	0	0	0.002999456	0	0	0	0.0045589	0.006971919	0.001374115	0.005775389	0	0.01532559	0.00187878	0	0	0.002092049	0	0.002121391	0	0	0	0	0	0.0006976076	0	0	0	0	0	0.008090321	0	0.09603196	0	0	0.01409373	0.008786447	0.0003693217	0.02279702	0	0	0.0003228723	0.006106029	0.0579778991	0.000164143	0.0003460208	0.0001291489	0.00133731	0	0.000469128	0.006281786	0	0	0.003918033	0	0	0	0	0.01479424	0.01071913	0.1888007	0	0	0.005197505	0	0	0	0	0	0	0	0.0382773	0	0	0	0	0	0	0	0.002238609	0	0.00524443	0	0	0	0.0001291489	0	0	0.0150136319	0	0.001021108	0	0	0	0	0	0	0	0	0	0	0	0	0	0	0	0	0	0	0	0	0	0	0	0	0	0	0	0	0	0	0	0	0	0	0	0	0	0	0	0	0	0	0	0	0	0	0	0	0	0	0	0	0	0	0	0	0	0	0	0	0	0	0	0	0	0	0	0	0	0	0	0	0	0	0	0	0	0	0	0	0	0	0	0	0	0	0	0	0	0	0	0	0	0	0	0	0	0	0	0	0	0	0	0	0	0	0	0	0	0	0	0	0	0	0	0	0	0	0	0	0	0	0	0	0	0	0	0	0	0	0	0	0	0	0	0	0	0	0	0	0	0	0	0	0	0	0	0	0	0	0	0	0	0	0	0	0	0	0	0	0	0	0	0	0	0	0	0	0	0	0	0	0	0	0	0	0	0	0	0	0	0	0	0	0	0	0	0	0	0	0	0	0	0	0	0	0	0	0	0	0	0	0	0	0	0	0	0	0	0	0	0	0	0	0	0	0	0	0	0	0	0	0	0	0	0	0	0	0	0	0	0	0	0	0	0	0	0	0	0	0	0	0	0	0	0	0	0	0	0	0	0	0	0	0	0	0	0	0	0	0	0	0	0	0	0	0	0	0	0	0	0	0	0	0	0	0	0	0	0	0	0	0	0	0	0	0	0	0	0	0	0	0	0	0	0	0	0	0	0	0	0	0	0	0	0	0	0	0	0	0	0	0	0	0	0	0	0	0	0	0	0	0	0	0	0	0	0	0	0	0	0	0	0	0	0	0	0	0	0
Algae_CEPE-A	0.050168292	0.003543591	0	0	0	0	0	0.002154824	0.006135248	0	0	0	0	0	0	0	0	0	0	0	0.0005996114	0.0006615701	0	0.0004641448	0.0008085857	0	0	0.0008936425	0	0	0	0.0005261036	0	0.01123296	0.118701044	0.04005683	0.0006615701	0	0	0	0	0	0	0	0	0	0.0304063983	0.002936098	0.004367393	0.000367539	0.01103717	0	0	0.001044326	0	0.0007350779	0	0.007307705	0	0.04468579	0	0	0	0	0.0002205234	0	0	0	0	0	0.0002940312	0	0	0	0	0	0	0	0	0	0	0	0.0007350779	0.0002205234	0.1249661	0.02069603	0	0.008788864	0	0.01321033	0.000367539	0	0	0.00470762	0	0	0.0008122534	0	0	0	0	0.0002320724	0	0	0	0.002336487	0	0	0	0	0	0	0	0	0	0.008012349	0	0	0	0.07863212	0.008766312	0.002336487	0.01107494	0	0.007296156	0.0006962172	0	0	0.0002320724	0	0.0007350779	0.0005996114	0	0	0	0	0.0008122534	0	0	0	0	0.0002320724	0.005221629	0.000580181	0.009040367	0	0	0.01093159	0.06450762	0.003249014	0.008352577	0	0	0.005674225	0.00471917	0.0382605753	0.00132314	0	0	0	0	0.00198471	0.0007350779	0	0	0.004042929	0	0.0002320724	0	0	0.0178098	0.009055583	0.1311764	0	0	0.001937968	0.0001470156	0.0004641448	0	0	0	0	0	0.001307378	0	0	0	0	0.0002205234	0	0	0.001821932	0	0.0002320724	0	0	0	0.000367539	0	0	0.0396550398	0	0.0004410468	0	0	0	0	0	0	0	0	0	0	0	0	0	0	0	0	0	0	0	0	0	0	0	0	0	0	0	0	0	0	0	0	0	0	0	0	0	0	0	0	0	0	0	0	0	0	0	0	0	0	0	0	0	0	0	0	0	0	0	0	0	0	0	0	0	0	0	0	0	0	0	0	0	0	0	0	0	0	0	0	0	0	0	0	0	0	0	0	0	0	0	0	0	0	0	0	0	0	0	0	0	0	0	0	0	0	0	0	0	0	0	0	0	0	0	0	0	0	0	0	0	0	0	0	0	0	0	0	0	0	0	0	0	0	0	0	0	0	0	0	0	0	0	0	0	0	0	0	0	0	0	0	0	0	0	0	0	0	0	0	0	0	0	0	0	0	0	0	0	0	0	0	0	0	0	0	0	0	0	0	0	0	0	0	0	0	0	0	0	0	0	0	0	0	0	0	0	0	0	0	0	0	0	0	0	0	0	0	0	0	0	0	0	0	0	0	0	0	0	0	0	0	0	0	0	0	0	0	0	0	0	0	0	0	0	0	0	0	0	0	0	0	0	0	0	0	0	0	0	0	0	0	0	0	0	0	0	0	0	0	0	0	0	0	0	0	0	0	0	0	0	0	0	0	0	0	0	0	0	0	0	0	0	0	0	0	0	0	0	0	0	0	0	0	0	0	0	0	0	0	0	0	0	0	0	0	0	0	0	0	0	0	0	0	0	0	0	0	0	0	0	0	0	0	0	0	0	0	0	0	0	0	0	0	0	0	0	0	0	0
Algae_CERN-A	0.007830485	0	0	0	0	0	0	0.007294926	0.01757871	0	0	0	0	0	0	0	0	0	0	0.0002072754	0.01626075	0	0.002469935	0	0	0	0	0.002261199	0	0	0.0001036377	0.000310913	0	0.003465002	0.004212945	0	0	0	0	0	0	0	0	0	0	0	0.1239880566	0	0.0006218261	0	0.0001869858	0.0005602274	0	0	0	0	0	0.01017868	0	0.02993743	0	0	0	0.0002282949	0.04887904	0	0	0	0	0	0	0	0	0	0	0	0.0001036377	0	0.0004355702	0	0	0	0	0	0.01042902	0.01066096	0	0	0	0.01074183	0	0	0	0	0	0	0	0	0	0	0	0	0	0	0	0.01385242	0	0	0	0	0	0	0	0	0	0.000664595	0	0	0	0.01428536	0.003420044	0	0.005198233	0	0	0.002189821	0	0	0	0	0	0.0008613607	0	0	0	0	0	0	0	0	0	0	0	0	0.001069366	0	0	0.001908977	0.08555408	0	0.03453369	0	0	0	0	0.0904857804	0.01552332	0	0.005229763	0.00757504	0	0	0.000310913	0	0	0.001452387	0	0	0	0	0.007198879	0.0001246572	0.3898274	0	0	0.0004363002	0.002469935	0	0	0	0	0	0	0	0	0	0	0	0	0	0	0	0	0.0002493144	0	0	0	0	0	0	0.0066310611	0	0	0	0	0	0	0	0	0	0	0	0	0	0	0	0	0	0	0	0	0	0	0	0	0	0	0	0	0	0	0	0	0	0	0	0	0	0	0	0	0	0	0	0	0	0	0	0	0	0	0	0	0	0	0	0	0	0	0	0	0	0	0	0	0	0	0	0	0	0	0	0	0	0	0	0	0	0	0	0	0	0	0	0	0	0	0	0	0	0	0	0	0	0	0	0	0	0	0	0	0	0	0	0	0	0	0	0	0	0	0	0	0	0	0	0	0	0	0	0	0	0	0	0	0	0	0	0	0	0	0	0	0	0	0	0	0	0	0	0	0	0	0	0	0	0	0	0	0	0	0	0	0	0	0	0	0	0	0	0	0	0	0	0	0	0	0	0	0	0	0	0	0	0	0	0	0	0	0	0	0	0	0	0	0	0	0	0	0	0	0	0	0	0	0	0	0	0	0	0	0	0	0	0	0	0	0	0	0	0	0	0	0	0	0	0	0	0	0	0	0	0	0	0	0	0	0	0	0	0	0	0	0	0	0	0	0	0	0	0	0	0	0	0	0	0	0	0	0	0	0	0	0	0	0	0	0	0	0	0	0	0	0	0	0	0	0	0	0	0	0	0	0	0	0	0	0	0	0	0	0	0	0	0	0	0	0	0	0	0	0	0	0	0	0	0	0	0	0	0	0	0	0	0	0	0	0	0	0	0	0	0	0	0	0	0	0	0	0	0	0	0	0	0	0	0	0	0	0	0	0	0	0	0	0	0	0	0	0	0	0	0
Algae_CHEI-A	0.225050887	0.001254197	0.004559304	0	0	0	0	0.003213073	0.002938541	0	0.001603068	0	0.0001615591	0.0001828434	0	0	0	0	0	0	0.001316713	7.642193e-05	0.0001997701	0.002097191	0	0	0	0.0002128581	0	0	0.000225412	0.0007976628	0	0.003209572	0.068496941	0.0149696	8.513718e-05	0	0	0	0	0	0	0	0	0	0.0326485418	3.821096e-05	4.256859e-05	0	0.01316923	0.0001954124	0	0.000265817	0	3.821096e-05	0	0.009664778	0	0.003237392	0	0	0	0	0.00104248	0	0	0	9.905894e-05	3.821096e-05	0	0	0.0001064215	0	3.821096e-05	0	0.002456891	4.256859e-05	8.513718e-05	0	0	0	0	0.0003605031	0.005708539	0.02415699	0	0.06529422	0	0.01784621	5.731644e-05	0	0	0.001662994	4.256859e-05	0	0.01188525	0	0	0	0	0	0	0	0	0.001380676	0	0	0	6.603929e-05	0	0	0	0	0	0.0002532479	0	0	0	0.003209477	0.01415889	0.001898812	0.003402468	0	0.002564673	0	0.0001593803	0	0.003463308	0	0	0	0	0	0	0	0.000276192	5.731644e-05	6.603929e-05	0	0	0	0.006693841	0.0003566569	0.0007944004	0	0	0.003595637	0.04899833	0.0006203102	0.0149509	0	0.0003422237	9.552741e-05	0.002593634	0.0704297287	0.001587612	0.0001981179	4.256859e-05	0.001032908	0	0.0005163518	0.08245874	0	0	0.001192099	6.385288e-05	0	0	0.0003951825	0.05151251	0.004272153	0.128467	0	4.256859e-05	0.0009355013	0.0001997701	0.001849707	0	0	0	0	3.821096e-05	0.01056568	0	0	0	0	0	0	0	0.006221146	0	0.002097176	0	0	0	0.0001064215	0	0	0.0044542083	0	0.0004483533	0	0	0	0	0	0	0	0	0	0	0	0	0	0	0	0	0	0	0	0	0	0	0	0	0	0	0	0	0	0	0	0	0	0	0	0	0	0	0	0	0	0	0	0	0	0	0	0	0	0	0	0	0	0	0	0	0	0	0	0	0	0	0	0	0	0	0	0	0	0	0	0	0	0	0	0	0	0	0	0	0	0	0	0	0	0	0	0	0	0	0	0	0	0	0	0	0	0	0	0	0	0	0	0	0	0	0	0	0	0	0	0	0	0	0	0	0	0	0	0	0	0	0	0	0	0	0	0	0	0	0	0	0	0	0	0	0	0	0	0	0	0	0	0	0	0	0	0	0	0	0	0	0	0	0	0	0	0	0	0	0	0	0	0	0	0	0	0	0	0	0	0	0	0	0	0	0	0	0	0	0	0	0	0	0	0	0	0	0	0	0	0	0	0	0	0	0	0	0	0	0	0	0	0	0	0	0	0	0	0	0	0	0	0	0	0	0	0	0	0	0	0	0	0	0	0	0	0	0	0	0	0	0	0	0	0	0	0	0	0	0	0	0	0	0	0	0	0	0	0	0	0	0	0	0	0	0	0	0	0	0	0	0	0	0	0	0	0	0	0	0	0	0	0	0	0	0	0	0	0	0	0	0	0	0	0	0	0	0	0	0	0	0	0	0	0	0	0	0	0	0	0	0	0	0	0	0	0	0	0	0	0	0	0	0	0	0	0	0	0	0	0	0	0	0	0	0	0	0	0	0	0	0	0	0	0	0	0	0	0
Algae_CIER-A	0.220394163	0.004871869	0	0	0	0	0	0.0009183351	0.01108649	0	0	0.0003134305	0.0003134305	0	0	0	0	0	0	0	0.0003134305	0	0.001556476	0.0003917881	0.002979402	0	0	0.003594379	0	0	0.0007277791	0.001018649	0	0.01815056	0.079620997	0.02809976	0.001108891	0	0	0	0	0	0	0	0.001097007	0	0.0141104128	0.000626861	0.002227854	0.0001567152	0.01230215	0	0	0.0009854124	0	0	0	0.006876535	0	0.005386532	0	0	0	0	0.0002350729	0	0	0	0.0003585515	0.0007835762	0.0002689136	0	0	0	0	0	0	0	0	0	0	0	0.0003134305	0	0.01065019	0.01047212	0	0.02173668	0	0.02374014	0	0	0	0.01208439	0	0	0.0004481893	0	0	0	0	0	0	0	0	0.0001567152	0	0	0	0	0	0	0	0	0	0.01406046	0	0	0.0003585515	0.002542493	0.004514526	0.003594379	0.01368297	0	0.02067473	0.0008619339	0.0002350729	0	0.004447448	0	0	0.0003134305	0	0	0	0.0001567152	0.000627465	0	0	0	0	0	0.0003134305	0.0004481893	0.01313749	0.0003134305	0	0.01134473	0.01365215	0	0.0141787	0	0	0	0.004100177	0.1120338571	0	0.0003917881	0.0008061367	0.0003585515	0	0	0.001253722	0	0	0.0007052186	0	0	0	0	0.0165538	0.0102026	0.1945055	0	0	0.003191914	0	0	0	0	0	0	0	0.01507266	0	0	0	0	0	0	0	0.009522362	0	0.00213882	0	0	0	0	0	0	0.008913833	0	0.0003134305	0	0	0	0	0	0	0	0	0	0	0	0	0	0	0	0	0	0	0	0	0	0	0	0	0	0	0	0	0	0	0	0	0	0	0	0	0	0	0	0	0	0	0	0	0	0	0	0	0	0	0	0	0	0	0	0	0	0	0	0	0	0	0	0	0	0	0	0	0	0	0	0	0	0	0	0	0	0	0	0	0	0	0	0	0	0	0	0	0	0	0	0	0	0	0	0	0	0	0	0	0	0	0	0	0	0	0	0	0	0	0	0	0	0	0	0	0	0	0	0	0	0	0	0	0	0	0	0	0	0	0	0	0	0	0	0	0	0	0	0	0	0	0	0	0	0	0	0	0	0	0	0	0	0	0	0	0	0	0	0	0	0	0	0	0	0	0	0	0	0	0	0	0	0	0	0	0	0	0	0	0	0	0	0	0	0	0	0	0	0	0	0	0	0	0	0	0	0	0	0	0	0	0	0	0	0	0	0	0	0	0	0	0	0	0	0	0	0	0	0	0	0	0	0	0	0	0	0	0	0	0	0	0	0	0	0	0	0	0	0	0	0	0	0	0	0	0	0	0	0	0	0	0	0	0	0	0	0	0	0	0	0	0	0	0	0	0	0	0	0	0	0	0	0	0	0	0	0	0	0	0	0	0	0	0	0	0	0	0	0	0	0	0	0	0	0	0	0	0	0	0	0	0	0	0	0	0	0	0	0	0	0	0	0	0	0	0	0	0	0	0	0	0	0	0	0	0	0	0	0	0	0	0	0	0	0	0	0	0	0
Algae_CIER-B	0.206933729	0.002453161	0.000718679	0	0	0	0	0.0002531471	0.005053571	0.000146419	0	0	0.0001705507	0	0	0	0	0	0	0.0002145278	0.000146419	0.00194204	0.0002772788	0.00289908	0.00057226	0	0	0.003250831	0	0	0	0.001951385	0	0.01691933	0.118764972	0.0005378606	0.001232474	0.000251004	0	0	0	0	0.0008665511	0	0	0	0.0184077148	0.002118572	0.00149368	8.366801e-05	0.1217287	0	0	0.0005502714	0	0	0	0.002586164	0	0.009184286	0	0	0	0	0.000125502	0	0	0	8.581113e-05	0.001529532	0	0	0.0005336407	0	0.000167336	0	0.0009509091	0	8.581113e-05	0	0	0	0.000334672	0.0003588037	0.03242505	0.02013558	0	0.01272193	0	0.01305744	0	0.001743071	0	0.003337481	8.581113e-05	0	0.001075721	0	0	0	0	0	0	0	0	0.001704993	0	0	0	0	0	0	0	0	4.1834e-05	0.004545326	0	0	0.000104585	0.01139176	0.01169463	0.00146149	0.009038789	0	0.01614097	0.002507015	0	0	0.001645971	0	0	0.000125502	0	0	0	0	0.0006006779	0	0.0002574334	0	0	4.1834e-05	0.000230087	0	0.01190493	0.0004332756	0	0.01055253	0.0113026	0	0.01707477	0	0	0.0001694791	0.01032317	0.0380750245	0.003411571	0.000593177	0	0.001613349	0	0.001430929	0.008910295	0	0.0008351341	0.004879756	0.001049579	0	0	0	0.01026989	0.003573782	0.1158731	0	0	0.00384277	0.0003797207	0.000669344	0	0	0	0.0004751096	0	0.00222466	0	0	0	0	0	0.0002888504	0	0.05591365	0	0.0010984	0	0	0	0.000251004	0	0	0.0094580512	0.0003432445	0.0007835731	0	0	0	0	0	0	0	0	0	0	0	0	0	0	0	0	0	0	0	0	0	0	0	0	0	0	0	0	0	0	0	0	0	0	0	0	0	0	0	0	0	0	0	0	0	0	0	0	0	0	0	0	0	0	0	0	0	0	0	0	0	0	0	0	0	0	0	0	0	0	0	0	0	0	0	0	0	0	0	0	0	0	0	0	0	0	0	0	0	0	0	0	0	0	0	0	0	0	0	0	0	0	0	0	0	0	0	0	0	0	0	0	0	0	0	0	0	0	0	0	0	0	0	0	0	0	0	0	0	0	0	0	0	0	0	0	0	0	0	0	0	0	0	0	0	0	0	0	0	0	0	0	0	0	0	0	0	0	0	0	0	0	0	0	0	0	0	0	0	0	0	0	0	0	0	0	0	0	0	0	0	0	0	0	0	0	0	0	0	0	0	0	0	0	0	0	0	0	0	0	0	0	0	0	0	0	0	0	0	0	0	0	0	0	0	0	0	0	0	0	0	0	0	0	0	0	0	0	0	0	0	0	0	0	0	0	0	0	0	0	0	0	0	0	0	0	0	0	0	0	0	0	0	0	0	0	0	0	0	0	0	0	0	0	0	0	0	0	0	0	0	0	0	0	0	0	0	0	0	0	0	0	0	0	0	0	0	0	0	0	0	0	0	0	0	0	0	0	0	0	0	0	0	0	0	0	0	0	0	0	0	0	0	0	0	0	0	0	0	0	0	0	0	0	0	0	0	0	0	0	0	0	0	0	0	0	0	0	0	0
Algae_CIER-C	0.103737792	0.002867838	0	0	0	0	0	0.01119542	0.05664529	0	0	0	0	0	0	0	0	0	0	0.0006432775	0.005038725	0.000789088	0	0	0.008445214	0	0	0.006286165	0	0	0.01097234	7.96432e-05	0	0.001939323	0.014856947	7.96432e-05	0	0	0.0001061909	0	0	0	0	0	0.0002636609	0	0.0555184061	0	0.0001327387	0	0.007065835	0	0	0	0	0	0	7.96432e-05	0	0.003624325	0	0	0	0	0.007160697	0	0	0	0	0	0	0	0	0	0	0	0	0	0	0	0	0	0	0.001596271	0.008206032	0.01589482	0	0.001656407	0	0.003535039	0	0	0	0.001562027	0	0	0	0	0	0	0	0	0	0.0005496543	0	0.007133619	0	0	0	0	0	0	0	0	0	0	0	0	5.309547e-05	0.001194648	0.003742322	0.0003050969	0.003682666	0	0.004374571	0	0	0	0	0	0	0	0	0	0	0	0	0	0	0	0	0	0	0	0.0001849259	0	0	0.004550771	0.03662338	0.0002920251	0.07038967	0	0	0	0.0002636609	0.2115916721	0.00614782	0	0.0061187	0.007484624	0	0.0005636343	0	0	0	0.0004751346	0	0.001123284	0	0	0.01707122	0.0003050969	0.278387	0	5.309547e-05	0	0	0.0004178238	0	0	0	0	0	0.0002785492	0	0	0	0	0	0	0	0	0	0.001547139	0	0	0	0	0	0	0.0050366784	0	7.96432e-05	0	0	0	0	0	0	0	0	0	0	0	0	0	0	0	0	0	0	0	0	0	0	0	0	0	0	0	0	0	0	0	0	0	0	0	0	0	0	0	0	0	0	0	0	0	0	0	0	0	0	0	0	0	0	0	0	0	0	0	0	0	0	0	0	0	0	0	0	0	0	0	0	0	0	0	0	0	0	0	0	0	0	0	0	0	0	0	0	0	0	0	0	0	0	0	0	0	0	0	0	0	0	0	0	0	0	0	0	0	0	0	0	0	0	0	0	0	0	0	0	0	0	0	0	0	0	0	0	0	0	0	0	0	0	0	0	0	0	0	0	0	0	0	0	0	0	0	0	0	0	0	0	0	0	0	0	0	0	0	0	0	0	0	0	0	0	0	0	0	0	0	0	0	0	0	0	0	0	0	0	0	0	0	0	0	0	0	0	0	0	0	0	0	0	0	0	0	0	0	0	0	0	0	0	0	0	0	0	0	0	0	0	0	0	0	0	0	0	0	0	0	0	0	0	0	0	0	0	0	0	0	0	0	0	0	0	0	0	0	0	0	0	0	0	0	0	0	0	0	0	0	0	0	0	0	0	0	0	0	0	0	0	0	0	0	0	0	0	0	0	0	0	0	0	0	0	0	0	0	0	0	0	0	0	0	0	0	0	0	0	0	0	0	0	0	0	0	0	0	0	0	0	0	0	0	0	0	0	0	0	0	0	0	0	0	0	0	0	0	0	0	0	0	0	0	0	0	0	0	0	0	0	0	0	0	0	0	0	0	0
Algae_CINT-A	0.164203158	0.005097251	0	0	0	0	0	0.008950902	0.01399775	0	0	0	0	0	0	0	0	0	0	6.710284e-05	0.0009477883	0.0002342469	0.0009469884	0.001687085	0.001804915	0	0	0.00433459	0	0	0	0.0006066909	0	0.009904683	0.056895345	0.01527397	0.001028875	0.001732416	0	0	0	0	0	0	0	0	0.0227814526	0.002040949	0.00265805	0	0.002352717	0	0	0.0005246172	0	0	0.0001006543	0.005378802	0	0.002078296	0	0	0.0002600104	6.710284e-05	0.0008275667	0	0	0	0	0	0	0	0	0	0.0001006543	0	0	0	0	0	0	0	0	0	0.07917293	0.02985034	0	0.005515594	0	0.009495683	0	0	0	0.009444538	0	0	0.001729224	0	0	0	0	0	0	0	0	0.004124454	0	0	0.0002342469	0	0	0	0	0	0	0.0005200208	0	0	0	0.007621164	0.009982842	0.007614107	0.00428902	0	0.01357772	0	0	0	0.002243662	0	0.001100948	0.0001006543	0	0	0	0	0	0	6.710284e-05	0	0	0	0.004160376	0	0.002600335	0	0	0.01285116	0.02570523	0.0005368227	0.02321276	0.0001006543	0	0.003194081	0.003794337	0.1128950293	0	0.0009190201	0.0005895153	0.002596957	0	0	0.001576864	0	0	0.0008667013	0	0	0	0	0.01790045	0.01352132	0.2257107	0	0	0.001469214	0.0001342057	0.0003123292	0	0	0	0	0	0.005849918	0	0	0	0	0	0	0	0.001925323	0	0.002039162	0	0	0	0.0002232674	0	0	0.0195889857	0	0.002156431	0	0	0	0	0	0	0	0	0	0	0	0	0	0	0	0	0	0	0	0	0	0	0	0	0	0	0	0	0	0	0	0	0	0	0	0	0	0	0	0	0	0	0	0	0	0	0	0	0	0	0	0	0	0	0	0	0	0	0	0	0	0	0	0	0	0	0	0	0	0	0	0	0	0	0	0	0	0	0	0	0	0	0	0	0	0	0	0	0	0	0	0	0	0	0	0	0	0	0	0	0	0	0	0	0	0	0	0	0	0	0	0	0	0	0	0	0	0	0	0	0	0	0	0	0	0	0	0	0	0	0	0	0	0	0	0	0	0	0	0	0	0	0	0	0	0	0	0	0	0	0	0	0	0	0	0	0	0	0	0	0	0	0	0	0	0	0	0	0	0	0	0	0	0	0	0	0	0	0	0	0	0	0	0	0	0	0	0	0	0	0	0	0	0	0	0	0	0	0	0	0	0	0	0	0	0	0	0	0	0	0	0	0	0	0	0	0	0	0	0	0	0	0	0	0	0	0	0	0	0	0	0	0	0	0	0	0	0	0	0	0	0	0	0	0	0	0	0	0	0	0	0	0	0	0	0	0	0	0	0	0	0	0	0	0	0	0	0	0	0	0	0	0	0	0	0	0	0	0	0	0	0	0	0	0	0	0	0	0	0	0	0	0	0	0	0	0	0	0	0	0	0	0	0	0	0	0	0	0	0	0	0	0	0	0	0	0	0	0	0	0	0	0	0	0	0	0	0	0	0	0	0	0	0	0	0	0	0	0	0
Algae_CINT-B	0.098137712	0.003617822	0.0001306805	0	0	0.000261361	0	0.002274997	0.0004791602	0	0	0	0	0	0	0	0	0	0	0	0.0006068463	0.0001657513	0.0004117797	0.0002721513	0.0002659999	3.546665e-05	0	0.003531749	0	0	0	0.003646179	0	0.009171887	0.076961529	0.003873296	0.002598039	0.0006425109	0	0	0	0	0	0	0	0	0.0210901818	0.0001595999	0.002004942	0.0003080138	0.0377092	5.319998e-05	0	0.0003669693	0	0	0	0.008520869	0	0.04272762	0	0	0.0001064	0	0.0001064	0	0	0	0.000248627	0.0008048719	0	0	0	0	0.0001362736	0.0001306805	0	0	0	0	0	0	0.001049093	0.0006930768	0.009438247	0.004452695	0	0.01981171	0.0002548138	0.01614465	0	0	0	0.006052379	0	0	0.0005219304	0	0	0	0	0	0	0	0	0.0001064	0	0	3.546665e-05	0	0	0	0	0	0	0.006260194	0.0001185402	3.546665e-05	0	0.0204797	0.003164912	0.001844855	0.01041454	0	0.00168522	0.003870956	0	0	0.0006333296	0	0.002136054	0.0005331165	0	0	0	0	0.0001773333	0.0001302847	0.0001064	0	0	0	0.001460812	0	0.03909596	0	0	0.01451665	0.02529075	3.546665e-05	0.004415944	0	0	0.002663603	0.007204249	0.032966259	0.0006188241	9.801039e-05	0	0.001416459	0	0.0009512809	0.004112051	0	0.0001241333	0.006415841	0.000239877	0.0001717402	0	7.09333e-05	0.007337812	0.005134748	0.1087656	0	0	0.005153796	0.0004769575	0.0004559964	0	0	0	0	0	0.2863173	0	0	0	0	0	3.546665e-05	0	0	0	0.000382104	0	0	0	0.0001362736	0	0	0.0102907922	0	0.001934207	0	0	0	0	0	0	0	0	0	0	0	0	0	0	0	0	0	0	0	0	0	0	0	0	0	0	0	0	0	0	0	0	0	0	0	0	0	0	0	0	0	0	0	0	0	0	0	0	0	0	0	0	0	0	0	0	0	0	0	0	0	0	0	0	0	0	0	0	0	0	0	0	0	0	0	0	0	0	0	0	0	0	0	0	0	0	0	0	0	0	0	0	0	0	0	0	0	0	0	0	0	0	0	0	0	0	0	0	0	0	0	0	0	0	0	0	0	0	0	0	0	0	0	0	0	0	0	0	0	0	0	0	0	0	0	0	0	0	0	0	0	0	0	0	0	0	0	0	0	0	0	0	0	0	0	0	0	0	0	0	0	0	0	0	0	0	0	0	0	0	0	0	0	0	0	0	0	0	0	0	0	0	0	0	0	0	0	0	0	0	0	0	0	0	0	0	0	0	0	0	0	0	0	0	0	0	0	0	0	0	0	0	0	0	0	0	0	0	0	0	0	0	0	0	0	0	0	0	0	0	0	0	0	0	0	0	0	0	0	0	0	0	0	0	0	0	0	0	0	0	0	0	0	0	0	0	0	0	0	0	0	0	0	0	0	0	0	0	0	0	0	0	0	0	0	0	0	0	0	0	0	0	0	0	0	0	0	0	0	0	0	0	0	0	0	0	0	0	0	0	0	0	0	0	0	0	0	0	0	0	0	0	0	0	0	0	0	0	0	0	0	0	0	0	0	0	0	0	0	0	0	0	0	0	0	0	0	0	0	0
Algae_CLAR-A	0.074396214	0.001068292	0	0	0	0	0	0.001166705	0.03246571	0	0	0	0	0	0	0	0	0	0	0.001244095	0.02252087	0.0001518142	0.0002530236	0	0.0005060473	0	0	0.001177929	0	0	0.004994065	0.0001518142	0	0.006012798	0.018597448	0.002058612	0	0	0	0	0	0	0	0	0	0	0.0434247999	0	0.001048601	0	0.4294944	0.0003935751	0	0	0	0	0	0	0	0.002781137	0	0	0	0	0.008005948	0	0	0	0.0001827285	0	0	0	0	0	0	0	0	0	0	0	0	0	0.0001461828	0	0.0102204	0.001653062	0	0.0001461828	7.30914e-05	0.004957458	0	0	0	0.00257947	0	0	0	0	0	0	0	0	0	7.30914e-05	0	0.0005116398	0	0	0	0	0	0	0	0	0	0	0	0	0.0002108466	0.002178722	0.001790739	0.0001096371	0.002035335	0	0.004900075	0.003094548	0	0	7.30914e-05	0	0	0	0	0	0	0	0	0	0.0001012095	0	0	0	0	0	0.05195234	7.30914e-05	0	0.01223907	0.001361409	0	0.008259484	0	0	0	0.0007281177	0.0286150529	0.004984391	0.0008047955	0.000989569	0.001669375	0	0	0.0006465987	0	0	0.001766246	0	0.000936168	0	0	0.001484354	0.0006646003	0.1892468	0	0.0002923656	0.000691572	0	0.0002024189	0	0	0	0	0	0	0	0	0	0	0	0	0	0.0001827285	0	0.0008630766	0	0	0	0	0	0	0.0043950271	0	0	0	0	0	0	0	0	0	0	0	0	0	0	0	0	0	0	0	0	0	0	0	0	0	0	0	0	0	0	0	0	0	0	0	0	0	0	0	0	0	0	0	0	0	0	0	0	0	0	0	0	0	0	0	0	0	0	0	0	0	0	0	0	0	0	0	0	0	0	0	0	0	0	0	0	0	0	0	0	0	0	0	0	0	0	0	0	0	0	0	0	0	0	0	0	0	0	0	0	0	0	0	0	0	0	0	0	0	0	0	0	0	0	0	0	0	0	0	0	0	0	0	0	0	0	0	0	0	0	0	0	0	0	0	0	0	0	0	0	0	0	0	0	0	0	0	0	0	0	0	0	0	0	0	0	0	0	0	0	0	0	0	0	0	0	0	0	0	0	0	0	0	0	0	0	0	0	0	0	0	0	0	0	0	0	0	0	0	0	0	0	0	0	0	0	0	0	0	0	0	0	0	0	0	0	0	0	0	0	0	0	0	0	0	0	0	0	0	0	0	0	0	0	0	0	0	0	0	0	0	0	0	0	0	0	0	0	0	0	0	0	0	0	0	0	0	0	0	0	0	0	0	0	0	0	0	0	0	0	0	0	0	0	0	0	0	0	0	0	0	0	0	0	0	0	0	0	0	0	0	0	0	0	0	0	0	0	0	0	0	0	0	0	0	0	0	0	0	0	0	0	0	0	0	0	0	0	0	0	0	0	0	0	0	0	0	0	0	0	0	0	0	0	0	0	0	0	0	0	0	0	0	0	0	0	0	0	0	0	0	0
Algae_CLAR-B	0.135244728	0.003275354	0.0006839718	0	0	0	0	0.005466506	0.01278292	0.0001721763	0	0	0	0	0	0	0	0	0	0	0.001190766	0.002850961	0.0001291322	0.001704909	0.002597978	0	0	0.004299992	0	0	0.0001291322	0.0009016284	0	0.01227268	0.044177727	0.005999134	0.002427141	0	0	8.608815e-05	0	0	0	0	0	0	0.0178077731	0.0008051685	0.001569284	0	0.02910954	0	0	0.001062489	0	0	0	0.006660065	0	0.0152359	0	0	0	0	0.001511989	0	0	0	0.0001682086	0.0009292999	0	0	0	0	0.0007579785	0	0.0009852803	9.420187e-05	0.0001291322	0	0	0	0	0	0.009656055	0.03390405	0	0.012286	0	0.02840212	0	0	0	0.003097718	0	0	0.001253916	0	0	0	0	0	0	0	0	0.0006594131	0	0	0	0	0	0	0	0	0	0.01944318	0	8.608815e-05	0	0.01284909	0.003805507	0.001038326	0.005807835	0	0.01401372	0.0005606953	0	0	0.004288662	0	0.0005046257	0.000227391	0	0.0001682086	0	0	0.0007822305	0.0002803476	0.0003768075	0	0	0	8.608815e-05	0	0.002905014	0.0001291322	0	0.004905975	0.0182209	0	0.01527737	0.0001291322	8.608815e-05	0	0.002400325	0.0844062718	0.002240956	0.0001721763	0.001023502	0.0002355047	0	0.002251456	0.001815556	0	8.608815e-05	0.003457047	0.0003924867	0.001479139	0	0	0.02491152	0.006358247	0.2770099	0	0	0.004099952	0.0005570975	0.000407681	0	0	0	0	0	0.05940152	0	0	0	0	0	0	8.608815e-05	0.001816678	0	0.006026766	0	0.0003924867	0	0.0007642042	0	0	0.009034262	0	0.0007221041	0	0	0	0	0	0	0	0	0	0	0	0	0	0	0	0	0	0	0	0	0	0	0	0	0	0	0	0	0	0	0	0	0	0	0	0	0	0	0	0	0	0	0	0	0	0	0	0	0	0	0	0	0	0	0	0	0	0	0	0	0	0	0	0	0	0	0	0	0	0	0	0	0	0	0	0	0	0	0	0	0	0	0	0	0	0	0	0	0	0	0	0	0	0	0	0	0	0	0	0	0	0	0	0	0	0	0	0	0	0	0	0	0	0	0	0	0	0	0	0	0	0	0	0	0	0	0	0	0	0	0	0	0	0	0	0	0	0	0	0	0	0	0	0	0	0	0	0	0	0	0	0	0	0	0	0	0	0	0	0	0	0	0	0	0	0	0	0	0	0	0	0	0	0	0	0	0	0	0	0	0	0	0	0	0	0	0	0	0	0	0	0	0	0	0	0	0	0	0	0	0	0	0	0	0	0	0	0	0	0	0	0	0	0	0	0	0	0	0	0	0	0	0	0	0	0	0	0	0	0	0	0	0	0	0	0	0	0	0	0	0	0	0	0	0	0	0	0	0	0	0	0	0	0	0	0	0	0	0	0	0	0	0	0	0	0	0	0	0	0	0	0	0	0	0	0	0	0	0	0	0	0	0	0	0	0	0	0	0	0	0	0	0	0	0	0	0	0	0	0	0	0	0	0	0	0	0	0	0	0	0	0	0	0	0	0	0	0	0	0	0	0	0	0	0	0	0	0	0	0	0	0	0	0	0	0	0	0	0	0
Algae_CLAR-C	0.047211691	0.008386559	0	0	0	0	0	0.007365346	0.04987075	0	0	0.0002854859	0	0	0	0	0	0	0	0.0006215327	0.003887415	0.0007422633	0	0	0.01462467	0	0	0.02391334	0	0	0.0002218525	0	0	0.004667167	0.042817032	0.0005644355	0	0	0	0	0	0	0	0	0.0005546312	0	0.0468510383	0.002301767	0.009844941	0	0.02710252	0	0	0	0	0	0	0.00146165	0	0.01303739	0	0	0	0	0.008947727	0	0	0	0	0	0	0	0	0	0	0	0	0	0	0	0	0	0.0005073384	0.002358864	0.02313196	0.008993575	0	0	0	0.007166276	0	0	0	0.005238139	0	0	0	0	0	0	0	0	0	0	0	0.004822213	0	0	0	0.0001712915	0	0	0	0	0	0.0003882418	0	0	0.007468102	0.001538356	0.01113395	0.0003996803	0.003999976	0	0.003363736	0	0	0	0	0	0	0.0007259227	0	0	0	0	0	0	0	0	0	0	0	0	0.0001109262	0	0	0.0134387	0.02096399	0	0.03194261	0.001228359	0	0	0	0.1177968013	0.01201963	0.001243065	0.02223955	0.03483823	0	0	0.0001141944	0	0	0.005185944	0	0.0003996803	0	0	0.002208815	0.001915159	0.321806	0	0	0	0.0003425831	0	0	0	0	0	0	0.003889049	0	0	0	0	0	0	0	0	0	0.001127237	0	0	0	0	0	0	0.0095447483	0	0.0009559455	0	0	0	0	0	0	0	0	0	0	0	0	0	0	0	0	0	0	0	0	0	0	0	0	0	0	0	0	0	0	0	0	0	0	0	0	0	0	0	0	0	0	0	0	0	0	0	0	0	0	0	0	0	0	0	0	0	0	0	0	0	0	0	0	0	0	0	0	0	0	0	0	0	0	0	0	0	0	0	0	0	0	0	0	0	0	0	0	0	0	0	0	0	0	0	0	0	0	0	0	0	0	0	0	0	0	0	0	0	0	0	0	0	0	0	0	0	0	0	0	0	0	0	0	0	0	0	0	0	0	0	0	0	0	0	0	0	0	0	0	0	0	0	0	0	0	0	0	0	0	0	0	0	0	0	0	0	0	0	0	0	0	0	0	0	0	0	0	0	0	0	0	0	0	0	0	0	0	0	0	0	0	0	0	0	0	0	0	0	0	0	0	0	0	0	0	0	0	0	0	0	0	0	0	0	0	0	0	0	0	0	0	0	0	0	0	0	0	0	0	0	0	0	0	0	0	0	0	0	0	0	0	0	0	0	0	0	0	0	0	0	0	0	0	0	0	0	0	0	0	0	0	0	0	0	0	0	0	0	0	0	0	0	0	0	0	0	0	0	0	0	0	0	0	0	0	0	0	0	0	0	0	0	0	0	0	0	0	0	0	0	0	0	0	0	0	0	0	0	0	0	0	0	0	0	0	0	0	0	0	0	0	0	0	0	0	0	0	0	0	0	0	0	0	0	0	0	0	0	0	0	0	0	0	0	0	0	0	0	0
Algae_COLO-A	0.109906169	0.004522501	0	0	0	0	0	0.01503529	0.0198686	0	0	0	0	0	0	0	0	0	0	0.0003867355	0.005562655	8.486083e-05	0	0.000717658	0.002450954	0	0	0.005874896	0	0	0	0.0003441162	0	0.01407754	0.099301297	0.002416956	0	0	0	0	0	0.0001255493	0	0	0	0	0.031203224	0.0002848142	0.005312664	8.680556e-05	0.03358487	0.0002828694	0	0.0003088338	0	0.0001414347	0	0.007413376	0	0.002306769	0.000167399	0	0	0.0004820532	0.0005262255	0	0	0	0.0001414347	0	0	0	0	0	0	0.000271643	0	0	0	0	0	0	0.0003789705	0.0005866889	0.06971125	0.01697403	0	0.001149313	0	0.01548844	0.0002510986	0	0	0.006527801	0	0	0	0	0	0	0	0	0	0	0	0.001244625	0	0	0	0	0	0	0	0	0	0.0006742414	0	0	0	0.004392306	0.007685269	0.00219016	0.00224555	0	0.008433557	0.0005440469	0	0	0.0003766478	0	0.0009412254	0.0001131478	0	0	0	0.000167399	0.0001255493	0	0.0001302083	0	0	0	0.009755219	0	0.06625262	0.0001736111	0	0.03004182	0.009379107	0.000897053	0.008219001	0	0	0.001123362	0.001317873	0.0411531961	0.001919678	0.0004254793	0.0002867589	0.001711604	0	0.0002542046	5.657389e-05	0	0	0	0.0004184976	0.0003844129	0	0	0.005205282	0.004254747	0.2502612	0	0	0.002075814	0.0002510986	0.0009206947	0	0	0	0	0	0.00700529	0	0	0	0	0	0	0	0.007909253	0	0.0001980086	0	0	0.0001736111	0	0	0	0.0439541274	0	0.0004991137	0	0	0	0	0	0	0	0	0	0	0	0	0	0	0	0	0	0	0	0	0	0	0	0	0	0	0	0	0	0	0	0	0	0	0	0	0	0	0	0	0	0	0	0	0	0	0	0	0	0	0	0	0	0	0	0	0	0	0	0	0	0	0	0	0	0	0	0	0	0	0	0	0	0	0	0	0	0	0	0	0	0	0	0	0	0	0	0	0	0	0	0	0	0	0	0	0	0	0	0	0	0	0	0	0	0	0	0	0	0	0	0	0	0	0	0	0	0	0	0	0	0	0	0	0	0	0	0	0	0	0	0	0	0	0	0	0	0	0	0	0	0	0	0	0	0	0	0	0	0	0	0	0	0	0	0	0	0	0	0	0	0	0	0	0	0	0	0	0	0	0	0	0	0	0	0	0	0	0	0	0	0	0	0	0	0	0	0	0	0	0	0	0	0	0	0	0	0	0	0	0	0	0	0	0	0	0	0	0	0	0	0	0	0	0	0	0	0	0	0	0	0	0	0	0	0	0	0	0	0	0	0	0	0	0	0	0	0	0	0	0	0	0	0	0	0	0	0	0	0	0	0	0	0	0	0	0	0	0	0	0	0	0	0	0	0	0	0	0	0	0	0	0	0	0	0	0	0	0	0	0	0	0	0	0	0	0	0	0	0	0	0	0	0	0	0	0	0	0	0	0	0	0	0	0	0	0	0	0	0	0	0	0	0	0	0	0	0	0	0	0	0	0	0	0	0	0	0	0	0	0	0	0	0	0	0	0	0	0	0
Algae_COLO-B	0.309206944	0.003223619	0	0	0	0	0	0.005184748	0.01320596	0	0.0003437393	0	0.02515595	0	0	0	0	0	0	0	0.001998435	0	0.0009402667	0.006887325	0.000930948	0	0	0.0043447	0	0	0	0	0	0.01214259	0.06890061	0.001821089	0	0	0	0	0	0	0	0	0	0	0.013564536	0	0.0001249961	0	0.008900333	0	0	0.0004374863	0	0	0	0.01430678	9.869233e-05	9.869233e-05	0	0	0	0	0.005692951	0	0	0	0	0	0	0	0	0	0.001762965	0	0.000285979	0.0003404779	0	0	0	0	0	0	0	0.05615389	0	0.05355846	0	0.03324262	0	0	0	0.006504929	0	0	0.007796934	0	0	0	0.0007812256	0	0	0.001103524	0	0.005165979	0	0.00259522	0.0001973847	0	0	0	0	0	0	0	0	0	0	0.001687447	0.006668828	0.01705602	0.004921968	0	0.006984271	0	0	0	0.002580542	0	0	0	0	0	0	0	0	0.0005654858	0	0	0	0	0.002062436	0.000296077	0.0003437393	0	0	0.005108111	0.003436016	0.0004374863	0.01005336	0	0.0004687354	0	0.003556098	0.1574548907	0	0.0004732657	0	0.004074387	0	0	0.001058376	0	0	0.002516309	0	0.0002467308	0	0.00126912	0.04798903	0.004130695	0.04315663	0	0	0	0.0004138216	9.869233e-05	0	0	0	0	0.0001874941	0.0005029878	0	0	0	0	0	0	0	0	0	0.0001480385	0	0	0	0	0	0.001508266	0.0001973847	0	0.001346297	0	0	0	0	0	0	0	0	0	0	0	0	0	0	0	0	0	0	0	0	0	0	0	0	0	0	0	0	0	0	0	0	0	0	0	0	0	0	0	0	0	0	0	0	0	0	0	0	0	0	0	0	0	0	0	0	0	0	0	0	0	0	0	0	0	0	0	0	0	0	0	0	0	0	0	0	0	0	0	0	0	0	0	0	0	0	0	0	0	0	0	0	0	0	0	0	0	0	0	0	0	0	0	0	0	0	0	0	0	0	0	0	0	0	0	0	0	0	0	0	0	0	0	0	0	0	0	0	0	0	0	0	0	0	0	0	0	0	0	0	0	0	0	0	0	0	0	0	0	0	0	0	0	0	0	0	0	0	0	0	0	0	0	0	0	0	0	0	0	0	0	0	0	0	0	0	0	0	0	0	0	0	0	0	0	0	0	0	0	0	0	0	0	0	0	0	0	0	0	0	0	0	0	0	0	0	0	0	0	0	0	0	0	0	0	0	0	0	0	0	0	0	0	0	0	0	0	0	0	0	0	0	0	0	0	0	0	0	0	0	0	0	0	0	0	0	0	0	0	0	0	0	0	0	0	0	0	0	0	0	0	0	0	0	0	0	0	0	0	0	0	0	0	0	0	0	0	0	0	0	0	0	0	0	0	0	0	0	0	0	0	0	0	0	0	0	0	0	0	0	0	0	0	0	0	0	0	0	0	0	0	0	0	0	0	0	0	0	0	0	0	0	0	0	0	0	0	0	0	0	0	0	0	0	0	0	0	0	0	0
Algae_COLO-C	0.193991113	0.00352393	9.360666e-05	0	0	0	0.0001638117	0.0001452644	0.003727088	0.0001600832	0	0	0	0	0	0	0	0	0	0.001472445	0	9.684292e-05	0.002229786	7.0205e-05	0.0008231648	0.0001452644	0.0008715863	0.002315302	0	0	0	0.001721955	0	0.006024558	0.137662425	0.02720479	0.00484631	0.0004575224	0	0	0	0	0	0	0	0	0.0297049226	0	0.005365746	0	0.004810293	4.680333e-05	0	0.002025192	0	0	0	0.00544919	0	0.009201447	0	0	0	0.0001600832	0	0	0	0	0.000126845	7.0205e-05	0	0	0	0	0.0001936858	4.680333e-05	0.0002401249	0.0002770916	0	0	0	0.0003103299	0	0	0.02731473	0.004195924	0.0001936858	0.01873805	4.680333e-05	0.008735667	0.0001638117	0	0	0.00584878	0	0	0.0003744267	0	0	0	0	0	0	0	0	0.0003769886	0	0	8.004162e-05	0	0.0001936858	0	0.0002838741	0	0.0002801457	0.0004409032	0	0	0	0.009492501	0.004778066	0.001860929	0.006261588	0	0.004301094	0.002209041	0	0	0.001957024	0	0.0008612032	0	0	0	0	0.0002856744	0.004642513	0	0	0	0	0.0003389502	0.01148972	9.684292e-05	0.101072	0.0002770916	0	0.01991623	0.02126549	0.001141349	0.007171158	0	0	0.001837797	0.01534212	0.0478257031	0.0009005902	0.0004338107	0.0001936858	0.002199966	0	0.0003137483	0.04872594	0	0.0005209449	0.0005229273	0.0008379837	0	9.684292e-05	0	0.01395862	0.00919712	0.08095455	0	0	0.005117348	0	4.680333e-05	0	0	0	0.0001200624	0	0	0	0	0	0	0	0.0001200624	0	0.01853392	0	0.001399259	0	0	0	0.0006114974	0.0001170083	0	0.0368497447	0	0.0007601802	0	0	0	0	0	0	0	0	0	0	0	0	0	0	0	0	0	0	0	0	0	0	0	0	0	0	0	0	0	0	0	0	0	0	0	0	0	0	0	0	0	0	0	0	0	0	0	0	0	0	0	0	0	0	0	0	0	0	0	0	0	0	0	0	0	0	0	0	0	0	0	0	0	0	0	0	0	0	0	0	0	0	0	0	0	0	0	0	0	0	0	0	0	0	0	0	0	0	0	0	0	0	0	0	0	0	0	0	0	0	0	0	0	0	0	0	0	0	0	0	0	0	0	0	0	0	0	0	0	0	0	0	0	0	0	0	0	0	0	0	0	0	0	0	0	0	0	0	0	0	0	0	0	0	0	0	0	0	0	0	0	0	0	0	0	0	0	0	0	0	0	0	0	0	0	0	0	0	0	0	0	0	0	0	0	0	0	0	0	0	0	0	0	0	0	0	0	0	0	0	0	0	0	0	0	0	0	0	0	0	0	0	0	0	0	0	0	0	0	0	0	0	0	0	0	0	0	0	0	0	0	0	0	0	0	0	0	0	0	0	0	0	0	0	0	0	0	0	0	0	0	0	0	0	0	0	0	0	0	0	0	0	0	0	0	0	0	0	0	0	0	0	0	0	0	0	0	0	0	0	0	0	0	0	0	0	0	0	0	0	0	0	0	0	0	0	0	0	0	0	0	0	0	0	0	0	0	0	0	0	0	0	0	0	0	0	0	0	0	0	0	0	0	0	0	0	0	0	0	0	0	0	0	0	0	0	0	0	0	0
Algae_COMT-A	0.053476876	0.004107455	0	0	0	0	0	0.002737631	0.003422375	0	0	0	0	0	0	0	0	0	0	0	0.002695297	0.0005477951	0.0003850424	0.001266272	0.004304277	0	0	0.006374703	0	0	0	0.0002738976	0	0.008821906	0.06401588	0.005493137	0	0	0	0	0	0	0	0	0.0006758064	0	0.0474958167	0.002849112	0.002199109	0.0001369488	0.04617726	0	0	0.0005388576	0	0	0	0.00679415	0	0.01557339	0	0	0	0	0.0002993653	0	0	0	0.0002054232	0.0006417373	0	0	0	0	0.0004789846	0	0	0	0	0	0	0	0.0002394923	0	0.06254721	0.01254499	0	0.005707161	0	0.04773363	0	0	0	0.005433264	0	0	0.0004108463	0	0	0	0	0	0	0	0	0.002070762	0	0	0	0	0	0	0	0	0	0.04554312	0	0	0	0.01724325	0.01423239	0.001514702	0.00415839	0	0.05057515	0.002677758	0	0	0.0005732629	0	0	0.000949704	0	0	0	0.0001197461	0	0.0001369488	0	0	0	0	0	0	0.0008471605	0	0	0.01404907	0.0128	0	0.01132072	0	0	0	0.001292076	0.0654293834	0.0008299578	0.0006675413	0	0	0	0.0001197461	0.0003850424	0	0.0003592384	0.003978771	0	0.0002394923	0	0	0.01184372	0.005279448	0.2856656	0	0	0.004227201	0.0008213565	0.0007958887	0	0	0	0	0	0.001146526	0	0	0	0	0	0	0	0.0007532183	0	0.001693985	0	0	0	0	0	0	0.0164364038	0	0.002618221	0	0	0	0	0	0	0	0	0	0	0	0	0	0	0	0	0	0	0	0	0	0	0	0	0	0	0	0	0	0	0	0	0	0	0	0	0	0	0	0	0	0	0	0	0	0	0	0	0	0	0	0	0	0	0	0	0	0	0	0	0	0	0	0	0	0	0	0	0	0	0	0	0	0	0	0	0	0	0	0	0	0	0	0	0	0	0	0	0	0	0	0	0	0	0	0	0	0	0	0	0	0	0	0	0	0	0	0	0	0	0	0	0	0	0	0	0	0	0	0	0	0	0	0	0	0	0	0	0	0	0	0	0	0	0	0	0	0	0	0	0	0	0	0	0	0	0	0	0	0	0	0	0	0	0	0	0	0	0	0	0	0	0	0	0	0	0	0	0	0	0	0	0	0	0	0	0	0	0	0	0	0	0	0	0	0	0	0	0	0	0	0	0	0	0	0	0	0	0	0	0	0	0	0	0	0	0	0	0	0	0	0	0	0	0	0	0	0	0	0	0	0	0	0	0	0	0	0	0	0	0	0	0	0	0	0	0	0	0	0	0	0	0	0	0	0	0	0	0	0	0	0	0	0	0	0	0	0	0	0	0	0	0	0	0	0	0	0	0	0	0	0	0	0	0	0	0	0	0	0	0	0	0	0	0	0	0	0	0	0	0	0	0	0	0	0	0	0	0	0	0	0	0	0	0	0	0	0	0	0	0	0	0	0	0	0	0	0	0	0	0	0	0	0	0	0	0	0	0	0	0	0	0	0	0	0	0	0	0	0
Algae_CRAN-A	0.203919492	0.002643648	0.0002703433	0	0	0	0	0.02240263	0.009925453	0	0	0	0	0	0	0	0	0	0	0	0.01569167	0	0.0003379292	0	0.0005888291	0	0	0.004130536	0	0	0	0.000387527	0	0.00918783	0.102991192	0.02664442	0	0	0	0	0	0	0	0	0	0	0.0141055865	0.001483978	0.0004551128	0	0.05372608	0	0	0.0008591724	0	0	0	0.002918357	0.0002523553	0.02427851	0	0	0	0	0.02448708	0	0	0	0.0009598235	0	0	0	0	0	0	0.0002523553	0	0	0	0	0	0	0	0.001568096	0.02190083	0.02562836	0	0.003070061	0	0.01489572	0	0	0	0.002643648	0	0	0.0001682369	0	0	0	0	0	0	0.0005047106	0	0.01236832	0	0	0	0	0	0	0	0	0	0.0004205922	0	0	0	0.008366612	0.04165609	0.0005047106	0.002008132	0	0.007400444	0.0008411844	0	0	0	0	0	0	0	0	0	0	0	0	0	0	0	0	0.001514132	0	0.000405515	0	0	0.02560641	0.03042986	0.001261777	0.02902511	0	0	0.002609127	0.0002523553	0.0313775194	0.00112806	0.0008081192	0	0.001958534	0	0.002493399	0	0	0	0.0001682369	0	0.0005406867	0	0	0.007058149	0.004803483	0.14165	0	0	0.001179114	0.0004205922	0.001533575	0	0	0	0	0	0.03344835	0	0	0	0	0	0	0	0.007887167	0	0.001013788	0	0	0	0	0	0	0.002443801	0	0.002137482	0	0	0	0	0	0	0	0	0	0	0	0	0	0	0	0	0	0	0	0	0	0	0	0	0	0	0	0	0	0	0	0	0	0	0	0	0	0	0	0	0	0	0	0	0	0	0	0	0	0	0	0	0	0	0	0	0	0	0	0	0	0	0	0	0	0	0	0	0	0	0	0	0	0	0	0	0	0	0	0	0	0	0	0	0	0	0	0	0	0	0	0	0	0	0	0	0	0	0	0	0	0	0	0	0	0	0	0	0	0	0	0	0	0	0	0	0	0	0	0	0	0	0	0	0	0	0	0	0	0	0	0	0	0	0	0	0	0	0	0	0	0	0	0	0	0	0	0	0	0	0	0	0	0	0	0	0	0	0	0	0	0	0	0	0	0	0	0	0	0	0	0	0	0	0	0	0	0	0	0	0	0	0	0	0	0	0	0	0	0	0	0	0	0	0	0	0	0	0	0	0	0	0	0	0	0	0	0	0	0	0	0	0	0	0	0	0	0	0	0	0	0	0	0	0	0	0	0	0	0	0	0	0	0	0	0	0	0	0	0	0	0	0	0	0	0	0	0	0	0	0	0	0	0	0	0	0	0	0	0	0	0	0	0	0	0	0	0	0	0	0	0	0	0	0	0	0	0	0	0	0	0	0	0	0	0	0	0	0	0	0	0	0	0	0	0	0	0	0	0	0	0	0	0	0	0	0	0	0	0	0	0	0	0	0	0	0	0	0	0	0	0	0	0	0	0	0	0	0	0	0	0	0	0	0	0	0	0	0	0
Algae_DAMI-A	0.281033703	0.00561243	0.0002331701	0	0	0	0	0.0005000377	0.002030595	0	0	0	0.0002067546	4.996502e-05	0	0	4.996502e-05	0	0	0.0002270307	0.0004768756	0	0.0003599032	0.0002733746	0.0005995803	0	0.0001401345	0.004642023	0	0	0	0.001201098	0	0.006732835	0.088981202	0.07178084	0.001960721	0.0001165851	0	0	9.342302e-05	0	0	0	0	0	0.0097865631	0.0002831351	0.002340677	3.331002e-05	0.00976067	0	0	0.0004667277	0	0	0	0.005305626	0	0.01382007	0	0	0	0.000143388	3.331002e-05	0	0	0	0	0	0	0	0	0	9.342302e-05	8.327504e-05	0.0002331701	4.996502e-05	4.996502e-05	0	4.996502e-05	0	0	0.0001998601	0.04218511	0.01794179	0	0.01574389	0.0001165851	0.006593516	0	0	0	0.008860737	0	0	0.0005500027	0	0	0	0	9.342302e-05	0	0	0	0.00186327	0	0	3.331002e-05	0	0	0	0	0	0	0.00117352	0	0	3.331002e-05	0.01010099	0.01333304	0.001053294	0.003573003	0	0.006263281	9.342302e-05	0	6.662003e-05	0.002254779	0	0.001050428	0.0001734445	0	0	0	0.0003269806	0.003021684	4.996502e-05	0	0	0	0.0003164452	0.009363293	0	0.07415691	0	0	0.01110827	0.02049337	0.002918501	0.01715573	0	9.993005e-05	0.001504141	0.006418337	0.0294891396	0.002897971	0.000186846	8.327504e-05	8.327504e-05	0	0.0005829253	0.004427302	0	0.000744091	0.00118113	0.0006072496	0	0	0	0.01512281	0.004046626	0.1000735	0	0	0.003094811	0.0003367411	0.0004167626	0	0	0	0	0	0.007257014	0	0	0	0	0	0	0	0.003103738	3.331002e-05	0.001670304	0	3.331002e-05	0	4.996502e-05	0	0	0.033707898	0	0.0006503202	0	0	0	0	0	0	0	0	0	0	0	0	0	0	0	0	0	0	0	0	0	0	0	0	0	0	0	0	0	0	0	0	0	0	0	0	0	0	0	0	0	0	0	0	0	0	0	0	0	0	0	0	0	0	0	0	0	0	0	0	0	0	0	0	0	0	0	0	0	0	0	0	0	0	0	0	0	0	0	0	0	0	0	0	0	0	0	0	0	0	0	0	0	0	0	0	0	0	0	0	0	0	0	0	0	0	0	0	0	0	0	0	0	0	0	0	0	0	0	0	0	0	0	0	0	0	0	0	0	0	0	0	0	0	0	0	0	0	0	0	0	0	0	0	0	0	0	0	0	0	0	0	0	0	0	0	0	0	0	0	0	0	0	0	0	0	0	0	0	0	0	0	0	0	0	0	0	0	0	0	0	0	0	0	0	0	0	0	0	0	0	0	0	0	0	0	0	0	0	0	0	0	0	0	0	0	0	0	0	0	0	0	0	0	0	0	0	0	0	0	0	0	0	0	0	0	0	0	0	0	0	0	0	0	0	0	0	0	0	0	0	0	0	0	0	0	0	0	0	0	0	0	0	0	0	0	0	0	0	0	0	0	0	0	0	0	0	0	0	0	0	0	0	0	0	0	0	0	0	0	0	0	0	0	0	0	0	0	0	0	0	0	0	0	0	0	0	0	0	0	0	0	0	0	0	0	0	0	0	0	0	0	0	0	0	0	0	0	0	0	0	0	0	0	0	0	0	0	0	0	0	0	0	0	0	0	0	0	0	0
Algae_DAMI-B	0.065425057	0.008030964	0	0	0	0	0	0.002085021	0.01100955	0	0	0	0	0	0	0	0	0	0	0.0002344849	0.0002344849	0.003439112	0.000254907	0.01172006	0.003828526	0	0	0.004934763	0	0	0	0.001566759	0	0.007155685	0.124221058	0.01175459	0.0001563233	0	0	0	0	0	0	0	0.0005471315	0	0.099489425	0.002039256	0.0008802001	0.0003908082	0.003784155	0	0	0.0003126466	0	0	0	0.004236229	0	0.04973909	0	0	0	0.000254907	0	0	0	0	0	0	0	0	0	0	0	0	0	0	0	0	0	0.0003908082	0	0.0003126466	0.0494659	0.02255566	0	0.009118174	0	0.0104265	0	0	0	0.001328748	0.0002344849	0	0.0003908082	0	0	0	0	0	0	0	0	0.002735657	0	0	0	0	0	0	0	0	0	0.01462328	0.0003126466	0	0	0.02499064	0.004142567	0.0003823604	0.006173375	0	0.006209298	0.002344849	0	0	0.001381566	0	0	0.0007034547	0	0	0	0	0	0.0001563233	0.0003126466	0	0	0	0	0.0003908082	0.03291113	0	0	0.01037934	0.02169236	0	0.006355041	0	0	0	0.003174363	0.0450240524	0	0.0003908082	0.0001563233	0.0001563233	0	0	0.01606545	0	0	0.0008020384	0	0	0	0	0.008587938	0.01263053	0.2339293	0	0	0.005325571	0.0003908082	0.0003126466	0	0	0	0	0	0.00129143	0	0	0	0	0	0	0	0	0	0.002907481	0	0	0	0	0	0	0.0193763757	0	0.001332274	0	0	0	0	0	0	0	0	0	0	0	0	0	0	0	0	0	0	0	0	0	0	0	0	0	0	0	0	0	0	0	0	0	0	0	0	0	0	0	0	0	0	0	0	0	0	0	0	0	0	0	0	0	0	0	0	0	0	0	0	0	0	0	0	0	0	0	0	0	0	0	0	0	0	0	0	0	0	0	0	0	0	0	0	0	0	0	0	0	0	0	0	0	0	0	0	0	0	0	0	0	0	0	0	0	0	0	0	0	0	0	0	0	0	0	0	0	0	0	0	0	0	0	0	0	0	0	0	0	0	0	0	0	0	0	0	0	0	0	0	0	0	0	0	0	0	0	0	0	0	0	0	0	0	0	0	0	0	0	0	0	0	0	0	0	0	0	0	0	0	0	0	0	0	0	0	0	0	0	0	0	0	0	0	0	0	0	0	0	0	0	0	0	0	0	0	0	0	0	0	0	0	0	0	0	0	0	0	0	0	0	0	0	0	0	0	0	0	0	0	0	0	0	0	0	0	0	0	0	0	0	0	0	0	0	0	0	0	0	0	0	0	0	0	0	0	0	0	0	0	0	0	0	0	0	0	0	0	0	0	0	0	0	0	0	0	0	0	0	0	0	0	0	0	0	0	0	0	0	0	0	0	0	0	0	0	0	0	0	0	0	0	0	0	0	0	0	0	0	0	0	0	0	0	0	0	0	0	0	0	0	0	0	0	0	0	0	0	0	0	0	0	0	0	0	0	0	0	0	0	0	0	0	0	0	0	0	0	0	0
Algae_DAMI-C	0.187144755	0.00322379	9.852217e-05	0	0	0	0	0.00153033	0.001769276	6.568144e-05	0	0	0	6.568144e-05	0	0	0	0	0	0.000147656	0.000298775	0	0	0.002614738	0.0006318657	0	0	0.005119645	0	0	0	0.0004266748	0	0.00934322	0.08178504	0.0506682	0.0006586989	0	0	0	0	0	0	0	0	0	0.0281399387	0.00845947	0.002145902	0	0.00758448	0	0	0.0002214839	0	0	0	0.008050158	0	0.01470864	0	0	0	0	0	0	0	0	0	0	0	0	0	0	0	0	0.0006894006	0	0	0	0	0	6.568144e-05	0	0.07666705	0.01530613	0	0.01760447	0	0.01493893	0	0	0	0.009162874	0	0	0.001304719	0	0	0	0	0	0	0	0	0.0006568144	0	0	0	0	0	0	0	0	0	0	0	0	0	0.01063317	0.008390168	0.0009905692	0.005488225	0	0.00379746	9.852217e-05	0	0	0.004311966	0	0.0003612479	0	0	0	0	0.0002627258	0.0005615008	0	0.0004979584	0.0002298851	0	0.0001642036	0.003940887	0.0003972972	0.01880562	0	0	0.01092685	0.009679464	0.0008866995	0.01613733	0	0	0.0002955665	0.006577877	0.0773628821	0	0	0.0001313629	9.852217e-05	0	0.0006155726	0.003058516	0	0.001318467	0.0003305462	0	0	0	0	0.01447554	0.012127	0.175926	0	0	0.002965342	0.0004595155	0.00183908	0	0	0	0	0	0.008010348	0	0	0	0	0	0	0	0.02526056	0.0001991833	0.004000107	0	0	0	0.0004266748	0	0	0.0165295287	0	0.0001313629	0	0	0	0	0	0	0	0	0	0	0	0	0	0	0	0	0	0	0	0	0	0	0	0	0	0	0	0	0	0	0	0	0	0	0	0	0	0	0	0	0	0	0	0	0	0	0	0	0	0	0	0	0	0	0	0	0	0	0	0	0	0	0	0	0	0	0	0	0	0	0	0	0	0	0	0	0	0	0	0	0	0	0	0	0	0	0	0	0	0	0	0	0	0	0	0	0	0	0	0	0	0	0	0	0	0	0	0	0	0	0	0	0	0	0	0	0	0	0	0	0	0	0	0	0	0	0	0	0	0	0	0	0	0	0	0	0	0	0	0	0	0	0	0	0	0	0	0	0	0	0	0	0	0	0	0	0	0	0	0	0	0	0	0	0	0	0	0	0	0	0	0	0	0	0	0	0	0	0	0	0	0	0	0	0	0	0	0	0	0	0	0	0	0	0	0	0	0	0	0	0	0	0	0	0	0	0	0	0	0	0	0	0	0	0	0	0	0	0	0	0	0	0	0	0	0	0	0	0	0	0	0	0	0	0	0	0	0	0	0	0	0	0	0	0	0	0	0	0	0	0	0	0	0	0	0	0	0	0	0	0	0	0	0	0	0	0	0	0	0	0	0	0	0	0	0	0	0	0	0	0	0	0	0	0	0	0	0	0	0	0	0	0	0	0	0	0	0	0	0	0	0	0	0	0	0	0	0	0	0	0	0	0	0	0	0	0	0	0	0	0	0	0	0	0	0	0	0	0	0	0	0	0	0	0	0	0	0	0	0
Algae_DECA-A	0.197723092	0.002985186	0	0	0	0	0	0	0.005371403	0	0	0	0.001218763	0.0001821825	0	0	0	0	0	0	0	0	0.003561103	0.0007633065	0.004238525	0	0.000774832	0.002723437	0	0	0	0.002945403	0	0.002859518	0.147968038	0.003538052	0.0057525	0.0006606898	0	0	0	0	0	0	0	0	0.0117009335	0	0.00515055	0.0001026167	0.003190419	0.0001026167	0	0.0008659233	0	0	0	0.007679167	0	0.005742087	0	0	0.0002052335	0	0	0	0	0	0.00096854	0	0	0	0.0003643651	0	0	0	0.003463693	0	0.0002847993	0	0.001874246	0	0.0004554564	0.0007402556	0.03427479	0.01600042	0	0.03985107	0	0.01495939	0.0001539251	0	0	0.01822195	0	0	0.00363435	0	0	0	0	0	0.00533162	0	0	0.0007183171	0.00311606	0	0	0	0.002506679	0	0.0003591585	0	0.0009172316	0.0006376389	0	0	0	0.007503304	0.002085799	0.004892896	0.01078481	0	0.01284534	0	0	0	0.002057541	0	0.00111094	0	0	0	0	0.0001539251	0.001282709	0	0	0	0	0	0.01745005	0	0.0371332	0.0001539251	0	0.0133428	0.01270627	0.002029284	0.0132413	0	0	0.0008774487	0.01756869	0.0996410284	0.0006093815	0.0004554564	0	0.001538139	0	0	0.03122156	0	0	0.001789474	0.004067868	0	0	0.001561189	0.01234823	0.008478163	0.06644892	0	0	0.002814529	0.0004554564	0	0	0	0	0	0	0.006670844	0	0	0	0	0	0	0	0.007068673	0	0.003508683	0	0	0	0.0002565418	0.0004271989	0	0.0240733251	0	0.001867927	0.0006376389	0	0	0	0	0	0	0	0	0	0	0	0	0	0	0	0	0	0	0	0	0	0	0	0	0	0	0	0	0	0	0	0	0	0	0	0	0	0	0	0	0	0	0	0	0	0	0	0	0	0	0	0	0	0	0	0	0	0	0	0	0	0	0	0	0	0	0	0	0	0	0	0	0	0	0	0	0	0	0	0	0	0	0	0	0	0	0	0	0	0	0	0	0	0	0	0	0	0	0	0	0	0	0	0	0	0	0	0	0	0	0	0	0	0	0	0	0	0	0	0	0	0	0	0	0	0	0	0	0	0	0	0	0	0	0	0	0	0	0	0	0	0	0	0	0	0	0	0	0	0	0	0	0	0	0	0	0	0	0	0	0	0	0	0	0	0	0	0	0	0	0	0	0	0	0	0	0	0	0	0	0	0	0	0	0	0	0	0	0	0	0	0	0	0	0	0	0	0	0	0	0	0	0	0	0	0	0	0	0	0	0	0	0	0	0	0	0	0	0	0	0	0	0	0	0	0	0	0	0	0	0	0	0	0	0	0	0	0	0	0	0	0	0	0	0	0	0	0	0	0	0	0	0	0	0	0	0	0	0	0	0	0	0	0	0	0	0	0	0	0	0	0	0	0	0	0	0	0	0	0	0	0	0	0	0	0	0	0	0	0	0	0	0	0	0	0	0	0	0	0	0	0	0	0	0	0	0	0	0	0	0	0	0	0	0	0	0	0	0	0	0	0	0	0	0	0	0	0	0	0	0	0	0	0	0	0	0	0	0
Algae_DIEU-A	0.183930792	0.0008263154	0.0001439418	0	0	0	0	0.0004401819	0.001635558	0	0	0	0	7.197092e-05	0	0	0	0	0	0.0003738981	0.0001079564	0.0006069452	0.0003734644	0.01504253	0.001395534	0	0	0.000899221	0	0	0	0.0003054518	0	0.01409944	0.108778346	0.02256003	0.001695226	4.563085e-05	0	0	0	0	0	0	0	0	0.0347287512	0.002368394	0.002797281	0.0004195289	0.0221468	0	0	0.0003212851	0	8.032129e-05	0	0.003626046	0	0.05862336	0	0	0	0	0	0	0	0	0.000171583	0.0003401422	0	0	0	0	0.0001439418	0	0.000482789	0	0	0	0	0	8.032129e-05	8.032129e-05	0.04787466	0.01142213	0	0.02827892	0.0001338688	0.02490893	4.563085e-05	0	0	0.006091138	0	0	0.0004638587	0	0	0	0	0	0	0	0	0.000691512	0	0	0.000107095	0	0	0	0	0	0	0.001216914	0	0	0	0.03081842	0.005546775	0	0.009363676	0	0.005993316	0.0003510826	0	0	0.001323557	0	0.000107095	0.0001368925	0	0	0	0	0.0004283009	0.0001439418	0	0	0	0	0.0006170183	0.0004344276	0.03237626	0	0	0.007231231	0.03896993	0	0.007233082	5.354752e-05	0	0	0.00477066	0.0327325429	0.003389621	0.0002940044	0.0001606426	0.0006332853	0	0.007098297	0.01186443	0	0.0005564827	0.0004033291	0	0	0	0	0.02257594	0.009073392	0.1414207	0	0	0.005315701	0.0007047553	0.0002878837	0	0	0	0	0	0.009298547	0	0	0	0	0	0	9.126169e-05	0.001831752	0.000107095	0.001729061	0	0	0	0.0002330472	0	0	0.0030691054	0	0.0002518982	0	0	0	0	0	0	0	0	0	0	0	0	0	0	0	0	0	0	0	0	0	0	0	0	0	0	0	0	0	0	0	0	0	0	0	0	0	0	0	0	0	0	0	0	0	0	0	0	0	0	0	0	0	0	0	0	0	0	0	0	0	0	0	0	0	0	0	0	0	0	0	0	0	0	0	0	0	0	0	0	0	0	0	0	0	0	0	0	0	0	0	0	0	0	0	0	0	0	0	0	0	0	0	0	0	0	0	0	0	0	0	0	0	0	0	0	0	0	0	0	0	0	0	0	0	0	0	0	0	0	0	0	0	0	0	0	0	0	0	0	0	0	0	0	0	0	0	0	0	0	0	0	0	0	0	0	0	0	0	0	0	0	0	0	0	0	0	0	0	0	0	0	0	0	0	0	0	0	0	0	0	0	0	0	0	0	0	0	0	0	0	0	0	0	0	0	0	0	0	0	0	0	0	0	0	0	0	0	0	0	0	0	0	0	0	0	0	0	0	0	0	0	0	0	0	0	0	0	0	0	0	0	0	0	0	0	0	0	0	0	0	0	0	0	0	0	0	0	0	0	0	0	0	0	0	0	0	0	0	0	0	0	0	0	0	0	0	0	0	0	0	0	0	0	0	0	0	0	0	0	0	0	0	0	0	0	0	0	0	0	0	0	0	0	0	0	0	0	0	0	0	0	0	0	0	0	0	0	0	0	0	0	0	0	0	0	0	0	0	0	0	0	0	0	0	0	0	0	0	0	0	0	0	0	0	0	0	0	0	0
Algae_ESPE-B	0.051051689	0.006883364	0.0002367985	0	0	0	0	0.005515867	0.01083339	0	0	0	0	0.000109517	0	0	0	0	0	0	0.01219943	0.0001642755	0	0.004851348	0.005791125	0	0	0.00996614	0	0	0	0.005179899	0	0.001968376	0.132740216	0.001148464	0	0	0	0	0	0	0	0	0	0	0.0847625116	0.004613084	0.0009471939	0	0.007803912	0	0	0.0004558325	0	0	0	0.008983418	0	0.005652031	0	0	0.0004380681	0.000473597	0.007892734	0	0	0	0	0	0	0	0	0	0	0.0001642755	0	0	0	0.0003833096	0	0	0	0.000109517	0.0805994	0.03556565	0	0.02267762	0	0.005342709	0	0	0	0.001996488	0	0	0	0	0	0	0	0	0	0	0	0.009202543	0	0	0	0.0001642755	0	0	0	0	0.000109517	0.001349733	0	0	0	0.02779992	0.01588473	0.00283563	0.003537143	0	0.02470222	0.0004558325	0	0	0	0	0.00164129	0.0001642755	0	0	0	0	0	0.000109517	0.0003463155	0	0	0.0001642755	0.0005742318	0	0.001331969	0.0001642755	0	0.006230658	0.09633194	0.002131186	0.005563208	0	0	0	0.0006023437	0.0686500487	0.006088633	0	0	0.008216798	0	0.00218741	0.008902013	0	0	0.0004928266	0.0002737926	0	0	0	0.01442383	0.003110888	0.1554564	0	0	0.001622061	0	0	0	0	0	0	0	0.0003833096	0	0	0	0	0	0	0	0	0	0.0002737926	0	0	0.0002737926	0	0	0	0.0101985432	0	0.0005475851	0	0	0	0	0	0	0	0	0	0	0	0	0	0	0	0	0	0	0	0	0	0	0	0	0	0	0	0	0	0	0	0	0	0	0	0	0	0	0	0	0	0	0	0	0	0	0	0	0	0	0	0	0	0	0	0	0	0	0	0	0	0	0	0	0	0	0	0	0	0	0	0	0	0	0	0	0	0	0	0	0	0	0	0	0	0	0	0	0	0	0	0	0	0	0	0	0	0	0	0	0	0	0	0	0	0	0	0	0	0	0	0	0	0	0	0	0	0	0	0	0	0	0	0	0	0	0	0	0	0	0	0	0	0	0	0	0	0	0	0	0	0	0	0	0	0	0	0	0	0	0	0	0	0	0	0	0	0	0	0	0	0	0	0	0	0	0	0	0	0	0	0	0	0	0	0	0	0	0	0	0	0	0	0	0	0	0	0	0	0	0	0	0	0	0	0	0	0	0	0	0	0	0	0	0	0	0	0	0	0	0	0	0	0	0	0	0	0	0	0	0	0	0	0	0	0	0	0	0	0	0	0	0	0	0	0	0	0	0	0	0	0	0	0	0	0	0	0	0	0	0	0	0	0	0	0	0	0	0	0	0	0	0	0	0	0	0	0	0	0	0	0	0	0	0	0	0	0	0	0	0	0	0	0	0	0	0	0	0	0	0	0	0	0	0	0	0	0	0	0	0	0	0	0	0	0	0	0	0	0	0	0	0	0	0	0	0	0	0	0	0	0	0	0	0	0	0	0	0	0	0	0	0	0	0	0	0	0	0	0
Algae_FAYA-A	0.074551411	0.0001897913	0.0001058705	0	0	0	0	0.0001588058	0.002867284	0	0	0	0	0	0	0	0	0	0	0	0.001083114	0	0.000211741	0.00710611	0.001757806	0	0	0.0007589741	0	0	0	0.002716112	0	0.001343674	0.149250115	0.009361807	0	8.392078e-05	0	0	0	0	0	0.00041358	0	0	0.0562197358	0.0002052124	0.0001058705	0.0001058705	0.002866896	0	0	0	0	0	0	0.007433122	0	0.02347747	0	0	0	0	0	0	0	0	0	0	0	0	0	0	0	0	0.0005943356	0	0	0	0	0	0	0.0001058705	0.04616645	0.01013868	0	0.02653831	0	0.003279605	0	0	0	0.001561991	0	0	0.001219056	0	0	0	0	0	0	0	0	0.0005753022	0	0	0	0	0	0	0	0	0	0	0	0	0	0.05968827	0.003894642	0.0001588058	0.001412173	0	0.003055312	0	0	0	0.0004764173	0	5.594719e-05	0	0	0	0	0	0.001534618	0.0001897913	0	0	0	0	0.004945683	0	0.001725641	0	0	8.392078e-05	0.04497756	0.0004014846	0.00244139	0	0	0	0.00303076	0.0430228142	0.0009762342	0.00056335	0.0001368083	0.001116102	0	0.0001118944	0.235509	0	0.0009950016	5.594719e-05	0	0	0	0	0.01197587	0.004157412	0.1066319	0	0	0.002209262	0	0.0001118944	0	0	0	0	0	0.002022435	0	0	0	0	0	0	0	0.0006692206	0	0.001944033	0	0	0	0	0	0	0.0261436301	0	0.00102083	0	0	0	0	0	0	0	0	0	0	0	0	0	0	0	0	0	0	0	0	0	0	0	0	0	0	0	0	0	0	0	0	0	0	0	0	0	0	0	0	0	0	0	0	0	0	0	0	0	0	0	0	0	0	0	0	0	0	0	0	0	0	0	0	0	0	0	0	0	0	0	0	0	0	0	0	0	0	0	0	0	0	0	0	0	0	0	0	0	0	0	0	0	0	0	0	0	0	0	0	0	0	0	0	0	0	0	0	0	0	0	0	0	0	0	0	0	0	0	0	0	0	0	0	0	0	0	0	0	0	0	0	0	0	0	0	0	0	0	0	0	0	0	0	0	0	0	0	0	0	0	0	0	0	0	0	0	0	0	0	0	0	0	0	0	0	0	0	0	0	0	0	0	0	0	0	0	0	0	0	0	0	0	0	0	0	0	0	0	0	0	0	0	0	0	0	0	0	0	0	0	0	0	0	0	0	0	0	0	0	0	0	0	0	0	0	0	0	0	0	0	0	0	0	0	0	0	0	0	0	0	0	0	0	0	0	0	0	0	0	0	0	0	0	0	0	0	0	0	0	0	0	0	0	0	0	0	0	0	0	0	0	0	0	0	0	0	0	0	0	0	0	0	0	0	0	0	0	0	0	0	0	0	0	0	0	0	0	0	0	0	0	0	0	0	0	0	0	0	0	0	0	0	0	0	0	0	0	0	0	0	0	0	0	0	0	0	0	0	0	0	0	0	0	0	0	0	0	0	0	0	0	0	0	0	0	0	0	0	0
Algae_FERR-A	0.339757778	0.001904075	0.0008703977	0	0	0	0	0.000664128	0.002221897	0	0	0	0.0004242766	0	0	0	0	0	0	0.0002771311	0.000498836	0	0.0001108525	0.0003869969	0.0005159959	0	0	0.003026349	0	0	0	0.0001108525	0	0.006587309	0.05847351	0.003455941	0.0001662787	0.0004273997	0	0	0	0	0	0	0	0	0.0152261555	0	0.00123555	0	0.07054258	0	0	0.0003869969	0	0	0	0.003161758	0	0.002607045	0	0	0	0	0	0	0	0	0	0	0	0	0	0	0	0	0.001623534	0	0	0	0	0	0	0	0.01920386	0.007332474	0	0.01571838	0.0002629701	0.01137297	0	0.0002611211	0	0.006528721	0	0	0.001242783	0	0	0	0	0	0	0	0	0.0002771311	0	0	0	0	0	0	0	0	0	0.0001662787	0	0	0	0.008598002	0.0141092	0.0003325574	0.005185892	0	0.008166167	0.0002789801	0	0	0.002604908	0	0	0	0	0	0	0	0.001441082	0	0	0	0	0	0.009266433	0.0001108525	0.01059422	0	0	0.008370069	0.02876195	0.001567121	0.01950343	0	0	0	0.005798399	0.0426602041	0.00663005	0.0005185441	0.0001878358	0.00144523	0	0.001590527	0.01663225	0	0.0008030713	0.0003325574	0	7.51343e-05	0	0.0004434098	0.01669015	0.002244728	0.1451476	0	0	0.004419976	0	0.0005542623	0	0	0	0	0	0.008018245	0	0	0	0	0	0	0	0.03722982	0	0.001698093	0	0	0	0.0002611211	0	0	0.0097319361	0	0.0009656519	0	0	0	0	0	0	0	0	0	0	0	0	0	0	0	0	0	0	0	0	0	0	0	0	0	0	0	0	0	0	0	0	0	0	0	0	0	0	0	0	0	0	0	0	0	0	0	0	0	0	0	0	0	0	0	0	0	0	0	0	0	0	0	0	0	0	0	0	0	0	0	0	0	0	0	0	0	0	0	0	0	0	0	0	0	0	0	0	0	0	0	0	0	0	0	0	0	0	0	0	0	0	0	0	0	0	0	0	0	0	0	0	0	0	0	0	0	0	0	0	0	0	0	0	0	0	0	0	0	0	0	0	0	0	0	0	0	0	0	0	0	0	0	0	0	0	0	0	0	0	0	0	0	0	0	0	0	0	0	0	0	0	0	0	0	0	0	0	0	0	0	0	0	0	0	0	0	0	0	0	0	0	0	0	0	0	0	0	0	0	0	0	0	0	0	0	0	0	0	0	0	0	0	0	0	0	0	0	0	0	0	0	0	0	0	0	0	0	0	0	0	0	0	0	0	0	0	0	0	0	0	0	0	0	0	0	0	0	0	0	0	0	0	0	0	0	0	0	0	0	0	0	0	0	0	0	0	0	0	0	0	0	0	0	0	0	0	0	0	0	0	0	0	0	0	0	0	0	0	0	0	0	0	0	0	0	0	0	0	0	0	0	0	0	0	0	0	0	0	0	0	0	0	0	0	0	0	0	0	0	0	0	0	0	0	0	0	0	0	0	0	0	0	0	0	0	0	0	0	0	0	0	0	0	0	0	0	0	0	0
Algae_GAIL-A	0.088474115	0.00600144	0	0	0	0	0	0.003418122	0.005966545	0	0	0.002096458	0	0	0	0.0003938248	0	0	0	0.0003159433	0.0006314988	0.0001507841	0	0.001136267	0.002545244	0	0.0004020909	0.004095077	0	0	0	0.0001005227	0	0.006449414	0.132683692	0.0263495	0.0003518295	0.0009483255	0	0	0	0	0	0	0	0	0.0311418207	0.001823502	0.005785244	0.0001005227	0.02617143	0	0	0.0001575299	0	0	0	0.01686135	0.0001575299	0.002527053	0	0	0.0001507841	0.0009288634	0.001993147	0	0	0	9.5048e-05	0	0	0	0	0	0	0.02611655	0	0.0004888728	0	0	0	0	0	0.0007749002	0.02845976	0.01395982	0.0002362949	0.01318047	6.336533e-05	0.005960436	0	0	0	0.007431505	0	0	0.001297892	0	0	0	0	0	0	0	0.0002010454	0.001506179	0	0	0	0	0	0	0	0	0	0	0	0	9.5048e-05	0.01241101	0.01474739	0.0100967	0.005860442	0	0.001709238	0.001012856	0	0	0.0009516456	0	0.00107011	0.0001005227	0	0	0	0.0004599815	0	0	0	0	0	0.0001507841	0.002248935	0.0007189175	0.1119816	0	0	0.01292303	0.02120282	0.0001507841	0.02809442	0	0.0001267307	0.00246178	0.00638174	0.0677953939	0.003152299	0.0002217787	0.001035744	0.009232861	0	0.0001267307	0.000980537	0	0	0.001644743	0	0	0	0	0.01355293	0.008111465	0.1011014	0	0	0.002025464	0	0	0	0	0	0	0	0.0007637042	0	0	0	0	0	0	0	0.04432761	0	0.003856346	0	0.0001507841	0	6.336533e-05	0	0	0.0357649642	0	0.001053827	0	0	0	0	0	0	0	0	0	0	0	0	0	0	0	0	0	0	0	0	0	0	0	0	0	0	0	0	0	0	0	0	0	0	0	0	0	0	0	0	0	0	0	0	0	0	0	0	0	0	0	0	0	0	0	0	0	0	0	0	0	0	0	0	0	0	0	0	0	0	0	0	0	0	0	0	0	0	0	0	0	0	0	0	0	0	0	0	0	0	0	0	0	0	0	0	0	0	0	0	0	0	0	0	0	0	0	0	0	0	0	0	0	0	0	0	0	0	0	0	0	0	0	0	0	0	0	0	0	0	0	0	0	0	0	0	0	0	0	0	0	0	0	0	0	0	0	0	0	0	0	0	0	0	0	0	0	0	0	0	0	0	0	0	0	0	0	0	0	0	0	0	0	0	0	0	0	0	0	0	0	0	0	0	0	0	0	0	0	0	0	0	0	0	0	0	0	0	0	0	0	0	0	0	0	0	0	0	0	0	0	0	0	0	0	0	0	0	0	0	0	0	0	0	0	0	0	0	0	0	0	0	0	0	0	0	0	0	0	0	0	0	0	0	0	0	0	0	0	0	0	0	0	0	0	0	0	0	0	0	0	0	0	0	0	0	0	0	0	0	0	0	0	0	0	0	0	0	0	0	0	0	0	0	0	0	0	0	0	0	0	0	0	0	0	0	0	0	0	0	0	0	0	0	0	0	0	0	0	0	0	0	0	0	0	0	0	0	0	0	0	0	0	0	0	0	0	0	0	0	0	0	0	0	0	0	0	0	0	0
Algae_GAIL-B	0.118894041	0.00423742	0.0001399678	0	0	0	0	0.005455283	0.01150144	0	0	0	0	0	0	0	0	0	0	0.003680846	0.003054642	0	0	0.003838772	0.001955169	0	0	0.003045851	0	0	0.0007056731	0.0001476451	0	0.006877913	0.097936203	0.1074069	0.0004755669	0	0	0	0	0	0	0	0	0	0.0184498884	0.006475482	0.001399678	0	0.09526598	0	0	0	0	0.0001476451	0	0.009557053	0	0.001085882	0	0	0	0	0.02093487	0	0	0	0	0	0	0	0	0	0	0.0002099517	0	0.0003937202	0	0	0	0	0	0.001119742	0.04574987	0.01695021	0.0001476451	0.002198866	0	0.001808753	0	0	0	0.001746526	0	0	0	0	0	0	0	0	0	0.0004180602	0	0.006436432	0	0	0	0.0001399678	0	0	0	0	0	0	0	0	0	0.01646886	0.01272353	0.00142271	0.002022775	0	0.006834179	0.0002876129	0	0	0.0001476451	0	9.843004e-05	0	0.0002787068	0	0	0.0004199034	0	0.0001476451	0.0001399678	0	0	0	0.001365818	0.001820956	0.01924697	0	0	0.01078484	0.06445025	0.0007359624	0.01709998	0	0	0.0005260107	0.0005598712	0.0344917658	0.001674199	0	0.004520118	0.002225505	0	0	0.0004199034	0	0	0.002090301	0	0.001484207	0	0	0.005727448	0.006810467	0.1175227	0	0	0	0	0	0	0	0	0	0	0.03748936	0	0	0	0	0	0	0	0.0006659785	0	0.0008366553	0	0	0	0.0002787068	0	0	0.0254634027	0	0.0007270564	0	0	0	0	0	0	0	0	0	0	0	0	0	0	0	0	0	0	0	0	0	0	0	0	0	0	0	0	0	0	0	0	0	0	0	0	0	0	0	0	0	0	0	0	0	0	0	0	0	0	0	0	0	0	0	0	0	0	0	0	0	0	0	0	0	0	0	0	0	0	0	0	0	0	0	0	0	0	0	0	0	0	0	0	0	0	0	0	0	0	0	0	0	0	0	0	0	0	0	0	0	0	0	0	0	0	0	0	0	0	0	0	0	0	0	0	0	0	0	0	0	0	0	0	0	0	0	0	0	0	0	0	0	0	0	0	0	0	0	0	0	0	0	0	0	0	0	0	0	0	0	0	0	0	0	0	0	0	0	0	0	0	0	0	0	0	0	0	0	0	0	0	0	0	0	0	0	0	0	0	0	0	0	0	0	0	0	0	0	0	0	0	0	0	0	0	0	0	0	0	0	0	0	0	0	0	0	0	0	0	0	0	0	0	0	0	0	0	0	0	0	0	0	0	0	0	0	0	0	0	0	0	0	0	0	0	0	0	0	0	0	0	0	0	0	0	0	0	0	0	0	0	0	0	0	0	0	0	0	0	0	0	0	0	0	0	0	0	0	0	0	0	0	0	0	0	0	0	0	0	0	0	0	0	0	0	0	0	0	0	0	0	0	0	0	0	0	0	0	0	0	0	0	0	0	0	0	0	0	0	0	0	0	0	0	0	0	0	0	0	0	0	0	0	0	0	0	0	0	0	0	0	0	0	0	0	0	0	0	0
Algae_GREZ-A	0.166274654	0.001996313	0	0	0	0.0003647336	0	0.001107822	0.009496956	0	0	0	0.002233717	0	0	0	0	0	0	0	0.004293399	0.0002148043	0.0001898975	0	0.000331576	0	0	0.00171821	0	0	0	0.0004039466	0	0.003264597	0.061881277	0.006272278	0	0	0	0	0	0	0	0	0	0	0.011827038	0	0.0006842454	0.0003164958	0.2439198	0.001154509	0	0.000551615	0	0	0	0.001585579	0	0.003545674	0	0	0	8.592173e-05	0	0	0	0	0.0004371042	8.592173e-05	0	0	0	0	0.000300726	0	0	0	0	0	0	0	0.0002148043	0.001769513	0.0008198918	0.01683067	0	0.00974197	0	0.0424222	0	0	0	0.006503647	9.947279e-05	0	0.001082938	0	0	0	0	0	0	0.0001898975	0	0.001660188	0	0	0	9.947279e-05	0	0	0	0	0.000165788	0.00518478	0	0	0.0006963118	0.004302443	0.009618306	0.0007151632	0.004866701	0	0.01008387	0	0	0	0	0	0	6.329915e-05	0	0	0	0	0	0	0	0.0001288826	0	0	0	0	0.00151015	0	0	0.01040798	0.005753858	0	0.007741787	0	0	6.329915e-05	0.001898348	0.0350025391	0.002127396	0.0004566663	0	0.001449912	0	0.0002811195	0.002162148	0	0	0.001414559	0.0003933671	0.000165788	9.947279e-05	0	0.007331077	0.001160542	0.2098118	0	0	0.0008545574	0.0007626248	9.947279e-05	0	0	0	0	0	0.05208894	0	0	0	0	0	0	0	0.010345	9.494873e-05	0.001418328	0	0	0	0	0	0	0.0023339491	0	0.000971397	0	0	0	0	0	0	0	0	0	0	0	0	0	0	0	0	0	0	0	0	0	0	0	0	0	0	0	0	0	0	0	0	0	0	0	0	0	0	0	0	0	0	0	0	0	0	0	0	0	0	0	0	0	0	0	0	0	0	0	0	0	0	0	0	0	0	0	0	0	0	0	0	0	0	0	0	0	0	0	0	0	0	0	0	0	0	0	0	0	0	0	0	0	0	0	0	0	0	0	0	0	0	0	0	0	0	0	0	0	0	0	0	0	0	0	0	0	0	0	0	0	0	0	0	0	0	0	0	0	0	0	0	0	0	0	0	0	0	0	0	0	0	0	0	0	0	0	0	0	0	0	0	0	0	0	0	0	0	0	0	0	0	0	0	0	0	0	0	0	0	0	0	0	0	0	0	0	0	0	0	0	0	0	0	0	0	0	0	0	0	0	0	0	0	0	0	0	0	0	0	0	0	0	0	0	0	0	0	0	0	0	0	0	0	0	0	0	0	0	0	0	0	0	0	0	0	0	0	0	0	0	0	0	0	0	0	0	0	0	0	0	0	0	0	0	0	0	0	0	0	0	0	0	0	0	0	0	0	0	0	0	0	0	0	0	0	0	0	0	0	0	0	0	0	0	0	0	0	0	0	0	0	0	0	0	0	0	0	0	0	0	0	0	0	0	0	0	0	0	0	0	0	0	0	0	0	0	0	0	0	0	0	0	0	0	0	0	0	0	0	0	0	0	0	0	0	0	0	0	0	0	0	0	0	0	0	0	0	0	0
Algae_JACO-A	0.243150603	0.004445046	0	0	0	0.0005338672	0	0.004077632	0.002132803	0	0	0	0	0	0	0	0	0	0	8.25389e-05	0.0004004004	0.001313843	0.0003573752	0	0.001089687	0	0.0002002002	0.00314603	0	0	0	6.67334e-05	0	0.01066317	0.074546872	0.001782071	0.002380104	0	0	0	0	0	0	0	0	0	0.0165899828	0.0004337671	0.01113344	0	0.0568579	0	0	0.0003731467	0	8.25389e-05	0	0.006758634	0	0.005242058	0	0	0.0002063472	0.000365278	0.0002888861	0	0	0	0.0001668335	0.001127445	0	0	0.0001375421	0	0.0001334668	0	0	0	0	0	0	0	0.0009957339	0.0008680981	0.01525502	0.01768288	0	0.008487356	0.000220081	0.02105097	0	0	0	0.007135886	0	0	0.0007911423	0	0	0	0	0	0	0.0001001001	0	0.0007149643	0	0	8.25389e-05	0	0	0	0	0	0	0.00778184	0	0.0003751843	0.0002651779	0.01306197	0.01071375	0.001804437	0.01117684	0	0.006064111	0.001402281	0	0	0.0009090515	0	0.001545654	0.0002318112	0	0	0	0.0002335669	0.0008227533	0	0	0	0	0	0.0004004004	0.0001334668	0.09109661	0	0	0.02633766	0.02978807	0	0.01605081	0.0002335669	0	0.0006243088	0.005492588	0.0446400876	0.001609056	0.0007814839	0.0008973895	0.001394379	0	0.0006740109	0.01289134	0	0	0.004784528	0.001038759	0	0	0	0.01821074	0.007742634	0.09297669	0	0	0.007246247	0.0009676343	0	0	0	0	0	0	0.03007462	0	0	0	0	0	0.0001001001	0	0.008284554	0	0.001038759	0	0.0002002002	0	0.0001650778	0	0	0.0131891469	0.0002985446	0.0005970892	0	0	0	0	0	0	0	0	0	0	0	0	0	0	0	0	0	0	0	0	0	0	0	0	0	0	0	0	0	0	0	0	0	0	0	0	0	0	0	0	0	0	0	0	0	0	0	0	0	0	0	0	0	0	0	0	0	0	0	0	0	0	0	0	0	0	0	0	0	0	0	0	0	0	0	0	0	0	0	0	0	0	0	0	0	0	0	0	0	0	0	0	0	0	0	0	0	0	0	0	0	0	0	0	0	0	0	0	0	0	0	0	0	0	0	0	0	0	0	0	0	0	0	0	0	0	0	0	0	0	0	0	0	0	0	0	0	0	0	0	0	0	0	0	0	0	0	0	0	0	0	0	0	0	0	0	0	0	0	0	0	0	0	0	0	0	0	0	0	0	0	0	0	0	0	0	0	0	0	0	0	0	0	0	0	0	0	0	0	0	0	0	0	0	0	0	0	0	0	0	0	0	0	0	0	0	0	0	0	0	0	0	0	0	0	0	0	0	0	0	0	0	0	0	0	0	0	0	0	0	0	0	0	0	0	0	0	0	0	0	0	0	0	0	0	0	0	0	0	0	0	0	0	0	0	0	0	0	0	0	0	0	0	0	0	0	0	0	0	0	0	0	0	0	0	0	0	0	0	0	0	0	0	0	0	0	0	0	0	0	0	0	0	0	0	0	0	0	0	0	0	0	0	0	0	0	0	0	0	0	0	0	0	0	0	0	0	0	0	0	0	0	0	0	0	0	0	0	0	0	0	0	0	0	0	0	0	0	0	0
Algae_JACO-B	0.164197111	0.004535317	0.00222501	0	0	0.0006037007	0	0.01069664	0.008821667	0	0	0	0	0	0	0	0	0	0	0	0.002796395	0.0007746767	0.0006132798	0.002884239	0.002191033	0	0	0.004150131	0	0	0	0.0003114295	0	0.02331059	0.127593822	0.001870643	0.001237376	0	0.0003114295	7.258211e-05	0	0	0	0	0	0	0.0232736563	0.0007424851	0.000248974	6.037007e-05	0.009068128	0.0002076196	0	0.0001557147	0	0	0	0.002458235	0	0.01899136	0	0	0	0	0.0008728044	9.05551e-05	0	0	0.0005746296	6.037007e-05	0	0	0	0	0.0001088732	0.0002595246	0.0001038098	0	0	0	0	0	0.0002903284	0.0006905802	0.006577146	0.04472252	0	0.01351887	0.0001207401	0.01689288	0	0	0	0.006079607	0	0	0.002782514	0	0	0	0	0.0001811102	0	0.0001038098	0	0.0007512953	0	0	0	0	0	0	0	0	0	0.05026434	0	0	0	0.01056996	0.009247756	0.0007472747	0.005240187	0	0.005957471	0.0003144074	0	0	0.00128588	0	0.001358807	0.0004823342	0	0	0	0.0001933222	0.000539655	0	0.0001088732	0	0	0	0.01129511	0.0001933222	6.037007e-05	0.0001038098	0	0.00792284	0.03997848	0.0004829605	0.02078003	0	0	0.0001811102	0.002853904	0.0531340713	0.002068057	0.001319121	0.0006366612	0.004235769	0	0.0062543	0.0005393025	0	0	0.002995392	0.0002177463	0.0009422584	0	0	0.03578127	0.001564615	0.1763543	0	0	0.001286577	0.0004049626	0	0	0	0	0	0	0.01934512	0	0	0	0	0	0	0	0.002589668	0	0.004409937	0	0	0	0	0	0	0.0052323703	0	0.001340762	0	0	0	0	0	0	0	0	0	0	0	0	0	0	0	0	0	0	0	0	0	0	0	0	0	0	0	0	0	0	0	0	0	0	0	0	0	0	0	0	0	0	0	0	0	0	0	0	0	0	0	0	0	0	0	0	0	0	0	0	0	0	0	0	0	0	0	0	0	0	0	0	0	0	0	0	0	0	0	0	0	0	0	0	0	0	0	0	0	0	0	0	0	0	0	0	0	0	0	0	0	0	0	0	0	0	0	0	0	0	0	0	0	0	0	0	0	0	0	0	0	0	0	0	0	0	0	0	0	0	0	0	0	0	0	0	0	0	0	0	0	0	0	0	0	0	0	0	0	0	0	0	0	0	0	0	0	0	0	0	0	0	0	0	0	0	0	0	0	0	0	0	0	0	0	0	0	0	0	0	0	0	0	0	0	0	0	0	0	0	0	0	0	0	0	0	0	0	0	0	0	0	0	0	0	0	0	0	0	0	0	0	0	0	0	0	0	0	0	0	0	0	0	0	0	0	0	0	0	0	0	0	0	0	0	0	0	0	0	0	0	0	0	0	0	0	0	0	0	0	0	0	0	0	0	0	0	0	0	0	0	0	0	0	0	0	0	0	0	0	0	0	0	0	0	0	0	0	0	0	0	0	0	0	0	0	0	0	0	0	0	0	0	0	0	0	0	0	0	0	0	0	0	0	0	0	0	0	0	0	0	0	0	0	0	0	0	0	0	0	0	0	0	0	0	0	0	0	0	0	0	0	0	0	0	0	0	0	0	0
Algae_JACO-C	0.150195772	0.002476791	0.001112271	0	0	0	0	0.002244454	0.01039752	0	0	0	0	6.892749e-05	0	0	0	0	0	0.0001412549	0.001670425	0	0.0002067825	0.001282464	0.001621575	0	0	0.002608648	0	0	0.000126803	0.001770432	0	0.0112042	0.217969422	0	0.001828995	5.650196e-05	5.650196e-05	0	0	0	0	0	0	0	0.0498659955	0.001232927	0.001764253	0	0.01489202	8.475295e-05	0	0.0001481544	0	6.892749e-05	0	0.001799255	0	0.009820732	0	0	0	0.0007201733	0.0005960675	0	0	0	0	0.0006457855	0	0	8.475295e-05	0	0.0004480287	0	0	0	0	0	0	0	6.340149e-05	0.0004342137	0.04006455	0.01357999	0	0.007319446	0.0001130039	0.01100371	0	0	0	0.004371562	0	0.0001130039	0.001795267	0	0	0	0	0	0	0.0002170819	0	0.00119699	0	0	0	0	0	0	0	0	0	0.002794616	9.510223e-05	0	0	0.01344436	0.005170859	0.0007111975	0.004091548	0	0.02508913	0.0004183384	0	0	0.003938919	0	0.0004203987	0.0005555066	0	0	0	0	0.001198414	0	0	0	0	0	0.006420072	0	0.004077767	0	0	0.006750213	0.01967538	0.001045286	0.009900816	0	0	0	0.005380979	0.060422338	0.005691407	0.00091798	0.001073621	0.002573822	0	0.0005574672	0.006041985	0	0.0005514199	0.0009331187	0.0009594588	0	0	0	0.007767604	0.005335463	0.1782444	0	0	0.003103351	0	0.0001598932	0	0	0	0	0	0.01883245	0	0	0	0	0	0.0001033912	0	0.01262438	0	0.001961911	0	0	0	0.0001130039	0	0	0.0110656481	0	0.0003032084	0	0	0	0	0	0	0	0	0	0	0	0	0	0	0	0	0	0	0	0	0	0	0	0	0	0	0	0	0	0	0	0	0	0	0	0	0	0	0	0	0	0	0	0	0	0	0	0	0	0	0	0	0	0	0	0	0	0	0	0	0	0	0	0	0	0	0	0	0	0	0	0	0	0	0	0	0	0	0	0	0	0	0	0	0	0	0	0	0	0	0	0	0	0	0	0	0	0	0	0	0	0	0	0	0	0	0	0	0	0	0	0	0	0	0	0	0	0	0	0	0	0	0	0	0	0	0	0	0	0	0	0	0	0	0	0	0	0	0	0	0	0	0	0	0	0	0	0	0	0	0	0	0	0	0	0	0	0	0	0	0	0	0	0	0	0	0	0	0	0	0	0	0	0	0	0	0	0	0	0	0	0	0	0	0	0	0	0	0	0	0	0	0	0	0	0	0	0	0	0	0	0	0	0	0	0	0	0	0	0	0	0	0	0	0	0	0	0	0	0	0	0	0	0	0	0	0	0	0	0	0	0	0	0	0	0	0	0	0	0	0	0	0	0	0	0	0	0	0	0	0	0	0	0	0	0	0	0	0	0	0	0	0	0	0	0	0	0	0	0	0	0	0	0	0	0	0	0	0	0	0	0	0	0	0	0	0	0	0	0	0	0	0	0	0	0	0	0	0	0	0	0	0	0	0	0	0	0	0	0	0	0	0	0	0	0	0	0	0	0	0	0	0	0	0	0	0	0	0	0	0	0	0	0	0	0	0	0	0	0
Algae_JULI-A	0.116264998	0.004847237	0	0	0	0	0	0.00139682	0.009321739	0	0	8.599931e-05	0	0	0	0	0	0	0	0.0001895016	0.0006962451	0	0.000128999	0.001124482	0.004573918	0	0	0.004409966	0	0	0.0001895016	0.001558031	0	0.01050991	0.065960205	0.006186349	0.002916016	0.0002842524	0	0	0	0	0	0	0.0006632556	0	0.0507793171	0.006624853	0.001133735	0	0.01734018	0	0	0.0008025416	0	0	0	0.01449396	0	0.00548868	0	0	0	0.0001895016	0.0008276494	0	0	0	5.809731e-05	0.0003439972	0	0	0	0	0.000128999	0	0	0.0002323893	0	0	0	0	0	0.0005927428	0.02630221	0.02468815	0	0.00729512	8.714597e-05	0.006070576	0	0	0	0.009208588	0	0	0.001176734	0	0	0	0	0	0	0	0	0.003761109	0	0	0.0001452433	0	0	0	0	0	0	0.002750864	0	0	0	0.01743216	0.02701158	0.004754391	0.01335465	0	0.008438028	0.0003439972	8.714597e-05	0	0.003893607	0	0.001907227	0.0002323893	0	0	0	0	0.0005217292	0	0.0002021939	0	0	5.809731e-05	0.003718228	0.0005811972	0.01072783	5.809731e-05	0	0.02690825	0.02884379	0	0.02808766	0	0	0.003667116	0.008951533	0.1130252217	0.0005496312	0.0004357298	0.002097375	0.001034654	0	0.0002755009	0.002538126	0	0	0.0006333372	0	8.714597e-05	0	0	0.028811	0.01319096	0.1917648	0	0	0.007214268	0.0009529844	8.714597e-05	0	0	0	0	0	0.01485103	0	0	0	0	0	0	0	0.00665232	0	0.001217974	0	0	0	0	0	0	0.0124053841	0	0.0005647288	0	0	0	0	0	0	0	0	0	0	0	0	0	0	0	0	0	0	0	0	0	0	0	0	0	0	0	0	0	0	0	0	0	0	0	0	0	0	0	0	0	0	0	0	0	0	0	0	0	0	0	0	0	0	0	0	0	0	0	0	0	0	0	0	0	0	0	0	0	0	0	0	0	0	0	0	0	0	0	0	0	0	0	0	0	0	0	0	0	0	0	0	0	0	0	0	0	0	0	0	0	0	0	0	0	0	0	0	0	0	0	0	0	0	0	0	0	0	0	0	0	0	0	0	0	0	0	0	0	0	0	0	0	0	0	0	0	0	0	0	0	0	0	0	0	0	0	0	0	0	0	0	0	0	0	0	0	0	0	0	0	0	0	0	0	0	0	0	0	0	0	0	0	0	0	0	0	0	0	0	0	0	0	0	0	0	0	0	0	0	0	0	0	0	0	0	0	0	0	0	0	0	0	0	0	0	0	0	0	0	0	0	0	0	0	0	0	0	0	0	0	0	0	0	0	0	0	0	0	0	0	0	0	0	0	0	0	0	0	0	0	0	0	0	0	0	0	0	0	0	0	0	0	0	0	0	0	0	0	0	0	0	0	0	0	0	0	0	0	0	0	0	0	0	0	0	0	0	0	0	0	0	0	0	0	0	0	0	0	0	0	0	0	0	0	0	0	0	0	0	0	0	0	0	0	0	0	0	0	0	0	0	0	0	0	0	0	0	0	0	0	0	0	0	0	0	0	0	0	0	0	0	0	0	0	0	0	0	0	0
Algae_JUZES-A	0.173094748	0.00901665	0	0	0	0.00309023	0	0.0004842002	0.004314136	0.0001979414	0	0	0	0	0	0	0	0	0	0	0	0.000720569	0.001022967	0.001839948	0.00071774	0	0	0.006615599	0	0	0	0.001159676	0	0.009701501	0.146533398	0.002633163	0.001977316	0.0006109939	0	0	0	0	0	0	0.002639219	0	0.0119473662	0.0006437143	0.007764433	0	0.01051891	0	0	0.0007909263	0	0	0	0.002320801	0	0.01074629	0	0	0	0.001116032	0	0.0001239157	0.0001239157	0	0	0	0	0	0	0	0.0001239157	0	0.0004543577	0	0	0	0	0	0	0.0004253057	0.1029693	0.003316264	0.0002478315	0.005503404	0	0.01938414	0.001287429	0	0	0.00952958	0	0	0.001306888	0.0001239157	0	0	0	0.000165221	0	0	0	0.000165221	0	0	0	0	0	0	0	0	0.0006232471	0.001145875	0	0	0	0.002411255	0.0009209686	0.003812298	0.007812405	0	0.006369903	0.00145211	0	0	0.004313177	0.0001319609	0	0.001080854	0	0	0	0	0.002188638	0	0.0004291429	0	0	0.000165221	0.005245766	0.0001979414	0.02278419	0	0	0.01090691	0.01159131	0.01032631	0.0007182796	0.0003446138	0	0.002344735	0.01259199	0.0688035356	0.002350104	0.001774458	0	0.0006379585	0	0	0.02108495	0	0.001510585	0.0004956629	0.0005943638	0.001807227	0.0002065262	0.0001979414	0.003679595	0.009922068	0.1440339	0	0	0.006864689	0	0	0	0	0	0	0	0.02849927	0	0	0.0002065262	0	0	0.0002558767	0	0.01403664	0	0.001576026	0	0	0	0.0001979414	0.001807549	0	0.0212134934	0.0005696886	0.0002952633	0	0	0	0	0	0	0	0	0	0	0	0	0	0	0	0	0	0	0	0	0	0	0	0	0	0	0	0	0	0	0	0	0	0	0	0	0	0	0	0	0	0	0	0	0	0	0	0	0	0	0	0	0	0	0	0	0	0	0	0	0	0	0	0	0	0	0	0	0	0	0	0	0	0	0	0	0	0	0	0	0	0	0	0	0	0	0	0	0	0	0	0	0	0	0	0	0	0	0	0	0	0	0	0	0	0	0	0	0	0	0	0	0	0	0	0	0	0	0	0	0	0	0	0	0	0	0	0	0	0	0	0	0	0	0	0	0	0	0	0	0	0	0	0	0	0	0	0	0	0	0	0	0	0	0	0	0	0	0	0	0	0	0	0	0	0	0	0	0	0	0	0	0	0	0	0	0	0	0	0	0	0	0	0	0	0	0	0	0	0	0	0	0	0	0	0	0	0	0	0	0	0	0	0	0	0	0	0	0	0	0	0	0	0	0	0	0	0	0	0	0	0	0	0	0	0	0	0	0	0	0	0	0	0	0	0	0	0	0	0	0	0	0	0	0	0	0	0	0	0	0	0	0	0	0	0	0	0	0	0	0	0	0	0	0	0	0	0	0	0	0	0	0	0	0	0	0	0	0	0	0	0	0	0	0	0	0	0	0	0	0	0	0	0	0	0	0	0	0	0	0	0	0	0	0	0	0	0	0	0	0	0	0	0	0	0	0	0	0	0	0	0	0	0	0	0	0	0	0	0	0	0	0	0	0	0	0	0	0	0
Algae_JUZET-A	0.008378379	0.000212237	0	0	0	0	0	0.001997272	0.005902505	0	0	6.063914e-05	0	0	0	0	0	0	0	0	0.0003736921	0	0.0006113734	0.008623012	0.00283329	0	0	0.002811132	0	0	0	0	0	0.000723696	0.709534936	0	0	0	0	0	0	0	0	0	0.0002393776	0	0.0252428776	0.0104708	0	0	0.0002491281	0	0	0	0	0	0	0.006555705	0	0.0178227	0	0	0	0	0	0	0	0	0	0	0	0	0	0	0	0	0	0	0	0	0	0	0	0	0.0170357	0.007561754	0	0.003585609	0	0.0009442008	6.063914e-05	0	0	0.001124422	0	0	0.000299222	0	0	0	0	0	0	0	0	0.0003008115	0	0	0	0	0	0	0	0	0.0002491281	0.0002491281	0	0	0	0.009241371	0.001210399	0	0.0001212783	0	0.001475054	0.0002425565	0	0	0.0004827289	0	0	0	0	0	0	0	0	6.063914e-05	0	0	0	0	0.0003941544	0.000601623	0.0001515978	0	0	0.001993879	0.009648301	0.002577163	0.001267859	0	0	0	0.0006311478	0.02310719	6.063914e-05	0	0	0.0001196888	0	0	0.01058562	0	0.0001196888	0.0004982561	0	0	0	0	0.005479574	0.0006834593	0.08939367	0	0	0.0006933764	0.0001819174	0.000212237	0	0	0	0	0	0	0	0	0	0	0	0	0	0.0002393776	0	0.001282591	0	0	0	0	0	0	0.003189592	0	0	0	0	0	0	0	0	0	0	0	0	0	0	0	0	0	0	0	0	0	0	0	0	0	0	0	0	0	0	0	0	0	0	0	0	0	0	0	0	0	0	0	0	0	0	0	0	0	0	0	0	0	0	0	0	0	0	0	0	0	0	0	0	0	0	0	0	0	0	0	0	0	0	0	0	0	0	0	0	0	0	0	0	0	0	0	0	0	0	0	0	0	0	0	0	0	0	0	0	0	0	0	0	0	0	0	0	0	0	0	0	0	0	0	0	0	0	0	0	0	0	0	0	0	0	0	0	0	0	0	0	0	0	0	0	0	0	0	0	0	0	0	0	0	0	0	0	0	0	0	0	0	0	0	0	0	0	0	0	0	0	0	0	0	0	0	0	0	0	0	0	0	0	0	0	0	0	0	0	0	0	0	0	0	0	0	0	0	0	0	0	0	0	0	0	0	0	0	0	0	0	0	0	0	0	0	0	0	0	0	0	0	0	0	0	0	0	0	0	0	0	0	0	0	0	0	0	0	0	0	0	0	0	0	0	0	0	0	0	0	0	0	0	0	0	0	0	0	0	0	0	0	0	0	0	0	0	0	0	0	0	0	0	0	0	0	0	0	0	0	0	0	0	0	0	0	0	0	0	0	0	0	0	0	0	0	0	0	0	0	0	0	0	0	0	0	0	0	0	0	0	0	0	0	0	0	0	0	0	0	0	0	0	0	0	0	0	0	0	0	0	0	0	0	0	0	0	0	0	0	0	0	0	0	0	0	0	0	0	0	0
Algae_JUZET-B	0.112483333	0.00787945	0	0	0	0	0	0.01255062	0.03713954	0	0	0	0.006035802	0	0	0	0	0	0	0	0.004080695	0	0.000113071	0.004755589	9.117433e-05	0	0	0.004504395	0	0	9.117433e-05	0	0	0.01179733	0.112453588	0.004908305	0	0	0	0	0	0.0001367615	0	0	0	0.0005014588	0.0169300536	0	0.00936958	0	0.006151158	0	0	0.000203749	0	0	0	0.01062678	0	0	0	0	0	0	0.07844777	0	0	0	0	0	0	0	0	0	0.000113071	0	0	0	0	0	0	0	0	0.001273654	0.003517319	0.1399839	0	0.01457757	0	0.04632198	0	0	0	0.0007125685	0	0	0.001372622	0	0	0	0	0	0	0.0009860276	0	0.0158814	0	0.0002279358	0	0	0	0	0	0	0	0.001781977	0	0	0	0.03188825	0.03148409	0.0007148587	0.0006450208	0	0.00587306	0	0	0	0	0	0	0.000565355	0	0	0	0	0	0	0.000113071	0	0	0	0	0.000113071	0.000203749	0	0	0.01556721	0.04286156	0	0.03612738	0	0	0	0	0.0480504784	0	0	0	0.001509943	0	0	0	0	0	0.002119893	0	0.0009974723	0	0	0.01217176	0.0009309173	0.09486557	0	0	0	0.0004558716	0.003936814	0	0	0	0	0	0.0001358327	0	0	0	0	0	0	0	0.0002826775	0	0	0	0	0	0	0	0	0	0	0.0003847363	0	0	0	0	0	0	0	0	0	0	0	0	0	0	0	0	0	0	0	0	0	0	0	0	0	0	0	0	0	0	0	0	0	0	0	0	0	0	0	0	0	0	0	0	0	0	0	0	0	0	0	0	0	0	0	0	0	0	0	0	0	0	0	0	0	0	0	0	0	0	0	0	0	0	0	0	0	0	0	0	0	0	0	0	0	0	0	0	0	0	0	0	0	0	0	0	0	0	0	0	0	0	0	0	0	0	0	0	0	0	0	0	0	0	0	0	0	0	0	0	0	0	0	0	0	0	0	0	0	0	0	0	0	0	0	0	0	0	0	0	0	0	0	0	0	0	0	0	0	0	0	0	0	0	0	0	0	0	0	0	0	0	0	0	0	0	0	0	0	0	0	0	0	0	0	0	0	0	0	0	0	0	0	0	0	0	0	0	0	0	0	0	0	0	0	0	0	0	0	0	0	0	0	0	0	0	0	0	0	0	0	0	0	0	0	0	0	0	0	0	0	0	0	0	0	0	0	0	0	0	0	0	0	0	0	0	0	0	0	0	0	0	0	0	0	0	0	0	0	0	0	0	0	0	0	0	0	0	0	0	0	0	0	0	0	0	0	0	0	0	0	0	0	0	0	0	0	0	0	0	0	0	0	0	0	0	0	0	0	0	0	0	0	0	0	0	0	0	0	0	0	0	0	0	0	0	0	0	0	0	0	0	0	0	0	0	0	0	0	0	0	0	0	0	0	0	0	0	0	0	0	0	0	0	0	0	0	0	0	0
Algae_JUZET-C	0.067695402	0.002038426	0	0	0.0003387252	0	0	0.002020633	0.01084398	0.0003121423	0	0	0.001738575	0	0	0	0	0	0	0	0.001338443	0.0001734124	0.0001040474	0.002667552	0.002854124	0	0	0.002070013	0	0	0	0.002044541	0	0.003576138	0.15238458	0.002224536	0	0	0.0001098177	0	0	0	0	0	0	0	0.0827781572	0	0.0005199328	0	0.001992954	0	0	0	0	0	0	0	0	0.0009843705	0	0.0004734054	0.0002774599	0.0001425768	0.0002774599	0	0	0	0.0008400732	0	0	0	0	0	0	0	0	0	0	0	0	0	0	0.0002693603	0.03349035	0.01345199	0	0.006985587	0	0.008136788	0	0	0	0.0002040451	0	0	0.00100326	0	0	0	0	0	0	6.936496e-05	0	0.0003734077	0	0	0	7.32118e-05	0	0	0	0	0	0	0	0	0	0.0740002	0.02974294	0	0.001200362	0	0.003244213	0	0	0	0.0001734124	0	0.002676682	0	0	7.32118e-05	6.936496e-05	0	0	0	0	0	0	0	0.002704925	0.0003792794	0.0001830295	0	0	0.008354784	0.07703158	0.001062947	0.00262645	0	0	0	0.001090544	0.084581042	0.004793294	0.0007971897	0	0.01997322	0	0	0.01835774	0	0.0002020202	0.0002080949	0	0	0	0.0001387299	0.003104392	0.002723595	0.2037509	0	0	0.0002080949	0.0002020202	0	6.936496e-05	0	0	0	0	0	0	0.0001040474	0	0	0	0	0	0.0002078919	0	0.0006159821	0	0	0	0	0	0	0.047264427	0	0.001205178	0	0	0	0	0	0	0	0	0	0	0	0	0	0	0	0	0	0	0	0	0	0	0	0	0	0	0	0	0	0	0	0	0	0	0	0	0	0	0	0	0	0	0	0	0	0	0	0	0	0	0	0	0	0	0	0	0	0	0	0	0	0	0	0	0	0	0	0	0	0	0	0	0	0	0	0	0	0	0	0	0	0	0	0	0	0	0	0	0	0	0	0	0	0	0	0	0	0	0	0	0	0	0	0	0	0	0	0	0	0	0	0	0	0	0	0	0	0	0	0	0	0	0	0	0	0	0	0	0	0	0	0	0	0	0	0	0	0	0	0	0	0	0	0	0	0	0	0	0	0	0	0	0	0	0	0	0	0	0	0	0	0	0	0	0	0	0	0	0	0	0	0	0	0	0	0	0	0	0	0	0	0	0	0	0	0	0	0	0	0	0	0	0	0	0	0	0	0	0	0	0	0	0	0	0	0	0	0	0	0	0	0	0	0	0	0	0	0	0	0	0	0	0	0	0	0	0	0	0	0	0	0	0	0	0	0	0	0	0	0	0	0	0	0	0	0	0	0	0	0	0	0	0	0	0	0	0	0	0	0	0	0	0	0	0	0	0	0	0	0	0	0	0	0	0	0	0	0	0	0	0	0	0	0	0	0	0	0	0	0	0	0	0	0	0	0	0	0	0	0	0	0	0	0	0	0	0	0	0	0	0	0	0	0	0	0	0	0	0	0	0	0	0	0	0	0	0	0	0	0	0	0	0	0	0	0	0	0	0	0
Algae_LABA-A	0.333020211	0.005946681	0	0	6.22665e-05	0	0	0.003304695	0.003024379	0	0.0004001	0	0.0001500375	0	0	0	0	0	0	0	0.000141536	0	0.000336837	0.000500125	0.000253815	0	0	0.004256914	0	0	6.22665e-05	0.002020259	0	0.0194922	0.080617195	0.1162883	0.000283072	0	0	0	0	0	0	0	0	0	0.0108397793	0.000807705	0.001121794	0.0001037775	0.03160249	0.0001500375	6.22665e-05	0.0009162315	0	0	0	0.004855197	0	0.005007733	0	0	0	0	0	0	0	0	0.000324583	0	0	0	0	0	0.000456621	0	0	0	0	0	0	0.000100025	0	8.3022e-05	0.001522396	0.01573415	0	0.02259247	0.0002228922	0.0245804	6.22665e-05	0	0	0.009865104	0	0	0.0009062397	0	0	0	0	0	0	0	0	0.002024775	0	0	0	0	0	0	0	0	0	0.00952033	8.3022e-05	0	0	0.01118882	0.007494924	0.002694448	0.003607865	0	0.01273523	0.0002283105	0	0.000124533	0.00278446	0	0	0.000207555	0	0	0	0	0	0	0	0	0	0.00020005	0.01540385	0	0.01216019	0.0001360359	0	0.01869827	0.01799442	0	0.01342563	0	0	0.001100275	0.003877418	0.0421683377	0.0001037775	0.001206057	0	0.001233567	0	6.22665e-05	0.0017017	0	0	0.000290577	0.000100025	0.0001037775	0	0	0.01437236	0.01604513	0.07006739	0	0	0.001463625	0.000473624	0.001759959	0	0	0	0	0	0.00192415	0	0	0	0	0	0	0.000100025	0.000207555	0	0.00020005	0	0	0	0.0001452885	0	0	0.0048248873	0	0.003677437	0	0	0	0	0	0	0	0	0	0	0	0	0	0	0	0	0	0	0	0	0	0	0	0	0	0	0	0	0	0	0	0	0	0	0	0	0	0	0	0	0	0	0	0	0	0	0	0	0	0	0	0	0	0	0	0	0	0	0	0	0	0	0	0	0	0	0	0	0	0	0	0	0	0	0	0	0	0	0	0	0	0	0	0	0	0	0	0	0	0	0	0	0	0	0	0	0	0	0	0	0	0	0	0	0	0	0	0	0	0	0	0	0	0	0	0	0	0	0	0	0	0	0	0	0	0	0	0	0	0	0	0	0	0	0	0	0	0	0	0	0	0	0	0	0	0	0	0	0	0	0	0	0	0	0	0	0	0	0	0	0	0	0	0	0	0	0	0	0	0	0	0	0	0	0	0	0	0	0	0	0	0	0	0	0	0	0	0	0	0	0	0	0	0	0	0	0	0	0	0	0	0	0	0	0	0	0	0	0	0	0	0	0	0	0	0	0	0	0	0	0	0	0	0	0	0	0	0	0	0	0	0	0	0	0	0	0	0	0	0	0	0	0	0	0	0	0	0	0	0	0	0	0	0	0	0	0	0	0	0	0	0	0	0	0	0	0	0	0	0	0	0	0	0	0	0	0	0	0	0	0	0	0	0	0	0	0	0	0	0	0	0	0	0	0	0	0	0	0	0	0	0	0	0	0	0	0	0	0	0	0	0	0	0	0	0	0	0	0	0	0	0	0	0	0	0	0	0	0	0	0	0	0	0	0	0	0	0	0	0
Algae_LABA-B	0.200579165	0.002387206	0.0001788845	0	0	0	0	0.0001287333	0.002124569	0.0001431076	0	0	0	0	0	0	0	0	0	0	0.0001073307	0.0001785013	0.0003216855	0.0002146614	7.140052e-05	0	0.0003219921	0.002810928	0	0	0	0.0002499018	0	0.007410105	0.058258034	0.0634224	0.0009652098	0.0002289298	0	0	0	0	0	0	0	0	0.0092378937	0.0002289298	0.002058127	0	0.1985461	0	0	0.0008583389	0	0	0	0.005875497	0	0.00978868	0	0	0	0.0001073307	0.0002143548	0	0	0	0.0001073307	0.0006436009	0	0	0	0	0.0002144315	0	0.0003219921	0	0	0	0	0	0.0002501317	0	0.0292391	0.00965861	0	0.008984868	0	0.006485719	0.0006439841	0	0	0.006187151	0	0	0.0003216855	0	0	0	0	0	0	0	0	0.0002574665	0	0	0	0	0	0	0	0	7.155379e-05	0.0008654438	0	0.0001073307	0	0.005634951	0.004505673	0.002145771	0.004288093	0	0.002824324	0.002610764	0	0	0.001001753	0	0.0001788845	0.0001073307	0	0	0	0.0001431076	0.0007870917	0	0	0	0	0	0.0003931627	0.0001071008	0.1666406	0.0001073307	0	0.0178083	0.009562706	0	0.008118245	0	0	0.0005008765	0.009206879	0.0290670736	0.004038775	0.0002504383	0	0.0009290498	0	0.0007502419	0.007359986	0	0	0.00230122	0	0.0006436009	7.155379e-05	0.0001073307	0.007042756	0.007443689	0.04843557	0	0	0.001859785	0.0008570362	0.0004647165	0	0	0	0	0	0.0005007233	0	0	0	0	0	0.0001073307	0	0.00216771	0	0.0008217191	0	0	0	0	0	0	0.0156914961	0	0.001036917	0	0	0	0	0	0	0	0	0	0	0	0	0	0	0	0	0	0	0	0	0	0	0	0	0	0	0	0	0	0	0	0	0	0	0	0	0	0	0	0	0	0	0	0	0	0	0	0	0	0	0	0	0	0	0	0	0	0	0	0	0	0	0	0	0	0	0	0	0	0	0	0	0	0	0	0	0	0	0	0	0	0	0	0	0	0	0	0	0	0	0	0	0	0	0	0	0	0	0	0	0	0	0	0	0	0	0	0	0	0	0	0	0	0	0	0	0	0	0	0	0	0	0	0	0	0	0	0	0	0	0	0	0	0	0	0	0	0	0	0	0	0	0	0	0	0	0	0	0	0	0	0	0	0	0	0	0	0	0	0	0	0	0	0	0	0	0	0	0	0	0	0	0	0	0	0	0	0	0	0	0	0	0	0	0	0	0	0	0	0	0	0	0	0	0	0	0	0	0	0	0	0	0	0	0	0	0	0	0	0	0	0	0	0	0	0	0	0	0	0	0	0	0	0	0	0	0	0	0	0	0	0	0	0	0	0	0	0	0	0	0	0	0	0	0	0	0	0	0	0	0	0	0	0	0	0	0	0	0	0	0	0	0	0	0	0	0	0	0	0	0	0	0	0	0	0	0	0	0	0	0	0	0	0	0	0	0	0	0	0	0	0	0	0	0	0	0	0	0	0	0	0	0	0	0	0	0	0	0	0	0	0	0	0	0	0	0	0	0	0	0	0	0	0	0	0	0	0	0	0	0	0	0	0	0	0	0	0	0	0
Algae_LABA-C	0.219301901	0.002147054	0	0	0.0003103033	0	0	0.0003697313	0.002300699	0	0	0	0	0	0	0	0	0	0	0.01558607	0.0002464876	0.0005455641	0	0	0.0005751376	0	0	0.002938559	0	0	8.216252e-05	0.000967131	0	0.00923717	0.067985512	0.08992696	0.002110567	8.216252e-05	0	0	0.0001148237	0	0	0	0	0	0.0301388806	0.002597722	0.008291961	0	0.05141696	0	0	0.0003485778	0	0	0	0.006347226	0	0.005048225	0	0	0	0.0005909588	0.002763761	0	0	0	0	7.654916e-05	0	0	0	0	0	0	0	0	0	0	0	0	0.0002763421	0.0001913729	0.0206068	0.02554873	0	0.006967567	0.0005144096	0.005872258	0	0	0	0.003057564	0	0	8.216252e-05	0	0	0	0	0	0	0	0	0.003067756	0	0	0	0	0	0	0	0	0	0.003322058	0	0	0.0003286501	0.009587446	0.01821689	0.001198758	0.003439482	0	0.003826807	0.0004746283	0	0	0.0006573001	0	0.001209984	0	0	0	0	0.0004350538	0	0	0	0	0	0	0	0	0.04911397	0	0	0.01555872	0.01756658	0	0.04797136	0.0003286501	0	0.0009604833	0.004869808	0.0456844292	0.0004518938	0.000164325	0.0009464499	0.0007425504	0	0.0002875688	0.007744922	0	0	0.01029322	0	0.0001530983	0	0	0.02081046	0.005778455	0.1125324	0	0	0.002603335	0.0008627064	0.001471333	0	0	0	0	0	0.001572877	0	0	0	0	0	0	0	0.00455101	0	0.0002054063	0	0	0	0.0003569979	0	0	0.0143691539	0	0.0007170092	0	0	0	0	0	0	0	0	0	0	0	0	0	0	0	0	0	0	0	0	0	0	0	0	0	0	0	0	0	0	0	0	0	0	0	0	0	0	0	0	0	0	0	0	0	0	0	0	0	0	0	0	0	0	0	0	0	0	0	0	0	0	0	0	0	0	0	0	0	0	0	0	0	0	0	0	0	0	0	0	0	0	0	0	0	0	0	0	0	0	0	0	0	0	0	0	0	0	0	0	0	0	0	0	0	0	0	0	0	0	0	0	0	0	0	0	0	0	0	0	0	0	0	0	0	0	0	0	0	0	0	0	0	0	0	0	0	0	0	0	0	0	0	0	0	0	0	0	0	0	0	0	0	0	0	0	0	0	0	0	0	0	0	0	0	0	0	0	0	0	0	0	0	0	0	0	0	0	0	0	0	0	0	0	0	0	0	0	0	0	0	0	0	0	0	0	0	0	0	0	0	0	0	0	0	0	0	0	0	0	0	0	0	0	0	0	0	0	0	0	0	0	0	0	0	0	0	0	0	0	0	0	0	0	0	0	0	0	0	0	0	0	0	0	0	0	0	0	0	0	0	0	0	0	0	0	0	0	0	0	0	0	0	0	0	0	0	0	0	0	0	0	0	0	0	0	0	0	0	0	0	0	0	0	0	0	0	0	0	0	0	0	0	0	0	0	0	0	0	0	0	0	0	0	0	0	0	0	0	0	0	0	0	0	0	0	0	0	0	0	0	0	0	0	0	0	0	0	0	0	0	0	0	0	0	0	0	0	0	0
Algae_LABAS-A	0.100708882	0.003323831	0	0	0	0	0	0.002222115	0.007346227	0	0	0	0	0	0	0	0	0	0	0.0003195328	0.0005130687	9.676795e-05	0.0003870718	0.0005806077	0.0003548158	0	6.451197e-05	0.003335939	0	0	0	0.0005392706	0	0.006379069	0.073820506	0.008952973	0.0028521	0.0006330116	9.676795e-05	0	0	0	0	0	0	0	0.0199571787	0.001263517	0.006181985	0	0.009930254	0	0	0.001462586	0	0	0	0.002726103	0	0.001673763	0	0	0	0.0002580479	0	0	0	0	9.676795e-05	0.0003870718	0	0	9.676795e-05	0	0	0.0003870718	0.0001290239	0	6.451197e-05	0	0	0	0	0	0.047899	0.02352998	0	0.006937022	0	0.003353581	0	0	0	0.005677477	6.451197e-05	0	0.0003810177	0	0	0	0	0	0	0	0	0.002064383	0	0	0	0	0	0	0	0	0	0.001216646	0	0	0	0.02091285	0.04893822	0.002872768	0.004701758	0	0.005161902	0.000844189	0	0	0.004581294	0	0.001653095	6.451197e-05	0	0	0	0	0.0008003455	6.451197e-05	6.451197e-05	0	0	0.0001582529	0.004965859	6.451197e-05	0.02300574	9.676795e-05	0	0.02658866	0.018854	0.002254892	0.03045541	0	0.0003810177	0.0026142	0.008993268	0.0808270883	0.001322495	0.0003840448	0.0004777857	0.00178264	0	0.0004193278	0.009506434	0	0.0004515838	0.0002903039	0.001538685	0.0001582529	0	0	0.006827625	0.002846046	0.1681183	0	0	0.007444981	0	0	0	0	0	0	0	0.1121104	0	0	0	0	0	0	0	0.001234288	0	0.001412689	0	0	0	0	0	0	0.0446303057	0.0001582529	0.0007005505	0	0	0	0	0	0	0	0	0	0	0	0	0	0	0	0	0	0	0	0	0	0	0	0	0	0	0	0	0	0	0	0	0	0	0	0	0	0	0	0	0	0	0	0	0	0	0	0	0	0	0	0	0	0	0	0	0	0	0	0	0	0	0	0	0	0	0	0	0	0	0	0	0	0	0	0	0	0	0	0	0	0	0	0	0	0	0	0	0	0	0	0	0	0	0	0	0	0	0	0	0	0	0	0	0	0	0	0	0	0	0	0	0	0	0	0	0	0	0	0	0	0	0	0	0	0	0	0	0	0	0	0	0	0	0	0	0	0	0	0	0	0	0	0	0	0	0	0	0	0	0	0	0	0	0	0	0	0	0	0	0	0	0	0	0	0	0	0	0	0	0	0	0	0	0	0	0	0	0	0	0	0	0	0	0	0	0	0	0	0	0	0	0	0	0	0	0	0	0	0	0	0	0	0	0	0	0	0	0	0	0	0	0	0	0	0	0	0	0	0	0	0	0	0	0	0	0	0	0	0	0	0	0	0	0	0	0	0	0	0	0	0	0	0	0	0	0	0	0	0	0	0	0	0	0	0	0	0	0	0	0	0	0	0	0	0	0	0	0	0	0	0	0	0	0	0	0	0	0	0	0	0	0	0	0	0	0	0	0	0	0	0	0	0	0	0	0	0	0	0	0	0	0	0	0	0	0	0	0	0	0	0	0	0	0	0	0	0	0	0	0	0	0	0	0	0	0	0	0	0	0	0	0	0	0	0	0	0	0	0
Algae_LABAS-B	0.053934384	0.002831152	0.0001142857	0	0	0	0	0.009230654	0.003316978	0	0	0	0	0	0	0	0	0	0	0	0.004241271	7.619048e-05	0.0004233919	0.001128655	0.002165636	0	0	0.006588992	0	0	0	0.0007603084	0	0.007863214	0.124204355	0.005524423	0.001102553	0	0	0	0	0	0	0	0	0	0.0463362342	0.02235905	0.001202859	4.882574e-05	0.0151258	0	0	0.0004614871	0	0	0	0.005230726	0	0.01080624	0	0	7.619048e-05	0	0.0009097375	0	0	0	4.882574e-05	0.0002666667	0	0	0	0	0	0.0008665183	0.0001142857	0	0	0	0	0	0.0005101458	0.001453412	0.1273471	0.01853745	0	0.008950822	0	0.004488481	0.000152381	0	0	0.006084044	0	0	0.0008536525	0	0	0	0	0	0	0	0	0.005154458	0	0	0	0	0	0	0	0	0	0	0	7.619048e-05	0	0.01471239	0.03893759	0.003085826	0.002689836	0	0.009988621	9.765148e-05	0	0	0.001035088	0	0.001997216	0	0	0.0001142857	0	0	0.0006798106	0	0.0001969926	0	0	0	0.005027215	0.0001610695	0.01464504	0	0	0.05132893	0.02675765	0.004546977	0.02554672	0	0	0.002515047	0.003092639	0.0844020388	0.001064773	0.0005919428	0.0008306321	0.001072069	0	0.0004942913	0.000630948	0	0	0.001361107	0	0	0	0	0.02643593	0.006931701	0.1342513	0	0	0.002412699	0.0001464772	0.0001940407	0	0	0	0	0	0.009274354	0	0	0	0	0	0	0	0.001803082	0	0.001471828	0	8.053475e-05	0	4.882574e-05	0	0	0.0180261578	0	0.0003506358	0	0	0	0	0	0	0	0	0	0	0	0	0	0	0	0	0	0	0	0	0	0	0	0	0	0	0	0	0	0	0	0	0	0	0	0	0	0	0	0	0	0	0	0	0	0	0	0	0	0	0	0	0	0	0	0	0	0	0	0	0	0	0	0	0	0	0	0	0	0	0	0	0	0	0	0	0	0	0	0	0	0	0	0	0	0	0	0	0	0	0	0	0	0	0	0	0	0	0	0	0	0	0	0	0	0	0	0	0	0	0	0	0	0	0	0	0	0	0	0	0	0	0	0	0	0	0	0	0	0	0	0	0	0	0	0	0	0	0	0	0	0	0	0	0	0	0	0	0	0	0	0	0	0	0	0	0	0	0	0	0	0	0	0	0	0	0	0	0	0	0	0	0	0	0	0	0	0	0	0	0	0	0	0	0	0	0	0	0	0	0	0	0	0	0	0	0	0	0	0	0	0	0	0	0	0	0	0	0	0	0	0	0	0	0	0	0	0	0	0	0	0	0	0	0	0	0	0	0	0	0	0	0	0	0	0	0	0	0	0	0	0	0	0	0	0	0	0	0	0	0	0	0	0	0	0	0	0	0	0	0	0	0	0	0	0	0	0	0	0	0	0	0	0	0	0	0	0	0	0	0	0	0	0	0	0	0	0	0	0	0	0	0	0	0	0	0	0	0	0	0	0	0	0	0	0	0	0	0	0	0	0	0	0	0	0	0	0	0	0	0	0	0	0	0	0	0	0	0	0	0	0	0	0	0	0	0	0	0	0
Algae_LABR-A	0.227886876	0.0007849254	0	0	0	0	0	0.00125231	0.00504664	0	0.004384061	0	0.02240234	0	0	0	0	0	0	0	0.0009397102	0.0001413328	0	0.003112798	0.0002599698	0	0	0.0009213181	0	0	6.97496e-05	0	0	0.006941118	0.19577235	0.01318595	0	0	0	0	0	0	0	0	0	0.0005744795	0.0197408994	0.003376824	0.0008023249	0.0002092488	0.0470166	0	0	0	0	0.000174374	0	0.009116589	0	0.001499745	0	0	0	0	0.007763218	0	0	0	0.0004230815	0	0	0	0	0	0.0007671698	0.001499616	0	0	0	0	0	0	0	0.0004533724	0.01432825	0.02888862	0	0.04329225	0.0001413328	0.007902479	0	0	0	0.006314796	0.0001046244	0	0.002036243	0	0	0	0	0	0	0	0	0.001736102	0	0.0001394992	0	0	0	0	0	0	0	0.0002119992	0	0	0	0.0184682	0.01182866	0.008293155	0.002329815	0	0.001443728	0	0	0	0.0003119638	0	0	0.0001039879	0	0	0	0	0	0.0001039879	0	0	0	0	0.002339729	0.0002783619	0.0006307771	0	0	0.003788515	0.04208658	0.002235741	0.01585611	0	0	0.0004679457	0.002210541	0.0565268221	0	0	0	0.0004533724	0	0	0.002850173	0	0	0.003904107	0	0	0	0.0002079759	0.01230687	0.005264961	0.1009859	0	0	0.0002434871	0.0005389682	0.0004159517	0	0	0	0	0.0003836228	0.0001039879	0	0	0	0	0	0	0	0.001128658	0	0.0001559819	0	0	0	0.0002092488	0	0	0.0193690254	0	0.000557921	0	0	0	0	0	0	0	0	0	0	0	0	0	0	0	0	0	0	0	0	0	0	0	0	0	0	0	0	0	0	0	0	0	0	0	0	0	0	0	0	0	0	0	0	0	0	0	0	0	0	0	0	0	0	0	0	0	0	0	0	0	0	0	0	0	0	0	0	0	0	0	0	0	0	0	0	0	0	0	0	0	0	0	0	0	0	0	0	0	0	0	0	0	0	0	0	0	0	0	0	0	0	0	0	0	0	0	0	0	0	0	0	0	0	0	0	0	0	0	0	0	0	0	0	0	0	0	0	0	0	0	0	0	0	0	0	0	0	0	0	0	0	0	0	0	0	0	0	0	0	0	0	0	0	0	0	0	0	0	0	0	0	0	0	0	0	0	0	0	0	0	0	0	0	0	0	0	0	0	0	0	0	0	0	0	0	0	0	0	0	0	0	0	0	0	0	0	0	0	0	0	0	0	0	0	0	0	0	0	0	0	0	0	0	0	0	0	0	0	0	0	0	0	0	0	0	0	0	0	0	0	0	0	0	0	0	0	0	0	0	0	0	0	0	0	0	0	0	0	0	0	0	0	0	0	0	0	0	0	0	0	0	0	0	0	0	0	0	0	0	0	0	0	0	0	0	0	0	0	0	0	0	0	0	0	0	0	0	0	0	0	0	0	0	0	0	0	0	0	0	0	0	0	0	0	0	0	0	0	0	0	0	0	0	0	0	0	0	0	0	0	0	0	0	0	0	0	0	0	0	0	0	0	0	0	0	0	0	0	0
Algae_LACR-A	0.358228512	0.006675995	0	0	0	0	0	0.0009844037	0.003075869	0	0.003783603	0	0.01259283	0	0	0	0	0	0	0	0.0008156288	0.0004419159	0.0007182461	0.0008123477	7.736645e-05	0	0	0.003734488	0	0	0	0.0003756908	0	0.006771319	0.087075033	0.003136394	0.0002065556	0	0	0	0	9.050593e-05	0	0	0	0	0.0067917155	0.0003182542	0.000665962	0.0002326471	0.04345229	0	9.050593e-05	0	0	0.0002715178	0	0.003342214	0	0.002243505	0	0	7.736645e-05	0	0.0001752105	0.0001206746	0	0	0.0001435915	0	0	0	0	0	0.002978218	0	0.0007713115	0	0	0	0	0	0.0001723098	0.0008582017	0.003855208	0.01014658	0	0.05708585	0.0002958851	0.02673972	0	0	0	0.01642178	0.0002010281	0	0.005574097	0	0	0	0	0	0	0	0	0.0003921924	0	0.0004005195	9.050593e-05	0	0	0	0	0	0.0007310916	0.0001148732	0	0	0	0.003081137	0.00428511	0.006922745	0.00435841	0	0.009421515	0	0.0001160497	0	0.003093147	0	0	0.000413659	0	5.74366e-05	0	0	0	0	5.74366e-05	0	0	0	0.01573175	0.0001435915	0.002128338	0.0001464922	0	0.0104707	0.01132442	0.0004255155	0.008152823	0	0	0.000348149	0.01185468	0.0500521662	0.004143553	0.001774555	0	0.002515718	0	0.0007043714	0.01048825	0	0.00223705	0.00219437	0.0006150419	0.0001206746	0	0.002213311	0.02217823	0.00697829	0.08033618	0	0	0.0004131112	0.0006808257	0.00246923	0.0001547329	0	0	0	0.0004696452	0.001033306	0	0	0	0	0	0	5.74366e-05	0.03287621	0	0.0002754075	0	0	0	0.0002340974	0	0	0.0071981324	0	0.0007014707	0	0	0	0	0	0	0	0	0	0	0	0	0	0	0	0	0	0	0	0	0	0	0	0	0	0	0	0	0	0	0	0	0	0	0	0	0	0	0	0	0	0	0	0	0	0	0	0	0	0	0	0	0	0	0	0	0	0	0	0	0	0	0	0	0	0	0	0	0	0	0	0	0	0	0	0	0	0	0	0	0	0	0	0	0	0	0	0	0	0	0	0	0	0	0	0	0	0	0	0	0	0	0	0	0	0	0	0	0	0	0	0	0	0	0	0	0	0	0	0	0	0	0	0	0	0	0	0	0	0	0	0	0	0	0	0	0	0	0	0	0	0	0	0	0	0	0	0	0	0	0	0	0	0	0	0	0	0	0	0	0	0	0	0	0	0	0	0	0	0	0	0	0	0	0	0	0	0	0	0	0	0	0	0	0	0	0	0	0	0	0	0	0	0	0	0	0	0	0	0	0	0	0	0	0	0	0	0	0	0	0	0	0	0	0	0	0	0	0	0	0	0	0	0	0	0	0	0	0	0	0	0	0	0	0	0	0	0	0	0	0	0	0	0	0	0	0	0	0	0	0	0	0	0	0	0	0	0	0	0	0	0	0	0	0	0	0	0	0	0	0	0	0	0	0	0	0	0	0	0	0	0	0	0	0	0	0	0	0	0	0	0	0	0	0	0	0	0	0	0	0	0	0	0	0	0	0	0	0	0	0	0	0	0	0	0	0	0	0	0	0	0	0	0	0	0	0	0	0	0	0	0	0	0	0	0	0	0	0	0
Algae_LACR-C	0.198291254	0.007149211	0	0	0	0	0	0.002332369	0.005380501	0	0	0	0.0003008424	0	0	0	0	0	0	0	0.0005083023	0.0006397105	0	0.0005083023	0	0	0	0.009218764	0	0	0	0.0004512635	0	0.005005289	0.018738371	0.01478939	0.0004512635	0	0	0	0	0	0	0	0.0006777364	0	0.0442317275	0.001694341	0	0	0.1584939	0	0	0	0	0	0	0.001203369	0	0.00310517	0	0	0	0	0.003217566	0	0	0	0.0003388682	0	0	0	0	0	0	0	0	0	0	0	0	0	0	0	0.0252859	0.01670012	0	0.0008471705	0.0005083023	0.002200961	0	0	0	0.008449327	0	0	0	0	0	0	0	0	0	0	0	0.007220217	0	0	0	0.001637302	0	0	0	0	0	0	0	0	0	0.01011624	0.03068928	0.002577855	0.00317954	0	0.009294816	0	0	0	0	0	0	0	0	0	0	0.0004512635	0	0	0.0003008424	0	0	0	0	0.0005083023	0.1406121	0	0	0.0188681	0.006208658	0	0.01030806	0.0003008424	0	0	0.001186039	0.0647075111	0	0.001825749	0	0.0008471705	0	0	0.01320913	0	0.0009025271	0.003592777	0	0	0	0	0.00545487	0.007432723	0.1003982	0	0	0.01239999	0	0	0	0	0	0	0	0	0	0	0	0	0	0	0	0.001504212	0	0	0	0.0003008424	0	0	0	0	0.0123983039	0	0.0008471705	0	0	0	0	0	0	0	0	0	0	0	0	0	0	0	0	0	0	0	0	0	0	0	0	0	0	0	0	0	0	0	0	0	0	0	0	0	0	0	0	0	0	0	0	0	0	0	0	0	0	0	0	0	0	0	0	0	0	0	0	0	0	0	0	0	0	0	0	0	0	0	0	0	0	0	0	0	0	0	0	0	0	0	0	0	0	0	0	0	0	0	0	0	0	0	0	0	0	0	0	0	0	0	0	0	0	0	0	0	0	0	0	0	0	0	0	0	0	0	0	0	0	0	0	0	0	0	0	0	0	0	0	0	0	0	0	0	0	0	0	0	0	0	0	0	0	0	0	0	0	0	0	0	0	0	0	0	0	0	0	0	0	0	0	0	0	0	0	0	0	0	0	0	0	0	0	0	0	0	0	0	0	0	0	0	0	0	0	0	0	0	0	0	0	0	0	0	0	0	0	0	0	0	0	0	0	0	0	0	0	0	0	0	0	0	0	0	0	0	0	0	0	0	0	0	0	0	0	0	0	0	0	0	0	0	0	0	0	0	0	0	0	0	0	0	0	0	0	0	0	0	0	0	0	0	0	0	0	0	0	0	0	0	0	0	0	0	0	0	0	0	0	0	0	0	0	0	0	0	0	0	0	0	0	0	0	0	0	0	0	0	0	0	0	0	0	0	0	0	0	0	0	0	0	0	0	0	0	0	0	0	0	0	0	0	0	0	0	0	0	0	0	0	0	0	0	0	0	0	0	0	0	0	0	0	0	0	0	0	0
Algae_LAGR-A	0.148460182	0.005247976	0	0	0	0	0	0.00233321	0.06204414	0	0	0	0.000462963	0	0	0	0	0	0	0.02201711	0.0036701	0	0	0	0.001281395	0	0	0.004666421	0	0	0	0.001199902	0	0.02165054	0.038082899	0.009425127	0.001362889	0	0	0	0	0	0	0	0	0	0.0282835999	0.0005184571	0.007469891	0	0.07320314	0.0007962348	0	0	0	0	0	0.004247853	0	0.000462963	0	0	0	0	0.002185124	0	0	0	0	0	0	0	0	0	0	0	0	0	0	0	0	0.0001851852	0.000462963	0	0.002977557	0.01128839	0	0.002240618	0	0.003155445	0	0	0	0.006329286	0	0	0.002988655	0	0	0	0	0	0	0	0	0.001666667	0	0	0	0	0	0.0004147657	0	0	0	0	0	0	0	0.004729519	0.0161552	0.003336828	0.002562791	0	0.005958915	0.0005184571	0	0	0.001914643	0	0.0001851852	0.0001851852	0	0	0	0	0	0	0	0	0	0	0.0009259259	0	0.01417684	0	0	0.01361019	0.01585841	0	0.02556892	0.000462963	0.001810951	0.002059235	0.01748767	0.09389127	0.0006481481	0	0.001814753	0.00668126	0	0	0	0	0	0.001188803	0	0.0002073828	0	0.000392568	0.02008437	0.005192175	0.1762855	0	0	0.0006703458	0.0002777778	0.0009259259	0	0	0	0	0	0.002851668	0	0	0	0	0	0	0	0.07215893	0	0.004481236	0	0.0004851606	0	0	0	0	0.0077660645	0	0.005707137	0	0	0	0	0	0	0	0	0	0	0	0	0	0	0	0	0	0	0	0	0	0	0	0	0	0	0	0	0	0	0	0	0	0	0	0	0	0	0	0	0	0	0	0	0	0	0	0	0	0	0	0	0	0	0	0	0	0	0	0	0	0	0	0	0	0	0	0	0	0	0	0	0	0	0	0	0	0	0	0	0	0	0	0	0	0	0	0	0	0	0	0	0	0	0	0	0	0	0	0	0	0	0	0	0	0	0	0	0	0	0	0	0	0	0	0	0	0	0	0	0	0	0	0	0	0	0	0	0	0	0	0	0	0	0	0	0	0	0	0	0	0	0	0	0	0	0	0	0	0	0	0	0	0	0	0	0	0	0	0	0	0	0	0	0	0	0	0	0	0	0	0	0	0	0	0	0	0	0	0	0	0	0	0	0	0	0	0	0	0	0	0	0	0	0	0	0	0	0	0	0	0	0	0	0	0	0	0	0	0	0	0	0	0	0	0	0	0	0	0	0	0	0	0	0	0	0	0	0	0	0	0	0	0	0	0	0	0	0	0	0	0	0	0	0	0	0	0	0	0	0	0	0	0	0	0	0	0	0	0	0	0	0	0	0	0	0	0	0	0	0	0	0	0	0	0	0	0	0	0	0	0	0	0	0	0	0	0	0	0	0	0	0	0	0	0	0	0	0	0	0	0	0	0	0	0	0	0	0	0	0	0	0	0	0	0	0	0	0	0	0	0	0	0	0	0	0	0	0	0	0	0	0	0	0	0	0	0	0	0
Algae_LAMA-A	0.249102961	0.004151694	0.0001098056	0	0.0004785343	0	0	0	0.003082688	0	0	0	0.0005345031	0	0	0	0	0.002519134	0	0.0001098056	0	0	0.001862432	0.000932282	0.002807108	0.0004796002	0.000794492	0.006148718	0	0	0	0.0007519825	0	0.005217502	0.126855537	0.006303165	0.004136103	0.001041022	0	0	0	0	0	0	0	0	0.0396137297	0.006053438	0.01315003	0	0.01809408	0	0	0.0003843198	0	0	0	0.003273249	0	0.01126774	0	0	0	0.002138012	0	0	0.0007137367	0	0	0.00182312	0	0	0.0003014326	0	0.001686396	0	0.002371083	0.0002050861	0	0	0	0	0	0.0002745141	0.02732589	0.004439667	0	0.01292722	0	0.02089693	0.0444108	0	0	0.01365335	0	0	0.001876957	0	0	0	0	0	0	0	0	0.0001647085	0.0009592005	0	0	0	0.001246108	0.0002734482	0.0006992115	0	0.0004516159	0.0004101723	0.0002745141	0.0001098056	0.0002196113	0.003398645	0.003618257	0.003190361	0.006780634	0	0.02161066	0.0009871849	0.0001367241	0.0001098056	0.002086307	0.0002050861	0.0009882508	0.0002745141	0	0	0	0.0003294169	0.001930794	0.0001098056	0.0003418102	0	0	0	0.0005345031	0.0002465297	0.01764247	0	0	0.01317801	0.004742166	0	0.004879956	0.0002196113	0	0	0.01438588	0.0883533234	0.01042154	0.00140975	0	0.0005199779	0	0.0001367241	0.03407041	0	0.002892127	0.0009861189	0	0.0002050861	0.0002734482	0.001259567	0.007289284	0.01668007	0.05462513	0.0001098056	0	0.007782344	0.001424276	0.0001647085	0	0	0.0002050861	0	0	0.007423876	0	0	0.0002745141	0	0	0.0002745141	0	0.005479623	0	0.001014103	0	0.0001098056	0	0	0.0001647085	0	0.0042760245	0	0.001138434	0	0	0	0	0	0	0	0	0	0	0	0	0	0	0	0	0	0	0	0	0	0	0	0	0	0	0	0	0	0	0	0	0	0	0	0	0	0	0	0	0	0	0	0	0	0	0	0	0	0	0	0	0	0	0	0	0	0	0	0	0	0	0	0	0	0	0	0	0	0	0	0	0	0	0	0	0	0	0	0	0	0	0	0	0	0	0	0	0	0	0	0	0	0	0	0	0	0	0	0	0	0	0	0	0	0	0	0	0	0	0	0	0	0	0	0	0	0	0	0	0	0	0	0	0	0	0	0	0	0	0	0	0	0	0	0	0	0	0	0	0	0	0	0	0	0	0	0	0	0	0	0	0	0	0	0	0	0	0	0	0	0	0	0	0	0	0	0	0	0	0	0	0	0	0	0	0	0	0	0	0	0	0	0	0	0	0	0	0	0	0	0	0	0	0	0	0	0	0	0	0	0	0	0	0	0	0	0	0	0	0	0	0	0	0	0	0	0	0	0	0	0	0	0	0	0	0	0	0	0	0	0	0	0	0	0	0	0	0	0	0	0	0	0	0	0	0	0	0	0	0	0	0	0	0	0	0	0	0	0	0	0	0	0	0	0	0	0	0	0	0	0	0	0	0	0	0	0	0	0	0	0	0	0	0	0	0	0	0	0	0	0	0	0	0	0	0	0	0	0	0	0	0	0	0	0	0	0	0	0	0	0	0	0	0	0	0	0	0	0	0	0	0	0	0	0	0	0	0	0	0	0	0	0	0	0	0	0	0	0
Algae_LAMA-B	0.16813975	0.0103148	0	0	0	0	0.0001299039	0.0004605306	0.003728662	0	0	0.0003247597	0	0	0	0	0	0	0	0	0	0.0004546635	0.002175683	0.000664187	0.003167563	0	0	0.007772869	0	0	0	0.001493895	0	0.007111616	0.16316192	0.009376133	0.0033004	0.001449477	0	0	0	0	0	0	0.0003985122	0	0.0257486453	0.007631231	0.03588912	0.0001948558	0.0291911	0	0	0	0	0	0	0.00432203	0	0.02663409	0	0.0001299039	0	0.0002598077	0.0003985122	0	0	0	0	0.001115917	0	0	0	0	0.0005196155	0	0.0003897116	0	0	0	0	0	0.0005196155	0	0.04952651	0.006642284	0	0.008139113	0	0.01691266	0	0	0	0.01082854	0	0	0.001715152	0	0	0	0	0	0.004153576	0	0	0.0006495194	0.0001948558	0	0	0	0.0007144713	0	0.002169816	0	0.0003897116	0	0	0	0	0.002045779	0.002208366	0.005464349	0.007625364	0	0.00913686	0.003217847	0	0	0.001242887	0	0.0003897116	0.0009093271	0	0	0	0	0.001062699	0	0.0007262054	0.0001948558	0	0	0.000974279	0	0.0861829	0	0	0.0347468	0.006949443	0.001904141	0.007141365	0	0	0.002078462	0.01249341	0.0493299942	0.003167563	0.001567647	0.0001299039	0.005597186	0	0	0.004930066	0	0	0.002031111	0.0001948558	0.0002656748	0	0.0001299039	0.005650404	0.01977641	0.06734139	0.0001948558	0	0.01486395	0	0	0	0	0	0	0	0	0	0	0	0	0	0	0	0.004389916	0	0.002296786	0	0	0	0	0.0003897116	0	0.0106806245	0	0.001771303	0	0	0	0	0	0	0	0	0	0	0	0	0	0	0	0	0	0	0	0	0	0	0	0	0	0	0	0	0	0	0	0	0	0	0	0	0	0	0	0	0	0	0	0	0	0	0	0	0	0	0	0	0	0	0	0	0	0	0	0	0	0	0	0	0	0	0	0	0	0	0	0	0	0	0	0	0	0	0	0	0	0	0	0	0	0	0	0	0	0	0	0	0	0	0	0	0	0	0	0	0	0	0	0	0	0	0	0	0	0	0	0	0	0	0	0	0	0	0	0	0	0	0	0	0	0	0	0	0	0	0	0	0	0	0	0	0	0	0	0	0	0	0	0	0	0	0	0	0	0	0	0	0	0	0	0	0	0	0	0	0	0	0	0	0	0	0	0	0	0	0	0	0	0	0	0	0	0	0	0	0	0	0	0	0	0	0	0	0	0	0	0	0	0	0	0	0	0	0	0	0	0	0	0	0	0	0	0	0	0	0	0	0	0	0	0	0	0	0	0	0	0	0	0	0	0	0	0	0	0	0	0	0	0	0	0	0	0	0	0	0	0	0	0	0	0	0	0	0	0	0	0	0	0	0	0	0	0	0	0	0	0	0	0	0	0	0	0	0	0	0	0	0	0	0	0	0	0	0	0	0	0	0	0	0	0	0	0	0	0	0	0	0	0	0	0	0	0	0	0	0	0	0	0	0	0	0	0	0	0	0	0	0	0	0	0	0	0	0	0	0	0	0	0	0	0	0	0	0	0	0	0	0	0	0	0	0	0	0	0
Algae_LANT-B	0.080740721	0.004765393	0	0	0	0	0	0.004198981	0.02571412	0	0	0.0007928957	0	0	0	0	0	0	0	0.006845891	0.002604431	0	0.0001629593	0.0003171583	0.004886293	0	0	0.01105233	0	0	6.862947e-05	0.0004674117	0	0.0148144	0.07607219	0.03798	0.0008663401	0.001256364	0	0	0	0	0	0	0	0	0.0414757364	0.002291218	0.004795472	0	0.01973484	0	0	0	0.0001585791	0	0	0.00193799	0	0.000669066	0	0	0	0.0004846422	0.0005123866	0	0	0	0	0	0	0	0	0	0	0.0001715737	0	0	0	0	0	0	6.862947e-05	0	0.01352795	0.004901476	0.0001029442	0.00349895	0	0.01786479	0	0	0	0.01312304	0	0	0.0001629593	0	0	0	0	0	0	0	0	0.0001715737	0	0	0	0	0	0	0	0	0	0.0001629593	0	0	0	0.005474458	0.01034833	0.0004780718	0.004686536	0	0.01565652	0.0001629593	0	0	0.0006819162	0	0	0.0002272086	0	0	0	0	0.0004117768	0	0.0003964478	0	0	0	0.004529545	0.0003215385	0.01926686	0	0	0.021107	0.006355399	0.001501234	0.01104735	0	0	0.0007052804	0.003838154	0.0748163572	0.0003688478	0.001991288	0.009265317	0.002785344	0	0	0.0001029442	0	0	0	0	0.001920905	0	0	0.00209919	0.009719882	0.3089464	0	0	0.02329162	0	0.0001029442	0	0	0	0	0	0.002795134	0	0	0	0	0	0	0	0.01425951	0	0.0002272086	0	0	0	0	0	0	0.0394930503	0	0.001194158	0	0	0	0	0	0	0	0	0	0	0	0	0	0	0	0	0	0	0	0	0	0	0	0	0	0	0	0	0	0	0	0	0	0	0	0	0	0	0	0	0	0	0	0	0	0	0	0	0	0	0	0	0	0	0	0	0	0	0	0	0	0	0	0	0	0	0	0	0	0	0	0	0	0	0	0	0	0	0	0	0	0	0	0	0	0	0	0	0	0	0	0	0	0	0	0	0	0	0	0	0	0	0	0	0	0	0	0	0	0	0	0	0	0	0	0	0	0	0	0	0	0	0	0	0	0	0	0	0	0	0	0	0	0	0	0	0	0	0	0	0	0	0	0	0	0	0	0	0	0	0	0	0	0	0	0	0	0	0	0	0	0	0	0	0	0	0	0	0	0	0	0	0	0	0	0	0	0	0	0	0	0	0	0	0	0	0	0	0	0	0	0	0	0	0	0	0	0	0	0	0	0	0	0	0	0	0	0	0	0	0	0	0	0	0	0	0	0	0	0	0	0	0	0	0	0	0	0	0	0	0	0	0	0	0	0	0	0	0	0	0	0	0	0	0	0	0	0	0	0	0	0	0	0	0	0	0	0	0	0	0	0	0	0	0	0	0	0	0	0	0	0	0	0	0	0	0	0	0	0	0	0	0	0	0	0	0	0	0	0	0	0	0	0	0	0	0	0	0	0	0	0	0	0	0	0	0	0	0	0	0	0	0	0	0	0	0	0	0	0	0	0	0	0	0	0	0	0	0	0	0	0	0	0	0	0	0	0	0	0
Algae_LANT-C	0.115648814	0.005439503	0	0	0	0	0	0.0007066705	0.01705535	0	0	0.0001378835	0	0	0	0	0	0	0	6.894174e-05	0.003374468	0.0006762988	0.003013002	0.0005764167	0.006713449	0	0	0.00835683	0	0	0.0001592357	0	0	0.0163328	0.082230727	0.0001592357	0.0009230838	0.0002123142	0	0	0	0	0	0	0	0	0.0493964329	0.001435601	0.002078879	0.0008825555	0.002407786	0	0	0	0	0	0	0.003761556	0	0.01752419	0	0	0	0.0003343345	0	0	0	0	0.0001723544	0.001494168	0	0	0	0	0	0	0.001911071	0	0	0	0	0	6.894174e-05	0	0.02970907	0.009087466	0	0.0155045	0.0001034126	0.01426743	0	0	0	0.00694858	0	0	0.001025989	0	0	0	0	0	0	0	0	0.0006576911	0	0	6.894174e-05	0	0	0	0	0.0001034126	0	0.00682141	0	0	0	0.005403039	0.00461033	0.0005783751	0.01216978	0	0.00780977	0.001419399	0	0	0.004705255	0	0.0006702413	0.0002626483	0	0.0001061571	0	0	0.004508055	0.0002234138	0	0.0001592357	0	0	0.004932079	0	0.008079844	0	0	0.008639272	0.01329017	0.0003102378	0.002102723	0	0	0	0.005345449	0.0789854742	0.001217459	0.0008251602	0.0007998305	0.006155423	0	6.894174e-05	0.002413275	0	0.0003351206	0.0006536528	0.0004468275	0.0001034126	0	0	0.007832177	0.01293811	0.3139055	0	0	0.01201379	0	0	0	0	0	0	0	0.007794489	0	0	0	0	0	0	0	0.003758243	0	0.003242256	0	0	0	0	0	0	0.0327424729	0	0.0008920828	0	0	0	0	0	0	0	0	0	0	0	0	0	0	0	0	0	0	0	0	0	0	0	0	0	0	0	0	0	0	0	0	0	0	0	0	0	0	0	0	0	0	0	0	0	0	0	0	0	0	0	0	0	0	0	0	0	0	0	0	0	0	0	0	0	0	0	0	0	0	0	0	0	0	0	0	0	0	0	0	0	0	0	0	0	0	0	0	0	0	0	0	0	0	0	0	0	0	0	0	0	0	0	0	0	0	0	0	0	0	0	0	0	0	0	0	0	0	0	0	0	0	0	0	0	0	0	0	0	0	0	0	0	0	0	0	0	0	0	0	0	0	0	0	0	0	0	0	0	0	0	0	0	0	0	0	0	0	0	0	0	0	0	0	0	0	0	0	0	0	0	0	0	0	0	0	0	0	0	0	0	0	0	0	0	0	0	0	0	0	0	0	0	0	0	0	0	0	0	0	0	0	0	0	0	0	0	0	0	0	0	0	0	0	0	0	0	0	0	0	0	0	0	0	0	0	0	0	0	0	0	0	0	0	0	0	0	0	0	0	0	0	0	0	0	0	0	0	0	0	0	0	0	0	0	0	0	0	0	0	0	0	0	0	0	0	0	0	0	0	0	0	0	0	0	0	0	0	0	0	0	0	0	0	0	0	0	0	0	0	0	0	0	0	0	0	0	0	0	0	0	0	0	0	0	0	0	0	0	0	0	0	0	0	0	0	0	0	0	0	0	0	0	0	0	0	0	0	0	0	0	0	0	0	0	0	0	0	0	0
Algae_LANT-D	0.391046782	0.004066915	0.0001327907	0	0	0	0	0.005868615	0.01068351	0	0.002847249	0	0.004463562	0	0	0	0	0	0	0	0.0006480066	0	0.0001069862	0.006887414	0.0009849122	0	0	0.002724056	0	0	6.146659e-05	0.0006209207	0	0.008379727	0.052978998	0.006498576	0	0	0	0	0	0	0	0	0	0	0.0090731774	0.0003934434	0	0	0.003727585	0	0	0	0	0.0004284647	0	0.01076421	0	0.0009344638	0	0	0	0	0.003373362	0	0	0	0	0	0	0	0.0001069862	0	0.0007094732	0.0002458664	0	0	0	0	0	0	0	0.002530959	0.006334779	0.1003052	0	0.03356991	0.0001991861	0.02025473	0	0	0	0.0009607883	0	0	0.00274093	0	0	0	0	0	0	0	0	0.002462718	0	9.219989e-05	0	0	0	0	0	0	0	0.0001783103	0	0	0	0.01044411	0.01635091	0.005430744	0.0007041637	0	0.004998112	0	0	0	0.0005963976	0	0	0	0	0.0001536665	0	0	0	0.0001069862	0	0	0	0	0.005625624	0.0001229332	0.0001783103	0	0	0.002481317	0.03120903	0.0001536665	0.02009228	0	0	0	0.0004992689	0.0583648797	9.219989e-05	0	0	0.001186889	0	0	0	0	0.0003380663	0.000275439	0	0	0	0.0002747983	0.03140901	0.00775188	0.09777631	0	0	0	0.0006332203	0.000307333	0	0	0	0	0	0.0001783103	9.219989e-05	0	0	0	0	0	0	0	0	0.0002348482	0	0	0	0.0001229332	0	0	0.0023068692	0	0.001120024	0	0	0	0	0	0	0	0	0	0	0	0	0	0	0	0	0	0	0	0	0	0	0	0	0	0	0	0	0	0	0	0	0	0	0	0	0	0	0	0	0	0	0	0	0	0	0	0	0	0	0	0	0	0	0	0	0	0	0	0	0	0	0	0	0	0	0	0	0	0	0	0	0	0	0	0	0	0	0	0	0	0	0	0	0	0	0	0	0	0	0	0	0	0	0	0	0	0	0	0	0	0	0	0	0	0	0	0	0	0	0	0	0	0	0	0	0	0	0	0	0	0	0	0	0	0	0	0	0	0	0	0	0	0	0	0	0	0	0	0	0	0	0	0	0	0	0	0	0	0	0	0	0	0	0	0	0	0	0	0	0	0	0	0	0	0	0	0	0	0	0	0	0	0	0	0	0	0	0	0	0	0	0	0	0	0	0	0	0	0	0	0	0	0	0	0	0	0	0	0	0	0	0	0	0	0	0	0	0	0	0	0	0	0	0	0	0	0	0	0	0	0	0	0	0	0	0	0	0	0	0	0	0	0	0	0	0	0	0	0	0	0	0	0	0	0	0	0	0	0	0	0	0	0	0	0	0	0	0	0	0	0	0	0	0	0	0	0	0	0	0	0	0	0	0	0	0	0	0	0	0	0	0	0	0	0	0	0	0	0	0	0	0	0	0	0	0	0	0	0	0	0	0	0	0	0	0	0	0	0	0	0	0	0	0	0	0	0	0	0	0	0	0	0	0	0	0	0	0	0	0	0	0	0	0	0	0	0	0	0
Algae_LAUZ-A	0.103460253	0.002989157	0	0	0	0	0.0002271998	0.005701281	0.002607138	0	0	0.0002622662	0	0.0005229702	0	0	0	0	0	0	0.0006234564	0	0.0007793349	0.001775442	0.0006220811	0	0	0.002710281	0	0	0	0.0004307	0	0.003396371	0.099593277	0.03952944	0.001466306	0.0003402055	0.0002041233	0	0	0	0	0	0	0	0.0203647519	0	0.0003731801	0	0.004172809	0.0001162858	0	0.0008133688	0	0	0	0.01910282	0	0.002062347	0	0	0	0.0003402055	0.000562879	0	0	0	0	0.0001360822	0	0	0	0	7.394262e-05	0.0004082466	0.0005442353	0	7.394262e-05	0	0	0.0001453573	0.0001360822	0.0004253281	0.2122286	0.01775416	0	0.06310538	0	0.009729418	0	0	0	0.003278061	0	0	0.001415533	0	0	0	0	0	0	0	0	0.001591738	0	0	0	7.394262e-05	0	0	0	0	0	0	0	0	0	0.01975433	0.01143512	0.001885203	0.01398895	0	0.002497043	0	0	0	0.00231621	0	0.0001360822	5.814292e-05	0	0	0	0	0.0009508263	0	7.394262e-05	0	7.394262e-05	0.0008133688	0.002316174	0.0003327418	0.003027477	0	0	0.00623978	0.04993502	0.001572062	0.01691437	0	0	0.0007872348	0.008782113	0.0698575511	0.003449841	0.0009483918	0	0.002886802	0	0	0.007100468	0.0001162858	0.0005338075	0.0006288283	0.0003488575	0	0	0	0.03392621	0.002837805	0.07290753	0	0	0.002873717	0.0002271998	0.0002913377	0	0	0	0	0	0.0001162858	0	0	0	0	0	0	0	5.814292e-05	0	0.003105256	0	0	0	8.721437e-05	0	0	0.0260460989	0	0.001492218	0	0	0	0	0	0	0	0	0	0	0	0	0	0	0	0	0	0	0	0	0	0	0	0	0	0	0	0	0	0	0	0	0	0	0	0	0	0	0	0	0	0	0	0	0	0	0	0	0	0	0	0	0	0	0	0	0	0	0	0	0	0	0	0	0	0	0	0	0	0	0	0	0	0	0	0	0	0	0	0	0	0	0	0	0	0	0	0	0	0	0	0	0	0	0	0	0	0	0	0	0	0	0	0	0	0	0	0	0	0	0	0	0	0	0	0	0	0	0	0	0	0	0	0	0	0	0	0	0	0	0	0	0	0	0	0	0	0	0	0	0	0	0	0	0	0	0	0	0	0	0	0	0	0	0	0	0	0	0	0	0	0	0	0	0	0	0	0	0	0	0	0	0	0	0	0	0	0	0	0	0	0	0	0	0	0	0	0	0	0	0	0	0	0	0	0	0	0	0	0	0	0	0	0	0	0	0	0	0	0	0	0	0	0	0	0	0	0	0	0	0	0	0	0	0	0	0	0	0	0	0	0	0	0	0	0	0	0	0	0	0	0	0	0	0	0	0	0	0	0	0	0	0	0	0	0	0	0	0	0	0	0	0	0	0	0	0	0	0	0	0	0	0	0	0	0	0	0	0	0	0	0	0	0	0	0	0	0	0	0	0	0	0	0	0	0	0	0	0	0	0	0	0	0	0	0	0	0	0	0	0	0	0	0	0	0	0	0	0	0	0	0	0	0	0	0	0	0	0	0	0	0	0	0	0	0	0	0	0	0
Algae_LECT-A	0.293668309	0.004895286	0	0	0	0	0	0.001737311	0.004890275	0	0	0	0	0	0	0	0	0	0	0	0.0003585192	0.001616685	0.0002311961	0.001142568	0.0006165228	0	0	0.005404595	0	0	0.0001105705	0.001434077	0	0.006738157	0.14648206	0.003097662	0.002156143	0.0004623921	0	0	0	0	0	0	0	0	0.0235450328	0.001318479	0.01981909	0.0001105705	0.02162167	0	0	0.0001926634	0	0	0	0.005634121	0	0.008706663	0	0	0.0004523371	0	7.706535e-05	0	0	0	0.0001876359	0.0004138045	0	0	0	0	0.0001105705	0.000115598	0.0002311961	7.706535e-05	0	0	0	0	0.0004523371	0.0007840488	0.03741344	0.01940697	0	0.01030994	0.0002697287	0.008408457	0	0	0	0.004283808	0.0003467941	0	0.0003467941	0	0	0	0	0	0	0	7.706535e-05	0.0003853268	0	0	0	0	0	0	0	0	0.0002647012	0.01095494	0	0	0.0004238594	0.007414992	0.01002182	0.004273753	0.009798974	0	0.005092977	0.003771158	0	0	0.0002211411	0	0.001879716	0.0009951349	0	0	0	0.0005511826	0	7.706535e-05	0	0	0	0	0.0003467941	0	0.05728751	0.0001105705	0	0.01449826	0.0162825	0	0.0243207	0.0003869969	0	7.706535e-05	0.01224158	0.0428732342	0.001097338	0.001152623	0	0.001792596	0	0.002228181	0.01844526	0	0.0004422822	0.007123466	0.000524375	0.000115598	0	0	0.008916079	0.005783225	0.0585576	0	0	0.006515328	0.0003585192	0.0002311961	0	0	0	0	0	0.004275423	0	0	0	0	0	0	0	0.009269571	0	0.002362201	0	0	0	0.000115598	0	0	0.005724582	0.0001105705	0.0005511826	0	0	0	0	0	0	0	0	0	0	0	0	0	0	0	0	0	0	0	0	0	0	0	0	0	0	0	0	0	0	0	0	0	0	0	0	0	0	0	0	0	0	0	0	0	0	0	0	0	0	0	0	0	0	0	0	0	0	0	0	0	0	0	0	0	0	0	0	0	0	0	0	0	0	0	0	0	0	0	0	0	0	0	0	0	0	0	0	0	0	0	0	0	0	0	0	0	0	0	0	0	0	0	0	0	0	0	0	0	0	0	0	0	0	0	0	0	0	0	0	0	0	0	0	0	0	0	0	0	0	0	0	0	0	0	0	0	0	0	0	0	0	0	0	0	0	0	0	0	0	0	0	0	0	0	0	0	0	0	0	0	0	0	0	0	0	0	0	0	0	0	0	0	0	0	0	0	0	0	0	0	0	0	0	0	0	0	0	0	0	0	0	0	0	0	0	0	0	0	0	0	0	0	0	0	0	0	0	0	0	0	0	0	0	0	0	0	0	0	0	0	0	0	0	0	0	0	0	0	0	0	0	0	0	0	0	0	0	0	0	0	0	0	0	0	0	0	0	0	0	0	0	0	0	0	0	0	0	0	0	0	0	0	0	0	0	0	0	0	0	0	0	0	0	0	0	0	0	0	0	0	0	0	0	0	0	0	0	0	0	0	0	0	0	0	0	0	0	0	0	0	0	0	0	0	0	0	0	0	0	0	0	0	0	0	0	0	0	0	0	0	0	0	0	0	0	0	0	0	0	0	0	0	0	0	0	0	0	0	0
Algae_LECT-B	0.14411027	0.003927801	0.0002149731	0	0	0.0005680351	0	0.008618852	0.008290614	0.0001020773	0	0	0	0	0	0	0	0	0	0.0008440569	0.001355829	0.001794164	0.0006136655	0.003373357	0.001224951	0	0	0.001954126	0	0	7.745933e-05	0.001281607	0	0.01385235	0.073150768	0.003147848	0.001216352	0	0	7.745933e-05	0	0	0	0	0	0	0.0282930529	0.001865614	0.0007968076	5.163956e-05	0.04031414	0	0	0.0004101118	0	0	0	0.008059145	0	0.02877715	0	0	0	0.0002041545	0.006470472	0	0	0	9.167583e-05	0.0001020773	0.0002065582	0	0	0	0	0.0001032791	0	0	0.0001375138	0	0	0	0.000232378	0.0003983248	0.02074492	0.07326311	0	0.008684855	0.000372505	0.01854691	0	0	0	0.005761867	0	0	0.001020773	0	0	0	0	0	0	0.0008676568	0	0.0009186955	0	0	0	0	0	0	0	0	0	0.007049851	0	0	0	0.0185147	0.03055661	0.001148093	0.004857313	0	0.007045022	0.002190293	0	0	0.0003062318	0	0.0002291896	0.0005578432	0	0	0	0	0	0.0003572705	0.0008520547	0	0	0	0.001112864	0	0.0269446	7.745933e-05	0	0.01305131	0.04270747	0	0.04847624	0.000232378	0	0.0007145409	0.000965158	0.050226312	0.003515176	0.001425917	0.00271254	0.0008298404	0	0.004105266	0.004364825	0	0	0.002457139	0	0.0004347298	0	0	0.03138568	0.009368693	0.1435412	0	0	0.002946281	0.0009083435	0.000689923	0	0	0	0	0	0.006603338	0	0	0	0	5.163956e-05	0	0	0.0001833517	0	0.002987911	0	0	0	0.0003783066	0	0	0.0054728818	0	0.0009721615	0	0	0	0	0	0	0	0	0	0	0	0	0	0	0	0	0	0	0	0	0	0	0	0	0	0	0	0	0	0	0	0	0	0	0	0	0	0	0	0	0	0	0	0	0	0	0	0	0	0	0	0	0	0	0	0	0	0	0	0	0	0	0	0	0	0	0	0	0	0	0	0	0	0	0	0	0	0	0	0	0	0	0	0	0	0	0	0	0	0	0	0	0	0	0	0	0	0	0	0	0	0	0	0	0	0	0	0	0	0	0	0	0	0	0	0	0	0	0	0	0	0	0	0	0	0	0	0	0	0	0	0	0	0	0	0	0	0	0	0	0	0	0	0	0	0	0	0	0	0	0	0	0	0	0	0	0	0	0	0	0	0	0	0	0	0	0	0	0	0	0	0	0	0	0	0	0	0	0	0	0	0	0	0	0	0	0	0	0	0	0	0	0	0	0	0	0	0	0	0	0	0	0	0	0	0	0	0	0	0	0	0	0	0	0	0	0	0	0	0	0	0	0	0	0	0	0	0	0	0	0	0	0	0	0	0	0	0	0	0	0	0	0	0	0	0	0	0	0	0	0	0	0	0	0	0	0	0	0	0	0	0	0	0	0	0	0	0	0	0	0	0	0	0	0	0	0	0	0	0	0	0	0	0	0	0	0	0	0	0	0	0	0	0	0	0	0	0	0	0	0	0	0	0	0	0	0	0	0	0	0	0	0	0	0	0	0	0	0	0	0	0	0	0	0	0	0	0	0	0	0	0	0	0	0	0	0	0	0	0
Algae_LESP-A	0.124431095	0.0009046568	0.0009579281	0	0	0	0	0.00252931	0.008104845	0	0	0	0	0	0	0	0	0	0	0.0005545988	0.001341139	0	0.000271715	0.002262992	0.0004969645	0	0.0004634972	0.004240867	0	0	7.105805e-05	0.001467337	0	0.005330814	0.132969336	0.0003079182	0.002207136	0	0	0	0	0	0	0	0	0	0.0339053852	0.0019016	0.006072794	0	0.01889362	0	0	0.0004047168	0	0	0	0.001704068	0	0.001613687	0	0	0	0.0006379345	0	0	0	0	0	0.0001894881	0	0	6.131396e-05	0	0	0	0.0006730288	0	0	0	0	0.0001532849	0	7.359164e-05	0.1162577	0.00904011	0	0.01090609	0	0.006313429	0	0	0	0.00461328	0.0002243429	0	0.0001839419	0	0	0	0	0	0	0	0	0.001691364	0.0001532849	0	0	0	0.0002452558	0	0	0	0	6.131396e-05	0	0	0	0.02214897	0.01835811	0.003648565	0.004810053	0	0.004237426	0.0007457884	0	0	0.001164965	0	0.000411058	0	0	0	0	0.0004598547	0.00185467	0	0	0	0	0	0.01066825	0	0.009919188	0.0001349056	0	0.02079238	0.01631727	0.01222775	0.01135729	0.000163029	0	0.002160521	0.008472228	0.074814936	0.003605666	0.0003706941	0	0.00336224	0	0.0006610652	0.02202494	0	0.0003679582	0.0007184971	0.0003372268	0	0	0	0.00662626	0.004464026	0.1470823	0	0	0.006414516	0.0003556805	0	0	0	7.359164e-05	0	0	0.004024545	0	0	0	0	0	0	0	0.004012418	0	0.001854026	0	0	7.359164e-05	0.0001103875	0	0	0.0632884276	0	0.0004169573	0	0	0	0	0	0	0	0	0	0	0	0	0	0	0	0	0	0	0	0	0	0	0	0	0	0	0	0	0	0	0	0	0	0	0	0	0	0	0	0	0	0	0	0	0	0	0	0	0	0	0	0	0	0	0	0	0	0	0	0	0	0	0	0	0	0	0	0	0	0	0	0	0	0	0	0	0	0	0	0	0	0	0	0	0	0	0	0	0	0	0	0	0	0	0	0	0	0	0	0	0	0	0	0	0	0	0	0	0	0	0	0	0	0	0	0	0	0	0	0	0	0	0	0	0	0	0	0	0	0	0	0	0	0	0	0	0	0	0	0	0	0	0	0	0	0	0	0	0	0	0	0	0	0	0	0	0	0	0	0	0	0	0	0	0	0	0	0	0	0	0	0	0	0	0	0	0	0	0	0	0	0	0	0	0	0	0	0	0	0	0	0	0	0	0	0	0	0	0	0	0	0	0	0	0	0	0	0	0	0	0	0	0	0	0	0	0	0	0	0	0	0	0	0	0	0	0	0	0	0	0	0	0	0	0	0	0	0	0	0	0	0	0	0	0	0	0	0	0	0	0	0	0	0	0	0	0	0	0	0	0	0	0	0	0	0	0	0	0	0	0	0	0	0	0	0	0	0	0	0	0	0	0	0	0	0	0	0	0	0	0	0	0	0	0	0	0	0	0	0	0	0	0	0	0	0	0	0	0	0	0	0	0	0	0	0	0	0	0	0	0	0	0	0	0	0	0	0	0	0	0	0	0	0	0	0	0	0	0	0
Algae_LOUB-A	0.166086775	0.004420799	0.001450223	0	0	0	0	0.000517907	0.004445863	0	0	0	0	0.0002641609	0	0	0	0	0	0	0.001295197	0.0005155269	0.0004062372	0.0003018982	0.0009290948	0	0	0.003564029	0	0	0	0.001437136	0	0.006967651	0.121351138	0.02944371	0.001012347	0.0001458789	0	0	0	0	0	0	0	0	0.0156355246	0.0004970773	0.003149259	0	0.00437107	0	0	0.0002030588	0	0.0001094092	0	0.005274951	0	0.009289376	0	0	0	0.0005766467	0.00083022	0	0	0	0.0001458789	0	0	0	0	0	0.0001301194	0	0.002156715	0	0	0	0	0	0	0	0.108923	0.01459146	0	0.04475956	0.0001379992	0.009377154	0	0	0	0.006532824	0	0	0.0007785398	0	0	0	0	0	0	0	0	0.001013836	0	0	0	7.547455e-05	0	0	0	0	0	0.0001886864	0	0	0	0.01128452	0.01096623	0.000170529	0.004307349	0	0.005913644	0.0009372669	0	0	0.0009099444	0	9.758954e-05	0.000148414	0	0	0	0	0.001333963	7.547455e-05	0	0	0	0.001008425	0.01017837	0.0002433312	0.02564463	0	0	0.01029453	0.02863759	0.0006922563	0.01816061	0	0	0.000312468	0.00638285	0.0532506405	0.002706654	0.0002055939	0	0.002406041	0	0.001994305	0.01041638	0	0.0015178	0.0002213535	0.0003903582	0	0	0	0.0164982	0.006197385	0.1244536	0	0	0.004973705	0.0005728263	0.0002069987	0	0	0	0	0	0.03618933	0	0	0	0	0	0	0	0.004036164	6.505969e-05	0.002895993	0	0	0	0	0	0	0.0191617194	0	0.0006364635	0	0	0	0	0	0	0	0	0	0	0	0	0	0	0	0	0	0	0	0	0	0	0	0	0	0	0	0	0	0	0	0	0	0	0	0	0	0	0	0	0	0	0	0	0	0	0	0	0	0	0	0	0	0	0	0	0	0	0	0	0	0	0	0	0	0	0	0	0	0	0	0	0	0	0	0	0	0	0	0	0	0	0	0	0	0	0	0	0	0	0	0	0	0	0	0	0	0	0	0	0	0	0	0	0	0	0	0	0	0	0	0	0	0	0	0	0	0	0	0	0	0	0	0	0	0	0	0	0	0	0	0	0	0	0	0	0	0	0	0	0	0	0	0	0	0	0	0	0	0	0	0	0	0	0	0	0	0	0	0	0	0	0	0	0	0	0	0	0	0	0	0	0	0	0	0	0	0	0	0	0	0	0	0	0	0	0	0	0	0	0	0	0	0	0	0	0	0	0	0	0	0	0	0	0	0	0	0	0	0	0	0	0	0	0	0	0	0	0	0	0	0	0	0	0	0	0	0	0	0	0	0	0	0	0	0	0	0	0	0	0	0	0	0	0	0	0	0	0	0	0	0	0	0	0	0	0	0	0	0	0	0	0	0	0	0	0	0	0	0	0	0	0	0	0	0	0	0	0	0	0	0	0	0	0	0	0	0	0	0	0	0	0	0	0	0	0	0	0	0	0	0	0	0	0	0	0	0	0	0	0	0	0	0	0	0	0	0	0	0	0	0	0	0	0	0	0	0	0	0	0	0	0	0	0	0	0	0	0	0
Algae_LOUB-B	0.125783671	0.008738484	0.000853067	0	0	0	0	0.003762616	0.004387978	0.0003353185	0	0	0.0001321004	0	0	0	0	0	0	0	0.0001258241	0.0006794105	0.0002201673	0.007050814	0.001125902	0	0	0.006775442	0	0	0	0.001094162	0	0.01409809	0.062337605	0.002863178	0.004110727	0	0	0	0	0	0	0	0	0	0.0313423229	0	0.0008429919	0	0.003659779	0	0	0.001527921	0	0	0	0.00833778	0	0.01192622	0	0	0	8.806693e-05	0	0	0	0	5.032966e-05	0	0	0	0	0	0.0002579245	0	0.0007423126	0	0	0	0	0	0	0.0002013186	0.00970222	0.04295516	0	0.01144735	0	0.02655914	0	0	0	0.008485953	0	0	0.001234757	0	0	0	0	0	0	0	0	0.0005913436	0	0	0	0	0	0	0	0	7.549449e-05	0.001701418	0	5.032966e-05	0	0.007471443	0.007849633	0.00357405	0.005524673	0	0.0104011	0.001507313	0	0	0.001452726	0	0.003115225	7.549449e-05	0	0	0	0.0005889858	0.0002768131	0.000150989	8.806693e-05	0	0	0	0.008891341	0.0001258241	0.004245165	0.0001173296	0	0.01145399	0.01820749	0.0003271428	0.02870029	0	7.549449e-05	0.0001761339	0.004790695	0.0638259573	0.0002431537	0.0009810696	0.001027002	0.0007149494	0	0.001800776	0.0009475696	0	0.0003271428	0.0008884664	0.0006624613	0	0.0001258241	0	0.03423652	0.01153873	0.2383408	0	0	0.005226035	0.0002934634	0.0005806506	0	0	0	7.549449e-05	0	0.07546106	0	0	0	0	0	0	0	0.02038254	0	0.006972563	0	0	0	0.0003521282	0	0	0.0092454401	0	0.0003080948	0	0	0	0	0	0	0	0	0	0	0	0	0	0	0	0	0	0	0	0	0	0	0	0	0	0	0	0	0	0	0	0	0	0	0	0	0	0	0	0	0	0	0	0	0	0	0	0	0	0	0	0	0	0	0	0	0	0	0	0	0	0	0	0	0	0	0	0	0	0	0	0	0	0	0	0	0	0	0	0	0	0	0	0	0	0	0	0	0	0	0	0	0	0	0	0	0	0	0	0	0	0	0	0	0	0	0	0	0	0	0	0	0	0	0	0	0	0	0	0	0	0	0	0	0	0	0	0	0	0	0	0	0	0	0	0	0	0	0	0	0	0	0	0	0	0	0	0	0	0	0	0	0	0	0	0	0	0	0	0	0	0	0	0	0	0	0	0	0	0	0	0	0	0	0	0	0	0	0	0	0	0	0	0	0	0	0	0	0	0	0	0	0	0	0	0	0	0	0	0	0	0	0	0	0	0	0	0	0	0	0	0	0	0	0	0	0	0	0	0	0	0	0	0	0	0	0	0	0	0	0	0	0	0	0	0	0	0	0	0	0	0	0	0	0	0	0	0	0	0	0	0	0	0	0	0	0	0	0	0	0	0	0	0	0	0	0	0	0	0	0	0	0	0	0	0	0	0	0	0	0	0	0	0	0	0	0	0	0	0	0	0	0	0	0	0	0	0	0	0	0	0	0	0	0	0	0	0	0	0	0	0	0	0	0	0	0	0	0	0	0	0	0	0	0	0	0	0	0	0	0	0	0	0	0	0	0	0	0	0
Algae_LUNA-A	0.123559369	0.002996621	0	0	0	0	0	0.007099168	0.009816944	0	0	0.000159185	0	0	0	0	0	0	0	0.001537552	0.001547963	0	0.0003183699	0	0.0005519417	0	0	0.002213716	0	0	0.0003314771	0.0004358995	0	0.005962185	0.078130949	0.04690572	0	0	0.0001182732	0	0	0	0	0	0	0	0.0180865676	0.002253884	0.003134417	0	0.2706102	0.0001325908	0	0.0001576976	0	0	7.884881e-05	0.001462231	0	0.002656309	0	0	0	0.0001182732	0.006282742	0	0	0	0	0	0	0	0	0	0.0001182732	0.0003979624	0	0	0	0	0	0	0	0.0007678434	0.05008173	0.02200807	0	0.003450279	0	0.003544656	0	0	0	0.00265259	0	0	0.000159185	0	0	0	0	0	0	0.0006629541	0	0.006560247	0	0	0	0	0	0	0	0	0	0.000159185	0	0	0	0.007858277	0.045241	0.001465396	0.003017078	0	0.002849712	0.0007550131	0	0	0.0002365464	0	0.0002365464	0.0004775549	0	0	0	0.000197122	0.0001576976	0	0.000159185	0	0	0	0.0005125172	0	0.04091043	0	0	0.01104644	0.01018989	0	0.03646359	0.0003979624	0	0.001661774	0.001542757	0.037173992	0.001670699	0.0005140046	0.00392588	0.002610001	0	0.0007542694	0.002572604	0	0	0.00298312	0.0001576976	0.0005162356	0	0	0.007012793	0.005376592	0.07403734	0	0	0.001174174	0.0003548196	0.0004509608	0	0	0	0	0	0.001745085	0	0	0	0	0	0	0	0.0001576976	0	0.001344892	0	0	0	0	0	0	0.009903605	0	0.002965011	0	0	0	0	0	0	0	0	0	0	0	0	0	0	0	0	0	0	0	0	0	0	0	0	0	0	0	0	0	0	0	0	0	0	0	0	0	0	0	0	0	0	0	0	0	0	0	0	0	0	0	0	0	0	0	0	0	0	0	0	0	0	0	0	0	0	0	0	0	0	0	0	0	0	0	0	0	0	0	0	0	0	0	0	0	0	0	0	0	0	0	0	0	0	0	0	0	0	0	0	0	0	0	0	0	0	0	0	0	0	0	0	0	0	0	0	0	0	0	0	0	0	0	0	0	0	0	0	0	0	0	0	0	0	0	0	0	0	0	0	0	0	0	0	0	0	0	0	0	0	0	0	0	0	0	0	0	0	0	0	0	0	0	0	0	0	0	0	0	0	0	0	0	0	0	0	0	0	0	0	0	0	0	0	0	0	0	0	0	0	0	0	0	0	0	0	0	0	0	0	0	0	0	0	0	0	0	0	0	0	0	0	0	0	0	0	0	0	0	0	0	0	0	0	0	0	0	0	0	0	0	0	0	0	0	0	0	0	0	0	0	0	0	0	0	0	0	0	0	0	0	0	0	0	0	0	0	0	0	0	0	0	0	0	0	0	0	0	0	0	0	0	0	0	0	0	0	0	0	0	0	0	0	0	0	0	0	0	0	0	0	0	0	0	0	0	0	0	0	0	0	0	0	0	0	0	0	0	0	0	0	0	0	0	0	0	0	0	0	0	0	0	0	0	0	0	0	0	0	0	0	0	0	0	0	0	0	0	0	0
Algae_LUZE-A	0.024149097	0.004059579	0	0	0	0	0	0.01031918	0.03022372	0	0	0	0	0	0	0	0	0	0	0.0006509357	0.002301053	0.0003187251	0	0	0.01004618	0	0	0.01056457	0	0	0	0.000753579	0	0.004128544	0.064536651	0.001099712	0	0	0	0	0	0	0	0	0	0	0.0448870336	0.0003990265	0.002535215	0	0.01910288	0	0	0.0001778964	0	0	0	0.0009696608	0	0.03972893	0	0	0	0	0.04111736	0	0	0	8.894819e-05	0	0	0	0	0	0	0	0	0	0	0	0	0	0.0001593625	0	0.02831763	0.01214071	0	0	0	0.01122677	0	0	0	0.001205726	0	0	0.005058901	0	0	0	0	0	0	0	0	0.0003187251	0	0	0	0	0	0	0	0	0	0.06012319	0	0	0	0.009261267	0.003557928	0	0.003902225	0	0.001300981	0	0	0	0	0	0.000859384	0.002428083	0	0	0	0	0	0	0	0	0	0	0.002203931	0	0.002609822	0	0	0.01484427	0.01569691	0.0006226373	0.004365046	0	0	0	0	0.0889931542	0.0009845962	0	0.0005240291	0.0002192261	0	0	0	0	0	0.0034157	0.0001334223	0.0003718459	0	0	0.002233556	0.00752606	0.3629748	0	0	0	0	0.0002192261	0	0	0	0	0	0.03372965	0	0	0	0	0	0	0	0	0	0.0004622615	0	0	0	0	0	0	0.0057615259	0	8.894819e-05	0	0	0	0	0	0	0	0	0	0	0	0	0	0	0	0	0	0	0	0	0	0	0	0	0	0	0	0	0	0	0	0	0	0	0	0	0	0	0	0	0	0	0	0	0	0	0	0	0	0	0	0	0	0	0	0	0	0	0	0	0	0	0	0	0	0	0	0	0	0	0	0	0	0	0	0	0	0	0	0	0	0	0	0	0	0	0	0	0	0	0	0	0	0	0	0	0	0	0	0	0	0	0	0	0	0	0	0	0	0	0	0	0	0	0	0	0	0	0	0	0	0	0	0	0	0	0	0	0	0	0	0	0	0	0	0	0	0	0	0	0	0	0	0	0	0	0	0	0	0	0	0	0	0	0	0	0	0	0	0	0	0	0	0	0	0	0	0	0	0	0	0	0	0	0	0	0	0	0	0	0	0	0	0	0	0	0	0	0	0	0	0	0	0	0	0	0	0	0	0	0	0	0	0	0	0	0	0	0	0	0	0	0	0	0	0	0	0	0	0	0	0	0	0	0	0	0	0	0	0	0	0	0	0	0	0	0	0	0	0	0	0	0	0	0	0	0	0	0	0	0	0	0	0	0	0	0	0	0	0	0	0	0	0	0	0	0	0	0	0	0	0	0	0	0	0	0	0	0	0	0	0	0	0	0	0	0	0	0	0	0	0	0	0	0	0	0	0	0	0	0	0	0	0	0	0	0	0	0	0	0	0	0	0	0	0	0	0	0	0	0	0	0	0	0	0	0	0	0	0	0	0	0	0	0	0	0	0	0	0
Algae_LUZE-B	0.02890173	0.0004971002	0.0001891253	0	0	0	0	0	0.002533524	0	0	0	0	0.0003108728	0	0	0	0	0	0	0	0.0002331546	0.0003548254	0.02962676	0.003546528	0	0	0.0006320092	0	0	0	0.000299592	0	0	0.393774429	0.0007059678	0.0001891253	0	0	0	0	0	0	0	0	0	0.0472016831	0.0003782506	0	0	0	0	0	0	0	0	0	0.002820895	0	0.001697579	0	0	0	0	0	0	0	0	0	0	0	0	0	0	0.0001554364	0	0	0	0	0	0	0	0	0	0.08789851	0.01789433	0	0.01047904	0	0.005881757	0.0006619385	0	0	0.0006114052	0	0	0.0002331546	0	0	0	0	0	0	0	0	0	0	0	0	0	0	0	0	0	0	0.0004990577	0	0	0	0.09025867	0.0008707275	0	0.001538228	0	0.01711542	0	0	0	0.004349955	0	0	0.0001891253	0	0	0	0	0	0.05537557	0	0	0	0	0.001546534	0	0.0001891253	0.0001104667	0	0.0005945607	0.007349788	0.008726871	0.002436927	0	0	0	0.001192804	0.0854806973	0	0	0	0	0	0.0001554364	0.009069779	0	0	0.01468813	0	0	0	0	0.00556908	0.009486953	0.0245507	0	0	0.002236753	0	0	0	0	0	0	0	0	0	0	0	0	0	0	0	0	0	0.002476488	0	0	0	0	0	0	0.0162334305	0	0	0	0	0	0	0	0	0	0	0	0	0	0	0	0	0	0	0	0	0	0	0	0	0	0	0	0	0	0	0	0	0	0	0	0	0	0	0	0	0	0	0	0	0	0	0	0	0	0	0	0	0	0	0	0	0	0	0	0	0	0	0	0	0	0	0	0	0	0	0	0	0	0	0	0	0	0	0	0	0	0	0	0	0	0	0	0	0	0	0	0	0	0	0	0	0	0	0	0	0	0	0	0	0	0	0	0	0	0	0	0	0	0	0	0	0	0	0	0	0	0	0	0	0	0	0	0	0	0	0	0	0	0	0	0	0	0	0	0	0	0	0	0	0	0	0	0	0	0	0	0	0	0	0	0	0	0	0	0	0	0	0	0	0	0	0	0	0	0	0	0	0	0	0	0	0	0	0	0	0	0	0	0	0	0	0	0	0	0	0	0	0	0	0	0	0	0	0	0	0	0	0	0	0	0	0	0	0	0	0	0	0	0	0	0	0	0	0	0	0	0	0	0	0	0	0	0	0	0	0	0	0	0	0	0	0	0	0	0	0	0	0	0	0	0	0	0	0	0	0	0	0	0	0	0	0	0	0	0	0	0	0	0	0	0	0	0	0	0	0	0	0	0	0	0	0	0	0	0	0	0	0	0	0	0	0	0	0	0	0	0	0	0	0	0	0	0	0	0	0	0	0	0	0	0	0	0	0	0	0	0	0	0	0	0	0	0	0	0	0	0	0	0	0	0	0	0	0	0	0	0	0	0	0	0	0	0	0	0	0	0
Algae_LUZE-D	0.101895092	0.01092463	0	0	0	0	0	0.004097543	0.00807823	0	0	0	0	0	0	0	0	0	0	0.0001212562	0.0005482199	0.0002240143	0.0001515703	0.0002511932	0.002268428	0	0	0.009802906	0	0	0	0.001485965	0	0.007445405	0.049621989	0.0002240143	0.001566454	0	0.0001120072	0	0	0	0	0	0	0	0.0498642827	0.0002728265	0.0001212562	0	0.007352241	0	0	9.094216e-05	0	0	0	0.002356046	0	0.001196063	0	0	0	6.062811e-05	0	0	0	0	6.062811e-05	0	0	0	0	0.001554925	9.094216e-05	0	0	0	0	0	0	0	0.0003360215	0	0.03527543	0.02080594	0	0.005215713	0	0.009981435	0	0	0	0.006745199	0	0	0.001230433	0	0	0	0	0	0	6.062811e-05	0	0.004870408	0	0	0	0	0	0	0	0	0	0.04673965	0	0	0	0.005145166	0.02290853	0.0007465447	0.004695147	0	0.007195349	0	0	0	0.003591609	0	0.00107075	0.00049456	0	0	0	0.001222101	0	9.094216e-05	0.0001680108	0	0	0	0.004400672	6.062811e-05	0.0009240905	0	0	0.01601129	0.01513205	0.0006365951	0.02344493	6.062811e-05	0	0.001017725	0.0007768587	0.1295357689	0.0001212562	0.0002719721	0	0.0001212562	0	0	0.0002800179	0	0	6.062811e-05	0.0003920251	0.0006467024	0	0	0.01113913	0.0115458	0.2873226	0	0	0.003474186	0.0001212562	0	0	0	0	0	0	0.01387726	0	0	0	0	0	0	0.0002240143	0.001449948	0	0.001405917	0	0	0	0	0	0	0.0293006816	0	0.005814838	0	0	0	0	0	0	0	0	0	0	0	0	0	0	0	0	0	0	0	0	0	0	0	0	0	0	0	0	0	0	0	0	0	0	0	0	0	0	0	0	0	0	0	0	0	0	0	0	0	0	0	0	0	0	0	0	0	0	0	0	0	0	0	0	0	0	0	0	0	0	0	0	0	0	0	0	0	0	0	0	0	0	0	0	0	0	0	0	0	0	0	0	0	0	0	0	0	0	0	0	0	0	0	0	0	0	0	0	0	0	0	0	0	0	0	0	0	0	0	0	0	0	0	0	0	0	0	0	0	0	0	0	0	0	0	0	0	0	0	0	0	0	0	0	0	0	0	0	0	0	0	0	0	0	0	0	0	0	0	0	0	0	0	0	0	0	0	0	0	0	0	0	0	0	0	0	0	0	0	0	0	0	0	0	0	0	0	0	0	0	0	0	0	0	0	0	0	0	0	0	0	0	0	0	0	0	0	0	0	0	0	0	0	0	0	0	0	0	0	0	0	0	0	0	0	0	0	0	0	0	0	0	0	0	0	0	0	0	0	0	0	0	0	0	0	0	0	0	0	0	0	0	0	0	0	0	0	0	0	0	0	0	0	0	0	0	0	0	0	0	0	0	0	0	0	0	0	0	0	0	0	0	0	0	0	0	0	0	0	0	0	0	0	0	0	0	0	0	0	0	0	0	0	0	0	0	0	0	0	0	0	0	0	0	0	0	0	0	0	0	0	0	0	0	0	0	0	0	0	0	0	0	0	0	0	0	0	0	0	0
Algae_LUZE-E	0.047002839	0.005243449	0	0	0	0	0	0.005809862	0.01981918	0	0	0	0.0001417595	0	0	0	0	0	0	0	0.004857288	0.0003200603	0.0001417595	0.0004944991	0.01610874	0	0	0.01932183	0	0	0	0.001647293	0	0.004318369	0.098799036	0	0	0	0	0	0	0	0	0	0.0001338419	0	0.0605387653	0.006216418	0.0008590574	0	0.01626852	0	0	0.0001236248	0	0	0	0.001164257	0	0.03023654	0	0	0	0	0.01593295	0	0	0	0	0	0	0	0	0	0	0	0.0001783008	0	0.0002858186	0	0	0	0	0	0.02212098	0.01281486	0	0.004544912	0	0.009934332	0	0	0	0.0003767641	0	0	0.008702566	0	0	0	0	0	0	8.505571e-05	0	0.001172645	0	8.505571e-05	0	0	0	0	0	0	0	0.02986603	0	0	0	0.009100201	0.001579789	0.0007598834	0.00695127	0	0.002209998	0	5.670381e-05	0	0.0002007629	0	8.505571e-05	0.0003920899	0	0	0	0	0	0.0001338419	0.0002704929	0	0	0	0.002580023	0	0.0007801241	0	0	0.001580876	0.02163479	0.002450548	0.002169052	0	0	0	0	0.082845384	0.002429954	0	0.001712419	0.0008367888	0	0	0.0003839005	0	0	0.005738807	0	0.004393168	0	5.670381e-05	0.00242141	0.008046855	0.3762174	0	0	0.0004700092	0	0.0001701114	0	0	0	0	0	0.002951553	0	0	0	0	0	0	0	0	0	0.0006605549	0	0	0	0	0	0	0.0107886912	0	0.00127357	0	0	0	0	0	0	0	0	0	0	0	0	0	0	0	0	0	0	0	0	0	0	0	0	0	0	0	0	0	0	0	0	0	0	0	0	0	0	0	0	0	0	0	0	0	0	0	0	0	0	0	0	0	0	0	0	0	0	0	0	0	0	0	0	0	0	0	0	0	0	0	0	0	0	0	0	0	0	0	0	0	0	0	0	0	0	0	0	0	0	0	0	0	0	0	0	0	0	0	0	0	0	0	0	0	0	0	0	0	0	0	0	0	0	0	0	0	0	0	0	0	0	0	0	0	0	0	0	0	0	0	0	0	0	0	0	0	0	0	0	0	0	0	0	0	0	0	0	0	0	0	0	0	0	0	0	0	0	0	0	0	0	0	0	0	0	0	0	0	0	0	0	0	0	0	0	0	0	0	0	0	0	0	0	0	0	0	0	0	0	0	0	0	0	0	0	0	0	0	0	0	0	0	0	0	0	0	0	0	0	0	0	0	0	0	0	0	0	0	0	0	0	0	0	0	0	0	0	0	0	0	0	0	0	0	0	0	0	0	0	0	0	0	0	0	0	0	0	0	0	0	0	0	0	0	0	0	0	0	0	0	0	0	0	0	0	0	0	0	0	0	0	0	0	0	0	0	0	0	0	0	0	0	0	0	0	0	0	0	0	0	0	0	0	0	0	0	0	0	0	0	0	0	0	0	0	0	0	0	0	0	0	0	0	0	0	0	0	0	0	0	0	0	0	0	0	0	0	0	0	0	0	0	0	0	0	0	0	0	0
Algae_MARS-A	0.139923322	0.004272636	0	0	0	0	0	0.003934426	0.003776876	0	0	0	0.0002810859	0	0	0	0	0	0	0.001369667	0.004507284	0.0001839926	0	9.199632e-05	0.0001575746	0	0.0004714932	0.004640698	0	0	0.0001575746	0.001121428	0	0.004317435	0.094619477	0.09372043	0.001142319	0.001433179	0	0	0	0	0	0	0	0	0.0171179248	0.005050126	0.001712947	0	0.02158719	0	0	0.0009770497	0	6.302984e-05	0	0.006726661	0	0.001132482	0	0	0	0.0002146581	0.0007802277	0	0	0	0	0	0	0	0	0	0	6.133088e-05	0	0	0	0	0	0	0.0001839926	0.0001494992	0.02202248	0.01500605	0	0.00851076	0	0.002347986	0	0	0	0.01885864	0	0	0.00180029	0	0	0	0	0	0	0	0	0.001921648	0	0	0	0	0	0	0	0	0	0.0005042388	0	0	0	0.01217897	0.02673623	0.005079359	0.002468987	0	0.006936324	0.0006976628	0	0	0	0	0.002468175	6.302984e-05	0	0	0	0.0008641868	6.302984e-05	0	9.454477e-05	0	0	6.302984e-05	0.006579943	0	0.02386324	0	0	0.03084311	0.01645573	0.004577353	0.03945738	0	0	0.01276495	0.007288594	0.0717533247	0.002075825	0.0009238187	0.000160997	0.003286229	0	0	0.0004331579	0	0	0.0004280366	0	0.0006482217	0	0	0.02342129	0.008517319	0.1282066	0	0	0.003684578	0.0004412089	0.0003730822	0	0	0	0	0	0.005734869	0	0	0	0	0	6.302984e-05	0	0.005457878	0	0.001306675	0	0.0004523256	0	0.0001533272	0	0	0.055339957	0	0.0007423363	0	0	0	0	0	0	0	0	0	0	0	0	0	0	0	0	0	0	0	0	0	0	0	0	0	0	0	0	0	0	0	0	0	0	0	0	0	0	0	0	0	0	0	0	0	0	0	0	0	0	0	0	0	0	0	0	0	0	0	0	0	0	0	0	0	0	0	0	0	0	0	0	0	0	0	0	0	0	0	0	0	0	0	0	0	0	0	0	0	0	0	0	0	0	0	0	0	0	0	0	0	0	0	0	0	0	0	0	0	0	0	0	0	0	0	0	0	0	0	0	0	0	0	0	0	0	0	0	0	0	0	0	0	0	0	0	0	0	0	0	0	0	0	0	0	0	0	0	0	0	0	0	0	0	0	0	0	0	0	0	0	0	0	0	0	0	0	0	0	0	0	0	0	0	0	0	0	0	0	0	0	0	0	0	0	0	0	0	0	0	0	0	0	0	0	0	0	0	0	0	0	0	0	0	0	0	0	0	0	0	0	0	0	0	0	0	0	0	0	0	0	0	0	0	0	0	0	0	0	0	0	0	0	0	0	0	0	0	0	0	0	0	0	0	0	0	0	0	0	0	0	0	0	0	0	0	0	0	0	0	0	0	0	0	0	0	0	0	0	0	0	0	0	0	0	0	0	0	0	0	0	0	0	0	0	0	0	0	0	0	0	0	0	0	0	0	0	0	0	0	0	0	0	0	0	0	0	0	0	0	0	0	0	0	0	0	0	0	0	0	0	0	0	0	0	0	0	0	0	0	0	0	0	0	0	0	0	0	0	0
Algae_MARS-B	0.085987382	0.01314768	0	0	0	0	0	0.005420241	0.01145815	0	0	0	0.0004602168	0	0	0	0	0	0	0	0	0.0003068112	0.0004090816	0.0003068112	0.005684095	0	0	0.01021257	0	0	0.0002208968	0.0005358861	0	0.006005195	0.094952308	0.006187269	0.0002045408	0	0	0	0	0	0	0	0	0	0.0677141442	0	0.0003313453	0	0.001949249	0	0	0.001122907	0	0	0	0.006248649	0	0.01421738	0	0	0	0	0	0	0	0	0.0001022704	0	0	0	0	0	0	0	0	0	0	0	0	0	0	0	0.01756984	0.06749954	0	0.003972099	0	0.008866699	0	0	0	0.01031484	0	0	0.004225708	0	0	0	0	0	0	0	0	0.001227245	0	0	0	0	0	0	0	0	0	0.0004602168	0	0	0	0.01932263	0.01217018	0.004822975	0.007412447	0	0.007545362	0.0004417937	0	0	0.0008079181	0	0.0005624872	0.0004090816	0	0	0	0.000255676	0.0002045408	0	0.0004090816	0	0	0	0.00383514	0	0.001591302	0	0	0.01667592	0.03932045	0.008044583	0.03630329	0.000255676	0	0.003090579	0.002108765	0.12051146	0.0001534056	0.0002045408	0.002534203	0.0003231672	0	0.0001022704	0.0001534056	0	0	0.0005951993	0	0.0005440641	0	0	0.03436025	0.01370603	0.1626644	0	0	0.004499807	0	0.000255676	0	0	0	0	0	0.0006647576	0	0	0	0	0	0	0	0.02949827	0	0.00281648	0	0	0	0.0002208968	0	0	0.0094107634	0	0.003869829	0	0	0	0	0	0	0	0	0	0	0	0	0	0	0	0	0	0	0	0	0	0	0	0	0	0	0	0	0	0	0	0	0	0	0	0	0	0	0	0	0	0	0	0	0	0	0	0	0	0	0	0	0	0	0	0	0	0	0	0	0	0	0	0	0	0	0	0	0	0	0	0	0	0	0	0	0	0	0	0	0	0	0	0	0	0	0	0	0	0	0	0	0	0	0	0	0	0	0	0	0	0	0	0	0	0	0	0	0	0	0	0	0	0	0	0	0	0	0	0	0	0	0	0	0	0	0	0	0	0	0	0	0	0	0	0	0	0	0	0	0	0	0	0	0	0	0	0	0	0	0	0	0	0	0	0	0	0	0	0	0	0	0	0	0	0	0	0	0	0	0	0	0	0	0	0	0	0	0	0	0	0	0	0	0	0	0	0	0	0	0	0	0	0	0	0	0	0	0	0	0	0	0	0	0	0	0	0	0	0	0	0	0	0	0	0	0	0	0	0	0	0	0	0	0	0	0	0	0	0	0	0	0	0	0	0	0	0	0	0	0	0	0	0	0	0	0	0	0	0	0	0	0	0	0	0	0	0	0	0	0	0	0	0	0	0	0	0	0	0	0	0	0	0	0	0	0	0	0	0	0	0	0	0	0	0	0	0	0	0	0	0	0	0	0	0	0	0	0	0	0	0	0	0	0	0	0	0	0	0	0	0	0	0	0	0	0	0	0	0	0	0	0	0	0	0	0	0	0	0	0	0	0	0	0	0	0	0	0	0
Algae_MASS-A	0.065777335	0.008382383	0	0	0	0	0	0.004260657	0.02118024	0	0	0	0.001695503	0	0	0	0.0001510004	0	0	0	0.001117333	8.858181e-05	0.001712222	0.002545113	0.004729225	0	0	0.01394608	0	0	0	0.004320987	0	0.008485724	0.109686696	0.005930265	0	0	0	0	0	0.0001510004	0	0	8.858181e-05	0	0.0492888922	0.002200799	0.0005288016	0.0002265006	0.06705947	0	0	0.0003502934	0	0	0	0.00768126	0	0.00695269	0	0	0	0.0002617116	0.01189392	0	0	0	8.858181e-05	0.0002617116	0	0	0	0	0.0004036642	0	0	0	0	0	0	0	0.001888374	0.001229388	0.02073567	0.01755968	0	0.002143126	0	0.03931826	0	0	0	0.002653088	0	0	0.0001328727	0	0	0	0	0	0	0	0	0.0004871999	0	0.001190176	0	0	0	0	0	0	0	0.06849245	0	0	0	0.005293791	0.003936512	0.01941501	0.002885583	0	0.0323257	0.0009690214	0	0	0.0001510004	0	0.002224273	0.0007529453	0	0	0	0	0	0	0.001226731	0	0	0	0.0003489488	0.0002265006	0.0007096667	0	0	0.013842	0.007214702	0.0001510004	0.004045325	0	0	0	0.001348911	0.1431264229	0.0003100363	0.003253499	0.0001771636	0.01377913	0	0	0	0	0	0.003967056	0.000400975	0.001277713	0	0	0.003946272	0.01850376	0.1160744	0	0	0	0	0.0009815025	0	0	0	0	0	0.03374448	0	0	0	0	0	0	0	0	0	0.0001328727	0	0	0	0	0	0	0.003728122	0	0.00225148	0	0	0	0	0	0	0	0	0	0	0	0	0	0	0	0	0	0	0	0	0	0	0	0	0	0	0	0	0	0	0	0	0	0	0	0	0	0	0	0	0	0	0	0	0	0	0	0	0	0	0	0	0	0	0	0	0	0	0	0	0	0	0	0	0	0	0	0	0	0	0	0	0	0	0	0	0	0	0	0	0	0	0	0	0	0	0	0	0	0	0	0	0	0	0	0	0	0	0	0	0	0	0	0	0	0	0	0	0	0	0	0	0	0	0	0	0	0	0	0	0	0	0	0	0	0	0	0	0	0	0	0	0	0	0	0	0	0	0	0	0	0	0	0	0	0	0	0	0	0	0	0	0	0	0	0	0	0	0	0	0	0	0	0	0	0	0	0	0	0	0	0	0	0	0	0	0	0	0	0	0	0	0	0	0	0	0	0	0	0	0	0	0	0	0	0	0	0	0	0	0	0	0	0	0	0	0	0	0	0	0	0	0	0	0	0	0	0	0	0	0	0	0	0	0	0	0	0	0	0	0	0	0	0	0	0	0	0	0	0	0	0	0	0	0	0	0	0	0	0	0	0	0	0	0	0	0	0	0	0	0	0	0	0	0	0	0	0	0	0	0	0	0	0	0	0	0	0	0	0	0	0	0	0	0	0	0	0	0	0	0	0	0	0	0	0	0	0	0	0	0	0	0	0	0	0	0	0	0	0	0	0	0	0	0	0	0	0	0	0	0	0	0	0	0	0	0	0	0	0	0	0	0	0	0	0	0	0	0	0
Algae_MEDA-A	0.161801486	0.00223708	0	0	0	0	0.0001082407	0.00598892	0.002639211	0	0	0	0	0.0002816811	0	0	0	0	0	0.0009191791	0.0005355398	0	0.0007392365	0.002437261	0.00160035	0	0	0.002730404	0	0	0	0.0006064033	6.333924e-05	0.007048854	0.046818306	0.05316639	0.001367351	0	0	0	0	0	0	0	0.0002095206	0	0.0219924254	0.001294679	0.002450019	4.222616e-05	0.2197232	0	0	0.0007098535	0	0	0	0.007133691	0	0.008379118	0	0	0	0.0002095206	0.003924526	0	0	0	0	0	7.61576e-05	0	0	0	0.0003538416	5.077173e-05	0.0004073935	0.0003425838	0	0	0	0	0.0001015435	0.0003687966	0.01719663	0.01391405	0	0.01079806	0	0.01913745	0	0	0	0.005589199	0	0	0.00624934	0	0	0	0	0	0	0.001383345	0	0.001234055	0	0	0	0	0	8.380825e-05	0	0	0	0.003993537	0	0	7.216048e-05	0.005635488	0.01128315	0.002962957	0.006599219	0	0.005755585	0.001329731	0	0	0.0008825241	0	0	0.0004391088	0	0	0	0.0001523152	0.000144321	8.380825e-05	0	0.0001257124	0	0	0	4.222616e-05	0.04360792	0	0	0.005499593	0.02065023	0	0.03065039	0	0	0.001193325	0.004095379	0.0387173251	0.0003968827	0.0004073935	0.003577834	0.001291558	0	0.0004679062	0.008070729	0	0	0.001980868	0	0.001294177	0	0.0002164815	0.02034202	0.005947034	0.1081679	0	0	0.001341376	0.0007002161	0.0002095206	0	0	0	0	0	0.01225732	0	0	0	0	0	0	0	0.007376196	0	0.001643496	0	0	0	0	0	0	0.0047213493	0.0001257124	0.001103003	0	0	0	0	0	0	0	0	0	0	0	0	0	0	0	0	0	0	0	0	0	0	0	0	0	0	0	0	0	0	0	0	0	0	0	0	0	0	0	0	0	0	0	0	0	0	0	0	0	0	0	0	0	0	0	0	0	0	0	0	0	0	0	0	0	0	0	0	0	0	0	0	0	0	0	0	0	0	0	0	0	0	0	0	0	0	0	0	0	0	0	0	0	0	0	0	0	0	0	0	0	0	0	0	0	0	0	0	0	0	0	0	0	0	0	0	0	0	0	0	0	0	0	0	0	0	0	0	0	0	0	0	0	0	0	0	0	0	0	0	0	0	0	0	0	0	0	0	0	0	0	0	0	0	0	0	0	0	0	0	0	0	0	0	0	0	0	0	0	0	0	0	0	0	0	0	0	0	0	0	0	0	0	0	0	0	0	0	0	0	0	0	0	0	0	0	0	0	0	0	0	0	0	0	0	0	0	0	0	0	0	0	0	0	0	0	0	0	0	0	0	0	0	0	0	0	0	0	0	0	0	0	0	0	0	0	0	0	0	0	0	0	0	0	0	0	0	0	0	0	0	0	0	0	0	0	0	0	0	0	0	0	0	0	0	0	0	0	0	0	0	0	0	0	0	0	0	0	0	0	0	0	0	0	0	0	0	0	0	0	0	0	0	0	0	0	0	0	0	0	0	0	0	0	0	0	0	0	0	0	0	0	0	0	0	0	0	0	0	0	0	0	0	0	0	0	0	0	0	0	0	0	0	0	0	0	0	0	0	0
Algae_MERE-A	0.009342566	0.002599141	0	0	0	0	0	0.003102688	0.01486608	0	0	0	0	0	0	0	0	0	0	0	0.005250227	0.0002907315	0	0.03267398	0.02961587	0	0	0.0106935	0	0	0.0001744389	0.0006531774	0	0.0003686479	0.089577147	0	0	0.0001744389	0	0	0	0	0	0	0.001739351	0	0.1103036215	0.009836037	0.0001162926	0	0.002412298	0	0	0	0	0	0	0	0	0.02292439	0	0	0	0	0.005367684	0	0	0	0	0	0.0002907315	0	0	0	0	0	0	0	0	0	0	0	0	0	0.107437	0.0062798	0	0.0006210032	0	0.004093503	0	0	0	0	0	0	0	0	0	0	0	0	0	0	0	0.001053999	0	0	0	0	0	0	0	0	0	0.001564912	0	0	0.0001162926	0.02379153	0.006163507	0.0002523553	0.005302171	0.007617165	0	0.0002523553	0	0	0	0	0.0009253028	0.009694936	0	0	0	0	0	0	0.0004205922	0	0	0	0	0	0.0002523553	0	0	0.0004589684	0.07077494	0.0001682369	0.0004651704	0	0	0.0001162926	0	0.1164725483	0.01385783	0.0004008221	0.004267942	0.001551344	0	0	0	0	0	0.02725319	0	0.003750827	0	0	0.001138118	0.009421647	0.2054349	0	0	0	0	0	0	0	0	0	0	0	0	0	0	0	0	0	0	0	0	0.0003488778	0	0	0	0	0	0	0.0159065141	0	0	0	0	0	0	0	0	0	0	0	0	0	0	0	0	0	0	0	0	0	0	0	0	0	0	0	0	0	0	0	0	0	0	0	0	0	0	0	0	0	0	0	0	0	0	0	0	0	0	0	0	0	0	0	0	0	0	0	0	0	0	0	0	0	0	0	0	0	0	0	0	0	0	0	0	0	0	0	0	0	0	0	0	0	0	0	0	0	0	0	0	0	0	0	0	0	0	0	0	0	0	0	0	0	0	0	0	0	0	0	0	0	0	0	0	0	0	0	0	0	0	0	0	0	0	0	0	0	0	0	0	0	0	0	0	0	0	0	0	0	0	0	0	0	0	0	0	0	0	0	0	0	0	0	0	0	0	0	0	0	0	0	0	0	0	0	0	0	0	0	0	0	0	0	0	0	0	0	0	0	0	0	0	0	0	0	0	0	0	0	0	0	0	0	0	0	0	0	0	0	0	0	0	0	0	0	0	0	0	0	0	0	0	0	0	0	0	0	0	0	0	0	0	0	0	0	0	0	0	0	0	0	0	0	0	0	0	0	0	0	0	0	0	0	0	0	0	0	0	0	0	0	0	0	0	0	0	0	0	0	0	0	0	0	0	0	0	0	0	0	0	0	0	0	0	0	0	0	0	0	0	0	0	0	0	0	0	0	0	0	0	0	0	0	0	0	0	0	0	0	0	0	0	0	0	0	0	0	0	0	0	0	0	0	0	0	0	0	0	0	0	0	0	0	0	0	0	0	0	0	0	0	0	0	0	0	0	0	0	0	0
Algae_MERE-B	0.165602784	0.0006307159	0	0	0	0	0	0.0004946075	0.003746095	0	0	0	0	0.000157679	0	0	0	0	0	0.0001970987	0.00101963	0.0002669336	0	7.883948e-05	0.00193823	0.0005155581	0.002563203	0.003631878	0	0	0	0.0005580794	0	0.006135472	0.048934792	0.001855208	0.003306895	0.001395198	0	0	0	0	0	0	0.0002669336	0	0.0170906331	0.002955999	0.01091656	0.0001334668	0.1703443	0	0	7.883948e-05	0	0	0	0.0009161986	0	0.004604245	0	0	0.0001334668	0	0.000246063	0	0.0001182592	0	0	0.0007945978	0	0	0.0001970987	0	0	0	7.883948e-05	0	0	0	0	0	0.000333667	0.0005307657	0.02893878	0.005062934	0	0.001914178	0	0.01684393	0.0001334668	0	0	0.005165746	0.0002002002	0	0.000661751	0	0	0	0	0	0	0	0	0.0003153579	0	0	0	0	0	0	0	0	0	0.004209807	0	0	0	0.0129449	0.00423412	0.002963683	0.008768608	0	0.005143775	0.0015985	0	0	0.001196558	0	0.0003547777	0.0003578792	0	0	0	0.0005580794	0.004433538	0	0	0	0	0	0	0.0004367186	0.0484657	0	0	0.0129809	0.003014749	7.883948e-05	0.004166986	0	0	0.0003643222	0.01260735	0.0618516801	0.009474943	0.0004793999	0.000164042	0.001052527	0	0	0.006947174	0	0	0.001708615	0	0.0001182592	0	0	0.001943973	0.004058192	0.2065938	0	0	0.01412801	0	0.0001182592	0	0	0	0	0	0.002195478	0	0	0	0	0	0	0	0.008282765	0	0.001507875	0	0	0	7.883948e-05	0	0	0.0381651813	0	0.000246063	0	0	0	0	0	0	0	0	0	0	0	0	0	0	0	0	0	0	0	0	0	0	0	0	0	0	0	0	0	0	0	0	0	0	0	0	0	0	0	0	0	0	0	0	0	0	0	0	0	0	0	0	0	0	0	0	0	0	0	0	0	0	0	0	0	0	0	0	0	0	0	0	0	0	0	0	0	0	0	0	0	0	0	0	0	0	0	0	0	0	0	0	0	0	0	0	0	0	0	0	0	0	0	0	0	0	0	0	0	0	0	0	0	0	0	0	0	0	0	0	0	0	0	0	0	0	0	0	0	0	0	0	0	0	0	0	0	0	0	0	0	0	0	0	0	0	0	0	0	0	0	0	0	0	0	0	0	0	0	0	0	0	0	0	0	0	0	0	0	0	0	0	0	0	0	0	0	0	0	0	0	0	0	0	0	0	0	0	0	0	0	0	0	0	0	0	0	0	0	0	0	0	0	0	0	0	0	0	0	0	0	0	0	0	0	0	0	0	0	0	0	0	0	0	0	0	0	0	0	0	0	0	0	0	0	0	0	0	0	0	0	0	0	0	0	0	0	0	0	0	0	0	0	0	0	0	0	0	0	0	0	0	0	0	0	0	0	0	0	0	0	0	0	0	0	0	0	0	0	0	0	0	0	0	0	0	0	0	0	0	0	0	0	0	0	0	0	0	0	0	0	0	0	0	0	0	0	0	0	0	0	0	0	0	0	0	0	0	0	0	0	0	0	0	0	0	0	0	0	0	0	0	0	0	0	0	0	0	0	0
Algae_MERV-A	0.108818239	0.0103526	0.0001908033	0	0	0	0	0	0.00388474	0	0	0	0	0	0	0	0	0	0	0	0	0.0003007519	0.0001431025	0.001426965	0.005502508	0	0.002300126	0.005348919	0	0	0	0.002989758	0	0.006628721	0.146972798	0.00368345	0.004772449	0.003004305	0	0	0	0	0	0	0	0	0.0232842553	0.007670866	0.02662077	0	0	0	0	0	0	0	0	0.01163967	0	0.02107868	0	0	0.0003816066	0.0003339057	0	0	0	0	0	0.0003007519	0	0	0	0	0	0	0.0003339057	0	0	0	0	0	0	0	0.04027285	0.0120157	0.0001431025	0.01717449	0	0.03097204	0	0	0	0.01153379	0	0	0.0006678115	0	0	0	0	0	0.01015774	0	0	0.0002862049	0	0	0	0	0	0	0	0	0.001291136	0	0	0	0	0.01044479	0.0009540164	0.001097119	0.01121443	0	0.01636764	0.00422592	0	0	0.00287981	0	0	0	0	0	0	0	0.001049418	0	0	0	0	0.0009540164	0.01537015	0	0.04261662	0	0	0.04396273	0.01641382	0.004293074	0.004292227	0	0	0.004021416	0.02598612	0.0419787448	0.0004511278	0	0	0.004001963	0	0.0002385041	0.01544525	0	0	0.0007518797	0.0002385041	0.0001431025	0	0	0.01069784	0.02993801	0.08765295	0	0	0.02313388	0	0	0	0	0	0	0	0.0006201107	0	0	0	0	0	0	0	0.007101669	0	0.003092433	0	0	0	0	0.0006823584	0	0.0433930275	0	0.001815845	0	0	0	0	0	0	0	0	0	0	0	0	0	0	0	0	0	0	0	0	0	0	0	0	0	0	0	0	0	0	0	0	0	0	0	0	0	0	0	0	0	0	0	0	0	0	0	0	0	0	0	0	0	0	0	0	0	0	0	0	0	0	0	0	0	0	0	0	0	0	0	0	0	0	0	0	0	0	0	0	0	0	0	0	0	0	0	0	0	0	0	0	0	0	0	0	0	0	0	0	0	0	0	0	0	0	0	0	0	0	0	0	0	0	0	0	0	0	0	0	0	0	0	0	0	0	0	0	0	0	0	0	0	0	0	0	0	0	0	0	0	0	0	0	0	0	0	0	0	0	0	0	0	0	0	0	0	0	0	0	0	0	0	0	0	0	0	0	0	0	0	0	0	0	0	0	0	0	0	0	0	0	0	0	0	0	0	0	0	0	0	0	0	0	0	0	0	0	0	0	0	0	0	0	0	0	0	0	0	0	0	0	0	0	0	0	0	0	0	0	0	0	0	0	0	0	0	0	0	0	0	0	0	0	0	0	0	0	0	0	0	0	0	0	0	0	0	0	0	0	0	0	0	0	0	0	0	0	0	0	0	0	0	0	0	0	0	0	0	0	0	0	0	0	0	0	0	0	0	0	0	0	0	0	0	0	0	0	0	0	0	0	0	0	0	0	0	0	0	0	0	0	0	0	0	0	0	0	0	0	0	0	0	0	0	0	0	0	0	0	0	0	0	0	0	0	0	0	0	0	0	0	0	0	0	0	0	0	0	0
Algae_MONB-A	0.221735016	0.001825324	0.003841417	0	0.0002497502	0	0	0	0	0	0	0	0.0004162504	0.0006361914	0	0	0	0	0	0	0	0	0.0005150425	0.001249389	0.0001136967	0	0	0.001423341	0	0	0	0.001794878	0	0.004763983	0.115982069	0.004552132	0.002658462	0.0002273933	0	0	0	0	0.0005684833	0	0	0	0.008631386	0.002211765	0.0004926855	0.0002497502	0.001234484	0.0001894944	0	0.0001894944	0	0	0	0.009483253	0	0.003174142	0	0	0	0.0001515955	0.0001515955	0	0	0	0.0005150425	0.0002497502	0	0	0	0	0	0	0.00206017	0	0.0001515955	0	0	0	0	0.0001515955	0.05156921	0.009993197	0	0.1054962	0.0001515955	0.00454468	0	0	0	0.009037193	0	0	0.002068259	0	0	0	0	0	0	0	0	0	0	0	7.579777e-05	0	0	0	0	0	0.0001515955	0.0002652922	0	0	0	0.002044628	0.003960017	0.0005908402	0.003657463	0	0.002788338	0.000567846	0.0003330003	0	0.004597483	0	0	0	0	0	0	0.0001894944	0.00301382	0	0	0	0	0	0.00798583	0.0001665002	0.009111716	0.0004696913	0	0.01232248	0.01428259	0.0004995005	0.003915303	0	0.0001515955	0	0.008817252	0.0413190047	0.01466094	0.0006660007	0	0.00121149	0	0.001310282	0.1336917	0	0.0009095733	0.0001665002	0.0004995005	0	0	0.0002497502	0.02481338	0.002478332	0.08099434	0	0	0.001795515	0.0007796973	0.0001894944	0	0	0	7.579777e-05	0	0.02329997	0	0	0	0	0	0	0	0.002939296	0	0.001151234	0	0	0.0002273933	0.0004845959	0	0	0.0112606765	0	0.0001665002	0	0	0	0	0	0	0	0	0	0	0	0	0	0	0	0	0	0	0	0	0	0	0	0	0	0	0	0	0	0	0	0	0	0	0	0	0	0	0	0	0	0	0	0	0	0	0	0	0	0	0	0	0	0	0	0	0	0	0	0	0	0	0	0	0	0	0	0	0	0	0	0	0	0	0	0	0	0	0	0	0	0	0	0	0	0	0	0	0	0	0	0	0	0	0	0	0	0	0	0	0	0	0	0	0	0	0	0	0	0	0	0	0	0	0	0	0	0	0	0	0	0	0	0	0	0	0	0	0	0	0	0	0	0	0	0	0	0	0	0	0	0	0	0	0	0	0	0	0	0	0	0	0	0	0	0	0	0	0	0	0	0	0	0	0	0	0	0	0	0	0	0	0	0	0	0	0	0	0	0	0	0	0	0	0	0	0	0	0	0	0	0	0	0	0	0	0	0	0	0	0	0	0	0	0	0	0	0	0	0	0	0	0	0	0	0	0	0	0	0	0	0	0	0	0	0	0	0	0	0	0	0	0	0	0	0	0	0	0	0	0	0	0	0	0	0	0	0	0	0	0	0	0	0	0	0	0	0	0	0	0	0	0	0	0	0	0	0	0	0	0	0	0	0	0	0	0	0	0	0	0	0	0	0	0	0	0	0	0	0	0	0	0	0	0	0	0	0	0	0	0	0	0	0	0	0	0	0	0	0	0	0	0	0	0	0	0	0	0	0	0	0	0	0	0	0	0	0	0	0	0	0	0	0	0	0	0	0	0	0
Algae_MONE-A	0.045277774	0.004545131	0	0	0	0	0	0.001975195	0.006722072	0	0.0005259006	0	0.02015383	0	0	8.76501e-05	0	0	0	0	0.0001314752	0	0.0002629503	0.002191253	0.01223712	0	0	0.01300839	0	0	0	9.098767e-05	0	0.004776494	0.075767268	0.004741434	0	0	0	0	0	0	0	0	0.000607718	0.0002629503	0.0302443269	0.0004820756	0.001558654	0	0.005747622	0	0	8.76501e-05	0	0	0	0.0007533698	0	0.001386946	0	0	0.0003184568	0	0.005112075	0	0	0	9.098767e-05	0	0	0	0	0	0.001840652	0.0004353342	0	9.098767e-05	0	0	0	0	0	0.001151133	0.3728986	0.02077166	0	0.01447977	0	0.02271945	0	0	0	0.004364975	0	0	0.0007567074	0	0	0	0	0	0	0	0	0.002632404	0	0	0	0.0002025727	0	0	0	0	0.0001314752	0.009824664	0	0	0	0.007625798	0.004624167	0.01272165	0.002986088	0	0.01044971	0	0	0	0.0002629503	0	0	9.098767e-05	0	0	0	0	0	0.000449932	0.002066874	0	0	0	0.0001314752	0.0003067754	0.0003506004	0	0	0.005570113	0.00870089	0.0005004322	0.009551081	0	0	0	0.003999356	0.0729078113	0.0001364815	0.000980839	0	0.001637253	0	0	0.0006623821	0	0	0.001621527	0.0007450259	0.0001314752	0	0	0.009841272	0.01986532	0.1211208	0	0	0.0005313282	0.0002629503	0.0003067754	0	0	0	0	0.0004382505	0	0	0	0	0	0	0	0	0.0007012008	0	0	0	0	0	0	0	0.0001753002	0.0058778498	0	0.0002191253	0	0	0	0	0	0	0	0	0	0	0	0	0	0	0	0	0	0	0	0	0	0	0	0	0	0	0	0	0	0	0	0	0	0	0	0	0	0	0	0	0	0	0	0	0	0	0	0	0	0	0	0	0	0	0	0	0	0	0	0	0	0	0	0	0	0	0	0	0	0	0	0	0	0	0	0	0	0	0	0	0	0	0	0	0	0	0	0	0	0	0	0	0	0	0	0	0	0	0	0	0	0	0	0	0	0	0	0	0	0	0	0	0	0	0	0	0	0	0	0	0	0	0	0	0	0	0	0	0	0	0	0	0	0	0	0	0	0	0	0	0	0	0	0	0	0	0	0	0	0	0	0	0	0	0	0	0	0	0	0	0	0	0	0	0	0	0	0	0	0	0	0	0	0	0	0	0	0	0	0	0	0	0	0	0	0	0	0	0	0	0	0	0	0	0	0	0	0	0	0	0	0	0	0	0	0	0	0	0	0	0	0	0	0	0	0	0	0	0	0	0	0	0	0	0	0	0	0	0	0	0	0	0	0	0	0	0	0	0	0	0	0	0	0	0	0	0	0	0	0	0	0	0	0	0	0	0	0	0	0	0	0	0	0	0	0	0	0	0	0	0	0	0	0	0	0	0	0	0	0	0	0	0	0	0	0	0	0	0	0	0	0	0	0	0	0	0	0	0	0	0	0	0	0	0	0	0	0	0	0	0	0	0	0	0	0	0	0	0	0	0	0	0	0	0	0	0	0	0	0	0	0	0	0	0	0	0	0	0	0
Algae_MONF-A	0.235848971	0.003792172	0.0002040192	0	0	0	0	6.800639e-05	0.001437435	0.0007156298	0.001187997	0	0	0	0	0	0	0	0	0.0002785903	0.0002785903	0	0.0008099011	0.00185743	0.001310723	0	0.0006186223	0.002470661	0	0	0	0.001900345	0	0.00632912	0.101958661	0.01453473	0.001949046	0.0007357192	0	0	0	0	0	0	0	0	0.0089721433	0.003208094	0.009371107	0	0.0116614	0	0	0.001460023	0	0	0	0.004631458	0	0.01232383	0	0	0.0001638404	0	0	0	0	0	0.0005517894	0.0005538983	0	0	0	0	0	0	0.002805842	0	0	0	0	0	0	0	0.03867869	0.001836173	0	0.01346711	0	0.0124303	0	0	0	0.01410106	0	0	0.002282664	0	0	0	0	0	0	0	0	0	0	0	0	0	0.0001638404	0	0	0	0.0002998532	0	0	0.0001638404	0	0.002682418	0.002879245	0.002372561	0.004166986	0	0.005925926	0.004091869	0	0	0.007350296	0	0	0	0	0	0	0.0001360128	0.009289495	0	0	0	0	0	0.009588901	0	0.05843751	0	0	0.02438206	0.005641318	0.0006120575	0.002598151	0	0	0.0006800639	0.01548214	0.0547616349	0	0.0002457606	0	0.001273984	0	0	0.07107515	0	0.0005734415	0.0003805999	0.0001360128	0	0	0	0.0123017	0.01328273	0.08860648	0	0	0.01744423	0.0003817734	0	0	0	0	0	0	0.02980762	0.0001020096	0	0	0	0	0	0	0.006042936	0	0.001757378	0	0	6.800639e-05	0.000170016	6.800639e-05	0	0.0264760334	0	0.001314163	0	0	0	0	0	0	0	0	0	0	0	0	0	0	0	0	0	0	0	0	0	0	0	0	0	0	0	0	0	0	0	0	0	0	0	0	0	0	0	0	0	0	0	0	0	0	0	0	0	0	0	0	0	0	0	0	0	0	0	0	0	0	0	0	0	0	0	0	0	0	0	0	0	0	0	0	0	0	0	0	0	0	0	0	0	0	0	0	0	0	0	0	0	0	0	0	0	0	0	0	0	0	0	0	0	0	0	0	0	0	0	0	0	0	0	0	0	0	0	0	0	0	0	0	0	0	0	0	0	0	0	0	0	0	0	0	0	0	0	0	0	0	0	0	0	0	0	0	0	0	0	0	0	0	0	0	0	0	0	0	0	0	0	0	0	0	0	0	0	0	0	0	0	0	0	0	0	0	0	0	0	0	0	0	0	0	0	0	0	0	0	0	0	0	0	0	0	0	0	0	0	0	0	0	0	0	0	0	0	0	0	0	0	0	0	0	0	0	0	0	0	0	0	0	0	0	0	0	0	0	0	0	0	0	0	0	0	0	0	0	0	0	0	0	0	0	0	0	0	0	0	0	0	0	0	0	0	0	0	0	0	0	0	0	0	0	0	0	0	0	0	0	0	0	0	0	0	0	0	0	0	0	0	0	0	0	0	0	0	0	0	0	0	0	0	0	0	0	0	0	0	0	0	0	0	0	0	0	0	0	0	0	0	0	0	0	0	0	0	0	0	0	0	0	0	0	0	0	0	0	0	0	0	0	0	0	0	0	0	0
Algae_MONT-A	0.117898107	0.002269027	0.0003625378	0	0	0	0	0.002574197	0.006459594	0	0	0.0006626905	0	0.0001812689	0.0002416918	0	0	0	0	0.0001893401	0.001348502	0.002153198	0.002485413	0.001232673	0.003408992	0	0	0.002579213	0	0	0	0.0001893401	0	0.01095228	0.08992493	0.003607496	0.0008520307	0	0	0	0	0	0	0	0	0	0.0440682277	0.004632724	0.002631565	0.0004572078	0.006475736	0	0	0	0	0	0	0.0043245	0	0.06360752	0	0	0	0.0001420051	0.0002366752	0	0	0	0	0.000586125	0	0	0	0	0	0	0.0004229607	0	0	0	0	0	0.0004733504	0.0001893401	0.02083787	0.04581461	0	0.0409766	0	0.01441384	0.001276953	0	0	0.00232945	0.0006042296	0	0.0001420051	0	0	0	0	0	0	0	0	0.001448189	0	0	0	0	0	0	0	0	0	0.002807817	0	9.467007e-05	0	0.02718054	0.01245893	0.0002840102	0.01028958	0	0.003402013	0.0007573606	0.0001812689	0	0.0002840102	0	0.0008882398	0.0004572078	0	0	0	0	0.002695912	0	0.0001893401	0	0	0	0.0007250755	0	0.004020424	0	0	0.004051616	0.06503479	0	0.03600798	0	0	0	0.001193409	0.035786358	0.002291056	0.0003625378	0.001088706	0	0	0.001327343	0.006513684	0	0	0.001553985	0	0.0001893401	0	0	0.05037993	0.006588511	0.166241	0	0	0.003438223	0	0.0001812689	0	0	0	0	0	0.01093417	0	0	0	0	0	0	0	0.005646827	0.0002416918	0.006343764	0	0	0	0	0	0	0.0210610141	0	0.001162217	0	0	0	0	0	0	0	0	0	0	0	0	0	0	0	0	0	0	0	0	0	0	0	0	0	0	0	0	0	0	0	0	0	0	0	0	0	0	0	0	0	0	0	0	0	0	0	0	0	0	0	0	0	0	0	0	0	0	0	0	0	0	0	0	0	0	0	0	0	0	0	0	0	0	0	0	0	0	0	0	0	0	0	0	0	0	0	0	0	0	0	0	0	0	0	0	0	0	0	0	0	0	0	0	0	0	0	0	0	0	0	0	0	0	0	0	0	0	0	0	0	0	0	0	0	0	0	0	0	0	0	0	0	0	0	0	0	0	0	0	0	0	0	0	0	0	0	0	0	0	0	0	0	0	0	0	0	0	0	0	0	0	0	0	0	0	0	0	0	0	0	0	0	0	0	0	0	0	0	0	0	0	0	0	0	0	0	0	0	0	0	0	0	0	0	0	0	0	0	0	0	0	0	0	0	0	0	0	0	0	0	0	0	0	0	0	0	0	0	0	0	0	0	0	0	0	0	0	0	0	0	0	0	0	0	0	0	0	0	0	0	0	0	0	0	0	0	0	0	0	0	0	0	0	0	0	0	0	0	0	0	0	0	0	0	0	0	0	0	0	0	0	0	0	0	0	0	0	0	0	0	0	0	0	0	0	0	0	0	0	0	0	0	0	0	0	0	0	0	0	0	0	0	0	0	0	0	0	0	0	0	0	0	0	0	0	0	0	0	0	0	0	0	0	0	0	0	0	0	0	0	0	0	0	0	0	0	0	0	0
Algae_MONT-B	0.177301005	0.005444342	0.002173833	0	0	0	0	0.000400641	0.01207227	0	0	0	0.0001602564	0	0	0	0	0	0	0	0.001001406	0.0008339723	0.0006191009	0.00175525	0.002338072	0	0	0.004446525	0	0	0	0.001070768	0	0.01262599	0.07270162	0.006674185	0.0006553796	0	0	0	0	0	0	0	0	0	0.0376308046	0.0009176889	0.0005899992	0	0.002239214	0.0003276898	0	0.0007211538	0	0	0	0.004442542	0	0.02698373	0	0	0	0.0001602564	0.0003823048	0	0	0	0	0	0	0.0002184599	0	0	0	0	0.001445896	0	0	0	0	0	0	0	0.01639123	0.045554	0	0.015753	0	0.004555755	0	0	0	0.002490757	0	0	0.001358197	0	0	0	0	0	0	0	0	0.0009978172	0	0	0	0	0	0	0	0	0	0.001092299	0.0001638449	0	0	0.01342211	0.01107008	0.0004369197	0.004176644	0	0.007002662	0.004934471	0	0	0	0	0.0009615385	0.0003205128	0	0	0	0	0.000400641	0	0	0	0	0	0.01000727	0	0.01505097	0	0	0.01486004	0.0478761	0.0005461496	0.01897848	0	0	0.0006553796	0.00263666	0.0403488181	0.002610753	0.001085122	0	0.0005461496	0	0.002967544	0.002126789	0	0	0	0	0	0	0	0.03406092	0.00453383	0.2566593	0	0	0.002851531	0	0.0007319193	0	0	0	0	0	0.002061015	0	0	0	0	0	0	0	0.00440587	0	0.006580491	0	0	0	0	0	0	0.0178885452	0.0001092299	0.0004042295	0	0	0	0	0	0	0	0	0	0	0	0	0	0	0	0	0	0	0	0	0	0	0	0	0	0	0	0	0	0	0	0	0	0	0	0	0	0	0	0	0	0	0	0	0	0	0	0	0	0	0	0	0	0	0	0	0	0	0	0	0	0	0	0	0	0	0	0	0	0	0	0	0	0	0	0	0	0	0	0	0	0	0	0	0	0	0	0	0	0	0	0	0	0	0	0	0	0	0	0	0	0	0	0	0	0	0	0	0	0	0	0	0	0	0	0	0	0	0	0	0	0	0	0	0	0	0	0	0	0	0	0	0	0	0	0	0	0	0	0	0	0	0	0	0	0	0	0	0	0	0	0	0	0	0	0	0	0	0	0	0	0	0	0	0	0	0	0	0	0	0	0	0	0	0	0	0	0	0	0	0	0	0	0	0	0	0	0	0	0	0	0	0	0	0	0	0	0	0	0	0	0	0	0	0	0	0	0	0	0	0	0	0	0	0	0	0	0	0	0	0	0	0	0	0	0	0	0	0	0	0	0	0	0	0	0	0	0	0	0	0	0	0	0	0	0	0	0	0	0	0	0	0	0	0	0	0	0	0	0	0	0	0	0	0	0	0	0	0	0	0	0	0	0	0	0	0	0	0	0	0	0	0	0	0	0	0	0	0	0	0	0	0	0	0	0	0	0	0	0	0	0	0	0	0	0	0	0	0	0	0	0	0	0	0	0	0	0	0	0	0	0	0	0	0	0	0	0	0	0	0	0	0	0	0	0	0	0	0	0
Algae_MONTB-A	0.116854791	0.005085904	0	0	0	0	0.0001838686	0.0004290267	0.002940771	0	0	0	0	0	0.0001506932	0	0	0	0	0.0001225791	0.0001838686	0	0.002879481	0.0001506932	0.001583405	0.0001225791	0.001409659	0.0122101	0	0	0	0.003115644	0	0.003699298	0.165751424	0.0006027728	0.002352055	0.002501621	0	0	0	0	0	0	0	0	0.0242695093	0.0006027728	0.02786588	0	0.01339766	0	0	0.0001506932	0	0	0	0.00695832	0.0001225791	0.006835741	0	0	0	0.0006831806	0	0	0	0	0.0001225791	0	0	0	0	0	0	0.0003013864	0	0	0	0	0	0	0	0	0.04617906	0.01218199	0	0.007896781	0	0.01372773	0.0008580534	0	0	0.008116079	0	0	0	0	0	0.0001838686	0	0	0	0	0	0.0006359482	0	0	0	0.0008288125	0	0	0.0009513916	0	0	0.0004711979	0	0	0.0001838686	0.01704802	0.00407097	0.00194102	0.01106134	0	0.008135197	0.001955077	0	0	0.00368018	0	0.001130199	0.0001225791	0	0	0	0.0007967639	0.003120705	0	0	0	0	0.001969134	0.01307715	0	0.06068663	0	0	0.03138471	0.02684365	0.003256214	0.004543294	0	0	0.001532238	0.013306	0.0629352979	0.001059914	0.001064975	0	0.002521867	0	0	0.008363472	0	0	0	0.002083844	0	0	0	0.004732224	0.01229444	0.1104189	0	0	0.007544228	0.0002260398	0	0	0	0	0	0	0.004167688	0	0	0	0	0	0	0.0001506932	0.006635007	0	0.001310133	0	0	0.0006781193	0.0002732723	0	0	0.0671564066	0	0.0008670492	0	0	0	0	0	0	0	0	0	0	0	0	0	0	0	0	0	0	0	0	0	0	0	0	0	0	0	0	0	0	0	0	0	0	0	0	0	0	0	0	0	0	0	0	0	0	0	0	0	0	0	0	0	0	0	0	0	0	0	0	0	0	0	0	0	0	0	0	0	0	0	0	0	0	0	0	0	0	0	0	0	0	0	0	0	0	0	0	0	0	0	0	0	0	0	0	0	0	0	0	0	0	0	0	0	0	0	0	0	0	0	0	0	0	0	0	0	0	0	0	0	0	0	0	0	0	0	0	0	0	0	0	0	0	0	0	0	0	0	0	0	0	0	0	0	0	0	0	0	0	0	0	0	0	0	0	0	0	0	0	0	0	0	0	0	0	0	0	0	0	0	0	0	0	0	0	0	0	0	0	0	0	0	0	0	0	0	0	0	0	0	0	0	0	0	0	0	0	0	0	0	0	0	0	0	0	0	0	0	0	0	0	0	0	0	0	0	0	0	0	0	0	0	0	0	0	0	0	0	0	0	0	0	0	0	0	0	0	0	0	0	0	0	0	0	0	0	0	0	0	0	0	0	0	0	0	0	0	0	0	0	0	0	0	0	0	0	0	0	0	0	0	0	0	0	0	0	0	0	0	0	0	0	0	0	0	0	0	0	0	0	0	0	0	0	0	0	0	0	0	0	0	0	0	0	0	0	0	0	0	0	0	0	0	0	0	0	0	0	0	0	0	0	0	0	0	0	0	0	0	0	0	0	0	0	0	0	0	0	0
Algae_MONTG-B	0.161899233	0.0118883	0	0.0001091227	0	0	0	0.0008035541	0.01406959	0.0002194908	0	0	0.002606569	0	0	0	0	0	0	0	0.0002194908	0	0.0004377361	0.0009858403	0.001423576	0	0.0001463272	0.004853547	0	0	0	0.001094963	0	0.01587509	0.093211792	0.06048581	0.000163684	0	0	0	0	0.0001463272	0	0	0	0	0.0124140671	0.001149524	0.001039156	0	0.003335714	0	0	0.001094963	0	0	0	0.01021675	0.0001091227	0.005947264	0	0	0	0	0	0	0	0	0	0	0	0	0	0	0.0002182453	0	0	0	0	0	0	0	0	0	0.02427886	0.02153585	0	0.02626167	0	0.02122833	0	0	0	0.01712751	0	0	0.00333945	0	0	0	0	0	0	0	0	0.001093717	0	0	0	0.0001463272	0	0	0	0	0	0.001624465	0	0	0	0.01460765	0.004037538	0.007920191	0.01994369	0	0.009063487	0	0	0.0001463272	0.002241996	0	0.0001463272	0	0	0	0	0	0	0.000163684	0	0	0	0.0003819293	0.009513519	0.000967238	0.005743885	0	0	0.01850027	0.0213064	0.0009821039	0.007634929	0	0	0.0008382676	0.008702651	0.1065981586	0	0.0004364906	0	0.0001463272	0	0	0.0007849518	0	0	0.0001463272	0	0.0004389816	0	0	0.02830021	0.0154783	0.1352939	0	0	0.003467175	0.0004364906	0.001457045	0	0	0	0	0	0.0007092973	0	0	0	0	0	0	0	0.03939376	0	0.0008940744	0	0	0	0	0	0	0.0082598536	0	0.002115517	0	0	0	0	0	0	0	0	0	0	0	0	0	0	0	0	0	0	0	0	0	0	0	0	0	0	0	0	0	0	0	0	0	0	0	0	0	0	0	0	0	0	0	0	0	0	0	0	0	0	0	0	0	0	0	0	0	0	0	0	0	0	0	0	0	0	0	0	0	0	0	0	0	0	0	0	0	0	0	0	0	0	0	0	0	0	0	0	0	0	0	0	0	0	0	0	0	0	0	0	0	0	0	0	0	0	0	0	0	0	0	0	0	0	0	0	0	0	0	0	0	0	0	0	0	0	0	0	0	0	0	0	0	0	0	0	0	0	0	0	0	0	0	0	0	0	0	0	0	0	0	0	0	0	0	0	0	0	0	0	0	0	0	0	0	0	0	0	0	0	0	0	0	0	0	0	0	0	0	0	0	0	0	0	0	0	0	0	0	0	0	0	0	0	0	0	0	0	0	0	0	0	0	0	0	0	0	0	0	0	0	0	0	0	0	0	0	0	0	0	0	0	0	0	0	0	0	0	0	0	0	0	0	0	0	0	0	0	0	0	0	0	0	0	0	0	0	0	0	0	0	0	0	0	0	0	0	0	0	0	0	0	0	0	0	0	0	0	0	0	0	0	0	0	0	0	0	0	0	0	0	0	0	0	0	0	0	0	0	0	0	0	0	0	0	0	0	0	0	0	0	0	0	0	0	0	0	0	0	0	0	0	0	0	0	0	0	0	0	0	0	0	0	0	0	0	0	0	0	0	0	0	0	0	0	0	0	0	0	0
Algae_MONTI-A	0.231416225	0.006710876	0	0	0	0.0001040583	0	0.01290424	0.02401036	0	0	0	0	0	0	0	0	0	0	0.0001305483	0.000780437	0.003621255	0.0001958225	0.0007823389	0.002266596	0	0	0.006357064	0	0	0	0.001679128	0	0.009031402	0.030568748	0.02358346	0.002346066	0	0	0	0	0	0	0	0	0	0.0374197488	0.000364204	0.003554079	0	0.0786292	0	0	0	0	0	0	0.00352005	0.0002610966	0.02211449	0	0	0	0	0.003491658	0	0	0	0.0002081165	0.0001040583	0	0	0	0	0.0003651549	0	0	0	0	0	0	0	0.0002610966	0.0006763788	0.01102834	0.02612752	0	0.006754414	0	0.01540545	0	0	0	0.007668185	0	0	0.0009507204	0	0	0	0	0	0	0.0003263708	0	0.002219321	0	0	0	0	0	0	0	0	0	0.0579193	0	0	0	0.006617277	0.005650459	0.001862657	0.005132953	0	0.004354418	0.000364204	0.0001040583	0	0.001054779	0	0.001121004	0.0005202914	0	0	0	0	0	0	0	0	0	0.0001958225	0.001979009	0	0.007845056	0.0001040583	0	0.004518044	0.0121901	0	0.01653976	0	0	0.0004692132	0.0006262515	0.0886427052	0.003655352	0.0004692132	0.00293068	0.0007028688	0	0.0003651549	0.004052635	0	0	0.002099165	0	0	0	0	0.02032288	0.006287035	0.1510116	0	0.0001305483	0.000807878	0.0004957032	0.0005477323	0	0	0	0	0	0.005160394	0	0	0	0	0	0	0	0	0	0.003126503	0	0	0	0	0.0001560874	0	0.0007180157	0	0.001210866	0	0	0	0	0	0	0	0	0	0	0	0	0	0	0	0	0	0	0	0	0	0	0	0	0	0	0	0	0	0	0	0	0	0	0	0	0	0	0	0	0	0	0	0	0	0	0	0	0	0	0	0	0	0	0	0	0	0	0	0	0	0	0	0	0	0	0	0	0	0	0	0	0	0	0	0	0	0	0	0	0	0	0	0	0	0	0	0	0	0	0	0	0	0	0	0	0	0	0	0	0	0	0	0	0	0	0	0	0	0	0	0	0	0	0	0	0	0	0	0	0	0	0	0	0	0	0	0	0	0	0	0	0	0	0	0	0	0	0	0	0	0	0	0	0	0	0	0	0	0	0	0	0	0	0	0	0	0	0	0	0	0	0	0	0	0	0	0	0	0	0	0	0	0	0	0	0	0	0	0	0	0	0	0	0	0	0	0	0	0	0	0	0	0	0	0	0	0	0	0	0	0	0	0	0	0	0	0	0	0	0	0	0	0	0	0	0	0	0	0	0	0	0	0	0	0	0	0	0	0	0	0	0	0	0	0	0	0	0	0	0	0	0	0	0	0	0	0	0	0	0	0	0	0	0	0	0	0	0	0	0	0	0	0	0	0	0	0	0	0	0	0	0	0	0	0	0	0	0	0	0	0	0	0	0	0	0	0	0	0	0	0	0	0	0	0	0	0	0	0	0	0	0	0	0	0	0	0	0	0	0	0	0	0	0	0	0	0	0	0	0	0	0	0	0	0	0	0	0	0	0	0	0	0	0	0	0	0	0	0
Algae_MONTI-B	0.388063084	0.001046358	0	0	0	0	0	0.001104991	0.0009123979	0	0	0	0.0002447741	0	0	0	0	0	0	0	0.01256788	0	0.0002367088	0.001468644	0.0002367088	0	0	0.001457353	0	0	0	0.0006251212	0	0.005054764	0.052137646	0.03242084	0	0	0	0	0	0	0	0	0	0	0.008074958	0.0008432521	0	0	0.03733824	0.0003426837	0	0.001534293	0	0	0	0.005396861	0	0.0003884124	0	0	0	0.0006364126	9.790963e-05	0	0	0	9.468352e-05	0	0	0	0	0	0.001086661	0	0	0	0	0	0	0	0	0.0005874578	0.05337724	0.005877317	0	0.003571287	0	0.009008833	0	0	0	0.0022966	9.468352e-05	0	0.0004782568	0	0	0	0	0	0	0	0	0.000971031	0	0	0.0001468644	0	0	0	0	0	0	0.0002840506	0	0	0.0002716653	0.006626936	0.004380688	0.005923046	0.001073509	0	0.002113685	0.0002840506	0	0	0.001193222	0	0	0	0	0	0	0	0	0	0	0	0	0	0.009267617	0	0.1051547	9.790963e-05	0	0.00557144	0.0109358	0.0002937289	0.00963312	0	0	0	0.00405947	0.0416079335	0.001028051	0	0	0.002000943	0	0.0002937289	0.00931531	0	0.001790595	0.0002937289	0.0006633038	0	0	0.0001958193	0.005905302	0.004080507	0.1089518	0	0	0.001488564	0	0.001174916	0	0	0	0	0	0.003297737	0	0	0	0	0	0	0	0.002520405	0	0.0005777794	0	0	0	0.0001420253	0	0	0.0176856995	0	0	0	0	0	0	0	0	0	0	0	0	0	0	0	0	0	0	0	0	0	0	0	0	0	0	0	0	0	0	0	0	0	0	0	0	0	0	0	0	0	0	0	0	0	0	0	0	0	0	0	0	0	0	0	0	0	0	0	0	0	0	0	0	0	0	0	0	0	0	0	0	0	0	0	0	0	0	0	0	0	0	0	0	0	0	0	0	0	0	0	0	0	0	0	0	0	0	0	0	0	0	0	0	0	0	0	0	0	0	0	0	0	0	0	0	0	0	0	0	0	0	0	0	0	0	0	0	0	0	0	0	0	0	0	0	0	0	0	0	0	0	0	0	0	0	0	0	0	0	0	0	0	0	0	0	0	0	0	0	0	0	0	0	0	0	0	0	0	0	0	0	0	0	0	0	0	0	0	0	0	0	0	0	0	0	0	0	0	0	0	0	0	0	0	0	0	0	0	0	0	0	0	0	0	0	0	0	0	0	0	0	0	0	0	0	0	0	0	0	0	0	0	0	0	0	0	0	0	0	0	0	0	0	0	0	0	0	0	0	0	0	0	0	0	0	0	0	0	0	0	0	0	0	0	0	0	0	0	0	0	0	0	0	0	0	0	0	0	0	0	0	0	0	0	0	0	0	0	0	0	0	0	0	0	0	0	0	0	0	0	0	0	0	0	0	0	0	0	0	0	0	0	0	0	0	0	0	0	0	0	0	0	0	0	0	0	0	0	0	0	0	0	0	0	0	0	0	0	0	0	0	0	0	0	0	0	0	0	0	0	0
Algae_MONTM-A	0.310111086	0.0005772244	0.0002748688	0	0	0	0	0.001291883	0.002947367	0	0	0	0.0006727212	0	0	0	0	0	0	0	0.000219895	0	0.0002748688	0.0007146588	0.001443727	0	0	0.0001924081	0	0	0	0.0006321981	0	0.001979055	0.06281334	0.06921566	0	0	0	0	0	0	0	0	0	0	0.0339195378	5.497375e-05	0	0	0.05977369	0.0008969615	0	0	0	0	0	0.01399721	0	0.011502	0	0	0	0	0.008781222	0	0	0	8.246063e-05	0	0	0	0	0	8.246063e-05	0	0.0002473819	0	0	0	0	0	0	0	0.01019215	0.01915704	0	0.0215257	0	0.003249969	0	0	0	0.001215141	0	0	0.002277598	0	0	0	0	0	0	0	0	0.0007971194	0	0	0.0002531005	0	0	0	0	0	0	0.0001924081	0	0	0	0.007377939	0.007511848	0.0004672769	0.001407549	0	0.0006321981	0	0	0	0.00117677	0	0	0	0	0	0	0	0.0001374344	5.497375e-05	0	0	0	8.246063e-05	0.001743663	0	0.0007369801	0	0	0.004135022	0.0303949	0	0.01437672	0	0.0008858517	0.0003573294	0.001346857	0.0431432977	0.002151354	0	5.497375e-05	0.001560192	0	0	0.08292318	0	0	0	0	0	0	0	0.0279084	0.001814134	0.1145865	0	0	0.0009707314	0	0.00043979	0	0	0	0	0	0.006885861	0	0	0	0	0	0	0	0.0001649213	0	0.001225205	0	0	0	5.497375e-05	0	0	0.0016766994	0	5.497375e-05	0	0	0	0	0	0	0	0	0	0	0	0	0	0	0	0	0	0	0	0	0	0	0	0	0	0	0	0	0	0	0	0	0	0	0	0	0	0	0	0	0	0	0	0	0	0	0	0	0	0	0	0	0	0	0	0	0	0	0	0	0	0	0	0	0	0	0	0	0	0	0	0	0	0	0	0	0	0	0	0	0	0	0	0	0	0	0	0	0	0	0	0	0	0	0	0	0	0	0	0	0	0	0	0	0	0	0	0	0	0	0	0	0	0	0	0	0	0	0	0	0	0	0	0	0	0	0	0	0	0	0	0	0	0	0	0	0	0	0	0	0	0	0	0	0	0	0	0	0	0	0	0	0	0	0	0	0	0	0	0	0	0	0	0	0	0	0	0	0	0	0	0	0	0	0	0	0	0	0	0	0	0	0	0	0	0	0	0	0	0	0	0	0	0	0	0	0	0	0	0	0	0	0	0	0	0	0	0	0	0	0	0	0	0	0	0	0	0	0	0	0	0	0	0	0	0	0	0	0	0	0	0	0	0	0	0	0	0	0	0	0	0	0	0	0	0	0	0	0	0	0	0	0	0	0	0	0	0	0	0	0	0	0	0	0	0	0	0	0	0	0	0	0	0	0	0	0	0	0	0	0	0	0	0	0	0	0	0	0	0	0	0	0	0	0	0	0	0	0	0	0	0	0	0	0	0	0	0	0	0	0	0	0	0	0	0	0	0	0	0	0	0	0	0	0	0	0	0	0	0	0	0	0	0	0	0	0	0	0	0
Algae_MONTM-B	0.290105327	0.001786072	0.002763546	0	0	0	0.000178134	0.001224736	0.0006971025	7.268498e-05	0.001019582	0	0.000178134	3.634249e-05	0	0	0	0	0	0	0	9.085623e-05	0.001422637	0.001593614	0.0003398861	0	0	0.0007341025	0	0	0	0.0008633812	0	0.006762768	0.079291699	0.01940724	0.002458418	0	0	0	0.0001070549	0	0	0	0	0	0.0086187664	0.001782515	0.007496374	0.0005087949	0.01734136	0	0	0.00043875	0	0	0.0001336005	0.00689333	0	0.006616633	0	0	8.906702e-05	0	0	0	0	0	3.634249e-05	0.0008481309	0	0	0	0	0.0004523086	0.0002342536	0.001258622	0	0.0001615687	0	0	0	0	0.0001258837	0.01498344	0.006853961	0	0.05773558	0.0001070549	0.01194518	0	0	0	0.007114445	0	0	0.008092587	0	0	3.634249e-05	0	0	0	0	3.634249e-05	0.000711502	0	0	3.634249e-05	0	0	0	0	0	0	0.004380107	0.0001070549	0	3.634249e-05	0.01103881	0.006700594	0.0004509936	0.01010092	0	0.002860254	5.451374e-05	0	0	0.003208062	0	0.0005016381	0.0001271987	0	0	0	0.0002326478	0.001745386	0	5.451374e-05	0	0	0	0.007628789	0.0002907399	0.0245073	0.0001427399	0	0.008642155	0.01892703	0.0005789356	0.007017102	9.085623e-05	0	7.268498e-05	0.007586984	0.0525394284	0.0005269661	0.0001784249	0.0001635412	0.0004827334	0	0.002326521	0.02992806	0	0.002028419	0.004977881	8.906702e-05	0	0	0.0004008016	0.02905738	0.006350273	0.1132968	0	0	0.004231406	0.002036255	0.001704615	0	0	0	0	0	0.02933727	0	0	0	0	0	0	0	0.01448629	0	0.001088872	0	7.136995e-05	0	0.0004496785	7.268498e-05	0	0.0147564476	0.0002771813	0.0002349112	0	0	0	0	0	0	0	0	0	0	0	0	0	0	0	0	0	0	0	0	0	0	0	0	0	0	0	0	0	0	0	0	0	0	0	0	0	0	0	0	0	0	0	0	0	0	0	0	0	0	0	0	0	0	0	0	0	0	0	0	0	0	0	0	0	0	0	0	0	0	0	0	0	0	0	0	0	0	0	0	0	0	0	0	0	0	0	0	0	0	0	0	0	0	0	0	0	0	0	0	0	0	0	0	0	0	0	0	0	0	0	0	0	0	0	0	0	0	0	0	0	0	0	0	0	0	0	0	0	0	0	0	0	0	0	0	0	0	0	0	0	0	0	0	0	0	0	0	0	0	0	0	0	0	0	0	0	0	0	0	0	0	0	0	0	0	0	0	0	0	0	0	0	0	0	0	0	0	0	0	0	0	0	0	0	0	0	0	0	0	0	0	0	0	0	0	0	0	0	0	0	0	0	0	0	0	0	0	0	0	0	0	0	0	0	0	0	0	0	0	0	0	0	0	0	0	0	0	0	0	0	0	0	0	0	0	0	0	0	0	0	0	0	0	0	0	0	0	0	0	0	0	0	0	0	0	0	0	0	0	0	0	0	0	0	0	0	0	0	0	0	0	0	0	0	0	0	0	0	0	0	0	0	0	0	0	0	0	0	0	0	0	0	0	0	0	0	0	0	0	0	0	0	0	0	0	0	0	0	0	0	0	0	0	0	0	0	0	0	0	0	0	0	0	0	0	0	0	0	0	0	0	0	0	0	0	0	0	0	0
Algae_MULE-A	0.094207838	0.003097353	0.0001828786	0	0	0	0	0.0001132727	0.005344482	0	0	0	0.0001415909	0	0	0	0	0	0	0	0	0.0001132727	0.001027666	0.003526034	0.003412906	0	0	0.003598164	0	0	0	0.002216287	0	0.004790693	0.086738775	0.00448683	0.002218561	0.0004017497	0	0	0	0	0	0	0	0	0.0260056927	0.01952978	0.001064654	5.663637e-05	0.01659988	0	0	0.0005769539	0	0	0	0.01011862	9.792401e-05	0.04096138	0	0	0	0.0008241432	0	0	0	0	0.000529875	0.0001415909	0	0	0	0	0.000342734	0	0.002076225	8.495455e-05	0	0	0	0	0	0	0.05013337	0.008324466	0	0.02602799	0	0.01197252	0.001635462	0	0	0.005857554	8.495455e-05	0	0.002081729	0	0	0	0	0	0	0	0	0.0002265455	0	0	8.495455e-05	0	0	0	0	0	0	0	0	0	0	0.01556992	0.002601942	0.0004867042	0.007095633	0	0.004928872	0.0007728019	0	0	0.005111359	0	0	0.0005050734	0	0	0	0	0.004767279	0	0.0009580597	0	0	0	0.003723293	0.0005279919	0.01234727	0	0	0.005340362	0.01733756	0.003568091	0.002346187	0	0	0.0007651275	0.00971754	0.0713367495	0	0.000391696	0	0	0	0	0.1635739	0	0	9.792401e-05	0.00024481	0.0006855727	0	0	0.009689965	0.02518417	0.1002905	0	0	0.01353245	0.0006538425	8.495455e-05	0	0	0	0	0	0.0003657571	0	8.495455e-05	0	0	0	0	0	0.001799188	0	0.004372849	0	0	0	0.0001132727	0	0	0.0665244055	0	0.001443026	0	0	0	0	0	0	0	0	0	0	0	0	0	0	0	0	0	0	0	0	0	0	0	0	0	0	0	0	0	0	0	0	0	0	0	0	0	0	0	0	0	0	0	0	0	0	0	0	0	0	0	0	0	0	0	0	0	0	0	0	0	0	0	0	0	0	0	0	0	0	0	0	0	0	0	0	0	0	0	0	0	0	0	0	0	0	0	0	0	0	0	0	0	0	0	0	0	0	0	0	0	0	0	0	0	0	0	0	0	0	0	0	0	0	0	0	0	0	0	0	0	0	0	0	0	0	0	0	0	0	0	0	0	0	0	0	0	0	0	0	0	0	0	0	0	0	0	0	0	0	0	0	0	0	0	0	0	0	0	0	0	0	0	0	0	0	0	0	0	0	0	0	0	0	0	0	0	0	0	0	0	0	0	0	0	0	0	0	0	0	0	0	0	0	0	0	0	0	0	0	0	0	0	0	0	0	0	0	0	0	0	0	0	0	0	0	0	0	0	0	0	0	0	0	0	0	0	0	0	0	0	0	0	0	0	0	0	0	0	0	0	0	0	0	0	0	0	0	0	0	0	0	0	0	0	0	0	0	0	0	0	0	0	0	0	0	0	0	0	0	0	0	0	0	0	0	0	0	0	0	0	0	0	0	0	0	0	0	0	0	0	0	0	0	0	0	0	0	0	0	0	0	0	0	0	0	0	0	0	0	0	0	0	0	0	0	0	0	0	0	0	0	0	0	0	0	0	0	0	0	0	0	0	0	0	0	0	0	0	0
Algae_NAUV-A	0.027593152	0	0.0008056395	0	0	0	0	0.0008056395	0.002416918	0	0	0.0006042296	0	0	0	0	0	0	0	0	0.001007049	0.001007049	0.001007049	0.001208459	0.002618328	0	0	0.001611279	0	0	0.0004028197	0	0	0.003423968	0.151661631	0	0	0	0	0	0	0	0	0	0	0	0.0205438066	0.001007049	0.003826788	0	0.0004028197	0	0	0	0	0	0	0.008862034	0	0.0143001	0	0	0	0	0.0006042296	0	0	0	0	0	0	0	0	0	0	0	0	0	0	0	0	0	0	0	0.002416918	0.004833837	0	0.01289023	0	0.01268882	0	0	0	0.0008056395	0	0	0	0	0	0	0	0	0	0	0	0	0	0	0	0	0	0	0	0	0	0	0	0	0	0.002819738	0	0	0.009063444	0	0.002618328	0	0	0	0.001611279	0	0	0	0	0	0	0	0.003625378	0	0	0	0	0	0.0004028197	0.0004028197	0.0004028197	0	0	0.002819738	0.01550856	0	0.004632427	0	0	0	0.003021148	0.0340382679	0	0	0	0	0.0006042296	0	0.001409869	0	0	0	0.0008056395	0.0006042296	0	0	0.006445116	0	0.5919436	0	0	0.003021148	0	0	0	0	0	0	0	0.01651561	0	0	0	0	0	0	0	0.001007049	0	0.0006042296	0	0	0	0	0	0	0.0167170191	0	0	0	0	0	0	0	0	0	0	0	0	0	0	0	0	0	0	0	0	0	0	0	0	0	0	0	0	0	0	0	0	0	0	0	0	0	0	0	0	0	0	0	0	0	0	0	0	0	0	0	0	0	0	0	0	0	0	0	0	0	0	0	0	0	0	0	0	0	0	0	0	0	0	0	0	0	0	0	0	0	0	0	0	0	0	0	0	0	0	0	0	0	0	0	0	0	0	0	0	0	0	0	0	0	0	0	0	0	0	0	0	0	0	0	0	0	0	0	0	0	0	0	0	0	0	0	0	0	0	0	0	0	0	0	0	0	0	0	0	0	0	0	0	0	0	0	0	0	0	0	0	0	0	0	0	0	0	0	0	0	0	0	0	0	0	0	0	0	0	0	0	0	0	0	0	0	0	0	0	0	0	0	0	0	0	0	0	0	0	0	0	0	0	0	0	0	0	0	0	0	0	0	0	0	0	0	0	0	0	0	0	0	0	0	0	0	0	0	0	0	0	0	0	0	0	0	0	0	0	0	0	0	0	0	0	0	0	0	0	0	0	0	0	0	0	0	0	0	0	0	0	0	0	0	0	0	0	0	0	0	0	0	0	0	0	0	0	0	0	0	0	0	0	0	0	0	0	0	0	0	0	0	0	0	0	0	0	0	0	0	0	0	0	0	0	0	0	0	0	0	0	0	0	0	0	0	0	0	0	0	0	0	0	0	0	0	0	0	0	0	0	0	0	0	0	0	0	0	0	0	0	0	0	0	0	0	0	0	0	0	0
Algae_NAUV-B	0.178554694	0.004647171	0	0	0	0	0	0.002000125	0.008401076	0.0001069748	0	0	0.0002674369	0	0	0	0	0	0	0.0001069748	0.0006418485	0.0007316467	0.0003037477	0.0001967729	0.003215115	0	0	0.004845902	0	0	0	0.0003451315	0	0.02416623	0.033976314	0.003606704	0	0	0.0002139495	0	0	0	0	0	0.0003209243	0	0.0240003397	0.002010271	0.0001069748	0	0.003422034	0	0	0.001856839	0	0	0	0.01029031	0	0.002471365	0	0	0	0	0	0	0	0	0.0001604621	0.0006902629	0	0	0	0	0.0004763134	0	0.0003572351	0.0001069748	0	0	0	0	0	0	0.01503627	0.0162954	0	0.00260762	0	0.01777507	0	0	0	0.004065841	0	0	0.005397952	0	0	0	0	0	0	0	0	0.001054529	0	0	0	0	0	0	0	0	0	0.003568435	0	0	0	0.02836094	0.01905414	0.0024452	0.004649129	0	0.007466783	0.0002139495	0	0	0.002768082	0	0.001042425	0	0	0	0	0	0	0.0001311819	0.000554008	0	0	0	0.001902138	0	0.003389639	0.0005903188	0	0.005580664	0.02819852	0.0007870917	0.02765083	0	0	0.001508592	0.009177221	0.1570372969	0	0.0006902629	0.0008921088	0.0006418485	0	0.0001604621	0.001596433	0	0	0.001934534	0.0002674369	0	0	0	0.02756646	0.004319216	0.2437469	0	0	0.003672295	0.0008093413	0.003030446	0	0	0	0	0	0.01808701	0	0	0	0.0002623639	0	0	0	0.002933617	0	0.003137421	0	0	0	0.0001967729	0	0	0.0049509188	0	0.0001967729	0	0	0	0	0	0	0	0	0	0	0	0	0	0	0	0	0	0	0	0	0	0	0	0	0	0	0	0	0	0	0	0	0	0	0	0	0	0	0	0	0	0	0	0	0	0	0	0	0	0	0	0	0	0	0	0	0	0	0	0	0	0	0	0	0	0	0	0	0	0	0	0	0	0	0	0	0	0	0	0	0	0	0	0	0	0	0	0	0	0	0	0	0	0	0	0	0	0	0	0	0	0	0	0	0	0	0	0	0	0	0	0	0	0	0	0	0	0	0	0	0	0	0	0	0	0	0	0	0	0	0	0	0	0	0	0	0	0	0	0	0	0	0	0	0	0	0	0	0	0	0	0	0	0	0	0	0	0	0	0	0	0	0	0	0	0	0	0	0	0	0	0	0	0	0	0	0	0	0	0	0	0	0	0	0	0	0	0	0	0	0	0	0	0	0	0	0	0	0	0	0	0	0	0	0	0	0	0	0	0	0	0	0	0	0	0	0	0	0	0	0	0	0	0	0	0	0	0	0	0	0	0	0	0	0	0	0	0	0	0	0	0	0	0	0	0	0	0	0	0	0	0	0	0	0	0	0	0	0	0	0	0	0	0	0	0	0	0	0	0	0	0	0	0	0	0	0	0	0	0	0	0	0	0	0	0	0	0	0	0	0	0	0	0	0	0	0	0	0	0	0	0	0	0	0	0	0	0	0	0	0	0	0	0	0	0	0	0	0	0	0	0	0	0	0	0	0	0	0	0	0	0	0	0	0	0	0	0	0	0
Algae_NAUV-C	0.179515305	0.003288817	0.00092837	0	0	0	0	0.0007516803	0.0063007	0	0	0	0	8.037939e-05	0	0	0	0	0	8.037939e-05	0.000522466	0	0.0006102429	0.0005988688	0.0005348736	0	0	0.004164553	0	0	0	0.006139934	0	0.006665271	0.16156527	0.0124773	0.001498145	0.001557862	0	0	0	0	0	0	0	0	0.0158218142	0.002852223	0.00664882	0.0001098901	0.006817116	0	0	0.0001831502	0	0	0	0.002942285	0.0002197802	0.01073898	0	0	0	0	0.0002511947	0	0	0	0.0004904291	0.0007458059	0	0	0.0001607588	0	0.0002009485	0	0.0008264271	0	7.326007e-05	0	0	0	0.0002470126	7.536931e-05	0.08452456	0.0100329	0	0.02556707	0.0001004924	0.006511317	0	0	0	0.004536075	0.000522466	0	0.000326564	0	0	0	0	0	0	0	0	0	0	0	0	0	0	0	0	0	0	0.00499295	0	0	0.0002411382	0.02818915	0.0008306093	0.001841432	0.006163879	0	0.01183001	0.002124421	0	7.326007e-05	0.002373368	0	0.0002009485	8.037939e-05	0	0	0	0	0.004583136	0.0005117871	0.0008992762	0	0	0.0002930403	0.004636743	0	0.03064214	0.0002103825	0	0.01755325	0.0372712	0.0006593407	0.004258863	0	0	0	0.009972086	0.0440280643	0.01118783	0.0009476187	7.536931e-05	0.001447518	0	0.0001205691	0.0308042	0	0.001169998	0.009188786	0.0008191023	0	0.0001959384	0	0.008830879	0.008011324	0.08141553	0	0	0.00422783	0.0006430351	0	0	0	0	0	0	0.0255019	0	0	0	0	0	0	0	0.002714823	0	0.001264785	0	0	0	7.536931e-05	0	0	0.0269412569	0	0.001148362	0	0	0	0	0	0	0	0	0	0	0	0	0	0	0	0	0	0	0	0	0	0	0	0	0	0	0	0	0	0	0	0	0	0	0	0	0	0	0	0	0	0	0	0	0	0	0	0	0	0	0	0	0	0	0	0	0	0	0	0	0	0	0	0	0	0	0	0	0	0	0	0	0	0	0	0	0	0	0	0	0	0	0	0	0	0	0	0	0	0	0	0	0	0	0	0	0	0	0	0	0	0	0	0	0	0	0	0	0	0	0	0	0	0	0	0	0	0	0	0	0	0	0	0	0	0	0	0	0	0	0	0	0	0	0	0	0	0	0	0	0	0	0	0	0	0	0	0	0	0	0	0	0	0	0	0	0	0	0	0	0	0	0	0	0	0	0	0	0	0	0	0	0	0	0	0	0	0	0	0	0	0	0	0	0	0	0	0	0	0	0	0	0	0	0	0	0	0	0	0	0	0	0	0	0	0	0	0	0	0	0	0	0	0	0	0	0	0	0	0	0	0	0	0	0	0	0	0	0	0	0	0	0	0	0	0	0	0	0	0	0	0	0	0	0	0	0	0	0	0	0	0	0	0	0	0	0	0	0	0	0	0	0	0	0	0	0	0	0	0	0	0	0	0	0	0	0	0	0	0	0	0	0	0	0	0	0	0	0	0	0	0	0	0	0	0	0	0	0	0	0	0	0	0	0	0	0	0	0	0	0	0	0	0	0	0	0	0	0	0	0	0	0	0	0	0	0	0	0	0	0	0	0	0	0	0	0	0	0	0
Algae_NAYR-A	0.286159494	0.0007239609	0.001079948	0	0	0	0	0.001136106	0.008932667	5.842828e-05	0	0	0	0	0	0	0	0	0	0.000204499	0.001625188	0.0001460707	0.000139254	0.0001806405	0	0	0	0.002310746	0	0	5.842828e-05	0.0002458855	0	0.007634185	0.055508918	0.001814564	0.000117247	5.161157e-05	0	0	0	0	0	0	0	0	0.0222963272	0.0003783228	0.001283315	0	0.04037751	0	0	0	0	0	0	0.0008108896	0	0.00266521	0	0	0	0	0.0009748167	0	0	0	0.0002268964	0	0	0	0	0	0	0	7.741736e-05	0	7.816469e-05	0	0	0	0	5.161157e-05	0.01786183	0.02141496	0	0.01178948	0	0.02095344	0	0	0	0.001493849	0	0	0.0006792282	0	0	0	0	0.0002561105	0	0.00134788	0	0.001331127	0	0	0	0	0	0	0	0	0	0.0103457	0	0	0	0.04913435	0.006664652	5.842828e-05	0.0059705	0	0.003413482	0.0006134969	0	7.741736e-05	0.00205989	0	0	0	0	0	0	7.741736e-05	0.0007235368	0	0	0	0	0	0.004755086	0	0.01872909	0	0	0.002930799	0.03233564	0.0001168566	0.02641534	0	0.0002580579	0	0.003114491	0.0541599247	0.00114666	0.0004378889	0.0001032231	0.005255471	0	0.00405126	0.003502296	0	0.0001032231	0.0004136399	0	0	0	0	0.01542122	0.001063592	0.1911958	0	0	0.003970982	0.000204499	0.0001874572	0	0	0	0	0	0.02589834	0	0	0	0	0	0	0.0002974971	0.003632396	0	0.001969326	0	7.741736e-05	0	0.0002735764	0	0	0.0038326046	0	0.0005312102	0	0	0	0	0	0	0	0	0	0	0	0	0	0	0	0	0	0	0	0	0	0	0	0	0	0	0	0	0	0	0	0	0	0	0	0	0	0	0	0	0	0	0	0	0	0	0	0	0	0	0	0	0	0	0	0	0	0	0	0	0	0	0	0	0	0	0	0	0	0	0	0	0	0	0	0	0	0	0	0	0	0	0	0	0	0	0	0	0	0	0	0	0	0	0	0	0	0	0	0	0	0	0	0	0	0	0	0	0	0	0	0	0	0	0	0	0	0	0	0	0	0	0	0	0	0	0	0	0	0	0	0	0	0	0	0	0	0	0	0	0	0	0	0	0	0	0	0	0	0	0	0	0	0	0	0	0	0	0	0	0	0	0	0	0	0	0	0	0	0	0	0	0	0	0	0	0	0	0	0	0	0	0	0	0	0	0	0	0	0	0	0	0	0	0	0	0	0	0	0	0	0	0	0	0	0	0	0	0	0	0	0	0	0	0	0	0	0	0	0	0	0	0	0	0	0	0	0	0	0	0	0	0	0	0	0	0	0	0	0	0	0	0	0	0	0	0	0	0	0	0	0	0	0	0	0	0	0	0	0	0	0	0	0	0	0	0	0	0	0	0	0	0	0	0	0	0	0	0	0	0	0	0	0	0	0	0	0	0	0	0	0	0	0	0	0	0	0	0	0	0	0	0	0	0	0	0	0	0	0	0	0	0	0	0	0	0	0	0	0	0	0	0	0	0	0	0	0	0	0	0	0	0	0	0	0	0	0	0	0
Algae_NAZA-A	0.191465728	0.001204469	6.64761e-05	0	0	0	0	0.001550517	0.001626762	0	0	0	0	0	0	0	0	0	4.43174e-05	7.424456e-05	0.0002984211	0.0006748228	0.00246276	0.0001979855	0.000952528	0	0	0.001694921	0	0	0.0001237409	0.0007412989	0	0.004531623	0.096414379	0.05210236	0.0008299337	0.0004834591	0	4.949637e-05	0	0	0	0	0	0	0.018087129	0.0002071968	0.006779231	0.0005902203	0.05182796	0	0	0.0002371239	0	0	0	0.00827539	4.949637e-05	0.02172068	0	0.0001237409	0	0	0.001048473	0	0	0	0	0	0	0	6.64761e-05	0	0.0003335272	4.43174e-05	0.0002566931	0	0	0	0	0	0	0.0003530964	0.06713166	0.01206783	0	0.02952438	4.43174e-05	0.01029738	0.0001602899	0	0	0.003363005	0.0002474819	0	0.001388304	0	0	0	0	0	0	0	0	0.001032248	0	0	7.424456e-05	0	0	0	0	0	0	0.003654705	0	0	0	0.02466332	0.005240814	0.0004613004	0.01296146	0	0.004706085	0.0001329522	0	0	0.001026773	0	0.0004417312	0.0002345344	0	0	0	0	0.001341048	4.949637e-05	0	0	0	0	0.0001329522	0.0003068563	0.02247096	4.43174e-05	0	0.008696134	0.0370727	0	0.01232885	4.949637e-05	0	0.001111562	0.004898761	0.0425835504	0.001823414	7.424456e-05	0.0008912309	0.0001732373	0	0.003604062	0.005866738	0	0.0009309268	0.01093749	0	0	0	0	0.01160247	0.005880493	0.139437	0	0	0.006337119	0.0004417312	0.000443174	0	0	0	4.949637e-05	0	0.01661973	0	0	0	0	0.0001732373	0	0	0.004892488	0	0.001070314	0	0	0	0.0001551109	0	0	0.0099972989	0	0.001066469	0	0	0	0	0	0	0	0	0	0	0	0	0	0	0	0	0	0	0	0	0	0	0	0	0	0	0	0	0	0	0	0	0	0	0	0	0	0	0	0	0	0	0	0	0	0	0	0	0	0	0	0	0	0	0	0	0	0	0	0	0	0	0	0	0	0	0	0	0	0	0	0	0	0	0	0	0	0	0	0	0	0	0	0	0	0	0	0	0	0	0	0	0	0	0	0	0	0	0	0	0	0	0	0	0	0	0	0	0	0	0	0	0	0	0	0	0	0	0	0	0	0	0	0	0	0	0	0	0	0	0	0	0	0	0	0	0	0	0	0	0	0	0	0	0	0	0	0	0	0	0	0	0	0	0	0	0	0	0	0	0	0	0	0	0	0	0	0	0	0	0	0	0	0	0	0	0	0	0	0	0	0	0	0	0	0	0	0	0	0	0	0	0	0	0	0	0	0	0	0	0	0	0	0	0	0	0	0	0	0	0	0	0	0	0	0	0	0	0	0	0	0	0	0	0	0	0	0	0	0	0	0	0	0	0	0	0	0	0	0	0	0	0	0	0	0	0	0	0	0	0	0	0	0	0	0	0	0	0	0	0	0	0	0	0	0	0	0	0	0	0	0	0	0	0	0	0	0	0	0	0	0	0	0	0	0	0	0	0	0	0	0	0	0	0	0	0	0	0	0	0	0	0	0	0	0	0	0	0	0	0	0	0	0	0	0	0	0	0	0	0	0	0	0	0	0	0	0	0	0	0	0	0	0	0	0	0	0	0	0
Algae_PAMP-A	0.069529562	0.0008971285	0	0	0	0	0	0.04172032	0.07203407	0	0	0	0.0004986544	0	0	0	0	0	0	0	0.005000607	0	0.008729823	0.0003889055	0.0009590345	0	0	0.00853171	0	0	0.0004389957	0	0	0.006248367	0.14530923	0.01613251	0	0	0	0	0	0	0	0	0.000238635	0	0.021404953	0	0.0002003606	0	0.001994618	0	0	0	0	0	0	0.0002504508	0	0.0001193175	0	0	0	0.0001502705	0.02987853	0	0	0	0.002581637	0	0	0	0	0	0	0	0	0.0002982938	0	0	0	0	0	0.0001193175	0	0.006759925	0	0.003590761	0	0.005721586	0	0	0	0.01673193	0	0	0	0	0	0	0	0	0	0	0	0.001669865	0	0	0	0	0	0.0002003606	0	0	0	0	0	0	0	0.01091966	0	0.0004007213	0.002643543	0	0.000508223	0	0	0	0.005890414	0	0	0	0	0	0	0	0	0.0002003606	0.0008065168	0	0	0	0	0.003440491	0.000238635	0	0	0.04631013	0.01046101	0	0.008553094	0	0	0	0.0008183326	0.0808781364	0.002127998	0	0	0.002254637	0	0	0	0	0	0.002104367	0	0	0	0	0.007825373	0.001956343	0.3358852	0	0	0	0	0	0	0	0	0	0	0	0	0	0	0	0	0	0	0	0	0	0	0	0	0	0	0	0.005860549	0	0.001586575	0	0	0	0	0	0	0	0	0	0	0	0	0	0	0	0	0	0	0	0	0	0	0	0	0	0	0	0	0	0	0	0	0	0	0	0	0	0	0	0	0	0	0	0	0	0	0	0	0	0	0	0	0	0	0	0	0	0	0	0	0	0	0	0	0	0	0	0	0	0	0	0	0	0	0	0	0	0	0	0	0	0	0	0	0	0	0	0	0	0	0	0	0	0	0	0	0	0	0	0	0	0	0	0	0	0	0	0	0	0	0	0	0	0	0	0	0	0	0	0	0	0	0	0	0	0	0	0	0	0	0	0	0	0	0	0	0	0	0	0	0	0	0	0	0	0	0	0	0	0	0	0	0	0	0	0	0	0	0	0	0	0	0	0	0	0	0	0	0	0	0	0	0	0	0	0	0	0	0	0	0	0	0	0	0	0	0	0	0	0	0	0	0	0	0	0	0	0	0	0	0	0	0	0	0	0	0	0	0	0	0	0	0	0	0	0	0	0	0	0	0	0	0	0	0	0	0	0	0	0	0	0	0	0	0	0	0	0	0	0	0	0	0	0	0	0	0	0	0	0	0	0	0	0	0	0	0	0	0	0	0	0	0	0	0	0	0	0	0	0	0	0	0	0	0	0	0	0	0	0	0	0	0	0	0	0	0	0	0	0	0	0	0	0	0	0	0	0	0	0	0	0	0	0	0	0	0	0	0	0	0	0	0	0	0	0	0	0	0	0	0	0	0	0	0	0	0	0	0	0	0	0	0	0	0	0	0	0	0	0
Algae_PAMP-B	0.175069766	0.001195522	0.005321139	0	0	0	0	0.005019138	0.009543944	0.0001417987	0	0	0	0	0	0	0	0	0	0	0.001839508	0.000106349	0.0002481478	0.001711581	0.00383284	0	0	0.002388199	0	0	0	0.0003696455	0	0.01306285	0.066769339	0.006453401	0.00158816	0	0	0	0	0	0	0	0	0	0.0916855686	0	0	0	0.01064953	0.0001132439	0	0.0002831097	0	0	0	0.005180212	0	0.04261879	0	0	0	0	0.0001316482	0	0	0	0	0	0	0	0	0	0.000106349	0	0.0003291206	0	0	0	0	0	0	0	0.0004529755	0.05261611	0	0.0227423	0	0.007271151	0	0	0	0.0006955875	0	0	0.01587793	0	0	0	0	0.000106349	0	0	0	0.0001417987	0	0	0	0	0	0	0	0	0	0.002260728	0	0	0	0.01018338	0.006271951	0	0.0006937679	0	0.001492909	0.000273447	0	0	0.001757154	0	0.0004253962	0	0	0	0	0	0.0007798929	0.003706991	0	0	0	0	0.002240225	0	0.00185971	0	0	0.0007863	0.02551746	0	0.03047204	0	0	0	0.001385612	0.0602659999	0	0.001122726	0	0.003726491	0	0.002195342	0.01022603	0	0.0007898894	0.0004575902	0	0	0	0	0.06358094	0.0007448268	0.1931804	0	0.0002632965	0.001791655	0.0002762148	0.00053864	0	0	0	0	0	0.01078043	0	0	0	0	0	0	0.0001974724	0.007393575	0	0.006053382	0	0	0	0	0	0	0.0006449891	0	0	0	0	0	0	0	0	0	0	0	0	0	0	0	0	0	0	0	0	0	0	0	0	0	0	0	0	0	0	0	0	0	0	0	0	0	0	0	0	0	0	0	0	0	0	0	0	0	0	0	0	0	0	0	0	0	0	0	0	0	0	0	0	0	0	0	0	0	0	0	0	0	0	0	0	0	0	0	0	0	0	0	0	0	0	0	0	0	0	0	0	0	0	0	0	0	0	0	0	0	0	0	0	0	0	0	0	0	0	0	0	0	0	0	0	0	0	0	0	0	0	0	0	0	0	0	0	0	0	0	0	0	0	0	0	0	0	0	0	0	0	0	0	0	0	0	0	0	0	0	0	0	0	0	0	0	0	0	0	0	0	0	0	0	0	0	0	0	0	0	0	0	0	0	0	0	0	0	0	0	0	0	0	0	0	0	0	0	0	0	0	0	0	0	0	0	0	0	0	0	0	0	0	0	0	0	0	0	0	0	0	0	0	0	0	0	0	0	0	0	0	0	0	0	0	0	0	0	0	0	0	0	0	0	0	0	0	0	0	0	0	0	0	0	0	0	0	0	0	0	0	0	0	0	0	0	0	0	0	0	0	0	0	0	0	0	0	0	0	0	0	0	0	0	0	0	0	0	0	0	0	0	0	0	0	0	0	0	0	0	0	0	0	0	0	0	0	0	0	0	0	0	0	0	0	0	0	0	0	0	0	0	0	0	0	0	0	0	0	0	0	0	0	0	0	0	0	0	0	0	0	0	0	0	0	0	0	0	0	0	0
Algae_PASD-B	0.06638563	0.0005710906	0	0	0.0003637422	0	0	0.003286094	0.001754963	5.349167e-05	0	0	0	0	0	0	0	0	0	0	0.0006379836	0	0.001103216	0.009784403	0.006903093	0	0	0.003119363	0	0	0	0.0002139667	0	0.0006082817	0.309076599	0.0002902878	0.0001069833	0	0	0	0	0	0	0.0008002328	0	0	0.0438071207	0.0002139667	8.293937e-05	0	0.001225013	0	0	0	0	0.0001069833	0	0.0009790612	0	0.09306775	0	8.293937e-05	0	0	0.0003317575	5.349167e-05	0	8.02375e-05	0	0	0	0	0	0	0	0	0	0.0003519745	0	0	0	0	0	0.0002182453	0.04311166	0.04189413	0	0.01367463	0	0.002325946	0	0	0	0.0003637422	0	0	8.02375e-05	0	0	0	0	0	0	0	0	0.0002984828	0	5.349167e-05	8.02375e-05	0	0	0	0	0	0	0.0003558015	0	0	0	0.01576843	0.001528975	0	0.0009482342	0	0.004481315	0	0	0	0.0005216802	0	0.001323292	8.293937e-05	0	5.349167e-05	0	0	0.0003637422	0.0002182453	0	0	0	0	0	0.001327209	0.003301551	0	0	0.0009321878	0.04152982	0	0.001203835	0	0	0	0.0003678234	0.0240557733	0.0007488834	8.02375e-05	5.349167e-05	0	0	0	0.1354238	0	0.001319663	0.00032095	0	0	0	0	0.009314632	0.003491809	0.09408726	0	0	0.0002488181	0.0001069833	0	0	0	0	0	0	0.0002488181	0	0	0.0001454969	0.0001069833	0	0	0.001418508	8.293937e-05	8.293937e-05	8.02375e-05	0	0	0	0	0	0	0.0066762467	0	5.349167e-05	0	0	0	0	0	0	0	0	0	0	0	0	0	0	0	0	0	0	0	0	0	0	0	0	0	0	0	0	0	0	0	0	0	0	0	0	0	0	0	0	0	0	0	0	0	0	0	0	0	0	0	0	0	0	0	0	0	0	0	0	0	0	0	0	0	0	0	0	0	0	0	0	0	0	0	0	0	0	0	0	0	0	0	0	0	0	0	0	0	0	0	0	0	0	0	0	0	0	0	0	0	0	0	0	0	0	0	0	0	0	0	0	0	0	0	0	0	0	0	0	0	0	0	0	0	0	0	0	0	0	0	0	0	0	0	0	0	0	0	0	0	0	0	0	0	0	0	0	0	0	0	0	0	0	0	0	0	0	0	0	0	0	0	0	0	0	0	0	0	0	0	0	0	0	0	0	0	0	0	0	0	0	0	0	0	0	0	0	0	0	0	0	0	0	0	0	0	0	0	0	0	0	0	0	0	0	0	0	0	0	0	0	0	0	0	0	0	0	0	0	0	0	0	0	0	0	0	0	0	0	0	0	0	0	0	0	0	0	0	0	0	0	0	0	0	0	0	0	0	0	0	0	0	0	0	0	0	0	0	0	0	0	0	0	0	0	0	0	0	0	0	0	0	0	0	0	0	0	0	0	0	0	0	0	0	0	0	0	0	0	0	0	0	0	0	0	0	0	0	0	0	0	0	0	0	0	0	0	0	0	0	0	0	0	0	0	0	0	0	0	0	0	0	0	0	0	0	0	0	0	0	0	0	0	0	0	0	0	0	0
Algae_PREI-A	0.169995406	0.004929936	0	0	0	0	0	0.003277774	0.005624662	0	0	0	0	0	0	0	0	0	0	0.0002516439	0.002383192	0	0.0001508809	0.0002513352	0.0005978473	0	0	0.003044908	0	0	0.0001259763	0.0007478152	0	0.03909158	0.053003808	0.09109643	9.425071e-05	0.0002204586	0	0	0	0	0	0	0	0	0.0203120051	0	0.001439823	0.0001256676	0.2779527	0.0006292642	0	0.0001507266	0	0	0	0.001967643	0	0.002527779	0	0	0.0006216073	0	0.001144432	0	0	0	0.0002451316	0	0	0	0	0	0	6.28338e-05	8.789277e-05	0	0	0	0	9.448224e-05	9.448224e-05	0.0008989145	0.02399638	0.004083313	0	0.001383546	6.298816e-05	0.006577746	0	0	0	0.009967004	0	0	0.001685386	0	0	0	0	0	0	6.298816e-05	0	0.001289945	0	0	0	0	0	0	0	0	0	0.0002514896	0	0	0	0.007266309	0.0115817	0.005793255	0.004697919	0	0.001886462	9.425071e-05	0	0	8.789277e-05	0	0	0.0002199183	0	0	0	0.0006341368	6.298816e-05	0	0	0	0	0	0	0	0.01290781	0	0	0.01373866	0.009993589	0	0.01798446	0	6.28338e-05	0.0003581605	0.003375521	0.0479164337	0.002953498	0	0.0009119391	0.00170282	0	0.0002519526	0.004632551	0	0	0.01081621	0.0009124793	0.0002517211	0	0	0.003642274	0.003251802	0.08493498	0	0	0	0	0	0	0	0	0	0	0.005171242	0	0	0	0	0	9.448224e-05	0	0.005196366	0	0.001124323	0	0	0	6.28338e-05	0	0	0.0019542772	0.0002449773	0.0006229062	0	0	0	0	0	0	0	0	0	0	0	0	0	0	0	0	0	0	0	0	0	0	0	0	0	0	0	0	0	0	0	0	0	0	0	0	0	0	0	0	0	0	0	0	0	0	0	0	0	0	0	0	0	0	0	0	0	0	0	0	0	0	0	0	0	0	0	0	0	0	0	0	0	0	0	0	0	0	0	0	0	0	0	0	0	0	0	0	0	0	0	0	0	0	0	0	0	0	0	0	0	0	0	0	0	0	0	0	0	0	0	0	0	0	0	0	0	0	0	0	0	0	0	0	0	0	0	0	0	0	0	0	0	0	0	0	0	0	0	0	0	0	0	0	0	0	0	0	0	0	0	0	0	0	0	0	0	0	0	0	0	0	0	0	0	0	0	0	0	0	0	0	0	0	0	0	0	0	0	0	0	0	0	0	0	0	0	0	0	0	0	0	0	0	0	0	0	0	0	0	0	0	0	0	0	0	0	0	0	0	0	0	0	0	0	0	0	0	0	0	0	0	0	0	0	0	0	0	0	0	0	0	0	0	0	0	0	0	0	0	0	0	0	0	0	0	0	0	0	0	0	0	0	0	0	0	0	0	0	0	0	0	0	0	0	0	0	0	0	0	0	0	0	0	0	0	0	0	0	0	0	0	0	0	0	0	0	0	0	0	0	0	0	0	0	0	0	0	0	0	0	0	0	0	0	0	0	0	0	0	0	0	0	0	0	0	0	0	0	0	0	0	0	0	0	0	0	0	0	0	0	0	0	0	0	0	0	0	0	0
Algae_PREI-A(2)	0.119653481	0	0	0	0	0	0	0.0009635741	0.001423513	0	0	0	0	0.0003825166	0	0	0	0	0	0.0001162115	0	0	0.0002905288	0	0.001181432	0	0	0.0008085738	0	0	0	0.0001839757	0	0.0009247853	0.077078235	0.002132894	0	0.000312299	0	0	0	0	0	0	0	0	0.0050597972	0.07029918	0.001469507	0.0001743173	0.001820595	0	0	0	0	0	0	0.003926813	0	0.01519135	0	0	0	0	9.198786e-05	0	0	0	9.198786e-05	0.000232423	0	0	0	0.0003679514	9.198786e-05	0.01158451	0.00307945	0	0.0001743173	0	0	0	0	0	0.414256	0.002907431	0	0.02529163	0.0002081994	0.002641281	0	0	0	0.001164413	0	0	0.001009568	0	0	0	0	0	0	0	0.0001162115	0	0	0	0	0.0002905288	0	0	0	0	0	0.0001162115	0	0	0	0.04977667	0.003156873	0	0.003406314	0	0.002198205	0	0	0	0.00125165	0	0.0005810575	0	0	0	0	0	0.0005059332	0.0001743173	0.0002905288	0	0	0	0.002253703	0	0.003856595	0.0002299696	0	0.003125444	0.01302948	0.01641983	0.002072335	0	0	0.000232423	0.003905042	0.0127512168	0	0.0001743173	0	0	0	0.000697269	0.03005583	0	0.004628833	0	0	0	0	0.0008715863	0.004481193	0.004389205	0.03916142	0	0	0.002549293	0.0004067403	0.0001162115	0	0	0	0	0	0.003130196	0	0	0	0	0	0	0	0.004258428	0	0.0004745045	0	0	0	0	0	0	0.0181033761	0	0.0001743173	0	0	0	0	0	0	0	0	0	0	0	0	0	0	0	0	0	0	0	0	0	0	0	0	0	0	0	0	0	0	0	0	0	0	0	0	0	0	0	0	0	0	0	0	0	0	0	0	0	0	0	0	0	0	0	0	0	0	0	0	0	0	0	0	0	0	0	0	0	0	0	0	0	0	0	0	0	0	0	0	0	0	0	0	0	0	0	0	0	0	0	0	0	0	0	0	0	0	0	0	0	0	0	0	0	0	0	0	0	0	0	0	0	0	0	0	0	0	0	0	0	0	0	0	0	0	0	0	0	0	0	0	0	0	0	0	0	0	0	0	0	0	0	0	0	0	0	0	0	0	0	0	0	0	0	0	0	0	0	0	0	0	0	0	0	0	0	0	0	0	0	0	0	0	0	0	0	0	0	0	0	0	0	0	0	0	0	0	0	0	0	0	0	0	0	0	0	0	0	0	0	0	0	0	0	0	0	0	0	0	0	0	0	0	0	0	0	0	0	0	0	0	0	0	0	0	0	0	0	0	0	0	0	0	0	0	0	0	0	0	0	0	0	0	0	0	0	0	0	0	0	0	0	0	0	0	0	0	0	0	0	0	0	0	0	0	0	0	0	0	0	0	0	0	0	0	0	0	0	0	0	0	0	0	0	0	0	0	0	0	0	0	0	0	0	0	0	0	0	0	0	0	0	0	0	0	0	0	0	0	0	0	0	0	0	0	0	0	0	0	0	0	0	0	0	0	0	0	0	0	0	0	0	0	0	0	0	0	0	0
Algae_PUYM-B	0.415794577	0.0008455577	0.0002355158	0	0	0	0	0.007120735	0.002228652	0	0	0	0	0	0	0	0	0	0	0	0.001395095	0	0.0005737893	0.0002355158	0	0	0	0.001534105	0	0	0	0	0	0.0007790525	0.037766075	0.1372335	0	0	0	0	0	0	0	0	0	0	0.0063659351	0	0.0008093051	0.0002295157	0.0762209	0.0007065473	0	0	0	0	0	0.008316567	0	0	0	0	0	0	0.01301413	0	0	0	0	0	0	0	0	0	0	0	0	0	0	0	0	0	0	0	0.0006885472	0.02293282	0	0.008443324	0	0.009415892	0	0	0	0.001117326	0	0	0.005846399	0	0	0	0	0	0	0.0005797894	0	0.004252041	0	0	0	0	0	0	0	0	0	0.003841262	0	0	0	0.007150988	0.02749313	0.003363978	0.002464168	0	0.001648863	0	0	0	0	0	0	0	0	0	0	0	0	0	0	0	0	0	0.0006280421	0	0.0014736	0	0	0.007229493	0.02883347	0	0.03588245	0	0	0	0.0004590314	0.0249014468	0.001032821	0	0	0.000803305	0	0	0.005465368	0	0	0.001014568	0	0	0	0	0.01450749	0.004046525	0.04460929	0	0	0.0006885472	0.001032821	0.003986273	0	0	0	0	0	0.009113871	0	0	0	0	0	0	0	0.002572926	0	0	0	0	0	0.0001570105	0	0	0.0009180629	0	0	0	0	0	0	0	0	0	0	0	0	0	0	0	0	0	0	0	0	0	0	0	0	0	0	0	0	0	0	0	0	0	0	0	0	0	0	0	0	0	0	0	0	0	0	0	0	0	0	0	0	0	0	0	0	0	0	0	0	0	0	0	0	0	0	0	0	0	0	0	0	0	0	0	0	0	0	0	0	0	0	0	0	0	0	0	0	0	0	0	0	0	0	0	0	0	0	0	0	0	0	0	0	0	0	0	0	0	0	0	0	0	0	0	0	0	0	0	0	0	0	0	0	0	0	0	0	0	0	0	0	0	0	0	0	0	0	0	0	0	0	0	0	0	0	0	0	0	0	0	0	0	0	0	0	0	0	0	0	0	0	0	0	0	0	0	0	0	0	0	0	0	0	0	0	0	0	0	0	0	0	0	0	0	0	0	0	0	0	0	0	0	0	0	0	0	0	0	0	0	0	0	0	0	0	0	0	0	0	0	0	0	0	0	0	0	0	0	0	0	0	0	0	0	0	0	0	0	0	0	0	0	0	0	0	0	0	0	0	0	0	0	0	0	0	0	0	0	0	0	0	0	0	0	0	0	0	0	0	0	0	0	0	0	0	0	0	0	0	0	0	0	0	0	0	0	0	0	0	0	0	0	0	0	0	0	0	0	0	0	0	0	0	0	0	0	0	0	0	0	0	0	0	0	0	0	0	0	0	0	0	0	0	0	0	0	0	0	0	0	0	0	0	0	0	0	0	0	0	0	0	0	0	0	0	0	0	0	0	0	0
Algae_RAYR-A	0.130767645	0.006454569	0	0.0002367798	0	0	0	0.01486376	0.01802139	0	0	0.000255037	0.000255037	0	0	0	0	0	0	0	0.003758424	0.000789266	0	0.001858006	0.001912777	0	0	0.008324934	0	0	0.0003157064	0.00337615	0	0.008785853	0.063085682	0.003861505	0.0008926294	0	0	0	0	0	0	0	0.000394633	0	0.0376387279	0	0.003393844	0	0.05386081	0	0	0.001032225	0	0	0	0.001827671	0	0.01082615	0	0	0.0006314128	0	0	0	0	0	0	0	0	0	0	0	0	0	0	0	0	0	0	0	0.000789266	0.0003157064	0.05561884	0.007347199	0	0.004329167	0	0.04480335	0	0	0	0.007055366	0	0	0.0001578532	0	0	0	0	0	0	0	0	0.0004918168	0	0	0	0	0	0	0	0	0	0.01224598	0	0.0002367798	0	0.003303121	0.001997602	0.005191462	0.003582313	0	0.00862182	0	0	0	0.001997602	0	0.003594673	0	0	0	0	0	0	0	0.0004918168	0	0	0	0.00260486	0.0006314128	0.01567129	0	0	0.009417266	0.004887833	0	0.01111152	0	0.0001578532	0	0.002592782	0.0729588134	0.005051302	0.002525651	0.0007103394	0.002082708	0	0	0.001013968	0	0.000255037	0.000394633	0	0.0003825555	0	0	0.005980446	0.01332147	0.2698751	0	0	0.003460975	0.000510074	0.002143377	0	0	0	0	0	0.017347	0	0	0	0	0	0	0	0.00283546	0	0.0008681926	0	0.0005707434	0	0	0	0	0.010097834	0	0.0009471192	0	0	0	0	0	0	0	0	0	0	0	0	0	0	0	0	0	0	0	0	0	0	0	0	0	0	0	0	0	0	0	0	0	0	0	0	0	0	0	0	0	0	0	0	0	0	0	0	0	0	0	0	0	0	0	0	0	0	0	0	0	0	0	0	0	0	0	0	0	0	0	0	0	0	0	0	0	0	0	0	0	0	0	0	0	0	0	0	0	0	0	0	0	0	0	0	0	0	0	0	0	0	0	0	0	0	0	0	0	0	0	0	0	0	0	0	0	0	0	0	0	0	0	0	0	0	0	0	0	0	0	0	0	0	0	0	0	0	0	0	0	0	0	0	0	0	0	0	0	0	0	0	0	0	0	0	0	0	0	0	0	0	0	0	0	0	0	0	0	0	0	0	0	0	0	0	0	0	0	0	0	0	0	0	0	0	0	0	0	0	0	0	0	0	0	0	0	0	0	0	0	0	0	0	0	0	0	0	0	0	0	0	0	0	0	0	0	0	0	0	0	0	0	0	0	0	0	0	0	0	0	0	0	0	0	0	0	0	0	0	0	0	0	0	0	0	0	0	0	0	0	0	0	0	0	0	0	0	0	0	0	0	0	0	0	0	0	0	0	0	0	0	0	0	0	0	0	0	0	0	0	0	0	0	0	0	0	0	0	0	0	0	0	0	0	0	0	0	0	0	0	0	0	0	0	0	0	0	0	0	0	0	0	0	0	0	0	0	0	0	0	0	0	0	0	0	0	0	0	0	0	0	0	0	0	0	0	0	0	0
Algae_RAYR-B	0.128326746	0.01072128	0	0	0	0	0	0.002435998	0.0148591	0.0001191753	0	0	0.07415716	0	0	0	0	0	0	0	0.008505168	0.001169187	9.570294e-05	0.006243395	0.0007810763	0	0.0002822125	0.009370698	0	0	0	0.001286146	0	0.0149413	0.081453319	0.003872662	0	0	0	0	0	0	0	0	0.0006527611	0.0008911117	0.0316707305	0.0003575259	0.002508269	0	0.01383516	0.0005290053	0	0	0	0	0	0.001695554	0	0.005030514	0	0	0	0	0.003694932	0	0	0	0.0003349603	0	0	0	0	0	0.00203461	0	0	0.0004062841	0	0	0	0	0.0001191753	0.001677044	0.008150642	0.03743521	0	0.0174985	0	0.04630756	0	0	0	0.00917418	0.0008039577	0	0.003950126	0	0	0	0	0	0	0.0001435544	0	0.001164438	0	0.0005991472	0.0001191753	0	0	0	0	0	0.002625987	0.0008466376	0	0	0	0.01141016	0.001896334	0.02732826	0.006220977	0	0.01493537	0	0	0	0.0003628447	0	0.001758751	0.0006780064	0	0	0	0	0	7.94502e-05	0.0005570582	0	0	0	0.002465864	0.0002871088	0.003231723	0	0	0.02033976	0.005496811	0.0003024548	0.003344335	0	0	0	0.004327135	0.1135783206	0.0004315294	0.005402352	0	0.008280324	0	0	0.001379632	0	0	0.004741908	0.001560126	0.0004408377	0	0.0005455332	0.005088861	0.01142703	0.1067822	0.0002780757	0	0.001027869	0.001442998	0.0002871088	0	0.0001986255	0	0	0.000397251	0.0006139022	0	0	0	0	0	0	0	0.06727322	0	0.0002418965	0	0	0	0	0	0.0001191753	0.0058261773	0	0.004735595	0	0	0	0	0	0	0	0	0	0	0	0	0	0	0	0	0	0	0	0	0	0	0	0	0	0	0	0	0	0	0	0	0	0	0	0	0	0	0	0	0	0	0	0	0	0	0	0	0	0	0	0	0	0	0	0	0	0	0	0	0	0	0	0	0	0	0	0	0	0	0	0	0	0	0	0	0	0	0	0	0	0	0	0	0	0	0	0	0	0	0	0	0	0	0	0	0	0	0	0	0	0	0	0	0	0	0	0	0	0	0	0	0	0	0	0	0	0	0	0	0	0	0	0	0	0	0	0	0	0	0	0	0	0	0	0	0	0	0	0	0	0	0	0	0	0	0	0	0	0	0	0	0	0	0	0	0	0	0	0	0	0	0	0	0	0	0	0	0	0	0	0	0	0	0	0	0	0	0	0	0	0	0	0	0	0	0	0	0	0	0	0	0	0	0	0	0	0	0	0	0	0	0	0	0	0	0	0	0	0	0	0	0	0	0	0	0	0	0	0	0	0	0	0	0	0	0	0	0	0	0	0	0	0	0	0	0	0	0	0	0	0	0	0	0	0	0	0	0	0	0	0	0	0	0	0	0	0	0	0	0	0	0	0	0	0	0	0	0	0	0	0	0	0	0	0	0	0	0	0	0	0	0	0	0	0	0	0	0	0	0	0	0	0	0	0	0	0	0	0	0	0	0	0	0	0	0	0	0	0	0	0	0	0	0	0	0	0	0	0	0	0	0	0	0	0	0	0	0	0	0	0	0	0	0	0	0	0	0	0
Algae_REAL-A	0.056474717	0.002483982	0	0	0	0.0005471956	0	0.006708965	0.009930387	0	0	0	0.0001595066	0	0	0	0	0	0	0	0.003434098	0.001466297	0.000676241	0.0003190132	0.004543443	0	0	0.006154016	0	0.0001595066	0.0001367989	0.0005471956	0	0.00667075	0.173486033	0.001694203	0.0002126755	0	0	0	0	0	0	0	0.003159947	0	0.0693077894	0.01115355	0.001724941	0.0001595066	0.0293503	0	0	0.0004178738	0	0	0	0.002552935	0.0001063377	0.02685026	0	0	0	0.0001595066	0.002408935	0	0	0	0.0006989487	0.0004710427	0	0	0	0	0	0	0	0	0	0	0	0	0.00186894	0.000820517	0.03250194	0.01555161	0	0.00470295	0	0.01140499	0	0	0	0.00275038	0	0	0.0001367989	0	0	0	0	0	0	0.0003190132	0	0.002149739	0	0	0	0	0	0	0	0	0	0.001747372	0.0002735978	0	0.0007521176	0.01014196	0.01990232	0.004254891	0.007688989	0	0.01019706	0.001489281	0	0	0.0008052865	0	0	0.0009119006	0	0	0	0	0.0001063377	0	0	0	0	0	0	0	0.001739618	0	0	0.01523398	0.01301473	0	0.03941583	0	0	0.0003721821	0.001808571	0.0672264502	0.0007900559	0.0006380264	0.002477058	0.009519991	0	0.0001063377	0.01278628	0	0	0.003077423	0	0	0	0	0.007430345	0.000797533	0.2366907	0	0	0.001701956	0.0007748253	0.0003721821	0	0	0	0	0	0.001724664	0	0	0	0	0	0	0	0.01579557	0	0.001929862	0	0	0	0	0	0	0.0094061758	0	0.000364705	0	0	0	0	0	0	0	0	0	0	0	0	0	0	0	0	0	0	0	0	0	0	0	0	0	0	0	0	0	0	0	0	0	0	0	0	0	0	0	0	0	0	0	0	0	0	0	0	0	0	0	0	0	0	0	0	0	0	0	0	0	0	0	0	0	0	0	0	0	0	0	0	0	0	0	0	0	0	0	0	0	0	0	0	0	0	0	0	0	0	0	0	0	0	0	0	0	0	0	0	0	0	0	0	0	0	0	0	0	0	0	0	0	0	0	0	0	0	0	0	0	0	0	0	0	0	0	0	0	0	0	0	0	0	0	0	0	0	0	0	0	0	0	0	0	0	0	0	0	0	0	0	0	0	0	0	0	0	0	0	0	0	0	0	0	0	0	0	0	0	0	0	0	0	0	0	0	0	0	0	0	0	0	0	0	0	0	0	0	0	0	0	0	0	0	0	0	0	0	0	0	0	0	0	0	0	0	0	0	0	0	0	0	0	0	0	0	0	0	0	0	0	0	0	0	0	0	0	0	0	0	0	0	0	0	0	0	0	0	0	0	0	0	0	0	0	0	0	0	0	0	0	0	0	0	0	0	0	0	0	0	0	0	0	0	0	0	0	0	0	0	0	0	0	0	0	0	0	0	0	0	0	0	0	0	0	0	0	0	0	0	0	0	0	0	0	0	0	0	0	0	0	0	0	0	0	0	0	0	0	0	0	0	0	0	0	0	0	0	0	0	0	0	0	0	0	0	0	0	0	0	0	0	0	0	0	0	0	0	0
Algae_ROQUE-A	0.083879387	0.006499653	0	0	0	0	0	0.00310673	0.008525111	0	0.0002014775	0	0.02927215	0	0	0	0	0	0	0	0.002456503	0	0.0007492848	0.001629377	0.001541001	0	0	0.006114551	0	0	0	0.001452626	0	0.01213722	0.109241374	0.0108154	0.0004311936	0	0	0	0	0	0	0	0	0	0.0458949877	0.007570689	0.0002262048	0.0002014775	0.003668583	0	0	9.188643e-05	0	0	0	0.008090258	0.0002686367	0.000643205	0	0	0.001378445	0.0004736255	9.188643e-05	0	0	0	0.0004594321	0	0	0	0	0	9.188643e-05	0	0	0	0	0	0	0	0	0.0002262048	0.01799747	0.02874833	0	0.01723736	0	0.01823055	0	0	0	0.02431335	0.0002014775	0	0.005245141	0	0	0	0.0002756593	0	0	0	0	0.001010751	0	0	9.188643e-05	0	0	0	0	0	0	9.188643e-05	0	0	9.188643e-05	0.01579833	0.01418651	0.0591025	0.003891276	0	0.0049588	0	0	0	0.001424388	0	0	0.0002014775	0	0	0	0.0001837729	0	0.0003675457	0	0	0	0	0.004325833	0.0004134889	0.0004559208	0	0	0.01776044	0.02912671	0.008591381	0.02041417	0	0	0.002456354	0.01515221	0.1520855165	0	0.0005513186	0	0.001869775	0	0	0.000402955	0	0	0.0002262048	0.0004134889	0.002145434	0	0.0001837729	0.01571347	0.00859227	0.1101747	0	0	0.0006786143	0.0001837729	0.001328842	0	0	0	0	0	0.0004983527	0	0	0	0	0	0	0.0001343183	0.001226422	0	0.0004064663	0	0	0	0	0	0.001021433	0.0396569051	0	0.00272865	0	0	0	0	0	0	0	0	0	0	0	0	0	0	0	0	0	0	0	0	0	0	0	0	0	0	0	0	0	0	0	0	0	0	0	0	0	0	0	0	0	0	0	0	0	0	0	0	0	0	0	0	0	0	0	0	0	0	0	0	0	0	0	0	0	0	0	0	0	0	0	0	0	0	0	0	0	0	0	0	0	0	0	0	0	0	0	0	0	0	0	0	0	0	0	0	0	0	0	0	0	0	0	0	0	0	0	0	0	0	0	0	0	0	0	0	0	0	0	0	0	0	0	0	0	0	0	0	0	0	0	0	0	0	0	0	0	0	0	0	0	0	0	0	0	0	0	0	0	0	0	0	0	0	0	0	0	0	0	0	0	0	0	0	0	0	0	0	0	0	0	0	0	0	0	0	0	0	0	0	0	0	0	0	0	0	0	0	0	0	0	0	0	0	0	0	0	0	0	0	0	0	0	0	0	0	0	0	0	0	0	0	0	0	0	0	0	0	0	0	0	0	0	0	0	0	0	0	0	0	0	0	0	0	0	0	0	0	0	0	0	0	0	0	0	0	0	0	0	0	0	0	0	0	0	0	0	0	0	0	0	0	0	0	0	0	0	0	0	0	0	0	0	0	0	0	0	0	0	0	0	0	0	0	0	0	0	0	0	0	0	0	0	0	0	0	0	0	0	0	0	0	0	0	0	0	0	0	0	0	0	0	0	0	0	0	0	0	0	0	0	0	0	0	0	0	0	0	0	0	0	0	0	0	0	0	0	0	0	0
Algae_ROQUE-B	0.144627078	0.001931355	0	0	0	0	0	0.001266245	0.00487738	0	0	0	0.0001328662	0	0	0	0	0	0	0.0001212572	0.0005503055	0.0009192329	0.00103534	0.0001916897	0.0005484139	0	9.803922e-05	0.002649705	0	0	0	0.002093119	0	0.008652663	0.108302038	0.009606665	0.002501781	0	0	0	0	5.882353e-05	0	0	0	0	0.0280963299	0.001953194	0.005825604	0.001418702	0.03436497	0	0	0.001095876	0	0	0	0.008478234	5.882353e-05	0.01188084	0	0	0	0.000872197	0.001179798	0	0	0	0.0006234023	0.0003673817	0	0	0	0	0.0001372549	0.0007747577	9.36505e-05	0	6.243366e-05	0	0	0.0002390772	3.921569e-05	0.0003485525	0.0299163	0.0166907	0	0.01272031	0.0001328662	0.01842796	0	0	0	0.006672103	7.843137e-05	0	0.000948904	0	0	0	0	0	0	0	7.843137e-05	0.00469504	0	0	0	0	0	0	0	0	0	0.0048632	0	0	0	0.01996485	0.01227048	0.00263715	0.01064442	0	0.006721186	0.001855934	0	0	0.003076268	0	0.001253264	0.0001720819	0	0	0	0	0.0006350113	0	0.0001328662	0	0	0	0.01320901	0	0.03138843	0.0002112976	0	0.03295775	0.03156571	0.0008554321	0.01353093	0	0	0.001351303	0.02796506	0.0590917583	0.004841349	0.001308293	0	0.0002352941	0	0.0005242445	0.005252231	0	0.0002497347	0.001403483	0.0002729584	3.921569e-05	0	0	0.01626791	0.007451417	0.1156309	0	0	0.008595568	0.0005322433	0.001428788	0	0	0	0	0	0.007950812	0	0	0	0	3.921569e-05	6.243366e-05	0	0.05882221	0	0.0009203573	0	0	0	0.0005322433	0	0	0.0112105103	0	0.001639902	0	0	0	0	0	0	0	0	0	0	0	0	0	0	0	0	0	0	0	0	0	0	0	0	0	0	0	0	0	0	0	0	0	0	0	0	0	0	0	0	0	0	0	0	0	0	0	0	0	0	0	0	0	0	0	0	0	0	0	0	0	0	0	0	0	0	0	0	0	0	0	0	0	0	0	0	0	0	0	0	0	0	0	0	0	0	0	0	0	0	0	0	0	0	0	0	0	0	0	0	0	0	0	0	0	0	0	0	0	0	0	0	0	0	0	0	0	0	0	0	0	0	0	0	0	0	0	0	0	0	0	0	0	0	0	0	0	0	0	0	0	0	0	0	0	0	0	0	0	0	0	0	0	0	0	0	0	0	0	0	0	0	0	0	0	0	0	0	0	0	0	0	0	0	0	0	0	0	0	0	0	0	0	0	0	0	0	0	0	0	0	0	0	0	0	0	0	0	0	0	0	0	0	0	0	0	0	0	0	0	0	0	0	0	0	0	0	0	0	0	0	0	0	0	0	0	0	0	0	0	0	0	0	0	0	0	0	0	0	0	0	0	0	0	0	0	0	0	0	0	0	0	0	0	0	0	0	0	0	0	0	0	0	0	0	0	0	0	0	0	0	0	0	0	0	0	0	0	0	0	0	0	0	0	0	0	0	0	0	0	0	0	0	0	0	0	0	0	0	0	0	0	0	0	0	0	0	0	0	0	0	0	0	0	0	0	0	0	0	0	0	0	0	0	0	0	0	0	0	0	0	0	0	0	0	0	0	0	0	0
Algae_SALE-A	0.191879876	0.002462682	0.0002804219	0	0	0	0	0.01343931	0.003948157	0	0.0001661544	0	0.004602132	0	0	0	0	0	0	0	0.001728041	0	0.0005608438	0.007186959	0.00155828	0	0	0.001709893	0	0	0.0001276522	0.0006767631	0	0.005937288	0.152433386	0.01436327	0	0	0	0	0	0	0	0	0	0	0.0119563216	0.0004059395	0.0005694915	0	0.01217981	0	0	0	0	0	0	0.01486624	0	0.005521271	0	0	0	0.0001084011	0.01926533	0	0	0	0	0	0	0	0	0	0.0001084011	5.538479e-05	0	7.226739e-05	0	0	0	0	0	0.0003600011	0.01923248	0.04309101	0	0.03335264	0.0002215391	0.01406655	0	0	0	0.001498365	0	0	0.006382532	0	0	0	0.0001720208	0	0	0.0007996783	0	0.006424693	0	0	0	0	0	0	0	0	0	0.0006256749	0	0	0	0.009420418	0.01860708	0.003795279	0.002322927	0	0.003633986	0	0	0	0.001087358	0	0	0.0001445348	0	0	0	0	0.0006450781	0.0001806685	0	0	0	0	0.001371071	0.0004491511	0.0006166689	0	0	0.01765329	0.04598526	0.0008343942	0.0238871	0	0	0	0.001677312	0.0762054874	0.001047877	8.601041e-05	0	0.0004984631	0	0.000183037	0.002265256	0	0	0.002011038	0.0001290156	0.0002492315	0	0.0006450781	0.03130233	0.006443506	0.1333434	0	0	0.0008112324	0.0006107205	0.0007454506	0	0	0	0	0.0001806685	0.003030827	0	0	0	0	0	0	5.538479e-05	0.004073017	0	0.0007755114	0	0	0	5.538479e-05	0	0	0.0084602913	0	8.307718e-05	0	0	0	0	0	0	0	0	0	0	0	0	0	0	0	0	0	0	0	0	0	0	0	0	0	0	0	0	0	0	0	0	0	0	0	0	0	0	0	0	0	0	0	0	0	0	0	0	0	0	0	0	0	0	0	0	0	0	0	0	0	0	0	0	0	0	0	0	0	0	0	0	0	0	0	0	0	0	0	0	0	0	0	0	0	0	0	0	0	0	0	0	0	0	0	0	0	0	0	0	0	0	0	0	0	0	0	0	0	0	0	0	0	0	0	0	0	0	0	0	0	0	0	0	0	0	0	0	0	0	0	0	0	0	0	0	0	0	0	0	0	0	0	0	0	0	0	0	0	0	0	0	0	0	0	0	0	0	0	0	0	0	0	0	0	0	0	0	0	0	0	0	0	0	0	0	0	0	0	0	0	0	0	0	0	0	0	0	0	0	0	0	0	0	0	0	0	0	0	0	0	0	0	0	0	0	0	0	0	0	0	0	0	0	0	0	0	0	0	0	0	0	0	0	0	0	0	0	0	0	0	0	0	0	0	0	0	0	0	0	0	0	0	0	0	0	0	0	0	0	0	0	0	0	0	0	0	0	0	0	0	0	0	0	0	0	0	0	0	0	0	0	0	0	0	0	0	0	0	0	0	0	0	0	0	0	0	0	0	0	0	0	0	0	0	0	0	0	0	0	0	0	0	0	0	0	0	0	0	0	0	0	0	0	0	0	0	0	0	0	0	0	0	0	0	0	0	0	0	0	0	0	0	0	0	0	0	0	0	0
Algae_SALV-A	0.286480604	0.001632128	0.001789586	0.0001150219	0	0	0	0.002148465	0.002230993	0	0	0	7.022718e-05	0.0005196379	0	0	0	0	0	0.0001725328	0.0001150219	0	0.0002487774	0.0072899	0.0009479611	0	0	0.00119946	0	0	7.022718e-05	0.0004330308	0	0.007683844	0.071373973	0.0395546	0.001207149	0	0	0	0	0	0	0	0	0	0.0062008106	0.0001270567	0.009597022	0	0.009854149	0	0	6.352837e-05	0	0.0008292227	0	0.01972572	0	0.005704713	0	0	6.352837e-05	0.001538189	0.0008292227	0	0	0	0.0001150219	0	0	0	0	0	0.0001337556	0.0003481007	0.002021722	0.001159324	0	0	0	0	0	0.000349406	0.01523947	0.01846287	0	0.06813328	9.529255e-05	0.005617694	0.0002106816	0	0	0.004012729	0	0	0.003707069	0	0	0	0	0	0	0.0001053408	0	0.0009135289	0	0	0.0003450656	0	0	0	0	0	0	0.001793984	0	0.000175568	0	0.01560701	0.006610764	0	0.006180135	0	0.003488326	0.0003059741	0	0	0.002019368	0	0.0005768346	0.0002554762	0	0	0	0	0.001440233	0	0	0	0	0.0004564767	0.01204742	0.001920412	0.008575945	0.0002223493	0	0.006427603	0.03598342	0.0003160223	0.01597601	0	0	0.0002457951	0.00364516	0.0467155511	0.006904271	0.0002106816	0.0003704981	0.0004982362	0	0.0005871441	0.01818745	0	0	0.0001404544	0.0005647997	0.000497869	0	0	0.04328515	0.004106185	0.08460398	0	0	0.001920045	0.0002106816	0.0003160223	0	0	0	0.0001150219	0.0002300437	0.04351668	0	0	0	0	0	0	0	0.004425512	0	0.002817504	0	0	0	0.0004273276	0	0	0.0140812704	0	0.0002106816	0	0	0	0	0	0	0	0	0	0	0	0	0	0	0	0	0	0	0	0	0	0	0	0	0	0	0	0	0	0	0	0	0	0	0	0	0	0	0	0	0	0	0	0	0	0	0	0	0	0	0	0	0	0	0	0	0	0	0	0	0	0	0	0	0	0	0	0	0	0	0	0	0	0	0	0	0	0	0	0	0	0	0	0	0	0	0	0	0	0	0	0	0	0	0	0	0	0	0	0	0	0	0	0	0	0	0	0	0	0	0	0	0	0	0	0	0	0	0	0	0	0	0	0	0	0	0	0	0	0	0	0	0	0	0	0	0	0	0	0	0	0	0	0	0	0	0	0	0	0	0	0	0	0	0	0	0	0	0	0	0	0	0	0	0	0	0	0	0	0	0	0	0	0	0	0	0	0	0	0	0	0	0	0	0	0	0	0	0	0	0	0	0	0	0	0	0	0	0	0	0	0	0	0	0	0	0	0	0	0	0	0	0	0	0	0	0	0	0	0	0	0	0	0	0	0	0	0	0	0	0	0	0	0	0	0	0	0	0	0	0	0	0	0	0	0	0	0	0	0	0	0	0	0	0	0	0	0	0	0	0	0	0	0	0	0	0	0	0	0	0	0	0	0	0	0	0	0	0	0	0	0	0	0	0	0	0	0	0	0	0	0	0	0	0	0	0	0	0	0	0	0	0	0	0	0	0	0	0	0	0	0	0	0	0	0	0	0	0	0	0	0	0	0	0	0	0	0	0	0	0	0	0	0	0	0	0	0	0	0
Algae_SAMA-A	0.252280318	0.0003682271	0	0	0.00161112	0.0002235303	0.0001446969	0	0.0008789895	0	0	0	0	0.0009140829	0	0	0	0	0	0	0	0	0.001692116	0	0.004942965	0	0	0.00128231	0.0001117651	0	0	0	0	0.002126206	0.216739137	0.002058181	0.001725047	0.0009972396	0	0	0	0	0.0039079634	0.006569217	0	0	0.009891908	0.00138759	0.0004340906	0.000506439	0.004979713	0	0	0.0001862752	0	0	0	0.003557536	0	0.0008789895	0	0	0	7.45101e-05	0	0	0	0	0.0004033205	0.0001490202	0	0	0.0004362522	0	7.45101e-05	0.0004470606	0.004107715	0	0	0	0	0	0	0	0.06269829	0.001280148	0.0004340906	0.02600426	0	0.002450693	0.001025848	0	0	0.002950141	0	0	0.002056019	0.0008789895	0	0.0001446969	0	0	0	0	0	0	0.0005523407	0	0	0	0.0008374111	0	0	0	0.0001490202	0	0	0	0	0.0001490202	0.0009534996	0	0.001065265	0	0.001702924	0	0.0002893937	7.45101e-05	0.008344489	0	0	0	0.0001117651	0	0	0	0.002946324	0	0	0	0	0	0.007090146	7.45101e-05	0.01529923	0	0	0.00519892	0.005144878	0.000506439	0	0	0	0	0.005253975	0.0402036361	0.003460903	0.0005523407	0	0.001654861	0	0	0.2115082	0	0.02039337	7.45101e-05	0.003520281	0	0	0.001689954	0.003818322	0.002167785	0.009113875	0	0	0.001679146	0	0	0.0002893937	0	0	0	0.001021525	0.0002980404	0	0	0	0	0	0	0	0.01330475	0	0.00107175	0	0	0	7.45101e-05	0.0005831108	0	0.0015781887	0	0.0001862752	0	0	0	0	0	0	0	0	0	0	0	0	0	0	0	0	0	0	0	0	0	0	0	0	0	0	0	0	0	0	0	0	0	0	0	0	0	0	0	0	0	0	0	0	0	0	0	0	0	0	0	0	0	0	0	0	0	0	0	0	0	0	0	0	0	0	0	0	0	0	0	0	0	0	0	0	0	0	0	0	0	0	0	0	0	0	0	0	0	0	0	0	0	0	0	0	0	0	0	0	0	0	0	0	0	0	0	0	0	0	0	0	0	0	0	0	0	0	0	0	0	0	0	0	0	0	0	0	0	0	0	0	0	0	0	0	0	0	0	0	0	0	0	0	0	0	0	0	0	0	0	0	0	0	0	0	0	0	0	0	0	0	0	0	0	0	0	0	0	0	0	0	0	0	0	0	0	0	0	0	0	0	0	0	0	0	0	0	0	0	0	0	0	0	0	0	0	0	0	0	0	0	0	0	0	0	0	0	0	0	0	0	0	0	0	0	0	0	0	0	0	0	0	0	0	0	0	0	0	0	0	0	0	0	0	0	0	0	0	0	0	0	0	0	0	0	0	0	0	0	0	0	0	0	0	0	0	0	0	0	0	0	0	0	0	0	0	0	0	0	0	0	0	0	0	0	0	0	0	0	0	0	0	0	0	0	0	0	0	0	0	0	0	0	0	0	0	0	0	0	0	0	0	0	0	0	0	0	0	0	0	0	0	0	0	0	0	0	0	0	0	0	0	0	0	0	0	0	0	0	0	0	0	0	0	0	0	0	0	0
Algae_SAUB-A	0.091944978	0.003068226	0	0	0	0	0	0.007033722	0.00855984	0	0	0	0	0	0	0	0	0	0	0	0.004111246	0.0002742707	0	0.0009684556	0.004658982	0	0	0.007940946	0	0	0	0.001576312	0	0.005608355	0.052449444	0.005683603	0	0	0	0	0	0	0	0	0.0006163502	0	0.0602784792	0.00127202	0.001326319	0	0.08141699	0	0	0.0001769755	0	0	0	0.004208733	0	0.02112244	0	0	0	0	0.003319117	0	0	0	0	0	0	0	0	0	0.0002163098	0	8.848774e-05	0	0	0	0	0	0	0.0001327316	0.008168906	0.0155283	0	0.008603235	0	0.01761639	0	0	0	0.007600982	9.729519e-05	0	0.0005351236	0	0	0	0	0	0	9.729519e-05	0	0.0009377221	0	0	0	0	0	0.0001622323	0	0	0	0.04081666	0	0	0.0001459428	0.002335291	0.003832949	0.003516394	0.005719695	0	0.009424395	0.0001459428	0	0	0.002955119	0	0.0001769755	0.0005568429	0	0	0	0	0	0.00049549	0	0	0	0	0.0005042975	0.0002163098	0.002557252	0	0	0.01053414	0.02082945	0	0.009054667	0.0001081549	0	0	0.0009291213	0.0655878078	0.0002918856	0.000411406	0.002707313	0.0006104001	0	8.848774e-05	0.0006341717	0	0	0.007887666	0	0.000519055	0	0	0.01736071	0.006545493	0.3025527	0	0	0.0005244849	0.0008595882	0.0001945904	0	0	0	0	0	0.042704	0.0002163098	0	0	0	0	0	0.0001327316	0.0008287621	0	0.001610915	0	0	0	0	0	0	0.0043681866	0	0.001107437	0	0	0	0	0	0	0	0	0	0	0	0	0	0	0	0	0	0	0	0	0	0	0	0	0	0	0	0	0	0	0	0	0	0	0	0	0	0	0	0	0	0	0	0	0	0	0	0	0	0	0	0	0	0	0	0	0	0	0	0	0	0	0	0	0	0	0	0	0	0	0	0	0	0	0	0	0	0	0	0	0	0	0	0	0	0	0	0	0	0	0	0	0	0	0	0	0	0	0	0	0	0	0	0	0	0	0	0	0	0	0	0	0	0	0	0	0	0	0	0	0	0	0	0	0	0	0	0	0	0	0	0	0	0	0	0	0	0	0	0	0	0	0	0	0	0	0	0	0	0	0	0	0	0	0	0	0	0	0	0	0	0	0	0	0	0	0	0	0	0	0	0	0	0	0	0	0	0	0	0	0	0	0	0	0	0	0	0	0	0	0	0	0	0	0	0	0	0	0	0	0	0	0	0	0	0	0	0	0	0	0	0	0	0	0	0	0	0	0	0	0	0	0	0	0	0	0	0	0	0	0	0	0	0	0	0	0	0	0	0	0	0	0	0	0	0	0	0	0	0	0	0	0	0	0	0	0	0	0	0	0	0	0	0	0	0	0	0	0	0	0	0	0	0	0	0	0	0	0	0	0	0	0	0	0	0	0	0	0	0	0	0	0	0	0	0	0	0	0	0	0	0	0	0	0	0	0	0	0	0	0	0	0	0	0	0	0	0	0	0	0	0	0	0	0	0	0	0	0	0	0	0	0	0	0	0	0	0	0	0
Algae_SAUB-B	0.170380181	0.005625915	0	0.0001162656	0	0	0	0.007607542	0.01224641	0	0	0	0	0	0	0	0	0	0	0.0001743983	0.00201657	0.0002325311	0.0009924736	0	0.00172169	0	0	0.004483445	0	0	0.0002906639	0.001067472	0	0.02198168	0.045456412	0.05223987	0.001297895	0	0	0	0	0	0	0	0.0001807229	0	0.024333182	0.0001743983	0.002826212	0	0.04061152	0	0	0.001360244	0	0	0	0.006101518	0	0.007461762	0	0	0	0	0.004271996	0	0	0	0	0	0	0	0	0	0.0002409639	0	0	0	0	0	0	0	0	0.002660247	0.0156675	0.02480731	0	0.0047223	0.0001807229	0.0356335	0	0	0	0.005208445	0	0	0.004130432	0	0	0	0	0	0	0.002251209	0	0.0001743983	0	0	0	0	0	0	0	0	0	0.003925307	0.0001162656	0	0.0007557261	0.00542411	0.01270968	0.002018678	0.01467924	0	0.005513866	0	0	0	0.00104639	0	0.0004216867	0.000413254	0	0	0	0	0.0001162656	0	0	0.0004819277	0	0	0	0	0.03092206	0	0	0.009760563	0.01574281	0	0.01928137	0.001024096	0	0	0.00213916	0.0584998172	0	0.000766267	0.002847294	0.001655124	0	0	0.001723798	0	0	0.0002948803	0	0.0006024096	0	0	0.0224606	0.01437292	0.2087317	0	0	0.001900304	0.00141416	0.0006394605	0	0	0	0	0	0.03610489	0	0	0	0	0	0	0	0.003189766	0	0.0007060261	0	0.0004069294	0	0	0	0	0.0027975943	0	0.003463565	0	0	0	0	0	0	0	0	0	0	0	0	0	0	0	0	0	0	0	0	0	0	0	0	0	0	0	0	0	0	0	0	0	0	0	0	0	0	0	0	0	0	0	0	0	0	0	0	0	0	0	0	0	0	0	0	0	0	0	0	0	0	0	0	0	0	0	0	0	0	0	0	0	0	0	0	0	0	0	0	0	0	0	0	0	0	0	0	0	0	0	0	0	0	0	0	0	0	0	0	0	0	0	0	0	0	0	0	0	0	0	0	0	0	0	0	0	0	0	0	0	0	0	0	0	0	0	0	0	0	0	0	0	0	0	0	0	0	0	0	0	0	0	0	0	0	0	0	0	0	0	0	0	0	0	0	0	0	0	0	0	0	0	0	0	0	0	0	0	0	0	0	0	0	0	0	0	0	0	0	0	0	0	0	0	0	0	0	0	0	0	0	0	0	0	0	0	0	0	0	0	0	0	0	0	0	0	0	0	0	0	0	0	0	0	0	0	0	0	0	0	0	0	0	0	0	0	0	0	0	0	0	0	0	0	0	0	0	0	0	0	0	0	0	0	0	0	0	0	0	0	0	0	0	0	0	0	0	0	0	0	0	0	0	0	0	0	0	0	0	0	0	0	0	0	0	0	0	0	0	0	0	0	0	0	0	0	0	0	0	0	0	0	0	0	0	0	0	0	0	0	0	0	0	0	0	0	0	0	0	0	0	0	0	0	0	0	0	0	0	0	0	0	0	0	0	0	0	0	0	0	0	0	0	0	0	0	0	0	0
Algae_SAUB-C	0.118097557	0.005340643	0.0001671682	0	0	0	0	0.002167966	0.0091549	0	0	0	0.0008145534	0	0	0	0	0	0	0	0	0	0.0004616648	0	0.001161909	0	0.0007661005	0.001995557	0	0	0.0002507523	0.0004724599	0	0.006284738	0.018700107	0.010303	0	0.0006197082	0	0	0	0	0	0	0	0	0.0184249557	0.0006764506	0.004388843	7.362415e-05	0.03538982	0	0	0.001258491	0	0	0	0.01573443	0	0.001254617	0	0	0	0.0002944966	0	0	0	0	0.0001671682	0.00288648	0	0	0	0	0	0.0001104362	0	0	0	0	0	0	0	0	0.02663773	0.01291576	0	0.00528506	0	0.01027336	0	0.0002914481	0	0.02565989	0.0001671682	0	0.004533293	0	0	0	0	0	0	0	0.0001472483	0.001251611	0	0	0	0	0	0	0	0	0	0.0003681207	0	0	0	0.002171912	0.02398899	0.01441698	0.01012659	0	0.003481017	0	0	0	0.002119858	0	0	0.0004586163	0	0	0	0	0.0001472483	0	0	0.0003313087	0	0	0	0.0001104362	0.01303745	0	0	0.01677728	0.01214493	0	0.03500764	0	0.0002507523	0.0006994294	0.01196306	0.1945250558	0	0.001672538	0.003415129	0.003901433	0	0	0.001849687	0	0	0.0009999814	0.0002715178	0	0	0.0009203019	0.0176622	0.01869044	0.236829	0	0	0.01233446	0.0009332895	0.002721275	0	0	0	0	0	0.002267607	0	0	0	0	0	0	0	0.001267083	0	0.0001671682	0	0	0	0.0002715178	0	0	0.0048261509	0	0.002291432	0	0	0	0	0	0	0	0	0	0	0	0	0	0	0	0	0	0	0	0	0	0	0	0	0	0	0	0	0	0	0	0	0	0	0	0	0	0	0	0	0	0	0	0	0	0	0	0	0	0	0	0	0	0	0	0	0	0	0	0	0	0	0	0	0	0	0	0	0	0	0	0	0	0	0	0	0	0	0	0	0	0	0	0	0	0	0	0	0	0	0	0	0	0	0	0	0	0	0	0	0	0	0	0	0	0	0	0	0	0	0	0	0	0	0	0	0	0	0	0	0	0	0	0	0	0	0	0	0	0	0	0	0	0	0	0	0	0	0	0	0	0	0	0	0	0	0	0	0	0	0	0	0	0	0	0	0	0	0	0	0	0	0	0	0	0	0	0	0	0	0	0	0	0	0	0	0	0	0	0	0	0	0	0	0	0	0	0	0	0	0	0	0	0	0	0	0	0	0	0	0	0	0	0	0	0	0	0	0	0	0	0	0	0	0	0	0	0	0	0	0	0	0	0	0	0	0	0	0	0	0	0	0	0	0	0	0	0	0	0	0	0	0	0	0	0	0	0	0	0	0	0	0	0	0	0	0	0	0	0	0	0	0	0	0	0	0	0	0	0	0	0	0	0	0	0	0	0	0	0	0	0	0	0	0	0	0	0	0	0	0	0	0	0	0	0	0	0	0	0	0	0	0	0	0	0	0	0	0	0	0	0	0	0	0	0	0	0	0	0	0	0	0	0	0	0	0	0	0	0	0	0	0	0	0	0	0	0	0	0
Algae_SAUR-A	0.105109237	0.002896595	0.0003742124	0	0	0	0.0002937375	0.002879965	0.008112504	0	0	0	0	0	0	0	0	0	0	0.0004278624	0.0002937375	0	0.000117495	0.001292445	0.004318067	0	0	0.00352109	0	0	0	0.0006041049	0	0.006754877	0.060148173	0.001501947	0.001357627	0	0	0	0	0	0	0	0	0	0.1393503445	0.0007701523	0.0005772799	0	0.002517285	0	0	0	0	0	0	0.0004112325	0	0.03269144	0	0	0	0.001127735	0	0	0	0	0	0	0	0	0	0	0.000171145	0	0.0005134349	0	0	0	0	0	0	0	0.06713645	0.007592635	0	0.006049907	0	0.0114434	0	0	0	0.003324457	0	0	0.00023499	0	0	0	0	0	0	0	0	0	0	0	0	0	0	0	0	0	0	0.0021648	0	0	0	0.01463749	0.001111105	0.00124523	0.003510895	0	0.002639877	0.0005134349	0	0	0.0005287275	0	0.00023499	0.000171145	0	0.000171145	0	0.0001762425	0.00023499	0.0003473875	0	0	0	0	0.005127663	0	0.02499418	0	0	0.007327059	0.01335524	0.001527435	0.00171145	0	0	0	0.005226105	0.0818635247	0.001255425	0.00046998	0.0006845798	0.003094565	0	0	0.01242547	0	0.001454732	0.000352485	0	0	0	0	0.008191642	0.01145869	0.2321415	0	0	0.003955387	0.0002567174	0.0005990074	0	0	0	0	0	0.02960732	0	0	0	0	0.000117495	0	0	0.0001762425	0	0.002357672	0	0	0	0.0001762425	0	0	0.0475696018	0	0.0009195699	0	0	0	0	0	0	0	0	0	0	0	0	0	0	0	0	0	0	0	0	0	0	0	0	0	0	0	0	0	0	0	0	0	0	0	0	0	0	0	0	0	0	0	0	0	0	0	0	0	0	0	0	0	0	0	0	0	0	0	0	0	0	0	0	0	0	0	0	0	0	0	0	0	0	0	0	0	0	0	0	0	0	0	0	0	0	0	0	0	0	0	0	0	0	0	0	0	0	0	0	0	0	0	0	0	0	0	0	0	0	0	0	0	0	0	0	0	0	0	0	0	0	0	0	0	0	0	0	0	0	0	0	0	0	0	0	0	0	0	0	0	0	0	0	0	0	0	0	0	0	0	0	0	0	0	0	0	0	0	0	0	0	0	0	0	0	0	0	0	0	0	0	0	0	0	0	0	0	0	0	0	0	0	0	0	0	0	0	0	0	0	0	0	0	0	0	0	0	0	0	0	0	0	0	0	0	0	0	0	0	0	0	0	0	0	0	0	0	0	0	0	0	0	0	0	0	0	0	0	0	0	0	0	0	0	0	0	0	0	0	0	0	0	0	0	0	0	0	0	0	0	0	0	0	0	0	0	0	0	0	0	0	0	0	0	0	0	0	0	0	0	0	0	0	0	0	0	0	0	0	0	0	0	0	0	0	0	0	0	0	0	0	0	0	0	0	0	0	0	0	0	0	0	0	0	0	0	0	0	0	0	0	0	0	0	0	0	0	0	0	0	0	0	0	0	0	0	0	0	0	0	0	0	0	0	0	0	0	0	0
Algae_SEIS-A	0.187165786	0.0002155753	5.389383e-05	0	0	0	0	0.001693913	0.01069982	0	0.001000937	0	0.01343185	0	0	0	0	0	0.00124346	0	0.001038187	0	0.0001077877	0.02365238	0	0	0	0.001086162	0	0	0	0.0001077877	0	0.008976558	0.104711908	0.07081549	0	0	0	0	0	0	0	0	0	0	0.0068590836	0.001039962	8.084074e-05	0	0.00478383	0	0	0	0	0.001677255	0	0.009123632	0	0.004576805	0	0	0	0	0.005390683	0.001097999	0	0	0	0	0	0	0	0	0.0005583824	0.0001077877	0	0.002590436	0	0	0	0	0	0	0.0422245	0.1180574	0	0.03917909	0	0.01890003	0	0	5.389383e-05	0.001400857	0	0	0.0001616815	0	0	0	0	0	0	0	0	0.001768885	0	0.001634433	0.0004695519	0	0	0	0	0.0004364954	0	0	0	0	0	0.06977645	0.003756724	0.00301581	0.0002037385	0	0.002541591	0	0	0	0.001804346	0	0	0	0	0	0	0	0	0.000674351	0	0	0	0	0.0009660507	0.003036506	5.389383e-05	0	0	0.001206988	0.03392759	0.002479116	0.005196365	0	0	0	0.001332723	0.0358945725	0	0	0	0.0004317789	0	0	0.0005573218	0	0	0.001369539	0.0001966182	0	0	0.0003044058	0.01568175	0.0003276969	0.1109035	0	0	0	0.0007362346	0.0002774589	0	0	0	0	0	0	0	5.389383e-05	0	0	0	0	0.0009071079	0.0002398772	0	0	0	0	0	0	0	0	0.0139709668	0	0	0	0	0	0	0	0	0	0	0	0	0	0	0	0	0	0	0	0	0	0	0	0	0	0	0	0	0	0	0	0	0	0	0	0	0	0	0	0	0	0	0	0	0	0	0	0	0	0	0	0	0	0	0	0	0	0	0	0	0	0	0	0	0	0	0	0	0	0	0	0	0	0	0	0	0	0	0	0	0	0	0	0	0	0	0	0	0	0	0	0	0	0	0	0	0	0	0	0	0	0	0	0	0	0	0	0	0	0	0	0	0	0	0	0	0	0	0	0	0	0	0	0	0	0	0	0	0	0	0	0	0	0	0	0	0	0	0	0	0	0	0	0	0	0	0	0	0	0	0	0	0	0	0	0	0	0	0	0	0	0	0	0	0	0	0	0	0	0	0	0	0	0	0	0	0	0	0	0	0	0	0	0	0	0	0	0	0	0	0	0	0	0	0	0	0	0	0	0	0	0	0	0	0	0	0	0	0	0	0	0	0	0	0	0	0	0	0	0	0	0	0	0	0	0	0	0	0	0	0	0	0	0	0	0	0	0	0	0	0	0	0	0	0	0	0	0	0	0	0	0	0	0	0	0	0	0	0	0	0	0	0	0	0	0	0	0	0	0	0	0	0	0	0	0	0	0	0	0	0	0	0	0	0	0	0	0	0	0	0	0	0	0	0	0	0	0	0	0	0	0	0	0	0	0	0	0	0	0	0	0	0	0	0	0	0	0	0	0	0	0	0	0	0	0	0	0	0	0	0	0	0	0	0	0	0	0	0	0	0	0
Algae_SIMO-A	0.149866936	0.002583176	0	0	0	0	0	0	0.0005428145	9.046908e-05	0	0	0	0	0	0	0	0	0	0	0	0	0.0004391359	0.0008006128	0.007583627	0	0.0002261727	0.0009409291	0	0	0	0.00049758	0	0.001673279	0.091543741	0.0003166418	0.001873032	0.0007749928	0	0	0	0	0	0	0	0	0.0047928642	0.001756544	0.005265015	9.046908e-05	0.002918362	0.0001014868	0	0.0001357036	0	0.0004199209	0	0.005054438	0	0.005314331	0	0	0	0	0.0001357036	0	0	0	0.0003294518	0	0	0	0	0	0	0	0.0007229538	0	0.0001032791	0	0	0	0	0	0.04741741	0.0009766707	0	0.02093257	0.0001032791	0.00211882	0.0002261727	0	0	0.006303353	0	0	0.001052406	0	0	0	0	0.0002389827	0.00049758	0	0	0.0004327309	0	0	0	0	0.0003618763	0	0	0	0.0001809382	0.0001032791	0	0	0	0.007133098	0.00322887	0.001298193	0.003846353	0	0.00185843	0.0007745933	0	0	0.002775434	0	0	0.0002065582	0	0	0	0.0003166418	0.004348122	0	0	0	0	0.0002065582	0.008280731	0.0002261727	0.1156234	0.0001032791	0	0.01547497	0.007272386	0.001756943	0.002279744	0	0	0.001078825	0.007159989	0.0311349141	0.001704105	0.0003618763	0	0.0001032791	0	0	0.370465	0	0.0009303109	0	0.000588049	0.0001809382	0	0.0002970273	0.002754621	0.005004035	0.01038857	0	0	0.005157161	0	0.00049758	0	0	0.0001357036	0	0	0	0	0	0	0	0	0	0	0.005872088	0	0.001166702	0	0	0	0.0001357036	0.0002714072	0	0.0087346986	0	0.0009239059	0.0001032791	0	0	0	0	0	0	0	0	0	0	0	0	0	0	0	0	0	0	0	0	0	0	0	0	0	0	0	0	0	0	0	0	0	0	0	0	0	0	0	0	0	0	0	0	0	0	0	0	0	0	0	0	0	0	0	0	0	0	0	0	0	0	0	0	0	0	0	0	0	0	0	0	0	0	0	0	0	0	0	0	0	0	0	0	0	0	0	0	0	0	0	0	0	0	0	0	0	0	0	0	0	0	0	0	0	0	0	0	0	0	0	0	0	0	0	0	0	0	0	0	0	0	0	0	0	0	0	0	0	0	0	0	0	0	0	0	0	0	0	0	0	0	0	0	0	0	0	0	0	0	0	0	0	0	0	0	0	0	0	0	0	0	0	0	0	0	0	0	0	0	0	0	0	0	0	0	0	0	0	0	0	0	0	0	0	0	0	0	0	0	0	0	0	0	0	0	0	0	0	0	0	0	0	0	0	0	0	0	0	0	0	0	0	0	0	0	0	0	0	0	0	0	0	0	0	0	0	0	0	0	0	0	0	0	0	0	0	0	0	0	0	0	0	0	0	0	0	0	0	0	0	0	0	0	0	0	0	0	0	0	0	0	0	0	0	0	0	0	0	0	0	0	0	0	0	0	0	0	0	0	0	0	0	0	0	0	0	0	0	0	0	0	0	0	0	0	0	0	0	0	0	0	0	0	0	0	0	0	0	0	0	0	0	0	0	0	0	0	0	0	0	0	0	0	0	0	0	0	0	0	0	0	0	0	0	0	0	0	0
Algae_SORE-A	0.161238672	0.001681347	0.001077924	0	0	0	0	0.002149725	0.005587306	0	0	0	0	0	0	0	0	0	0	0.0001655546	0	0.0005236063	0.0002720923	0.0003362211	0.003751496	0	0	0.001378908	0	0	0	5.388512e-05	0	0.008548157	0.059820706	0.002422443	0.00210682	0.0001616554	0	0	0	0	0	0	0.0009164703	0	0.0169671049	0.01111717	0.0006275881	0	0.007520618	0	0	0.0005749157	0	0	0	0.002961385	0	0.02979374	0	0	0	0	0.0007681497	0	0	0	5.388512e-05	0	0	0	0	0	0	0	5.388512e-05	0	0.0001077702	0	0	0	0	5.388512e-05	0.04170241	0.01505162	0	0.03910759	0.0001309243	0.01353081	0	0	0	0.00392091	0	0	0.003043921	0	0	0	0	0	0	0.0002791736	0	0.0005479731	0	0	0	0	0	0	0	0	0	0.002210215	0	0	0.0001309243	0.01244363	0.006363503	0.001341116	0.009418339	0	0.002110589	0	0	0	0.004554237	0	0	0.0001116695	0	0	0	0	0.00153034	8.082768e-05	0.0002425938	0	0	0	0.003933614	0	0.01330933	5.388512e-05	0	0.00550951	0.04270024	0.0003771958	0.009859839	0	5.388512e-05	0	0.006176365	0.0791362743	0.0009728204	0.000302217	0.0005532156	0.0004671454	0	0.0005884522	0.008867353	0	0	0.0003350084	0	0	0	0.0001116695	0.04400717	0.005538038	0.2411149	0	0	0.00320021	0	0.0001077702	0	0	0	0	0	0.03053647	0	0	0	0	0	0	0	0.0008578778	0	0.004873557	0	0	0	8.082768e-05	0	0	0.0142657565	0	0.001463009	0	0	0	0	0	0	0	0	0	0	0	0	0	0	0	0	0	0	0	0	0	0	0	0	0	0	0	0	0	0	0	0	0	0	0	0	0	0	0	0	0	0	0	0	0	0	0	0	0	0	0	0	0	0	0	0	0	0	0	0	0	0	0	0	0	0	0	0	0	0	0	0	0	0	0	0	0	0	0	0	0	0	0	0	0	0	0	0	0	0	0	0	0	0	0	0	0	0	0	0	0	0	0	0	0	0	0	0	0	0	0	0	0	0	0	0	0	0	0	0	0	0	0	0	0	0	0	0	0	0	0	0	0	0	0	0	0	0	0	0	0	0	0	0	0	0	0	0	0	0	0	0	0	0	0	0	0	0	0	0	0	0	0	0	0	0	0	0	0	0	0	0	0	0	0	0	0	0	0	0	0	0	0	0	0	0	0	0	0	0	0	0	0	0	0	0	0	0	0	0	0	0	0	0	0	0	0	0	0	0	0	0	0	0	0	0	0	0	0	0	0	0	0	0	0	0	0	0	0	0	0	0	0	0	0	0	0	0	0	0	0	0	0	0	0	0	0	0	0	0	0	0	0	0	0	0	0	0	0	0	0	0	0	0	0	0	0	0	0	0	0	0	0	0	0	0	0	0	0	0	0	0	0	0	0	0	0	0	0	0	0	0	0	0	0	0	0	0	0	0	0	0	0	0	0	0	0	0	0	0	0	0	0	0	0	0	0	0	0	0	0	0	0	0	0	0	0	0	0	0	0	0	0	0	0	0	0	0	0	0
Algae_THOM-A	0.201215494	0.001564943	0.0003660919	0	0	0.0004697776	7.504127e-05	0.0003066751	0.002975847	0	0	0	0.0003552199	0	0	0	0.0002609876	0	0	0	0	0	0.000104395	0.001634827	0.000353563	0	0	0.005764886	0	0	0.000104395	0.00224723	0	0.002851161	0.124128946	0.01069498	0.0005482334	0.0008883714	0	0	0.0002609876	0	0	0	0	0	0.0107188084	0.0002626445	0.008156513	0	0.0366779	0	0	0.0005521904	0	0	0	0.01905051	0	0.002054656	0	0	0	0.001489598	0.000166112	0	0	0	0.0005317989	0	0	0	0.0002251238	0	0.0001876032	0	0.0006862435	0	0	0	0	0	0	0.001188536	0.01754528	0.009146003	0	0.04179118	0	0.005740386	0.000842836	0	0	0.006818351	0	0	0.002096843	0	0	0	0	0.0001125619	0	0	0	0.0001500825	0	0	0	0	0	0	0	0	0	0.0007422458	0	0	0.000104395	0.01261519	0.005011125	0.003659638	0.005727417	0	0.00615825	0.0004942783	0	0	0.002787601	0	0	0	0	0	0	6.171697e-05	0.001156578	6.171697e-05	7.504127e-05	0	0	0	0.01611646	0.0003376857	0.01608759	0	0	0.01816441	0.01947024	0.0002087901	0.004635123	0	0	9.257545e-05	0.00997032	0.0768710455	0.001637481	7.504127e-05	0	0.01110297	0	9.257545e-05	0.04504491	0	0	0.0007422458	0.0003001651	0.0003630825	0	0.000104395	0.01640421	0.007142916	0.09967652	0	0	0.001743837	0.0008228496	0.0003817164	0	0	0	0	0	0.02430006	0	0	0	0	0	0	0	0.03539688	0	0.002223829	0	0.0001984752	0	0.0002160094	0	0	0.0273261594	0	0.0007304263	0	0	0	0	0	0	0	0	0	0	0	0	0	0	0	0	0	0	0	0	0	0	0	0	0	0	0	0	0	0	0	0	0	0	0	0	0	0	0	0	0	0	0	0	0	0	0	0	0	0	0	0	0	0	0	0	0	0	0	0	0	0	0	0	0	0	0	0	0	0	0	0	0	0	0	0	0	0	0	0	0	0	0	0	0	0	0	0	0	0	0	0	0	0	0	0	0	0	0	0	0	0	0	0	0	0	0	0	0	0	0	0	0	0	0	0	0	0	0	0	0	0	0	0	0	0	0	0	0	0	0	0	0	0	0	0	0	0	0	0	0	0	0	0	0	0	0	0	0	0	0	0	0	0	0	0	0	0	0	0	0	0	0	0	0	0	0	0	0	0	0	0	0	0	0	0	0	0	0	0	0	0	0	0	0	0	0	0	0	0	0	0	0	0	0	0	0	0	0	0	0	0	0	0	0	0	0	0	0	0	0	0	0	0	0	0	0	0	0	0	0	0	0	0	0	0	0	0	0	0	0	0	0	0	0	0	0	0	0	0	0	0	0	0	0	0	0	0	0	0	0	0	0	0	0	0	0	0	0	0	0	0	0	0	0	0	0	0	0	0	0	0	0	0	0	0	0	0	0	0	0	0	0	0	0	0	0	0	0	0	0	0	0	0	0	0	0	0	0	0	0	0	0	0	0	0	0	0	0	0	0	0	0	0	0	0	0	0	0	0	0	0	0	0	0	0	0	0	0	0	0	0	0	0	0	0	0	0	0	0
Algae_VALE-A	0.120767448	0.003490278	0	0	0	0	0	0.0003073345	0.001909085	0	0.0002357379	0	0	0.001098915	0	0	0	0.0002214104	0	0.001164731	0	0.0001010305	0.001055174	0.0006030675	0.009828636	0	0.0005438513	0.004944141	0	0	0	0.002942553	0	0.005333157	0.155827701	0.0004230819	0.001952396	0.001854112	0	0	0	0	0	0	0	0	0.0216302884	0.04159006	0.008109724	0.0002214104	0.01584238	0	0	0.0005581788	0	0	0	0.003573496	0	0.01585046	0	0	0.0007346594	6.735367e-05	0	0	0	0	6.735367e-05	0.0001683842	0	0	0.0001199904	0	0	0.0001010305	0.001359802	0	0	0	0	0.0003321156	0.0001799856	0.0001347073	0.1008545	0.005095513	0	0.006845869	0	0.01610673	0.0003146929	0.0001683842	0	0.004507552	0	0	0.003045161	0	0	0	0	6.735367e-05	0	0	0	0.0001347073	0	0	0.0001683842	0	0	0	0	0	0	0.001685728	0	0	0.0003561177	0.005517795	0.001034676	0.00172869	0.005462433	0	0.006131337	0.003443052	0	0	0.00945401	0	0.0006448818	0.0001873441	0	0	0	0.0003321156	0.005801169	0.0003746881	0.0003073345	0	0	6.735367e-05	0.005471881	0	0.01679417	0.0002214104	0	0.01576992	0.005175288	0.003064592	0.008898209	0	0	0	0.009648302	0.0556119623	0.002369308	0.0004428208	0	0.003649356	0	0	0.01365226	0	0.001324178	0.0005628112	0.0008856415	0	0	0.0002357379	0.00258377	0.01475232	0.1425048	0	0	0.01485723	0	0	0	0	0	0	0	0.01951334	0	0	0	0	0	0	0	0.02180767	0	0.004043804	0	0	0	0.0001799856	0	0	0.0302740032	0	0.0006224169	0	0	0	0	0	0	0	0	0	0	0	0	0	0	0	0	0	0	0	0	0	0	0	0	0	0	0	0	0	0	0	0	0	0	0	0	0	0	0	0	0	0	0	0	0	0	0	0	0	0	0	0	0	0	0	0	0	0	0	0	0	0	0	0	0	0	0	0	0	0	0	0	0	0	0	0	0	0	0	0	0	0	0	0	0	0	0	0	0	0	0	0	0	0	0	0	0	0	0	0	0	0	0	0	0	0	0	0	0	0	0	0	0	0	0	0	0	0	0	0	0	0	0	0	0	0	0	0	0	0	0	0	0	0	0	0	0	0	0	0	0	0	0	0	0	0	0	0	0	0	0	0	0	0	0	0	0	0	0	0	0	0	0	0	0	0	0	0	0	0	0	0	0	0	0	0	0	0	0	0	0	0	0	0	0	0	0	0	0	0	0	0	0	0	0	0	0	0	0	0	0	0	0	0	0	0	0	0	0	0	0	0	0	0	0	0	0	0	0	0	0	0	0	0	0	0	0	0	0	0	0	0	0	0	0	0	0	0	0	0	0	0	0	0	0	0	0	0	0	0	0	0	0	0	0	0	0	0	0	0	0	0	0	0	0	0	0	0	0	0	0	0	0	0	0	0	0	0	0	0	0	0	0	0	0	0	0	0	0	0	0	0	0	0	0	0	0	0	0	0	0	0	0	0	0	0	0	0	0	0	0	0	0	0	0	0	0	0	0	0	0	0	0	0	0	0	0	0	0	0	0	0	0	0	0	0	0	0	0	0
Algae_VICT-C	0.207622171	0.001456835	0.0002342298	0	0	0	0	0.0003859216	0.007712713	0	0	0	0	0	0	0	0	0	0	0.001443664	0.002742836	0.0005483208	0	0	0.0004342918	0	0	0.001259966	0	0	0	0.001182267	0	0.009755736	0.046411719	0.09405701	0.003039225	0.00037131	0	0	0	0	0	0	0	0	0.0152592184	0	0.002156337	9.138679e-05	0.2382481	0	0	0	0	0	0	0.001971504	0	0.007702427	0	0	9.138679e-05	0.0007741109	0.00354484	0	0	0	5.145621e-05	0.0001286405	0	0	9.138679e-05	0	0	0	0	0	9.138679e-05	0	0	0	0.0001029124	0.0001029124	0.0100613	0.009328153	0	0.01595697	9.035872e-05	0.008328021	0	0	0	0.004607413	0	0	0.0006833448	0	0	0	0	0	0	0.0007850176	9.138679e-05	0.001234752	0	0	0	0	0	0	0	0	0	0.002372553	0	0	0	0.004942823	0.005493198	0.0006711985	0.005354347	0	0.004063527	0.0004574498	0	0	0.001770926	0	0	0.000142843	0	0	0	0	0	0	0	0	0	0	0.0005483208	0	0.04836716	0	0	0.006340876	0.01236399	0	0.03239866	0	0	0.0003513447	0.00269313	0.0285959047	0.002710141	0.0003056513	0.002661945	0.0003087373	0	0.001563758	0.01132673	0	0.0006812887	0.00539233	0	0	0	0	0.01421414	0.002336944	0.08319001	0	0	0.002348167	0	0.0001355381	0	0	0	0.0002258968	0	0.007622046	0	0	0	0	0	9.138679e-05	0	0.003205528	0	0.0005199158	0	0	0	0	0	0	0.0035853843	0	0.0004132985	0	0	0	0	0	0	0	0	0	0	0	0	0	0	0	0	0	0	0	0	0	0	0	0	0	0	0	0	0	0	0	0	0	0	0	0	0	0	0	0	0	0	0	0	0	0	0	0	0	0	0	0	0	0	0	0	0	0	0	0	0	0	0	0	0	0	0	0	0	0	0	0	0	0	0	0	0	0	0	0	0	0	0	0	0	0	0	0	0	0	0	0	0	0	0	0	0	0	0	0	0	0	0	0	0	0	0	0	0	0	0	0	0	0	0	0	0	0	0	0	0	0	0	0	0	0	0	0	0	0	0	0	0	0	0	0	0	0	0	0	0	0	0	0	0	0	0	0	0	0	0	0	0	0	0	0	0	0	0	0	0	0	0	0	0	0	0	0	0	0	0	0	0	0	0	0	0	0	0	0	0	0	0	0	0	0	0	0	0	0	0	0	0	0	0	0	0	0	0	0	0	0	0	0	0	0	0	0	0	0	0	0	0	0	0	0	0	0	0	0	0	0	0	0	0	0	0	0	0	0	0	0	0	0	0	0	0	0	0	0	0	0	0	0	0	0	0	0	0	0	0	0	0	0	0	0	0	0	0	0	0	0	0	0	0	0	0	0	0	0	0	0	0	0	0	0	0	0	0	0	0	0	0	0	0	0	0	0	0	0	0	0	0	0	0	0	0	0	0	0	0	0	0	0	0	0	0	0	0	0	0	0	0	0	0	0	0	0	0	0	0	0	0	0	0	0	0	0	0	0	0	0	0	0	0	0	0	0	0	0
Algae_VICT-D	0.374178849	0.004005898	0.0006096904	0	0	0	0	0.003119496	0.0094758	0	0	0	0.001252673	0	0	0	0	0	0	0	0.0009647265	0	0.0001204819	0.0008659227	0.002436267	0	0	0.007006043	0	0	0	0.001536253	0	0.005154994	0.077284051	0.01395621	0	0	0	0	0	0	0	0	0	0	0.0119191652	0	0.00090205	0.0003871634	0.09032715	0	0	8.032129e-05	0	0	0	0.005347372	0	0.002238699	0	0	0	0	0.0007615075	0	0	0	0.0009583107	0	0	0	0	0	0.001453516	0	0	0	0	0	0	0	0.0001606426	0.001611364	0.01309728	0.01587241	0	0.02060745	0	0.01821734	0	0	0	0.002961636	0	0.0001204819	0.01254748	0	0	0	0	0	0	0.0006659116	0	0.005083661	0	0.0002120778	0	0	0	0	0	0	0	0.004319562	0	0	5.301946e-05	0.00408115	0.01772132	0.00561165	0.001315796	0	0.01321005	0.0003578647	0	0	0.0008394191	0	0	0.0005277454	0	0	0	8.032129e-05	0	0	0	0	0	0	0	0	0.005193112	0	0	0.01196144	0.01128021	0	0.0227535	0	0	0	0.0007574741	0.0591927307	0	0.0004932023	0.0005839728	0.004109141	0	0	0.0002650973	0	0	0.000320493	0	0.001007303	0	0	0.01565706	0.008566457	0.09028392	0	0	0.0007856014	0.001026565	0.00130769	0	0	0	0	0	8.032129e-05	0	0	0	0	0.0002666815	0.0001204819	0	0.0005036515	0	0.0003727204	0	0.002854025	0	0	0	0	0.0042043307	0	0.0004345653	0	0	0	0	0	0	0	0	0	0	0	0	0	0	0	0	0	0	0	0	0	0	0	0	0	0	0	0	0	0	0	0	0	0	0	0	0	0	0	0	0	0	0	0	0	0	0	0	0	0	0	0	0	0	0	0	0	0	0	0	0	0	0	0	0	0	0	0	0	0	0	0	0	0	0	0	0	0	0	0	0	0	0	0	0	0	0	0	0	0	0	0	0	0	0	0	0	0	0	0	0	0	0	0	0	0	0	0	0	0	0	0	0	0	0	0	0	0	0	0	0	0	0	0	0	0	0	0	0	0	0	0	0	0	0	0	0	0	0	0	0	0	0	0	0	0	0	0	0	0	0	0	0	0	0	0	0	0	0	0	0	0	0	0	0	0	0	0	0	0	0	0	0	0	0	0	0	0	0	0	0	0	0	0	0	0	0	0	0	0	0	0	0	0	0	0	0	0	0	0	0	0	0	0	0	0	0	0	0	0	0	0	0	0	0	0	0	0	0	0	0	0	0	0	0	0	0	0	0	0	0	0	0	0	0	0	0	0	0	0	0	0	0	0	0	0	0	0	0	0	0	0	0	0	0	0	0	0	0	0	0	0	0	0	0	0	0	0	0	0	0	0	0	0	0	0	0	0	0	0	0	0	0	0	0	0	0	0	0	0	0	0	0	0	0	0	0	0	0	0	0	0	0	0	0	0	0	0	0	0	0	0	0	0	0	0	0	0	0	0	0	0	0	0	0	0	0	0	0	0	0	0	0	0	0	0	0	0	0	0
Algae_VIEL-A	0.039887778	0.0025616	0	0	0	0	0	0.001097829	0.005733106	0	0	0	0	0	0	0	0	0	0	0	0.0004879239	0.0002439619	0	0.0003659429	0.00378141	0	0	0.002195657	0	0	0	0.0008538668	0	0.004147353	0.089046109	0.005489144	0.0002439619	0	0	0	0	0	0	0	0	0	0.0326909002	0.04269334	0.0002439619	0	0.001097829	0	0	0	0	0	0	0.009636497	0	0.006464991	0	0	0	0.0002439619	0.0004879239	0	0	0	0	0	0	0	0	0	0	0	0	0	0	0	0	0	0	0	0.2847036	0.004513296	0	0.008294706	0	0	0	0	0	0.002073677	0	0	0.0004879239	0	0	0	0	0	0	0	0	0.007928763	0	0	0	0	0	0	0	0	0	0	0	0	0	0.0628202	0.009148573	0	0.01402781	0	0.006464991	0.0002439619	0	0	0.00121981	0	0	0	0	0	0	0	0.00121981	0	0.0002439619	0	0	0	0.002927543	0	0.009148573	0	0	0.0173213	0.01658941	0.02366431	0.003293486	0	0	0.001097829	0.008660649	0.0701390583	0.0007318858	0	0	0.0002439619	0	0	0.01610149	0	0	0	0	0	0.0002439619	0	0.005123201	0.009514516	0.1146621	0	0	0.003659429	0	0	0	0	0	0	0	0.001585753	0	0	0	0	0	0	0	0.0006099049	0	0.0006099049	0	0	0	0	0	0	0.0407416443	0	0.0002439619	0	0	0	0	0	0	0	0	0	0	0	0	0	0	0	0	0	0	0	0	0	0	0	0	0	0	0	0	0	0	0	0	0	0	0	0	0	0	0	0	0	0	0	0	0	0	0	0	0	0	0	0	0	0	0	0	0	0	0	0	0	0	0	0	0	0	0	0	0	0	0	0	0	0	0	0	0	0	0	0	0	0	0	0	0	0	0	0	0	0	0	0	0	0	0	0	0	0	0	0	0	0	0	0	0	0	0	0	0	0	0	0	0	0	0	0	0	0	0	0	0	0	0	0	0	0	0	0	0	0	0	0	0	0	0	0	0	0	0	0	0	0	0	0	0	0	0	0	0	0	0	0	0	0	0	0	0	0	0	0	0	0	0	0	0	0	0	0	0	0	0	0	0	0	0	0	0	0	0	0	0	0	0	0	0	0	0	0	0	0	0	0	0	0	0	0	0	0	0	0	0	0	0	0	0	0	0	0	0	0	0	0	0	0	0	0	0	0	0	0	0	0	0	0	0	0	0	0	0	0	0	0	0	0	0	0	0	0	0	0	0	0	0	0	0	0	0	0	0	0	0	0	0	0	0	0	0	0	0	0	0	0	0	0	0	0	0	0	0	0	0	0	0	0	0	0	0	0	0	0	0	0	0	0	0	0	0	0	0	0	0	0	0	0	0	0	0	0	0	0	0	0	0	0	0	0	0	0	0	0	0	0	0	0	0	0	0	0	0	0	0	0	0	0	0	0	0	0	0	0	0	0	0	0	0	0	0	0	0	0
Algae_VILLE-A	0.448569054	0.003401714	5.317593e-05	0	0	0.0005015045	0	0.0002177973	0.001781258	0	0.0001089752	0	0.003179873	0	0	0	7.97639e-05	0	0	0	0	0.0002275362	0.00130192	0.0003633235	9.676601e-05	0	0	0.001599487	0	0	0	0.001341395	0	0.005802436	0.107136063	0.01593412	0.002316619	0	0	0	0	0	0	0	0	0	0.0064737435	0.0001961554	0.002673723	0.001035215	0.02544083	0	0	0.0003944803	0	5.317593e-05	0	0.005489381	0	0.007343287	0	0	0	0	0	0	0	0	0.0002082115	0.0001329398	4.359008e-05	0	0	0	0.002240976	9.676601e-05	0.0002177973	0	0	0	0.0002924676	0	7.97639e-05	0.0004838301	0.01110407	0.004978958	0	0.04002211	0.0001743603	0.01508396	0	0	0	0.01003558	0.0001114454	4.359008e-05	0.002532465	0	0	0.000343474	0	0	0	0	0	0.0006125783	0	0	4.359008e-05	0	0	0	0	0	0.0002392917	0.003571128	0	5.317593e-05	0.0004110287	0.004140511	0.004390203	0.002879759	0.008274314	0	0.005784986	0.0005638946	0	0	0.003532184	0	0.0001743603	0.0003678923	0	0	0	0.0001114454	0.001481598	0	0	5.317593e-05	0	0	0.0005062264	0	0.03065782	5.317593e-05	0	0.01256371	0.009356355	0	0.004879651	0	0	0	0.01111124	0.0499612548	0.0002658797	0.001178489	0.0002228909	0.0005686875	0	7.97639e-05	0.01563331	0	0.004238528	0.0004790371	0.0001983249	8.718016e-05	0.0001114454	0.001454862	0.01444249	0.007090808	0.0448979	0	0	0.004071436	0.001043085	0.0005086201	0	0	0	0	8.718016e-05	0.001079253	0	0	0	0	4.359008e-05	0.0005153585	0	0.01132108	0	0.0009248955	0	0	0	0.0004014428	6.538512e-05	0	0.0011324346	0	0.0007429713	0	0	0	0	0	0	0	0	0	0	0	0	0	0	0	0	0	0	0	0	0	0	0	0	0	0	0	0	0	0	0	0	0	0	0	0	0	0	0	0	0	0	0	0	0	0	0	0	0	0	0	0	0	0	0	0	0	0	0	0	0	0	0	0	0	0	0	0	0	0	0	0	0	0	0	0	0	0	0	0	0	0	0	0	0	0	0	0	0	0	0	0	0	0	0	0	0	0	0	0	0	0	0	0	0	0	0	0	0	0	0	0	0	0	0	0	0	0	0	0	0	0	0	0	0	0	0	0	0	0	0	0	0	0	0	0	0	0	0	0	0	0	0	0	0	0	0	0	0	0	0	0	0	0	0	0	0	0	0	0	0	0	0	0	0	0	0	0	0	0	0	0	0	0	0	0	0	0	0	0	0	0	0	0	0	0	0	0	0	0	0	0	0	0	0	0	0	0	0	0	0	0	0	0	0	0	0	0	0	0	0	0	0	0	0	0	0	0	0	0	0	0	0	0	0	0	0	0	0	0	0	0	0	0	0	0	0	0	0	0	0	0	0	0	0	0	0	0	0	0	0	0	0	0	0	0	0	0	0	0	0	0	0	0	0	0	0	0	0	0	0	0	0	0	0	0	0	0	0	0	0	0	0	0	0	0	0	0	0	0	0	0	0	0	0	0	0	0	0	0	0	0	0	0	0	0	0	0	0	0	0	0	0	0	0	0	0	0	0	0	0	0	0	0	0	0	0	0	0	0	0	0	0	0	0	0	0	0	0	0
Algae_VILLE-B	0.270475351	0.001718917	0	0	4.975619e-05	0.0004025857	0	0.004247107	0.003528893	0	0	0	0.0003246898	0	0	0	0	0	0	0	0.0008375962	3.31708e-05	3.31708e-05	0	0.000338415	0	0	0.002155858	0	0	8.186991e-05	0	0	0.006777933	0.058512718	0.02728943	0.001953184	9.951239e-05	0	0	0	0	0	0	0	0	0.0158386677	0.001387407	0.001638991	0	0.01236899	0	0	0.0006396285	0	0	0	0.01073699	0	0.001858618	0	0	0	0.0001910767	0	0	0	0	6.634159e-05	0.0003285367	0	0	0	0	0	0	0	0	0	0	0	0	6.634159e-05	0.0006358951	0.006160653	0.02438099	0	0.01277805	8.186991e-05	0.01107091	0	0	0	0.007452168	0	0	0.001918139	0	0	0	0	0	0	0	0	0.003624897	0	0	0	0	0	6.634159e-05	0	0	0	0.0005645928	0	0	0	0.02263701	0.02860568	0.004729646	0.009390867	0	0.002432722	0.0001433075	0	9.951239e-05	0.00198138	0	0.0004776918	0	0	0.0001433075	0	0	0.0002866151	4.975619e-05	9.553836e-05	0.0001637398	0	0	0.005993613	0	0.006922213	9.951239e-05	0	0.01662315	0.04311963	0.001401202	0.04600324	0	0.0001160978	0.001554445	0.00965464	0.0876212415	0.0006800013	0.0005851522	6.634159e-05	0.0004796788	0	0.001332171	0.001467403	0	0	0.0007703814	0	0.0001891465	0	0.0001482115	0.02853373	0.006378797	0.07643254	0	0	0.003998664	0.0004975619	0.001782526	0	0	0	0	0	0.08628067	0	0	0	0	0	0	4.975619e-05	0.001234462	0	0.000538313	0	8.292699e-05	0	0.0002466668	0	0	0.0043136733	0	0.0008492209	0	0	0	0	0	0	0	0	0	0	0	0	0	0	0	0	0	0	0	0	0	0	0	0	0	0	0	0	0	0	0	0	0	0	0	0	0	0	0	0	0	0	0	0	0	0	0	0	0	0	0	0	0	0	0	0	0	0	0	0	0	0	0	0	0	0	0	0	0	0	0	0	0	0	0	0	0	0	0	0	0	0	0	0	0	0	0	0	0	0	0	0	0	0	0	0	0	0	0	0	0	0	0	0	0	0	0	0	0	0	0	0	0	0	0	0	0	0	0	0	0	0	0	0	0	0	0	0	0	0	0	0	0	0	0	0	0	0	0	0	0	0	0	0	0	0	0	0	0	0	0	0	0	0	0	0	0	0	0	0	0	0	0	0	0	0	0	0	0	0	0	0	0	0	0	0	0	0	0	0	0	0	0	0	0	0	0	0	0	0	0	0	0	0	0	0	0	0	0	0	0	0	0	0	0	0	0	0	0	0	0	0	0	0	0	0	0	0	0	0	0	0	0	0	0	0	0	0	0	0	0	0	0	0	0	0	0	0	0	0	0	0	0	0	0	0	0	0	0	0	0	0	0	0	0	0	0	0	0	0	0	0	0	0	0	0	0	0	0	0	0	0	0	0	0	0	0	0	0	0	0	0	0	0	0	0	0	0	0	0	0	0	0	0	0	0	0	0	0	0	0	0	0	0	0	0	0	0	0	0	0	0	0	0	0	0	0	0	0	0	0	0	0	0	0	0	0	0	0	0	0	0	0	0	0	0	0	0	0	0
Algae_VILLE-C	0.147858814	0.00191876	0	0	0	0	0	0.004944366	0.004629119	0	0	0	0	0	0	0	0	0	0	0	0.001571938	0.0005500198	0.0002537197	0.001088428	0.0006871223	0	0	0.001112357	0	0	0.0006136243	0.0004865272	0	0.007253338	0.047955497	0.006008872	0	0	0	0	0	5.105036e-05	0	0	0	0	0.0101644005	0	0.0008197881	0.000108737	0.3279885	3.624567e-05	0	0.0006105468	0	0	0	0.004800136	0	0.01666456	0	0	0	9.677263e-05	0.01217933	0	0	0	5.436851e-05	0	0	0	0	0	0	0	0	0	0	0	0	0	0.0001993512	0.001831752	0.01543381	0.03207262	0	0.004280796	0.0001235417	0.01900982	0	0	0	0.001202669	0	9.061418e-05	0.0003566508	0	0	0	0	0	0	0.0003573525	0	0.003704387	0	0	0	0	0	0	0	0	0	0.009599885	0	0	0	0.01692538	0.008735272	0.0008018415	0.002958208	0	0.01432313	0.0001993512	0	0	0.0002042014	0	0	3.624567e-05	0	0	0	0	0	3.624567e-05	0.0002176503	0	0	0	0.0001935453	0.0001451589	0.006374853	0	0	0.01290549	0.0280374	0	0.01594761	0	0	0	0.001050284	0.0321187124	0.002210986	0.0004293184	9.061418e-05	0.00173622	0	0.0007857929	0.0001531511	0	0.0008225674	0.001646552	0	7.249135e-05	0	5.105036e-05	0.01229388	0.00400049	0.1005988	0	0	0.0007257947	0.0009920686	0.002152635	0	0	0	0	0	0.02776773	0	0	0	0	0	0	0	0.007541514	0	0.0003566508	0	0	0	3.624567e-05	0	0	0.0051980042	0	0.0003566508	0	0	0	0	0	0	0	0	0	0	0	0	0	0	0	0	0	0	0	0	0	0	0	0	0	0	0	0	0	0	0	0	0	0	0	0	0	0	0	0	0	0	0	0	0	0	0	0	0	0	0	0	0	0	0	0	0	0	0	0	0	0	0	0	0	0	0	0	0	0	0	0	0	0	0	0	0	0	0	0	0	0	0	0	0	0	0	0	0	0	0	0	0	0	0	0	0	0	0	0	0	0	0	0	0	0	0	0	0	0	0	0	0	0	0	0	0	0	0	0	0	0	0	0	0	0	0	0	0	0	0	0	0	0	0	0	0	0	0	0	0	0	0	0	0	0	0	0	0	0	0	0	0	0	0	0	0	0	0	0	0	0	0	0	0	0	0	0	0	0	0	0	0	0	0	0	0	0	0	0	0	0	0	0	0	0	0	0	0	0	0	0	0	0	0	0	0	0	0	0	0	0	0	0	0	0	0	0	0	0	0	0	0	0	0	0	0	0	0	0	0	0	0	0	0	0	0	0	0	0	0	0	0	0	0	0	0	0	0	0	0	0	0	0	0	0	0	0	0	0	0	0	0	0	0	0	0	0	0	0	0	0	0	0	0	0	0	0	0	0	0	0	0	0	0	0	0	0	0	0	0	0	0	0	0	0	0	0	0	0	0	0	0	0	0	0	0	0	0	0	0	0	0	0	0	0	0	0	0	0	0	0	0	0	0	0	0	0	0	0	0	0	0	0	0	0	0	0	0	0	0	0	0	0	0	0	0	0	0	0
Algae_VILLE-D	0.19389763	0.002177023	0.0005895668	0	0	0	0	0.002613007	0.003641477	0	0.0001279468	0	0	0	0	0	0	0	0	0	0.0003418963	0.0002558935	0.001834946	0.0007084234	0.0006252314	0	0	0.001770286	0	0	6.397339e-05	0.0002239069	0	0.01492978	0.114044956	0.03741144	0.0003090329	0	0	0	0	0	0	0	0	0	0.009790976	0	0.004231841	6.397339e-05	0.1248574	0	0	0.0002239069	0	0	0	0.007662347	0	0.009802772	0	0	0	0	0.005139324	0	0	0	0	0.001435027	0	0	0	0	0.0002674273	0.0001599335	0	0	0	0	0	0	0	0.0007285283	0.01259204	0.02489946	0	0.02228697	0.0001961172	0.03015793	0	5.94283e-05	0	0.007380528	0	0	0.002324179	0	0	0	0	0	0	0	0	0.002425938	0	0	0.0001069748	0	0	0	0	0	0.0001531158	0.004080659	0	0	0	0.01594138	0.01336568	0.001176703	0.005967007	0	0.006399377	0.0001485707	8.914245e-05	0	0.0004044643	0	0	0.0005091665	0	0	0	9.596008e-05	0	9.596008e-05	6.397339e-05	0	0	0	0.000207999	0.0001599335	0.02640536	0	0	0.009623858	0.02439573	0	0.01550846	0	0.0001604621	0	0.004331122	0.038831269	0.0004021918	0	0	0.001265865	0	0.002006066	0.002107271	0	0.0009118774	0.001275813	6.397339e-05	0	0	8.914245e-05	0.02219678	0.005779974	0.1089274	0	0	0.001640415	0.002319463	0.003160236	0	0	0	0	6.397339e-05	0.02384993	0	0	0	0	0	0	0	0.008361633	0	0.0008844453	0	0	0	0.0004222966	6.397339e-05	0	0.0027749747	0	0.0009574993	0	0	0	0	0	0	0	0	0	0	0	0	0	0	0	0	0	0	0	0	0	0	0	0	0	0	0	0	0	0	0	0	0	0	0	0	0	0	0	0	0	0	0	0	0	0	0	0	0	0	0	0	0	0	0	0	0	0	0	0	0	0	0	0	0	0	0	0	0	0	0	0	0	0	0	0	0	0	0	0	0	0	0	0	0	0	0	0	0	0	0	0	0	0	0	0	0	0	0	0	0	0	0	0	0	0	0	0	0	0	0	0	0	0	0	0	0	0	0	0	0	0	0	0	0	0	0	0	0	0	0	0	0	0	0	0	0	0	0	0	0	0	0	0	0	0	0	0	0	0	0	0	0	0	0	0	0	0	0	0	0	0	0	0	0	0	0	0	0	0	0	0	0	0	0	0	0	0	0	0	0	0	0	0	0	0	0	0	0	0	0	0	0	0	0	0	0	0	0	0	0	0	0	0	0	0	0	0	0	0	0	0	0	0	0	0	0	0	0	0	0	0	0	0	0	0	0	0	0	0	0	0	0	0	0	0	0	0	0	0	0	0	0	0	0	0	0	0	0	0	0	0	0	0	0	0	0	0	0	0	0	0	0	0	0	0	0	0	0	0	0	0	0	0	0	0	0	0	0	0	0	0	0	0	0	0	0	0	0	0	0	0	0	0	0	0	0	0	0	0	0	0	0	0	0	0	0	0	0	0	0	0	0	0	0	0	0	0	0	0	0	0	0	0	0	0	0	0	0	0	0	0	0	0	0	0	0	0	0	0
Algae_VILLEM-A	0.101243451	0.003516169	0.0003678161	0	0	0	0	0.009726806	0.02640398	0	0	0	0	0	0	0	0	0	0	0	0.001962031	0	0.000969791	0.003827996	0.0008195706	0	0	0.007036469	0	0	0.0001042481	0.0004975986	0	0.02729534	0.055343076	0.002231622	0	0	0	0	0	0	0	0	0	0	0.0175215227	0.0002850898	0.0001563722	0.000183908	0.001093431	0	0	0	0	0	0	0.01292539	0.000183908	0.009022979	0	0	0	0.0001900599	0.00518818	0	0	0	0.000183908	0	0	0	0	0	0.000199278	0	0	0.0001563722	0	0	0	0	0	0	0.003510944	0.06064101	0	0.007487396	0	0.04327965	0	0	0	0.0009166021	0	0	0.002073249	0	0	0	0	0	0	0	0	0.006203526	0	0	0	0	0	0	0	0	0	0.003276795	0	0	0.0005252627	0.00529	0.03903721	0.003758353	0.001178287	0	0.006775849	0	0	0	0	0	0	0	0	0	0	0	0	6.335329e-05	0.0003147554	0	0	0	0.001036102	0	0	0	0	0.002682303	0.04418795	0.0002217365	0.03983725	0.0005763123	0.0005212406	0.0004659219	0.0003678161	0.1190969338	0.0001267066	0.0004691165	0.0001563722	0.001641143	0	0.001068962	0.0003985561	0	0	0.0009604446	0	0	0	0	0.06025056	0.006192595	0.2186818	0	0	9.502993e-05	0.000838007	0.00091258	0	0	0	0	0	0.02173347	0	0	0	0	0	0	0	0	0	0.002953216	0	0	0	0.000183908	0	0	0.0006652095	0	0.0007101074	0	0	0	0	0	0	0	0	0	0	0	0	0	0	0	0	0	0	0	0	0	0	0	0	0	0	0	0	0	0	0	0	0	0	0	0	0	0	0	0	0	0	0	0	0	0	0	0	0	0	0	0	0	0	0	0	0	0	0	0	0	0	0	0	0	0	0	0	0	0	0	0	0	0	0	0	0	0	0	0	0	0	0	0	0	0	0	0	0	0	0	0	0	0	0	0	0	0	0	0	0	0	0	0	0	0	0	0	0	0	0	0	0	0	0	0	0	0	0	0	0	0	0	0	0	0	0	0	0	0	0	0	0	0	0	0	0	0	0	0	0	0	0	0	0	0	0	0	0	0	0	0	0	0	0	0	0	0	0	0	0	0	0	0	0	0	0	0	0	0	0	0	0	0	0	0	0	0	0	0	0	0	0	0	0	0	0	0	0	0	0	0	0	0	0	0	0	0	0	0	0	0	0	0	0	0	0	0	0	0	0	0	0	0	0	0	0	0	0	0	0	0	0	0	0	0	0	0	0	0	0	0	0	0	0	0	0	0	0	0	0	0	0	0	0	0	0	0	0	0	0	0	0	0	0	0	0	0	0	0	0	0	0	0	0	0	0	0	0	0	0	0	0	0	0	0	0	0	0	0	0	0	0	0	0	0	0	0	0	0	0	0	0	0	0	0	0	0	0	0	0	0	0	0	0	0	0	0	0	0	0	0	0	0	0	0	0	0	0	0	0	0	0	0	0	0	0	0	0	0	0	0	0	0	0	0	0	0	0	0
Allocasuarina littoralis_ancient	0	0.000357152	0	0	0	0	0	0	0	0	0	0	3.84246e-05	0.000102280903333333	0	0	0.0001147197	0	0	0	0	0.000153698366666667	9.298e-05	0.0020671027	0.000340893836666667	0	0	0.000384246	0	0	0	2.54317033333333e-05	0	7.19217033333333e-05	0.0769263233333333	0	0.000230547566666667	0	0	0	0	0	0	0	0	0	0.00388407543333333	0.000102280903333333	0.00289162566666667	0.000315462133333333	0.0521267466666667	0	0	0	0	0.000238612966666667	0	0.00142866723333333	0	0.00902496966666667	0	0	0	0.000268972133333333	2.54317033333333e-05	0	0	0	0.0001778946	0.002212976	0	0	0	0	0	0.4275925246	2.54317033333333e-05	8.49146e-05	0	0	0	7.68492e-05	0.000102280903333333	3.84246e-05	0.00257204466666667	0.000515096433333333	0	0.00252887913333333	0	0.000955133133333333	0	8.9288e-05	0	0.00726710066666667	0	0	0.0006985999	0	0	0	0	0	0	0	0	0.00219795346666667	0	0	6.38563033333333e-05	0	0	0	0.0005324628	0	0	0	0	0	0.000115273766666667	0.00767442233333333	0.023518188	0.000153698366666667	0.0029113357	0	0.0005745794	0.000281410966666667	0	0	0.000609866036666667	0	0	3.84246e-05	0	0	0	0	6.38563033333333e-05	0.000371253036666667	0	0	0	0	0.000332828436666667	6.38563033333333e-05	0.000166137166666667	0	0	0.0113514873333333	0.004114182	0.007306883	0.05294892	0	0	0.00124202573333333	8.9288e-05	0.0557626225	0.000489110633333333	0	0	0.0002076997	0	0.000115273766666667	0.00216033766666667	0	7.68492e-05	0.00626664133333333	0	8.49146e-05	0	0	0.0016872304	0.0004804912	0.0105559056666667	0.000230547566666667	0	0.0244720063333333	0.04249083	0.019276741	0	0	0	0	0	3.84246e-05	0	0	0	0	0	0	0.000102280903333333	0.000212627166666667	0	0.00021755467	0	0	0	0	0	0	0.0087844344	0	0.00021755467	0	0	0	0	0	3.84246e-05	0	0	0	0	0	0	0	0	0	3.84246e-05	0	0	0	0	0	0	0	0	0	0	0	0.011511594	0	0	7.62951e-05	0	0	0	0	0	0	0	0	0	0	0	0	0	0	0	0	0	0.1015329886	0	0	0	0	0	0	0	0	0	0	0	0	0	0	0	0	0	0	0	0	0	0	0	0	0	0	0	0	0	0	0	0	0	0	0	0	0	0	0	0	0	0	0	0	0	0	0	0	0	0	0	0	0	0	0	0	0	0	0	0	0	0	0	0	0	0	0	0	0	0	0	0	0	0	0	0	0	0	0	0	0	0	0	0	0	0	0	0	0	0	0	0	0	0	0	0	0	0	0	0	0	0	0	0	0	0	0	0	0	0	0	0	0	0	0	0	0	0	0	0	0	0	0	0	0	0	0	0	0	0	0	0	0	0	0	0	0	0	0	0	0	0	0	0	0	0	0	0	0	0	0	0	0	0	0	0	0	0	0	0	0	0	0	0	0	0	0	0	0	0	0	0	0	0	0	0	0	0	0	0	0	0	0	0	0	0	0	0	0	0	0	0	0	0	0	0	0	0	0	0	0	0	0	0	0	0	0	0	0	0	0	0	0	0	0	0	0	0	0	0	0	0	0	0	0	0	0	0	0	0	0	0	0	0	0	0	0	0	0	0	0	0	0	0	0	0	0	0	0	0	0	0	0	0	0	0	0	0	0	0	0	0	0	0	0	0	0	0	0	0	0	0	0	0	0	0	0	0	0	0	0	0	0	0	0	0	0	0	0	0	0
Allocasuarina littoralis_freshwaterRd	0	0.00027552325	0	0	0	0	0	4.7542075e-05	0.0007973824	0	0	0	0.005700634	0	0	0	9.508415e-05	0	0	0	0.00032306535	0.00062667235	0.0001804391	0.0040052665	0.00051102605	0	0	0.0008449244	0	0	0	3.78129e-05	0	0.0009400084	0.24550731	0.0008071115	0.0008082155	0	0	0	0	0	0	0	0	0.0074712175	0.0077989029	7.56258e-05	0.010610995	0.000303607	0.0215071665	0	4.7542075e-05	0	0	0.0002657941	0	0.011509473	0	0.0009411124	0	0	0	8.5354975e-05	0.0008643826	4.7542075e-05	0	0	0.0011852405	0.0026428978	0	0	0	0	0.0001901683	0.040669635	0.0001426262	8.5354975e-05	0	0	0	0	0.0001426262	0.00013289705	0.00899947	0.006906436	0	0.0112402875	0	0.0030491105	0.0001901683	0	0	0.0136045561	0	0	0.0015775136	0	0	0	0.000123167875	0	0	0	0	0.0019675797	0	4.7542075e-05	0	0	0	0	0	0	0	4.7542075e-05	0	0	0	0.0070185665	0.038687675	0.003184215	0.0019103086	0	0.0010350929	0	0	0	0.00050240065	0	0	0	0	0	0	0	4.7542075e-05	0.0007584656	0	0	0	4.7542075e-05	0.0009021955	4.7542075e-05	4.7542075e-05	0	0	0.0069453545	0.0123129855	0.10719199	0.050573523	0	0	0.000760673	0.0009032995	0.09998428015	3.78129e-05	0	0	0.0021197301	0	3.78129e-05	0.00023771035	0	0	0.0013256591	0.000123167875	0	0	0.0021188313	0.007117166	0.0008460284	0.03154884	0.000522963	0	0.0005985888	0.08191365	0.0014240545	0	0	0	0	0.0004840461	0	0	0	0	0	0	0	9.508415e-05	9.508415e-05	0	0.00013289705	0	0	0	0	0	0	0.07063524115	0	3.78129e-05	0	0	4.7542075e-05	0	0	0	0	0	0	0	0	0	0	0	0	0.0002279812	0	0	0	0	0	0	0	0	0	0	0	0.0110383866	0	0	4.7542075e-05	4.7542075e-05	0	0	0	0	0	0	0	0	0	0	0	0	0	0	0	0	0.03829609575	0	0	0	0	0	0	0	0	0	0	0	0	0	0	0	0	0	0	0	0	0	0	0	0	0	0	0	0	0	0	0	0	0	0	0	0	0	0	0	0	0	0	0	0	0	0	0	0	0	0	0	0	0	0	0	0	0	0	0	0	0	0	0	0	0	0	0	0	0	0	0	0	0	0	0	0	0	0	0	0	0	0	0	0	0	0	0	0	0	0	0	0	0	0	0	0	0	0	0	0	0	0	0	0	0	0	0	0	0	0	0	0	0	0	0	0	0	0	0	0	0	0	0	0	0	0	0	0	0	0	0	0	0	0	0	0	0	0	0	0	0	0	0	0	0	0	0	0	0	0	0	0	0	0	0	0	0	0	0	0	0	0	0	0	0	0	0	0	0	0	0	0	0	0	0	0	0	0	0	0	0	0	0	0	0	0	0	0	0	0	0	0	0	0	0	0	0	0	0	0	0	0	0	0	0	0	0	0	0	0	0	0	0	0	0	0	0	0	0	0	0	0	0	0	0	0	0	0	0	0	0	0	0	0	0	0	0	0	0	0	0	0	0	0	0	0	0	0	0	0	0	0	0	0	0	0	0	0	0	0	0	0	0	0	0	0	0	0	0	0	0	0	0	0	0	0	0	0	0	0	0	0	0	0	0	0	0	0	0	0	0
Allocasuarina littoralis_yellowsand	0	0.001038826	0	0	0	0	0	0	0.000296000733333333	0	0	0	0.00102177190666667	0	0	0.000119860966666667	0.000417411433333333	0	0	0	4.31220333333333e-05	0.000615462833333333	4.7524e-05	0.0037892732	0.000424665633333333	0	0	0.000888102066666667	0	0	0	2.996524e-05	0	0.0002923491	0.205556564	0.000331819473333333	0.00045768124	0	0	0	0	0	0	0	0	0.00102542363333333	0.0069349309	0.000522566033333333	0.006703764	0.000372739666666667	0.08155148	0	0	7.748924e-05	0	0.000348677033333333	0	0.00502706233333333	0	0.007739123	0	0	0	8.98957333333333e-05	0.000116209306666667	0	0	0	0.000638075573333333	0.004121687	0	0	0	0	0	0.0125373353333333	0.000119860966666667	0	0	5.99304666666667e-05	0	0.00012501324	0.000107454466666667	7.30872733333333e-05	0.0171884166666667	0.001423874	0	0.0048483612	0	0.0008157144	0	5.99304666666667e-05	0	0.00497287466666667	0	0	0.000532870433333333	0	0	0.000107454466666667	0	0	0	4.7524e-05	0	0.00296670073333333	0	0	8.98957333333333e-05	0	2.996524e-05	0	0.000280742033333333	0	0	0	0	0	0.000167384966666667	0.0111554183333333	0.02725817	0.000370588633333333	0.00412288953333333	0	0.000652731366666667	0.000274839433333333	0	0	0.000592050666666667	0	0	7.748924e-05	0	0	0	0	7.748924e-05	0.000330367966666667	0	0	0	0	0.000623516466666667	0.000377141633333333	0.000487646466666667	0	0	0.014535114	0.0127895973333333	0.0610844166666667	0.0669458433333333	0	0	0.0025735502	0.000519713633333333	0.141677449566667	0.000554831166666667	0	0	0.00134858476666667	0	0.000137419733333333	0.00154673433333333	0	0	0.004900182	2.996524e-05	0.000142572	0	0	0.002893119	0.00297261566666667	0.03309669	0.000379392566666667	0	0.00721520586666667	0.0999496513333333	0.0141781835	0	0	0	0	0.0001293661	0	0	0	0	0	0	0	0	2.996524e-05	0	0.000377141633333333	0	0	0	0	0	0	0.0546885801	0	0.000287996233333333	0	4.7524e-05	4.31220333333333e-05	0	0	7.748924e-05	0	0	0	0	0	0	0	0	0	2.996524e-05	0	0	0	0	0	0	0	0	0	0	0	0.019423232	0	0	5.99304666666667e-05	0	0	0	2.996524e-05	0	0	0	0	0	0	0	0	0	0	0	0	0	0.0317106555666667	0	0	0	0	0	0	0	0	0	0	0	0	0	0	0	0	0	0	0	0	0	0	0	0	0	0	0	0	0	0	0	0	0	0	0	0	0	0	0	0	0	0	0	0	0	0	0	0	0	0	0	0	0	0	0	0	0	0	0	0	0	0	0	0	0	0	0	0	0	0	0	0	0	0	0	0	0	0	0	0	0	0	0	0	0	0	0	0	0	0	0	0	0	0	0	0	0	0	0	0	0	0	0	0	0	0	0	0	0	0	0	0	0	0	0	0	0	0	0	0	0	0	0	0	0	0	0	0	0	0	0	0	0	0	0	0	0	0	0	0	0	0	0	0	0	0	0	0	0	0	0	0	0	0	0	0	0	0	0	0	0	0	0	0	0	0	0	0	0	0	0	0	0	0	0	0	0	0	0	0	0	0	0	0	0	0	0	0	0	0	0	0	0	0	0	0	0	0	0	0	0	0	0	0	0	0	0	0	0	0	0	0	0	0	0	0	0	0	0	0	0	0	0	0	0	0	0	0	0	0	0	0	0	0	0	0	0	0	0	0	0	0	0	0	0	0	0	0	0	0	0	0	0	0	0	0	0	0	0	0	0	0	0	0	0	0	0	0	0	0	0	0	0	0	0	0	0	0	0	0	0	0	0	0	0	0	0	0	0	0	0
arabidopsis_thaliana_CAS	0	1.03596107518797e-05	5.45463728822055e-05	0	0	0	0	0	0.00650401719047619	0	5.18295488721804e-06	0	0.0182440415340351	5.32198947619048e-05	0	0	0.000190433917744361	0	0	0	0.000301541576190476	0.00182703051478697	7.15388721804511e-07	0.00113899252726817	6.93160947368421e-06	0.000839436392481203	0	1.77848031829574e-05	0	0	0.000232365243984962	0	0	0.000422991086892231	0.134948977799499	0	6.0597504160401e-05	0	0	0	0	0	0	0	0	0.00827102541779449	0.00408508994210526	0	0.0705389878453634	0	0.000996344323433584	0.0607152236967419	0	0.00377369540225564	0	9.96698521303258e-05	0	0.0158487964611529	8.19834335839599e-07	0.00126581779453634	7.2624335839599e-07	0	0	0	0	1.14073586466165e-05	0	0	2.62367516290727e-05	0.00031759060235589	0	1.19889238095238e-06	0	0	0.00887391697994988	0.00646211806894737	2.71552255639098e-05	0	0	0	0	0	0.00131071126315789	0.000155190213458647	0	0.0062776058556391	0	0.00195315337448622	0.000137515618045113	0.00107642272082707	3.12151398746867e-05	0.00152821815631579	0	0.00157071104385965	0	0	0.000333607202406015	0	0.000574875156691729	0	0.000224388613533835	0	1.93979628822055e-05	0	0	1.07289147869674e-06	0	0.00063810703433584	5.02196857142857e-05	0.0030161978073183	0	0	0	0	0	0	0	0	2.25152230576441e-06	0.00955159474726817	0.00586608531802005	0.0015909378358396	0.000196201167593985	0	0.000573842920225564	0	0	0	0.00025671769320802	0	0	6.9348295914787e-05	0	0	0	0	8.52030451879699e-05	0.000527359100401003	6.57315598997494e-06	1.85579719047619e-05	0	0	0.000659615853934837	0	3.20275629072682e-06	0.000174716802280702	0	0.00927841520516291	0.0304935575447118	0.00221176523130326	0.113324807608521	0	0.00115068453734336	0	0.000581932405313283	0.0456712907952381	1.84722530576441e-05	0.00161283912932331	0	0.00217003990899749	0.000230603486165414	0.000102012489749373	5.05519246616541e-05	0	0	0.00075662752481203	3.09608793483709e-05	0	0	0.00010886977245614	0.00565048076842105	0.000743277867969925	0.0155743386964912	0	0	0.00206486647368421	0.342684214258145	0.00960733051869674	0	3.72411287969925e-05	0	0	0.00121835108421053	0.000416159343684211	0	0	0	0	0.000338928277694236	0	5.72302525814536e-05	4.23561578947368e-05	0.000131121691278195	5.0302794160401e-05	0	0	0.00159705057716792	0.00122685544531328	0	0.000611677181704261	0.0109066621591479	1.67263906015038e-05	8.14483762406015e-05	0	7.2624335839599e-07	0	0	0	0	0	0	0	0	0	0	0	0	0	0	0	0	0	0	0	4.65692007518797e-06	0	0	0	0	0	0.00367230356365915	0	0	1.03232223057644e-05	0	0	0	0	0	0	0	0	0	0	5.63410906015038e-05	0	0	0	0	0	0.000125159402005013	0.00650424380726817	0	0	0	7.21339859649123e-06	0	0	0	0	0	0	0	0	0	0	0	0	0	0	2.6960437443609e-05	0	0	0	0	0	0	5.17108733333333e-05	0	0	0	0	0	0.000206672473433584	0	0	0	0	0	0	0	0	0.000137930871453634	0.00141009103548872	0	0	0	2.16532541102757e-05	0	1.54848771929825e-05	0	0	4.27484085213033e-06	0	0	0	0	0	7.03800501253133e-07	0	7.12758754385965e-06	0	0	0	2.18953015037594e-05	0	0	0	0	0	0	0	0	0	0	0	0	0	2.35529666666667e-05	6.91858242606516e-05	1.44806572932331e-05	0.000126042555438596	1.73441552130326e-05	0.000449335724561404	3.23780802005013e-06	0.000957043630050125	1.76260960651629e-05	5.28345991478697e-05	2.5597720802005e-05	3.1210305037594e-05	5.47382400250627e-05	0.000239651904736842	0.000119904509473684	0	0	0	5.38123724310777e-06	0	0	1.50510974937343e-06	0	0	0	0	0	0	0	0	0	0	0	0	0	0	0	0	0	0	0	0	0	0	0	0	0	0	0	0	0	0	0	0	0	0	0	0	0	0	0	0	0	0	0	0	0	0	0	0	0	0	0	0	0	0	0	0	0	0	0	0	0	0	0	0	0	0	0	0	0	0	0	0	0	0	0	0	0	0	0	0	0	0	0	0	0	0	0	0	0	0	0	0	0	0	0	0	0	0	0	0	0	0	0	0	0	0	0	0	0	0	0	0	0	0	0	0	0	0	0	0	0	0	0	0	0	0	0	0	0	0	0	0	0	0	0	0	0	0	0	0	0	0	0	0	0	0	0	0	0	0	0	0	0	0	0	0	0	0	0	0	0	0	0	0	0	0	0	0	0	0	0	0	0	0	0	0	0	0	0	0	0	0	0	0	0	0	0	0	0	0	0	0	0
arabidopsis_thaliana_HAS	0	0	5.71460724489796e-05	0	0	0	0	0	0	0	0	0	3.21443836734694e-05	4.11977591836735e-05	0	0	0.000268813446938776	0	0	0	0	0.000848552410612245	0	0.00181574018571429	8.2614112244898e-07	0.00079692907244898	0	0	0	0	0.000157878214081633	0	0	0.000243672067346939	0.180901539765306	0	4.56725701020408e-05	0	0	0	0	0	0	0	0	0.0156675833112245	0.00130852116530612	0	0.0935596390816327	0	0.00128526765642857	0	0	0.0023326729377551	0	0.000113115994897959	0	0.0107744896836735	0	0.00182050360816327	0	0	0	0	0	7.86614897959184e-06	0	0	0	5.54741395918367e-05	0	0	0	0	0	0.0100166549561224	0	0	0	0	0	0	0.00162496001938776	0	0	0.00261532159591837	0	0.00162182285408163	1.00363316326531e-05	0.00124715793234694	3.48728901020408e-05	0.00113825874357143	0	0.00207719725510204	0	0	7.28336857142857e-05	0	4.6465041122449e-05	0	0	0	0	0	0	0	0	0	4.73509959183673e-05	0.00227771435306122	0	0	0	0	0	0	0	0	0	0.0110029746153061	0.00650862708061224	0	0.000296340605102041	0	0.000786537022653061	0	0	0	0.000202963028265306	0	0	0.000138353193877551	0	0	0	0	4.52727065306122e-05	0.000625042936530612	0	0	0	0	0.000283891791530612	0	0	1.91977265306122e-05	0	0.0102394486081633	0.0316848724591837	0.00252397300714286	0.116826956428571	0	0.0015023954122449	0	2.29591523469388e-05	0.0244718733326531	8.66197448979592e-06	0	0	0	0.00032758497244898	0.000215649740816327	3.43448214285714e-05	0	0	0	0	0	0	1.52277040816327e-06	0.00451676587040816	0.000753568131020408	0.0151864183877551	0	0	0.00189261275918367	0.403563354795918	0.0115850399795918	0	0	0	0	0	0.000682781648979592	0	0	0	0	1.16426663265306e-05	0	1.89761930612245e-05	6.19872102040816e-05	0.000168104608367347	3.91733387755102e-05	0	0	0.00162807828244898	0.00109580531857143	0	0	0.0105556400989796	0	0.000124643715612245	0	0	0	0	0	0	0	0	0	0	0	0	0	0	0	0	0	0	0	0	0	0	0	0	0	0	0	0.000770109563265306	0	0	1.28766224489796e-06	0	0	0	0	0	0	0	0	0	0	0	0	0	0	0	0	0	0	0	0	0	1.09748846938776e-05	0	0	0	0	0	0	0	0	0	0	0	0	0	0	0	0	0	0	0	0	0	0	0	0	0	0	0	0	0	0	0	0	0	0	0	0	0	0.00188836249897959	0	0	0	0	0	3.77393979591837e-06	0	0	0	0	0	0	0	0	0	0	0	0	0	0	0	0	0	0	0	0	0	0	0	0	0	0	0	0	2.31324887755102e-05	7.31243295918367e-05	9.60061326530612e-06	0.000337333454081633	1.53575714285714e-06	0.000612132018367347	0	0.00107095805816327	5.83387704081633e-05	5.64321306122449e-05	1.894635e-05	3.78323173469388e-05	6.95450176530612e-05	0.000217405556122449	0.000119244017346939	0	0	0	0	0	0	0	0	0	0	0	0	0	0	0	0	0	0	0	0	0	0	0	0	0	0	0	0	0	0	0	0	0	0	0	0	0	0	0	0	0	0	0	0	0	0	0	0	0	0	0	0	0	0	0	0	0	0	0	0	0	0	0	0	0	0	0	0	0	0	0	0	0	0	0	0	0	0	0	0	0	0	0	0	0	0	0	0	0	0	0	0	0	0	0	0	0	0	0	0	0	0	0	0	0	0	0	0	0	0	0	0	0	0	0	0	0	0	0	0	0	0	0	0	0	0	0	0	0	0	0	0	0	0	0	0	0	0	0	0	0	0	0	0	0	0	0	0	0	0	0	0	0	0	0	0	0	0	0	0	0	0	0	0	0	0	0	0	0	0	0	0	0	0	0	0	0	0	0	0	0	0	0	0	0	0	0	0	0	0	0	0	0	0	0	0	0	0	0	0
At_FR1	0	0	0	0	0	0	0	0	0.003494412871	3.285797e-05	0	0	0.0002784104	4.926796e-07	0	0.000562561642	0	0	0	0.00140493002	0.000569787259	0.00093572684	5.89301463e-05	0.0185881835	0	1.10644228e-05	0	0.00078207135	0	0	0.0063722174	0	0	0	0.1967909488	0.000205556923	0.0047943161	0	0	0.000271728031	0	0	0	0	0	2.4025764e-05	0.01254516707	0.000327278642	0.0183154713	8.1063515e-06	0.0239793338	0	0	0.0095410823	0	1.344682e-05	0	0.0024765988	3.5270349e-06	0.0136822896	0.00050313641	7.540753e-07	0	0	5.87691217e-05	0	0	0	0.000266504878	0.0037939727	2.514625e-06	0	0	0	0.000487935799	0	0.000300197167	4.115622e-06	0	0	0	0	0.000149761852	0.000976154794	0.00246351668	0.00209957115	0	0.008567757	0.0103994337	0.00157515514	0	0.0001171202292	0	0	0	2.274696e-06	0.0021630148	3.48287518e-05	0.00071289152	0	6.075591e-06	0	3.3701011e-06	0.000227902607	0	0.00288939792	1.027813e-06	0.00082074378	0	0	3.8099227e-05	5.79568247e-05	6.23573615e-05	0	3.8597365e-06	0.000116074865	0	0.0001074510985	0.000600709869	0.0169717875	0.037104086	0.000416937008	0.0065213279	0	0.0238170727	0	2.257689e-06	0.0030807827	8.2516556e-05	8.228173e-07	0.000521328035	0.000361137526	1.18635717e-05	0	0	2.22330075e-05	0.00115980602	0	5.0766078e-06	6.2192324e-05	0	0	0.00204333925	0	0.000167936187	0.003952637	0	0	0.0116077643	0.028008201	0.098472034	0	0.0043005505	0.000884501209	0.00175002088	0.08312609831	0.000267441853	0.000242249871	2.52478252e-05	0.000358053893	0.00131270778	0.00166632918	0.00163568378	0	0	0.0166572816	0.000297014979	0	0.00023948612	0.00073649025	0.0079605987	0.00161619103	0.0278704233	0.000235994844	0	0.0133951474	0.047394505	0.0033300394	1.1690141e-06	0	0	0	4.05411961e-05	0.00060497721	0	0	1.262931e-05	0	0.00310241114	5.5819209e-05	0	0.00159386922	0.0036329583	0.00126750199	0	0	0.0059637032	0	0	0	0.0263608489	0	0	1.72632526e-05	0	0	0	0	2.92620836e-05	0	9.714937e-06	0	0	0	0	0	0	0	0	2.4423229e-05	5.3652954e-06	0	0	0	0	0	0	0	0	0	0.0121613889	0	0	0	0	0	0	0	0	0	0	0	0	0	0.0445525537	2.331316e-06	0	0	0	0	0	0.05261683079	0	0.00281949934	9.280677e-06	0.00055605467	0	0	0.00326344933	0	2.3826479e-06	0	0	0	3.770377e-07	2.866943e-06	0	0	0	0	0.000837206	0	0.00046794942	0.000106234504	0	9.599535e-07	0.00878879395	0	0	0	9.3215427e-05	0	0	0.000275931602	0	0.00031956579	0.000641927111	0	0	0	0.01477531324	8.1999885e-05	0.000323929361	0.00191283392	0	0	0	0.00214962664	0.000507598904	0.00038505557	0.000289487531	3.5618504e-06	5.5846243e-06	6.19184053e-05	7.7091156e-05	0	2.261188e-06	0	0.000385385537	0.00304501385	0.00037194257	0	0	0	0	0	0	0	0	0	0	0	0	0	0	0	0	0	0	0	0	0	0	0	0	0	0	0	0	0	0	0	0	0	0	0	0	0	0	0	0	0	0	0	0	0	0	0	0	0	0	0	0	0	0	0	0	0	0	0	0	0	0	0	0	0	0	0	0	0	0	0	0	0	0	0	0	0	0	0	0	0	0	0	0	0	0	0	0	0	0	0	0	0	0	0	0	0	0	0	0	0	0	0	0	0	0	0	0	0	0	0	0	0	0	0	0	0	0	0	0	0	0	0	0	0	0	0	0	0	0	0	0	0	0	0	0	0	0	0	0	0	0	0	0	0	0	0	0	0	0	0	0	0	0	0	0	0	0	0	0	0	0	0	0	0	0	0	0	0	0	0	0	0	0	0	0	0	0	0	0	0	0	0	0	0	0	0	0	0	0	0	0	0	0	0	0	0	0	0	0	0	0	0	0	0	0	0	0	0	0	0	0	0	0	0	0	0	0	0	0	0	0	0	0	0	0	0	0	0	0	0	0
At_FR2	0	0	0	0	0	0	0	0	0.00044986815	1.908228e-05	0	3.4695055e-06	0.00025025905	1.485796e-05	0	0.003450261955	0	0	0	0.00258327	0.0007528099	0.0009210983	2.630159e-05	0.01897369	0	3.4695055e-06	0	0.0006560391	0	0	0.007667711	0	0	0	0.16125975	0.0004313774	0.004033695	0	0	0.00016813415	0	0	0	0	0	0	0.01250409775	6.6761495e-05	0.010413749	1.734753e-06	0.049764245	0	0	0.0072497235	0	4.9526525e-06	5.11774e-05	0.0031373065	3.3017685e-06	0.0051202575	0.0009710688	2.602129e-06	0	0	1.3207075e-05	0	0	0	0.0001426448	0.005726105	0	0	0	0	0.0005799283	0	0.00030490595	1.485796e-05	0	0	0	0	8.948321e-05	0.00030579765	0.00022241695	0.0024719255	0	0.0119360575	0.01799626	0.0025262035	0	3.4723745e-05	0	0	0	0	0.0024119685	1.3542545e-05	0.001159342	0	0	0	6.603535e-06	0.0002754946	0	0.0027356675	0	0.00037583	0	0	5.778095e-05	1.0408515e-05	8.25442e-06	0	0	5.7500655e-05	0	3.9899315e-05	0.0006181944	0.012729765	0.058345615	0.00023013725	0.009419616	0	0.02345873	0	0	0.0045396095	0.00014194735	0	0.000278204895	0.0001967311	2.602129e-06	0	0	4.292299e-05	0.0009448974	0	0	0.00011897401	0	0	0.0018569005	0	0.000155765805	0.005835278	0	0	0.01130248	0.04996528	0.08508803	0	0.007312298	0.000606892	0.00172466	0.07011832585	3.13668e-05	0.0002664611	6.6788e-05	0.00047340215	0.002128716	0.002634233	0.0015333825	0	0	0.0089781425	0.00102234105	0	0.000132684325	0.0006953423	0.01337859	0.00061968195	0.015099601	7.445531e-05	0	0.013093555	0.05274392	0.0036372095	0	0	0	0	6.071635e-06	0.0008250912	0	0	1.734753e-05	0	0.003043818	0.000115952565	0	0.00229463	0.008700102	0.001663434	0	0	0.0023140695	0	0	0	0.00865418475	0	0	1.485796e-05	0	0	0	0	4.74540975e-05	0	1.0856549e-05	0	0	0	0	0	0	0	0	0	4.9526525e-06	0	0	0	0	0	0	0	0	0	0.015221792	0	0	0	0	0	0	0	0	0	0	0	0	0	0.056669445	6.603535e-06	0	0	0	0	0	0.0731005323	0	0.00222540085	0	0.0007998468	0	0	0.0014891725	0	0	0	0	0	0	0	0	0	0	0	0.001677614	0	0.0007593317	0.00010895835	0	0	0.00502887155	0	0	0	0.00015434005	0	0	0.00014933	0	0.00015181954	0.0004903259	0	0	0	0.00019227947	1.701205e-05	0.00026469325	0.0027611635	0	0	0	0.0028418825	0.000694806	0.00054886825	0.00062265265	9.905305e-06	4.336882e-06	3.7297185e-05	7.778578e-05	0	1.650884e-05	0	0.0001911053	0.00360593525	0.0002508726	0	0	0	0	0	0	0	0	0	0	0	0	0	0	0	0	0	0	0	0	0	0	0	0	0	0	0	0	0	0	0	0	0	0	0	0	0	0	0	0	0	0	0	0	0	0	0	0	0	0	0	0	0	0	0	0	0	0	0	0	0	0	0	0	0	0	0	0	0	0	0	0	0	0	0	0	0	0	0	0	0	0	0	0	0	0	0	0	0	0	0	0	0	0	0	0	0	0	0	0	0	0	0	0	0	0	0	0	0	0	0	0	0	0	0	0	0	0	0	0	0	0	0	0	0	0	0	0	0	0	0	0	0	0	0	0	0	0	0	0	0	0	0	0	0	0	0	0	0	0	0	0	0	0	0	0	0	0	0	0	0	0	0	0	0	0	0	0	0	0	0	0	0	0	0	0	0	0	0	0	0	0	0	0	0	0	0	0	0	0	0	0	0	0	0	0	0	0	0	0	0	0	0	0	0	0	0	0	0	0	0	0	0	0	0	0	0	0	0	0	0	0	0	0	0	0	0	0	0	0	0	0
At_FR3	0	0	0	0	0	0	0	0	0.00035312035	0	7.53239e-06	0	0.001762235	0	0	3.44171625e-05	0	0	0	0.000172220517	0.000330991135	0.001105914775	9.85230175e-05	0.05899767925	0	0	0	0.0004134015	0	0	0.0024843545	0	0	0	0.18655242825	0.000265393175	0.00055186595	0	0	3.75162525e-05	0	0	0	0	0	0.00177333415	0.00644979935	0.0003816432	0.023384115	5.87712e-06	0.03219801	0	0	0.011179398	0	5.746786e-05	0	0.007322035	0	0.0108110335	0.001420358075	0	0	0	0	0	0	0	0.000610497225	0.00749764825	0	0	0	0	0.0004235492	0	0	0	0	0	0	0	0.001911165175	0.00083188981	0.0009618443	0.002481015	0	0.012283844	0.00420610325	0.00453505	0	8.59495325e-05	0	0	0	0	0.00229759825	3.91808e-06	0.000510745195	0	0	0	2.41085675e-05	4.122413e-05	0	0.00120769375	0	0.00026888725	0	0	0	1.37132825e-05	0.0001673277475	0	5.670155e-06	0.000117868275	0	0.00014558888	0.000178272675	0.00950479875	0.03096963	0.001101054025	0.003060741	0	0.056393395	0	0	0.00538366625	0.0006771333	0	0.000125378575	0.000129296675	0	0	0	9.792105e-06	0.00060332085	0	0	0	0	0	0.0037484915	0	0.000221577495	0.0029089781	0	0	0.0094307835	0.00962934775	0.029438075	0	0.00937409475	0.001312607125	0.00212441105	0.110116376125	0.000186795795	2.1549445e-05	0	3.6155475e-05	0.00331502	3.012955e-05	0.0004866387	0	0	0.000133400975	0.00075343205	0	7.9572725e-06	0.001729182325	0.00591384075	0.001380510225	0.0371587475	0.00056693142	0	0.00774414475	0.0775607975	0.003334101	4.7743625e-06	0	0	0	0.000112249775	0.00204990125	0	0	0.000186595405	0	0.001843486325	0	0	0.002875847325	0.000581192075	0.0001020607025	0	0	0.0029295915	0	0	0	0.03082300415	0	0	0	0	0	0	0	5.670155e-06	0	4.8976e-06	0	0	0	0	0	0	0	0	0	0	0	0	0	0	0	0	0	0	0	0.0298450575	0	0	3.97819325e-05	0	0	0	0	0	0	0	0	0	0	0.02025762375	0	0	0	0	0	0	0.067761188775	0	0.00188859775	0	0.00039722685	0	0	0.000331237645	0	0	0	0	0	0	0	0	1.07747225e-05	0	3.7221775e-05	0.001035608475	0	0.001291464975	1.58319275e-05	0	3.496595e-05	0.00490531925	0	0	0	2.2528965e-05	0	0	8.22797e-05	0	7.8361625e-06	0.00043085935	0	0	0	9.7952025e-06	3.589731e-05	6.7980015e-05	0.00668901825	0	0	0	0.0019445341	0.000556629375	0.00028300605	0	0	2.65968775e-05	0	2.12595825e-05	0	0	0	0.000156851075	0.00264191115	0.00206770485	0	0	0	0	0	0	0	0	0	0	0	0	0	0	0	0	0	0	0	0	0	0	0	0	0	0	0	0	0	0	0	0	0	0	0	0	0	0	0	0	0	0	0	0	0	0	0	0	0	0	0	0	0	0	0	0	0	0	0	0	0	0	0	0	0	0	0	0	0	0	0	0	0	0	0	0	0	0	0	0	0	0	0	0	0	0	0	0	0	0	0	0	0	0	0	0	0	0	0	0	0	0	0	0	0	0	0	0	0	0	0	0	0	0	0	0	0	0	0	0	0	0	0	0	0	0	0	0	0	0	0	0	0	0	0	0	0	0	0	0	0	0	0	0	0	0	0	0	0	0	0	0	0	0	0	0	0	0	0	0	0	0	0	0	0	0	0	0	0	0	0	0	0	0	0	0	0	0	0	0	0	0	0	0	0	0	0	0	0	0	0	0	0	0	0	0	0	0	0	0	0	0	0	0	0	0	0	0	0	0	0	0	0	0	0	0	0	0	0	0	0	0	0	0	0	0	0	0	0	0	0	0
At_GE1	0	0	0	0	0	0	0	0	0.000244900025	0	0	0	0.0017588885	0	0	0.000153151625	0	0	0	0.0002425015375	0.00038485203	0.001438552025	3.024425e-06	0.01306945525	0	0	0	0.0010524146	0	0	0.0026301545	0	0	0	0.16312658075	0.000434437925	0.000821736325	0	0	0.00013948212	0	0	0	0	0	0.000379103325	0.033154690675	0.000786747975	0.029841045	0.00012791365	0.03481926175	0	0	0.01293237675	0	3.01763875e-05	0	0.0028661325	0	0.01700228975	0.002334571925	1.130469e-05	0	0	0	0	0	0	0.00022735431	0.017129096	0	0	0	0	0.000288323625	0	0	0	0	0	0	0	0.00541508395	0.000491358625	0.001253968035	0.001861195275	9.25077e-06	0.009398842	0.0057984275	0.004102581	0	0.00014226785	0	0	8.065135e-06	0	0.002403695	0	0.000272737225	0	0	0	0	2.554665e-05	0	0.0016743935	1.13064975e-05	0.00023520195	0	5.04071e-06	0	0	5.4216465e-05	0	0	2.22974475e-05	0	0.000107308445	6.78299475e-05	0.01374210775	0.0471154275	0.001517754175	0.0034462965	0	0.04215445	0	0	0.00370143575	0.00041023495	0	0.0003347134	5.6929245e-05	0	0	0	5.1393175e-06	0.000794448475	0	0	0	0	0	0.00345216925	0	0.000362626	0.00358247	0	0	0.01275169025	0.01718658	0.0431116725	0	0.00976457275	0.001336496175	0.00139714405	0.10224851295	5.18662125e-05	6.469857e-05	0	0.000160936525	0.002818888	2.05572675e-05	0.00073754751	0	0	0.00022038504	0.0007703772775	0	3.78928925e-05	0.002477419525	0.00485125225	0.00215521875	0.0614843525	3.024425e-06	0	0.0098430475	0.0369360625	0.00364892825	0	0	0	0	0.000119506725	0.0022412525	0	0	3.354478e-05	0	0.0018864237	0	0	0.001733562875	0.003002378975	1.62976875e-05	0	0	0.00669663875	0	0	0	0.029203269725	0	0	0	0	0	0	0	1.98578e-05	0	0	0	0	0	0	0	0	0	0	0	0	0	0	0	0	0	0	0	0	0	0.020327165	0	0	1.61495575e-05	0	0	0	0	0	0	0	0	0	0	0.02096739	0	0	0	0	0	0	0.06402587065	0	0.002252738425	0	0.000577100025	0	0	0.012359834125	0	0	0	0	2.05572675e-06	0	0	0	0	0	0	0.000947536725	0	0.000775669	0.000198941225	0	0	0.00918600125	0	0	0	6.4670435e-05	0	0	4.06418775e-05	0	0.000208716035	0.00035994865	0	0	0	0	0.000103533875	6.02942e-05	0.00754885525	0	0	0	0.003302172425	0.0003469858	0.0001146139525	0	8.146985e-06	0	1.541795e-05	7.35328525e-05	0	0	0	1.13064975e-05	0.000756008325	0.004846493075	3.024425e-06	0	0	0	0	0	0	0	0	0	0	0	0	0	0	0	0	0	0	0	0	0	0	0	0	0	0	0	0	0	0	0	0	0	0	0	0	0	0	0	0	0	0	0	0	0	0	0	0	0	0	0	0	0	0	0	0	0	0	0	0	0	0	0	0	0	0	0	0	0	0	0	0	0	0	0	0	0	0	0	0	0	0	0	0	0	0	0	0	0	0	0	0	0	0	0	0	0	0	0	0	0	0	0	0	0	0	0	0	0	0	0	0	0	0	0	0	0	0	0	0	0	0	0	0	0	0	0	0	0	0	0	0	0	0	0	0	0	0	0	0	0	0	0	0	0	0	0	0	0	0	0	0	0	0	0	0	0	0	0	0	0	0	0	0	0	0	0	0	0	0	0	0	0	0	0	0	0	0	0	0	0	0	0	0	0	0	0	0	0	0	0	0	0	0	0	0	0	0	0	0	0	0	0	0	0	0	0	0	0	0	0	0	0	0	0	0	0	0	0	0	0	0	0	0	0	0	0	0	0	0	0
At_GE3	0	0	0	0	0	0	0	0	0.000478233383333333	9.3586395e-05	0	0	0.000110717868333333	0	0	0.000522068881666667	0	0	0	0.0018182139	0.000742741091666667	0.001297053325	2.23508675833333e-05	0.0219148905	0	5.27442825e-06	0	0.000653416933333333	0	0	0.00901671766666667	0	0	0	0.14824617075	0.000138362431666667	0.0037294475	0	0	0.000210261114166667	0	0	0	0	0	2.327175e-06	0.0156196870833333	0.000999931645833333	0.0141103498333333	6.41844383333333e-06	0.0332102416666667	0	0	0.0103153609166667	0	7.180223e-05	0	0.00624403783333333	1.84709533333333e-05	0.00951055916666667	0.00048880085	0	0	0	1.20508574166667e-05	0	0	0	0.000170873953333333	0.00597144675	1.38431208333333e-05	0	0	0	0.000561788275	0	0.0002780643	6.9353525e-06	1.48718208333333e-06	0	0	0	0.000134650229166667	0.0002603317	0.000686262575	0.00204890475	8.38099166666667e-07	0.0122716455833333	0.0149294583333333	0.001846187825	0	0.000198137446666667	0	0	0	0	0.00239016258333333	3.406888e-05	0.000933912308333333	0	0	0	2.00148358333333e-06	0.000112097485	0	0.00199517506666667	0	0.001096265575	0	1.11260333333333e-06	3.92346499166667e-05	2.91878758333333e-05	5.3284175e-05	0	1.7811325e-06	0.00015274705825	0	9.25970775e-05	0.000914445933333333	0.0138096946666667	0.0400537025	0.000219635201666667	0.00790739358333333	0	0.0215561886666667	0	4.321495e-06	0.00263247991666667	8.71106783333333e-05	0	0.000210842055833333	0.000296887494166667	2.75160925e-06	0	0	1.49939216666667e-05	0.000989674175	0	5.291145e-06	7.929651425e-05	0	2.5821775e-06	0.00217867274166667	0	0.0003288467775	0.00475741383333333	0	0	0.0148614016666667	0.0413991508333333	0.091151685	0	0.00596604091666667	0.000581502566666667	0.0021394199	0.0822200172166667	7.23670958333333e-05	0.000228211181666667	9.9055495e-06	0.0005751024	0.00225816241666667	0.00148291921666667	0.00123366844166667	0	0	0.0190259805833333	0.000641039025	0	0.000341274469166667	0.000699537383333333	0.0098072355	0.000553380608333333	0.020823705	0.000145219023333333	0	0.0172767316666667	0.0429345608333333	0.00583851591666667	0	0	0	0	1.14630233333333e-05	0.000946136066666667	0	0	2.43642233333333e-05	0	0.003991062	5.02754466666667e-05	0	0.0015382881	0.00359738275	0.000938814808333333	0	0	0.00322197533333333	0	0	0	0.019753256325	0	0	5.3993134e-05	0	0	0	0	7.29441966666667e-05	0	1.81918074166667e-05	0	0	0	0	0	0	0	0	1.45273e-06	0	0	0	0	0	0	0	0	0	0	0.0131399249166667	0	0	0	0	0	0	0	0	0	0	0	0	0	0.0551627783333333	1.29108916666667e-06	0	0	0	0	0	0.066170793125	0	0.00236218351666667	1.51252333333333e-06	0.000575821016666667	3.2781825e-06	0	0.000811039141666667	0	0	0	0	0	0	1.51314083333333e-05	4.19090083333333e-07	0	0	4.45041416666667e-07	0.00103625236666667	0	0.000613242841666667	9.76530725e-06	6.45544416666667e-07	0	0.0247597935916667	0	0	0	7.62517733333333e-05	0	0	0.000467852308333333	0	0.00317973935833333	0.00102474473333333	0	0	0	0.000502147108333333	2.44512208333333e-05	0.0003085619325	0.0021320615	1.3968325e-06	0	0	0.00228745789166667	0.000692443011666667	0.000529331283333333	0.000440106008333333	8.32551258333333e-06	1.17094981666667e-05	4.39083155833333e-05	6.57634958333333e-05	0	1.97456758333333e-06	2.00268666666667e-06	0.000355515691666667	0.00391557131666667	0.0008017918	0	0	0	0	0	0	0	0	0	0	0	0	0	0	0	0	0	0	0	0	0	0	0	0	0	0	0	0	0	0	0	0	0	0	0	0	0	0	0	0	0	0	0	0	0	0	0	0	0	0	0	0	0	0	0	0	0	0	0	0	0	0	0	0	0	0	0	0	0	0	0	0	0	0	0	0	0	0	0	0	0	0	0	0	0	0	0	0	0	0	0	0	0	0	0	0	0	0	0	0	0	0	0	0	0	0	0	0	0	0	0	0	0	0	0	0	0	0	0	0	0	0	0	0	0	0	0	0	0	0	0	0	0	0	0	0	0	0	0	0	0	0	0	0	0	0	0	0	0	0	0	0	0	0	0	0	0	0	0	0	0	0	0	0	0	0	0	0	0	0	0	0	0	0	0	0	0	0	0	0	0	0	0	0	0	0	0	0	0	0	0	0	0	0	0	0	0	0	0	0	0	0	0	0	0	0	0	0	0	0	0	0	0	0	0	0	0	0	0	0	0	0	0	0	0	0	0	0	0	0	0	0
At_GE4	0	0	0	0	0	0	0	0	0.00035474036	4.0773809e-05	0	3.497818e-06	0.000334116189	1.267959e-05	0	0.000824103159	0	0	0	0.00180030222	0.00082574877	0.00108249182	8.01123423e-05	0.0195479099	0	1.70048312e-05	0	0.000476046741	0	0	0.0097798508	0	0	0	0.1263891527	0.000190684977	0.0046162462	0	4.815048e-07	0.000235733158	0	0	0	0	0	5.8360043e-05	0.01303159077	9.4840604e-05	0.0138507497	1.1143659e-05	0.0348349318	0	0	0.0087931213	0	2.58648316e-05	4.182315e-07	0.0025248918	2.6488e-06	0.0097451686	0.00054846179	2.0062583e-06	0	0	4.0986213e-06	0	0	0	0.00012669251	0.0058031553	2.3557975e-05	0	0	0	0.00053823874	0	0.000218174224	7.222572e-07	9.591267e-07	0	0	0	0.000155757765	0.000227161495	0.01442057647	0.0019766207	3.125376e-07	0.012117911	0.017771877	0.00187069603	0	9.19934275e-05	0	0	0	0	0.0024382738	2.1801164e-05	0.00104272558	0	0	0	8.9983093e-06	0.000180338554	0	0.00236009216	0	0.00067638417	0	0	3.28338038e-05	3.32139934e-05	0.0001086897209	0	7.6078243e-06	0.000106102109	0	0.0001005472756	0.00064328023	0.0150800538	0.041107838	0.000240369512	0.0084319504	0	0.0225593077	0	0	0.0030662474	6.0523221e-05	3.619835e-07	0.00028228379	0.000335445036	1.40966224e-05	0	0	1.0264176e-05	0.00098226081	0	5.5280386e-06	3.9165588e-05	0	0	0.0025741912	0	0.000283009868	0.0064212895	0	0	0.0127184685	0.062379197	0.075286055	2.40475e-06	0.0059628789	0.00055621559	0.0019706476	0.07725532308	6.8931002e-05	0.000156767351	3.3922916e-05	0.000433026265	0.002173669	0.00134214157	0.00131047718	0	0	0.0162463353	0.000326922671	0	0.000161986826	0.000840311	0.0098100389	0.00057570033	0.019954037	0.000230591118	0	0.0136494371	0.05447572	0.0073324326	0	0	0	0	3.50199231e-05	0.00120637169	0	0	2.0930729e-05	0	0.0031592404	5.6762756e-05	0	0.0019699575	0.0047926331	0.00091969975	0	0	0.00270842175	0	0	0	0.0242785573	0	0	2.70159864e-05	0	0	0	0	3.80475813e-05	0	2.30673929e-05	0	0	0	0	0	0	0	0	5.93425595e-05	7.0503758e-05	0	0	0	0	0	0	0	0	0	0.0152224927	0	0	4.953716e-07	0	0	0	0	0	0	0	0	0	0	0.064253075	0	0	0	0	0	0	0.06714759844	0	0.0025451479	6.604954e-07	0.00071830626	0	0	0.00054074776	0	0	0	0	0	0	2.140827e-06	0	0	0	0	0.0012758494	0	0.00064388712	0.00019640382	0	0	0.01237873569	0	0	0	9.5220768e-05	0	7.81344e-07	0.0010837501	0	0.00027679937	0.0014196109	0	3.302477e-07	0	0.000279467702	3.61042529e-05	0.000207977987	0.00233880556	2.831172e-05	0	1.172979e-06	0.0022678736	0.000815447825	0.00039057392	0.000511642128	3.1670434e-05	8.2783859e-06	9.99295927e-05	0.0001064631082	0	8.503635e-06	0	0.00061605999	0.0042776895	0.00081333052	0	0	0	0	0	0	0	0	0	0	0	0	0	0	0	0	0	0	0	0	0	0	0	0	0	0	0	0	0	0	0	0	0	0	0	0	0	0	0	0	0	0	0	0	0	0	0	0	0	0	0	0	0	0	0	0	0	0	0	0	0	0	0	0	0	0	0	0	0	0	0	0	0	0	0	0	0	0	0	0	0	0	0	0	0	0	0	0	0	0	0	0	0	0	0	0	0	0	0	0	0	0	0	0	0	0	0	0	0	0	0	0	0	0	0	0	0	0	0	0	0	0	0	0	0	0	0	0	0	0	0	0	0	0	0	0	0	0	0	0	0	0	0	0	0	0	0	0	0	0	0	0	0	0	0	0	0	0	0	0	0	0	0	0	0	0	0	0	0	0	0	0	0	0	0	0	0	0	0	0	0	0	0	0	0	0	0	0	0	0	0	0	0	0	0	0	0	0	0	0	0	0	0	0	0	0	0	0	0	0	0	0	0	0	0	0	0	0	0	0	0	0	0	0	0	0	0	0	0	0	0	0
At_GE5	0	0	0	0	0	0	0	0	0.000480135645454545	0.000146666016363636	0	1.4798399e-05	0.000323315936363636	2.226655e-06	0	0.000214303251818182	0	0	0	0.00213081697272727	0.000681277265454545	0.001096738	4.22074749090909e-05	0.0207254448181818	0	0.000148717254545455	0	0.000554052054545454	0	0	0.0102586086363636	0	0	0	0.121784297181818	0.000321136516363636	0.00658127563636364	0	0	0.000334346745454545	0	0	0	0	0	1.79672836363636e-05	0.0147103455545455	8.11768059090909e-05	0.0157345745454545	1.61248334545455e-05	0.0243949963636364	0	0	0.0110283011818182	0	1.81952745454545e-05	2.99702090909091e-07	0.00348801390909091	2.42055563636364e-05	0.0105977105454545	0.000548139918181818	1.04578798181818e-05	0	0	2.34977523636364e-05	0	0	0	0.000234956545454545	0.00654348609090909	6.74329727272727e-07	7.42858181818182e-07	0	0	0.000569121245454545	0	0.000406613254545455	1.54674463636364e-06	7.49255272727273e-07	0	0	0	0.000173238007272727	0.000261983609090909	0.00125067855454545	0.00241308235454545	7.75874181818182e-06	0.0132701032727273	0.0193193054545455	0.00230890463636364	0	0.000154087458181818	0	0	3.65525909090909e-07	5.60989545454546e-07	0.002959574	3.58824733636364e-05	0.00162859489090909	0	8.60890181818182e-05	0	3.471063e-06	0.0003543358	0	0.00210454649090909	2.99702090909091e-07	0.000667472927272727	0	0	6.61856354545455e-05	8.21343590909091e-05	7.68015163636364e-05	0	2.55616227272727e-05	0.000202045195454545	0	0.000778847035181818	0.000935107990909091	0.0118542426363636	0.03841369	0.000549701418181818	0.00929872809090909	0	0.0267402354545455	0	0	0.00583375555454546	0.000130736349090909	1.49851090909091e-07	0.000593586309090909	0.000397533440909091	9.04412281818182e-06	0	0	4.23089e-05	0.00144666861818182	0	1.10637914545455e-05	5.28592272727273e-05	0	0	0.00303491918181818	0	0.0003697183	0.00716669118181818	0	0	0.0118953025454545	0.0373121154545455	0.0814890163636364	0	0.00706558563636364	0.000948486154545455	0.00283755136363636	0.0807361737363636	0.000127860169090909	0.000175550898181818	4.29287472727273e-05	0.000400203745454545	0.00254941145454545	0.00174842912727273	0.00227094645454545	0	3.41754545454545e-07	0.0212762735454545	0.000308741145454545	0	0.00022720833	0.00137706758181818	0.0116484910909091	0.00104214270909091	0.0180419346363636	0.000238729711818182	0	0.0199393475454545	0.0455915309090909	0.005864948	0	0	0	0	6.17278663636364e-05	0.000887110981818182	0	0	4.27162272727273e-05	0	0.00469236263636364	8.35336627272727e-05	0	0.00271281363636364	0.00717276	0.000958245136363636	0	0	0.00306343525454545	0	1.27373363636364e-06	0	0.0159798958636364	0	0	8.06155064545455e-05	0	0	0	0	7.93281172727273e-05	0	1.98276332727273e-05	0	0	0	0	0	0	0	0	5.40852818181818e-06	3.54498763636364e-06	0	0	0	0	0	0	0	0	0	0.0191169647272727	0	0	4.00981090909091e-07	0	0	0	0	0	2.26058290909091e-06	0	0	0	0	0.06098374	0	0	0	0	0	0	0.0819087379454545	0	0.00372368433636364	6.10119945454545e-06	0.000748885690909091	0	0	0.0012128995	0	0	0	0	0	0	3.91752e-06	9.877e-07	2.38611545454545e-06	0	0	0.00119195989090909	0	0.000981216472727273	8.10258036363636e-05	0	0	0.00884923829090909	0	0	0	0.000113163487272727	0	1.22637909090909e-06	0.000732765086363636	0	0.00406823290636364	0.00156881433636364	0	4.87884154545455e-06	7.31051818181818e-07	0.000237087942727273	4.26606799090909e-05	0.000240838627272727	0.00243610763636364	0.000185065275454545	0	1.18533e-06	0.00362832663636364	0.000571190136363636	0.000526879536363636	0.000665980663636364	1.97019378181818e-05	8.80959218181818e-06	9.19397954545455e-05	0.000168804402727273	0	5.67730154545455e-05	6.29179e-06	0.000377234845454545	0.00452834867272727	0.000494936589090909	1.79001454545455e-06	0	0	0	0	0	0	0	0	0	0	0	0	0	0	0	0	0	0	0	0	0	0	0	0	0	0	0	0	0	0	0	0	0	0	0	0	0	0	0	0	0	0	0	0	0	0	0	0	0	0	0	0	0	0	0	0	0	0	0	0	0	0	0	0	0	0	0	0	0	0	0	0	0	0	0	0	0	0	0	0	0	0	0	0	0	0	0	0	0	0	0	0	0	0	0	0	0	0	0	0	0	0	0	0	0	0	0	0	0	0	0	0	0	0	0	0	0	0	0	0	0	0	0	0	0	0	0	0	0	0	0	0	0	0	0	0	0	0	0	0	0	0	0	0	0	0	0	0	0	0	0	0	0	0	0	0	0	0	0	0	0	0	0	0	0	0	0	0	0	0	0	0	0	0	0	0	0	0	0	0	0	0	0	0	0	0	0	0	0	0	0	0	0	0	0	0	0	0	0	0	0	0	0	0	0	0	0	0	0	0	0	0	0	0	0	0	0	0	0	0	0	0	0	0	0	0	0	0	0	0	0
At_GE6	0	0	0	0	0	0	0	0	0.00029118045	1.0402705e-05	6.65085e-05	0	0.002106957	0	0	0.0002167151	0	0.00070112397	0	6.424399e-05	0.0007328588	0.00042071005	1.0402705e-05	0.002830674	0	0	0	0.0004066995	0	0	0.004277102	0	0	0	0.116150416	0.00025040345	0.0009570662	0	0	2.9138165e-05	0	0	0	0	0	0.002557116355	0.01190489275	0.00016603305	0.04799459	2.0287925e-05	0.05313589	0	0	0.01089235	0	1.647095e-05	0	0.00276494	5.28804e-05	0.01544562	0.0027303795	0	0	0	0	0	0	0	0.000430635	0.01623599	0	0	0	0	0.0006851242	0	0	0	0	0	0	0	0.001685867	0.0029284655	0.0002687154	0.002485159	0	0.011290445	0.0053460695	0.0072113055	0	1.3870275e-05	0	0	4.292109e-05	0	0.002107858	0	0.0002258552	0	0	0	0	5.114665e-05	0	0.00165266455	0	0.00063324555	0	0	5.236955e-05	7.80203e-06	6.4163255e-05	0	0.0001109145685	0.0001213649	0	0.00056798645	0.000425247	0.009815187	0.0475823	0.0026464685	0.0030578555	0	0.044035495	0	0	0.004543938	0.0007230993	0	0.00026180145	0	0	0	0	4.343858e-05	0.000499719	0	0	0	0	0	0.0052694885	0	0.0003444778	0.003094551	0	0	0.012118255	0.010095121	0.052377225	0	0.0094493975	0.00264563305	0.002407018	0.1035109424	0.000105424665	0.000144771	0	4.767907e-05	0.002342038	0	0.0004217252	0	0	4.074393e-05	0.00110994645	0	1.274795e-05	0.0015112127	0.0052002465	0.001553815	0.056591145	8.75561e-05	0	0.0082937335	0.040048105	0.0048303945	0	0	0	0	0.0002271522	0.0019658375	0	0	9.0794705e-05	0	0.00208554565	0	0	0.0078974735	0.0008728824	6.2422855e-05	0	0	0.0043266975	0	0	0	0.0240737786	0	0	0	0	0	0	0	8.66892e-06	0	0	0	0	0	0	0	0	0	0	0	0	0	0	0	0	0	0	0	0	0	0.049539875	0	0	6.4768095e-05	0	0	0	0	0	0	0	0	0	0	0.023611695	0	0	0	0	0	0	0.08686123415	0	0.002094884	0	0.00050075265	0	0	0.0002242088	0	0	0	0	0	0	0	0	6.2691525e-05	0	0	0.002062834	0	0.00142841065	0	0	0	0.0007456729	2.6006765e-05	8.012995e-05	0	1.0402705e-05	0	0	0.0001196311	0	4.42115e-05	0.00038243845	0	0	0	2.367476e-05	0.00010021671	0.0002258009	0.0084076145	0	0	0	0.0040110505	0.00073588825	0.000110471175	0	0	5.64552e-05	6.2610811e-05	7.7160005e-05	0	0	0	0.000175776645	0.00566962845	0.00215540875	5.201355e-06	0	0	0	0	0	0	0	0	0	0	0	0	0	0	0	0	0	0	0	0	0	0	0	0	0	0	0	0	0	0	0	0	0	0	0	0	0	0	0	0	0	0	0	0	0	0	0	0	0	0	0	0	0	0	0	0	0	0	0	0	0	0	0	0	0	0	0	0	0	0	0	0	0	0	0	0	0	0	0	0	0	0	0	0	0	0	0	0	0	0	0	0	0	0	0	0	0	0	0	0	0	0	0	0	0	0	0	0	0	0	0	0	0	0	0	0	0	0	0	0	0	0	0	0	0	0	0	0	0	0	0	0	0	0	0	0	0	0	0	0	0	0	0	0	0	0	0	0	0	0	0	0	0	0	0	0	0	0	0	0	0	0	0	0	0	0	0	0	0	0	0	0	0	0	0	0	0	0	0	0	0	0	0	0	0	0	0	0	0	0	0	0	0	0	0	0	0	0	0	0	0	0	0	0	0	0	0	0	0	0	0	0	0	0	0	0	0	0	0	0	0	0	0	0	0	0	0	0	0	0	0
At_IT1	0	0	0	0	0	0	0	0	0.000449523666666667	7.03970166666667e-06	0	0	0.000211190333333333	0	0	0.000605893433333333	0	0	0	0.0013925904	0.000736193833333333	0.00115621233333333	6.87051733333333e-05	0.01038844	0	0	0	0.000499318	0	0	0.00783047233333333	0	0	0	0.162607466666667	0.000207187176666667	0.002564948	0	0	0.000111323073333333	0	0	0	0	0	5.95819666666667e-05	0.00989179696666667	0.000156115173333333	0.01421985	9.74788666666667e-07	0.0167838	0	0	0.010858493	0	7.99129833333333e-05	0	0.00333281766666667	2.51754733333333e-06	0.008485538	0.000406125466666667	2.43697133333333e-06	0	0	8.39182333333333e-07	0	0	0	0.000247240466666667	0.006274729	2.097956e-06	0	0	0	0.0005531681	0	0.00040949084	0	1.019302e-05	0	0	0	5.621368e-05	0.000146528166666667	0.000938185466666667	0.002160481	0	0.022294959	0.0184685973333333	0.00218312433333333	0	0.000197217396666667	0	0	0	0	0.002895418	9.57002133333333e-06	0.00124256916666667	2.93713866666667e-06	0	0	1.023528e-05	0.000204737946666667	0	0.00130017493333333	0	0.00361376853333333	0	0	2.00765166666667e-05	2.727343e-05	4.33878466666667e-06	0	0	0.000204900066666667	0	0.00015384891	0.000470151166666667	0.0130665033333333	0.0401894	0.000198639333333333	0.00793724166666667	0	0.0177856766666667	0	0	0.00328756233333333	5.43071953333333e-05	0	8.37536166666667e-05	0.000189433233333333	0	0	0	1.78557233333333e-05	0.0006650167	0	0	9.26314e-05	0	0	0.00188623	0	0.00031109599	0.005008156	0	0	0.0164200566666667	0.0570359733333333	0.0858053633333333	0	0.00634596433333333	0.0003972326	0.00225943433333333	0.0714674852666667	7.354587e-05	0.000150649	2.93713866666667e-06	0.000347876	0.002742346	0.00220729893333333	0.00158366323333333	0	0	0.03557953	0.00100804013333333	0	0.00012418384	0.000761164666666667	0.0162191153333333	0.000628857166666667	0.01788835	7.866778e-05	0	0.0108917586666667	0.0907679233333333	0.00954648966666667	0	0	0	0	1.85848466666667e-05	0.000989687766666667	0	0	9.35384e-06	0	0.004179814	5.94375e-05	0	0.0011843944	0.00504991733333333	0.00120229903333333	0	0	0.00302198566666667	0	0	0	0.0225906427666667	0	0	2.71545366666667e-05	0	0	0	0	9.25382533333333e-05	0	2.79259133333333e-05	0	0	0	0	0	0	0	0	0	0	0	0	0	0	0	0	0	0	0	0.011449007	0	0	0	0	0	0	0	0	2.097956e-06	0	0	0	0	0.0232960933333333	0	0	0	0	0	0	0.0621864772333333	0	0.00198926006666667	0	0.000492611933333333	1.678365e-06	0	0.000851128133333333	0	0	0	0	0	0	0	0	0	0	0	0.0009591391	0	0.000643794133333333	1.80424233333333e-05	0	0	0.00596177006666667	0	0	0	7.72708966666667e-05	0	0	0.00154205576666667	0	0.000496871466666667	0.00106014656666667	0	2.65315366666667e-06	0	0.000222946095333333	8.26357766666667e-05	0.00016767126	0.00195160966666667	0.000324395866666667	0	0	0.001336444	0.000791006766666667	0.000489533433333333	0.0005326218	3.24863866666667e-05	1.21976286666667e-05	6.949544e-05	1.07609936666667e-05	0	0.000434577736666667	4.24325666666667e-06	0.0009469646	0.00371293993333333	0.0010666925	0	0	0	0	0	0	0	0	0	0	0	0	0	0	0	0	0	0	0	0	0	0	0	0	0	0	0	0	0	0	0	0	0	0	0	0	0	0	0	0	0	0	0	0	0	0	0	0	0	0	0	0	0	0	0	0	0	0	0	0	0	0	0	0	0	0	0	0	0	0	0	0	0	0	0	0	0	0	0	0	0	0	0	0	0	0	0	0	0	0	0	0	0	0	0	0	0	0	0	0	0	0	0	0	0	0	0	0	0	0	0	0	0	0	0	0	0	0	0	0	0	0	0	0	0	0	0	0	0	0	0	0	0	0	0	0	0	0	0	0	0	0	0	0	0	0	0	0	0	0	0	0	0	0	0	0	0	0	0	0	0	0	0	0	0	0	0	0	0	0	0	0	0	0	0	0	0	0	0	0	0	0	0	0	0	0	0	0	0	0	0	0	0	0	0	0	0	0	0	0	0	0	0	0	0	0	0	0	0	0	0	0	0	0	0	0	0	0	0	0	0	0	0	0	0	0	0	0	0	0	0	0
At_SP1	0	0	0	0	0	0	0	0	0.00038061518	4.8022472e-05	3.9021074e-05	0	0.00360468004	1.2300754e-05	0	4.196824e-06	0	1.1621976e-05	0	0.000369002558	0.0007218726	0.00139559532	1.849083e-05	0.009905211	0	0	0	0.00054826878	0	0	0.0040062092	0	0	0	0.1702751766	0.0002617175	0.00104788148	0	0	0.00014228551	0	0	0	0	0	0.00541501982	0.01077763186	0.000194264608	0.036252168	4.3150282e-05	0.04704841	0	0	0.0116395874	0	5.450672e-05	0	0.0024363464	0	0.0121272708	0.00183368692	1.0330646e-05	0	0	0	0	0	0	0.000502080918	0.0121833346	0	0	0	0	0.00061600942	0	0	0	0	0	0	0	0.00265502538	0.00123004652	0.00047079516	0.0027327182	0	0.0092841298	0.0050653604	0.0052819024	0	0.000101356944	0	0	4.0133936e-05	1.8057792e-05	0.0027140772	0	0.000528974538	0	1.7066718e-05	0	6.27617e-05	5.22131e-05	0	0.002825317	9.68498e-07	0.001504137312	0	1.936996e-06	1.8057792e-05	7.2705968e-05	0.00048040538	0	1.6812426e-05	4.6858844e-05	0	0.000205415754	0.000131246252	0.009744446	0.034684216	0.0047208056	0.00448113	0	0.058713234	0	0	0.0027594528	0.0006751713	0	0.00014367258	0.00012753214	0	0	0	2.4160832e-05	0.00071257414	0	0	0	0	0	0.0045082314	0	0.000211402226	0.00267579802	0	0	0.0129486496	0.0200116722	0.043278722	0	0.008171896	0.00125513636	0.0025518646	0.09016832828	9.716536e-05	0.00037103299	0	0.000160294286	0.0027691306	2.162978e-05	0.00029917394	0	0	9.1775692e-05	0.00067711784	0	1.9171438e-05	0.00284134684	0.0047722924	0.00177148862	0.04710377	0.000431118238	0	0.0096546456	0.046456826	0.0081437616	0	0	0	0	0.000419232508	0.00196116572	0	0	8.5786746e-05	0	0.00169916686	0	0	0.0042989384	0.00054069824	6.7715066e-05	0	0	0.0020878248	0	0	0	0.02230517084	0	0	2.562656e-05	0	0	0	0	6.7195986e-05	0	0	0	0	0	0	0	0	0	0	0	0	0	0	0	0	0	0	0	0	0	0.040572834	0	0	3.281611e-05	0	0	0	0	0	0	0	0	0	0	0.022081962	0	0	0	0	0	0	0.0772922674	0	0.00241023902	0	0.0005975612	0	0	0.001294400512	0	0	0	0	1.8839106e-05	0	0	0	6.8377712e-05	0	5.9416904e-05	0.00234293726	0	0.00114060832	5.76305e-05	0	0	0.00235825156	0	3.58772e-05	0	7.659689e-05	0	0	9.45754e-05	0	0.0002234575	0.000625968784	0	2.519372e-05	0	0.00227747654	0.000156708294	8.19969e-05	0.0075014204	0	0	0	0.00187438552	0.00127641958	0.000142717964	0	3.250804e-06	5.465435e-05	3.9819184e-05	8.683464e-05	0	0	0	2.500263e-05	0.00271012204	0.00106657598	0	0	0	0	0	0	0	0	0	0	0	0	0	0	0	0	0	0	0	0	0	0	0	0	0	0	0	0	0	0	0	0	0	0	0	0	0	0	0	0	0	0	0	0	0	0	0	0	0	0	0	0	0	0	0	0	0	0	0	0	0	0	0	0	0	0	0	0	0	0	0	0	0	0	0	0	0	0	0	0	0	0	0	0	0	0	0	0	0	0	0	0	0	0	0	0	0	0	0	0	0	0	0	0	0	0	0	0	0	0	0	0	0	0	0	0	0	0	0	0	0	0	0	0	0	0	0	0	0	0	0	0	0	0	0	0	0	0	0	0	0	0	0	0	0	0	0	0	0	0	0	0	0	0	0	0	0	0	0	0	0	0	0	0	0	0	0	0	0	0	0	0	0	0	0	0	0	0	0	0	0	0	0	0	0	0	0	0	0	0	0	0	0	0	0	0	0	0	0	0	0	0	0	0	0	0	0	0	0	0	0	0	0	0	0	0	0	0	0	0	0	0	0	0	0	0	0	0	0	0	0	0
At_SP2	0	0	0	0	0	0	0	0	0.00060124066	1.45904e-05	2.127994e-05	0	0.00137390808	3.765672e-05	0	1.2246244e-05	0	4.100972e-05	0	0.00018364415	0.000224705436	0.00078498266	0.000113774366	0.0054640692	0	0	0	0.000407620154	0	0	0.00343759302	0	0	0	0.1609585372	0.00033445452	0.00113668752	0	0	0.000271371266	0	0	0	0	0	0.000442293058	0.00899071756	0.000246748352	0.04528499	3.768074e-06	0.026500408	0	0	0.0121361194	0	6.049553e-05	0	0.0033037281	3.940732e-06	0.011656592	0.00158340988	0	0	0	0	0	0	0	0.000249197718	0.0073775378	0	0	0	0	0.00039946006	0	0	0	0	0	0	0	0.00244391462	0.00120555832	0.00052214208	0.00434968208	3.673874e-05	0.0144284286	0.004399442	0.0050839452	0	0.000148423708	0	0	2.7381344e-05	0	0.0025139568	0	0.00047671704	0	0	0	2.976592e-05	0.00015055412	0	0.00247868486	0	0.000235923502	0	0	1.0421714e-05	7.567387e-05	8.5346656e-05	0	2.063382e-06	0.0001334023774	0	0.00016825187	9.0024182e-05	0.012489289	0.03346986	0.00110698242	0.003873798	0	0.03997342	0	0	0.00594960832	0.00056605566	0	8.9492738e-05	5.663382e-05	0	0	0	3.2972262e-05	0.0006873702	0	0	0	0	0	0.003335148	0	0.0001433855	0.0030514636	0	0	0.0132024628	0.0767137214	0.044545294	0	0.0081799804	0.0009125455	0.00161404642	0.09382306436	0.000546887014	7.4554358e-05	0	2.0319146e-05	0.0023867814	1.1822194e-05	0.000439918432	0	0	4.6789592e-05	0.0007278648	0	2.6736492e-05	0.00144655412	0.0085537878	0.000808464194	0.036531376	5.9237134e-05	0	0.020729121	0.090706794	0.0051846052	0	0	0	0	1.4558958e-05	0.0020199752	0	0	3.108662e-05	0	0.00205928464	0	0	0.002656339	0.001377529458	0.0001036790112	0	0	0.00265033	0	0	0	0.00891871758	0	0	3.3664806e-05	0	0	0	0	8.253528e-06	0	0	0	0	0	0	0	0	0	0	0	0	0	0	0	0	0	0	0	0	0	0.023155238	0	0	3.019483e-05	0	0	0	0	0	0	0	0	0	0	0.0160418626	0	0	0	0	0	0	0.07807803672	0	0.0014642144	0	0.00041273114	0	1.45904e-05	0.000387763954	0	0	0	0	0	0	0	0	0	0	3.022298e-05	0.00076500856	0	0.00095258786	0.000101462196	0	4.64261e-05	0.00269193332	0	1.1463886e-05	0	1.891551e-05	0	0	1.8054592e-06	0	0.000139646287	0.000171354952	0	0	0	6.8619514e-05	5.9628672e-05	7.017551e-05	0.0048944296	0	0	0	0.00152934006	0.00051367822	0.000123235732	0	1.98534e-05	1.1379586e-05	8.3099182e-06	7.9391002e-05	0	0	0	0.00018881608	0.00236163902	0.00079755638	1.16352786e-05	0	0	0	0	0	0	0	0	0	0	0	0	0	0	0	0	0	0	0	0	0	0	0	0	0	0	0	0	0	0	0	0	0	0	0	0	0	0	0	0	0	0	0	0	0	0	0	0	0	0	0	0	0	0	0	0	0	0	0	0	0	0	0	0	0	0	0	0	0	0	0	0	0	0	0	0	0	0	0	0	0	0	0	0	0	0	0	0	0	0	0	0	0	0	0	0	0	0	0	0	0	0	0	0	0	0	0	0	0	0	0	0	0	0	0	0	0	0	0	0	0	0	0	0	0	0	0	0	0	0	0	0	0	0	0	0	0	0	0	0	0	0	0	0	0	0	0	0	0	0	0	0	0	0	0	0	0	0	0	0	0	0	0	0	0	0	0	0	0	0	0	0	0	0	0	0	0	0	0	0	0	0	0	0	0	0	0	0	0	0	0	0	0	0	0	0	0	0	0	0	0	0	0	0	0	0	0	0	0	0	0	0	0	0	0	0	0	0	0	0	0	0	0	0	0	0	0	0	0	0	0
At_SP3	0	0	0	0	0	0	0	0	0.000272507673	5.300195e-06	8.331112e-06	0	0.003538686	0	0	1.3955226e-05	0	1.331094e-05	0	0.000174584125	0.00034240461	0.00065832462	7.7329721e-05	0.0135200886	0	0	0	0.000308633987	0	0	0.0035612906	0	0	0	0.1741269403	0.000113719163	0.00111138068	0	0	8.7015509e-05	0	0	0	0	0	0.00394937726	0.01168428141	0.00026886961	0.038631181	9.072737e-05	0.022335143	0	0	0.0165355304	0	9.0565508e-05	0	0.00419369031	1.6153091e-05	0.0118729151	0.00138697166	8.88018e-06	0	0	0	0	0	0	0.000587324415	0.0125421121	0	0	0	0	0.00041582608	0	5.639956e-06	0	0	0	0	0	0.004485877698	0.00172505293	0.000487781461	0.00228931236	1.223122e-06	0.0099613445	0.0054692172	0.0058491279	0	2.9239767e-05	0	0	5.9984e-06	0	0.0019183149	0	0.000584525803	0	0	0	1.9470501e-05	1.9878024e-05	0	0.00302172935	0	0.000594597954	0	1.776036e-06	4.380805e-05	0.000307288877	0.000365610547	0	2.2208377e-05	0.000185874504	0	0.000192243287	5.9536532e-05	0.0113522405	0.048549703	0.00261907007	0.0035436303	0	0.042261854	0	0	0.0039014258	0.00080692708	0	3.7154333e-05	3.3134763e-05	0	0	0	5.7652539e-05	0.000643214828	0	0	3.848078e-06	0	0	0.0061064616	0	0.000172800179	0.00278743892	0	0	0.0108893873	0.02661242	0.024373789	0	0.0094100429	0.0015234178	0.00192933261	0.09118195364	0.000105556493	0.000246459734	0	0.000217130945	0.0035939166	8.1066471e-05	0.00050417745	0	0	0.000194559538	0.00080541073	0	3.9977923e-05	0.00187521199	0.0059616368	0.00149840593	0.057308666	0.000234442011	0	0.0093726377	0.09041877	0.0049965534	2.231711e-06	0	0	0	0.000304171399	0.00216930123	0	0	0.000142797112	0	0.00181339019	0	0	0.0024716858	0.00064693844	8.4115685e-05	0	0	0.00528721986	0	0	0	0.0215746188	0	0	7.6699494e-06	0	0	0	0	2.7486152e-05	0	1.8213035e-05	0	0	0	0	0	0	0	0	0	0	0	0	0	0	0	0	0	0	0	0.036496863	0	0	5.833098e-05	0	0	0	0	0	0	0	0	0	0	0.0169345827	0	0	0	0	0	0	0.06290149735	0	0.00213563114	0	0.00066270245	0	2.7224143e-05	0.000311327364	0	0	0	0	6.139381e-06	0	0	0	0	0	1.7174491e-05	0.00139868845	0	0.00147048568	0.000310011823	0	0	0.00216279996	1.976304e-05	2.231711e-06	0	0.00023111102	0	0	0.000932481888	0	0.000746437874	0.00049634365	0	3.4324582e-05	0	1.2153023e-05	7.1398604e-05	9.4056726e-05	0.0061042999	4.088309e-06	0	0	0.00163759079	0.00047944534	0.000230816157	0	6.7529149e-05	2.3620899e-05	1.6830269e-05	7.4574409e-05	0	0	0	3.6406918e-05	0.00199590956	0.000800080446	3.693137e-06	0	0	0	0	0	0	0	0	0	0	0	0	0	0	0	0	0	0	0	0	0	0	0	0	0	0	0	0	0	0	0	0	0	0	0	0	0	0	0	0	0	0	0	0	0	0	0	0	0	0	0	0	0	0	0	0	0	0	0	0	0	0	0	0	0	0	0	0	0	0	0	0	0	0	0	0	0	0	0	0	0	0	0	0	0	0	0	0	0	0	0	0	0	0	0	0	0	0	0	0	0	0	0	0	0	0	0	0	0	0	0	0	0	0	0	0	0	0	0	0	0	0	0	0	0	0	0	0	0	0	0	0	0	0	0	0	0	0	0	0	0	0	0	0	0	0	0	0	0	0	0	0	0	0	0	0	0	0	0	0	0	0	0	0	0	0	0	0	0	0	0	0	0	0	0	0	0	0	0	0	0	0	0	0	0	0	0	0	0	0	0	0	0	0	0	0	0	0	0	0	0	0	0	0	0	0	0	0	0	0	0	0	0	0	0	0	0	0	0	0	0	0	0	0	0	0	0	0	0	0	0
At_SW1	0	0	0	0	0	0	0	0	0.000342437154545455	4.953925e-05	3.84758909090909e-06	0	0.00354506689090909	0	0	8.63119636363636e-06	0	0.000111097872727273	0	0.000245266742727273	0.000349596613636364	0.00113453741818182	3.44058472727273e-05	0.00728205272727273	0	0	0	0.000673259860909091	0	0	0.00332104294545455	0	0	0	0.153550901636364	0.000268978236363636	0.0012773121	0	0	0.000116954789090909	0	0	0	0	0	0.00559390484545455	0.00916193932727273	0.000776197076363636	0.0459674172727273	2.34903609090909e-05	0.0278511718181818	0	0	0.0109093707272727	0	0.000102030222727273	6.59124545454545e-06	0.00506623768181818	1.17872945454545e-05	0.0103611679090909	0.00142746311818182	6.92515181818182e-06	0	0	0	0	0	0	0.000268404761818182	0.00824985118181818	0	0	0	0	0.000470912063636364	0	0	0	0	0	0	0	0.00343923924545455	0.000703236201818182	0.00717998789090909	0.00269765996363636	2.19708181818182e-06	0.0105186336363636	0.00362535227272727	0.00474244245454545	0	0.000126493561818182	0	0	5.66812454545455e-06	9.74178181818182e-06	0.00232302238181818	6.99561727272727e-07	0.00033122257	0	0	0	6.98980272727273e-05	6.83826345454545e-05	0	0.00556717295454545	9.82978181818182e-06	0.00113307608181818	0	7.41988363636364e-06	4.87089090909091e-06	8.09297636363636e-06	0.000148813090909091	0	7.60300181818182e-06	0.000312583929090909	0	0.000217975790909091	4.28021036363636e-05	0.0130578233636364	0.0431416963636364	0.00150303263636364	0.00266380610909091	0	0.04812789	0	0	0.00359518212727273	0.000574900254545455	0	2.34894127272727e-05	3.49404172727273e-05	0	0	0	7.32037263636364e-05	0.000471750640909091	0	0	5.17921181818182e-05	0	0	0.00411773854545455	0	0.000118823957272727	0.00197162679090909	0	0	0.0125070654545455	0.0575895290909091	0.03610149	0	0.00883536281818182	0.00108664632727273	0.0016484102	0.0818156453818182	4.38028536363636e-05	0.000108117037272727	0	8.23059727272727e-05	0.00263208901818182	1.21215327272727e-05	0.000421179609090909	0	0	9.95139318181818e-05	0.000645583647272727	0	1.31063727272727e-05	0.00158948818181818	0.00590812563636364	0.00262627045454545	0.0541571890909091	0.000154481961818182	0	0.00689490145454545	0.0636140354545455	0.00545797772727273	0	0	0	0	0.000191695343636364	0.00188908827272727	0	0	5.03559972727273e-05	0	0.00194307201818182	0	0	0.0025823264	0.000714783909090909	8.08574863636364e-05	0	0	0.00313323282727273	0	0	0	0.0353628024454545	0	0	5.51136e-06	0	0	0	0	1.57035636363636e-05	0	0	0	0	0	0	0	0	0	0	0	0	0	0	0	0	0	0	0	0	0	0.0334448177272727	0	0	5.88355081818182e-05	0	0	0	0	0	0	0	0	0	0	0.0206360299090909	0	0	0	0	0	0	0.0658798497636364	0	0.00184157975454545	0	0.000520241765454545	0	4.21276363636364e-06	0.000292875177272727	0	0	0	0	0.000108505411818182	0	0	0	1.09054563636364e-05	0	0	0.00113011928181818	0	0.00117631955454545	6.01470954545455e-05	0	0	0.0119219825545455	1.31063727272727e-05	0	0	5.395983e-05	0	0	4.79115090909091e-05	0	0.000270062345454545	0.000323286727272727	0	4.295002e-05	0	7.603229e-05	6.47164536363636e-05	7.65735572727273e-05	0.00634788809090909	8.42552636363636e-06	0	0	0.00113912820909091	0.000598187945454545	0.00017433233	0	2.80850909090909e-06	9.67654545454545e-06	1.21422645454545e-05	6.62459236363636e-05	0	0	0	0.000100002225454545	0.00120477910909091	0.000837880995454545	2.80076272727273e-05	0	0	0	0	0	0	0	0	0	0	0	0	0	0	0	0	0	0	0	0	0	0	0	0	0	0	0	0	0	0	0	0	0	0	0	0	0	0	0	0	0	0	0	0	0	0	0	0	0	0	0	0	0	0	0	0	0	0	0	0	0	0	0	0	0	0	0	0	0	0	0	0	0	0	0	0	0	0	0	0	0	0	0	0	0	0	0	0	0	0	0	0	0	0	0	0	0	0	0	0	0	0	0	0	0	0	0	0	0	0	0	0	0	0	0	0	0	0	0	0	0	0	0	0	0	0	0	0	0	0	0	0	0	0	0	0	0	0	0	0	0	0	0	0	0	0	0	0	0	0	0	0	0	0	0	0	0	0	0	0	0	0	0	0	0	0	0	0	0	0	0	0	0	0	0	0	0	0	0	0	0	0	0	0	0	0	0	0	0	0	0	0	0	0	0	0	0	0	0	0	0	0	0	0	0	0	0	0	0	0	0	0	0	0	0	0	0	0	0	0	0	0	0	0	0	0	0	0	0	0	0
At_SW2	0	0	0	0	0	0	0	0	0.00025738662	8.93485757142857e-05	0	0	0.00286654847142857	2.88233428571429e-06	0	5.82812771428571e-05	0	0.000108222728571429	0	0.000121770331428571	0.000653013157142857	0.00160462305714286	0.000135771034285714	0.0111020035714286	0	0	0	0.000999522242857143	0	0	0.00363291957142857	0	0	0	0.138920015857143	0.000171724898571429	0.00204906524285714	0	0	0.00012530081	0	0	0	0	0	0.00194776447142857	0.0105324344	0.00045690033	0.02708868	0.000134612842857143	0.0205250118571429	0	0	0.0134945471428571	0	0.000165898564285714	1.86065285714286e-05	0.00948817914285714	5.64162157142857e-05	0.0211946808571429	0.0015118197	6.30198285714286e-06	0	0	0	0	0	0	0.000398910531428571	0.012765582	0	0	0	0	0.000384599157142857	0	3.78119e-06	0	0	0	0	0	0.00105468672857143	0.00165228187142857	0.000569169042857143	0.00197870902857143	0	0.010431932	0.006132164	0.00534982485714286	0	6.12076314285714e-05	0	0	6.03187571428571e-06	4.41138857142857e-06	0.00217717857142857	5.86140714285714e-06	0.00129897034285714	0	1.36910885714286e-05	0	0.000107952015714286	5.42111571428571e-05	0	0.00142996617142857	0	0.000729587844285714	0	3.28350571428571e-06	9.30019271428571e-05	0.000186207197142857	0.000239428848571429	0	1.23089542857143e-05	7.35130871428571e-05	0	0.000345740614285714	0.00025085434	0.0142902198571429	0.0364436857142857	0.00279741572857143	0.00466164842857143	0	0.0599033357142857	0	0	0.00307425714285714	0.000586542214285714	0	9.25814e-05	0.00013322684	0	0	0	3.49802485714286e-05	0.0005993553	0	0	8.13016428571429e-06	0	0	0.00454337628571429	0	0.000127395768571429	0.00330374314285714	0	0	0.012133073	0.012661151	0.0399794542857143	0	0.00613396528571429	0.00142815042857143	0.00228721742857143	0.1156877546	0.000188536585714286	0.000636586614285714	0	0.000109391254285714	0.00313632312857143	1.64175285714286e-05	0.00065006748	0	0	0.000328043814285714	0.00148786431428571	0	2.84417671428571e-05	0.00231152798571429	0.007186725	0.00341706638571429	0.0549889514285714	0.000225265357142857	0	0.00892432714285714	0.0514772157142857	0.0139787218571429	2.01218428571429e-05	0	0	0	0.000472278717142857	0.00253200045714286	0	0	0.000141303642857143	0	0.00180282742857143	0	0	0.00346508832857143	0.000732612642857143	4.16216171428571e-05	0	0	0.00757366985714286	0	0	0	0.0188598032285714	0	0	7.92642e-06	0	0	0	0	3.91234428571429e-05	0	9.23268571428571e-06	0	0	0	0	0	0	0	0	0	0	0	0	0	0	0	0	0	0	0	0.050413717	0	0	8.05112185714286e-05	0	0	0	0	0	0	0	0	0	0	0.0188302107142857	0	0	0	0	0	0	0.0809191097428571	0	0.00189274424285714	0	0.00032247591	0	3.86431714285714e-05	0.000234440404285714	0	0	0	0	1.779924e-05	0	0	0	0.000106602128571429	0	2.01763428571429e-05	0.00114531235714286	0	0.00141524117142857	4.85518171428571e-05	0	6.36862857142857e-05	0.00224821455714286	1.32701271428571e-05	3.25721285714286e-05	0	0.000135399302857143	0	0	9.20145571428571e-05	0	0.000264986331428571	0.000610164772857143	0	0	0	9.86708857142857e-06	0.00010583567	0.000249362428571429	0.007337681	2.297883e-05	0	0	0.00230230698571429	0.000698838128571429	0.000445029985714286	0	2.16175142857143e-06	5.63324114285714e-05	2.84974128571429e-05	0.000112104055714286	0	0	0	2.13341442857143e-05	0.00584817888571429	0.000764378501428571	1.42277871428571e-05	0	0	0	0	0	0	0	0	0	0	0	0	0	0	0	0	0	0	0	0	0	0	0	0	0	0	0	0	0	0	0	0	0	0	0	0	0	0	0	0	0	0	0	0	0	0	0	0	0	0	0	0	0	0	0	0	0	0	0	0	0	0	0	0	0	0	0	0	0	0	0	0	0	0	0	0	0	0	0	0	0	0	0	0	0	0	0	0	0	0	0	0	0	0	0	0	0	0	0	0	0	0	0	0	0	0	0	0	0	0	0	0	0	0	0	0	0	0	0	0	0	0	0	0	0	0	0	0	0	0	0	0	0	0	0	0	0	0	0	0	0	0	0	0	0	0	0	0	0	0	0	0	0	0	0	0	0	0	0	0	0	0	0	0	0	0	0	0	0	0	0	0	0	0	0	0	0	0	0	0	0	0	0	0	0	0	0	0	0	0	0	0	0	0	0	0	0	0	0	0	0	0	0	0	0	0	0	0	0	0	0	0	0	0	0	0	0	0	0	0	0	0	0	0	0	0	0	0	0	0	0
At_SW3	0	0	0	0	0	0	0	0	0.000558124671428571	0	0	0	0.0020935067	0	0	5.887672e-05	0	0	0	9.18149471428571e-05	0.000479763161428571	0.00141128675714286	7.46203071428571e-05	0.0128108448571429	0	0	0	0.000663484942857143	0	0	0.004869691	0	0	0	0.132947461714286	0.000211163961428571	0.00155546554285714	0	0	0.000219544357142857	0	0	0	0	0	0.00109159715714286	0.00992805917142857	0.000225718214285714	0.0258325985714286	3.01764128571429e-05	0.0301874628571429	0	0	0.014232094	0	2.59449685714286e-05	4.64276571428571e-06	0.00418131485714286	3.10589714285714e-05	0.0148124162857143	0.00170649357142857	5.49424142857143e-06	0	0	0	0	0	0	0.000376346871428571	0.009176283	0	0	0	0	0.000398586457142857	0	1.03017028571429e-06	0	0	0	0	0	0.00296489351428571	0.000858970542857143	0.00200559781428571	0.00403062467142857	0	0.015696259	0.00633999442857143	0.00657004685714286	0	0.000121508470285714	0	0	1.32501414285714e-05	0	0.00320867828571429	2.43807e-05	0.0007612804	0	1.12941714285714e-05	0	2.68417571428571e-05	5.98155942857143e-05	0	0.00550764204285714	5.41656e-06	0.000935670702857143	0	1.37356028571429e-06	5.39607985714286e-05	0.000177169285714286	0.000116382941428571	0	1.79588114285714e-05	0.000130458092857143	0	0.000217136828571429	0.00015046489	0.0250305122857143	0.0393410557142857	0.00145792695714286	0.00451067528571429	0	0.0511498814285714	0	0	0.00497450728571429	0.000842945428571429	0	0.000400239712857143	6.57111e-05	0	0	0	0.000110745128571429	0.000985638614285714	0	0	0	0	0	0.005206468	0	0.000148896247142857	0.00468997042857143	0	0	0.0177817098571429	0.0291895008571429	0.0449463471428571	0	0.00682699914285714	0.00134686197142857	0.00239670031428571	0.0852725247571429	0.00018948814	0.000301846048571429	0	4.14526128571429e-05	0.00232920828571429	6.27877442857143e-05	0.000958826957142857	0	0	0.000507468958571429	0.000466499442857143	0	4.38931714285714e-05	0.00238861908571429	0.00908043614285714	0.0015815711	0.0437784671428571	0.000165439975714286	0	0.0107320845714286	0.0639246228571429	0.00398959571428571	0	0	0	0	0.00026471495	0.00175006022857143	0	0	3.93825885714286e-05	0	0.00235117757142857	0	0	0.00261370885714286	0.00153320524285714	0.000191233747142857	0	0	0.00390357285714286	0	0	0	0.0166616017428571	0	0	2.26637428571429e-05	0	0	0	0	4.81845357142857e-05	0	0	0	0	0	0	0	0	0	0	0	0	0	0	0	0	0	0	0	0	0	0.0289908477142857	0	0	0.000119797217142857	0	0	0	0	0	0	0	0	0	0	0.0205777395714286	0	0	0	0	0	0	0.0853581389857143	0	0.00246223887142857	0	0.000798710985714286	0	0	0.000354003228571429	0	0	0	0	1.11778742857143e-06	0	0	0	1.11778742857143e-06	0	2.72942428571429e-05	0.00122505414857143	0	0.00109163677142857	0.00055725979	0	0	0.0262072572	0	1.061898e-05	0	1.51698042857143e-05	0	0	1.73257e-05	0	0.00161462775857143	0.000446851171428571	0	7.52944714285714e-06	0	3.30016471428571e-05	0.000173673172857143	0.000201411987142857	0.00598506571428571	1.67668142857143e-06	0	0	0.00220702685714286	0.000503195042857143	0.000177954714285714	0	1.31765328571429e-05	2.16471571428571e-05	1.17792914285714e-05	9.11429142857143e-05	0	0	0	3.89143714285714e-05	0.00280006505714286	0.000958265601428571	0	0	0	0	0	0	0	0	0	0	0	0	0	0	0	0	0	0	0	0	0	0	0	0	0	0	0	0	0	0	0	0	0	0	0	0	0	0	0	0	0	0	0	0	0	0	0	0	0	0	0	0	0	0	0	0	0	0	0	0	0	0	0	0	0	0	0	0	0	0	0	0	0	0	0	0	0	0	0	0	0	0	0	0	0	0	0	0	0	0	0	0	0	0	0	0	0	0	0	0	0	0	0	0	0	0	0	0	0	0	0	0	0	0	0	0	0	0	0	0	0	0	0	0	0	0	0	0	0	0	0	0	0	0	0	0	0	0	0	0	0	0	0	0	0	0	0	0	0	0	0	0	0	0	0	0	0	0	0	0	0	0	0	0	0	0	0	0	0	0	0	0	0	0	0	0	0	0	0	0	0	0	0	0	0	0	0	0	0	0	0	0	0	0	0	0	0	0	0	0	0	0	0	0	0	0	0	0	0	0	0	0	0	0	0	0	0	0	0	0	0	0	0	0	0	0	0	0	0	0	0	0
At_SW4	0	0	0	0	0	0	0	0	0.000451083210714286	4.83138857142857e-06	3.02867428571429e-06	0	0.00305033390714286	6.74321e-06	0	8.43121264285714e-05	0	3.71514142857143e-05	0	0.000229260980571429	0.000474571353571429	0.00116118442857143	4.25026259285714e-05	0.00689071814285714	0	0	0	0.00068934579	0	0	0.00360476914285714	0	0	0	0.167238931571429	0.00039170606	0.00137110355	0	0	0.000147826877142857	0	0	0	0	0	0.00801701462142857	0.0118969108	0.000293723988571429	0.0398927182142857	4.45819278571429e-05	0.02806249	0	0	0.0121802342857143	0	8.055049e-05	2.231655e-05	0.00585434564285714	0	0.0122148441428571	0.00144897145714286	7.90590714285714e-06	0	0	3.12872142857143e-05	0	0	0	0.000153707776428571	0.00861984828571428	0	0	0	0	0.000355218814285714	0	4.35819757142857e-05	0	0	0	0	0	0.000856789188571429	0.000727427255	0.000688678185714286	0.00424466307142857	4.50432214285714e-06	0.0122390417857143	0.004946381	0.0048595145	0	9.4922035e-05	0	0	8.85486857142857e-06	0	0.00223895764285714	5.27567785714286e-06	0.000628211825	0	8.31999285714286e-07	0	2.20188364285714e-05	0.000106343273571429	0	0.00282572653571429	1.60361178571429e-05	0.000764810473571429	0	9.26485e-07	3.18420385714286e-05	4.95916214285714e-05	3.27676257142857e-05	0	1.58268814285714e-05	0.000259764362857143	0	0.000108159087142857	9.13415057142857e-05	0.0167905722142857	0.0426733570714286	0.00111066762142857	0.00393605985714286	0	0.0319529921428571	0	0	0.005454043	0.000523706242857143	0	0.000191211967857143	5.71115835714286e-05	8.31999285714286e-07	0	0	9.44670214285714e-06	0.000479654159285714	0	0	7.09104428571429e-06	0	0	0.00302778340714286	0	0.000306954367142857	0.00280454183571429	0	0	0.0168620899285714	0.0186403208571429	0.0498734621428571	0	0.00798065335714286	0.000467874128571429	0.00187419154285714	0.0861913038071429	0.000126732189285714	0.000181461255714286	0	0.000107022749285714	0.00289515278571429	0.000210157150714286	0.000630837864285714	0	0	0.00109967841571429	0.00189949415928571	0	3.67982421428571e-05	0.0010647886	0.00706356328571429	0.00127105119285714	0.0629985664285714	0.000152102520714286	0	0.0100711111428571	0.0649289914285714	0.00667668864285714	1.65697957142857e-05	0	0	0	0.000112673531428571	0.00185845795714286	0	0	1.90774942857143e-05	0	0.00211954687142857	2.289101e-05	0	0.00297304289285714	0.00185472430928571	0.000591113212142857	0	0	0.00437145472857143	0	0	0	0.0280764879571429	0	0	7.46923164285714e-06	0	0	0	0	0.000100349879285714	0	4.00834785714286e-06	0	0	0	0	0	0	0	0	0	0	0	0	0	0	0	0	0	0	0	0.0232869230714286	0	0	2.78137207142857e-05	0	0	0	0	0	0	0	0	0	0	0.0229108412142857	0	0	0	0	0	0	0.0581553276428571	0	0.00285433817857143	0	0.000429086842857143	0	1.57036142857143e-05	0.000622885582142857	0	0	0	0	1.96816407142857e-05	0	0	0	0	0	1.87960642857143e-06	0.00096930675	0	0.000850542585714286	8.41197671428571e-05	0	0	0.0300062184	7.72169285714286e-06	0	0	5.008062e-05	0	6.23999285714286e-07	6.66449128571429e-05	0	0.000289232577857143	0.000196383651428571	0	6.79634357142857e-06	0	9.84134264285714e-05	4.62184592857143e-05	7.19903978571429e-05	0.00668523007142857	6.23999285714286e-07	0	0	0.00134773135	0.000377304189285714	0.000166948184285714	4.09499357142857e-05	5.16891785714286e-06	2.20429857142857e-06	1.1670915e-05	5.17211628571429e-05	0	0	0.000224396630714286	0.000147943865714286	0.00206507130714286	0.00206588980142857	1.15125928571429e-05	0	0	0	0	0	0	0	0	0	0	0	0	0	0	0	0	0	0	0	0	0	0	0	0	0	0	0	0	0	0	0	0	0	0	0	0	0	0	0	0	0	0	0	0	0	0	0	0	0	0	0	0	0	0	0	0	0	0	0	0	0	0	0	0	0	0	0	0	0	0	0	0	0	0	0	0	0	0	0	0	0	0	0	0	0	0	0	0	0	0	0	0	0	0	0	0	0	0	0	0	0	0	0	0	0	0	0	0	0	0	0	0	0	0	0	0	0	0	0	0	0	0	0	0	0	0	0	0	0	0	0	0	0	0	0	0	0	0	0	0	0	0	0	0	0	0	0	0	0	0	0	0	0	0	0	0	0	0	0	0	0	0	0	0	0	0	0	0	0	0	0	0	0	0	0	0	0	0	0	0	0	0	0	0	0	0	0	0	0	0	0	0	0	0	0	0	0	0	0	0	0	0	0	0	0	0	0	0	0	0	0	0	0	0	0	0	0	0	0	0	0	0	0	0	0	0	0	0	0	0	0
Ath_AAG	0	0	0	0	0	3.49736333333333e-06	0	0	0.000296442235555556	1.61932055555556e-06	1.61253094444444e-05	0	0.00300660227222222	6.37811983333333e-06	0	7.17004572222222e-05	0	4.08209372222222e-05	0	0.000232245843333333	0.000556570077777778	0.00081120005	0.000104106751666667	0.0112881362222222	0	0	0	0.000783429494444444	0	0	0.00380336094444444	0	0	0	0.145426547777778	0.000550083432777778	0.00162269980555556	0	0	0.000246656291111111	0	0	0	0	0	0.003920129555	0.0145935193555556	0.000179028661166667	0.0318084055555556	6.32345655555556e-05	0.0347289257777778	0	0	0.0262334232222222	0	0.00019570045	1.24668411111111e-06	0.0068598065	1.60208311111111e-05	0.0124606082777778	0.00195092714444444	1.06691939444444e-05	0	0	3.538145e-06	0	0	0	0.000746438395555556	0.00909513122222222	0	0	0	0	0.000566181794444444	0	3.68296333333333e-06	0	0	0	0	0	0.00413584385055556	0.000832288066666667	0.00164903323888889	0.00255471418333333	5.99799388888889e-06	0.0107389636666667	0.00489620061111111	0.00660973644444444	0	0.000248415376666667	0	0	3.53157655555556e-05	1.26130333333333e-06	0.00284146778888889	0	0.000682291655555555	0	2.37319277777778e-06	0	2.33269288888889e-05	4.12192588888889e-05	0	0.00436869007777778	1.02437111111111e-06	0.00116417436111111	0	0	1.01648765e-05	4.79710255555556e-05	0.000130524187777778	0	1.94552938888889e-05	0.000201738725	0	0.000187618936666667	5.8053533e-05	0.0136395400555556	0.0373783461111111	0.00242981288333333	0.00425815855555556	0	0.0527943811111111	0	0	0.00342729388888889	0.000559420341111111	0	0.000214970827222222	0.000103795512666667	0	0	0	4.99588261111111e-05	0.000587089229444444	0	0	0	0	0	0.00468258527777778	0	0.000132809761111111	0.00424670882777778	0	0	0.0112025102222222	0.0348804968333333	0.0290509433333333	0	0.00961778811111111	0.00156356451666667	0.00252429150555556	0.0913053376166667	0.000136451408333333	0.0001693958525	0	0.000110747018666667	0.0021859201	4.793411e-05	0.000780206883333333	0	0	0.000616905201666667	0.000602431811111111	0	1.59950888888889e-05	0.00217291510555556	0.00706164838888889	0.00334058196666667	0.0538674772222222	0.00030864814	0	0.00826898477777778	0.0591499154444444	0.00858271522222222	2.16223444444444e-06	0	0	0	0.000209616853888889	0.00204393536111111	0	0	8.04607126111111e-05	0	0.00214154228888889	0	0	0.00300323722222222	0.00183078698888889	5.28892197777778e-05	0	0	0.00727717407222222	0	0	0	0.0196163379277778	0	0	2.61576672222222e-05	0	0	0	0	3.80845412222222e-05	0	0	0	0	0	0	0	0	0	0	0	0	0	0	0	0	0	0	0	0	0	0.028981688	0	0	6.25458977777778e-05	0	0	0	0	0	0	0	0	0	0	0.0221831330555556	0	0	0	0	0	0	0.0803829063833333	0	0.00256368378888889	0	0.000305359628555556	0	2.32578938888889e-05	0.000406912739666667	0	0	0	0	7.86706944444445e-06	0	0	0	1.14125622777778e-05	0	1.54013550555556e-05	0.00141789464444444	0	0.00107006771111111	9.74802633333333e-05	0	1.88905011111111e-05	0.00389783674444444	0	0	0	8.98370166666667e-05	0	0	3.01150466666667e-05	0	0.000119238163888889	0.000221425149444444	0	0	0	2.16175626111111e-05	0.000136787030388889	0.000110875862222222	0.00790475733333333	3.89376872222222e-05	0	3.70690388888889e-06	0.00216468012222222	0.000840560702222222	0.000169187527777778	0	1.66775611111111e-06	1.35680224444444e-05	1.36431134444444e-05	6.87333083333333e-05	0	0.000165265261111111	0	0.000109400681722222	0.00249692049444444	0.00164427371666667	4.69499555555556e-06	0	0	0	0	0	0	0	0	0	0	0	0	0	0	0	0	0	0	0	0	0	0	0	0	0	0	0	0	0	0	0	0	0	0	0	0	0	0	0	0	0	0	0	0	0	0	0	0	0	0	0	0	0	0	0	0	0	0	0	0	0	0	0	0	0	0	0	0	0	0	0	0	0	0	0	0	0	0	0	0	0	0	0	0	0	0	0	0	0	0	0	0	0	0	0	0	0	0	0	0	0	0	0	0	0	0	0	0	0	0	0	0	0	0	0	0	0	0	0	0	0	0	0	0	0	0	0	0	0	0	0	0	0	0	0	0	0	0	0	0	0	0	0	0	0	0	0	0	0	0	0	0	0	0	0	0	0	0	0	0	0	0	0	0	0	0	0	0	0	0	0	0	0	0	0	0	0	0	0	0	0	0	0	0	0	0	0	0	0	0	0	0	0	0	0	0	0	0	0	0	0	0	0	0	0	0	0	0	0	0	0	0	0	0	0	0	0	0	0	0	0	0	0	0	0	0	0	0	0	0	0
Ath_BAL	0	0	0	0	0	5.85054153846154e-06	0	0	0.000483667557692308	1.79378126923077e-05	4.18233415384615e-05	0	0.00311459518461538	7.77154615384615e-07	0	9.57678707692308e-05	0	9.07723076923077e-05	0	0.000541762405769231	0.000567063021153846	0.000908552419230769	5.33072287692308e-05	0.0132105210384615	0	0	0	0.000366726459230769	0	0	0.0034087905	0	0	0	0.152772850961538	0.000418189798076923	0.00193357045384615	0	0	0.000140374257692308	0	0	0	0	0	0.00406091401153846	0.0108460392307692	0.000341546704615385	0.0308103858461538	2.25986900769231e-05	0.0195843185	0	0	0.0127493298076923	0	5.33739860384615e-05	0	0.00501061934615385	1.30303792307692e-05	0.0137229323461538	0.00177021795	0.00010001902	0	0	8.13690730769231e-06	0	0	0	0.000352265410769231	0.00980070565384615	0	0	0	0	0.000473230458461538	0	8.94765615384615e-06	0	0	0	0	0	0.00132612564230769	0.000947824675384615	0.000557035780769231	0.00333332447692308	1.10127826923077e-05	0.00897892246153846	0.00365060929230769	0.00509243953846154	0	0.000601392213461538	0	0	1.21774730769231e-05	6.94199730769231e-06	0.00225695105	0	0.000756244079230769	0	2.34488334615385e-05	0	2.02276179615385e-05	3.27110542307692e-05	0	0.00431220093846154	9.50890526923077e-06	0.00140299558461538	0	4.91648076923077e-07	0.000100250272692308	0.000130479705769231	8.06472846153846e-05	0	3.7339084e-05	8.17069342307692e-05	0	9.06253261538462e-05	1.50032388461538e-05	0.0143207578076923	0.0288071918846154	0.00324390875769231	0.00364836826153846	0	0.0433586236153846	0	0	0.00151205801923077	0.000500199275	0	0.000399592397692308	9.47504774230769e-05	9.13926923076923e-07	0	0	2.92301715e-05	0.000526985977692308	0	0	6.07391192307692e-06	0	0	0.00481417526923077	0	0.000171930667307692	0.00454470409615385	0	0	0.0108427476923077	0.0258207055384615	0.0439976961538462	0	0.00609466980769231	0.00234543989615385	0.00258440483461538	0.0994549331730769	0.000210920193461538	0.000240246525769231	0	7.99794553461539e-05	0.00227098783076923	5.81137884615385e-06	0.000703114537307692	0	0	0.000306612686692308	0.000608914838461538	0	2.94511549230769e-05	0.00223201833461538	0.00670565476923077	0.00198519709230769	0.063563125	0.000260698932307692	0	0.00680215892307692	0.0987598807692308	0.00801792903846154	2.32077088461538e-06	0	0	0	0.000545215652692308	0.00160001314230769	0	0	8.72721476923077e-05	0	0.00160863883461538	0	0	0.00328148566923077	0.00153838169615385	3.81075703461538e-05	0	0	0.00399472981538462	0	0	0	0.0274403131076923	0	0	3.38893961538462e-06	0	0	0	0	6.48379627307692e-05	0	0	0	0	0	0	0	0	0	0	0	0	0	0	0	0	0	0	0	0	0	0.0336080240384615	0	0	6.18166084615385e-05	0	0	0	0	0	0	0	0	0	0	0.0166609128076923	0	0	0	0	0	0	0.0671572298192308	0	0.00150526597307692	0	0.000264451093076923	0	4.16331584615385e-05	0.000331661600384615	0	0	0	0	2.79326384615385e-05	0	0	0	1.22472635384615e-05	0	5.34715323076923e-06	0.000760474713461538	0	0.000955162615384615	6.87754653846154e-06	0	4.53189e-05	0.00360081376153846	0	0	0	7.237127e-05	0	0	7.78883741923077e-05	0	0.000275002908076923	0.000257221767692308	0	0	0	6.84571230769231e-05	0.000114682993846154	8.08877170384615e-05	0.00833588634615385	7.55549595384615e-05	0	9.87032692307692e-07	0.00225159379615385	0.000627043053846154	0.000147779821923077	0	2.80956515384615e-06	1.45950995e-05	1.86574736538462e-05	7.21064102307692e-05	0	0.000315324392692308	0	7.13614323076923e-05	0.00325895752307692	0.00692927143846154	8.76769307692308e-06	0	0	0	0	0	0	0	0	0	0	0	0	0	0	0	0	0	0	0	0	0	0	0	0	0	0	0	0	0	0	0	0	0	0	0	0	0	0	0	0	0	0	0	0	0	0	0	0	0	0	0	0	0	0	0	0	0	0	0	0	0	0	0	0	0	0	0	0	0	0	0	0	0	0	0	0	0	0	0	0	0	0	0	0	0	0	0	0	0	0	0	0	0	0	0	0	0	0	0	0	0	0	0	0	0	0	0	0	0	0	0	0	0	0	0	0	0	0	0	0	0	0	0	0	0	0	0	0	0	0	0	0	0	0	0	0	0	0	0	0	0	0	0	0	0	0	0	0	0	0	0	0	0	0	0	0	0	0	0	0	0	0	0	0	0	0	0	0	0	0	0	0	0	0	0	0	0	0	0	0	0	0	0	0	0	0	0	0	0	0	0	0	0	0	0	0	0	0	0	0	0	0	0	0	0	0	0	0	0	0	0	0	0	0	0	0	0	0	0	0	0	0	0	0	0	0	0	0	0	0	0
Ath_BNE	0	0	0	0	0	7.14533086956522e-06	0	0	0.000397993547826087	2.706655e-05	3.74045552173913e-05	0	0.0025782269826087	1.75675652173913e-06	0	4.72014026086957e-05	0	7.88127630434783e-05	0	0.000130145636956522	0.000451855523478261	0.00101592333913043	0.000111703555043478	0.0151844830434783	0	0	0	0.000476088208695652	0	0	0.00353331726086957	0	0	0	0.166790687217391	0.000287963567826087	0.00170957166086957	0	0	8.81996986956522e-05	0	0	0	0	0	0.00281253746521739	0.0114210039652174	0.000367995919130435	0.0281085382608696	5.45504869565217e-05	0.0203809364347826	0	0	0.0101059014782609	0	5.6182917826087e-05	2.8333157826087e-05	0.00569339747826087	1.61464752173913e-05	0.0116330041304348	0.00176494404782609	1.4505827e-05	0	0	7.88304826086956e-06	0	0	0	0.000323822807391304	0.0111977062173913	0	0	0	0	0.000407240829130435	0	1.42785986956522e-05	0	0	0	0	0	0.00078278547173913	0.000987118334782609	0.000905308283478261	0.00290145357391304	1.85725056521739e-05	0.0100323161304348	0.00407940313043478	0.00555097799130435	0	0.000292564562173913	0	0	2.05065839130435e-05	6.06813217391304e-06	0.00244626213478261	0	0.000657511275217391	0	2.90241173913043e-06	0	5.80464326086957e-05	1.91638443043478e-05	0	0.00350987055217391	4.86260956521739e-06	0.00055786436173913	0	3.83563391304348e-06	0.000109178566956522	0.000781008605217391	0.000119313731304348	0	2.61908347826087e-05	8.39868643478261e-05	0	0.000144102708869565	2.67628021304348e-05	0.0145928065217391	0.0377002919130435	0.00229940285652174	0.00457457982608696	0	0.04290406	0	0	0.00221211759130435	0.000587767486956522	0	0.00025725168826087	5.9536765173913e-05	2.27478647826087e-06	0	0	4.422132e-05	0.000637434974347826	0	0	1.95692352173913e-05	0	0	0.00477092826086957	0	0.000201393161304348	0.00346780295652174	0	0	0.0104115480434783	0.0188842634347826	0.0468409652173913	0	0.00601373104347826	0.0020449342173913	0.00267165838695652	0.0946192562347826	0.000167035040869565	0.000218497847391304	0	7.61346795652174e-05	0.00218194225652174	4.04702347826087e-06	0.000512267897391304	0	0	0.00016817088173913	0.000877897119130435	0	1.76269099130435e-05	0.00232213731304348	0.00632116843478261	0.00268422897391304	0.0526065426086957	0.000424914266956522	0	0.00820980630434783	0.109319622608696	0.008747561	6.60548760869565e-06	0	0	0	0.00042684766173913	0.00174196010869565	0	0	0.000109872843478261	0	0.00141693970434783	0	0	0.00324186840869565	0.00102604005391304	6.78533182608696e-05	0	0	0.00497726260869565	0	0	0	0.0209178422043478	0	0	6.75378130434783e-06	0	0	0	0	3.35451969565217e-05	0	7.86083043478261e-06	0	0	0	0	0	0	0	0	0	0	0	0	0	0	0	0	0	0	0	0.0316971086956522	0	0	7.83616569565217e-05	0	0	0	0	0	0	0	0	0	0	0.0173572412608696	0	0	0	0	0	0	0.0705528148173913	0	0.00192539576956522	0	0.000300964356086956	0	1.58311569130435e-05	0.000287857118695652	0	0	0	0	2.84071779565217e-05	0	0	0	3.13594713043478e-05	0	3.4800152173913e-06	0.000767856147826087	0	0.00120979575652174	6.80711452173913e-05	0	0.000110124523478261	0.00376937052173913	3.04329130434783e-05	1.15703447826087e-05	0	8.78819543478261e-05	0	0	5.57901441304348e-05	0	0.00085286476	0.000228126961304348	0	1.90371913043478e-06	0	4.78117978695652e-05	0.000103076196086957	0.000124130528695652	0.00584474882608696	0	0	0	0.00156573921304348	0.000758230942173913	0.000170692963478261	0	6.60688217391304e-06	1.59603217391304e-05	2.60586426086957e-05	0.000198544270434783	0	3.55083043478261e-07	0	6.47314786956522e-05	0.00295647990434783	0.00248206274347826	1.11223647826087e-05	0	0	0	0	0	0	0	0	0	0	0	0	0	0	0	0	0	0	0	0	0	0	0	0	0	0	0	0	0	0	0	0	0	0	0	0	0	0	0	0	0	0	0	0	0	0	0	0	0	0	0	0	0	0	0	0	0	0	0	0	0	0	0	0	0	0	0	0	0	0	0	0	0	0	0	0	0	0	0	0	0	0	0	0	0	0	0	0	0	0	0	0	0	0	0	0	0	0	0	0	0	0	0	0	0	0	0	0	0	0	0	0	0	0	0	0	0	0	0	0	0	0	0	0	0	0	0	0	0	0	0	0	0	0	0	0	0	0	0	0	0	0	0	0	0	0	0	0	0	0	0	0	0	0	0	0	0	0	0	0	0	0	0	0	0	0	0	0	0	0	0	0	0	0	0	0	0	0	0	0	0	0	0	0	0	0	0	0	0	0	0	0	0	0	0	0	0	0	0	0	0	0	0	0	0	0	0	0	0	0	0	0	0	0	0	0	0	0	0	0	0	0	0	0	0	0	0	0	0	0	0
Ath_CSA	0	0	0	0	0	8.48131571428571e-06	0	0	0.000257018816666667	5.44735004761905e-05	2.44310557142857e-05	0	0.00281595583333333	1.4277540952381e-05	0	8.41768971428571e-05	0	6.63914785714286e-05	0	8.07793580952381e-05	0.000430827480952381	0.00101480334761905	4.91131723809524e-05	0.0161344109047619	0	0	0	0.000547057742857143	0	0	0.00338454685714286	0	0	0	0.173636297952381	0.000287252271428571	0.00159712216190476	0	0	7.71324085714286e-05	0	0	0	0	0	0.0025743823	0.0109317032095238	0.000393992291428571	0.0302105606666667	3.34989180952381e-05	0.0244009044761905	0	0	0.00958914504761905	0	4.62923285714286e-05	1.81276707142857e-05	0.00605280442857143	1.77450014285714e-05	0.0132883318571429	0.001759368	7.2224719047619e-06	0	0	2.55620238095238e-06	0	0	0	0.000358962513809524	0.00996253980952381	0	0	0	0	0.000395093244761905	0	2.87312476190476e-06	0	0	0	0	0	0.00208663742857143	0.000898129919047619	0.000970725166666667	0.00231192306190476	5.07153085714286e-06	0.00851646266666667	0.00335057195238095	0.0052423580952381	0	0.00019703509047619	0	0	2.1982560952381e-05	4.03985619047619e-06	0.00217006056190476	0	0.000379846863809524	0	2.84950814285714e-05	0	4.88145770952381e-05	2.29782571428571e-05	0	0.00362597880952381	8.86716190476191e-06	0.000690908593333333	0	5.47942380952381e-07	4.50878304761905e-05	0.00017362765047619	8.24213133333333e-05	0	2.8684980952381e-05	0.000102191221904762	0	0.000274199011904762	1.15987802857143e-05	0.0138955087142857	0.0424677276190476	0.00213412903333333	0.00478652976190476	0	0.0464404947619048	0	0	0.00155304188095238	0.000492771628571429	0	0.000180292321428571	0.00011706874952381	3.29736571428571e-06	0	0	2.76262452380952e-05	0.000588991828571429	0	0	1.25352376190476e-05	0	0	0.00425376338095238	0	0.000180567171904762	0.00260819828571429	0	0	0.00941809509523809	0.0404940178095238	0.0456049661904762	0	0.00658168747619048	0.00171370223333333	0.00186870401904762	0.0919615418761905	0.000159991408571429	0.000293507208095238	0	9.14525195238095e-05	0.0020689747047619	2.0888650952381e-05	0.00045487760952381	0	0	0.00170702382190476	0.000646648726190476	0	1.43546071428571e-05	0.00203664391428571	0.00619222904761905	0.00144470899047619	0.054229670952381	0.000155547767142857	0	0.00861369828571429	0.0775113952380952	0.00789693295238095	3.50086638095238e-06	0	0	0	0.000510353221428571	0.00178908625238095	0	0	8.46609904761905e-05	0	0.00117690761190476	0	0	0.00384753676190476	0.00105106960952381	4.22214538095238e-05	0	0	0.00378774314285714	0	0	0	0.0201197913428571	0	0	1.54581249047619e-05	0	0	0	0	4.06341252380952e-05	0	0	0	0	0	0	0	0	0	0	0	0	0	0	0	0	0	0	0	0	0	0.038404560952381	0	0	3.68242761904762e-05	0	0	0	0	0	0	0	0	0	0	0.014607601952381	0	0	0	0	0	0	0.067549364952381	0	0.00181059898095238	0	0.000198962393333333	0	9.30754152380952e-06	0.00061554842	0	0	0	0	1.05928498095238e-05	0	0	0	1.21400757619048e-05	0	5.18946138095238e-06	0.000863053333333333	0	0.00108346978095238	0.000170314195238095	0	6.00698723809524e-05	0.00324666573809524	0	0	0	8.10272304761905e-05	0	0	4.5272018952381e-05	0	0.00117749666047619	0.000260031101428571	0	0	0	4.24454047619048e-05	9.42064880952381e-05	8.97773508571429e-05	0.00627965761904762	2.22103719047619e-05	0	0	0.00163691621428571	0.000786702814285714	0.00011900628047619	0	8.31091714285714e-06	1.47176542857143e-05	1.24893947142857e-05	7.97031737142857e-05	0	2.55668857142857e-05	0	4.59413519047619e-05	0.00348883900952381	0.0016986745	4.07703847619048e-06	0	0	0	0	0	0	0	0	0	0	0	0	0	0	0	0	0	0	0	0	0	0	0	0	0	0	0	0	0	0	0	0	0	0	0	0	0	0	0	0	0	0	0	0	0	0	0	0	0	0	0	0	0	0	0	0	0	0	0	0	0	0	0	0	0	0	0	0	0	0	0	0	0	0	0	0	0	0	0	0	0	0	0	0	0	0	0	0	0	0	0	0	0	0	0	0	0	0	0	0	0	0	0	0	0	0	0	0	0	0	0	0	0	0	0	0	0	0	0	0	0	0	0	0	0	0	0	0	0	0	0	0	0	0	0	0	0	0	0	0	0	0	0	0	0	0	0	0	0	0	0	0	0	0	0	0	0	0	0	0	0	0	0	0	0	0	0	0	0	0	0	0	0	0	0	0	0	0	0	0	0	0	0	0	0	0	0	0	0	0	0	0	0	0	0	0	0	0	0	0	0	0	0	0	0	0	0	0	0	0	0	0	0	0	0	0	0	0	0	0	0	0	0	0	0	0	0	0	0	0	0
Ath_ENN	0	0	0	0	0	5.595671875e-06	0	0	0.000301149320625	2.84074475e-05	2.57106675e-05	0	0.00182056076875	0	0	4.202535375e-05	0	1.9068225625e-05	0	0.00013397010978125	0.00045125542625	0.0010599533125	4.16647878125e-05	0.01288492196875	0	0	0	0.000410544250625	0	0	0.0029895131875	0	0	0	0.15410446003125	0.0002036719846875	0.002092532075	0	0	7.38945553125e-05	0	0	0	0	0	0.003048885815625	0.01326316781875	0.000313301028125	0.03442927275	4.13013671875e-05	0.02669387175	0	0	0.0101343194375	0	3.823415834375e-05	1.0626153125e-06	0.00612351175	2.60026709375e-05	0.01381843684375	0.001683485521875	4.522548125e-06	0	0	0.000184889654375	0	0	0	0.000738379714375	0.013809663125	0	0	0	0	0.0003245354878125	0	8.356285625e-06	0	0	0	0	0	0.0014681434375	0.001008275940625	0.001331521234375	0.001840427596875	1.8027935e-06	0.00629708325	0.004044211928125	0.00467235375	0	0.00018532133125	0	0	1.00608028125e-05	1.4326364125e-05	0.00207396695	0	0.000533818778125	0	4.56916303125e-06	0	9.16248340625e-05	3.1890118875e-05	0	0.004512573625	0	0.000978233855625	0	3.12940875e-06	0.0001088143859375	0.001105726530625	0.00016126592915625	0	3.62986115625e-05	5.369429003125e-05	0	0.000279402273125	5.36994529375e-05	0.01218564846875	0.0342523635	0.002828125384375	0.0047050812125	0	0.04984222875	0	0	0.00147629306875	0.0004770121303125	0	0.0003104021328125	5.80501345625e-05	1.04941884375e-06	0	0	3.609426125e-05	0.000653310128125	0	0	7.9654971875e-06	0	0	0.0052218405	0	0.0002037494753125	0.0034127776	0	0	0.0074133215	0.031777089125	0.0430591069375	0	0.00535809809375	0.002702898203125	0.002786038971875	0.107734513903125	0.0002200849078125	0.000783792883125	0	0.00013080490990625	0.0019060764875	1.5850295e-05	0.0006649214446875	0	0	0.000215987480625	0.0007231029784375	0	0.00025639668925	0.00237440794375	0.00452074096875	0.00221019155	0.0528437621875	0.000443746429375	0	0.010389588375	0.06757714571875	0.00789491515625	1.43592875e-06	0	0	0	0.0002969264784375	0.001598775165625	0	0	9.78248228125e-05	0	0.00129167021875	0	0	0.003168669209375	0.0009674607775	2.4595093e-05	0	0	0.003528909678125	0	0	0	0.01794638966875	0	0	1.418976534375e-05	0	0	0	0	1.649904440625e-05	0	5.8698125e-07	0	0	0	0	0	0	0	0	0	0	0	0	0	0	0	0	0	0	0	0.0413244321875	0	0	7.08404215625e-05	0	0	0	0	0	0	0	0	0	0	0.01969130315625	0	0	0	0	0	0	0.073160962675	0	0.0023808514375	0	0.0003675778984375	0	0.000114769950625	0.00042766971875	0	0	0	8.408525e-07	3.535300178125e-05	0	0	0	2.46095474375e-05	0	1.157800375e-05	0.0009492156059375	0	0.001220093521875	3.02180653125e-05	0	5.66879509375e-05	0.011015660975	3.57526125e-05	0	0	9.5466655625e-05	0	0	0.00015280021753125	0	0.002218720384375	0.0003038315775	0	1.1211365625e-06	0	0.00023421150828125	0.0001382167790625	0.000154681649375	0.005961602	1.7113715e-05	0	2.695778125e-06	0.0021737816875	0.000903707965625	0.00015454410875	0	2.21680815625e-05	2.2859618125e-05	2.5830316e-05	0.00016942884140625	0	0	0	0.0001024992871875	0.004009574946875	0.001297754278125	1.4135780625e-05	0	0	0	0	0	0	0	0	0	0	0	0	0	0	0	0	0	0	0	0	0	0	0	0	0	0	0	0	0	0	0	0	0	0	0	0	0	0	0	0	0	0	0	0	0	0	0	0	0	0	0	0	0	0	0	0	0	0	0	0	0	0	0	0	0	0	0	0	0	0	0	0	0	0	0	0	0	0	0	0	0	0	0	0	0	0	0	0	0	0	0	0	0	0	0	0	0	0	0	0	0	0	0	0	0	0	0	0	0	0	0	0	0	0	0	0	0	0	0	0	0	0	0	0	0	0	0	0	0	0	0	0	0	0	0	0	0	0	0	0	0	0	0	0	0	0	0	0	0	0	0	0	0	0	0	0	0	0	0	0	0	0	0	0	0	0	0	0	0	0	0	0	0	0	0	0	0	0	0	0	0	0	0	0	0	0	0	0	0	0	0	0	0	0	0	0	0	0	0	0	0	0	0	0	0	0	0	0	0	0	0	0	0	0	0	0	0	0	0	0	0	0	0	0	0	0	0	0	0	0	0
Ath_ENS	0	0	0	0	0	1.26893754545455e-05	0	0	0.000568155472727273	4.52858336363636e-05	4.88937536363636e-05	0	0.00219793794090909	2.86730136363636e-06	0	0.000101593146363636	0	8.30275309090909e-05	0	0.000150064634545455	0.000508731536818182	0.000900671581818182	0.000112435304363636	0.0167763363636364	0	0	0	0.000510491357727273	0	0	0.00497466522727273	0	0	0	0.157514094727273	0.000348637985	0.00194995408636364	0	0	0.000149175601818182	0	0	0	0	0	0.00302735326818182	0.0121882767227273	0.000439878732272727	0.0305122022727273	6.10541958181818e-05	0.0210198045	0	0	0.00949919759090909	0	3.82499281818182e-05	0	0.00528038390909091	2.865109e-05	0.0150257650454545	0.00219501837727273	2.16458163636364e-06	0	0	1.19888435909091e-05	0	0	0	0.000413754189545455	0.0130699338636364	0	0	0	0	0.000384523703636364	0	7.46836318181818e-06	0	0	0	0	0	0.00139978496818182	0.00125650450909091	0.000710576395454546	0.003245255	1.44425548636364e-05	0.00936657640909091	0.00438017986363636	0.00577467831818182	0	0.000259710483636364	0	0	8.89254181818182e-06	1.79552259090909e-05	0.00280323868181818	0	0.000654664095454545	0	1.45532159090909e-05	0	5.68275172727273e-05	8.26409977272727e-05	0	0.00496091723181818	5.70184409090909e-06	0.000958949013636364	0	5.26945e-06	0.000126268846818182	0.00047816075	0.000121463024545455	0	2.64464931818182e-05	0.000120455948181818	0	9.82600148181818e-05	4.74267132727273e-05	0.0165313477727273	0.0312337072727273	0.0027929737	0.00664301495454545	0	0.0495236554545455	0	0	0.00107879511363636	0.000540431222727273	0	0.000443922676363636	8.81994904545455e-05	2.07800877272727e-06	0	0	2.92070790909091e-05	0.000680981327272727	0	0	3.47225272727273e-06	0	0	0.00547332504545455	0	0.000215520089545455	0.00452830907727273	0	0	0.0104142016363636	0.0220646686363636	0.0411192404545455	0	0.0044496715	0.00233455484545455	0.00297331668636364	0.0978673034909091	0.000402883189545455	0.000239635908181818	0	0.000125257400454545	0.0017138608	1.93972322727273e-05	0.000709750013636364	0	0	0.000520305847727273	0.000928883459090909	0	2.23706759090909e-05	0.00240676970454545	0.00850730081818182	0.00207078112727273	0.0508792122727273	0.000294187624545455	0	0.00743791522727273	0.0826451786363636	0.0122005762272727	8.20124077272727e-06	0	0	0	0.000249495064090909	0.00147954067727273	0	0	0.000139216415454545	0	0.00142772469545455	0	0	0.00452154095454545	0.0017113852	0.000114394361818182	0	0	0.00374609705909091	0	0	0	0.0234773620818182	0	0	4.96529454545455e-06	0	0	0	0	2.21990622727273e-05	0	0	0	0	0	0	0	0	0	0	0	0	0	0	0	0	0	0	0	0	0	0.0376911840909091	0	0	0.000130654468181818	0	0	0	0	0	0	0	0	0	0	0.0193848454545455	0	0	0	0	0	0	0.0725673682727273	0	0.00197427467272727	0	0.000368847283181818	0	2.27649818181818e-05	0.000387945006818182	0	0	0	0	9.97233585909091e-05	0	0	0	2.65392777727273e-05	0	1.95204913636364e-05	0.000566388151363636	0	0.00102343454090909	1.98319831818182e-05	0	7.71715109090909e-05	0.00221585577727273	0	0	0	8.48093859090909e-05	0	0	9.9012245e-05	0	0.00104475311818182	0.000159114428636364	0	0	0	0.000285033540409091	0.000121742405909091	0.000133599489090909	0.00614878568181818	2.18551090909091e-07	0	6.24782181818182e-06	0.00244554621363636	0.000729161913636364	0.000113033787727273	0	5.94549195454545e-06	2.44609627272727e-05	2.51550243636364e-05	0.000165841925636364	0	1.76939363636364e-06	0	8.90737613636364e-05	0.00416419180454545	0.00135685055	3.83887681818182e-06	0	0	0	0	0	0	0	0	0	0	0	0	0	0	0	0	0	0	0	0	0	0	0	0	0	0	0	0	0	0	0	0	0	0	0	0	0	0	0	0	0	0	0	0	0	0	0	0	0	0	0	0	0	0	0	0	0	0	0	0	0	0	0	0	0	0	0	0	0	0	0	0	0	0	0	0	0	0	0	0	0	0	0	0	0	0	0	0	0	0	0	0	0	0	0	0	0	0	0	0	0	0	0	0	0	0	0	0	0	0	0	0	0	0	0	0	0	0	0	0	0	0	0	0	0	0	0	0	0	0	0	0	0	0	0	0	0	0	0	0	0	0	0	0	0	0	0	0	0	0	0	0	0	0	0	0	0	0	0	0	0	0	0	0	0	0	0	0	0	0	0	0	0	0	0	0	0	0	0	0	0	0	0	0	0	0	0	0	0	0	0	0	0	0	0	0	0	0	0	0	0	0	0	0	0	0	0	0	0	0	0	0	0	0	0	0	0	0	0	0	0	0	0	0	0	0	0	0	0	0	0
Ath_FRN	0	0	0	0	0	1.20149442105263e-05	0	0	0.000644291284210526	5.81601831578947e-05	4.07742515789474e-05	0	0.00441727594736842	4.06986631578947e-07	0	6.49113373684211e-05	0	8.13200005263158e-05	0	0.000209676951578947	0.000813545910526316	0.000913436278947368	0.000176467681052632	0.00639294336842105	0	0	0	0.000466351242105263	0	0	0.00426463957894737	0	0	0	0.120919712947368	0.000433300922105263	0.001860398	0	0	0.000110489597368421	0	0	0	0	0	0.00397826709473684	0.0137662574105263	0.000361418159473684	0.0298276647368421	5.41464568421053e-05	0.0239586888421053	0	0	0.0142270244210526	0	2.66756267368421e-05	0	0.00740171268421053	7.05950868421053e-05	0.0164250455789474	0.00212685975263158	1.24410236842105e-05	0	0	6.47518336842105e-06	0	0	0	0.00103042356368421	0.0147663258947368	0	0	0	0	0.000774939357894737	0	5.79051684210526e-06	0	0	0	0	0	0.00131165519	0.00140348426315789	0.00124125223684211	0.00279887337894737	2.25392305263158e-06	0.0101259278947368	0.00549072547368421	0.00673513557894737	0	7.54003294736842e-05	0	0	3.42785931578947e-05	1.24567805263158e-05	0.00271122510526316	0	0.000842002868421053	0	3.8534012631579e-05	0	6.04278536842105e-05	4.82794222105263e-05	0	0.00430109352631579	2.49280157894737e-05	0.00385866638421053	0	1.58449931578947e-06	9.44711863157895e-05	7.845837e-05	0.000204830205631579	0	5.22220247368421e-05	4.71377480526316e-05	0	0.000176093086684211	5.57392276842105e-05	0.0100383428947368	0.0276998236842105	0.00498628068421053	0.00462104452631579	0	0.0463253352631579	0	0	0.00176407482631579	0.000702509384210526	0	0.000288207395789474	5.1273432368421e-05	5.93607257894737e-06	0	0	3.22092289473684e-05	0.000602054894736842	0	0	1.29481015789474e-05	0	0	0.00716127426315789	0	0.000314329240526316	0.00500817131578947	0	0	0.00742204747368421	0.0354999136842105	0.0375171110526316	0	0.00747984789473684	0.0022369206	0.00376660573684211	0.121201513268421	0.000246829018421053	0.00063486865	0	0.000145073389473684	0.00302306184210526	5.16228473684211e-06	0.000811065694736842	0	0	0.000170322805789474	0.000692484789473684	0	1.22540371578947e-05	0.00355623763157895	0.00665510263157895	0.00326136002105263	0.0461528952631579	0.00110964218578947	0	0.00993611715789474	0.0560584942105263	0.00649703068421053	1.84130726315789e-05	0	0	0	0.000826226	0.00223190857894737	0	0	0.00022153361	0	0.00252050327894737	0	0	0.00407409584210526	0.00151548737368421	7.3639977368421e-05	0	0	0.00401141357894737	0	0	0	0.0205898921736842	0	0	5.61613592105263e-05	0	0	0	0	0.000114816611210526	0	0	0	0	0	0	0	0	0	0	0	0	0	0	0	0	0	0	0	0	0	0.0379783321052632	0	0	7.82318710526316e-05	0	0	0	0	0	0	0	0	0	0	0.0195768853684211	0	0	0	0	0	0	0.0931925537631579	0	0.00255063704736842	0	0.000345259193684211	0	0.000640424171052632	0.0004476488	0	0	0	0	2.78822315263158e-05	0	0	0	1.8498965e-05	0	2.43965564210526e-05	0.00155612752105263	0	0.00152658284210526	1.98841068421053e-05	0	7.56926189473684e-05	0.00772057247368421	0	0	0	0.000189609486315789	0	0	0.000178975662736842	0	0.000304820596842105	0.000429024776842105	0	0	0	2.31250993157895e-05	0.000228447733684211	0.000184469037052632	0.00669484684210526	0.000139629603157895	0	6.97654736842105e-06	0.00328859131578947	0.00111914446315789	0.000314338782105263	0	2.23346447368421e-05	5.38571956842105e-05	2.40994760526316e-05	0.000225502756894737	0	1.03166568421053e-06	0	5.27764910526316e-05	0.00415372707368421	0.00409672827368421	4.62025e-07	0	0	0	0	0	0	0	0	0	0	0	0	0	0	0	0	0	0	0	0	0	0	0	0	0	0	0	0	0	0	0	0	0	0	0	0	0	0	0	0	0	0	0	0	0	0	0	0	0	0	0	0	0	0	0	0	0	0	0	0	0	0	0	0	0	0	0	0	0	0	0	0	0	0	0	0	0	0	0	0	0	0	0	0	0	0	0	0	0	0	0	0	0	0	0	0	0	0	0	0	0	0	0	0	0	0	0	0	0	0	0	0	0	0	0	0	0	0	0	0	0	0	0	0	0	0	0	0	0	0	0	0	0	0	0	0	0	0	0	0	0	0	0	0	0	0	0	0	0	0	0	0	0	0	0	0	0	0	0	0	0	0	0	0	0	0	0	0	0	0	0	0	0	0	0	0	0	0	0	0	0	0	0	0	0	0	0	0	0	0	0	0	0	0	0	0	0	0	0	0	0	0	0	0	0	0	0	0	0	0	0	0	0	0	0	0	0	0	0	0	0	0	0	0	0	0	0	0	0	0	0
Ath_FRS	0	0	0	0	0	0	0	0	0.000176586513782609	1.14575560869565e-05	8.33933565217391e-06	0	0.0023685728173913	7.40711086956522e-06	0	7.00856013043478e-05	0	5.34742230434783e-05	0	0.000242436241304348	0.000345723293913043	0.00103804723913043	4.53001947826087e-05	0.017249902173913	0	0	0	0.000635213859565217	0	0	0.00337055190434783	0	0	0	0.178269609565217	0.000322867089130435	0.000941775582608696	0	0	0.000125632174347826	0	0	0	0	0	0.00162114780869565	0.00884891716956522	0.000156297522608696	0.0461919952173913	4.06483264347826e-05	0.0268124303043478	0	0	0.00926089713043478	0	2.94548791304348e-05	2.0358908826087e-05	0.00313966410434783	3.42496826086956e-06	0.0102850369130435	0.00157525841304348	2.80194956521739e-06	0	0	4.18357260869565e-06	0	0	0	0.00021176925826087	0.00854957513043478	0	0	0	0	0.000552444049130435	0	3.5825352173913e-06	0	0	0	0	0	0.00187395750434783	0.000733391069565217	0.00149889957391304	0.00207096883043478	3.43660313043478e-06	0.00854655608695652	0.00376844043913043	0.00501949555217391	0	0.000230024259130435	0	0	3.37857160434783e-05	0	0.00209100885652174	0	0.0002834965	0	1.38224043478261e-05	0	1.28955047826087e-06	3.375274e-05	0	0.0026758727826087	0	0.000266230142608696	0	2.56872608695652e-06	0	4.016941e-05	0.000109008863043478	0	3.90207565217391e-06	0.000198647030869565	0	0.000209258273478261	2.16939143478261e-05	0.018563432826087	0.0485572156521739	0.00121637583913043	0.0041076463173913	0	0.0498157610869565	0	0	0.00238196213478261	0.000503314891304348	0	0.000121782345652174	7.68756591304348e-05	0	0	0	5.61560347826087e-05	0.000537215948695652	0	0	0	0	0	0.00434302770869565	0	0.000134387529130435	0.0016912327	0	0	0.0124296309130435	0.0574410260869565	0.0388152173043478	0	0.00880020282608696	0.00115079310869565	0.00153560430434783	0.0676253965173913	6.71316639130435e-05	5.98768513478261e-05	0	0.000115422396869565	0.00190367749130435	2.97699904347826e-05	0.000308777779565217	0	0	0.0013138267873913	0.000463704925217391	0	2.43087834782609e-05	0.00152778854347826	0.00506668244347826	0.00123389489130435	0.0506093813043478	0.000177457330869565	0	0.0108542256956522	0.08042547	0.00772431830434783	9.62091913043478e-07	0	0	0	0.000118673076086957	0.00175185957391304	0	0	3.27736276086957e-05	0	0.00143540209565217	0	0	0.00211742764782609	0.00100351252869565	4.06488920869565e-05	0	0	0.00328327652608696	0	0	0	0.0159433768347826	0	0	1.58829291304348e-05	0	0	0	0	3.04792925652174e-05	0	0	0	0	0	0	0	0	0	0	0	0	0	0	0	0	0	0	0	0	0	0.0238956902608696	0	0	4.42923526086957e-05	0	0	0	0	0	0	0	0	0	0	0.016867258826087	0	0	0	0	0	0	0.0648558351608696	0	0.00227681744782609	0	0.000317936112173913	0	1.44530913043478e-05	0.000996284067826087	0	0	0	0	6.4654347826087e-07	0	0	0	2.88771782608696e-06	0	0	0.00120082550434783	0	0.000865350582608696	0.000369561991304348	0	0	0.0135299890434783	0	0	0	4.66408e-05	0	0	2.10887691304348e-05	0	0.000240955352608696	0.000394985039130435	0	0	0	5.36389204347826e-05	9.24080560869565e-05	8.27175904347826e-05	0.00725046530434783	2.99213608695652e-05	0	3.12375565217391e-06	0.000883004462173913	0.000513747222173913	8.82264965217391e-05	0	2.16299e-06	1.46269169565217e-05	3.67159608695652e-06	3.4918362173913e-05	0	0.000393523117391304	0	7.75529108695652e-05	0.00122518947826087	0.00340280855217391	0	0	0	0	0	0	0	0	0	0	0	0	0	0	0	0	0	0	0	0	0	0	0	0	0	0	0	0	0	0	0	0	0	0	0	0	0	0	0	0	0	0	0	0	0	0	0	0	0	0	0	0	0	0	0	0	0	0	0	0	0	0	0	0	0	0	0	0	0	0	0	0	0	0	0	0	0	0	0	0	0	0	0	0	0	0	0	0	0	0	0	0	0	0	0	0	0	0	0	0	0	0	0	0	0	0	0	0	0	0	0	0	0	0	0	0	0	0	0	0	0	0	0	0	0	0	0	0	0	0	0	0	0	0	0	0	0	0	0	0	0	0	0	0	0	0	0	0	0	0	0	0	0	0	0	0	0	0	0	0	0	0	0	0	0	0	0	0	0	0	0	0	0	0	0	0	0	0	0	0	0	0	0	0	0	0	0	0	0	0	0	0	0	0	0	0	0	0	0	0	0	0	0	0	0	0	0	0	0	0	0	0	0	0	0	0	0	0	0	0	0	0	0	0	0	0	0	0	0	0	0	0
Ath_GEN	0	0	0	0	0	0	0	0	0.000470121231176471	6.32463705882353e-05	1.89500494117647e-05	0	0.00489146235294118	1.82239470588235e-06	0	3.10230405882353e-05	0	1.46296335294118e-05	0	0.000104202988823529	0.000488504517647059	0.000969728017647059	5.80768805882353e-05	0.0191616079411765	0	0	0	0.00104036768235294	0	0	0.00383964070588235	0	0	0	0.168907870235294	0.000416692435882353	0.00116219775882353	0	0	0.000103964334117647	0	0	0	0	0	0.00372802141176471	0.0119834607705882	0.000384444112941176	0.0237980929411765	5.43104641176471e-05	0.0205992278823529	0	0	0.0111579175882353	0	0.000114100982941176	0	0.00550549517647059	1.712254e-05	0.0117375758823529	0.00186388174117647	0	0	0	3.50019647058824e-06	0	0	0	0.000805623488235294	0.0109599541176471	0	0	0	0	0.000568306682352941	0	9.72369764705882e-06	0	0	0	0	0	0.00210428853529412	0.00125833122352941	0.00173752153529412	0.0031573709	1.14267882352941e-06	0.0103085855294118	0.00424692552941176	0.00614781023529412	0	0.000111504435882353	0	0	2.77503594117647e-05	2.99953176470588e-06	0.00273178682352941	0	0.000724141694117647	0	3.88523641176471e-05	0	3.09432665294118e-05	7.22977905882353e-05	0	0.00598820337647059	1.22490817647059e-05	0.000925588061176471	0	0	4.971079e-05	0.000156548633529412	0.000198315897647059	0	0.000235425352529412	9.69784929411765e-05	0	0.000164921572352941	5.47708105882353e-05	0.0192831268235294	0.0327157541176471	0.00321768477647059	0.00465948105882353	0	0.0452729835294118	0	0	0.00167857494705882	0.000516427341176471	0	0.000202604284117647	5.62392032352941e-05	2.50784823529412e-06	0	0	4.05886505882353e-05	0.000452480763529412	0	0	3.26940535294118e-05	0	0	0.00490963864705882	0	0.000217538097647059	0.00242681964705882	0	0	0.00892447311764706	0.0478046247058823	0.0358738941176471	0	0.00649440394117647	0.00143954507058824	0.00246979270588235	0.101189616758824	0.000161888332941176	0.000382292495294118	0	0.000147708116176471	0.00184552727058824	1.65684647058824e-05	0.000486850735294118	0	0	0.000269829556294118	0.000655881462352941	0	1.15986317647059e-05	0.00286302131764706	0.00733172294117647	0.00218354588235294	0.0510138805882353	0.000675630120588235	0	0.00898058194117647	0.0753035529411765	0.00528856476470588	2.39697647058824e-06	0	0	0	0.000555989327647059	0.00152856924705882	0	0	5.94989739411765e-05	0	0.00151243422352941	0	0	0.00287519517647059	0.00111850964117647	0.000100923666470588	0	0	0.003200394	0	0	0	0.0224110065588235	0	0	4.02965388235294e-06	0	0	0	0	0.000323035904705882	0	0	0	0	0	0	0	0	0	0	0	0	0	0	0	0	0	0	0	0	0	0.0336032605882353	0	0	9.77200929411765e-05	0	0	0	0	0	0	0	0	0	0	0.0152131674705882	0	0	0	0	0	0	0.0685956455294118	0	0.00203411151176471	0	0.000197007907058824	0	1.40500694117647e-05	0.00030763344	0	0	0	0	0.000125700872941176	0	0	0	1.19700881176471e-05	0	1.3565672e-05	0.00108938877058824	0	0.00118892576470588	0.000113482387647059	0	5.10531011764706e-05	0.00447174417058824	0	0	0	9.32530547058823e-05	0	0	7.09748176470588e-05	0	0.000427046425882353	0.000387459764705882	0	0	0	0.000431593917058824	0.000130703769411765	0.000112844296470588	0.00703010970588235	0.000122719874764706	0	5.49759823529412e-06	0.00234033149411765	0.000740115352941176	0.000173463871176471	0	3.14981588235294e-06	2.89479314117647e-05	1.81768943529412e-05	0.000111225462352941	0	7.73791882352941e-05	0	6.523202e-05	0.00236062819411765	0.00132876550588235	0	0	0	0	0	0	0	0	0	0	0	0	0	0	0	0	0	0	0	0	0	0	0	0	0	0	0	0	0	0	0	0	0	0	0	0	0	0	0	0	0	0	0	0	0	0	0	0	0	0	0	0	0	0	0	0	0	0	0	0	0	0	0	0	0	0	0	0	0	0	0	0	0	0	0	0	0	0	0	0	0	0	0	0	0	0	0	0	0	0	0	0	0	0	0	0	0	0	0	0	0	0	0	0	0	0	0	0	0	0	0	0	0	0	0	0	0	0	0	0	0	0	0	0	0	0	0	0	0	0	0	0	0	0	0	0	0	0	0	0	0	0	0	0	0	0	0	0	0	0	0	0	0	0	0	0	0	0	0	0	0	0	0	0	0	0	0	0	0	0	0	0	0	0	0	0	0	0	0	0	0	0	0	0	0	0	0	0	0	0	0	0	0	0	0	0	0	0	0	0	0	0	0	0	0	0	0	0	0	0	0	0	0	0	0	0	0	0	0	0	0	0	0	0	0	0	0	0	0	0	0	0
Ath_GES	0	0	0	0	0	0	0	0	0	0	0	0	0.0022906895	0	0	4.9763475e-05	0	2.9272635e-05	0	0.000354136985	0.0001903878	0.0007504613	1.7530995e-05	0.008833891	0	0	0	0.0003865204	0	0	0.006121744	0	0	0	0.3172077925	0.00022234765	0.0003994384	0	0	8.340042e-05	0	0	0	0	0	0.00140212175	0.00763299315	0.0010595631	0.03397015	9.315105e-06	0.02177572	0	0	0.015279573	0	0.00162040938	1.024542e-05	0.0018901625	0	0.012346232	0.00163525995	0	0	0	4.36808535e-05	0	0	0	0.000214508115	0.0078717305	0	0	0	0	0.000662987	0	0	0	0	0	0	0	0.0103410737	0.0022960177	0.00288181715	0.00093316645	0	0.0046688725	0.0043684785	0.002794581	0	0.000106954825	0	0	1.280827e-05	0	0.0015369	0	0.00026244355	0	0	0	0	0	0	0.0012601136	0	0.0002740163	0	0	0	0	0.00032612648	0	0	0	0	0.000452147085	0	0.0137261745	0.02348662	0.001388285	0.0026186165	0	0.041760885	0	0	0.0015761905	0.0004579777	0	0	0.00077070272	0	0	0	0.00010701998	0.0006136413	0	0	0	0	0	0.003980293	0	0.00011949642	0.0022408305	0	0	0.0065238615	0.02935145	0.01642074	0	0.00637391	0.00074308645	0.0010542097	0.06347046765	0.002930925545	0.000121884425	0	0.0002105794	0.001812022	0	0.00010479495	0	0	0.0001066496	0.00025964665	0	0	0.00167453215	0.0029519595	0.0007424143	0.055590005	0.00027294365	0	0.01251077	0.039045825	0.009226569	0	0	0	0	0.000141450895	0.0011367862	0	0	0.00021807246	0	0.0009348908	0	0	0.0015677405	0.0007390633	2.3287765e-05	0	0	0.00297072	0	0	0	0.0178583599	0	0	0.00013274025	0	0	0	0	7.6914805e-05	0	0	0	0	0	0	0	0	0	0	0	0	0	0	0	0	0	0	0	0	0	0.02514278	0	0	1.7465825e-05	0	0	0	0	0	0	0	0	0	0	0.0264454985	0	0	0	0	0	0	0.05376121305	0	0.0036754135	0	0.00034601285	0	0.0001106169	0.0030496545	0	0	0	0	0	0	0	0	0	0	3.609604e-05	0.0014317767	0	0.0015415609	0.0001905122	0	0	0.0252520756	0	0	0	0.0001909597	0	0	4.181425e-05	0	0.0002313635	0.0012821157	0	0	0	2.335294e-05	7.0923955e-05	3.609604e-05	0.004541596	0	0	0	0.0017757115	0.00043429895	5.12331e-05	0	0	8.15072e-06	0	2.6878685e-05	0	0.00025055965	0	2.4517325e-05	0.0012039743	0.00178222775	0	0	0	0	0	0	0	0	0	0	0	0	0	0	0	0	0	0	0	0	0	0	0	0	0	0	0	0	0	0	0	0	0	0	0	0	0	0	0	0	0	0	0	0	0	0	0	0	0	0	0	0	0	0	0	0	0	0	0	0	0	0	0	0	0	0	0	0	0	0	0	0	0	0	0	0	0	0	0	0	0	0	0	0	0	0	0	0	0	0	0	0	0	0	0	0	0	0	0	0	0	0	0	0	0	0	0	0	0	0	0	0	0	0	0	0	0	0	0	0	0	0	0	0	0	0	0	0	0	0	0	0	0	0	0	0	0	0	0	0	0	0	0	0	0	0	0	0	0	0	0	0	0	0	0	0	0	0	0	0	0	0	0	0	0	0	0	0	0	0	0	0	0	0	0	0	0	0	0	0	0	0	0	0	0	0	0	0	0	0	0	0	0	0	0	0	0	0	0	0	0	0	0	0	0	0	0	0	0	0	0	0	0	0	0	0	0	0	0	0	0	0	0	0	0	0	0	0	0	0	0	0
Ath_IRE	0	0	0	0	0	0	0	0	0.000346675008695652	4.63545758695652e-05	1.86231489130435e-05	0	0.00228435815217391	3.04778043478261e-07	0	2.45596519130435e-05	0	5.33698369565217e-06	0	0.000205556023695652	0.000440736382173913	0.000875123004347826	5.61373682608696e-05	0.00903898608695652	0	0	0	0.000549330969565217	0	0	0.00347244793478261	0	0	0	0.147764105934783	0.000307683502608696	0.00142160997565217	0	0	0.000106548135521739	0	0	0	0	0	0.00108813264065217	0.0108826156913043	0.000361668911521739	0.0357104754347826	2.56185202173913e-05	0.0308678365869565	0	0	0.0128345612608696	0	8.30985176086956e-05	0	0.00305724669565217	3.13031643478261e-05	0.0135887215652174	0.00198652498695652	6.21235565217391e-06	0	0	1.61899008695652e-06	0	0	0	0.000354437064782609	0.0115876385	0	0	0	0	0.000451952028478261	0	5.46637586956522e-06	0	0	0	0	0	0.00149415089630435	0.00135261385434783	0.000663086421304348	0.00223791499782609	2.1813042826087e-05	0.0103361342434783	0.00547671058913043	0.00534128560869565	0	0.000296771238695652	0	0	0.000301061996304348	3.87904260869565e-06	0.00245644967391304	1.114425e-06	0.000458724516304348	0	3.4458197826087e-06	0	3.0807527826087e-05	3.82885643478261e-05	0	0.00355013769565217	3.63764130434783e-07	0.000495594941521739	0	2.36457556521739e-06	3.87708095652174e-05	0.000313423586086957	0.00015718741826087	0	1.8511532826087e-05	0.000177572527804348	0	0.000264900298913044	0.000140280881195652	0.0151693906521739	0.0387505167391304	0.00208975053043478	0.00453985364130435	0	0.0542084680434783	0	0	0.00375234773695652	0.000588831591304348	0	0.000367624605652174	0.000134554000217391	0	0	0	5.16502839130435e-05	0.000606872654782609	0	0	2.34489912608696e-05	0	0	0.00482982040434783	0	0.000241870940217391	0.00362579386521739	0	0	0.0118583082608696	0.0331471430434783	0.042925471	0	0.00814619791304348	0.0017374406023913	0.0020904679326087	0.0933065888043478	0.000119304869565217	0.000158713395	0	0.000116860922543478	0.00278142786304348	3.04477365217391e-05	0.000502326969565217	0	0	0.000181082586173913	0.000610250368043478	0	0.000230950122717391	0.0020428968673913	0.00623946443478261	0.00182578894782609	0.0429794945652174	0.000464768824326087	0	0.00988089397826087	0.0685053310869565	0.0069032869	6.19799943478261e-06	0	0	0	0.000237246980652174	0.00214099333913043	0	0	5.8873722173913e-05	0	0.00186762273695652	0	0	0.00361989658913043	0.00095247942826087	8.32963663913044e-05	0	0	0.00439748917826087	0	0	0	0.0189962243521739	0	0	1.51570165217391e-05	0	0	0	0	0.000257973408913043	0	2.2858347826087e-07	0	0	0	0	0	0	0	0	0	0	0	0	0	0	0	0	0	0	0	0.035344881173913	0	0	5.09078356521739e-05	0	0	0	0	0	0	0	0	0	0	0.0316210715652174	0	0	0	0	0	0	0.081420475923913	0	0.00229878486521739	0	0.000452605851521739	0	6.54771086956522e-06	0.000316234191521739	0	0	0	1.83516847826087e-06	1.78565745e-05	0	0	0	1.3108330826087e-05	0	9.54318517391304e-06	0.00118873264804348	0	0.00118429579782609	0.000157371145217391	0	1.15479573913043e-05	0.00480106802391304	3.99020434782609e-06	7.3524697826087e-06	0	8.78705597826087e-05	0	0	0.000193384051304348	0	0.000235334553913043	0.000345146751956522	0	7.22071315217391e-06	0	2.72665276521739e-05	0.000111619753891304	0.000212407321304348	0.00680070219565217	3.39189086956522e-06	0	2.92656739130435e-07	0.00210391340086957	0.000887631053043478	0.000225301930434783	0	2.9459052173913e-06	3.28064980434783e-05	1.79345839130435e-05	0.00010022657973913	0	0	0	0.000104232677826087	0.00406895119782609	0.00154957743804348	1.12809038913043e-05	0	0	0	0	0	0	0	0	0	0	0	0	0	0	0	0	0	0	0	0	0	0	0	0	0	0	0	0	0	0	0	0	0	0	0	0	0	0	0	0	0	0	0	0	0	0	0	0	0	0	0	0	0	0	0	0	0	0	0	0	0	0	0	0	0	0	0	0	0	0	0	0	0	0	0	0	0	0	0	0	0	0	0	0	0	0	0	0	0	0	0	0	0	0	0	0	0	0	0	0	0	0	0	0	0	0	0	0	0	0	0	0	0	0	0	0	0	0	0	0	0	0	0	0	0	0	0	0	0	0	0	0	0	0	0	0	0	0	0	0	0	0	0	0	0	0	0	0	0	0	0	0	0	0	0	0	0	0	0	0	0	0	0	0	0	0	0	0	0	0	0	0	0	0	0	0	0	0	0	0	0	0	0	0	0	0	0	0	0	0	0	0	0	0	0	0	0	0	0	0	0	0	0	0	0	0	0	0	0	0	0	0	0	0	0	0	0	0	0	0	0	0	0	0	0	0	0	0	0	0	0
Ath_ITA	0	0	0	0	0	1.5938125e-06	0	0	0.000229634471428571	1.63561239285714e-05	3.45057307142857e-05	0	0.00232640382142857	4.13619696428571e-05	0	0.000156238341428571	0	9.18156925e-05	0	0.000246789926428571	0.00036122868	0.00124765309285714	3.68175311071429e-05	0.0259316891071429	0	0	0	0.000626097867857143	0	0	0.0035241459	0	0	0	0.199959630607143	0.000320930223214286	0.00100352464285714	0	0	0.00012565568	0	0	0	0	0	0.00165212309642857	0.00927335364285714	0.000188130179285714	0.0303146385714286	3.37403698571429e-05	0.0304251107142857	0	0	0.00963577935714286	0	3.83698964285714e-05	3.37673160714286e-05	0.00232374883571429	0	0.00835858832142857	0.00200198180714286	8.92252142857143e-06	0	0	4.64963928571429e-06	0	0	0	0.000177469019642857	0.00898840835714286	0	0	0	0	0.000566830871428571	0	2.92126107142857e-06	0	0	0	0	0	0.00133370581785714	0.000958903325	0.00207026110714286	0.00279930506428571	9.64326507142857e-06	0.00724596053571429	0.00318970166428571	0.00529864192857143	0	0.00118519524857143	0	0	2.4210025e-05	2.43184142857143e-06	0.00186344338214286	0	0.000285301360714286	0	3.31436907142857e-05	0	3.81103696428571e-06	3.18768578571429e-05	0	0.00185177233214286	0	0.000544597747857143	0	4.51788928571429e-07	8.03007607142857e-06	3.85098282142857e-05	0.000101649399035714	0	9.20127928571429e-06	0.000230185111071429	0	0.000121443806428571	3.59737947142857e-05	0.0143296775	0.0431294960714286	0.00134812285714286	0.00331968897142857	0	0.0494766557142857	0	0	0.00144364505	0.000526502407142857	0	0.000228918931071429	0.000150809815	7.58223214285714e-07	0	0	6.45042710714286e-05	0.000497927667857143	0	0	1.92181107142857e-06	0	0	0.00360330125714286	0	0.000130282668928571	0.00183848308214286	0	0	0.0114677395357143	0.0226830424642857	0.037954655	0	0.0104803048571429	0.00132185389285714	0.00178538967857143	0.0706963612071429	0.000114145341785714	6.00506410714286e-05	0	7.08627025e-05	0.00221348486785714	3.74660532142857e-05	0.000360156688571429	0	0	0.000435842113214286	0.000494270097142857	0	2.25136146785714e-05	0.00162853710357143	0.00480195635714286	0.00140965657142857	0.06839886	0.00037465573	0	0.0108633098214286	0.0885265953571429	0.00579480625	7.67761078571429e-06	0	0	0	6.67416175e-05	0.00193347900357143	0	0	4.48707416071429e-05	0	0.00169899136071429	0	0	0.00192757867857143	0.000944684557142857	4.08540335714286e-05	0	0	0.00309097554642857	0	0	0	0.0223219697	0	0	1.30442118214286e-05	0	0	0	0	0.000396032048214286	0	0	0	0	0	0	0	0	0	0	0	0	0	0	0	0	0	0	0	0	0	0.0218113464642857	0	0	3.592826e-05	0	0	0	0	0	0	0	0	0	0	0.0165849545357143	0	0	0	0	0	0	0.0599091011392857	0	0.0024235633	0	0.000336799101785714	0	2.06853535714286e-06	0.000570639279285714	0	0	0	0	2.77868392857143e-07	0	0	0	3.98390889285714e-06	0	4.18237521428571e-06	0.00107330267857143	0	0.00101105625	0.000286991747142857	0	2.31943214285714e-06	0.0201730283107143	0	0	0	3.12113294642857e-05	0	0	1.93521860714286e-05	0	0.000383257884642857	0.000306188519285714	0	0	0	5.24294667857143e-05	0.000107318074642857	4.083367e-05	0.00560987246428571	1.4352475e-06	0	0	0.000829967675	0.000398624311071429	0.000142985954642857	0	3.34737285714286e-06	7.39182964285714e-06	1.97175815e-05	5.35039556071429e-05	0	7.13045707142857e-05	0	7.72908914285714e-05	0.00111405704285714	0.00233746684285714	8.26921785714286e-07	0	0	0	0	0	0	0	0	0	0	0	0	0	0	0	0	0	0	0	0	0	0	0	0	0	0	0	0	0	0	0	0	0	0	0	0	0	0	0	0	0	0	0	0	0	0	0	0	0	0	0	0	0	0	0	0	0	0	0	0	0	0	0	0	0	0	0	0	0	0	0	0	0	0	0	0	0	0	0	0	0	0	0	0	0	0	0	0	0	0	0	0	0	0	0	0	0	0	0	0	0	0	0	0	0	0	0	0	0	0	0	0	0	0	0	0	0	0	0	0	0	0	0	0	0	0	0	0	0	0	0	0	0	0	0	0	0	0	0	0	0	0	0	0	0	0	0	0	0	0	0	0	0	0	0	0	0	0	0	0	0	0	0	0	0	0	0	0	0	0	0	0	0	0	0	0	0	0	0	0	0	0	0	0	0	0	0	0	0	0	0	0	0	0	0	0	0	0	0	0	0	0	0	0	0	0	0	0	0	0	0	0	0	0	0	0	0	0	0	0	0	0	0	0	0	0	0	0	0	0	0
Ath_SCO	0	0	0	0	0	0	0	0	0.000382412335769231	1.99938763461538e-05	1.16275138461538e-05	0	0.00274809681923077	3.25162673076923e-06	0	3.94730042307692e-05	0	1.91502728846154e-05	0	0.000194735040384615	0.000564834407692308	0.00161556888692308	6.88187926153846e-05	0.00829802388461538	0	0	0	0.000438742138846154	0	0	0.00332918364807692	0	0	0	0.17127869325	0.000255821116730769	0.00112966521538462	0	0	9.19607418076923e-05	0	0	0	0	0	0.00283204254115385	0.0130545578730769	0.000268900732307692	0.0433335632884615	3.77654111538462e-05	0.0264554922115385	0	0	0.0114949686538462	0	7.05034467307692e-05	1.94041980769231e-05	0.005280970975	2.04387107692308e-05	0.0107756658846154	0.00141738160576923	2.71033523076923e-06	0	0	0	0	0	0	0.000368435566730769	0.0106542834423077	0	0	0	0	0.00044479747	0	8.11583307692308e-06	0	0	0	0	0	0.00154156912615385	0.000842974659615385	0.000655527463653846	0.00260111130769231	2.69235576923077e-06	0.0108021881153846	0.00474703848461538	0.00476761585	0	0.000644555361576923	0	0	1.12299609615385e-05	3.94000003846154e-06	0.00211806617115385	1.51770538461538e-06	0.000415496211153846	0	1.55230153846154e-05	0	2.54056518461538e-05	3.171435e-05	0	0.00226087227884615	5.06730403846154e-06	0.00047143646	0	1.17112057692308e-06	4.81480320192308e-05	0.000250285008076923	6.90623205769231e-05	0	2.21257965384615e-05	0.000162163725576923	0	8.66431709615385e-05	7.19718873076923e-05	0.0141729108653846	0.0377208937884615	0.00140370779423077	0.00402568643076923	0	0.0405510844230769	0	0	0.00384980159423077	0.000601858371153846	0	8.68663207692308e-05	5.35695363461538e-05	0	0	0	2.25128742307692e-05	0.000607229236153846	0	0	5.36202942307692e-06	0	0	0.00448780261538462	0	0.000140744342653846	0.00265832559230769	0	0	0.0127364911923077	0.0202350100192308	0.0444035154423077	0	0.00823179075	0.000991864371153846	0.00193326839230769	0.0943724697769231	0.000145293533076923	9.46756607692308e-05	0	8.02853257692308e-05	0.00281513839423077	3.21024084615385e-05	0.000405368477115385	0	0	0.000221695620961538	0.00063991386	0	2.31663840384615e-05	0.00169009070192308	0.00587725583461538	0.00165166168653846	0.0590248734615385	0.000140130834615385	0	0.0108982340192308	0.0844286750576923	0.00683833266346154	9.34100705769231e-06	0	0	0	0.000164793629615385	0.00186513845192308	0	0	4.41018796153846e-05	0	0.00175482010192308	0	0	0.00247544395961538	0.000719295840961538	0.000105839101538462	0	0	0.00314340783461538	0	0	0	0.0255826908788462	0	0	9.64223557692308e-06	0	0	0	0	2.95532663461538e-05	0	5.27567096153846e-06	0	0	0	0	0	0	0	0	0	0	0	0	0	0	0	0	0	0	0	0.0288950282884615	0	0	7.00838823076923e-05	0	0	0	0	0	0	0	0	0	0	0.0165104265	0	0	0	0	0	0	0.0676373582211538	0	0.00203643749038462	0	0.000412867703846154	0	2.64318082692308e-05	0.000248765784615385	0	0	0	1.18497755769231e-05	3.66345907692308e-06	0	0	0	8.46880803846154e-06	0	6.02727557692308e-06	0.00110401400769231	0	0.00100823718461538	0.000222591260384615	0	3.45209230769231e-06	0.0123118665980769	9.062725e-06	1.10611725e-05	0	7.74908744230769e-05	0	0	7.554483875e-05	0	0.000293177076134615	0.000257553155769231	0	3.04965846153846e-06	0	1.56002559615385e-05	7.99259715384615e-05	0.000107278708076923	0.00688107062307692	1.04327930192308e-05	0	0	0.00141883783846154	0.000592943443269231	0.000170849964230769	0	8.81302538461538e-06	2.676534e-05	1.82997980769231e-05	7.10721515384615e-05	0	0	0	7.48982617307692e-05	0.00310725201923077	0.00225106107480769	4.22154730769231e-06	0	0	0	0	0	0	0	0	0	0	0	0	0	0	0	0	0	0	0	0	0	0	0	0	0	0	0	0	0	0	0	0	0	0	0	0	0	0	0	0	0	0	0	0	0	0	0	0	0	0	0	0	0	0	0	0	0	0	0	0	0	0	0	0	0	0	0	0	0	0	0	0	0	0	0	0	0	0	0	0	0	0	0	0	0	0	0	0	0	0	0	0	0	0	0	0	0	0	0	0	0	0	0	0	0	0	0	0	0	0	0	0	0	0	0	0	0	0	0	0	0	0	0	0	0	0	0	0	0	0	0	0	0	0	0	0	0	0	0	0	0	0	0	0	0	0	0	0	0	0	0	0	0	0	0	0	0	0	0	0	0	0	0	0	0	0	0	0	0	0	0	0	0	0	0	0	0	0	0	0	0	0	0	0	0	0	0	0	0	0	0	0	0	0	0	0	0	0	0	0	0	0	0	0	0	0	0	0	0	0	0	0	0	0	0	0	0	0	0	0	0	0	0	0	0	0	0	0	0	0	0
Ath_SPB	0	0	0	0	0	0	0	0	0.000158364115555556	1.36660707777778e-05	2.48238988888889e-05	0	0.00210283001111111	2.80846e-07	0	5.772108e-05	0	8.61971922222222e-05	0	0.000265826491111111	0.000375089467777778	0.00106844513888889	2.95898863333333e-05	0.0148965991111111	0	0	0	0.000782537400555556	0	0	0.00384278903333333	0	0	0	0.201894274666667	0.000268802518888889	0.000976409216666667	0	0	0.000106028568888889	0	0	0	0	0	0.000822398427777778	0.0111994814444444	0.000185118701111111	0.0232824583888889	3.35874927777778e-05	0.0270719576111111	0	0	0.00885147016666667	0	4.07617122222222e-05	2.97249572222222e-06	0.0015291292	0	0.00721574677777778	0.00179491486666667	6.23073044444444e-06	0	0	9.12356277777778e-06	0	0	0	0.000164704792222222	0.00922078222222222	0	0	0	0	0.000554165166111111	0	0	0	0	0	0	0	0.00197434091111111	0.000755060527777778	0.00862821974444444	0.00207361008888889	2.880895e-06	0.00596727105555556	0.00291469625	0.00464354644444444	0	0.000245146572222222	0	0	3.98521494444444e-05	0	0.00180292124444444	0	0.000235336161666667	0	5.83280994444444e-05	0	7.84089261111111e-06	1.10694776666667e-05	0	0.00183574986111111	0	0.00547777231666667	0	0	1.70045777777778e-06	7.39272388888889e-06	0.000100205483166667	0	6.64838372222222e-06	0.000114017902777778	0	0.00016623687	0.000120942345555556	0.0220630072777778	0.0431567577777778	0.00122118662777778	0.00297600198333333	0	0.050039765	0	0	0.000985276033333333	0.000431822566666667	0	0.000318718673333333	8.70088683333333e-05	2.75518444444444e-06	0	0	6.73441188888889e-05	0.000506297850555556	0	0	2.36511888888889e-06	0	0	0.00435031155	0	0.000114745324333333	0.00207876233888889	0	0	0.00984465844444444	0.0334447343888889	0.0380584811111111	0	0.00955260855555556	0.000886284677777778	0.00146115150555556	0.0824033242777778	0.000160773167777778	5.83698846111111e-05	0	4.67022167222222e-05	0.00193017864444444	1.35921800555556e-05	0.000365549825	0	0	0.000425758811666667	0.000546118492777778	0	1.8607435e-05	0.00155986697777778	0.00337599347222222	0.000946799794444444	0.0550826088888889	0.00013877572	0	0.00993011822222222	0.0720283833333333	0.00375822605555556	7.9125805e-06	0	0	0	3.35164583333333e-05	0.00150833257777778	0	0	7.70618638888889e-05	0	0.00118911163888889	0	0	0.00148889723888889	0.000711189387777778	3.36933655555556e-05	0	0	0.00265537504444444	0	0	0	0.05379936915	0	0	1.12104516666667e-05	0	0	0	0	9.15583783333333e-05	0	0	0	0	0	0	0	0	0	0	0	0	0	0	0	0	0	0	0	0	0	0.0202300982777778	0	0	4.86004055555556e-05	0	0	0	0	0	0	0	0	0	0	0.0149521266111111	0	0	0	0	0	0	0.0628751974722222	0	0.00271085458333333	0	0.000490911652222222	0	9.56411444444444e-06	0.000428103229444444	0	0	0	0	2.45039833333333e-07	0	0	0	3.36896022222222e-06	0	0	0.00138422912222222	0	0.000976027205555556	0.000350703374166667	0	0	0.0113045660166667	0	0	0	5.99544027777778e-05	0	0	1.73924825555556e-05	0	0.000227212119444444	0.000486089908888889	0	0	0	9.90596533333333e-06	0.000691239701666667	6.98583666111111e-05	0.00612853344444444	2.24894555555556e-05	0	1.01923388888889e-05	0.000807463138888889	0.000356168444444444	0.000126488051111111	0	3.592715e-06	2.31979769444444e-05	3.70368627777778e-06	3.79000252777778e-05	0	0	0	4.49976661111111e-05	0.00115217788888889	0.00178303654444444	7.26733888888889e-07	0	0	0	0	0	0	0	0	0	0	0	0	0	0	0	0	0	0	0	0	0	0	0	0	0	0	0	0	0	0	0	0	0	0	0	0	0	0	0	0	0	0	0	0	0	0	0	0	0	0	0	0	0	0	0	0	0	0	0	0	0	0	0	0	0	0	0	0	0	0	0	0	0	0	0	0	0	0	0	0	0	0	0	0	0	0	0	0	0	0	0	0	0	0	0	0	0	0	0	0	0	0	0	0	0	0	0	0	0	0	0	0	0	0	0	0	0	0	0	0	0	0	0	0	0	0	0	0	0	0	0	0	0	0	0	0	0	0	0	0	0	0	0	0	0	0	0	0	0	0	0	0	0	0	0	0	0	0	0	0	0	0	0	0	0	0	0	0	0	0	0	0	0	0	0	0	0	0	0	0	0	0	0	0	0	0	0	0	0	0	0	0	0	0	0	0	0	0	0	0	0	0	0	0	0	0	0	0	0	0	0	0	0	0	0	0	0	0	0	0	0	0	0	0	0	0	0	0	0	0	0
Ath_SPC	0	0	0	0	0	0	0	0	0.000184714774615385	1.20469923076923e-06	2.66174915384615e-05	0	0.00179097041538462	3.30249692307692e-06	0	6.51596969230769e-05	0	4.58113023076923e-05	0	0.000507779578461538	0.000412200044615385	0.00177501495384615	2.20638962307692e-05	0.0333966768461538	0	0	0	0.0013309082	0	0	0.00410259923076923	0	0	0	0.187971972307692	0.0003438045	0.000786051938461538	0	0	0.000133787180769231	0	0	0	0	0	0.00118335210769231	0.0166589427	0.000275093141538462	0.0383547146153846	5.36572784615385e-05	0.0232609838461538	0	0	0.0107222991538462	0	5.637525e-05	1.29663584615385e-05	0.00316353684615385	0	0.0123845109230769	0.00182412174615385	2.42183076923077e-06	0	0	5.80237692307692e-06	0	0	0	0.000256552434615385	0.00972945638461538	0	0	0	0	0.000574911361538461	0	1.31214261538462e-05	0	0	0	0	0	0.00169844606923077	0.000887436392307692	0.00745937222307692	0.00191594368461538	7.64540307692308e-07	0.00812545884615385	0.00400011984615385	0.00455603576923077	0	0.000318617823846154	0	0	4.28144846153846e-06	0	0.00181743807692308	0	0.000281851146153846	0	0	0	1.58376238461538e-05	3.300261e-05	0	0.00187994069230769	0	0.000325907193076923	0	0	1.60892625384615e-05	5.74187830769231e-05	6.42226369230769e-05	0	4.36332076923077e-06	0.000138658741538462	0	7.892208e-05	4.18049892307692e-05	0.0187410214615385	0.0405761538461538	0.0008243403	0.00346986038461538	0	0.0432318446153846	0	0	0.00288012286153846	0.000596672192307692	0	0.000126164379230769	0.000155912619230769	1.00391615384615e-06	0	0	7.80133638461538e-05	0.000604263753846154	0	0	5.15848615384615e-06	0	0	0.00430590953846154	0	0.000110456918846154	0.00183430005384615	0	0	0.0129213536153846	0.0307575295384615	0.0313443769230769	0	0.00886394969230769	0.000725681161538462	0.0015886982	0.0805107519076923	0.000156399519230769	0.000112248092307692	0	8.01761107692308e-05	0.00241610638461538	6.05408384615385e-05	0.000347330423076923	0	0	0.000499633026153846	0.000539325707692308	0	0.000178505453846154	0.00144680015384615	0.00532267784615385	0.00162274231538462	0.0592040246153846	0.000596712432307692	0	0.0112634813076923	0.0866434076923077	0.004649767	7.32466230769231e-06	0	0	0	0.000144107426923077	0.00192117504615385	0	0	5.64986069230769e-05	0	0.00170510692307692	0	0	0.00160596059230769	0.00113747531538462	4.95998092307692e-05	0	0	0.00383908694615385	0	0	0	0.0219929538230769	0	0	7.905749e-06	0	0	0	0	3.79444116923077e-05	0	0	0	0	0	0	0	0	0	0	0	0	0	0	0	0	0	0	0	0	0	0.0177255892307692	0	0	0.000104531913846154	0	0	0	0	0	0	0	0	0	0	0.0144369038461538	0	0	0	0	0	0	0.0578513323461538	0	0.00251405552307692	0	0.000326098509230769	0	0	0.000934416115384615	0	0	0	0	0	0	0	0	0	0	0	0.000864527092307692	0	0.00107622499230769	0.000371238476923077	0	0	0.0103006816230769	0	0	0	2.72449646153846e-05	0	0	8.30281115384615e-05	0	0.000647574143076923	0.000529920815384615	0	0	0	4.45911707692308e-05	9.20412769230769e-05	5.29903323076923e-05	0.00909657323076923	0	0	7.72974615384615e-07	0.00101986259230769	0.000287524869230769	0.000138782814615385	0	3.25910592307692e-06	5.57084676923077e-06	1.42288379230769e-05	0.00023696352	0	0.000145324243846154	0	0.000113922739230769	0.00122248431538462	0.00267623291538462	1.54594923076923e-06	0	0	0	0	0	0	0	0	0	0	0	0	0	0	0	0	0	0	0	0	0	0	0	0	0	0	0	0	0	0	0	0	0	0	0	0	0	0	0	0	0	0	0	0	0	0	0	0	0	0	0	0	0	0	0	0	0	0	0	0	0	0	0	0	0	0	0	0	0	0	0	0	0	0	0	0	0	0	0	0	0	0	0	0	0	0	0	0	0	0	0	0	0	0	0	0	0	0	0	0	0	0	0	0	0	0	0	0	0	0	0	0	0	0	0	0	0	0	0	0	0	0	0	0	0	0	0	0	0	0	0	0	0	0	0	0	0	0	0	0	0	0	0	0	0	0	0	0	0	0	0	0	0	0	0	0	0	0	0	0	0	0	0	0	0	0	0	0	0	0	0	0	0	0	0	0	0	0	0	0	0	0	0	0	0	0	0	0	0	0	0	0	0	0	0	0	0	0	0	0	0	0	0	0	0	0	0	0	0	0	0	0	0	0	0	0	0	0	0	0	0	0	0	0	0	0	0	0	0	0	0
Ath_SPN	0	0	0	0	0	0	0	0	0.00023062494	2.12954615789474e-05	2.59224531578947e-05	0	0.00211417928947368	1.08780091052632e-05	0	2.65511315789474e-05	0	0.000121216008421053	0	0.000101429662105263	0.000435590468421053	0.00141329546842105	3.89543618421053e-05	0.0160321997421053	0	0	0	0.000352119426315789	0	0	0.00354159947368421	0	0	0	0.165350108894737	0.000332240912631579	0.000944246757894737	0	0	5.8707969631579e-05	0	0	0	0	0	0.00175805847368421	0.0139148282368421	0.000279364778421053	0.0298312387894737	1.14457547368421e-05	0.0251365649473684	0	0	0.0104061081052632	0	5.88342481052632e-05	0	0.00432627398947368	1.61743052631579e-05	0.0129646995789474	0.00161712142105263	7.49093684210526e-07	0	0	4.75828789473684e-07	0	0	0	0.000220852324736842	0.00946035378947368	0	0	0	0	0.000334988269473684	0	5.24012315789474e-06	0	0	0	0	0	0.00150051256315789	0.00157410672105263	0.00356774540526316	0.00249585017894737	5.24012315789474e-06	0.00867305578947369	0.00330300531578947	0.00466156105263158	0	0.000271962528947368	0	0	1.31071394736842e-05	0	0.00199524065789474	0	0.000418493141052632	0	7.32311036842105e-05	0	4.58853121052632e-05	1.18289071052632e-05	0	0.00347724535789474	1.75012684210526e-05	0.000511045254210526	0	2.84651894736842e-06	5.96337631578947e-05	8.19268352631579e-05	7.576885e-05	0	2.218252e-05	0.000132941021052632	0	8.38731531578947e-05	1.97051263157895e-05	0.0134527083684211	0.0357721789473684	0.00153821685263158	0.00367417833684211	0	0.0353348821052632	0	0	0.00273705202105263	0.000486428473684211	0	0.000210463462105263	3.10338657894737e-05	0	0	0	1.19989147368421e-05	0.000343293294736842	0	0	4.43669931578947e-05	0	0	0.00345674388421053	0	9.18930205789474e-05	0.00178513713157895	0	0	0.0124092016315789	0.0355664754736842	0.0523619952631579	0	0.00647516684210526	0.00132257127894737	0.00179405417368421	0.0842452640894737	9.49241984210526e-05	0.000119777381052632	0	2.69652363157895e-05	0.00212500763684211	1.24892663157895e-05	0.000353898947894737	0	0	0.000390561774736842	0.000642529831052632	0	3.27221631578947e-05	0.00201932152631579	0.00672141442105263	0.00116951257894737	0.0584679368421053	0.000113443913157895	0	0.0076715	0.0936480705263158	0.00599669110526316	4.76661105263158e-06	0	0	0	0.000273074379473684	0.00171373145263158	0	0	4.79223147368421e-05	0	0.00121822763684211	0	0	0.00305765663157895	0.000794454028947368	6.41359431578947e-05	0	0	0.00292946221052632	0	0	0	0.0211110607263158	0	0	5.23155947368421e-06	0	0	0	0	5.65068626315789e-05	0	4.31729915789474e-06	0	0	0	0	0	0	0	0	0	0	0	0	0	0	0	0	0	0	0	0.0317730068421053	0	0	7.10679789473684e-05	0	0	0	0	0	0	0	0	0	0	0.0131192687368421	0	0	0	0	0	0	0.0623176188421053	0	0.00146088939473684	0	0.000230150635263158	0	4.0649147368421e-06	0.000464056856842105	0	0	0	0	5.66166052631579e-06	0	0	0	1.04469378947368e-05	0	8.91290315789474e-06	0.000770021847368421	0	0.000965078594736842	3.21985715789474e-05	0	0.000230179526315789	0.0368927655315789	4.85898315789474e-06	2.31380157894737e-06	0	5.27138005263158e-05	0	0	3.986519e-05	0	0.000218951553157895	0.000250237081578947	0	5.23872789473684e-07	0	6.31557689473684e-05	5.98033957894737e-05	2.39435963157895e-05	0.00558803521052632	2.72074763157895e-06	0	0	0.00115704324736842	0.000687268673684211	0.000113907935263158	0	3.39325894736842e-06	1.47433985789474e-05	1.07936385789474e-05	0.000159806619473684	0	6.25371578947368e-07	0	0.000235313422631579	0.00287299398947368	0.00145763735789474	1.31003105263158e-06	0	0	0	0	0	0	0	0	0	0	0	0	0	0	0	0	0	0	0	0	0	0	0	0	0	0	0	0	0	0	0	0	0	0	0	0	0	0	0	0	0	0	0	0	0	0	0	0	0	0	0	0	0	0	0	0	0	0	0	0	0	0	0	0	0	0	0	0	0	0	0	0	0	0	0	0	0	0	0	0	0	0	0	0	0	0	0	0	0	0	0	0	0	0	0	0	0	0	0	0	0	0	0	0	0	0	0	0	0	0	0	0	0	0	0	0	0	0	0	0	0	0	0	0	0	0	0	0	0	0	0	0	0	0	0	0	0	0	0	0	0	0	0	0	0	0	0	0	0	0	0	0	0	0	0	0	0	0	0	0	0	0	0	0	0	0	0	0	0	0	0	0	0	0	0	0	0	0	0	0	0	0	0	0	0	0	0	0	0	0	0	0	0	0	0	0	0	0	0	0	0	0	0	0	0	0	0	0	0	0	0	0	0	0	0	0	0	0	0	0	0	0	0	0	0	0	0	0	0	0	0
Ath_SPS	0	0	0	0	0	0	0	0	0.000193690038571429	6.41224571428571e-06	9.48992476190476e-06	0	0.00284643203809524	0	0	5.74941438095238e-05	0	7.22310738095238e-05	0	0.00016363975047619	0.000564035133333333	0.00153921874761905	3.44730819047619e-05	0.0188534668571429	0	0	0	0.000972803280952381	0	0	0.00480200066666667	0	0	0	0.184850735809524	0.000336139673809524	0.000577304183333333	0	0	0.000112166904761905	0	0	0	0	0	0.00300129083333333	0.0122205346619048	0.000163262920952381	0.0362469504761905	0.000152134353761905	0.026007918952381	0	0	0.0153130978571429	0	0.00100278215571429	2.0635437e-05	0.0048972130952381	0	0.011272200047619	0.00156604321904762	9.56355809523809e-07	0	0	1.34837054761905e-05	0	0	0	0.000248679874285714	0.0111122887619048	0	0	0	0	0.000526725481904762	0	6.29470619047619e-06	0	0	0	0	0	0.00111201668095238	0.00111071685714286	0.00294723025714286	0.00315610171428571	8.8755950952381e-06	0.00695798971428571	0.00449727855714286	0.00460718542857143	0	0.00047072579	0	0	1.12945861904762e-05	0	0.00153302732857143	0	0.00038097281	0	1.91864652380952e-05	0	1.33804666666667e-06	3.04966619047619e-05	0	0.00188596528571429	0	0.00248963643095238	0	0	4.06604857142857e-06	0.000114603452380952	2.20452154761905e-05	0	0	0.000152432025619048	0	8.76790127619048e-05	5.66267247619048e-05	0.0172420019047619	0.0321745171428571	0.00184268133809524	0.00241945927142857	0	0.0387449338095238	0	0	0.00257218511428571	0.000518884524761905	0	0.000111808369047619	9.48992942857143e-05	0	0	0	2.43200891428571e-05	0.000564276028571429	0	0	8.51528571428571e-07	0	0	0.00368396899047619	0	0.00013220042047619	0.0015316771	0	0	0.01270903	0.0233317354285714	0.0359173304761905	0	0.00988448295238095	0.00116434238095238	0.00200543312857143	0.0837408372428571	6.2067160952381e-05	6.02937919047619e-05	0	0.000237266865238095	0.00226264700952381	4.03008242857143e-05	0.000377960856190476	0	0	0.000385745312857143	0.000375704695238095	0	4.06164919047619e-05	0.00183664633333333	0.00398593149047619	0.00185880721904762	0.0767177985714286	5.78796181904762e-05	0	0.00831322871428571	0.0909099323809524	0.00509512838095238	0	0	0	0	2.88882361904762e-05	0.00209668981428571	0	0	5.81831644761905e-05	0	0.00206124836190476	0	0	0.0015143887952381	0.0008688354	1.95710297142857e-05	0	0	0.00326480747619048	0	0	0	0.0288320652904762	0	0	5.76930266666667e-06	0	0	0	0	3.84609719047619e-05	0	0	0	0	0	0	0	0	0	0	0	0	0	0	0	0	0	0	0	0	0	0.0178311306666667	0	0	2.69475557142857e-05	0	0	0	0	0	0	0	0	0	0	0.0136671397142857	0	0	0	0	0	0	0.0542745638142857	0	0.00220592277142857	0	0.000298573187142857	0	1.66588619047619e-06	0.00116492073809524	0	0	0	0	2.51201142857143e-06	0	0	0	2.63254333333333e-06	0	2.00445142857143e-06	0.00155384723333333	0	0.000950747295238095	0.000310909440952381	0	1.43649633333333e-05	0.0197882060142857	0	0	0	2.12849795238095e-05	0	0	9.70046768571429e-05	0	0.000607275234761905	0.000222550248095238	0	0	0	4.0487555047619e-05	0.000137287393809524	0.000125518994761905	0.00799255185714286	2.86868380952381e-05	0	1.89898014285714e-05	0.0011629601047619	0.000340727856666667	0.000205151198571429	0	4.5776980952381e-07	3.31425285714286e-06	1.84592913333333e-05	0.000146181812190476	0	1.05486580952381e-06	0	0.00013223782047619	0.000859183104761905	0.00250172616666667	3.7510080952381e-07	0	0	0	0	0	0	0	0	0	0	0	0	0	0	0	0	0	0	0	0	0	0	0	0	0	0	0	0	0	0	0	0	0	0	0	0	0	0	0	0	0	0	0	0	0	0	0	0	0	0	0	0	0	0	0	0	0	0	0	0	0	0	0	0	0	0	0	0	0	0	0	0	0	0	0	0	0	0	0	0	0	0	0	0	0	0	0	0	0	0	0	0	0	0	0	0	0	0	0	0	0	0	0	0	0	0	0	0	0	0	0	0	0	0	0	0	0	0	0	0	0	0	0	0	0	0	0	0	0	0	0	0	0	0	0	0	0	0	0	0	0	0	0	0	0	0	0	0	0	0	0	0	0	0	0	0	0	0	0	0	0	0	0	0	0	0	0	0	0	0	0	0	0	0	0	0	0	0	0	0	0	0	0	0	0	0	0	0	0	0	0	0	0	0	0	0	0	0	0	0	0	0	0	0	0	0	0	0	0	0	0	0	0	0	0	0	0	0	0	0	0	0	0	0	0	0	0	0	0	0	0
Ath_SSD	0	0	0	0	0	0	0	0	0.000343106543714286	8.28851114285714e-06	1.45802905714286e-05	0	0.00255122856	5.2368e-06	0	5.20163657142857e-05	0	0.000144122096285714	0	0.000144830642285714	0.000451492155542857	0.00116575440571429	0.000106387483142857	0.0083791146	0	0	0	0.000496772405714286	0	0	0.00335931149428571	0	0	0	0.178569313771429	0.000320212913714286	0.00135650286857143	0	0	6.74629145714286e-05	0	0	0	0	0	0.00216335794	0.0114542674914286	0.000383718546571429	0.0380679137142857	7.35257337142857e-05	0.0254304234	0	0	0.0139280383714286	0	0.000226800745714286	1.39072771428571e-06	0.00553821011428571	2.01401948571429e-05	0.0165452264857143	0.00156875409571429	6.42935685714286e-06	0	0	0	0	0	0	0.000403771115142857	0.00946829714285714	0	0	0	0	0.000413800357428571	0	3.448168e-06	0	0	0	0	0	0.00126573758885714	0.000874696267428571	0.00348898320628571	0.00229970958571429	3.98865971428571e-06	0.0125153736285714	0.00478056074285714	0.0048069194	0	0.000695151877142857	0	0	2.33736537142857e-05	2.362056e-06	0.00216344419714286	5.657196e-06	0.000688578816	0	1.23888965714286e-05	0	6.06446122857143e-05	3.12143471428571e-05	0	0.00275170341428571	7.89153428571428e-07	0.000827904662285714	0	1.07919114285714e-06	3.19094365714286e-05	0.000118464151714286	4.19631484571429e-05	0	2.8723278e-05	0.000196111616571429	0	0.000112913854285714	6.2561276e-05	0.0114238312571429	0.033196388	0.00155147344857143	0.00338248802	0	0.0396220682857143	0	0	0.00563405680857143	0.00083220228	0	0.000108753515428571	7.3554628e-05	0	0	0	2.31143045714286e-05	0.000672758571428571	0	0	3.77582585714286e-05	0	0	0.00441691432285714	0	0.000170318025428571	0.0028146352	0	0	0.0133829270857143	0.0228637662	0.0381211552857143	0	0.00894175331428571	0.00172746409142857	0.00212690882571429	0.0861440809828571	0.000118483518285714	0.000169427490285714	0	0.000124628518571429	0.0033717734	3.79624465714286e-05	0.000538424346285714	0	0	0.000225372266	0.000633710887714286	0	1.83187717142857e-05	0.00191176392857143	0.00656584408571429	0.00152938373142857	0.0513147611428571	0.000167291336571429	0	0.0087972528	0.0895739194285714	0.00618878142857143	1.74223015428571e-05	0	0	0	0.000330420769714286	0.00217315710571429	0	0	7.5314616e-05	0	0.00174487324285714	0	0	0.00358692455142857	0.000833950377142857	0.000115973920571429	0	0	0.00407526506285714	0	0	0	0.0247538521285714	0	0	1.03537957142857e-05	0	0	0	0	1.55146518285714e-05	0	5.41385685714286e-06	0	0	0	0	0	0	0	0	0	0	0	0	0	0	0	0	0	0	0	0.0312734674857143	0	0	8.00317882857143e-05	0	0	0	0	0	0	0	0	0	0	0.0150206407428571	0	0	0	0	0	0	0.0760327559885714	0	0.00248719794	0	0.000575289530285714	0	3.71871014285714e-05	0.000232350992857143	0	0	0	3.67234114285714e-06	8.95253171428571e-06	0	0	0	1.69358071428571e-05	0	3.16791428571429e-07	0.00120074868857143	0	0.000993390351428571	0.000111261815714286	0	8.43669285714286e-06	0.00776169204285714	8.77160285714286e-06	1.24007497142857e-05	0	9.18784354285714e-05	0	0	7.35869311428571e-05	0	0.000673143642285714	0.000233266800285714	0	1.7743492e-05	0	0.00106661644457143	7.91257008571429e-05	0.000142979661428571	0.00537208922857143	0.000675630132	0	0	0.00159080698285714	0.000679663851542857	0.000192270075714286	0	7.38146228571429e-06	3.04037657142857e-05	1.471621e-05	0.000116071223714286	0	0	0	3.9062704e-05	0.00249071584571429	0.00312216637714286	5.11366228571429e-06	0	0	0	0	0	0	0	0	0	0	0	0	0	0	0	0	0	0	0	0	0	0	0	0	0	0	0	0	0	0	0	0	0	0	0	0	0	0	0	0	0	0	0	0	0	0	0	0	0	0	0	0	0	0	0	0	0	0	0	0	0	0	0	0	0	0	0	0	0	0	0	0	0	0	0	0	0	0	0	0	0	0	0	0	0	0	0	0	0	0	0	0	0	0	0	0	0	0	0	0	0	0	0	0	0	0	0	0	0	0	0	0	0	0	0	0	0	0	0	0	0	0	0	0	0	0	0	0	0	0	0	0	0	0	0	0	0	0	0	0	0	0	0	0	0	0	0	0	0	0	0	0	0	0	0	0	0	0	0	0	0	0	0	0	0	0	0	0	0	0	0	0	0	0	0	0	0	0	0	0	0	0	0	0	0	0	0	0	0	0	0	0	0	0	0	0	0	0	0	0	0	0	0	0	0	0	0	0	0	0	0	0	0	0	0	0	0	0	0	0	0	0	0	0	0	0	0	0	0	0	0
Ath_SWN	0	0	0	0	0	0	0	0	0.000396008416047619	7.73228476190476e-06	7.76445047619048e-06	0	0.0031172789047619	0	0	4.94819338095238e-05	0	0.000125140749047619	0	0.000160168145238095	0.00044017956	0.00173497869047619	4.1378710952381e-05	0.0127134178095238	0	0	0	0.000527931171428571	0	0	0.00319147681428571	0	0	0	0.166047747904762	0.000279357863809524	0.00107538396190476	0	0	0.000134432032857143	0	0	0	0	0	0.00438710323809524	0.00850841147142857	0.000929632178571429	0.0422391047619048	2.3179449047619e-05	0.0298259383333333	0	0	0.0125101311904762	0	0.000119317159047619	3.48612995238095e-05	0.00365354719047619	8.38303428571429e-06	0.0136572466190476	0.00160364621904762	1.50702895238095e-05	0	0	0	0	0	0	0.000252861375714286	0.0101395354761905	0	0	0	0	0.000637127669047619	0	1.40335495238095e-05	0	0	0	0	0	0.00136154684952381	0.0010580650952381	0.00256427566428571	0.00256482805238095	1.68676428571429e-06	0.0134873964761905	0.00506206572380952	0.00576556609523809	0	0.000411138993809524	0	0	2.40578995238095e-05	3.47206095238095e-06	0.00245162983333333	1.55691714285714e-06	0.000637629532857143	0	3.64235428571429e-06	0	4.19451042857143e-05	5.6930560952381e-05	0	0.0013907497047619	2.22302238095238e-06	0.000677129285714286	0	2.74864095238095e-06	2.4828070952381e-05	9.8328199047619e-05	8.75119733333333e-05	0	1.54115238095238e-05	0.000213077438095238	0	8.27138338095238e-05	5.30748914285714e-05	0.0135795258095238	0.0496970971428571	0.0012383477952381	0.00323520937619048	0	0.0429851866666667	0	0	0.0061871105952381	0.000789726653333333	0	7.04602076190476e-05	7.92472514285714e-05	0	0	0	3.051794e-05	0.00071368779047619	0	0	3.5663019047619e-05	0	0	0.00459481398571429	0	0.000209695338095238	0.00320646838571429	0	0	0.0125741169047619	0.00909823095238095	0.0406268396666667	0	0.00934795457142857	0.000711090580952381	0.00228281461428571	0.0766341977666667	0.000193758094761905	0.000230864717142857	0	0.000108133195714286	0.00323782168571429	5.37853785714286e-05	0.000599716695238095	0	0	0.0001337979	0.000746444192380952	0	3.56175785714286e-05	0.00175102705238095	0.00761811404761905	0.00175209798095238	0.0502237119047619	8.896509e-05	0	0.00877760428571429	0.0727181666666667	0.00464700885714286	2.59551371428571e-05	0	0	0	0.000232854497142857	0.00211401393333333	0	0	3.71378680952381e-05	0	0.00194411057619048	0	0	0.00248779923809524	0.000883676071428571	0.000107756886380952	0	0	0.00480929071904762	0	0	0	0.018953734147619	0	0	5.41791571428571e-06	0	0	0	0	3.31251057142857e-05	0	2.99458571428571e-06	0	0	0	0	0	0	0	0	0	0	0	0	0	0	0	0	0	0	0	0.0300798052857143	0	0	6.71326880952381e-05	0	0	0	0	0	0	0	0	0	0	0.0136735704761905	0	0	0	0	0	0	0.075899506947619	0	0.00182754945714286	0	0.000440570614952381	0	0	0.000381208659047619	0	0	0	8.55595714285714e-06	1.20163014285714e-05	0	0	0	2.90497476190476e-06	0	1.61962761904762e-06	0.0012246901952381	0	0.00108747988571429	0.000239044983333333	0	1.93720523809524e-05	0.0159402664285714	4.09139619047619e-06	5.83819e-06	0	2.99700738095238e-05	0	0	4.21045157142857e-05	0	0.0230488627542857	0.000315265817619048	0	3.43985866666667e-05	0	0.000198252889047619	4.47982033333333e-05	0.000155536328571429	0.00734261047619048	4.09715047619048e-07	0	0	0.00133361021190476	0.000587281134761905	0.000280255855238095	0	7.64304e-06	3.21343838095238e-05	0	0.000130411878571429	0	0	0	7.954305e-05	0.00388480038571429	0.0022965672047619	3.59323619047619e-06	0	0	0	0	0	0	0	0	0	0	0	0	0	0	0	0	0	0	0	0	0	0	0	0	0	0	0	0	0	0	0	0	0	0	0	0	0	0	0	0	0	0	0	0	0	0	0	0	0	0	0	0	0	0	0	0	0	0	0	0	0	0	0	0	0	0	0	0	0	0	0	0	0	0	0	0	0	0	0	0	0	0	0	0	0	0	0	0	0	0	0	0	0	0	0	0	0	0	0	0	0	0	0	0	0	0	0	0	0	0	0	0	0	0	0	0	0	0	0	0	0	0	0	0	0	0	0	0	0	0	0	0	0	0	0	0	0	0	0	0	0	0	0	0	0	0	0	0	0	0	0	0	0	0	0	0	0	0	0	0	0	0	0	0	0	0	0	0	0	0	0	0	0	0	0	0	0	0	0	0	0	0	0	0	0	0	0	0	0	0	0	0	0	0	0	0	0	0	0	0	0	0	0	0	0	0	0	0	0	0	0	0	0	0	0	0	0	0	0	0	0	0	0	0	0	0	0	0	0	0	0
Austromyrtus dulcis_yellowsand	0	0.000801966666666667	0	0	0	0	0	0	6.97919233333333e-05	0	0	0	7.70831666666667e-05	0.0002350702	0	0	0.000513810966666667	0	0	0	0	0.000504822866666667	8.81951e-05	0.00432469186666667	0.000430783266666667	0	0	0.000730478	0	0	0	7.70831666666667e-05	0	0.0003228383	0.120052796333333	0.000165278266666667	0.000326735833333333	0	0	0	0	0	0	0	0	0	0.00447837606666667	0.0002350702	0.003109458	0.000347678766666667	0.110828833333333	0	0	0.000198263866666667	0	0.000295447066666667	0	0.00307175366666667	0	0.0154679966666667	0	0	0	0.000232946333333333	0	0	0	0	0.00010447439	0.00595130866666667	0	0	0	0	9.54863e-05	0.136506375433333	0.0004187516	7.70831666666667e-05	0	0	0	0.000120753733333333	6.97919233333333e-05	0.000225228133333333	0.00559282433333333	0.00120019126666667	0	0.00723583266666667	0	0.0018155101	4.40975333333333e-05	0	0	0.0517376086666667	0	0	0.000948841766666667	0	0	4.40975333333333e-05	0	0	0	0	0	0.00505977833333333	0	0	0.000165278266666667	0	0	0	0.00147199103333333	0	0	0	0	8.81951e-05	0.000279167733333333	0.008994031	0.04156626	7.878e-05	0.00649882766666667	0	0.000765160466666667	0.000451737266666667	0	0	0.00142492696666667	0	8.81951e-05	9.54863e-05	0	0	0	0	0.000330129566666667	0.000545099633333333	0	0	0	4.40975333333333e-05	0.0011659358	0.0003284327	0.000392203266666667	0	0	0.0168165293333333	0.007145928	0.028736626	0.0757643466666667	0	0	0.00164795426666667	0.0005489204	0.0824231035	0.0009394266	4.40975333333333e-05	0	0.00165354873333333	0	0.0004496134	0.005044802	0	2.569439e-05	0.00757024066666667	5.13887666666667e-05	0	0	0.000102777566666667	0.00377653766666667	0.0013372247	0.0261307466666667	0.000429436533333333	0	0.02289561	0.0717815166666667	0.01976975	0	0	0	0	0	6.03768566666667e-05	0	0	0	0	0	0	2.569439e-05	0.000445715866666667	0	0.000618712333333333	0	0	0	0	0	0	0.0177794037	0	0.00104425123333333	0	4.40975333333333e-05	2.569439e-05	2.569439e-05	0	0.000164851266666667	0	0	0	0	0	0	0	0	0	6.97919233333333e-05	0	0	8.81951e-05	0	0	0	0	0	0	0	0	0.01935764	0	0	0.000253046366666667	0.00011388949	0	0	0	0	0	0	0	0	0	0	0	0	0	0	0	0	0.0357878908333333	0	0	0	0	0	0	0	0	0	0	0	0	0	0	0	0	0	0	0	0	0	0	0	0	0	0	0	0	0	0	0	0	0	0	0	0	0	0	0	0	0	0	0	0	0	0	0	0	0	0	0	0	0	0	0	0	0	0	0	0	0	0	0	0	0	0	0	0	0	0	0	0	0	0	0	0	0	0	0	0	0	0	0	0	0	0	0	0	0	0	0	0	0	0	0	0	0	0	0	0	0	0	0	0	0	0	0	0	0	0	0	0	0	0	0	0	0	0	0	0	0	0	0	0	0	0	0	0	0	0	0	0	0	0	0	0	0	0	0	0	0	0	0	0	0	0	0	0	0	0	0	0	0	0	0	0	0	0	0	0	0	0	0	0	0	0	0	0	0	0	0	0	0	0	0	0	0	0	0	0	0	0	0	0	0	0	0	0	0	0	0	0	0	0	0	0	0	0	0	0	0	0	0	0	0	0	0	0	0	0	0	0	0	0	0	0	0	0	0	0	0	0	0	0	0	0	0	0	0	0	0	0	0	0	0	0	0	0	0	0	0	0	0	0	0	0	0	0	0	0	0	0	0	0	0	0	0	0	0	0	0	0	0	0	0	0	0	0	0	0	0	0	0	0	0	0	0	0	0	0	0	0	0	0	0	0	0	0	0	0	0
Banksia integrifolia_freshwaterRd	0	0.0010523877	0	0	0	0	0	5.50661e-05	0.0002898634	0	0	0	0	0.00016519825	0	0	0.0004145286	0	0	0	0	0.00023479735	6.95991e-05	0.005154872	0.0003189295	0	0	0.00106692065	0	0	0	5.50661e-05	0	0.00023479735	0.1122237495	0.0001246652	0.00049866075	0	0	0	0	0	0	0	0	6.95991e-05	0.0047663432	0.00017973125	0.0028757	0.00040306165	0.098017105	0	0	0.00011013215	0	0.00026386345	0	0.0024466385	0	0.010816806	0	0	0	0.0003885286	5.50661e-05	0	0	0	0.0001391982	0.0048007445	0	0	0	0	0	0.0012642508	0.0001246652	0	0	0	0	0	0	0.0002202643	0.0082087095	0.00151891615	0	0.0092068255	0	0.0016581145	6.95991e-05	0	0	0.132105475	0	0	0.00084359025	0	0	0	0	0	0	0	0	0.0041002155	0	0	0	0	0	0	0.0006814581	0	0	0	0	0	0.00024933035	0.010360149	0.041251235	0.0001942643	0.006669925	0	0.001217586	0.00011013215	0	0	0.001327718	0	0	5.50661e-05	0	0	0	0	0.00017973125	0.0002202643	0	0	0	0	0.001382784	0.0003449295	0.000605727	0	0	0.02320998	0.010215616	0.016016627	0.170746055	0	0	0.00070745805	0.00067839205	0.08088783935	0.0006898592	0	0	0.0009277224	0	0.00048412775	0.005151009	0	0.00011013215	0.003377427	0	0	0	0.00011013215	0.004507815	0.0046928805	0.018843515	0.00017973125	0	0.018460445	0.066406935	0.03234041	0	0	0	0	0	0	0	0	0	0	0	0	5.50661e-05	0.00030439645	0	0.00053919385	0	0	0	0	0	0	0.02139188405	0	0.0009713214	0	0.00011013215	0	0	0	0.0001391982	0	0	0	0	0	0	0	0	0	5.50661e-05	0	0	0	0	5.50661e-05	0	0	0	0	0	0	0.0187396365	0	0	5.50661e-05	0	0	0	0	0	0	0	0	0	0	0	0	0	0	0	0	0	0.0273772848	0	0	0	0	0	0	0	0	0	0	0	0	0	0	0	0	0	0	0	0	0	0	0	0	0	0	0	0	0	0	0	0	0	0	0	0	0	0	0	0	0	0	0	0	0	0	0	0	0	0	0	0	0	0	0	0	0	0	0	0	0	0	0	0	0	0	0	0	0	0	0	0	0	0	0	0	0	0	0	0	0	0	0	0	0	0	0	0	0	0	0	0	0	0	0	0	0	0	0	0	0	0	0	0	0	0	0	0	0	0	0	0	0	0	0	0	0	0	0	0	0	0	0	0	0	0	0	0	0	0	0	0	0	0	0	0	0	0	0	0	0	0	0	0	0	0	0	0	0	0	0	0	0	0	0	0	0	0	0	0	0	0	0	0	0	0	0	0	0	0	0	0	0	0	0	0	0	0	0	0	0	0	0	0	0	0	0	0	0	0	0	0	0	0	0	0	0	0	0	0	0	0	0	0	0	0	0	0	0	0	0	0	0	0	0	0	0	0	0	0	0	0	0	0	0	0	0	0	0	0	0	0	0	0	0	0	0	0	0	0	0	0	0	0	0	0	0	0	0	0	0	0	0	0	0	0	0	0	0	0	0	0	0	0	0	0	0	0	0	0	0	0	0	0	0	0	0	0	0	0	0	0	0	0	0	0	0	0	0	0	0
Banksia integrifolia_yellowsand	0	0.0013521615	0	0	0	4.7388875e-05	0	0	0.00020519365	0	0	0	0.000415441875	0.00013158305	0	0	0.00038416555	0	0	0	0	0.00056819205	0	0.0030677955	0.00109957875	0	0	0.00064180265	0	0	0	4.7388875e-05	0	0.00084194175	0.147595033	0.0001104159	0.00016838835	0	0	0	0	0	0	0	0	3.68053e-05	0.0097944795	0.0002157772	0.009919587	0.0003998037	0.09124828	0	0	8.4194175e-05	0	0.00034736025	0	0.0028092095	0	0.0097453555	0	0	0	0.000231415375	4.7388875e-05	0	0	0	3.68053e-05	0.0039773445	0	0	0	0	3.68053e-05	0.0657490371	0.0003998037	0	0	0	0	0.0002157772	0.00047388875	0.000120999475	0.0075217115	0.0010471354	0	0.0069130825	0	0.0016838835	3.68053e-05	0.0001421666	0	0.0177877085	0	0	0.0009574121	0	0	3.68053e-05	0	0	0	0	0	0.00234085	0	0	0	0	3.68053e-05	0	0.0005838302	0	0	0	0	0	0.0001472212	0.01297364	0.04312242	0.0001104159	0.005692504	0	0.001547246	0.00020519365	0	0	0.00086263435	0	3.68053e-05	0.0002157772	0	0	0	0	0.00031560955	0.00032113855	0	0	0	3.68053e-05	0.0006206355	0.000120999475	0.0008631089	0	0	0.022285705	0.008044412	0.008527462	0.1968372	0	0	0.00149890825	0.00057877565	0.0804532811	0.00065791525	0	0	0.001231162	0	0.0002525825	0.0026776265	0	0	0.00382412	0	0	0	7.36106e-05	0.0039253755	0.00149385335	0.02490062	0.0005944138	0	0.02077653	0.073886135	0.028907815	0	0	0	0	0	0	0	0	0	0	0	0	0	9.477775e-05	0	0.00038416555	0	0	0	0	0	0	0.0189182521	0	0.0010678281	0	0	0	0	0	4.7388875e-05	0	0	0	0	0	0	0	0	0	8.4194175e-05	0	0	4.7388875e-05	0	0	0	0	0	0	0	0	0.01336476	3.68053e-05	0	0.000120999475	3.68053e-05	0	0	0	0	0	0	0	0	0	0	0	0	0	0	0	0	0.0255222029	0	0	0	0	0	0	0	0	0	0	0	0	0	0	0	0	0	0	0	0	0	0	0	0	0	0	0	0	0	0	0	0	0	0	0	0	0	0	0	0	0	0	0	0	0	0	0	0	0	0	0	0	0	0	0	0	0	0	0	0	0	0	0	0	0	0	0	0	0	0	0	0	0	0	0	0	0	0	0	0	0	0	0	0	0	0	0	0	0	0	0	0	0	0	0	0	0	0	0	0	0	0	0	0	0	0	0	0	0	0	0	0	0	0	0	0	0	0	0	0	0	0	0	0	0	0	0	0	0	0	0	0	0	0	0	0	0	0	0	0	0	0	0	0	0	0	0	0	0	0	0	0	0	0	0	0	0	0	0	0	0	0	0	0	0	0	0	0	0	0	0	0	0	0	0	0	0	0	0	0	0	0	0	0	0	0	0	0	0	0	0	0	0	0	0	0	0	0	0	0	0	0	0	0	0	0	0	0	0	0	0	0	0	0	0	0	0	0	0	0	0	0	0	0	0	0	0	0	0	0	0	0	0	0	0	0	0	0	0	0	0	0	0	0	0	0	0	0	0	0	0	0	0	0	0	0	0	0	0	0	0	0	0	0	0	0	0	0	0	0	0	0	0	0	0	0	0	0	0	0	0	0	0	0	0	0	0	0	0	0	0
Callitris rhomboidea_ancientwoodland	0	8.34864e-05	0	0	0	0	0	0.00010984185	0.0003295255	0	0	0	0.00066347105	0	0	0	0.00021968365	0	0	0	0	0.00021968365	0.00010984185	0.003251384	0.0011291937	0	0	0.00066347105	0	0	0	0	0	0.00038665645	0.3053332475	0.0009974165	8.34864e-05	0	0	0	0	0	0	0	0	0.02612649	0.0074257037	0.00019332825	0.0046046815	0	0.074339535	0	0	0	0	0.00010984185	0	0.0021793215	0	0.00066347105	0	0.00010984185	0	0	0	0	0	0	0.00010984185	0.000549209	0	0	0	0	0	0.0147286355	0.0005228537	0	0	0	0	0	0	0	0.0006371156	0.00187173105	0	0.011366747	0	0.003475488	0	0.00038665645	0	0.010632887	0	0	0.001379653	0	0	0	0	0	0	0	0	0.0007425374	0	0.00010984185	0	0	0	0	0	0	0	0	0	0	0	0.005830622	0.02518505	0.00080408815	0.0025615575	0	0.0010193522	0	0	0	0.0014587192	0	0	0	0	0	0	0	0.0001669728	0.00019332825	0	0	0	0	0.00088315455	0.00027681465	0	0	0	0.014587192	0.00956099	0.017184771	0.08922057	0	0	8.34864e-05	0.00027681465	0.04013320335	0	0	0	0.00036030105	0	0	0.0016608875	0	0	0.0042972565	0	0	0	0.00027681465	0.005632874	0.0003295255	0.008862325	0.00010984185	0	0.007161818	0.1991971	0.0301321845	0	0	0	0	0.00047014285	0	0	0	0	0	0	0	0	0.00019332825	0	0.00019332825	0	0	0	0	0	0	0.00765848255	0	0.0005228537	0	0	0	0	0	0	0	0	0	0	0	0	0	0	0	0	0	0	0	0	0	0	0	0	0	0	0	0.0132602505	0	0.00021968365	0	0	0	0	0	0	0	0	0	0	0	0	0	0	0	0	0	0	0.0341884844	0	0	0	0	0	0	0	0	0	0	0	0	0	0	0	0	0	0	0	0	0	0	0	0	0	0	0	0	0	0	0	0	0	0	0	0	0	0	0	0	0	0	0	0	0	0	0	0	0	0	0	0	0	0	0	0	0	0	0	0	0	0	0	0	0	0	0	0	0	0	0	0	0	0	0	0	0	0	0	0	0	0	0	0	0	0	0	0	0	0	0	0	0	0	0	0	0	0	0	0	0	0	0	0	0	0	0	0	0	0	0	0	0	0	0	0	0	0	0	0	0	0	0	0	0	0	0	0	0	0	0	0	0	0	0	0	0	0	0	0	0	0	0	0	0	0	0	0	0	0	0	0	0	0	0	0	0	0	0	0	0	0	0	0	0	0	0	0	0	0	0	0	0	0	0	0	0	0	0	0	0	0	0	0	0	0	0	0	0	0	0	0	0	0	0	0	0	0	0	0	0	0	0	0	0	0	0	0	0	0	0	0	0	0	0	0	0	0	0	0	0	0	0	0	0	0	0	0	0	0	0	0	0	0	0	0	0	0	0	0	0	0	0	0	0	0	0	0	0	0	0	0	0	0	0	0	0	0	0	0	0	0	0	0	0	0	0	0	0	0	0	0	0	0	0	0	0	0	0	0	0	0	0	0	0	0	0	0	0	0	0
Callitris rhomboidea_blackbutt	0	0.0003986817	0	0	0	0	0	0	0.0007734805	0	0	0	0.0023779195	0	0	0	0.0003986817	0	0	0	0	0.00011049725	0	0.0046020345	0	0	0	0.0003986817	0	0	0	0.00011049725	0	0.0003650867	0.2110744025	0.002156925	0.0003650867	0	0	0	0	0	0	0	0	0.03206649	0.00627366375	0.0002209945	0.0037755345	0.00011049725	0.09261627	0	0	0	0	0.0004755839	0	0.0059713085	0	0.0007301734	0	0	0	0	0.00011049725	0	0	0	0	0.0009078607	0	0	0	0	0.00025458945	0.00849857665	0.00011049725	0	0	0	0	0	0	0.0002209945	0.00084067045	0.004943239	0	0.021329628	0	0.0044579425	0.0001440922	0.00043227665	0	0.0089875335	0	0	0.002012833	0	0	0	0	0	0	0	0	0.025057875	0	0.00025458945	0	0	0	0	0.00028818445	0	0	0	0	0	0	0.01430557	0.027908515	0.0023487827	0.00586527	0	0.00084067045	0	0	0.00011049725	0.00150365395	0	0	0	0	0	0	0	0	0	0	0	0	0	0.001638034	0.00011049725	0.00050917895	0	0	0.01611078	0.01885984	0.007627971	0.05465744	0	0	0.0008645535	0.001128855	0.0603109526	0	0	0	0.00122964	0	0	0.0003314917	0	0	0.0198033645	0	0	0	0.00025458945	0.0081282335	0.00011049725	0.020084225	0.00076376835	0	0.002435397	0.21567695	0.0118021875	0	0	0	0	0.00011049725	0	0	0	0	0	0	0	0	0.00065327115	0	0	0	0	0	0	0	0	0.01873883485	0	0.00076376835	0	0.00011049725	0	0	0	0	0	0	0	0	0	0	0	0	0	0.0002209945	0	0	0	0	0	0	0	0	0	0	0	0.013051255	0	0	0.0003986817	0	0	0	0	0	0	0	0	0	0	0	0	0	0	0	0	0	0.0264064515	0	0	0	0	0	0	0	0	0	0	0	0	0	0	0	0	0	0	0	0	0	0	0	0	0	0	0	0	0	0	0	0	0	0	0	0	0	0	0	0	0	0	0	0	0	0	0	0	0	0	0	0	0	0	0	0	0	0	0	0	0	0	0	0	0	0	0	0	0	0	0	0	0	0	0	0	0	0	0	0	0	0	0	0	0	0	0	0	0	0	0	0	0	0	0	0	0	0	0	0	0	0	0	0	0	0	0	0	0	0	0	0	0	0	0	0	0	0	0	0	0	0	0	0	0	0	0	0	0	0	0	0	0	0	0	0	0	0	0	0	0	0	0	0	0	0	0	0	0	0	0	0	0	0	0	0	0	0	0	0	0	0	0	0	0	0	0	0	0	0	0	0	0	0	0	0	0	0	0	0	0	0	0	0	0	0	0	0	0	0	0	0	0	0	0	0	0	0	0	0	0	0	0	0	0	0	0	0	0	0	0	0	0	0	0	0	0	0	0	0	0	0	0	0	0	0	0	0	0	0	0	0	0	0	0	0	0	0	0	0	0	0	0	0	0	0	0	0	0	0	0	0	0	0	0	0	0	0	0	0	0	0	0	0	0	0	0	0	0	0	0	0	0	0	0	0	0	0	0	0	0	0	0	0	0	0	0	0	0	0	0
Callitris rhomboidea_freshwaterRd	0	0.0001392079	0	0	0	0	0	3.48019666666667e-05	9.21545666666667e-05	0	0	0	0.00193521866666667	0	0	0	0.000665653133333333	0	0	0	7.98977333333333e-05	0.000321565	0	0.00379689066666667	0.000323517066666667	0	0	0.0001965605	0	0	0	0.0001147052	0	6.96039666666667e-05	0.308808302333333	0.00121856946666667	0.000161758533333333	0	0	0	0	0	0	0	0	0.0127459866666667	0.0105868175666667	0.0003441101	0.005871356	0.0001392079	0.115311526666667	0	0	0	0	0.0002642069	0	0.00293275233333333	0	0.0014602644	0	6.96039666666667e-05	0	0	5.73526e-05	0	0	0	0	0.00125338266666667	0	0	0	0	0	0.00393949126666667	0.000219105633333333	0	0	0	0	0	0	0	0.000368612833333333	0.0019577858	0	0.008238864	0	0.00261951266666667	0.000229399433333333	0.000911241066666667	0	0.010823738	0	0	0.0008867438	0	0	0	0	0	0	0	0	0.00104654486666667	0	6.96039666666667e-05	0	0	0	5.73526e-05	0.000126956566666667	0	0	3.48019666666667e-05	0	0	0	0.008328127	0.0281154066666667	0.00117740016666667	0.00263374366666667	0	0.0009646731	0	0	5.73526e-05	0.000772022066666667	0	0	0	0	0	0	0	0.0004936118	0.000309297166666667	0	0	0	0	0.000759770666666667	3.48019666666667e-05	0.000219105633333333	0	0	0.0205224723333333	0.010741329	0.01680517	0.09813389	0	0	0.000436264733333333	0.000737225533333333	0.0616218639	0	0	0	0.000391163433333333	0	0	0.002209703	0	0	0.005578176	0	0	0	0.000344099133333333	0.003604273	0	0.0160842336666667	0.000149507166666667	0	0.0103766123333333	0.11348174	0.04389773	0	0	0	0	0.0004362537	0.0001392079	0	0	0	0	0	0	0	0.000473024233333333	0	0.0001495017	0	0	0	0	0	0	0.00803797553333333	0	0.000380864166666667	0	3.48019666666667e-05	0	0	0	0	3.48019666666667e-05	0	0	0	0	0	0	0	0	7.98977333333333e-05	0	0	0	0	0	0	0	0	0	0	0	0.0138083626666667	0	3.48019666666667e-05	3.48019666666667e-05	0	0	0	0	0	0	0	0	0	0	0	0	0	0	0	0	0	0.0268502397666667	0	0	0	0	0	0	0	0	0	0	0	0	0	0	0	0	0	0	0	0	0	0	0	0	0	0	0	0	0	0	0	0	0	0	0	0	0	0	0	0	0	0	0	0	0	0	0	0	0	0	0	0	0	0	0	0	0	0	0	0	0	0	0	0	0	0	0	0	0	0	0	0	0	0	0	0	0	0	0	0	0	0	0	0	0	0	0	0	0	0	0	0	0	0	0	0	0	0	0	0	0	0	0	0	0	0	0	0	0	0	0	0	0	0	0	0	0	0	0	0	0	0	0	0	0	0	0	0	0	0	0	0	0	0	0	0	0	0	0	0	0	0	0	0	0	0	0	0	0	0	0	0	0	0	0	0	0	0	0	0	0	0	0	0	0	0	0	0	0	0	0	0	0	0	0	0	0	0	0	0	0	0	0	0	0	0	0	0	0	0	0	0	0	0	0	0	0	0	0	0	0	0	0	0	0	0	0	0	0	0	0	0	0	0	0	0	0	0	0	0	0	0	0	0	0	0	0	0	0	0	0	0	0	0	0	0	0	0	0	0	0	0	0	0	0	0	0	0	0	0	0	0	0	0	0	0	0	0	0	0	0	0	0	0	0	0	0	0	0	0	0	0	0	0	0	0	0	0	0	0	0	0	0	0	0	0	0	0	0	0	0
Cap_AAG	0	0	0	0	0	0	0	0	0.0002550861925	5.886071125e-05	3.647666e-05	0	0.00217871375	3.472015e-06	0	8.67704e-06	0	1.088663125e-05	0	0.0001477857	0.00068669063625	0.001045917925	7.996151625e-05	0.00728771625	0	0	0	0.00072810675	0	0	0.0041933110375	0	0	0	0.14386430875	0.00049846367	0.0014454076875	0	0	0.00025333970625	0	0	0	0	0	0.0019865225375	0.0072983450875	0.0002582813125	0.02818085375	4.64751425e-05	0.028442357875	0	0	0.01023223625	0	6.39168875e-05	2.63177625e-05	0.007302984125	1.7654e-06	0.010062155125	0.0021816798	2.72115625e-05	0	0	0	0	0	0	0.000416670715	0.009034800125	0	0	0	0	0.0004347509925	0	3.472015e-06	0	0	0	0	0	0.000942592025	0.001098135925	0.00064736726875	0.00341243195	1.1230695e-05	0.0143117005	0.005403651125	0.004808308125	0	3.3559465e-05	0	0	2.70676275e-05	0	0.0028902055	0	0.000602667925	0	0	0	2.681491e-05	1.929630625e-05	0	0.0027252605	0	0.00049023405375	0	0	7.945784e-05	0.0002110221075	7.876082375e-05	0	8.92804e-06	0.00019344165	0	0.0002147402825	3.91352875e-05	0.0130781245	0.0383659725	0.0015108736	0.005149654175	0	0.04788840375	0	0	0.0042313465	0.000568450875	0	4.3945405e-05	5.50084775e-05	0	0	0	4.2673045e-05	0.0004765127625	0	0	0	0	0	0.00351885425	0	0.00011538578625	0.004495220125	0	0	0.01672503	0.013687573625	0.0520332875	0	0.009811531	0.000962028	0.001633727925	0.0849038076625	0.00012851455875	4.843655875e-05	0	7.09344125e-05	0.0027224445125	6.137088125e-05	0.00061048171625	0	0	0.0002962508425	0.001152476425	0	7.37363125e-06	0.001767167625	0.008163335625	0.002729234575	0.04987051125	0.00017573834	0	0.00722451825	0.06377059625	0.004194428125	0	0	0	0	0.000127341075	0.0024687553125	0	0	4.381942625e-05	0	0.00186993047	0	0	0.0039756081125	0.0009020030625	0.00010030588125	0	0	0.00226490225	0	0	0	0.0169883135375	0	0	0	0	0	0	0	1.73599025e-05	0	7.2308675e-06	0	0	0	0	0	0	0	0	0	0	0	0	0	0	0	0	0	0	0	0.03163473125	0	0	2.201729375e-05	0	0	0	0	0	0	0	0	0	0	0.016131548125	0	0	0	0	0	0	0.0781145510625	0	0.0024783816625	0	0.000313931125	0	7.44003375e-06	0.000243230585	0	0	0	0	6.44802875e-06	0	0	0	1.306033625e-05	0	7.31453375e-06	0.000713322775	0	0.001298323475	0.0001315578125	0	9.95204e-05	0.0705675246	0.0003878139125	5.0460725e-05	0	8.69797625e-05	0	0	0.000129212805	0	0.0042927554	0.0002131421625	0	1.75040375e-05	0	9.942265e-06	9.626702875e-05	0.00010288891625	0.0080185425	0	0	0	0.0014713120125	0.0009503849125	0.0001972255225	0	3.472015e-06	6.679429875e-05	1.573776325e-05	5.007736875e-05	0	0	0	7.273522125e-05	0.002041266875	0.0018198388375	5.9604225e-06	0	0	0	0	0	0	0	0	0	0	0	0	0	0	0	0	0	0	0	0	0	0	0	0	0	0	0	0	0	0	0	0	0	0	0	0	0	0	0	0	0	0	0	0	0	0	0	0	0	0	0	0	0	0	0	0	0	0	0	0	0	0	0	0	0	0	0	0	0	0	0	0	0	0	0	0	0	0	0	0	0	0	0	0	0	0	0	0	0	0	0	0	0	0	0	0	0	0	0	0	0	0	0	0	0	0	0	0	0	0	0	0	0	0	0	0	0	0	0	0	0	0	0	0	0	0	0	0	0	0	0	0	0	0	0	0	0	0	0	0	0	0	0	0	0	0	0	0	0	0	0	0	0	0	0	0	0	0	0	0	0	0	0	0	0	0	0	0	0	0	0	0	0	0	0	0	0	0	0	0	0	0	0	0	0	0	0	0	0	0	0	0	0	0	0	0	0	0	0	0	0	0	0	0	0	0	0	0	0	0	0	0	0	0	0	0	0	0	0	0	0	0	0	0	0	0	0	0	0	0	0
Cap_BAL	0	0	0	0	0	0	0	0	0.000263022620909091	1.06374636363636e-05	4.55188327272727e-05	0	0.00209171226363636	4.19139363636364e-06	0	4.79615636363636e-06	0	7.11831009090909e-05	0	0.000206442204545455	0.000469035745454545	0.0023958222	0.000139548848818182	0.00807730218181818	0	0	0	0.000573575336363636	0	0	0.00390033936363636	0	0	0	0.154129649454545	0.000278876407272727	0.00118132735454545	0	0	9.46355209090909e-05	0	0	0	0	0	0.000647045909090909	0.0119177212909091	0.000515728936363636	0.0342454	9.87855818181818e-06	0.03267883	0	0	0.00995018018181818	0	3.86683790909091e-05	0	0.00277506722727273	1.82419478181818e-05	0.0135013864545455	0.00194611602727273	1.03387727272727e-05	0	0	0	0	0	0	0.000375996363636364	0.0120241450909091	0	0	0	0	0.000284012774545455	0	1.09344009090909e-05	0	0	0	0	0	0.00132861876363636	0.00101505020909091	0.00779587694545455	0.00194045485454545	1.08976272727273e-05	0.00868605818181818	0.00535778290909091	0.00448505827272727	0	5.06499827272727e-05	0	0	3.16732763636364e-05	0	0.00237526781818182	0	0.000370630030909091	0	5.16740363636364e-06	0	0.000107205563636364	1.37114745454545e-05	0	0.00225274707272727	8.38278727272727e-06	0.000657452918181818	0	3.03990272727273e-06	3.60143136363636e-05	8.87111609090909e-05	0.000120889583454545	0	3.60837572727273e-05	0.000433946663636364	0	0.000270376379090909	0.000149007471818182	0.0154552885454545	0.0350404645454545	0.00122551084545455	0.00387841272727273	0	0.0441442227272727	0	0	0.00275558894545455	0.000506055690909091	0	1.56818027272727e-05	6.39686872727273e-05	0	0	0	2.44848663636364e-05	0.000700558445454545	0	0	3.91196727272727e-06	0	0	0.003883455	0	0.000135175688181818	0.00224776114545455	0	0	0.0110899078181818	0.0286003596363636	0.05513214	0	0.00802887709090909	0.00151680908181818	0.00164601095454545	0.0926852094454545	4.54475663636364e-05	5.77374109090909e-05	0	0.000103423330909091	0.00278758036363636	2.97337090909091e-05	0.000428307759090909	0	0	9.02533090909091e-05	0.000584106943636364	0	0.000182937066363636	0.00161363185454545	0.00464979745454545	0.00115746399090909	0.0611404209090909	0.000169962658181818	0	0.00826295754545455	0.0535075709090909	0.00373056054545455	9.95980272727273e-06	0	0	0	0.000162770078181818	0.00210086167272727	0	0	5.90825281818182e-05	0	0.00130988416363636	0	0	0.00383815845454545	0.000723554090909091	5.15590727272727e-05	0	0	0.00194243910909091	0	0	0	0.0325906898181818	0	0	2.39020090909091e-05	0	0	0	0	0.000111553177909091	0	4.07182e-07	0	0	0	0	0	0	0	0	0	0	0	0	0	0	0	0	0	0	0	0.03575871	0	0	5.30876754545455e-05	0	0	0	0	0	0	0	0	0	0	0.0218542758181818	0	0	0	0	0	0	0.0795979114727273	0	0.00261591295454545	0	0.000384531286363636	0	0	0.000306171147272727	0	0	0	0	2.44309181818182e-06	0	0	0	7.78591909090909e-06	0	0	0.000998180172727273	0	0.00110415983636364	7.06733e-06	0	2.13699118181818e-05	0.0150007131181818	0	0	0	5.22511618181818e-05	0	0	6.019047e-05	0	0.000521242827272727	0.000408992198181818	0	1.55022090909091e-06	0	5.55842154545455e-05	2.99065081818182e-05	0.000116012920909091	0.00623040536363636	2.22494563636364e-05	0	0	0.00135463315454545	0.000752606345454545	0.000117834524545455	0	3.10044181818182e-06	1.84985118181818e-05	1.40225309090909e-05	4.85445090909091e-05	0	0	0	9.15050845454545e-05	0.00423739895454545	0.00537738333636364	9.12908181818182e-06	0	0	0	0	0	0	0	0	0	0	0	0	0	0	0	0	0	0	0	0	0	0	0	0	0	0	0	0	0	0	0	0	0	0	0	0	0	0	0	0	0	0	0	0	0	0	0	0	0	0	0	0	0	0	0	0	0	0	0	0	0	0	0	0	0	0	0	0	0	0	0	0	0	0	0	0	0	0	0	0	0	0	0	0	0	0	0	0	0	0	0	0	0	0	0	0	0	0	0	0	0	0	0	0	0	0	0	0	0	0	0	0	0	0	0	0	0	0	0	0	0	0	0	0	0	0	0	0	0	0	0	0	0	0	0	0	0	0	0	0	0	0	0	0	0	0	0	0	0	0	0	0	0	0	0	0	0	0	0	0	0	0	0	0	0	0	0	0	0	0	0	0	0	0	0	0	0	0	0	0	0	0	0	0	0	0	0	0	0	0	0	0	0	0	0	0	0	0	0	0	0	0	0	0	0	0	0	0	0	0	0	0	0	0	0	0	0	0	0	0	0	0	0	0	0	0	0	0	0	0	0
Cap_BNE	0	0	0	0	0	0	0	0	0.000308400825	0	0	0	0.003552779375	0	0	2.10383325e-05	0	0.000170909125	0	5.4476145e-05	0.00081313495	0.00097342715	7.9013945e-05	0.00397123525	0	0	0	0.0004131619	0	0	0.0059726515	0	0	0	0.14723471025	0.0003968451475	0.000563594425	0	0	0.00014097088	0	0	0	0	0	0.0007509048525	0.009630104425	0.000198102725	0.0538476925	0.000112197335	0.05378108	0	0	0.0135600525	0	1.502738e-05	0	0.0037495875	0	0.01214686575	0.001278539975	0	0	0	0	0	0	0	0.0001694059975	0.011086838	0	0	0	0	0.0003890059775	0	1.0519165e-05	0	0	0	0	0	0.000371976875	0.001015635475	0.00053002015	0.00262459175	0	0.0135030865	0.005477739	0.00792325275	0	3.96817525e-05	0	0	0	0	0.00304959125	0	0.0010489758	0	0	0	0	2.35241675e-05	0	0.00171595575	0	0.0025307218525	0	0	0	2.25679625e-06	6.8251815e-05	0	0	0.00029007838	0	0.000261866255	5.3034725e-05	0.007931192	0.039425475	0.000779202375	0.003437674	0	0.06005506	0	0	0.0109196375	0.000857470775	0	6.692206e-05	8.04834e-05	0	0	0	0	0.00036775073	0	0	0	0	0	0.00537521775	0	0.000140810845	0.0028122552	0	0	0.01903236	0.0074402	0.06467698	0	0.009239458	0.000383844725	0.00256442425	0.06632566685	0.0001960195175	0.00018335035	0	0.00011654555	0.00285990845	5.05651175e-05	0.00041293565	0	0	0.0002491555325	0.00070686515	0	0	0.001315401725	0.00711232175	0.001010522075	0.0540304975	6.56193775e-05	0	0.0123208235	0.070580105	0.007656161	0	0	0	0	9.46725e-05	0.00243055875	0	0	0.000306701	0	0.00356543075	0	0	0.0036267125	0.0010414245	8.7239495e-05	0	0	0.00233310025	0	0	0	0.018262142775	0	0	0	0	0	0	0	2.09848e-05	0	0	0	0	0	0	0	0	0	0	0	0	0	0	0	0	0	0	0	0	0	0.02474165	0	0	8.0710775e-06	0	0	0	0	0	0	0	0	0	0	0.0241569875	0	0	0	0	0	0	0.06798275765	0	0.002236754875	0	0.00044632881	0	0	0.000871865575	0	0	0	0	0	0	0	0	0	0	0	0.002092191125	0	0.001053272025	0.00010312197	0	0	0.003112300475	0	0	0	0.0001209904625	0	0	2.820995e-05	0	0.0007876575	0.0001887562275	0	0	0	5.64199e-06	4.3583825e-05	7.762545e-05	0.007694914	0	0	0	0.001476490175	0.000749333475	0.0001207444775	0	0	0	0	4.0498505e-05	0	0	0	3.005475e-05	0.001577218875	0.001782632275	0	0	0	0	0	0	0	0	0	0	0	0	0	0	0	0	0	0	0	0	0	0	0	0	0	0	0	0	0	0	0	0	0	0	0	0	0	0	0	0	0	0	0	0	0	0	0	0	0	0	0	0	0	0	0	0	0	0	0	0	0	0	0	0	0	0	0	0	0	0	0	0	0	0	0	0	0	0	0	0	0	0	0	0	0	0	0	0	0	0	0	0	0	0	0	0	0	0	0	0	0	0	0	0	0	0	0	0	0	0	0	0	0	0	0	0	0	0	0	0	0	0	0	0	0	0	0	0	0	0	0	0	0	0	0	0	0	0	0	0	0	0	0	0	0	0	0	0	0	0	0	0	0	0	0	0	0	0	0	0	0	0	0	0	0	0	0	0	0	0	0	0	0	0	0	0	0	0	0	0	0	0	0	0	0	0	0	0	0	0	0	0	0	0	0	0	0	0	0	0	0	0	0	0	0	0	0	0	0	0	0	0	0	0	0	0	0	0	0	0	0	0	0	0	0	0	0	0	0	0	0	0
Cap_CSA	0	0	0	0	0	0	0	0	0.00043640673625	1.720553e-05	2.729839e-05	0	0.002710189775	8.44287125e-06	0	3.56174375e-05	0	8.724154625e-05	0	0.0001303206975	0.000630827925	0.0011681549625	4.28629225e-05	0.005316575125	0	0	0	0.0004536883	0	0	0.002991527625	0	0	0	0.14711205075	0.0001916725875	0.0014546087875	0	0	7.508750375e-05	0	0	0	0	0	0.0031818454	0.0260947814875	0.000456653225	0.0391039575	1.251040375e-05	0.0303215565	0	0	0.012275501	0	0.00015293139875	9.927275e-06	0.005307392625	1.853049625e-05	0.015896318375	0.00155229335	0	0	0	0	0	0	0	0.00039093241125	0.010591270875	0	0	0	0	0.0002678506	0	0	0	0	0	0	0	0.0047432753375	0.001633877525	0.00280716325	0.00206835125	0	0.00789354425	0.00570485475	0.004306846	0	1.445322e-05	0	0	1.176143125e-05	0	0.002026111625	3.79096625e-06	0.0004525190875	0	0	0	6.445876625e-05	4.258887875e-05	0	0.001109424725	1.08266925e-05	0.00064333687625	0	4.22143625e-06	2.8587785e-05	0.00015656408125	5.963102375e-05	0	2.633335375e-05	0.000142133675	0	0.0001569269675	6.672537375e-05	0.010418350125	0.03527786875	0.0014126276	0.004345051875	0	0.05228459125	0	0	0.0030644255375	0.0005684322875	0	0.00023002008375	8.399493625e-05	0	0	0	4.90524175e-05	0.0005405246375	0	0	0	0	0	0.00479885075	0	0.0003417043125	0.0023643978625	0	0	0.008838806125	0.016880603	0.03930885	0	0.007777226125	0.0015842596875	0.00213800775	0.0967389249	9.526827625e-05	3.919406125e-05	0	7.09846225e-05	0.0030719415	0	0.00042470815	0	0	2.060101375e-05	0.00096164954625	0	1.54963625e-05	0.0018416205125	0.004851474625	0.0013510358875	0.05823292625	0.00015514052875	0	0.007539893875	0.090729914625	0.005779756375	0	0	0	0	0.0004151735625	0.001735382725	0	0	7.838274375e-05	0	0.0017320217875	0	0	0.00413459125	0.000418747225	4.91795225e-05	0	0	0.00628394075	0	0	0	0.0169094921625	0	0	1.078811375e-05	0	0	0	0	0.00070040657625	0	6.6034375e-06	0	0	0	0	0	0	0	0	0	0	0	0	0	0	0	0	0	0	0	0.0372176625	0	0	5.626681625e-05	0	0	0	0	0	0	0	0	0	0	0.02095835975	0	0	0	0	0	0	0.075848422375	0	0.0031961619875	0	0.00033023837625	0	0	0.0001092607225	0	0	0	0	2.3365781625e-05	0	0	0	2.6464955e-05	0	1.0487045e-05	0.0010187833	0	0.0014461306125	0.00027679258625	0	0.0001172958875	0.00358222235	0	0	0	7.005536125e-05	0	0	8.650433e-05	0	0.00021634871125	0.0004372065625	0	3.86310375e-05	0	5.861109375e-05	0.0001246905775	0.00019091862625	0.0064522405	1.97180625e-06	0	0	0.0018239414125	0.0008714810875	0.0001533691875	0	2.843225e-06	0.0001073648955	9.477415e-06	0.00023670467125	0	0	0	0.0001583878125	0.0033660965375	0.00197001798375	0	0	0	0	0	0	0	0	0	0	0	0	0	0	0	0	0	0	0	0	0	0	0	0	0	0	0	0	0	0	0	0	0	0	0	0	0	0	0	0	0	0	0	0	0	0	0	0	0	0	0	0	0	0	0	0	0	0	0	0	0	0	0	0	0	0	0	0	0	0	0	0	0	0	0	0	0	0	0	0	0	0	0	0	0	0	0	0	0	0	0	0	0	0	0	0	0	0	0	0	0	0	0	0	0	0	0	0	0	0	0	0	0	0	0	0	0	0	0	0	0	0	0	0	0	0	0	0	0	0	0	0	0	0	0	0	0	0	0	0	0	0	0	0	0	0	0	0	0	0	0	0	0	0	0	0	0	0	0	0	0	0	0	0	0	0	0	0	0	0	0	0	0	0	0	0	0	0	0	0	0	0	0	0	0	0	0	0	0	0	0	0	0	0	0	0	0	0	0	0	0	0	0	0	0	0	0	0	0	0	0	0	0	0	0	0	0	0	0	0	0	0	0	0	0	0	0	0	0	0	0	0
Cap_ENN	0	0	0	0	0	0	0	0	0.00021902121375	4.30086375e-05	1.023408125e-05	0	0.002171713475	9.314565e-06	0	3.2286805e-05	0	4.1381275e-06	0	0.0003350835425	0.0008891627375	0.0008433819625	4.12904975e-05	0.00914427475	0	0	0	0.00050116915	0	0	0.004108971375	0	0	0	0.150417797	0.000288652005	0.0012495166375	0	0	0.000132986325	0	0	0	0	0	0.00053439590125	0.01144481495	0.00011533363125	0.028859185	5.949672e-05	0.02837801875	0	0	0.012957567375	0	2.1509045e-05	6.6310025e-05	0.0048262715	2.915132625e-05	0.009830783625	0.0017952885375	7.98916e-06	0	0	0	0	0	0	0.000222187375	0.010706260375	0	0	0	0	0.0002567846875	0	1.582595e-06	0	0	0	0	0	0.00150135725875	0.0010961490375	0.00072774445	0.00282605225	4.0887275e-06	0.0116804285	0.0059995165	0.005045148	0	0.000137347586875	0	0	6.515357125e-05	0	0.002635828125	0	0.0003405199125	0	0	0	3.760666375e-05	3.1174542875e-05	0	0.00656066775	0	0.00043218741125	0	0	6.129915375e-05	6.165702625e-05	0.00015138534375	0	4.07798275e-05	8.28423525e-05	0	0.000127195465	5.59539e-05	0.016522868125	0.0342145075	0.0015290075	0.00502574225	0	0.049451855	0	0	0.0049418705	0.0006988762375	0	0.00014403023	6.969183375e-05	0	0	0	3.8850175e-05	0.000725871925	0	0	0	0	0	0.004825132875	0	0.0001497107775	0.003285445375	0	0	0.013822814625	0.02435733775	0.0370857575	0	0.0087120475	0.0016778092875	0.0019639058375	0.09555952775	9.322629e-05	0.00042680447875	0	6.047707775e-05	0.00382955775	3.6782427e-05	0.0004904880625	0	0	0.00012298426375	0.0011132023375	0	1.4827615e-05	0.0022953105	0.0065356095	0.0018251703875	0.06043047875	0.00040082702	0	0.012688369875	0.06138742	0.005180081875	7.8824425e-06	0	0	0	0.00026233550875	0.0019595704	0	0	5.536662125e-05	0	0.0015366033625	0	0	0.004629390375	0.0006735063375	6.94266925e-05	0	0	0.003454203975	0	0	0	0.0222941336625	0	0	2.425254875e-05	0	0	0	0	4.670214825e-05	0	4.314539125e-06	0	0	0	0	0	0	0	0	0	0	0	0	0	0	0	0	0	0	0	0.0351159575	0	0	4.05323875e-05	0	0	0	0	0	0	0	0	0	0	0.0202372065	0	0	0	0	0	0	0.0919552778375	0	0.0026623515	0	0.000524255625	0	1.3944887875e-05	0.0004585024	0	0	0	1.82877625e-05	1.47783575e-05	0	0	0	3.70396075e-05	0	6.85791e-06	0.001018339175	0	0.0012832351625	0.00030818516375	0	0	0.0077753114125	7.0092475e-06	1.096148625e-05	0	0.0001919178	0	0	0.000103336475	0	0.000226699555	0.0005697650375	0	1.528004e-05	0	9.94859375e-06	0.00014794577	9.322482625e-05	0.007402505625	0	0	0	0.00204029375	0.000758900795	0.00017238128375	0	4.39609625e-06	2.61428525e-05	6.33037875e-06	7.594776125e-05	0	0	0	3.4014725e-05	0.0059972984	0.003608536575	1.81168225e-05	0	0	0	0	0	0	0	0	0	0	0	0	0	0	0	0	0	0	0	0	0	0	0	0	0	0	0	0	0	0	0	0	0	0	0	0	0	0	0	0	0	0	0	0	0	0	0	0	0	0	0	0	0	0	0	0	0	0	0	0	0	0	0	0	0	0	0	0	0	0	0	0	0	0	0	0	0	0	0	0	0	0	0	0	0	0	0	0	0	0	0	0	0	0	0	0	0	0	0	0	0	0	0	0	0	0	0	0	0	0	0	0	0	0	0	0	0	0	0	0	0	0	0	0	0	0	0	0	0	0	0	0	0	0	0	0	0	0	0	0	0	0	0	0	0	0	0	0	0	0	0	0	0	0	0	0	0	0	0	0	0	0	0	0	0	0	0	0	0	0	0	0	0	0	0	0	0	0	0	0	0	0	0	0	0	0	0	0	0	0	0	0	0	0	0	0	0	0	0	0	0	0	0	0	0	0	0	0	0	0	0	0	0	0	0	0	0	0	0	0	0	0	0	0	0	0	0	0	0	0	0
Cap_ENS	0	0	0	0	0	0	0	0	0.00021947915	0.0001242727	0	0	0.0022604915	0	0	0.0001051538	0	0	0	8.846914e-05	0.0004076305	0.00061174265	0.000127646064	0.022904145	0	0	0	0.00056621165	0	0	0.002562959	0	0	0	0.116720951	0.00042003575	0.001200891	0	0	0.0001178903	0	0	0	0	0	0.00183856565	0.0059473151	0.000242167695	0.02072668	6.5785315e-05	0.01791567	0	0	0.014407043	0	0	0	0.0036114975	0	0.0099548265	0.00211835185	0	0	0	0	0	0	0	0.00030493925	0.008131996	0	0	0	0	0.0002978188	0	1.85535e-05	0	0	0	0	0	0.001106151	0.00131519745	0.00040446295	0.0024224745	0	0.01201299	0.0057815115	0.00485906	0	0.00010364456	0	0	0	0	0.002290847	0	0.00047249555	0	0	0	3.823775e-05	5.716502e-05	0	0.002902081	0	0.00020728445	0	1.85535e-05	7.3289e-05	3.5985695e-05	0.0001231372	0	2.867831e-05	0.00015348805	0	0.00060758865	6.74673e-06	0.0118347745	0.02750647	0.001226873	0.0041976115	0	0.03983693	0	0	0.0027204895	0.00056380105	0	0	0.0001402051	0	0	0	3.1299415e-05	0.00072254075	0	0	0	0	0	0.0053392005	0	0.00010870461	0.0033486425	0	0	0.0102116785	0.052635825	0.047923	0	0.0074418805	0.0011303347	0.0015455205	0.0750043836	0.000146199565	4.7797185e-05	0	2.698691e-05	0.003438429	2.530023e-05	0.0003118823	0	0	0.000137574535	0.0012517425	0	0	0.0020705285	0.006047004	0.00101603285	0.03728337	0	0	0.0107974235	0.087361235	0.0024129625	0	0	0	0	0.00050758462	0.0015493841	0	0	9.0903375e-05	0	0.0014514305	0	0	0.0034564675	0.00100497845	0.0001073917	0	0	0.0041719365	0	0	0	0.0105285028	0	0	0	0	0	0	0	1.3493455e-05	0	0	0	0	0	0	0	0	0	0	0	0	0	0	0	0	0	0	0	0	0	0.02763933	0	0	0.00010496223	0	0	0	0	0	0	0	0	0	0	0.015585765	0	0	0	0	0	0	0.07672907205	0	0.00349431705	0	0.00027514905	0	0	0.0029086758	0	0	0	0	0	0	0	0	0	0	0	0.00119197055	0	0.00107053435	0	0	0	0.0011423471	0	0	0	0.00014244295	0	0	9.878085e-05	0	0.1224604538	0.00030644375	0	1.9118875e-05	0	5.1731205e-05	5.73472e-05	0.000155553205	0.0043507845	0	0	0	0.0016705695	0.0006839104	0	0	0	0	2.1926865e-05	6.785047e-05	0	0	0	7.9662e-05	0.0010486924	0.00087566455	0	0	0	0	0	0	0	0	0	0	0	0	0	0	0	0	0	0	0	0	0	0	0	0	0	0	0	0	0	0	0	0	0	0	0	0	0	0	0	0	0	0	0	0	0	0	0	0	0	0	0	0	0	0	0	0	0	0	0	0	0	0	0	0	0	0	0	0	0	0	0	0	0	0	0	0	0	0	0	0	0	0	0	0	0	0	0	0	0	0	0	0	0	0	0	0	0	0	0	0	0	0	0	0	0	0	0	0	0	0	0	0	0	0	0	0	0	0	0	0	0	0	0	0	0	0	0	0	0	0	0	0	0	0	0	0	0	0	0	0	0	0	0	0	0	0	0	0	0	0	0	0	0	0	0	0	0	0	0	0	0	0	0	0	0	0	0	0	0	0	0	0	0	0	0	0	0	0	0	0	0	0	0	0	0	0	0	0	0	0	0	0	0	0	0	0	0	0	0	0	0	0	0	0	0	0	0	0	0	0	0	0	0	0	0	0	0	0	0	0	0	0	0	0	0	0	0	0	0	0	0	0
Cap_FRN	0	0	0	0	0	0	0	0	7.3389195e-05	0	0	0	0.002052038	0	0	0	0	0.00044478905	0	9.20374e-05	0.00045746825	0.003088158	9.77014e-06	0.006169757	0	0	0	0.0001686407	0	0	0.002310748	0	0	0	0.1323303915	9.27524e-05	0.00114035145	0	0	5.05922e-05	0	0	0	0	0	0.0006571903	0.00798437635	0.00038424955	0.02675959	0	0.024585955	0	0	0.014814543	0	0	0	0.003160419	0	0.012326055	0.001539517	0	0	0	0	0	0	0	0.0001465521	0.0139482	0	0	0	0	0.00049489255	0	4.233728e-05	0	0	0	0	0	0.00090493345	0.0010782971	0.01391922465	0.0023490085	0	0.006099903	0.005610068	0.0032056065	0	9.132245e-05	0	0	0.000197951125	0	0.001594258	0	0.00011242715	0	0	0	0.00011072825	3.2567135e-05	0	0.00121214	1.628357e-05	0.00035900265	0	0	8.895779e-05	7.16477e-05	0.000306675495	0	0	0	0	0.00051930315	0	0.019952222	0.04100065	0.0006583514	0.001312836	0	0.03756772	0	0	0.00181946	0.00045630065	0	8.467455e-05	4.2160175e-05	0	0	0	2.2485425e-05	0.00063212715	0	0	0	0	0	0.0046492555	0	0.0002713403	0.002008087	0	0	0.00954798	0.025475205	0.053145795	0	0.0075824885	0.001723861	0.0016675485	0.095426984	8.141785e-05	0.000198928445	0	0	0.0033087195	8.432035e-06	0.00044902965	0	0	0	0.0006463939	0	0	0.0011710985	0.003062193	0.001667739	0.08449463	0.0005075226	0	0.0074257445	0.101865425	0.0069957455	0	0	0	0	5.536415e-05	0.0015916539	0	0	2.8106785e-05	0	0.0010101813	0	0	0.0018824985	0.00027419365	8.4362975e-05	0	0	0.0038811435	0	0	0	0.0248266563	0	0	0	0	0	0	0	5.902425e-05	0	0	0	0	0	0	0	0	0	0	0	0	0	0	0	0	0	0	0	0	0	0.03048689	0	0	5.3714455e-05	0	0	0	0	0	0	0	0	0	0	0.01817448	0	0	0	0	0	0	0.06438407805	0	0.002624616	0	0.0002191837	0	0	0.0005537035	0	0	0	0	0	0	0	0	0	0	0	0.00172592725	0	0.0012735295	0	0	0	0.026214167	0.0001204984	8.793125e-05	0	0.00014980885	0	0	4.559399e-05	0	0.0001888894	0.0005050235	0	3.582385e-05	0	0	0	5.920135e-05	0.0052971775	0	0	0	0.001415267	0.00030042445	0.00035966845	0	1.405339e-05	1.686407e-05	0	0	0	0	0	0.000152753975	0.000890562	0.00082138405	0	0	0	0	0	0	0	0	0	0	0	0	0	0	0	0	0	0	0	0	0	0	0	0	0	0	0	0	0	0	0	0	0	0	0	0	0	0	0	0	0	0	0	0	0	0	0	0	0	0	0	0	0	0	0	0	0	0	0	0	0	0	0	0	0	0	0	0	0	0	0	0	0	0	0	0	0	0	0	0	0	0	0	0	0	0	0	0	0	0	0	0	0	0	0	0	0	0	0	0	0	0	0	0	0	0	0	0	0	0	0	0	0	0	0	0	0	0	0	0	0	0	0	0	0	0	0	0	0	0	0	0	0	0	0	0	0	0	0	0	0	0	0	0	0	0	0	0	0	0	0	0	0	0	0	0	0	0	0	0	0	0	0	0	0	0	0	0	0	0	0	0	0	0	0	0	0	0	0	0	0	0	0	0	0	0	0	0	0	0	0	0	0	0	0	0	0	0	0	0	0	0	0	0	0	0	0	0	0	0	0	0	0	0	0	0	0	0	0	0	0	0	0	0	0	0	0	0	0	0	0	0
Cap_FRS	0	0	0	0	0	0	0	0	0.0003760684775	0.0001697876975	4.02236e-05	0	0.006328486	4.96278e-06	0	2.2828785e-05	0	0	0	0.00015972117	0.000729249675	0.000620241775	6.40247125e-05	0.00479845125	0	0	0	0.000360517175	0	0	0.004735613	0	0	0	0.1798410205	0.0001474073575	0.001154866425	0	0	9.17759e-05	0	0	0	0	0	0.000665239675	0.01333207995	0.00031927996	0.045249815	1.4548965e-05	0.026071035	0	0	0.0123012425	0	3.46755e-06	0	0.00774327625	1.90274225e-05	0.011005833	0.002221323775	0	0	0	0	0	0	0	0.000329329775	0.02090584	0	0	0	0	0.000408194625	0	0	0	0	0	0	0	0.007758542275	0.0021014895	0.002166104475	0.001592518075	0	0.01095110675	0.0085776505	0.00535056925	0	5.58249525e-05	0	0	2.72690875e-05	0	0.00312294925	0	0.0002894112925	0	0	0	3.268844e-05	7.69071e-06	0	0.004111208775	0	0.0004630632	0	0	1.38957825e-05	0.000463113465	0.0003484064	0	0	0.0001244461	0	0.000159951375	8.7866275e-05	0.01719033325	0.0234863925	0.00495247875	0.00512507775	0	0.0498529525	0	0	0.0031582045	0.000660669325	0	1.817489e-05	7.966114e-05	0	0	0	3.5428235e-05	0.000665682575	0	0	0	0	0	0.0070987785	0	0.000301467305	0.00384303225	0	0	0.00903687175	0.0228607545	0.0206772075	0	0.00808146925	0.00173520975	0.003040848	0.099990506275	0.000122539305	0.000221844585	0	2.04108325e-05	0.00244497525	4.1337575e-05	0.000533327925	0	0	0.000160278675	0.000559692175	0	0.000249654308	0.00296201775	0.0060884695	0.002480599175	0.0462247775	0.0002151860875	0	0.007352263	0.0289258	0.00449282225	1.04026525e-05	0	0	0	0.00027575205	0.00242418225	0	0	6.5655275e-05	0	0.001397558125	0	0	0.00574482925	0.00079896575	9.233835e-05	0	0	0.00353209625	0	0	0	0.0204184478	0	0	0	0	0	0	0	0.0004712956575	0	0	0	0	0	0	0	0	0	0	0	0	0	0	0	0	0	0	0	0	0	0.0518636925	0	0	0.000106345445	0	0	0	0	0	0	0	0	0	0	0.0211579075	0	0	0	0	0	0	0.0904456377	0	0.002854805175	0	0.00057441285	0	2.9097925e-05	0.000658062725	0	0	0	6.890835e-06	2.6799e-05	0	0	0	2.310718e-05	0	0	0.00156533575	0	0.0012648136	3.59445e-05	0	0.0002233694	0.002146874	0	2.06410325e-05	0	2.23133225e-05	0	0	0.000110624225	0	0.000332860615	0.00046429615	0	0	0	1.9226775e-06	0.0001627398775	0.0001284873375	0.0064887675	0	0	0	0.00324896675	0.0008628954	0.000130110805	0	1.4548965e-05	7.2093105e-05	0	9.414426e-05	0	0	0	6.5096285e-05	0.004388983	0.00214319145	4.96278e-06	0	0	0	0	0	0	0	0	0	0	0	0	0	0	0	0	0	0	0	0	0	0	0	0	0	0	0	0	0	0	0	0	0	0	0	0	0	0	0	0	0	0	0	0	0	0	0	0	0	0	0	0	0	0	0	0	0	0	0	0	0	0	0	0	0	0	0	0	0	0	0	0	0	0	0	0	0	0	0	0	0	0	0	0	0	0	0	0	0	0	0	0	0	0	0	0	0	0	0	0	0	0	0	0	0	0	0	0	0	0	0	0	0	0	0	0	0	0	0	0	0	0	0	0	0	0	0	0	0	0	0	0	0	0	0	0	0	0	0	0	0	0	0	0	0	0	0	0	0	0	0	0	0	0	0	0	0	0	0	0	0	0	0	0	0	0	0	0	0	0	0	0	0	0	0	0	0	0	0	0	0	0	0	0	0	0	0	0	0	0	0	0	0	0	0	0	0	0	0	0	0	0	0	0	0	0	0	0	0	0	0	0	0	0	0	0	0	0	0	0	0	0	0	0	0	0	0	0	0	0	0
Cap_GEN	0	0	0	0	0	0	0	0	0.0001652923625	1.8909955e-05	3.3871125e-05	0	0.0026547220875	0	0	7.32424025e-05	0	4.6282375e-05	0	0.0001506006825	0.00053408850125	0.0008456461875	6.6085345e-05	0.010134607625	0	0	0	0.00038357868125	0	0	0.00432102575	0	0	0	0.22140812875	0.00013387523875	0.0011404338875	0	0	0.00013293938375	0	0	0	0	0	0.0047376775375	0.011549213425	0.00045771712	0.03515753625	1.78030375e-05	0.029766823875	0	0	0.010279196875	0	4.291246875e-05	0	0.0036172889625	7.1208085e-05	0.009317793875	0.001591722625	0	0	0	0	0	0	0	0.00029270891625	0.011605974125	0	0	0	0	0.00025564023625	0	1.10501575e-05	0	0	0	0	0	0.0008806648875	0.0011564823	0.0003320205625	0.0016924041125	0	0.00863896975	0.0048545344875	0.00506073825	0	0.00039030514875	0	0	2.174708125e-05	0	0.00282291825	0	0.00047751067875	0	6.301050875e-05	0	1.4402725e-05	4.957678375e-05	0	0.00196949625	0	0.00451950624375	0	6.75287375e-06	2.413091875e-05	0.00011957368375	0.000305608145	0	1.27082875e-05	3.29567375e-05	0	0.00011211574	0.0001140372575	0.010801321375	0.03325784375	0.0031681718125	0.0034675653125	0	0.0359542945	0	0	0.002567457675	0.00052013895	0	5.70290875e-05	3.532730625e-05	0	0	0	0.000108741155	0.0004785562875	0	0	7.00929125e-06	0	0	0.004444920625	0	0.00016789012375	0.0034521675625	0	0	0.008511371625	0.020307797125	0.05432143375	0	0.00752553575	0.0015356737	0.002549982675	0.0856204495625	9.396277125e-05	0.00014117805	0	0.0001018596775	0.0023048750625	1.78030375e-05	0.00063346674875	0	0	0.00075083859625	0.00068281205625	0	1.0514612625e-05	0.001783943675	0.004117984875	0.001830451775	0.05779401625	0.000325747475	0	0.008591817625	0.05682294	0.004587917125	3.29849e-06	0	0	0	0.00033161907875	0.0021317548625	0	0	0.0001071576575	0	0.0018590364125	0	0	0.0028628835375	0.0006712925875	6.53846725e-05	0	0	0.0038520672875	0	0	0	0.020790387525	0	0	3.8384395e-05	0	0	0	0	0.00012631083125	0	2.5969175e-05	0	0	0	0	0	0	0	0	0	0	0	0	0	0	0	0	0	0	0	0.03726535525	0	0	3.231302375e-05	0	0	0	0	0	0	0	0	0	0	0.02254724825	0	0	0	0	0	0	0.0710703129625	0	0.0019124244375	0	0.00037302227125	0	0	0.000216444515	0	0	0	2.06155625e-06	6.77775375e-06	0	0	0	3.615351875e-05	0	0	0.00101624085	0	0.0009615473875	6.943191875e-05	0	0	0.0032188807625	1.143746e-05	0	0	7.54294e-05	0	0	4.904163875e-05	0	0.00033066029	0.0001680171625	0	0	0	6.99674375e-06	0.000158493225	5.70987425e-05	0.006298811375	2.06155625e-06	0	0	0.0016033670625	0.0009144030525	0.00010481148375	0	2.2966435e-05	5.7723575e-06	1.258099375e-05	7.862437125e-05	0	0	0	0.00017248292875	0.003224643675	0.000961094605	6.86773375e-06	0	0	0	0	0	0	0	0	0	0	0	0	0	0	0	0	0	0	0	0	0	0	0	0	0	0	0	0	0	0	0	0	0	0	0	0	0	0	0	0	0	0	0	0	0	0	0	0	0	0	0	0	0	0	0	0	0	0	0	0	0	0	0	0	0	0	0	0	0	0	0	0	0	0	0	0	0	0	0	0	0	0	0	0	0	0	0	0	0	0	0	0	0	0	0	0	0	0	0	0	0	0	0	0	0	0	0	0	0	0	0	0	0	0	0	0	0	0	0	0	0	0	0	0	0	0	0	0	0	0	0	0	0	0	0	0	0	0	0	0	0	0	0	0	0	0	0	0	0	0	0	0	0	0	0	0	0	0	0	0	0	0	0	0	0	0	0	0	0	0	0	0	0	0	0	0	0	0	0	0	0	0	0	0	0	0	0	0	0	0	0	0	0	0	0	0	0	0	0	0	0	0	0	0	0	0	0	0	0	0	0	0	0	0	0	0	0	0	0	0	0	0	0	0	0	0	0	0	0	0	0
Cap_GES	0	0	0	0	0	0	0	0	0.0003644381	0	0	0	0.003006615	0	0	0	0	0	0	0.0001822191	9.110953e-05	0.001967966	0	0.004628364	0	0	0	0.001439531	0	0	0.001093314	0	0	0	0.204887115	0.0005648791	0.0005648791	0	0	3.644381e-05	0	0	0	0	0	0	0.0058127881	0.0004191038	0.01157091	0	0.03216166	0	0	0.1563986	0	0.0001639972	0	0.0006924324	0	0.003134168	0.0006742105	0	0	0	0	0	0	0	0	0.003352831	0	0	0	0	0.0005466572	0	0	0	0	0	0	0	0.0004919915	0.0003279943	0.0003097724	0	0	0.01842235	0.005120356	0.01441353	0	0	0	0	0	0	0.001895078	0	0.0009293172	0	0	0	0	0	0	0.001002205	0	0.009129175	0	0	0	0	0	0	0	0	0	3.644381e-05	0	0.004446145	0.03197945	0.0004737696	0.000965761	0	0.03704514	0	0	0.03638915	0.003863044	0	0	0	0	0	0	0	0.0009475391	0	0	0	0	0	0.008035861	0	7.288763e-05	0.003097724	0	0	0.007124765	0.003134168	0.01169846	0	0.03228922	0	0.0006559886	0.0483062738	0	0	0	0	0.0231236	0	0.0003644381	0	0	0	0	0	0	0.004828805	0.005521238	5.466572e-05	0.04309481	0	0	0.001931522	0.02596622	0.0006924324	0	0	0	0	0.0002368848	0.001876856	0	0	0	0	0.00553946	0	0	0.00114798	0.0004555477	0.0005466572	0	0	0.01122469	0	0	0	0.0058492319	0	0	7.288763e-05	0	0	0	0	0	0	0	0	0	0	0	0	0	0	0	0	0	0	0	0	0	0	0	0	0	0	0.006049673	0	0	0	0	0	0	0	0	0	0	0	0	0	0.007015434	0	0	0	0	0	0	0.1048124055	0	0.0099491609	0	0.002168407	0	0	0.0005102134	0	0	0	0	0	0	0	0	0	0	0	0.0006924324	0	0.003279943	0.001075092	0	0	0.0090380656	0	0	0	0.0005648791	0	0	0	0	0	0.002569289	0	0	0	0	0	0	0.001822191	0	0	0	0	0.001257312	0	0	0	0	0	0	0	0	0	0	0	0.0003097724	0	0	0	0	0	0	0	0	0	0	0	0	0	0	0	0	0	0	0	0	0	0	0	0	0	0	0	0	0	0	0	0	0	0	0	0	0	0	0	0	0	0	0	0	0	0	0	0	0	0	0	0	0	0	0	0	0	0	0	0	0	0	0	0	0	0	0	0	0	0	0	0	0	0	0	0	0	0	0	0	0	0	0	0	0	0	0	0	0	0	0	0	0	0	0	0	0	0	0	0	0	0	0	0	0	0	0	0	0	0	0	0	0	0	0	0	0	0	0	0	0	0	0	0	0	0	0	0	0	0	0	0	0	0	0	0	0	0	0	0	0	0	0	0	0	0	0	0	0	0	0	0	0	0	0	0	0	0	0	0	0	0	0	0	0	0	0	0	0	0	0	0	0	0	0	0	0	0	0	0	0	0	0	0	0	0	0	0	0	0	0	0	0	0	0	0	0	0	0	0	0	0	0	0	0	0	0	0	0	0	0	0	0	0	0	0	0	0	0	0	0	0	0	0	0	0	0	0	0	0	0	0
Cap_IRE	0	0	0	0	0	0	0	0	0.0002111239375	0	7.39163325e-05	0	0.001838952625	0	0	4.33864075e-05	0	0	0	4.70985275e-05	0.000801415975	0.00186578265	1.0221125e-06	0.0099058035	0	0	0	0.000532078775	0	0	0.00328408775	0	0	0	0.21341514175	0.000646071145	0.0006509344	0	0	0.000286165575	0	0	0	0	0	0.0003213077725	0.009463737575	0.000463452075	0.025119475	7.2347875e-05	0.0476358625	0	0	0.0114521945	0	0.0002721129875	0	0.00448937825	4.2762725e-05	0.0103746485	0.00184075225	0	0	0	0	0	0	0	0.000187909785	0.00746762225	0	0	0	0	0.000600585425	0	0	0	0	0	0	0	0.001515941525	0.001620075575	0.0003749295925	0.00369033825	0	0.01492590425	0.005021271	0.00508758375	0	8.158926e-05	0	0	1.11708125e-05	0	0.0026227305	0	0.00046526695	0	0	0	0.0001032409025	0.0001213896	0	0.00240315775	1.37451575e-05	0.000450785085	0	5.5854075e-06	1.069068e-05	1.98541175e-05	3.741608e-05	0	1.37451575e-05	0.00064749035	0	6.3233781e-05	4.33511125e-05	0.02032241525	0.0919189425	0.000585245675	0.003299776175	0	0.038932525	0	0	0.005130149	0.000428264	0	0	8.4081185e-05	0	0	0	5.9554525e-06	0.0004695523975	0	0	0	0	0	0.003528007425	0	0.00029849162	0.001724788275	0	0	0.02339616225	0.00673240375	0.0370874225	0	0.00787885925	0.0006252159375	0.00149751805	0.060324697275	5.192615e-05	0	0	0.000201540775	0.00205403525	1.9420135e-05	0.00072831405	0	0	6.683972e-05	0.0014295252025	0	0	0.0011747184	0.01000634175	0.000544234525	0.04782316	9.4209375e-05	0	0.00545986675	0.059122005	0.004487565	0	0	0	0	0.0001138399275	0.00279643075	0	0	0	0	0.00200714725	0	0	0.00657708775	0.00150549985	0.0002063779	0	0	0.004093517675	0	0	0	0.014184997475	0	0	0	0	0	0	0	1.0221125e-06	0	0	0	0	0	0	0	0	0	0	0	0	0	0	0	0	0	0	0	0	0	0.020685572	0	0	2.0158525e-05	0	0	0	0	0	0	0	0	0	0	0.0199479855	0	0	0	0	0	0	0.06701909765	0	0.00152300085	0	0.00036178605	0	0	0.000250178825	0	0	0	0	0	0	0	0	0	0	0	0.001215292975	0	0.0008145515	0.000239646935	0	3.665375e-05	0.00739961575	4.189055e-06	0	0	0	0	0	7.3744225e-06	0	0.000330816975	0.0002987641125	0	1.98541175e-05	0	5.381783e-05	5.16165425e-05	8.5255155e-05	0.0087227115	6.10896e-06	0	0	0.0009304325	0.00043255915	0.00014041925	0	0	1.221792e-05	0	5.743167e-05	0	0	0	0	0.004177130775	0.0033780482	0	0	0	0	0	0	0	0	0	0	0	0	0	0	0	0	0	0	0	0	0	0	0	0	0	0	0	0	0	0	0	0	0	0	0	0	0	0	0	0	0	0	0	0	0	0	0	0	0	0	0	0	0	0	0	0	0	0	0	0	0	0	0	0	0	0	0	0	0	0	0	0	0	0	0	0	0	0	0	0	0	0	0	0	0	0	0	0	0	0	0	0	0	0	0	0	0	0	0	0	0	0	0	0	0	0	0	0	0	0	0	0	0	0	0	0	0	0	0	0	0	0	0	0	0	0	0	0	0	0	0	0	0	0	0	0	0	0	0	0	0	0	0	0	0	0	0	0	0	0	0	0	0	0	0	0	0	0	0	0	0	0	0	0	0	0	0	0	0	0	0	0	0	0	0	0	0	0	0	0	0	0	0	0	0	0	0	0	0	0	0	0	0	0	0	0	0	0	0	0	0	0	0	0	0	0	0	0	0	0	0	0	0	0	0	0	0	0	0	0	0	0	0	0	0	0	0	0	0	0	0	0
Cap_ITA	0	0	0	0	0	0	0	0	0.0004590518675	1.4209826875e-05	2.9339030625e-05	0	0.00319313931875	4.60734375e-06	0	2.1200305625e-05	0	0.000155238808125	0	0.000229354415625	0.00066219111875	0.00096084115625	0.000153820466	0.0244978805	0	0	0	0.000617207075	0	0	0.00350215175	0	0	0	0.13723503675	0.00026574394	0.0017131674375	0	0	7.607695125e-05	0	0	0	0	0	0.00766423140625	0.00922877125	0.00037107302625	0.040246919375	3.7460929375e-05	0.029781975	0	0	0.01135347475	0	0.000288454138125	2.44661625e-06	0.005585884	4.925338125e-06	0.0110260868125	0.00140399995625	1.38776375e-05	0	0	0	0	0	0	0.00026823903	0.00970202	0	0	0	0	0.0004241780125	0	1.9936525e-06	0	0	0	0	0	0.00090117436875	0.0010189544375	0.000587819115625	0.0031367014375	0	0.011468454375	0.00498879125	0.00550776675	0	0.0004923695525	0	0	2.6460386875e-05	1.4006675625e-05	0.002487340725	7.907525e-07	0.0006301510875	0	9.61184625e-06	0	3.11279775e-05	6.17510225e-05	0	0.0022807145875	3.270349375e-05	0.0012892636175	0	2.7194136875e-05	6.276146625e-05	8.18334775e-05	6.3120428125e-05	0	1.749916625e-05	0.00011148668875	0	7.0239895625e-05	6.5295500625e-06	0.0122025075625	0.043445909375	0.00187041190625	0.00476753421875	0	0.058414955625	0	0	0.00412809075	0.0006636154875	0	8.3348135625e-05	5.392695e-05	0	0	0	6.2465936875e-05	0.00061472379375	0	0	0	0	0	0.0052736785625	0	0.00016426413375	0.00266418103125	0	0	0.0133178945	0.0116048510625	0.0471533146875	0	0.0075183993125	0.001708169475	0.00219017614375	0.0845928885	0.0002719971625	7.5648998125e-05	0	0.0001637856381875	0.0022966844375	7.08891125e-06	0.00048787037	0	0	0.00020992878125	0.0006508069375	0	3.1985981875e-05	0.00219881121875	0.006651501025	0.0015434555125	0.04754854875	0.00012962987875	0	0.008354179875	0.07668811625	0.007155198	1.9783893125e-05	0	0	0	0.0002446603075	0.0023183619125	0	0	9.7142631875e-05	0	0.00193294626875	0	0	0.00283303393125	0.00080786782	0.0001269324875	0	0	0.003346819925	0	0	0	0.01982107924375	0	0	0	0	0	0	0	4.475688625e-05	0	8.3421125e-06	0	0	0	0	0	0	0	0	0	0	0	0	0	0	0	0	0	0	0	0.034930023125	0	0	7.1096039375e-05	0	0	0	0	0	0	0	0	0	0	0.018324762	0	0	0	0	0	0	0.07455269314375	0	0.0026416441	0	0.00053106743125	0	1.86904875e-06	0.000497576536875	0	0	0	7.907525e-07	2.2996996875e-05	0	0	0	1.57674575e-05	0	2.0176155625e-05	0.00110044256875	0	0.0010554874375	4.6140949375e-05	0	4.757348125e-05	0.02508010709375	0	3.150158125e-06	0	6.0343825e-05	0	0	3.702765e-05	0	0.0002503320130625	0.000257850956875	0	1.191730625e-06	0	6.0759721875e-05	0.000187440714375	8.404169875e-05	0.007728488875	0	0	0	0.00154397050625	0.001080020260625	0.000332602204375	0	2.9201158125e-05	2.592470125e-05	1.23293625e-06	0.000131437919375	0	0	0	4.9907500625e-05	0.00200690018125	0.00202002721875	2.76832125e-06	0	0	0	0	0	0	0	0	0	0	0	0	0	0	0	0	0	0	0	0	0	0	0	0	0	0	0	0	0	0	0	0	0	0	0	0	0	0	0	0	0	0	0	0	0	0	0	0	0	0	0	0	0	0	0	0	0	0	0	0	0	0	0	0	0	0	0	0	0	0	0	0	0	0	0	0	0	0	0	0	0	0	0	0	0	0	0	0	0	0	0	0	0	0	0	0	0	0	0	0	0	0	0	0	0	0	0	0	0	0	0	0	0	0	0	0	0	0	0	0	0	0	0	0	0	0	0	0	0	0	0	0	0	0	0	0	0	0	0	0	0	0	0	0	0	0	0	0	0	0	0	0	0	0	0	0	0	0	0	0	0	0	0	0	0	0	0	0	0	0	0	0	0	0	0	0	0	0	0	0	0	0	0	0	0	0	0	0	0	0	0	0	0	0	0	0	0	0	0	0	0	0	0	0	0	0	0	0	0	0	0	0	0	0	0	0	0	0	0	0	0	0	0	0	0	0	0	0	0	0	0
Cap_SCO	0	0	0	0	0	0	0	0	0.00025159357	0.0001480771	4.725243e-05	0	0.001302889	0	0	0	0	0	0	0.000326719575	0.0011181125	0.00099354915	7.75642e-05	0.003265772	0	0	0	0.0005151831	0	0	0.0029368775	0	0	0	0.103992101	6.300325e-06	0.00148928555	0	0	8.505435e-05	0	0	0	0	0	0.000325071355	0.0091903681	0.000698078	0.03213396	0	0.029799615	0	0	0.012384815	0	2.8351455e-05	0	0.004088998	4.935904e-05	0.021888875	0.00152411275	0	0	0	0	0	0	0	0.00444784325	0.01678961	0	0	0	0	0.00029073165	0	0	0	0	0	0	0	0.00160510005	0.0023053625	0.00030197665	0.001804575	0	0.008258359	0.0049492165	0.0050738285	0	0.001217318245	0	0	0	0	0.001740528	0	0.0004064099	0	0	0	0.000260566175	0	0	0.0062709383	0	0.000244815375	0	0	0.000101263545	0.00146005635	0.00022278375	0	0.000127820485	0.0003215018	0	0.0007465006	0.0016073822	0.007606773	0.01930413	0.00322163065	0.0058533035	0	0.066273035	0	0	0.003482314	0.0003741378	0	0.0020660285	9.331501e-05	0	0	0	0	0.0007908954	0	0	0	0	0	0.005922002	0	0.000136061655	0.0094154255	0	0	0.0094045795	0.02834544	0.023598045	0	0.005952606	0.002581572	0.0036865185	0.12610794355	4.4102265e-05	0.00031190506	0	2.8205165e-05	0.0033729165	0	0.0006534977	0	0	0.00014490745	0.00088972085	0	0	0.0028208775	0.0044338675	0.0029709537	0.02592556	0.0002466294	0	0.0049726035	0.04545228	0.0043432835	0	0	0	0	0	0.0024707415	0	0	0	0	0.0019322095	0	0	0.01557495	0.0008431314	0.0001008052	0	0	0.0106157145	0	0	0	0.0100088251	0	0	0	0	0	0	0	0	0	0	0	0	0	0	0	0	0	0	0	0	0	0	0	0	0	0	0	0	0	0.05806546	0	0	0	0	0	0	0	0	0	0	0	0	0	0.02907851	0	0	0	0	0	0	0.10816352955	0	0.00249053945	0	0.0003972325	0	0	9.87181e-05	0	0	0	0	0.00019531005	0	0	0	0	0	0	0.0007752714	0	0.0011552905	0	0	0	0.00320457285	0	0	0	0.00019531005	0	0	0.00012692325	0	0.00049142525	0.00046565825	0	0	0	0	8.46155e-05	0.00125840675	0.01986505	0	0	0	0.0074548135	0.00088796545	0.00053287475	0	6.34616e-05	5.04026e-05	0	0.0003058973	0	0	0	0.00042527185	0.0121512667	0.00042034665	0	0	0	0	0	0	0	0	0	0	0	0	0	0	0	0	0	0	0	0	0	0	0	0	0	0	0	0	0	0	0	0	0	0	0	0	0	0	0	0	0	0	0	0	0	0	0	0	0	0	0	0	0	0	0	0	0	0	0	0	0	0	0	0	0	0	0	0	0	0	0	0	0	0	0	0	0	0	0	0	0	0	0	0	0	0	0	0	0	0	0	0	0	0	0	0	0	0	0	0	0	0	0	0	0	0	0	0	0	0	0	0	0	0	0	0	0	0	0	0	0	0	0	0	0	0	0	0	0	0	0	0	0	0	0	0	0	0	0	0	0	0	0	0	0	0	0	0	0	0	0	0	0	0	0	0	0	0	0	0	0	0	0	0	0	0	0	0	0	0	0	0	0	0	0	0	0	0	0	0	0	0	0	0	0	0	0	0	0	0	0	0	0	0	0	0	0	0	0	0	0	0	0	0	0	0	0	0	0	0	0	0	0	0	0	0	0	0	0	0	0	0	0	0	0	0	0	0	0	0	0	0
Cap_SPB	0	0	0	0	0	0	0	0	0.000142062572	0	6.20032e-06	0	0.00270509898	6.294232e-06	0	0	0	1.8095916e-05	0	4.844842e-05	0.00048012296	0.00350772206	4.165396e-05	0.0048181618	0	0	0	0.000597533372	0	0	0.004814243	0	0	0	0.156264766	0.000458007616	0.00031923206	0	0	0.000105475302	0	0	0	0	0	0.00096685942	0.00847655424	8.178286e-05	0.031985774	0.00014473994	0.04034119	0	0	0.0116243072	0	1.1160576e-05	0	0.0090945314	0	0.010113435	0.0017037336	0	0	0	0	0	0	0	0.00038132982	0.0105691816	0	0	0	0	0.00028587254	0	7.08101e-06	0	0	0	0	0	0.000478896994	0.00105916516	0.0069045413	0.00302107478	0	0.0149837606	0.0042809342	0.004889012	0	0.00023048842	0	0	0	0	0.0026095801	0	0.000781781356	0	0	0	0	1.1160576e-05	0	0.00110725486	0	0.00019203872	0	0	3.933894e-06	1.0134214e-05	2.6932782e-05	0	7.31826e-06	0.000116568782	0	0.000101429008	1.49488e-05	0.010165976	0.047193042	0.0007656803	0.00307785036	0	0.032232976	0	0	0.00769117	0.00064084288	0	6.18738e-05	4.7056676e-05	0	0	0	9.513738e-06	0.00053823962	0	0	0	0	0	0.0031691942	0	0.00014856379	0.00176759176	0	0	0.0251585534	0.014337736	0.056838254	0	0.0105252588	0.0005456481	0.0021435934	0.06745129964	5.192742e-05	2.360336e-06	0	0.00010186762	0.00232094628	9.179902e-05	0.000299148964	0	0	0.000226403748	0.001107699696	0	1.6522358e-05	0.00117655336	0.0069887944	0.0009760644	0.050719186	6.0888984e-05	0	0.0066120274	0.0675988	0.0051409854	0	0	0	0	3.805496e-05	0.00266132474	0	0	5.2909638e-05	0	0.00187516822	0	0	0.00203172592	0.00104265964	0.00011251782	0	0	0.0025452354	0	0	0	0.01761597844	0	0	4.695994e-06	0	0	0	0	0	0	7.86779e-06	0	0	0	0	0	0	0	0	0	0	0	0	0	0	0	0	0	0	0	0.0255701318	0	0	1.8882696e-05	0	0	0	0	0	0	0	0	0	0	0.0126327666	0	0	0	0	0	0	0.06472670248	0	0.00168573186	0	0.0004754402	0	0	0.00136094536	0	0	0	0	0	0	0	0	5.122782e-06	0	0	0.0015060077	0	0.00061990048	0.00017191452	0	0	0.0753663646	0	0	0	2.124304e-05	0	0	2.169794e-05	0	0.000127909158	0.00016423178	0	0	0	0	4.2144432e-05	7.396216e-05	0.0072822814	0	0	0	0.00119766884	0.000339443152	0.000244411552	0	0	4.945978e-05	0	5.157286e-05	0	0	0	2.927304e-05	0.00304228504	0.00623087936	0	0	0	0	0	0	0	0	0	0	0	0	0	0	0	0	0	0	0	0	0	0	0	0	0	0	0	0	0	0	0	0	0	0	0	0	0	0	0	0	0	0	0	0	0	0	0	0	0	0	0	0	0	0	0	0	0	0	0	0	0	0	0	0	0	0	0	0	0	0	0	0	0	0	0	0	0	0	0	0	0	0	0	0	0	0	0	0	0	0	0	0	0	0	0	0	0	0	0	0	0	0	0	0	0	0	0	0	0	0	0	0	0	0	0	0	0	0	0	0	0	0	0	0	0	0	0	0	0	0	0	0	0	0	0	0	0	0	0	0	0	0	0	0	0	0	0	0	0	0	0	0	0	0	0	0	0	0	0	0	0	0	0	0	0	0	0	0	0	0	0	0	0	0	0	0	0	0	0	0	0	0	0	0	0	0	0	0	0	0	0	0	0	0	0	0	0	0	0	0	0	0	0	0	0	0	0	0	0	0	0	0	0	0	0	0	0	0	0	0	0	0	0	0	0	0	0	0	0	0	0	0
Cap_SPC	0	0	0	0	0	0	0	0	0.000254771566666667	0	4.50749666666667e-05	0	0.00265475073333333	0	0	0.000203100173333333	0	0.000149224033333333	0	4.78849e-05	0.0004701833	0.000521394766666667	3.91956333333333e-05	0.00426167	0	0	0	0.000483289066666667	0	0	0.003326854	0	0	0	0.174628830666667	0.000148760713333333	0.000651053333333333	0	0	3.55193133333333e-05	0	0	0	0	0	0.005439265	0.00748765136666667	0.0003988194	0.04275713	3.34007733333333e-05	0.03027222	0	0	0.009197524	0	4.71209266666667e-05	0	0.002436705	8.03510333333333e-05	0.009414403	0.00136382273333333	0	0	0	0	0	0	0	0.0011698478	0.007630289	0	0	0	0	0.0003903848	0	9.79890666666667e-06	0	0	0	0	0	0.00303018406666667	0.0014743426	0.000462446663333333	0.00161652653333333	0	0.008436392	0.003572786	0.00347299933333333	0	4.54522166666667e-05	0	0	2.939672e-05	0	0.00201115933333333	0	0.000350234833333333	0	3.33162833333333e-05	0	3.38096266666667e-05	2.82956233333333e-05	0	0.0014486615	0	0.00037049854	0	0	0	0	0.000157416623333333	0	3.91956333333333e-05	8.70634666666667e-06	0	5.87934333333333e-05	1.42118133333333e-05	0.00966014966666667	0.0280243466666667	0.00190351016666667	0.0027377736	0	0.05673711	0	0	0.00268036066666667	0.000456445433333333	0	0.000161222583333333	4.73727e-06	0	0	0	4.12398966666667e-05	0.000776645666666667	0	0	0	0	0	0.00380503433333333	0	0.000114741863333333	0.00213579106666667	0	0	0.007714394	0.0182758116666667	0.08775962	0	0.009347295	0.00147280796666667	0.00158973216666667	0.0851302068333333	0.000104219966666667	2.939672e-05	0	4.73727e-06	0.00286246933333333	0	0.000309217733333333	0	0	1.76380333333333e-05	0.000685849733333333	0	0	0.00180330766666667	0.00354108166666667	0.0011678015	0.0706010566666667	0.000707828933333333	0	0.0160026263333333	0.07973934	0.00568926866666667	4.73727e-05	0	0	0	0.00025693963	0.001568562	0	0	8.42706e-05	0	0.00161619253333333	0	0	0.00353756333333333	0.000330812	4.87691966666667e-05	0	0	0.00276661733333333	0	0	0	0.0115537003	0	0	0	0	0	0	0	3.22237233333333e-05	0	0	0	0	0	0	0	0	0	0	0	0	0	0	0	0	0	0	0	0	0	0.0386634666666667	0	0	4.686061e-05	0	0	0	0	0	0	0	0	0	0	0.0184811066666667	0	0	0	0	0	0	0.0646278997	0	0.0022613127	0	0.000215030433333333	0	8.42706e-05	0.00128083233333333	0	0	0	0	0	0	0	0	4.70347666666667e-05	0	1.567825e-05	0.00145365566666667	0	0.0009487449	0	0	0	0.00144786353333333	0	0	0	0.000175860433333333	0	0	9.79890666666667e-06	0	5.76923433333333e-05	0.000257741033333333	0	0	0	0	0.000108453666666667	3.61782633333333e-05	0.004124728	0	0	0	0.00139395916666667	0.000823873866666667	8.27188133333333e-05	0	0	2.35173766666667e-05	0	2.939672e-05	0	0	0	0	0.00448137033333333	0.0004380299	0	0	0	0	0	0	0	0	0	0	0	0	0	0	0	0	0	0	0	0	0	0	0	0	0	0	0	0	0	0	0	0	0	0	0	0	0	0	0	0	0	0	0	0	0	0	0	0	0	0	0	0	0	0	0	0	0	0	0	0	0	0	0	0	0	0	0	0	0	0	0	0	0	0	0	0	0	0	0	0	0	0	0	0	0	0	0	0	0	0	0	0	0	0	0	0	0	0	0	0	0	0	0	0	0	0	0	0	0	0	0	0	0	0	0	0	0	0	0	0	0	0	0	0	0	0	0	0	0	0	0	0	0	0	0	0	0	0	0	0	0	0	0	0	0	0	0	0	0	0	0	0	0	0	0	0	0	0	0	0	0	0	0	0	0	0	0	0	0	0	0	0	0	0	0	0	0	0	0	0	0	0	0	0	0	0	0	0	0	0	0	0	0	0	0	0	0	0	0	0	0	0	0	0	0	0	0	0	0	0	0	0	0	0	0	0	0	0	0	0	0	0	0	0	0	0	0	0	0	0	0	0
Cap_SPN	0	0	0	0	0	0	0	0	0.000521024642857143	0	0	0	0.00238330044285714	2.75553542857143e-05	0	4.19245828571429e-05	0	0.000152970945714286	0	0.000156246064285714	0.000244451695714286	0.000807535714285714	5.6687493e-05	0.011653081	0	0	0	0.000569402595714286	0	0	0.00251970828571429	0	0	0	0.161254311428571	0.000318863842857143	0.00130651217142857	0	0	0.000133729135714286	0	0	0	0	0	0.000660164075714286	0.0080442119	0.000543146885714286	0.0410427657142857	9.86237771428571e-05	0.0380213414285714	0	0	0.011144174	0	1.625808e-05	0	0.00276937707142857	0	0.0167371447142857	0.00182271404285714	3.55535e-05	0	0	0	0	0	0	0.00035646166	0.00754925228571429	0	0	0	0	0.000630089	0	0	0	0	0	0	0	0.00298256364285714	0.00124495451	0.000314716878571429	0.00234011644285714	0	0.0132723434285714	0.00494279285714286	0.00514451542857143	0	0.000127474617142857	0	0	4.77584285714286e-06	0	0.00230674882857143	0	0.000268812557142857	0	0	0	1.04435885714286e-05	1.45298042857143e-05	0	0.00155075482857143	4.77584285714286e-06	0.000241431615714286	0	5.57346285714286e-06	1.43275285714286e-05	0.000268721142857143	7.05929428571429e-05	0	5.01292285714286e-05	0.000208623702857143	0	6.57079614285714e-05	0.000132827761571429	0.0106737268571429	0.0418277214285714	0.00106168205714286	0.00319082214285714	0	0.0527269485714286	0	0	0.00542083857142857	0.000605189071428571	0	1.03357385714286e-05	4.44468142857143e-05	0	0	0	3.62345457142857e-05	0.00111550908571429	0	0	0	0	0	0.005337364	0	0.000116554761428571	0.00464606437142857	0	0	0.0142453478571429	0.0113964667142857	0.0424789214285714	0	0.009917422	0.000952583814285714	0.00160149865714286	0.0813873777571429	0.000224144978571429	7.42909e-06	0	8.797237e-05	0.00306174414285714	1.59194714285714e-05	0.00036833088	0	0	0.000321151841428571	0.000896601128571429	0	0	0.00155868322857143	0.00631162671428571	0.00125470538571429	0.0566038957142857	3.97713471428571e-05	0	0.00876699542857143	0.0851343428571429	0.00408695457142857	2.47709428571429e-06	0	0	0	0.000104505814285714	0.00205721214285714	0	0	3.675724e-05	0	0.00150244168571429	0	0	0.00296568541428571	0.000882814514285714	0.0001190059	0	0	0.00411000914285714	0	0	0	0.0197943180285714	0	0	2.22872714285714e-05	0	0	0	0	9.06987e-06	0	0	0	0	0	0	0	0	0	0	0	0	0	0	0	0	0	0	0	0	0	0.0352314617142857	0	0	8.58941471428571e-05	0	0	0	0	0	0	0	0	0	0	0.0147419088571429	0	0	0	0	0	0	0.0750798339142857	0	0.00222738247142857	0	0.0004560289	0	1.85782142857143e-06	0.000394334772857143	0	0	0	0	0	0	0	0	0	0	0	0.0008140316	0	0.00108388621428571	0.000108789457142857	0	0	0.0158198925142857	0	1.49294e-05	0	2.96748642857143e-05	0	0	1.31733614285714e-05	0	7.49989428571429e-05	0.0007309044	0	5.97158142857143e-05	0	7.04524128571429e-06	4.163866e-05	7.89363557142857e-05	0.00765845328571429	6.96684428571429e-06	0	0	0.00190595537142857	0.000518886985714286	0.000102490814285714	0	0	5.83220871428571e-06	2.12259714285714e-06	5.2985967e-05	0	0	0	0.000133318828571429	0.00268772145714286	0.00348219941428571	0	0	0	0	0	0	0	0	0	0	0	0	0	0	0	0	0	0	0	0	0	0	0	0	0	0	0	0	0	0	0	0	0	0	0	0	0	0	0	0	0	0	0	0	0	0	0	0	0	0	0	0	0	0	0	0	0	0	0	0	0	0	0	0	0	0	0	0	0	0	0	0	0	0	0	0	0	0	0	0	0	0	0	0	0	0	0	0	0	0	0	0	0	0	0	0	0	0	0	0	0	0	0	0	0	0	0	0	0	0	0	0	0	0	0	0	0	0	0	0	0	0	0	0	0	0	0	0	0	0	0	0	0	0	0	0	0	0	0	0	0	0	0	0	0	0	0	0	0	0	0	0	0	0	0	0	0	0	0	0	0	0	0	0	0	0	0	0	0	0	0	0	0	0	0	0	0	0	0	0	0	0	0	0	0	0	0	0	0	0	0	0	0	0	0	0	0	0	0	0	0	0	0	0	0	0	0	0	0	0	0	0	0	0	0	0	0	0	0	0	0	0	0	0	0	0	0	0	0	0	0	0
Cap_SPS	0	0	0	0	0	0	0	0	0.00038648782	0	4.7071076e-05	0	0.00227510558	3.4354832e-05	0	4.1169856e-05	0	0	0	0.000196510368	0.00037461311	0.00101508594	6.5592924e-05	0.0051633814	0	0	0	0.00067356686	0	0	0.0054301748	0	0	0	0.1366316562	0.00036306716	0.0014163883	0	0	9.5603238e-05	0	0	0	0	0	0.00080439404	0.01326256784	6.7003986e-05	0.026260088	9.4984338e-05	0.035435248	0	0	0.013505413	0	1.1955644e-05	3.785298e-05	0.005687843	2.1157564e-05	0.0108483812	0.00124106804	0	0	0	0	0	0	0	0.00021269876	0.0112280426	0	0	0	0	0.00039418214	0	5.977822e-06	0	0	0	0	0	0.00080856374	0.001318514	0.00068467192	0.0028058096	0	0.0125294154	0.0064618124	0.0057847704	0	0.00014222341	0	0	2.2845616e-05	0	0.0036409624	0	0.00044550752	0	9.39372e-06	0	2.561924e-06	2.6366916e-05	0	0.0079711164	0	0.0005690707	0	8.65211e-06	1.7079492e-05	0	0.000207273098	0	5.976828e-05	0.00036065192	0	0.00014676456	9.589272e-05	0.0199900522	0.046924678	0.001385711914	0.0071154044	0	0.048454858	0	0	0.0041214664	0.00057034178	0	0.00027129074	9.733624e-06	0	0	0	1.741653e-05	0.00057841962	0	0	2.863164e-05	0	0	0.00446302478	0	0.000263854836	0.00416992964	0	0	0.0169926752	0.025874288	0.0539378	0	0.0069167504	0.00118807782	0.00339424712	0.09125848164	0.000141093256	0.00022704106	0	3.965425e-05	0.0029840082	1.0815136e-05	0.00066152552	0	0	0.00037339748	0.0012421023	0	6.489082e-06	0.0025865574	0.0087134272	0.00265161976	0.051048276	0.000122740702	0	0.0096587012	0.063724332	0.0048784268	0	0	0	0	0.000339192692	0.00187228024	0	0	7.256288e-05	0	0.0016440088	0	0	0.00359769672	0.00112491186	0.00011302856	0	0	0.0033239564	0	0	0	0.01646416362	0	0	1.9650526e-05	0	0	0	0	0	0	0	0	0	0	0	0	0	0	0	0	0	0	0	0	0	0	0	0	0	0	0.042188576	0	0	0.000135209012	0	0	0	0	0	0	0	0	0	0	0.017962328	0	0	0	0	0	0	0.08111155644	0	0.00257932474	0	0.00047773286	0	0	0.00057205708	0	0	0	0	2.5367744e-05	0	0	0	4.269874e-06	0	0	0.0016447818	0	0.001478947082	9.162124e-06	0	0	0.00242409064	0	0	0	0.00020663908	0	0	5.948326e-05	0	0.001405277968	0.00033474944	0	0	0	1.4718254e-05	0.000103917374	0.00014088304	0.0050313784	3.809866e-06	0	0	0.00188929734	0.000980523216	4.7178406e-05	0	8.539746e-06	2.4571784e-05	0	0.000128409766	0	0	0	2.8668526e-05	0.0048830221	0.00107836622	0	0	0	0	0	0	0	0	0	0	0	0	0	0	0	0	0	0	0	0	0	0	0	0	0	0	0	0	0	0	0	0	0	0	0	0	0	0	0	0	0	0	0	0	0	0	0	0	0	0	0	0	0	0	0	0	0	0	0	0	0	0	0	0	0	0	0	0	0	0	0	0	0	0	0	0	0	0	0	0	0	0	0	0	0	0	0	0	0	0	0	0	0	0	0	0	0	0	0	0	0	0	0	0	0	0	0	0	0	0	0	0	0	0	0	0	0	0	0	0	0	0	0	0	0	0	0	0	0	0	0	0	0	0	0	0	0	0	0	0	0	0	0	0	0	0	0	0	0	0	0	0	0	0	0	0	0	0	0	0	0	0	0	0	0	0	0	0	0	0	0	0	0	0	0	0	0	0	0	0	0	0	0	0	0	0	0	0	0	0	0	0	0	0	0	0	0	0	0	0	0	0	0	0	0	0	0	0	0	0	0	0	0	0	0	0	0	0	0	0	0	0	0	0	0	0	0	0	0	0	0	0
Cap_SSD	0	0	0	0	0	0	0	0	0.000455734864545455	6.30147209090909e-05	1.73812027272727e-05	0	0.00317202743636364	2.21865636363636e-06	0	2.25308636363636e-05	0	4.31059909090909e-06	0	0.0001414391	0.000246174180909091	0.00106100951818182	9.37340172727273e-05	0.00775719872727273	0	0	0	0.00042464431	0	0	0.00256442927272727	0	0	0	0.182432967818182	0.000325470536363636	0.00136607997272727	0	0	0.000170283101818182	0	0	0	0	0	0.00211757091818182	0.00903768927272727	0.000274155897272727	0.02649982	3.67031172727273e-05	0.0205227003636364	0	0	0.0139274015454545	0	5.94043472727273e-05	0	0.00525785509090909	1.60803663636364e-05	0.0115542127272727	0.00146630803636364	0	0	0	0	0	0	0	0.000285629482727273	0.00945857836363636	0	0	0	0	0.000566487416363636	0	2.32886854545455e-05	0	0	0	0	0	0.000788396497272727	0.000694417109090909	0.000357683336363636	0.00296982917272727	0	0.0132417173636364	0.00411518454545455	0.00513586054545455	0	0.00011444764	0	0	3.04571590909091e-05	3.80051181818182e-06	0.00266383355454545	1.10932818181818e-06	0.000703466750909091	0	6.57849454545455e-06	0	4.55324745454545e-05	4.534916e-05	0	0.00225578859090909	0	0.000754398004545455	0	0	2.67887909090909e-05	1.24679381818182e-05	5.11784754545455e-05	0	2.13943354545455e-05	0.000215736056363636	0	0.000194630026363636	9.10676290909091e-05	0.0118301782727273	0.0297339827272727	0.00208999887636364	0.00303260375454545	0	0.0358797620909091	0	0	0.00440323751818182	0.000685247881818182	0	0.00029309689	2.75528690909091e-05	0	0	0	4.87315509090909e-05	0.000561265163636364	0	0	0	0	0	0.00406376390909091	0	0.000297735265454545	0.003106146	0	0	0.013508114	0.0260563727272727	0.0363821945454545	0	0.00766205554545455	0.00126026828181818	0.00207274736363636	0.0806002170727273	0.000110472341818182	0.000173987372727273	0	0.000156846022727273	0.00359350972727273	1.28881681818182e-05	0.000480600217272727	0	0	0.000104204228181818	0.00092246764	0	3.77335545454545e-06	0.00148926578181818	0.007412609	0.00139919423636364	0.0543566754545455	0.000120911772727273	0	0.00521721963636364	0.131499663636364	0.00532018445454545	6.95087636363636e-06	0	0	0	0.000284995035454545	0.00251212262727273	0	0	2.87294790909091e-05	0	0.00157547494545455	0	0	0.00323548312727273	0.000741719590909091	0.000101319804545455	0	0	0.0038231431	0	0	0	0.0379225009272727	0	0	0	0	0	0	0	1.842568e-05	0	9.32348545454545e-06	0	0	0	0	0	0	0	0	0	0	0	0	0	0	0	0	0	0	0	0.0276417829090909	0	0	7.88186136363636e-05	0	0	0	0	0	0	0	0	0	0	0.0149758464545455	0	0	0	0	0	0	0.0692431263545455	0	0.00184916662727273	0	0.000530504008181818	0	0	0.000505576443636364	0	0	0	3.65861727272727e-06	7.6458e-06	0	0	0	1.03121454545455e-06	0	0	0.000818645972727273	0	0.00107667624545455	9.88287909090909e-05	0	1.00580636363636e-05	0.0025536507	0	0	0	0.00012040188	0	0	1.16881054545455e-05	0	0.000366529284545455	0.000303482834545455	0	5.71658909090909e-06	0	1.60899390909091e-05	6.65286290909091e-05	0.000107027776363636	0.00415493976363636	7.18721818181818e-06	0	0	0.00161460794545455	0.000476824242727273	0.000139208887272727	0	1.82251072727273e-05	3.814665e-05	2.22244754545455e-05	0.000214957021818182	0	0	0	4.98637109090909e-05	0.00306454647272727	0.00760048705454545	1.07025136363636e-05	0	0	0	0	0	0	0	0	0	0	0	0	0	0	0	0	0	0	0	0	0	0	0	0	0	0	0	0	0	0	0	0	0	0	0	0	0	0	0	0	0	0	0	0	0	0	0	0	0	0	0	0	0	0	0	0	0	0	0	0	0	0	0	0	0	0	0	0	0	0	0	0	0	0	0	0	0	0	0	0	0	0	0	0	0	0	0	0	0	0	0	0	0	0	0	0	0	0	0	0	0	0	0	0	0	0	0	0	0	0	0	0	0	0	0	0	0	0	0	0	0	0	0	0	0	0	0	0	0	0	0	0	0	0	0	0	0	0	0	0	0	0	0	0	0	0	0	0	0	0	0	0	0	0	0	0	0	0	0	0	0	0	0	0	0	0	0	0	0	0	0	0	0	0	0	0	0	0	0	0	0	0	0	0	0	0	0	0	0	0	0	0	0	0	0	0	0	0	0	0	0	0	0	0	0	0	0	0	0	0	0	0	0	0	0	0	0	0	0	0	0	0	0	0	0	0	0	0	0	0	0
Chlamy_CAS	0	0.0006451836125	3.49640291666667e-06	0	0	0	0	4.323899375e-05	0.01713289561375	0	0.0001189924625	3.59079620833333e-06	0.0621606427583333	0	0.000206207229166667	9.2482375e-06	0	0.000232092770833333	0	0	0.00117084016166667	0.002344234505	8.2902625e-06	0.000584008212291667	7.861634875e-05	2.37093583333333e-05	0	0.000634809393958333	0	0	0.000215491839791667	0	0	0.001561854985625	0.147009327520833	0	9.54987577083333e-05	0	0	1.968524375e-05	0	0	0	0	0	0.00717346346291667	0.0118730377375	0	0.01810817661875	0.0004488415625	3.00467035416667e-05	0.242785419566667	0	0.00891721690625	0	2.33320916666667e-05	0	0.0124828279354167	2.30938377083333e-05	0.00367170477916667	3.024989375e-05	0	0	0	2.503501875e-06	0	0	0	0.000116387521666667	0.00103096034041667	0	0	0	0	0.0310812321791667	0.000290288774375	0	1.66427958333333e-06	1.43360791666667e-07	0	0	0	0	0.000425589121666667	0.00359438513458333	0.00718394358333333	0	0.007421943691875	0.000908843967083333	0.006339291379375	0	0.00588639915416667	0	0.000760310897916667	5.89622541666667e-06	0	0.00111651521041667	0	0.00319596806479167	1.96540875e-06	0.000588578172916667	0	0.000554443021041667	0	7.688973125e-06	0.000184325485833333	0	0.00235713293083333	0	1.9687706875e-05	5.11006291666667e-05	0.000607876458333333	0	0	3.9308175e-06	7.86163483333333e-05	0	6.61169270833333e-06	3.20364120833333e-05	0.0181366214395833	0.001992129724375	0.01603271245	0.00011130025125	1.5454025e-06	0.00206998430729167	0	0	0.00123231133333333	0.000232837362083333	0	1.002786875e-05	3.9308175e-06	0	0	0	7.230561875e-06	7.27201241666667e-05	0.0049750633475	2.52940666666667e-05	5.62307410416667e-05	2.37754166666667e-07	0	0.00670110873916667	0	7.55615391666667e-05	0.00203381709166667	0	0.000778286785416667	0.0186470927208333	0.00376464938375	0.0097850999275	0	0.000790991745833333	5.12944791666667e-06	0.00128492833333333	0.106306503854167	0.000447943762916667	0.00448474402958333	0	0.00624402734666667	0.00046383648375	1.43360791666667e-07	0.000177464822083333	0	0	0.00333258469791667	0.000246627814166667	0	0	0.00148573393958333	0.00993904541458333	0.0242215707454167	0.0238793465858333	3.11283929166667e-05	0	0.000119889933333333	0.0233504119375	0.00138319737458333	1.278903125e-05	9.63255979166667e-05	3.9308175e-06	8.25471658333333e-05	0.00331725480083333	0.000853911222916667	0.00016509434375	0	0.000175208689583333	0	0.00616886137729167	0	0	5.30660358333333e-05	0.000397922852083333	1.96540875e-06	0	0	0.000652805499375	0.0026158419375	2.25866458333333e-06	0.001513447825	0.0226475097229167	0	2.75157233333333e-05	4.066306625e-06	1.70302770833333e-05	0	0	0	0	0	8.79690625e-06	0	0	0	0	0	0	0	0	1.09579416666667e-05	4.67485666666667e-06	0	0	0	1.28647166666667e-05	0	0	0	0	0	0.0079470557525	0	2.39415366666667e-05	7.861635e-06	1.35642520833333e-06	0	0	0	0	1.47549291666667e-06	0	0	0	0	0.000299549435416667	0	0	0	0	0	0.000191402179583333	0.0220298058041667	0	0	0	2.56691892083333e-05	0	0	0	0	0	0	0	0	0	0	1.96540875e-06	0	0	3.14465375e-05	0.000219023817708333	0	2.43005104166667e-06	8.59780208333333e-06	0	0	0.000117521535416667	7.82672483333333e-05	0	0	2.37754166666667e-07	0	1.18877125e-07	0.000691617285625	0	0	0.0001005928125	7.16803958333333e-07	0	0	0.000325651125	0	0.000322422923125	0.00298921627083333	0	0	9.82704291666667e-06	0.000298215371666667	0	0	0	6.01730729166667e-06	3.50788541666667e-06	0	0	0	0	4.99992041666667e-07	0	0	0.000160393746875	0	0	0	0.00017872305	0	0	0	0	0	0	0	0	0	0	0	0	7.84678125e-05	7.19456877083333e-05	0	0	3.08481647916667e-05	0	0	0	0	0	0	0	0	0	0	0	0	0	0	3.010918125e-05	0	0	0	0	0.000217293645833333	6.18869333333333e-07	4.75508541666667e-07	6.99634916666667e-06	9.51016875e-07	2.85305e-06	2.95098479166667e-06	1.62967895833333e-05	3.05600229166667e-06	5.94385625e-07	3.499944375e-06	0	1.43360791666667e-07	1.76534041666667e-05	0	4.75508541666667e-07	1.18877125e-07	2.737715e-06	1.18877125e-07	3.57339541666667e-06	0.0003211535	1.28670583333333e-06	0	0	1.18877125e-07	0	2.37754166666667e-07	9.80223333333333e-05	4.1607e-06	2.3481925e-05	1.66988460416667e-05	1.56926939583333e-05	1.18877125e-07	2.37754166666667e-07	9.51016875e-07	0.000297608395833333	4.36739375e-05	3.70445395833333e-05	0	4.47299708333333e-05	2.37754166666667e-07	9.39129166666667e-06	0	0	2.37754166666667e-07	6.09522083333333e-05	0.0001362855	3.35304204166667e-06	0.000214620270833333	5.46834791666667e-06	1.18877125e-07	0	5.23059375e-06	2.37754166666667e-07	3.95946875e-05	3.12865395833333e-05	0	0	9.51016875e-07	6.44384829166667e-06	1.18877125e-07	8.96475083333333e-06	5.94385625e-07	0	1.43360791666667e-07	1.28670583333333e-06	8.20252083333333e-06	1.18877125e-07	2.62237916666667e-07	6.890360625e-05	3.5663125e-07	1.18877125e-07	0	0	1.40558291666667e-06	2.293650625e-05	0.000239007666666667	1.18877125e-07	2.99995229166667e-06	0	1.25346047916667e-05	1.295760625e-05	3.68518958333333e-06	1.18877125e-07	9.51016875e-07	1.18877125e-07	0	0.000112898583333333	1.12240275e-06	1.43360791666667e-07	3.90035375e-05	0.0003357105	0	1.18877125e-07	8.566235e-07	2.1397875e-06	1.5454025e-06	1.18877125e-06	5.94385625e-07	1.18877125e-07	0.0003330453125	3.5663125e-07	0	0	2.37754166666667e-07	2.99328541666667e-05	4.66069204166667e-06	0	1.16782875e-06	0.000158869710416667	1.18877125e-07	4.165809375e-05	2.02091104166667e-06	4.54954375e-05	3.04325416666667e-05	0	4.1607e-06	2.54538625e-06	4.31964125e-05	1.23773854166667e-06	0.000343598333333333	1.43360791666667e-07	0.0003188755625	2.62237916666667e-07	5.46834791666667e-06	1.97336020833333e-05	4.99283958333333e-06	1.18877125e-07	0	8.81107291666667e-07	5.83138333333333e-05	1.09437766666667e-06	1.18877125e-07	3.5663125e-07	5.94385625e-07	9.71696708333333e-06	1.85660770833333e-06	0	4.95263322916667e-05	0	0.000232010645833333	1.21608791666667e-05	0.000382596666666667	0.000930136041666667	7.99394583333333e-05	4.353028125e-06	3.80406666666667e-06	1.5454025e-06	2.25866458333333e-06	0	1.18877125e-07	0.000133339770833333	2.37754166666667e-07	3.5663125e-07	1.18877125e-07	5.94385625e-06	4.75508541666667e-07	1.18877125e-07	1.43360791666667e-07	4.05598791666667e-07	2.80762395833333e-06	2.97192708333333e-06	0.000170002083333333	4.99992041666667e-07	3.94742745833333e-06	1.14688625e-06	1.18877125e-07	9.51016875e-07	2.05247729166667e-06	0	0.000833399166666667	1.33422627083333e-05	7.00275416666667e-05	2.68107875e-05	3.1624845625e-05	0	0.000385746354166667	1.42652541666667e-06	1.86427639583333e-05	0.004499120625	1.18877125e-07	4.57479666666667e-05	1.18877125e-06	1.04895166666667e-06	3.36914958333333e-05	0.000872835416666667	1.1611613125e-05	0.003249413125	3.35236520833333e-05	0	0	1.18877125e-07
Daviesia umbellulata_yellowsand	0	0	0	0	0	0	0	0	0	0	0	0	0.005520505	0	0	0	0.0003943218	0	0	0	0.0003943218	0.0003943218	0	0.002760252	0	0	0	0.0001971609	0	0	0	0	0	0.0005914826	0.398856467	0.005520505	0.0005914826	0	0	0	0	0	0	0	0	0.02089905	0.0053233438	0	0.005717666	0.0001971609	0.02503943	0	0	0	0	0.0007886435	0	0.002365931	0	0.0007886435	0	0.0003943218	0	0	0.0001971609	0	0	0	0.0005914826	0	0	0	0	0	0.0001971609	0.0009858044	0.0001971609	0	0	0	0	0	0	0	0	0.005914826	0	0.01675868	0	0.002563091	0.0001971609	0	0	0.007886435	0	0	0.001774448	0	0	0	0	0	0	0	0	0.0001971609	0	0.0001971609	0	0	0.0001971609	0.0003943218	0.0001971609	0	0	0	0	0	0	0.004140379	0.03154574	0.0007886435	0.001380126	0	0.0003943218	0	0	0	0.0003943218	0	0	0	0	0	0	0	0	0.0007886435	0	0	0	0	0.0003943218	0.0001971609	0.0001971609	0	0	0.006309148	0.004337539	0.004731861	0.1971609	0	0	0	0.0007886435	0.0512618297	0	0	0	0.0007886435	0	0	0.001577287	0	0	0.001971609	0	0	0	0.0005914826	0.004929022	0	0.01064669	0.0001971609	0	0.0001971609	0.04850158	0.004337539	0	0	0	0	0.001380126	0	0	0	0	0	0	0	0	0	0	0	0	0	0	0	0	0.0001971609	0.0307570978	0	0.0001971609	0	0	0	0	0	0	0	0	0	0	0	0	0	0	0	0	0	0	0	0	0	0	0	0	0	0	0	0.02760252	0	0	0	0	0	0	0	0	0	0	0	0	0	0	0	0	0	0	0	0	0.0461356467	0	0	0	0	0	0	0	0	0	0	0	0	0	0	0	0	0	0	0	0	0	0	0	0	0	0	0	0	0	0	0	0	0	0	0	0	0	0	0	0	0	0	0	0	0	0	0	0	0	0	0	0	0	0	0	0	0	0	0	0	0	0	0	0	0	0	0	0	0	0	0	0	0	0	0	0	0	0	0	0	0	0	0	0	0	0	0	0	0	0	0	0	0	0	0	0	0	0	0	0	0	0	0	0	0	0	0	0	0	0	0	0	0	0	0	0	0	0	0	0	0	0	0	0	0	0	0	0	0	0	0	0	0	0	0	0	0	0	0	0	0	0	0	0	0	0	0	0	0	0	0	0	0	0	0	0	0	0	0	0	0	0	0	0	0	0	0	0	0	0	0	0	0	0	0	0	0	0	0	0	0	0	0	0	0	0	0	0	0	0	0	0	0	0	0	0	0	0	0	0	0	0	0	0	0	0	0	0	0	0	0	0	0	0	0	0	0	0	0	0	0	0	0	0	0	0	0	0	0	0	0	0	0	0	0	0	0	0	0	0	0	0	0	0	0	0	0	0	0	0	0	0	0	0	0	0	0	0	0	0	0	0	0	0	0	0	0	0	0	0	0	0	0	0	0	0	0	0	0	0	0	0	0	0	0	0	0	0	0	0	0
Dianella caerulea_rainforest	0	0	0	0	0	0	0	0	0.0008761682	0	0	0	0.01869159	0	0	0	0.004380841	0	0	0	0.0005841121	0.0002920561	0	0.01226636	0	0	0	0.0005841121	0	0	0	0	0	0.00146028	0.210280374	0.004672897	0.001752336	0	0	0	0	0	0	0	0	0.07096963	0.004088785	0	0.005549065	0.0005841121	0.04877336	0	0	0	0	0.002336449	0	0.008761682	0	0.001168224	0	0.002336449	0	0	0.0002920561	0	0	0	0.0005841121	0	0	0	0	0	0.0002920561	0.001752336	0.001168224	0	0	0	0	0	0	0.0002920561	0	0.01606308	0	0.06629673	0	0.01314252	0.0005841121	0	0	0.01489486	0	0	0.004964953	0	0	0	0	0	0	0	0	0.001752336	0	0.0005841121	0	0	0	0	0	0	0	0	0	0	0	0.004672897	0.03300234	0.001168224	0.004672897	0	0.003796729	0	0	0	0.005841121	0	0	0	0	0	0	0	0	0.0008761682	0	0	0	0	0.004088785	0.0008761682	0.0008761682	0	0	0.007009346	0.009929907	0.0008761682	0.06425234	0	0	0.0002920561	0.0002920561	0.0698014019	0	0	0	0	0	0	0.006425234	0	0	0.001168224	0	0	0	0.002336449	0.01635514	0	0.009345794	0.0008761682	0	0.0002920561	0.08790888	0.004380841	0	0	0	0	0.002920561	0	0	0	0	0	0	0	0	0	0	0.0005841121	0	0	0	0	0	0.0005841121	0.0227803738	0	0.001168224	0	0	0	0	0	0	0.0002920561	0	0	0	0	0	0	0	0	0	0	0	0	0	0	0	0	0	0	0	0	0.01635514	0	0	0.0002920561	0	0	0	0	0	0	0	0	0	0	0	0	0	0	0	0	0	0.0905373832	0	0	0	0	0	0	0	0	0	0	0	0	0	0	0	0	0	0	0	0	0	0	0	0	0	0	0	0	0	0	0	0	0	0	0	0	0	0	0	0	0	0	0	0	0	0	0	0	0	0	0	0	0	0	0	0	0	0	0	0	0	0	0	0	0	0	0	0	0	0	0	0	0	0	0	0	0	0	0	0	0	0	0	0	0	0	0	0	0	0	0	0	0	0	0	0	0	0	0	0	0	0	0	0	0	0	0	0	0	0	0	0	0	0	0	0	0	0	0	0	0	0	0	0	0	0	0	0	0	0	0	0	0	0	0	0	0	0	0	0	0	0	0	0	0	0	0	0	0	0	0	0	0	0	0	0	0	0	0	0	0	0	0	0	0	0	0	0	0	0	0	0	0	0	0	0	0	0	0	0	0	0	0	0	0	0	0	0	0	0	0	0	0	0	0	0	0	0	0	0	0	0	0	0	0	0	0	0	0	0	0	0	0	0	0	0	0	0	0	0	0	0	0	0	0	0	0	0	0	0	0	0	0	0	0	0	0	0	0	0	0	0	0	0	0	0	0	0	0	0	0	0	0	0	0	0	0	0	0	0	0	0	0	0	0	0	0	0	0	0	0	0	0	0	0	0	0	0	0	0	0	0	0	0	0	0	0	0	0	0	0
Dianella caerulea_roadside	0	0.0009675859	0	0	0	0	0	0	0.0008466376	0	0	0	0.007498791	0	0	0	0	0	0	0	0.0007861635	0.0004233188	0.0001209482	0.003688921	0.0004837929	0	0	0.0004837929	0	0	0	6.047412e-05	0	0.001632801	0.217404451	0.005805515	0.0004233188	0	0	0	0	0	0	0	0	0.007922109	0.0199564586	6.047412e-05	0.008405902	0.0003628447	0.1176826	0	0	0.0001209482	0	0.0003628447	0	0.006894049	0	0.002177068	0	0	0	6.047412e-05	0.001693275	0	0	0	0.0004837929	0.001814224	0	0	0	0	0	0.0004233188	0	0	0	0	0	0	6.047412e-05	0.0001814224	6.047412e-05	0.009433962	0	0.02273827	0	0.003447025	0.0004233188	0	0	0.0116715	0	0	0.002116594	0	0	0	0.0004233188	0	0	0	0	0.001330431	0	0.0003023706	0	0	0	0	0.0003023706	0	0	0	0	0	0	0.01626754	0.01790034	0.002781809	0.005079826	0	0.001209482	0.0003628447	0	0	0.0007256894	0	0	0	0	0	0	0	0	0.0007861635	0	0	0	0	0.001451379	0.0002418965	0.0001814224	0	0	0.02267779	0.022194	0.01856555	0.04771408	0	0	0.0001209482	0.0003628447	0.0829704886	0.0003023706	0	0	0.0005442671	0	0	0.0004837929	0	0	0.004172714	0	0	0	0.001935172	0.009615385	0.0003023706	0.01663038	0.001149008	0	0.00308418	0.1658805	0.01814224	0	0	0	0	0.0006652153	0.0001209482	0	0	0	0	0	0	0.0003628447	0.001511853	0	0.0003023706	0	0	0	0	0	0.0001209482	0.0304184809	0	0.0004837929	0	0	0	0	0	6.047412e-05	0	0	0	0	0	0	0	0	0	0	0	0	0	0	0	0	0	0	0	0	0	0.01336478	0	0.0005442671	0.0001209482	0	0	0	0	0	0	0	0	0	0	0.0001814224	0	0	0	0	0	0	0.026366715	0	0	0	0	0	0	0	0	0	0	0	0	0	0	0	0	0	0	0	0	0	0	0	0	0	0	0	0	0	0	0	0	0	0	0	0	0	0	0	0	0	0	0	0	0	0	0	0	0	0	0	0	0	0	0	0	0	0	0	0	0	0	0	0	0	0	0	0	0	0	0	0	0	0	0	0	0	0	0	0	0	0	0	0	0	0	0	0	0	0	0	0	0	0	0	0	0	0	0	0	0	0	0	0	0	0	0	0	0	0	0	0	0	0	0	0	0	0	0	0	0	0	0	0	0	0	0	0	0	0	0	0	0	0	0	0	0	0	0	0	0	0	0	0	0	0	0	0	0	0	0	0	0	0	0	0	0	0	0	0	0	0	0	0	0	0	0	0	0	0	0	0	0	0	0	0	0	0	0	0	0	0	0	0	0	0	0	0	0	0	0	0	0	0	0	0	0	0	0	0	0	0	0	0	0	0	0	0	0	0	0	0	0	0	0	0	0	0	0	0	0	0	0	0	0	0	0	0	0	0	0	0	0	0	0	0	0	0	0	0	0	0	0	0	0	0	0	0	0	0	0	0	0	0	0	0	0	0	0	0	0	0	0	0	0	0	0	0	0	0	0	0	0	0	0	0	0	0	0	0	0	0	0	0	0	0	0	0	0	0	0
Dianella caerulea_yellowsand	0	0.00020532475	0	0	0	0	0	0	0.0003764287	0	3.4220795e-05	0	0.0076972035	0	0	0	0.0010950655	0	0	0	0.00023180345	0.00064245295	0.00017110395	0.0056232045	0.00034220795	0	0	0.0004029074	0	0	0	0	0	0.0013456055	0.299837904	0.0052410485	0.00030024505	0	0	0	0	0	0	0	0	0.0241462675	0.00650721775	3.4220795e-05	0.0067699895	0.0001026624	0.048547245	0	0	0	0	0.00105310245	0	0.006374824	0	0.00084777795	0	0	0	0	0.00077933595	3.4220795e-05	0	0	0.00017110395	0.000513312	6.84416e-05	0	0	0	0.00023954555	0.00086651445	0.00023180345	0	0	0	0	0	3.4220795e-05	0.0004371282	0.0001026624	0.0094656915	0	0.021790445	0	0.0051551075	0.00030024505	0.0004448703	0	0.0077778765	0	0	0.002828094	0	0	0	0.00017110395	0	0	0	0	0.00354347835	0	0.00093495605	0	0	3.4220795e-05	0	3.4220795e-05	3.4220795e-05	0	0	0	0	0	0.013310651	0.02637557	0.00190862245	0.00774567	0	0.0010608445	6.84416e-05	0	0	0.0003764287	0	0	3.4220795e-05	0	0	0	0	0.00023180345	0.00162711385	0	0	0	0	0.00114802285	0.00013688315	3.4220795e-05	0	0	0.010982402	0.0175230595	0.002493628	0.05990438	0	0	3.4220795e-05	0.00090847715	0.0512104245	0.00017110395	0	0	0.00084777795	0	0	0.0014592621	0	0	0.00196158	0	0	0	0.0010950655	0.0104051345	6.84416e-05	0.012206605	0.00034220795	0	0.001642598	0.20511713	0.013417345	0	0	0	0	0.0010718392	0	0	0	0	0	0	0	0	0.00084003555	0	0.00020532475	0	0	0	0	0	0	0.03374233605	0	0.000471349	0	6.84416e-05	0	0	0	0	0	0	0	0	0	0	0	0	0	0.00033446585	0	0	0	0	0	0	0	0	0	0	0	0.0084765395	0	0.00030798715	6.84416e-05	3.4220795e-05	0	0	0	0	0	0	0	0	0	6.84416e-05	0	0	0	0	0	0	0.0345383939	0	0	0	0	0	0	0	0	0	0	0	0	0	0	0	0	0	0	0	0	0	0	0	0	0	0	0	0	0	0	0	0	0	0	0	0	0	0	0	0	0	0	0	0	0	0	0	0	0	0	0	0	0	0	0	0	0	0	0	0	0	0	0	0	0	0	0	0	0	0	0	0	0	0	0	0	0	0	0	0	0	0	0	0	0	0	0	0	0	0	0	0	0	0	0	0	0	0	0	0	0	0	0	0	0	0	0	0	0	0	0	0	0	0	0	0	0	0	0	0	0	0	0	0	0	0	0	0	0	0	0	0	0	0	0	0	0	0	0	0	0	0	0	0	0	0	0	0	0	0	0	0	0	0	0	0	0	0	0	0	0	0	0	0	0	0	0	0	0	0	0	0	0	0	0	0	0	0	0	0	0	0	0	0	0	0	0	0	0	0	0	0	0	0	0	0	0	0	0	0	0	0	0	0	0	0	0	0	0	0	0	0	0	0	0	0	0	0	0	0	0	0	0	0	0	0	0	0	0	0	0	0	0	0	0	0	0	0	0	0	0	0	0	0	0	0	0	0	0	0	0	0	0	0	0	0	0	0	0	0	0	0	0	0	0	0	0	0	0	0	0	0	0	0	0	0	0	0	0	0	0	0	0	0	0	0	0	0	0	0	0
Endiandra discolor_blackbutt	0	0.00040893585	0	0	0	0	0	0	0.00061996945	0	0	0	0.006686487	0	0	0	0.0004351986	0	0	0	0.0021769245	0.0006593636	0	0.003501752	0.00063310085	0	0	0.00040893585	0	0	0	0	0	0.0008441344	0.2336790215	0.0047285595	0	0	0	0	0	0	0	0	0	0.02971304	0.023197771	0	0.0043196235	0	0.026406395	0	0	0	0	0.0001120825	0	0.0074649645	0	0.0012530705	0	0	0	0	0.00106829945	0	0	0	0.00153679245	0.000916823	0	0	0	0	0.0003231161	9.89511e-05	0	9.89511e-05	0	0	0	0	0	0	0.00040893585	0.016376665	0	0.010966714	0	0.002993865	9.89511e-05	0	0	0.013646357	0	0	0.00118038195	0	0	0	0.0001120825	0	0	0	0	0.010395965	0	9.89511e-05	0	0	0	0	0	0	0.0001120825	0	0	0	0	0.03578328	0.06641078	0.0056130195	0.001563055	0	0.003304781	0.00029685335	0	0	0.00054728105	0	9.89511e-05	0	0	0	0	0	0	9.89511e-05	0	0	0	0	0.00114098795	9.89511e-05	0	0	0	0.0183111275	0.009688317	0.019993805	0.06263708	0	0	0.00040893585	9.89511e-05	0.0692682448	0	9.89511e-05	0	0.0006462322	0	0	0.0001120825	0	0	0.0024010895	0.0001120825	0	0	0.001602449	0.0068388955	0.0003362475	0.021611245	0.00061996945	0	0.0027110745	0.11943333	0.0093126725	0	0	0	0	0.0001120825	0	0	0	0	0	0	0	0.0006593636	0.000672495	0	9.89511e-05	0	0	0	0	0	0	0.09265367025	0	0.0001120825	0	9.89511e-05	9.89511e-05	0	0	0	0	0	0	0	0	0	0	0	0	0.00030998475	0	0	0	0	0	0	0	0	0	0	0	0.017715555	0	0.00143784095	0	0	0	0	0	0	0	0	0	0	0	0.0001120825	0	0	0	0	0	0	0.0170350971	0	0	0	0	0	0	0	0	0	0	0	0	0	0	0	0	0	0	0	0	0	0	0	0	0	0	0	0	0	0	0	0	0	0	0	0	0	0	0	0	0	0	0	0	0	0	0	0	0	0	0	0	0	0	0	0	0	0	0	0	0	0	0	0	0	0	0	0	0	0	0	0	0	0	0	0	0	0	0	0	0	0	0	0	0	0	0	0	0	0	0	0	0	0	0	0	0	0	0	0	0	0	0	0	0	0	0	0	0	0	0	0	0	0	0	0	0	0	0	0	0	0	0	0	0	0	0	0	0	0	0	0	0	0	0	0	0	0	0	0	0	0	0	0	0	0	0	0	0	0	0	0	0	0	0	0	0	0	0	0	0	0	0	0	0	0	0	0	0	0	0	0	0	0	0	0	0	0	0	0	0	0	0	0	0	0	0	0	0	0	0	0	0	0	0	0	0	0	0	0	0	0	0	0	0	0	0	0	0	0	0	0	0	0	0	0	0	0	0	0	0	0	0	0	0	0	0	0	0	0	0	0	0	0	0	0	0	0	0	0	0	0	0	0	0	0	0	0	0	0	0	0	0	0	0	0	0	0	0	0	0	0	0	0	0	0	0	0	0	0	0	0	0	0	0	0	0	0	0	0	0	0	0	0	0	0	0	0	0	0	0
Endiandra discolor_freshwaterRd	0	0.0005554235	0	0	0	0	0	0	0.001415521	0	0	0	0.0089229825	0	0	0	0.001410514	0	0	0	0.000659421	0.00072143425	0.000153685195	0.009991074	0.0006644282	0	0	0.0004884029	0	0	0	0	0	0.00188427985	0.1559650045	0.0108943095	0.0002330314	0	5.700605e-05	0	0	0	0	0	0	0.0072031735	0.01018828655	9.6679145e-05	0.006639275	0.00017602535	0.06877776	0	0	7.93462e-05	0	0.00060241495	0	0.011773285	0	0.00085778625	0	0	0	0	0.00165124825	0	0	0	0.0003693836	0.0010734848	0	0	0	0	0.0003867165	0.0064929085	3.9673095e-05	9.6679145e-05	0	0	0	0	0.00017602535	0.00043640405	0.00029003745	0.0113041385	0	0.021907645	0	0.0069092835	0.00043139685	0.00086279365	0	0.011004091	0	0	0.001903924	0	0	0	0.0002156984	0	0	3.9673095e-05	0	0.006296085	0	0.0004660627	0	0	0	0	0.0001140121	5.700605e-05	0	0.00019836545	0	0	0	0.023630535	0.0298357265	0.0047923565	0.004571267	0	0.0026130325	0.0008527793	0	0	0.0010388192	0	0	0	0	0	0	0	0	0.0018022375	0	0	0	0	0.0027347475	0.0003347177	0.00027771165	0	0	0.014035805	0.020407385	0.035658046	0.050689535	0	0	0.0001933583	0.0010288045	0.07813099025	7.93462e-05	3.9673095e-05	0	0.00102148615	0	0	0.00094213965	0	0	0.003438464	0	0	0	0.0019709445	0.01124251	0.00076842595	0.018058585	0.0003693836	0	0.002868404	0.21323675	0.008219656	0	0	0	0	0.0011925043	0	0	0	0	3.9673095e-05	0	0	0.00034203625	0.00068176115	0	0.00013635225	0	0	0	0	0	5.700605e-05	0.042406706	0	0.00022802415	0	3.9673095e-05	3.9673095e-05	0	0	0	0	0	0	0	0	0	0	0	0	5.700605e-05	0	0	0	0	0	0	0	0	0	0	0	0.010521075	0	0.00073376	0.0001190193	0.0002330314	0	0	0	0	0	0	0	0	0	0.0004487298	0	0	0	0	0	0	0.0347070365	0	0	0	0	0	0	0	0	0	0	0	0	0	0	0	0	0	0	0	0	0	0	0	0	0	0	0	0	0	0	0	0	0	0	0	0	0	0	0	0	0	0	0	0	0	0	0	0	0	0	0	0	0	0	0	0	0	0	0	0	0	0	0	0	0	0	0	0	0	0	0	0	0	0	0	0	0	0	0	0	0	0	0	0	0	0	0	0	0	0	0	0	0	0	0	0	0	0	0	0	0	0	0	0	0	0	0	0	0	0	0	0	0	0	0	0	0	0	0	0	0	0	0	0	0	0	0	0	0	0	0	0	0	0	0	0	0	0	0	0	0	0	0	0	0	0	0	0	0	0	0	0	0	0	0	0	0	0	0	0	0	0	0	0	0	0	0	0	0	0	0	0	0	0	0	0	0	0	0	0	0	0	0	0	0	0	0	0	0	0	0	0	0	0	0	0	0	0	0	0	0	0	0	0	0	0	0	0	0	0	0	0	0	0	0	0	0	0	0	0	0	0	0	0	0	0	0	0	0	0	0	0	0	0	0	0	0	0	0	0	0	0	0	0	0	0	0	0	0	0	0	0	0	0	0	0	0	0	0	0	0	0	0	0	0	0	0	0	0	0	0	0	0	0	0	0	0	0	0	0	0	0	0	0	0	0	0	0	0	0	0
Endiandra discolor_yellowsand	0	0.000653136566666667	0	0	0	0	0	0	0.00168916833333333	0	4.2517e-05	0	0.0124581103333333	0	0	0	0.00124373156666667	0	0	0	0.000567643033333333	0.000355058066666667	0.000481061266666667	0.0154629593333333	0.000924490566666667	0	0	0.000806057333333333	0	0	0	0.000105518633333333	0	0.00225480366666667	0.254398672333333	0.00941945033333333	0.000253554233333333	0	0.000426959333333333	0	0	0	0	0	0	0.0134140843333333	0.00723158966666667	0.0002680166	0.005612123	0.000190552633333333	0.0653638866666667	0	0	6.09942e-05	0	0.000647573933333333	0	0.0103036983333333	0	0.001074074	0	0	0	0	0.00152064803333333	0.000209029833333333	0	0	0.000331018233333333	0.0009857027	4.2517e-05	0	0	0	0.000810072233333333	0.0204129220333333	0	0	0	0	0	0	0.000233069666666667	0.000525585533333333	0.000464591333333333	0.0145964096666667	0	0.02900061	0	0.00748255666666667	0.000243976833333333	8.5034e-05	0	0.00865046966666667	0	0	0.00108967353333333	0	0	4.2517e-05	0.000564087866666667	0	0	0	0	0.00223030433333333	0	0.000166512833333333	0	0	0	0	0	0	0	0	0	0	0	0.0302838533333333	0.0224346543333333	0.003782562	0.003254969	0	0.00182716666666667	0.000253554233333333	0	0	0.00166512833333333	0	0	0	0	0	0	0	4.2517e-05	0.00165020636666667	0	0	0	0	0.00250480266666667	6.09942e-05	0.000127551033333333	0	0	0.0112306323333333	0.0142401733333333	0.013074652	0.0533948566666667	0	0	0.000233069666666667	0.000629096733333333	0.0574966478666667	0.000314548433333333	4.2517e-05	0	0.002535735	0	0	0.000840134066666667	0	0	0.00404610433333333	0.0001035112	0	0	0.00284138366666667	0.013608995	0.000736622866666667	0.0157481433333333	0.000188545233333333	0	0.00240192	0.14443073	0.00853754966666667	0	4.2517e-05	0	0	0.00100819463333333	0	0	0	0	0	0	0	0.000390005033333333	0.0005231186	0	0.000464591333333333	0	0	0	0	0	4.2517e-05	0.0395589689666667	0	0.000286493833333333	0	0	0.000105518633333333	0	0	0	0	0	0	0	0	0	0	0	0	6.09942e-05	0	0	0	0	0	0	0	0	0	0	0	0.0110292663333333	0	0.00117470753333333	4.2517e-05	0.000148035633333333	0	0	0	0	0	0	0	0	0	0.000312541033333333	0	0	0	0	0	0	0.0348496971	0	0	0	0	0	0	0	0	0	0	0	0	0	0	0	0	0	0	0	0	0	0	0	0	0	0	0	0	0	0	0	0	0	0	0	0	0	0	0	0	0	0	0	0	0	0	0	0	0	0	0	0	0	0	0	0	0	0	0	0	0	0	0	0	0	0	0	0	0	0	0	0	0	0	0	0	0	0	0	0	0	0	0	0	0	0	0	0	0	0	0	0	0	0	0	0	0	0	0	0	0	0	0	0	0	0	0	0	0	0	0	0	0	0	0	0	0	0	0	0	0	0	0	0	0	0	0	0	0	0	0	0	0	0	0	0	0	0	0	0	0	0	0	0	0	0	0	0	0	0	0	0	0	0	0	0	0	0	0	0	0	0	0	0	0	0	0	0	0	0	0	0	0	0	0	0	0	0	0	0	0	0	0	0	0	0	0	0	0	0	0	0	0	0	0	0	0	0	0	0	0	0	0	0	0	0	0	0	0	0	0	0	0	0	0	0	0	0	0	0	0	0	0	0	0	0	0	0	0	0	0	0	0	0	0	0	0	0	0	0	0	0	0	0	0	0	0	0	0	0	0	0	0	0	0	0	0	0	0	0	0	0	0	0	0	0	0	0	0	0	0	0	0	0	0	0	0	0	0	0	0	0	0	0	0	0	0	0	0	0	0
Endiandra sieberi_blackbutt	0	5.32907e-05	0	0	0	0	0	6.35545133333333e-05	0.000570683966666667	0	0	0	0.001691524	0	0	0	0.0010089607	0	0	8.93803e-05	0	0.000992092266666667	6.35545133333333e-05	0.00636132133333333	0.0005054903	5.32907e-05	0	0.000476005533333333	0	0	0	0.000686815833333333	0	0.000973251866666667	0.141213259	0.00120316713333333	0.000530935366666667	7.54574666666667e-05	0	0	0	0	0	0	0	0.004108351	0.0092067815	0.000333334533333333	0.00661133533333333	0.000154573946666667	0.133175233333333	0	0.000168496766666667	0	0	0.000983515533333333	0	0.00855346733333333	0	0.0144701183333333	0	0	0	0.000204586366666667	0	0	0	0	0	0.004073904	0	0	0	0	0.000275078166666667	0.000405132966666667	7.74773333333333e-05	0.000517773866666667	0	0	0	2.582578e-05	0.000319792433333333	7.74773333333333e-05	0.00245199066666667	0.00427285966666667	0	0.0183732266666667	0	0.00326428	0.000467380866666667	0.00359621133333333	0	0.005647986	0	0	0.00178553786666667	0	0	2.582578e-05	3.77287333333333e-05	0	0	0	0	0.00371802233333333	0	5.16515666666667e-05	0.000410811866666667	0.000104942266666667	0	0	0.000101283246666667	0.000101283246666667	3.77287333333333e-05	0	0	9.10194333333333e-05	0	0.0247214133333333	0.03080874	0.00138494133333333	0.00841495166666667	0	0.00160715783333333	0.000710076766666667	0	0.0002919468	0.00244724133333333	0	0.000921981033333333	0.000287361866666667	0	0	0	0.0001598721	0.0007593277	0.000543599866666667	0	0	0	0	0.00143369533333333	0.00302774013333333	0.00200110133333333	0	0	0.01838606	0.02799663	0.008804074	0.0536834066666667	0	0	0.00330775566666667	0.0013049472	0.0791548654666667	0.00231271766666667	0.0001529348	0	0.00111516146666667	0	0	0.00160955846666667	0	0	0.0169921703333333	3.77287333333333e-05	0	0	0.00118275576666667	0.0132676026666667	0.000512095066666667	0.01513777	0.000170135913333333	0	0.00444501566666667	0.190707333333333	0.015530665	0	0	0	0	0.000321431566666667	7.911648e-05	0	0	0	0.000220148333333333	0	0	5.16515666666667e-05	0.0013985315	0	0.000721979466666667	0	0	0	0	0	0	0.0197119749	0	0.000158232966666667	0	0.000250891533333333	0	0.000130768033333333	0	0.000127109033333333	0	0	0	0	0	0	0	0	0	0.000211523666666667	0	0	8.93803e-05	0	0	0	0	0	0	0	0	0.0159299166666667	0	0	0.000541199133333333	5.16515666666667e-05	0	0	0	0	0	0	0	0	0	0.0001529348	0	0	2.582578e-05	0	0	0	0.0395991463666667	0	0	0	0	0	0	0	0	0	0	0	0	0	0	0	0	0	0	0	0	0	0	0	0	0	0	0	0	0	0	0	0	0	0	0	0	0	0	0	0	0	0	0	0	0	0	0	0	0	0	0	0	0	0	0	0	0	0	0	0	0	0	0	0	0	0	0	0	0	0	0	0	0	0	0	0	0	0	0	0	0	0	0	0	0	0	0	0	0	0	0	0	0	0	0	0	0	0	0	0	0	0	0	0	0	0	0	0	0	0	0	0	0	0	0	0	0	0	0	0	0	0	0	0	0	0	0	0	0	0	0	0	0	0	0	0	0	0	0	0	0	0	0	0	0	0	0	0	0	0	0	0	0	0	0	0	0	0	0	0	0	0	0	0	0	0	0	0	0	0	0	0	0	0	0	0	0	0	0	0	0	0	0	0	0	0	0	0	0	0	0	0	0	0	0	0	0	0	0	0	0	0	0	0	0	0	0	0	0	0	0	0	0	0	0	0	0	0	0	0	0	0	0	0	0	0	0	0	0	0	0	0	0	0	0	0	0	0	0	0	0	0	0	0	0	0	0	0	0	0	0	0	0	0	0	0	0	0	0	0	0	0	0	0	0	0	0	0	0	0	0	0	0	0	0	0	0	0	0	0	0	0	0	0	0	0	0	0	0	0	0
Endiandra sieberi_freshwaterRd	0	3.663809e-05	0	0	0	0	0	0	0.00021729105	0	0	0	0.00057859695	0	0	0	0.0022127982	0	0	0	3.663809e-05	0.0003467931	5.36884e-05	0.004879054	3.663809e-05	0	0	0	0	0	0	0.00010991425	0	0.0006297479	0.176842822	0.00147171195	0.00014401489	0	0	0	0	0	0	0	0	0.0028973475	0.0048025284	0.00023687885	0.005762019	5.36884e-05	0.042585575	0	0	3.663809e-05	0	0.0004200693	0	0.0034962445	0	0.0036036215	0	0	0	5.36884e-05	0.00059818475	0	0	0	0.0013922475	0.0014281735	0	0	0	0	5.36884e-05	0.0015159625	3.663809e-05	0	0	0	0	0	0.0001073768	0.00027097945	0.00205030905	0.002587905	0	0.01363565	0	0.002822246	5.36884e-05	0.0029821982	0	0.0050894445	0	0	0.00094244015	0	0	0	0	0	0	0	0	0.00110858075	0	5.36884e-05	5.36884e-05	0	0	0	0.0001073768	5.36884e-05	0	0	0	0	0	0.02551267	0.01858798	0.00068343635	0.002790683	0	0.00097907865	0.0003613059	0	0.00010991425	0.0014256355	0	0.0001073768	3.663809e-05	0	0	0	5.36884e-05	0.00030761755	0.00258719255	0	0	0	0	0.0011180184	0.0001269646	0.0006126976	0	0	0.0117674175	0.01884881	0.0052788235	0.09939282	0	0	0.00041245684	0.00029056725	0.05950098035	9.032649e-05	0.0001073768	0	0.00205030905	0	0	0.0009569534	0	0	0.0265543425	0.00014655235	0	0	0.0004686827	0.010092614	0.00021475355	0.011431577	0.00039540655	0	0.0033768925	0.30532475	0.055694215	0	3.663809e-05	0	0	7.32762e-05	0.00028802975	0	0	0	0	0	0	7.32762e-05	0.00094934059	0	0.0003638434	0	0	0	0	0	0	0.0157578088	0	0.00025139164	0	0.00014401489	0	0	0	7.32762e-05	0	0	0	0	0	0	0	0	0	0	0	0	7.32762e-05	0	0	0	0	0	0	0	0	0.0063007285	0	0	9.032649e-05	0	0	0	0	0	0	0	0	0	0	0	0	0	0	0	0	0	0.01923842725	0	0	0	0	0	0	0	0	0	0	0	0	0	0	0	0	0	0	0	0	0	0	0	0	0	0	0	0	0	0	0	0	0	0	0	0	0	0	0	0	0	0	0	0	0	0	0	0	0	0	0	0	0	0	0	0	0	0	0	0	0	0	0	0	0	0	0	0	0	0	0	0	0	0	0	0	0	0	0	0	0	0	0	0	0	0	0	0	0	0	0	0	0	0	0	0	0	0	0	0	0	0	0	0	0	0	0	0	0	0	0	0	0	0	0	0	0	0	0	0	0	0	0	0	0	0	0	0	0	0	0	0	0	0	0	0	0	0	0	0	0	0	0	0	0	0	0	0	0	0	0	0	0	0	0	0	0	0	0	0	0	0	0	0	0	0	0	0	0	0	0	0	0	0	0	0	0	0	0	0	0	0	0	0	0	0	0	0	0	0	0	0	0	0	0	0	0	0	0	0	0	0	0	0	0	0	0	0	0	0	0	0	0	0	0	0	0	0	0	0	0	0	0	0	0	0	0	0	0	0	0	0	0	0	0	0	0	0	0	0	0	0	0	0	0	0	0	0	0	0	0	0	0	0	0	0	0	0	0	0	0	0	0	0	0	0	0	0	0	0	0	0	0	0	0	0	0	0	0	0	0	0	0	0	0	0	0	0	0	0	0
Endiandra sieberi_roadside	0	0	0	0	0	0	0	0	0.0004745748	0	0	0	0.004074394	0	0	0	0.0002092634	0	0	0	3.911139e-05	0.0002568431	0	0.0038038445	0.0004269951	0	0	0.00014797725	0	0	0	0.00010886584	0	0.0009713242	0.1446954655	0.0006088456	0.00032659755	0	0	0	0	0	0	0	0	0.01918658	0.01065680595	0.0002874862	0.0058884465	0.00013950895	0.088832855	0	0	0	0	6.975445e-05	0	0.0061702585	0	0.004385277	0	0	0	0.00017862034	0.00019555695	6.975445e-05	0	0	0.00023466835	0.0020261095	0	0	0	0	0.00031812924	0.01639290785	3.911139e-05	0.0002092634	0	0	0	0	7.82228e-05	0	0.0044078883	0.004752994	0	0.012775982	0	0.001833783	0.0005580355	0.0043381338	0	0.006572285	0	0	0.00151242365	0	0	0	6.975445e-05	0	0	0	0	0.00065319515	0	0	6.975445e-05	0	0	0	6.975445e-05	0	0	0	0	6.975445e-05	0	0.027307695	0.023931195	0.0011108332	0.0026147886	0	0.0006616634	0.00014797725	0	6.975445e-05	0.0009152763	0	6.975445e-05	0	0	0	0	0	6.975445e-05	0.00045240005	0	0	0	0	0.0011942943	0.0008370535	0.0009152763	0	0	0.008054065	0.017954395	0.02535134	0.078977855	0	0	0.00084028375	0.00081487865	0.08941142945	0.0007757673	6.975445e-05	0	0.0007568229	0	0	0.00085399005	0	0	0.0095935535	6.975445e-05	0	0	0.00096285595	0.008696346	0.0158538184	0.015702959	0.00011733415	0	0.003015593	0.2021712	0.0145731845	0	0	0	0	0.00066690139	6.975445e-05	0	0	0	6.975445e-05	0	0	0	0.00093221285	0	0.00032659755	0	0	0	0	0	6.975445e-05	0.0604830571	0	0.00014797725	0	3.911139e-05	7.82228e-05	3.911139e-05	0	0	0	0	0	0	0	0	0	0	0	0.00010886584	0	0	6.975445e-05	0	0	0	0	0	0	0	0	0.0079484295	0	6.975445e-05	0.0004185268	6.975445e-05	0	0	0	0	0	0	0	0	0	0.00011733415	0	0	0	0	0	0	0.0241730211	0	0	0	0	0	0	0	0	0	0	0	0	0	0	0	0	0	0	0	0	0	0	0	0	0	0	0	0	0	0	0	0	0	0	0	0	0	0	0	0	0	0	0	0	0	0	0	0	0	0	0	0	0	0	0	0	0	0	0	0	0	0	0	0	0	0	0	0	0	0	0	0	0	0	0	0	0	0	0	0	0	0	0	0	0	0	0	0	0	0	0	0	0	0	0	0	0	0	0	0	0	0	0	0	0	0	0	0	0	0	0	0	0	0	0	0	0	0	0	0	0	0	0	0	0	0	0	0	0	0	0	0	0	0	0	0	0	0	0	0	0	0	0	0	0	0	0	0	0	0	0	0	0	0	0	0	0	0	0	0	0	0	0	0	0	0	0	0	0	0	0	0	0	0	0	0	0	0	0	0	0	0	0	0	0	0	0	0	0	0	0	0	0	0	0	0	0	0	0	0	0	0	0	0	0	0	0	0	0	0	0	0	0	0	0	0	0	0	0	0	0	0	0	0	0	0	0	0	0	0	0	0	0	0	0	0	0	0	0	0	0	0	0	0	0	0	0	0	0	0	0	0	0	0	0	0	0	0	0	0	0	0	0	0	0	0	0	0	0	0	0	0	0	0	0	0	0	0	0	0	0	0	0	0	0	0	0	0	0	0	0
Eupomatia laurina_rainforest	0	0.00018478536	0	0	0	0	0	0	0.0001546177	0	7.88519e-05	0	0.0006849784	0	0	0	0.0002698095	0	0	0.0001940437	0	0.0003548336	7.88519e-05	0.0034488875	0.00037574295	0.00131132096	0	0.00026363725	0	0	0	0.0002907188	0	0.000633208	0.2040211975	0.00106380755	0.0003726568	3.942596e-05	0	0	0	0	0	0	0	0.0010977547	0.00818409415	0.00075148585	0.0054976505	3.942596e-05	0.18528305	0	0.0039987705	0.0001515316	0	0.0003455753	0	0.005338247	0	0.02562244	0	0	0	0.0001940437	0.0021300075	0	0	0	0.0001515316	0.002000772	0	0	0	0	3.942596e-05	0.0003486614	0.00014844551	0.00103603225	0	0	0	0.0001546177	0.00161747025	0.00025746506	0.0086719415	0.003243886	0	0.013138725	0	0.002642545	7.26797e-05	0.00092701275	0	0.0067640665	0	0	0.00093079225	0	0	3.633985e-05	0	0	0	0	0	0.00185232655	0	0	0.00119442965	0.0005180162	0	0	0.00053653285	7.88519e-05	0	0.00033323085	0	0.00014844551	0	0.018788915	0.021629285	0.0006911506	0.0080805535	0	0.002315486	0.00053344675	0	0.0001515316	0.0017062735	0	0.00044842265	0.00031232155	0	0	0	0	0.00069423675	0.0006122987	0	0	0	0	0.00114265955	0.0033847725	0.00108232395	0	0	0.023506545	0.01877109	0.0087010365	0.06765932	0	0	0.002042591	0.00046385315	0.0582341201	0.001254765	0.00018787145	0	0.001169741	0	0	0.0005457912	0	0	0.0101097925	0	0	0	0.0007576581	0.010430681	0.0009602668	0.018551355	0.00011210566	0	0.0064510515	0.13000165	0.007657132	0	0	0	0	7.576581e-05	3.633985e-05	0	0	0	0.00018478536	0	0	0.0002242113	0.00082725165	0	0.0006973229	0	0	0	0	0	0	0.01233200355	0	0	0	0	0	0	0	7.88519e-05	0	0	0.00029380491	0	0	0	0	0	0	0.00033631695	0	0	3.633985e-05	0	0	0	0	0	0	0	0	0.01985744	0	0	0.0002242113	0.00011519175	0	0	0	0	0	0	0	0	0	0.0001940437	0.0005574422	0	0.00047550416	0	0	0	0.03501143135	0	0	0	0	0	0	0	0	0	0	0	0	0	0	0	0	0	0	0	0	0	0	0	0	0	0	0	0	0	0	0	0	0	0	0	0	0	0	0	0	0	0	0	0	0	0	0	0	0	0	0	0	0	0	0	0	0	0	0	0	0	0	0	0	0	0	0	0	0	0	0	0	0	0	0	0	0	0	0	0	0	0	0	0	0	0	0	0	0	0	0	0	0	0	0	0	0	0	0	0	0	0	0	0	0	0	0	0	0	0	0	0	0	0	0	0	0	0	0	0	0	0	0	0	0	0	0	0	0	0	0	0	0	0	0	0	0	0	0	0	0	0	0	0	0	0	0	0	0	0	0	0	0	0	0	0	0	0	0	0	0	0	0	0	0	0	0	0	0	0	0	0	0	0	0	0	0	0	0	0	0	0	0	0	0	0	0	0	0	0	0	0	0	0	0	0	0	0	0	0	0	0	0	0	0	0	0	0	0	0	0	0	0	0	0	0	0	0	0	0	0	0	0	0	0	0	0	0	0	0	0	0	0	0	0	0	0	0	0	0	0	0	0	0	0	0	0	0	0	0	0	0	0	0	0	0	0	0	0	0	0	0	0	0	0	0	0	0	0	0	0	0	0	0	0	0	0	0	0	0	0	0	0	0	0	0	0	0	0	0	0
Hibbertia scandens_freshwaterRd	0	0.00036173905	0	0	0	0	0	0	0.0005800674	0	0	0	0.0016331625	0	0	0	0.00077269775	0	0	0	0	0.0004238078	0	0.007973182	0.00028039705	0.0010958905	0	0.0006977802	0	0	0	0.00051157425	0	0.0007170537	0.1561329595	0.0016460115	0.00055436965	0	0	0	0	0	0	0	0	0.002258201	0.00721550815	0.0002868215	0.005849894	6.849315e-05	0.1475622	0	0.00020547945	0.0001369863	0	0.00160321605	0	0.006577621	0	0.010194911	0	0	0	0.00020547945	0.0006849315	7.49176e-05	0	0	0.00020547945	0.001770149	0	0	0	0	6.849315e-05	0.00688599315	0.0002119039	0.00105309485	0	0	0	0.0002119039	0.00028039705	0.00035531465	0.0091995315	0.003210681	0	0.02496197	0	0.004445733	0.0005800674	0.00086046445	0	0.00683232	0	0	0.001577518	0	0	0	0.0001369863	0	0	0	0	0.011245828	0	0	0.0005672185	0.0001369863	0	0	0.0001369863	0.00014341075	0	6.849315e-05	0	7.49176e-05	0	0.018942965	0.02982498	0.001446956	0.0088378965	0	0.0015582445	0.00084761535	0	6.849315e-05	0.002538598	0	0.00094180625	0.0002119039	0	0	0	0	0.0014897515	0.00094180625	0	0	0	0	0.00085404	0.0034589555	0.0019264085	0	0	0.017076445	0.017853495	0.019268535	0.044451315	0	0	0.003210681	0.00101672425	0.063263205	0.0015582445	6.849315e-05	0	0.0019842284	0	0	0.0019585305	0	0	0.0083456975	0.00021832835	0	0	0.00072990245	0.01471131	0.0009610798	0.0090604705	0.0001369863	0	0.0046640615	0.18070335	0.01132302	0	0	0	0	6.849315e-05	6.849315e-05	0	0	0	0	0	0	7.49176e-05	0.001346341	0	0.0009032597	0	0	0	0	0	0	0.0257478212	0	0.00014341075	0	0	6.849315e-05	0.0001369863	0	0.0001498352	0	0	6.849315e-05	0	0	0	0	0	0	0.0003681635	0	0	0	0	0	0	0	0	0	0	0	0.0140499	0	0	0.00049872535	0	0	0	0	0	0	0	0	0	0	0.0001369863	0.00034246575	0	6.849315e-05	0	0	0	0.0477770206	0	0	0	0	0	0	0	0	0	0	0	0	0	0	0	0	0	0	0	0	0	0	0	0	0	0	0	0	0	0	0	0	0	0	0	0	0	0	0	0	0	0	0	0	0	0	0	0	0	0	0	0	0	0	0	0	0	0	0	0	0	0	0	0	0	0	0	0	0	0	0	0	0	0	0	0	0	0	0	0	0	0	0	0	0	0	0	0	0	0	0	0	0	0	0	0	0	0	0	0	0	0	0	0	0	0	0	0	0	0	0	0	0	0	0	0	0	0	0	0	0	0	0	0	0	0	0	0	0	0	0	0	0	0	0	0	0	0	0	0	0	0	0	0	0	0	0	0	0	0	0	0	0	0	0	0	0	0	0	0	0	0	0	0	0	0	0	0	0	0	0	0	0	0	0	0	0	0	0	0	0	0	0	0	0	0	0	0	0	0	0	0	0	0	0	0	0	0	0	0	0	0	0	0	0	0	0	0	0	0	0	0	0	0	0	0	0	0	0	0	0	0	0	0	0	0	0	0	0	0	0	0	0	0	0	0	0	0	0	0	0	0	0	0	0	0	0	0	0	0	0	0	0	0	0	0	0	0	0	0	0	0	0	0	0	0	0	0	0	0	0	0	0	0	0	0	0	0	0	0	0	0	0	0	0	0	0	0	0	0	0
Hibbertia scandens_yellowsand	0	0.00023210235	0	0	0	0	0	0	0.0007076864	0	0.000101641475	0	0.0067992465	0	0	0	0.00053702675	0	0	0	0.00090262	0.0006659725	0.00026927095	0.0073044535	0.00026927095	0	0	0.00067886705	0	0	0	0.000101641475	0	0.001962264	0.198964073	0.005930762	0.00029354495	0	1.2894575e-05	0	0	0	0	0	0	0.007930197	0.00511540615	0.00011453605	0.0048165745	0.00012743062	0.08309489	0	8.87469e-05	0.000101641475	0	0.001280367	0	0.0091855785	0	0.0124283375	0	0	0	0.0002806504	0.0022565505	6.447285e-05	0	0	0.0002305872	0.0017802245	0	0	0	0	0.0003337438	0.0036332398	0.0001774938	0.000456629025	0	0	0	0	0.0002662407	0.0003481535	0.00311220155	0.009541274	0	0.02864294	0	0.006607405	0.00103233935	0.00082451115	0	0.008276091	0	0	0.002288432	0	0	0	0.00032084925	0	0	2.578915e-05	0	0.00766015	0	0.0003352589	0.00020328295	8.87469e-05	1.2894575e-05	0	0.00038077675	1.2894575e-05	0	2.578915e-05	0	8.87469e-05	0	0.02615577	0.026980315	0.0029885108	0.0079348385	0	0.0016869325	0.000888984	0	5.15783e-05	0.0031212925	0	0.0001774938	0.00021617752	0	0	0	0	0.0005324815	0.002033571	0	0	0	0	0.0026282365	0.0018424409	0.00135167365	0	0	0.01410457	0.02059895	0.01619046	0.051334845	0	0	0.0013675985	0.0008563608	0.0637026742	0.0004581442	2.578915e-05	0	0.0016596285	0	0	0.0013258845	0	0	0.0028064717	0	0	0	0.002668435	0.01612824	0.00161714045	0.01855081	0.0005757105	0	0.003346561	0.18063854	0.009539085	0	0	0	0	0.0010528097	0	0	0	0	0.0001774938	0	0	1.2894575e-05	0.0008707706	0	0.00057419535	0	0	0	0	0	6.447285e-05	0.02142791185	0	0.00011605115	0	0.00021617752	0	0	0	5.15783e-05	0	0	0	0	0	0	0	0	0	0.0004581442	0	0	0	0	0	0	0	0	0	0	0	0.015264305	0	0.00028368065	0.0004209756	6.447285e-05	0	0	0	0	0	0	0	0	0	0.0001919035	0	0	0	0	0	0	0.04334059475	0	0	0	0	0	0	0	0	0	0	0	0	0	0	0	0	0	0	0	0	0	0	0	0	0	0	0	0	0	0	0	0	0	0	0	0	0	0	0	0	0	0	0	0	0	0	0	0	0	0	0	0	0	0	0	0	0	0	0	0	0	0	0	0	0	0	0	0	0	0	0	0	0	0	0	0	0	0	0	0	0	0	0	0	0	0	0	0	0	0	0	0	0	0	0	0	0	0	0	0	0	0	0	0	0	0	0	0	0	0	0	0	0	0	0	0	0	0	0	0	0	0	0	0	0	0	0	0	0	0	0	0	0	0	0	0	0	0	0	0	0	0	0	0	0	0	0	0	0	0	0	0	0	0	0	0	0	0	0	0	0	0	0	0	0	0	0	0	0	0	0	0	0	0	0	0	0	0	0	0	0	0	0	0	0	0	0	0	0	0	0	0	0	0	0	0	0	0	0	0	0	0	0	0	0	0	0	0	0	0	0	0	0	0	0	0	0	0	0	0	0	0	0	0	0	0	0	0	0	0	0	0	0	0	0	0	0	0	0	0	0	0	0	0	0	0	0	0	0	0	0	0	0	0	0	0	0	0	0	0	0	0	0	0	0	0	0	0	0	0	0	0	0	0	0	0	0	0	0	0	0	0	0	0	0	0	0	0	0	0	0
Imperata cylindrica_yellowsand	0	0.0005722025	1.17689966666667e-05	0	0	1.17689966666667e-05	0	1.17689966666667e-05	0.0008819148	0	4.174906e-05	0	0.008054734	0	0	0	0.00119709623333333	0	0	0	0.00125879276333333	0.000579180933333333	0.0002329651	0.0100047246666667	0.000495104066666667	2.35379966666667e-05	0	0.00103823556666667	0	0	0	0.000167986996666667	0	0.001890128	0.154197306666667	0.00535565063333333	0.0004236023	0	0	0	0	0	0	0	0	0.00830700063333333	0.0113417869666667	0.000245043066666667	0.00614742166666667	0.00040784853	0.12012468	0	3.5307e-05	0.000465433063333333	0	0.001059998	0	0.00757931966666667	0	0.00521798966666667	0	0	0	0.0001605542	0.000833063296666667	6.52870633333333e-05	0	0	0.000327592796666667	0.00495097966666667	0	0	0	0	0.000297570333333333	0.000961527966666667	0.000235379966666667	0.000406484996666667	0	0	0	5.8845e-05	0.0014545045	0.000368226733333333	0.0014741397	0.008144927	0	0.0185411816666667	0	0.005722829	0.000430147363333333	0.0006093064	0	0.0122322336666667	4.7076e-05	0	0.00176620166666667	0	0	0	0.00029761273	0	0	3.39858666666667e-05	0	0.004265951	0	0.00022162943	0.000263254133333333	0	7.0614e-05	0	0.000257287866666667	2.35379966666667e-05	4.174906e-05	1.17689966666667e-05	0	0	2.35379966666667e-05	0.02340861	0.0263808433333333	0.00524422666666667	0.005425046	0	0.00151543796666667	0.000176534966666667	0	0.000179755996666667	0.00283686843333333	1.17689966666667e-05	0.000223610966666667	6.206603e-05	0	0	0	2.35379966666667e-05	0.000533941166666667	0.00141306803333333	1.17689966666667e-05	0	0	1.17689966666667e-05	0.00295813433333333	0.00193335803	0.000943792633333333	0	0	0.01421931	0.01720301	0.0178092033333333	0.0592552933333333	0	0	0.00137270023333333	0.00147655823333333	0.0856513740666667	0.000500534066666667	0.000152687996666667	0	0.000983108433333333	0	0	0.00149452036666667	0	0	0.0217126806666667	8.349813e-05	0	0	0.0026068223	0.012488206	0.000622375233333333	0.0181508766666667	0.000443322296666667	0	0.0106329593333333	0.134622666666667	0.00922650166666667	0	0	0	0	0.000923745666666667	0.000235379966666667	0	0	0	2.99800633333333e-05	0	0	0.000419163133333333	0.0011113891	0	0.000226626	0	0	0	1.17689966666667e-05	0	6.196303e-05	0.0257951480666667	0	0.000229847033333333	0	0.00011104193	5.67390966666667e-05	9.4152e-05	0	7.583793e-05	0	0	0	0	0	0	0	0	0	0.0002461582	0	0	1.17689966666667e-05	0	0	0	0	0	0	0	0	0.023934	1.17689966666667e-05	0.000187892	0.000434256166666667	5.874199e-05	0	0	0	5.8845e-05	5.8845e-05	0	0	0	0	0.000384640933333333	0	0	0	0	0	0	0.0492351504	1.17689966666667e-05	0	0	0	0	0	0	0	0	0	0	0	0	0	0	0	0	0	0	0	0	0	0	0	0	0	0	0	0	0	0	0	0	0	0	0	0	0	0	0	0	0	0	0	0	0	0	0	0	0	0	0	0	0	0	0	0	0	0	0	0	0	0	0	0	0	0	0	0	0	0	0	0	0	0	0	0	0	0	0	0	0	0	0	0	0	0	0	0	0	0	0	0	0	0	0	0	0	0	0	0	0	0	0	0	0	0	0	0	0	0	0	0	0	0	0	0	0	0	0	0	0	0	0	0	0	0	0	0	0	0	0	0	0	0	0	0	0	0	0	0	0	0	0	0	0	0	0	0	0	0	0	0	0	0	0	0	0	0	0	0	0	0	0	0	0	0	0	0	0	0	0	0	0	0	0	0	0	0	0	0	0	0	0	0	0	0	0	0	0	0	0	0	0	0	0	0	0	0	0	0	0	0	0	0	0	0	0	0	0	0	0	0	0	0	0	0	0	0	0	0	0	0	0	0	0	0	0	0	0	0	0	0	0	0	0	0	0	0	0	0	0	0	0	0	0	0	0	0	0	0	0	0	0	0	0	0	0	0	0	0	0	0	0	0	0	0	0	0	0	0	0	0	0	0	0	0	0	0	0	0	0	0	0	0	0	0	0	0	0	0
Landrace_Root	0	0.00138862410858834	5.58646368579235e-06	0	0	2.34600753661202e-05	0	2.19768285928962e-05	0.000311711175795993	7.11009499453552e-06	1.22094924408015e-05	0	0.00259858405604736	5.80211689435337e-06	2.94155965510018e-05	0.000330714781348816	9.88422978479053e-05	5.16854481265938e-05	1.23772101092896e-06	3.56324028306011e-05	0.000595826083258652	0.000782222780559199	0.000178001530260474	0.0101691485642987	0.000875025440209472	0.000118729665466302	0	0.00155889804599271	9.24655539872496e-05	0	0.0010259152287796	7.74424318333333e-05	0	0.000297674204954463	0.325194190223133	0.000555312394266849	0.000396040899080146	1.37107809198543e-06	2.23825729899818e-05	2.7334319204918e-05	0	0	0	0	0	0.00396877756005191	0.0124064101112022	0.00304859998608379	0.0183160207214936	0.000613060002114754	0.0246884232027596	4.31946200446266e-05	2.31561504125683e-05	0.00269131124386885	0	0.000826602468355191	3.00241189981785e-06	0.00308976846636612	2.76480922595628e-05	0.00984475909149362	0.000552548221156648	1.51695942449909e-05	0	4.98428465428051e-05	9.32379808734062e-05	1.3138085704918e-05	1.03456191138434e-05	2.6229156010929e-06	0.000483527066584699	0.00631185361626594	1.66388010018215e-07	4.18069876047359e-06	3.74619616302368e-06	0	0.000262601409014572	0.00797611576363661	5.77387749872495e-05	6.42839555446266e-05	0	8.21934681238616e-06	0	3.40471090801457e-05	0.00167170061709745	0.000523277963324226	0.0186136768188434	0.00268373348660018	2.02693292167577e-06	0.00623245908043716	0.00109122762759563	0.00262821885200364	6.57673336976321e-05	0.000666703918887978	1.24208936885246e-06	0.0120081611202823	0.000106575387392532	1.01167363296903e-06	0.00103440027067942	0	0.000154306341138434	1.90610542896175e-06	2.72050248533698e-05	0	1.21512622459016e-05	1.62855016457195e-05	4.58900346083789e-07	0.00168402019530055	2.05904286156648e-06	0.000292229460120219	6.13534589016393e-05	0.000333786380334244	1.74672632996357e-05	2.56384295227687e-05	0.000597834190460838	6.04667827413479e-06	4.39065736912568e-05	6.00316964581056e-05	0	4.31360424526412e-05	6.85935872832423e-05	0.0140855112943078	0.0168729462956102	0.00145654944933515	0.00303850164698543	0	0.0119923590731239	0.000146587850160291	1.6768685154827e-07	0.000520263113703097	0.00056985457523133	1.38397742258652e-07	0.000132237949565574	0.000551071196708561	7.16728547358834e-07	1.00821539699454e-05	3.50805337887067e-07	1.30629052422587e-05	0.000264973700686703	0.00180168769989982	3.1111174992714e-05	8.85497424043716e-06	1.76528932149362e-05	6.11374930145719e-06	0.0018570684185337	0.000259499195234062	0.000220582711009107	0.000645700588051002	0	0.0113177230148087	0.0156756381328506	0.0256913571040073	0.0327217063010656	2.79895880236794e-06	0.00188592018264117	0.000864646471547359	0.00108717551048816	0.0971440810408925	0.00036638099726776	0.000146154390563752	2.05112449908925e-07	0.00265872710071676	0.000494142943294171	1.78100780364299e-05	0.000481411863343352	0	8.51380361930783e-06	0.00335272994973042	0.000389650622197632	3.62741594162113e-05	4.52210000546448e-06	0.000924973603849727	0.00376137167754098	0.00324560510714936	0.0321439432034062	0.000361450703470856	0.000374385491586521	0.0100015416947177	0.0882175461436248	0.0102767560481239	2.84726442440801e-06	3.07656016302368e-06	1.40372692258652e-06	0	0.000832439544590164	0.000677374739258652	0	2.97491543806922e-06	2.6993360704918e-05	5.4791403579235e-06	0.000408933904918033	1.69715837887067e-07	0.000103145202098361	0.00117895774465118	0.000293253271867031	0.000141295109435337	0	0	0.00102990816894353	2.78345628415301e-07	7.91979281420765e-07	1.23391514080146e-05	0.0288241866982696	0	0.00116911899685519	4.30083609562842e-06	3.51482491357013e-05	6.1200282704918e-06	9.61525961111111e-06	7.03125118397086e-07	9.47616365928962e-05	6.76201359608379e-05	1.80159845173042e-07	6.71926785063752e-07	4.32840277595628e-06	1.14926567577413e-06	5.00334626593807e-07	0	2.30884426229508e-08	0	0.000106309119775046	1.56516666666667e-08	0	4.71845701821494e-06	5.91938886156649e-07	0	9.42745284153006e-07	0	2.53684316939891e-07	0	3.12290357923497e-07	2.99184092896175e-05	0.0164718395557741	5.90538083424408e-06	0.000319600752266849	6.88160338743169e-05	5.69089227431694e-05	3.33823488160291e-07	1.15162516120219e-06	5.26140697632058e-07	6.76216152641166e-06	9.2194331420765e-06	8.70844020947177e-07	1.92686690346084e-07	1.66805974499089e-07	3.60874325956284e-06	0.00433367684843716	4.25574503278689e-06	2.5538383424408e-07	1.50861544262295e-06	9.24093224043716e-07	1.5725185154827e-07	0	0.0425769638256831	6.67837671147541e-05	0.000563901550910747	0	7.10787153551913e-05	0	3.02946623041894e-05	0.000234340959335155	0	0	0	0	6.82891794262295e-06	0	0	0	3.33932909471767e-06	0	2.36786322495446e-06	0.000344945960673953	0	0.000268153919499089	4.00454938870674e-05	0	5.5714693715847e-06	0.00362160993897996	0	0	0	2.42878937677596e-05	0	0	1.9170314564663e-05	0	0.00075102943563388	7.94743053096539e-05	0	0	0	2.26983401894353e-05	2.45412446566485e-05	2.61207939198543e-05	0.00161477194854281	0	0	4.18873169398907e-07	0.000404369017313297	0.000152450891393443	3.89793938342441e-05	0	1.92405929417122e-06	4.43209561111111e-06	5.53150975136612e-06	2.93988434098361e-05	0	6.51320139289617e-05	0	1.89263539562842e-05	0.000726601256648452	0.00041914435856102	2.45424373861566e-06	0	0	0	0	0	0	0	0	0	0	0	0	0	0	0	0	0	0	0	0	0	0	0	0	0	0	0	0	0	0	0	0	0	0	0	0	0	0	0	0	0	0	0	0	0	0	0	0	0	0	0	0	0	0	0	0	0	0	0	0	0	0	0	0	0	0	0	0	0	0	0	0	0	0	0	0	0	0	0	0	0	0	0	0	0	0	0	0	0	0	0	0	0	0	0	0	0	0	0	0	0	0	0	0	0	0	0	0	0	0	0	0	0	0	0	0	0	0	0	0	0	0	0	0	0	0	0	0	0	0	0	0	0	0	0	0	0	0	0	0	0	0	0	0	0	0	0	0	0	0	0	0	0	0	0	0	0	0	0	0	0	0	0	0	0	0	0	0	0	0	0	0	0	0	0	0	0	0	0	0	0	0	0	0	0	0	0	0	0	0	0	0	0	0	0	0	0	0	0	0	0	0	0	0	0	0	0	0	0	0	0	0	0	0	0	0	0	0	0	0	0	0	0	0	0	0	0	0	0	0	0
lotus_japonicus_CAS	0	0.00181248463185841	8.58817407079646e-06	0	0	9.84054307079646e-05	0	0.000589785339026549	0.00385486385557522	1.18411024336283e-05	4.03232340707965e-05	1.39328761061947e-07	0.0154170059449558	4.15162742477876e-05	0	0	0.000347116077964602	0	8.12134336283186e-06	2.3494814159292e-06	0.00094056674920354	0.00188116313097345	0.00053219014619469	0.0169530184159292	0.00788064747610619	2.65120840707965e-05	0	0.000943463279557522	3.17561515044248e-05	0	6.85270677876106e-05	3.4488293539823e-05	0	0.000781638020619469	0.239027584504425	9.69587011504425e-05	4.33810450442478e-05	2.99347699115044e-07	0.000750780244159292	0	0	0	0	0	0	0.00461353821778761	0.00726321072654867	0.000225042692477876	0.0303601023628319	0.000872454038938053	0.00265867213097345	0.0853242572654867	9.82843150442478e-06	0.00214456742380531	0	0.00136893061902655	0	0.0106684632256637	4.4136903539823e-06	0.0232417121607965	0	0	0	0.000151977929911504	1.59874369026549e-05	4.31868712389381e-05	0	6.49482371681416e-06	0.000485853310265487	0.00163475373283186	0	0	0	0	0.0067179525860177	0.00064514029159292	8.35363318584071e-06	1.13778230088496e-07	0	0.000145490351238938	0	2.63939477876106e-06	0.000741108797079646	0.000191783001946903	0.0140855341504425	0.00613493682654867	2.17275433628319e-06	0.00344355597433628	0.000113942432743363	0.00315685287610619	0.000204823074690265	0.000209947586460177	0	0.00310015499433628	0.000685348334513274	0	0.000860257459911504	0	0.000532470631858407	0	0.000484477792035398	0	0	2.09631031858407e-05	0	5.52130644247788e-05	0	0.000466262472477876	5.35078974336283e-05	0.000153828985752212	7.86473008849558e-07	5.7515214159292e-06	2.92142017699115e-06	4.48701787610619e-06	5.35282477876106e-07	0.00116975994088496	0	0	2.05503109734513e-05	0.0150178066336283	0.00291359089557522	0.00156643808867257	0.000434762893185841	0	0.000723235676460177	0.000258770647522124	0	0	0.000990374731769911	2.30231415929204e-07	0.000623382922743363	0.000776823799115044	0	1.24063168141593e-05	8.03636814159292e-07	0	0.00097615962920354	0.0416400358302655	0.000772843872477876	7.02296467256637e-05	4.24765132743363e-07	0	0.00216015109380531	0.000189277995221239	4.85887849557522e-06	0.000200129103539823	0	0.00597540631964602	0.0223290080920354	0.0244431873247788	0.0313583433048673	4.00898761061947e-07	0.000363214038938053	2.94480330088496e-05	0.00131478391415929	0.0834078772132743	0.000968838962035398	0.00133141405584071	1.63447876106195e-07	0.00431135356557522	2.55393043362832e-05	4.38860947787611e-05	6.70686092035398e-05	0	0	0.00698790957141593	0.00333189579884956	0.000705452525575221	0	0.000302489722920354	0.00422972105725664	0.0274073269423894	0.0329216395575221	0	0.000110684864867257	0.00159592035840708	0.102195847040708	0.0104610062102655	0	5.05551274336283e-05	0	0	0.00165349814371681	0.000346667964690265	0	0	1.92471681415929e-07	1.85786283185841e-07	0.000434134408761062	3.51026315044248e-05	7.44632398230088e-05	0.000160843196637168	9.22460742477876e-05	3.26923060176991e-05	0	0	0.000460358889380531	0.000168863050442478	0	0.000514943743362832	0.0274265714743363	2.55017934513274e-05	0.000162861154690265	0	4.78942826548673e-05	6.59758230088496e-06	2.61102008849558e-06	0	6.88002150442478e-06	1.30303925663717e-05	0	0	1.35229654867257e-06	0	0	0	0	0	0.000151639721504425	0	1.63447876106195e-07	4.66506309734513e-06	0	3.78243362831858e-07	0	0	1.13045221238938e-05	7.53242637168142e-06	0	0	0.00492718223575221	0	0	9.08359699115044e-05	0.00272557290628319	0	0	0	8.16128849557522e-06	0	0	0	0	3.76817433628319e-06	0.000107912312566372	5.50431150442478e-07	0	0	0	0	0.000183113678761062	0.0154885604654867	0	0	0	0	0	0	0	0	0	0	0	0	0	0	0	0	0	0	5.31191123893805e-05	0	0	0	0	0	0	0.000375404974336283	0	0	0	0	0	0.000223069911504425	0	0	0	0	0	0	0	0	4.88476849557522e-05	0.000958684165486726	0	0	0	3.74195663716814e-05	0	0	0	0	0	0	0	0	0	0	9.36004778761062e-06	0	8.02075132743363e-06	0	0	0	3.78677338938053e-05	0	0	0	0	0	0	0	0	0	0	0	0	0	1.07176460176991e-06	0	0	5.14106876106195e-05	2.07614247787611e-06	0.000152590803539823	1.46430973451327e-06	0.000223210457610619	3.9591796460177e-06	1.84109778761062e-05	3.47177610619469e-06	2.56254247787611e-06	1.13621711504425e-05	3.87104283185841e-05	6.33177168141593e-06	0	0	1.98153982300885e-06	0	0	0	7.05014088495575e-06	0	0	0	0	0	0	0	0	0	0	0	0	0	0	0	0	0	0	0	0	0	0	0	0	0	0	0	0	0	0	0	0	0	0	0	0	0	0	0	0	0	0	0	0	0	0	0	0	0	0	0	0	0	0	0	0	0	0	0	0	0	0	0	0	0	0	0	0	0	0	0	0	0	0	0	0	0	0	0	0	0	0	0	0	0	0	0	0	0	0	0	0	0	0	0	0	0	0	0	0	0	0	0	0	0	0	0	0	0	0	0	0	0	0	0	0	0	0	0	0	0	0	0	0	0	0	0	0	0	0	0	0	0	0	0	0	0	0	0	0	0	0	0	0	0	0	0	0	0	0	0	0	0	0	0	0	0	0	0	0	0	0	0	0	0	0	0	0	0	0	0	0	0	0	0	0	0	0	0	0	0	0	0	0	0	0	0	0	0	0	0	0	0
Lycopodium cernua_roadside	0	0.000529270433333333	0	0	0	8.81601e-06	0	4.30127266666667e-05	0.000509012733333333	0	0	0	0.000595838566666667	0	0	3.20620933333333e-05	0.0004928431	0	0	0	0	0.000450235666666667	6.97382333333333e-05	0.005673564	0.0007237992	0.00799870966666667	0	0.0007142252	0	0	0	0.000316981566666667	0	0.000879136033333333	0.127805965	0.0010849137	0.00030502752	5.46038166666667e-05	0	0	0	0	0	0	0	0.000448442503333333	0.00622122573333333	0.0015570947	0.00597355433333333	0.0003547114	0.107333913333333	0	0.00568759969333333	9.530045e-05	0	0.00119942653333333	0	0.00608868466666667	1.763202e-05	0.0266798166666667	0	8.81601e-06	0	0.000115067086666667	0.00227770233333333	8.773322e-05	0	0	0.000531831933333333	0.00170805383333333	0	0	0	0	0.000278878566666667	0.000479565793333333	0.000238341833333333	0.0029445915	0	0	0	0.000126903566666667	0.00262808093333333	0.00026466203	0.00240111533333333	0.00354965166666667	0	0.0158634666666667	0	0.00337569033333333	0.000150085733333333	0.00715230696666667	0	0.00678885366666667	5.74428066666667e-05	0	0.0013623515	0	0	8.773322e-05	5.65569733333333e-05	0	7.74869333333333e-06	0.000233667263333333	0	0.003258681	0	7.74869333333333e-06	0.00161286123333333	0.00109424266666667	5.24691866666667e-05	0	0.0008445011	2.23602466666667e-05	1.65647033333333e-05	0.00012470501	0	0.0003512743	2.32460833333333e-05	0.0288134866666667	0.0227714866666667	0.000522471466666667	0.012565926	0	0.001973677	0.0008023852	0	0.000148836933333333	0.00162712003333333	0.000251907666666667	0.000724930233333333	0.000399613333333333	0	7.05280666666667e-05	0	3.87434666666667e-05	0.000557127166666667	0.0007608133	8.81601e-06	0	0	5.63754866666667e-05	0.00150520133333333	0.0120756696666667	0.00107374953333333	0	0	0.0268468066666667	0.0230719166666667	0.00631726933333333	0.0379799766666667	0	0	0.002489275	0.000765723066666667	0.0644295567	0.00308264733333333	0.000233250633333333	0	0.000797486133333333	0	5.65569733333333e-05	0.000710959333333333	0	6.19895666666667e-05	0.015468383	3.87434666666667e-05	0	0	0.000607792633333333	0.0109621886666667	0.00119721683333333	0.0155735333333333	0.000293468536666667	1.763202e-05	0.00517782766666667	0.180338166666667	0.0103509173333333	0	0	0	0	0.000231233596666667	0.0002619509	0	0	0	0	0	0	0.000225405953333333	0.000927805033333333	0	0.000438730033333333	0	0	0	2.92231033333333e-05	7.74869333333333e-06	0	0.0137134512333333	0	0.00020673871	0	2.32460833333333e-05	3.78576366666667e-05	1.549739e-05	1.46115533333333e-05	9.63677533333333e-05	0	0	0.000565772733333333	0	0	0	0	0	0	0.00107188266666667	0	0	6.23525133333333e-05	0	0	5.158336e-05	0	0	0	0	0	0.01804149	5.335502e-05	0	0.000378725733333333	0.000289519883333333	0	0	0	3.78576366666667e-05	0.000696273243333333	0	0	0	0	0.000206279766666667	0.0005599772	0.000923472666666667	0.0006629944	0	0	0	0.0963963183	2.34275633333333e-05	0	0	0	0	0	0	0	0	0	0	0	0	0	0	0	0	0	0	0	0	0	0	0	0	0	0	0	0	0	0	0	0	0	0	0	0	0	0	0	0	0	0	0	0	0	0	0	0	0	0	0	0	0	0	0	0	0	0	0	0	0	0	0	0	0	0	0	0	0	0	0	0	0	0	0	0	0	0	0	0	0	0	0	0	0	0	0	0	0	0	0	0	0	0	0	0	0	0	0	0	0	0	0	0	0	0	0	0	0	0	0	0	0	0	0	0	0	0	0	0	0	0	0	0	0	0	0	0	0	0	0	0	0	0	0	0	0	0	0	0	0	0	0	0	0	0	0	0	0	0	0	0	0	0	0	0	0	0	0	0	0	0	0	0	0	0	0	0	0	0	0	0	0	0	0	0	0	0	0	0	0	0	0	0	0	0	0	0	0	0	0	0	0	0	0	0	0	0	0	0	0	0	0	0	0	0	0	0	0	0	0	0	0	0	0	0	0	0	0	0	0	0	0	0	0	0	0	0	0	0	0	0	0	0	0	0	0	0	0	0	0	0	0	0	0	0	0	0	0	0	0	0	0	0	0	0	0	0	0	0	0	0	0	0	0	0	0	0	0	0	0	0	0	0	0	0	0	0	0	0	0	0	0	0	0	0	0	0	0	0
Macrozamia douglasii_ancientwoodland	0	0.0001802533	0	0	0	0	0	0	0.0008111397	0	0	0	0.002613672	0	0	0	0.0003154432	0	0	0	0	0.0005407598	0	0.005632914	0.000721013	4.506331e-05	0	0.0005407598	0	0	0	0.0004055698	0	0.001171646	0.137578298	0.0008111397	0.0002703799	4.506331e-05	4.506331e-05	0	0	0	0	0	0	0.006083547	0.0049119012	0.0004956965	0.007570637	0.0001802533	0.1621378	0	0	0.0001351899	0	0.0002253166	0	0.007165067	0	0.009463296	0	0	0	0.0001802533	0	0	0	0	0.0004055698	0.002703799	0	0	0	0	0.0003154432	0.0002253166	0.0001351899	0.000721013	0	0	0	0.0001802533	0.001216709	0.0002703799	0.00108152	0.005452661	0	0.02131495	0	0.004371141	0.0002253166	0.001487089	0	0.007976207	0	0	0.001892659	0	0	0	0.0001351899	0	0	0	0	0.001982786	0	0	0.0001351899	0	0	0	0.0004956965	4.506331e-05	0	0.0001351899	0	0.0001351899	9.012663e-05	0.02239647	0.01586229	0.001847596	0.007435447	0	0.001622279	0.0006759497	0	0.0001351899	0.001937723	4.506331e-05	0.0001802533	0.0001351899	0	0	0	0	0.0006308864	0.0007660763	9.012663e-05	0	0	9.012663e-05	0.001937723	0.001937723	0.0009463296	0	0	0.02108963	0.02036862	0.004055698	0.04718129	0	0	0.002523546	0.0009913929	0.0854851066	0.001802533	9.012663e-05	0	0.002253166	0	0	0.0004055698	0	0	0.01559191	0	0	0	0.00108152	0.0116714	0.0004055698	0.02347799	0.0001802533	0	0.003740255	0.1397864	0.01667343	0	0	0	0	0.0004506331	4.506331e-05	0	0	0	0	0	0	0.0001351899	0.001216709	0	0.0003605065	0	0	0	4.506331e-05	0	0	0.0773286467	0	0.0003605065	0	4.506331e-05	4.506331e-05	4.506331e-05	0	0.0001351899	0	0	0	0	0	0	0	0	0	0.0001802533	0	0	0	0	0	0.0001351899	0	0	0	0	0	0.01698887	0	0	0.0003154432	0.0001351899	0	0	0	4.506331e-05	0	0	0	0	0	0.0001351899	0	0	0	0	0	0	0.0409174891	0	0	0	0	0	0	0	0	0	0	0	0	0	0	0	0	0	0	0	0	0	0	0	0	0	0	0	0	0	0	0	0	0	0	0	0	0	0	0	0	0	0	0	0	0	0	0	0	0	0	0	0	0	0	0	0	0	0	0	0	0	0	0	0	0	0	0	0	0	0	0	0	0	0	0	0	0	0	0	0	0	0	0	0	0	0	0	0	0	0	0	0	0	0	0	0	0	0	0	0	0	0	0	0	0	0	0	0	0	0	0	0	0	0	0	0	0	0	0	0	0	0	0	0	0	0	0	0	0	0	0	0	0	0	0	0	0	0	0	0	0	0	0	0	0	0	0	0	0	0	0	0	0	0	0	0	0	0	0	0	0	0	0	0	0	0	0	0	0	0	0	0	0	0	0	0	0	0	0	0	0	0	0	0	0	0	0	0	0	0	0	0	0	0	0	0	0	0	0	0	0	0	0	0	0	0	0	0	0	0	0	0	0	0	0	0	0	0	0	0	0	0	0	0	0	0	0	0	0	0	0	0	0	0	0	0	0	0	0	0	0	0	0	0	0	0	0	0	0	0	0	0	0	0	0	0	0	0	0	0	0	0	0	0	0	0	0	0	0	0	0	0	0	0	0	0	0	0	0	0	0	0	0	0	0	0	0	0	0	0	0
Macrozamia douglasii_bymien	0	0.000142191285	0	0	0	0	0	0	0.00035339085	0	0	0	0.0008531474	0	0	0	0.000625249735	0	0	0	0	0.0001463658	0	0.0040943245	0.00049140755	0	0	0.0004265738	0	0	0	0.000176695435	0	0.0003920696	0.1526875885	0.0002969062	0.0002237233	3.4504175e-05	0	0	0	0	0	0	0	0.001487854235	0.0101384327	0.00046942705	0.006583395	0.00021954875	0.06008923	0	6.900835e-05	0.000142191285	0	0.00046107795	0	0.0042270595	0	0.0089177525	0	0	0	0	0	6.900835e-05	0	0	0.0005342609	0.0028282349	0	0	0	0	0.0001725209	0.014693744175	0.0004223992	0.000211199635	0	0	0	0.00010351255	0.00036174	0.0002843825	0.008283641	0.002110888	0	0.0104206	0	0.0019561735	0.00021954875	0.00168934055	0	0.0073950545	0	0	0.00090545745	0	0	0	3.8678735e-05	0	0	0	0	0.00091380695	0	6.900835e-05	0.000111861625	3.8678735e-05	3.4504175e-05	0	0.000383720485	6.900835e-05	0	0	0	0.00010351255	6.900835e-05	0.01264173	0.0190547355	0.00077578995	0.00372841	0	0.00046525255	0.000349216335	0	0.000107687085	0.00094831095	0	0.0001463658	3.4504175e-05	0	0	0	0	0.00049140755	0.00054261	0	0	0	0	0.00084369075	0.00105182345	0.000245703785	0	0	0.023456275	0.010846066	0.056119163	0.110623345	0	0	0.00317941	0.000556241235	0.1086509699	0.00077996465	0.000176695435	0	0.000597987	0	0	0.0002843825	0	0	0.013277716	7.318291e-05	0	0	0.0002885571	0.005566332	0.01410521255	0.010987663	0.000211199635	0	0.003949918	0.19760935	0.0207054	0	0	0	0	0.00021537415	6.900835e-05	0	0	0	0	0	0	0.000211199635	0.00071095615	0	0.00024152925	0	0	0	0	0	0	0.0230086555	0	0.00024152925	0	0	0	3.4504175e-05	3.4504175e-05	0.000107687085	0	0	0	0	0	0	0	0	0	0.0001463658	0	0	0	0	0	0	0	0	0	0	0	0.014074123	0	0	0.0002760334	0	0	0	0	0	0	0	0	0	0	0.000245703785	0	0	0	0	0	0	0.02863343125	3.4504175e-05	0	0	0	0	0	0	0	0	0	0	0	0	0	0	0	0	0	0	0	0	0	0	0	0	0	0	0	0	0	0	0	0	0	0	0	0	0	0	0	0	0	0	0	0	0	0	0	0	0	0	0	0	0	0	0	0	0	0	0	0	0	0	0	0	0	0	0	0	0	0	0	0	0	0	0	0	0	0	0	0	0	0	0	0	0	0	0	0	0	0	0	0	0	0	0	0	0	0	0	0	0	0	0	0	0	0	0	0	0	0	0	0	0	0	0	0	0	0	0	0	0	0	0	0	0	0	0	0	0	0	0	0	0	0	0	0	0	0	0	0	0	0	0	0	0	0	0	0	0	0	0	0	0	0	0	0	0	0	0	0	0	0	0	0	0	0	0	0	0	0	0	0	0	0	0	0	0	0	0	0	0	0	0	0	0	0	0	0	0	0	0	0	0	0	0	0	0	0	0	0	0	0	0	0	0	0	0	0	0	0	0	0	0	0	0	0	0	0	0	0	0	0	0	0	0	0	0	0	0	0	0	0	0	0	0	0	0	0	0	0	0	0	0	0	0	0	0	0	0	0	0	0	0	0	0	0	0	0	0	0	0	0	0	0	0	0	0	0	0	0	0	0	0	0	0	0	0	0	0	0	0	0	0	0	0	0	0	0	0	0
Marchantia paleacea_fl	0	0.0006872547	0	0	0	4.433902e-05	0	2.216951e-05	8.867803e-05	2.216951e-05	2.216951e-05	0	8.867803e-05	0	0	0	0.000133017	0	0	0	2.216951e-05	2.216951e-05	0	0.0006872547	0.0007759328	0	0	0.0007537633	0	0	0	0.0001108475	0	0.0003103731	0.163743987	2.216951e-05	4.433902e-05	0	0	0	0	0	0	0	0	0	0.0198417097	0.0004655597	0.022103	0.001219323	0.003835325	0	0	0.0001551866	0	6.650852e-05	0	0.002882036	8.867803e-05	0.009798923	0	0	0	0	0	0	0	0	0.0008202718	0.002793358	0	0	0	0	0	0	2.216951e-05	0	0	0	0	0.0001995256	0.002793358	0.0001773561	0.08249274	0.001374509	0	0.001396679	0	0.001108475	2.216951e-05	2.216951e-05	0	0.05138892	0.0001773561	0	0.0004212207	0	0	0	0	0	0	0	0	0.0117055	0	0	0	0	0	0	0.0001995256	0	0	0	0	0	2.216951e-05	0.02463032	0.01574035	0.0002438646	0.005054648	0	0.0008867803	0.0001773561	0	0	8.867803e-05	0	0.0003103731	0.0003547121	0	0	0	0	6.650852e-05	0.0005098987	6.650852e-05	0	0	0	0.0004433902	2.216951e-05	0.0002882036	0	0	0.01837852	0.049438	0.02771189	0.02321147	2.216951e-05	0	0.003702308	0.0004433902	0.0505686479	0.000133017	4.433902e-05	0	0.001840069	0	0	2.216951e-05	0	0	0.0005764072	2.216951e-05	4.433902e-05	0	0.0001108475	0.001130645	0.001862239	0.01086306	0.0001108475	0	0.009200346	0.2799565	0.04043718	0	0	0	0	2.216951e-05	6.650852e-05	0	0	0	0	0	0	0	0.0009532888	0	4.433902e-05	0	0	0	0	0	0	0.0186223868	0	0.0007315938	0	0	0	2.216951e-05	0	0	8.867803e-05	0	0	0	0	0	0	0	0	0	0	0	0	0	0	0	0	0	0	0	0	0.0132352	0	0	2.216951e-05	2.216951e-05	0	0	0	0	0	0	0	0	0	4.433902e-05	0	0	0	0	0	0	0.0122153989	0	0	0	0	0	0	0	0	0	0	0	0	0	0	0	0	0	0	0	0	0	0	0	0	0	0	0	0	0	0	0	0	0	0	0	0	0	0	0	0	0	0	0	0	0	0	0	0	0	0	0	0	0	0	0	0	0	0	0	0	0	0	0	0	0	0	0	0	0	0	0	0	0	0	0	0	0	0	0	0	0	0	0	0	0	0	0	0	0	0	0	0	0	0	0	0	0	0	0	0	0	0	0	0	0	0	0	0	0	0	0	0	0	0	0	0	0	0	0	0	0	0	0	0	0	0	0	0	0	0	0	0	0	0	0	0	0	0	0	0	0	0	0	0	0	0	0	0	0	0	0	0	0	0	0	0	0	0	0	0	0	0	0	0	0	0	0	0	0	0	0	0	0	0	0	0	0	0	0	0	0	0	0	0	0	0	0	0	0	0	0	0	0	0	0	0	0	0	0	0	0	0	0	0	0	0	0	0	0	0	0	0	0	0	0	0	0	0	0	0	0	0	0	0	0	0	0	0	0	0	0	0	0	0	0	0	0	0	0	0	0	0	0	0	0	0	0	0	0	0	0	0	0	0	0	0	0	0	0	0	0	0	0	0	0	0	0	0	0	0	0	0	0	0	0	0	0	0	0	0	0	0	0	0	0	0	0	0	0	0	0
Marchantia polymorpha_fl	0	0.0004359198	0	0	0	0	0	0.0002179599	0	0	0.0002179599	0	0	0	0	0	0	0	0	0	0	0	0.0002179599	0.0004359198	0	0	0	0.0002179599	0	0	0	0	0	0	0.18744551	0	0	0	0	0	0	0	0	0	0	0.0002179599	0.0093722755	0.001089799	0.02244987	0.0008718396	0.001743679	0	0	0	0	0	0	0.001961639	0.0004359198	0.01416739	0	0	0	0	0	0	0	0	0.001089799	0.006538797	0	0	0	0	0	0	0	0	0	0	0	0	0.01482127	0.0006538797	0.05340017	0.002397559	0	0.001525719	0	0.001743679	0	0	0	0.07999128	0	0	0.0006538797	0	0	0	0	0	0	0	0	0.0004359198	0	0	0	0	0	0	0.001089799	0	0	0	0	0	0.0004359198	0.02397559	0.02789887	0.0002179599	0.005884917	0	0.0008718396	0.0002179599	0	0	0.0008718396	0	0.002833479	0	0	0	0	0	0.0002179599	0.0006538797	0.0002179599	0	0	0	0.002397559	0	0.0008718396	0	0	0.03705318	0.02724499	0.01242371	0.02441151	0	0	0.01089799	0.001961639	0.0337837838	0.0004359198	0	0	0.001089799	0	0	0	0	0	0	0.0004359198	0	0	0.0002179599	0.001089799	0.005013078	0.008282476	0.001525719	0	0.01089799	0.2279861	0.0363993	0	0	0	0	0	0.0004359198	0	0	0	0	0	0	0	0.003923278	0	0	0	0	0	0	0	0	0.033347864	0	0.001089799	0	0	0	0	0	0.0006538797	0	0	0	0	0	0	0	0	0	0	0	0	0	0	0	0	0	0	0	0	0	0.02789887	0	0	0.0004359198	0.0008718396	0	0	0	0	0	0	0	0	0	0	0	0	0	0	0	0	0.0167829119	0	0	0	0	0	0	0	0	0	0	0	0	0	0	0	0	0	0	0	0	0	0	0	0	0	0	0	0	0	0	0	0	0	0	0	0	0	0	0	0	0	0	0	0	0	0	0	0	0	0	0	0	0	0	0	0	0	0	0	0	0	0	0	0	0	0	0	0	0	0	0	0	0	0	0	0	0	0	0	0	0	0	0	0	0	0	0	0	0	0	0	0	0	0	0	0	0	0	0	0	0	0	0	0	0	0	0	0	0	0	0	0	0	0	0	0	0	0	0	0	0	0	0	0	0	0	0	0	0	0	0	0	0	0	0	0	0	0	0	0	0	0	0	0	0	0	0	0	0	0	0	0	0	0	0	0	0	0	0	0	0	0	0	0	0	0	0	0	0	0	0	0	0	0	0	0	0	0	0	0	0	0	0	0	0	0	0	0	0	0	0	0	0	0	0	0	0	0	0	0	0	0	0	0	0	0	0	0	0	0	0	0	0	0	0	0	0	0	0	0	0	0	0	0	0	0	0	0	0	0	0	0	0	0	0	0	0	0	0	0	0	0	0	0	0	0	0	0	0	0	0	0	0	0	0	0	0	0	0	0	0	0	0	0	0	0	0	0	0	0	0	0	0	0	0	0	0	0	0	0	0	0	0	0	0	0	0	0	0	0	0
Marsdenia rostrata_bymien	0	0	0	0	0	0	0	0	0.0001709256	0	0	0	8.546278e-05	0	0	0	8.546278e-05	0	0	0	0	0.0006837022	0	0.002222032	8.546278e-05	8.546278e-05	0	0.0001709256	0	0	0	8.546278e-05	0	8.546278e-05	0.093154431	8.546278e-05	8.546278e-05	0	0	0	0	0	0	0	0	0.001196479	0.0032475857	0.0001709256	0.01521238	0.0001709256	0.01495599	0	0	0.0002563883	0	8.546278e-05	0	0.005726006	0	0.007264336	0	0	0	8.546278e-05	0	0	0	0	0	0.0006837022	0	0	0	0	0	0.230664	0	0.0001709256	0	0	0	0	0.0001709256	0	0.01068285	0.000769165	0	0.004700453	0	0.001025553	0.0003418511	0.001452867	0	0.001196479	8.546278e-05	0	0.0003418511	0	0	0	0.0001709256	0	0	0	0	0.0004273139	0	0	8.546278e-05	0	0	0	0.0001709256	0	0	0	0	8.546278e-05	0	0.01495599	0.007264336	0.001025553	0.001025553	0	0.0001709256	8.546278e-05	0	0	8.546278e-05	0	8.546278e-05	0.0003418511	0	0	0	0	0	0.0008546278	0	0	0	0	0.0005982395	0.0004273139	0.0002563883	0	0	0.01196479	0.00828989	0.0337578	0.04025297	0	0	0.0008546278	0.0005127767	0.0652935647	8.546278e-05	0.0001709256	0	0.0009400906	0	0	8.546278e-05	0	0	0.004358602	0	0	0	0.0002563883	0.001709256	0.0213657	0.005811469	0.001452867	0	0.001452867	0.2914281	0.02093838	0	0	0	0	8.546278e-05	0	0	0	0	0	0	0	8.546278e-05	8.546278e-05	0	8.546278e-05	0	0	0	8.546278e-05	0	0	0.0357234424	0	8.546278e-05	0	0	0	0	0	0	0	0	0	0	0	0	0	0	0	8.546278e-05	0	0	0	0	0	0	0	0	0	0	0	0.005298692	8.546278e-05	0	8.546278e-05	8.546278e-05	0	0	0	0	0	0	0	0	0	0	0	0	0	0	0	0	0.0212802325	0	0	0	0	0	0	0	0	0	0	0	0	0	0	0	0	0	0	0	0	0	0	0	0	0	0	0	0	0	0	0	0	0	0	0	0	0	0	0	0	0	0	0	0	0	0	0	0	0	0	0	0	0	0	0	0	0	0	0	0	0	0	0	0	0	0	0	0	0	0	0	0	0	0	0	0	0	0	0	0	0	0	0	0	0	0	0	0	0	0	0	0	0	0	0	0	0	0	0	0	0	0	0	0	0	0	0	0	0	0	0	0	0	0	0	0	0	0	0	0	0	0	0	0	0	0	0	0	0	0	0	0	0	0	0	0	0	0	0	0	0	0	0	0	0	0	0	0	0	0	0	0	0	0	0	0	0	0	0	0	0	0	0	0	0	0	0	0	0	0	0	0	0	0	0	0	0	0	0	0	0	0	0	0	0	0	0	0	0	0	0	0	0	0	0	0	0	0	0	0	0	0	0	0	0	0	0	0	0	0	0	0	0	0	0	0	0	0	0	0	0	0	0	0	0	0	0	0	0	0	0	0	0	0	0	0	0	0	0	0	0	0	0	0	0	0	0	0	0	0	0	0	0	0	0	0	0	0	0	0	0	0	0	0	0	0	0	0	0	0	0	0	0	0	0	0	0	0	0	0	0	0	0	0	0	0	0	0	0	0	0
medicago_truncatula_CAS	0	0	1.486768e-05	0	0	0	0	0	0	0	0	0	7.04014666666667e-06	4.612014e-05	0	0	0.000144172686666667	0	0	0	0	0.00033294284	0	0.00031329938	0	0.000411722066666667	0	0	0	0	0.000246649106666667	0	0	0.0001245266	0.186091385466667	0	0	0	0	0	0	0	0	0	0	0.0121824795333333	0.00118368014666667	0	0.0922100866666667	0	0.000907865433333333	0	0	0.0032697308	0	0	0	0.0124071292666667	0	0.00294541754	0	0	0	0	0	0.000133807986666667	0	0	0	1.063052e-05	0	0	0	0	0	0.00569503970666667	0	0	0	0	0	0	0.00213251181333333	0	0	0.0030651816	0	0.00105124571333333	0	0.000541084713333333	0	0.00160278103333333	0	0.00249871212	0	0	0	0	7.54148e-06	0	0	0	0	0	0	0	0	0	0	0.00946361594	0	0	0	0	0	0	0	0	0	0.0110195892	0.0069368238	0	6.92875333333333e-05	0	0.000566539386666667	0	0	0	5.73783466666667e-05	0	0	2.334346e-05	0	0	0	0	5.31526133333333e-06	0.000166784954666667	0	0	0	0	0.000123153793333333	0	0	0	0	0.0135955482666667	0.0395372786666667	0.0013531988	0.167770616666667	0	0.00121189560666667	0	0	0.0237909286733333	0	0	0	0	7.97289333333333e-06	6.13728066666667e-05	0	0	0	0	0	0	0	0	0.00455554154	0.000515354393333333	0.0159811564666667	0	0	0.00111377566	0.344084993333333	0.0101006627333333	0	0	0	0	0	0.0003459246	0	0	0	0	0	0	0.00011381542	3.19450866666667e-05	5.1147792e-05	1.87740533333333e-05	0	0	0.00267532175333333	0.00028350728	0	0	0.0110767501933333	0	0.0001163632	0	0	0	0	0	0	0	0	0	0	0	0	0	0	0	0	0	0	0	0	0	0	0	0	0	0	0	0.00102304352666667	0	0	0	0	0	0	0	0	0	0	0	0	0	0	0	0	0	0	0	0	0	0	0	0	0	0	0	0	0	0	0	0	0	0	0	0	0	0	0	0	0	0	0	0	0	0	0	0	0	0	0	0	0	0	0	0	0	0	0	0	0	0	0.00170407216666667	0	0	0	0	0	0	0	0	0	0	0	0	0	0	0	0	0	0	0	0	0	0	0	0	0	0	0	0	0	0	0	0	0	0	0	2.38017053333333e-05	0	2.816108e-05	1.486768e-05	0.00024862872	0	0.000345218512	7.97289333333333e-06	0	0	1.01040733333333e-05	4.41372933333333e-05	0.000133374666666667	1.32881533333333e-05	0	0	0	0	0	0	0	0	0	0	0	0	0	0	0	0	0	0	0	0	0	0	0	0	0	0	0	0	0	0	0	0	0	0	0	0	0	0	0	0	0	0	0	0	0	0	0	0	0	0	0	0	0	0	0	0	0	0	0	0	0	0	0	0	0	0	0	0	0	0	0	0	0	0	0	0	0	0	0	0	0	0	0	0	0	0	0	0	0	0	0	0	0	0	0	0	0	0	0	0	0	0	0	0	0	0	0	0	0	0	0	0	0	0	0	0	0	0	0	0	0	0	0	0	0	0	0	0	0	0	0	0	0	0	0	0	0	0	0	0	0	0	0	0	0	0	0	0	0	0	0	0	0	0	0	0	0	0	0	0	0	0	0	0	0	0	0	0	0	0	0	0	0	0	0	0	0	0	0	0	0	0	0	0	0	0	0	0	0	0	0	0	0	0	0	0	0	0	0	0
Microsorum punctatum_rainforest	0	0.0002786447	0	0	0	0	0	5.572893e-05	0.001003121	0	0	0	0.001003121	0	0	0	0.0006130183	0	0	0	0	0.0005015604	5.572893e-05	0.003789568	0.0006687472	0.0001114579	0	0.0005572893	0	0	0	0.0002786447	0	0.001170308	0.161000892	0.0003901025	0.0001671868	0	0	0	0	0	0	0	0	0.007802051	0.0075791351	0.0005572893	0.009028087	0.0002229157	0.07161168	0	0.0003343736	0.0001671868	0	0.0007802051	0	0.00468123	0	0.008303611	0	0	0	0	0.0002229157	5.572893e-05	0	0	0.0002229157	0.0005572893	0	0	0	0	0.0001671868	0.002229157	5.572893e-05	0.0003343736	0	0	0	0	0.000835934	5.572893e-05	0.003733839	0.00523852	0	0.01788899	0	0.003288007	5.572893e-05	0.003510923	0	0.006018725	5.572893e-05	0	0.001114579	0	0	0	0.0001671868	0	0	0	0	0.0005572893	0	0	0.0002786447	0	5.572893e-05	0	0.0003343736	0	0	5.572893e-05	0	5.572893e-05	5.572893e-05	0.01582702	0.01471244	0.000891663	0.005071333	0	0.001281765	0.0002229157	0	0.0001114579	0.001504681	0	5.572893e-05	0.0001671868	0	0	0	0	0.0003343736	0.0004458315	0	0	0	0	0.001783326	0.001783326	0.0004458315	0	0	0.02340615	0.01638431	0.02429782	0.07729603	0	0	0.002061971	0.0002786447	0.0412394115	0.0006687472	0.0001671868	0	0.0003901025	0	0	0.0006687472	0	0	0.003566652	0	0	0	0.0009473919	0.00941819	0.00261926	0.008247882	0.0002229157	0	0.003343736	0.2805952	0.04697949	0	0	0	0	5.572893e-05	0.0001114579	0	0	0	0	0	0	0.0001114579	0.0007244761	0	0.000835934	0	0	0	5.572893e-05	0	0	0.030650914	0	0.0002786447	0	5.572893e-05	0	0.0001114579	0	0	0	0	0	0	0	0	0	0	0	0.0002786447	0	0	5.572893e-05	0	0	0	0	0	0	0	0	0.01120152	0	0	0.0001671868	0	0	0	0	0	0.0001671868	0	0	0	0	0.0002229157	0	0	0	0	0	0	0.0375613018	0	0	0	0	0	0	0	0	0	0	0	0	0	0	0	0	0	0	0	0	0	0	0	0	0	0	0	0	0	0	0	0	0	0	0	0	0	0	0	0	0	0	0	0	0	0	0	0	0	0	0	0	0	0	0	0	0	0	0	0	0	0	0	0	0	0	0	0	0	0	0	0	0	0	0	0	0	0	0	0	0	0	0	0	0	0	0	0	0	0	0	0	0	0	0	0	0	0	0	0	0	0	0	0	0	0	0	0	0	0	0	0	0	0	0	0	0	0	0	0	0	0	0	0	0	0	0	0	0	0	0	0	0	0	0	0	0	0	0	0	0	0	0	0	0	0	0	0	0	0	0	0	0	0	0	0	0	0	0	0	0	0	0	0	0	0	0	0	0	0	0	0	0	0	0	0	0	0	0	0	0	0	0	0	0	0	0	0	0	0	0	0	0	0	0	0	0	0	0	0	0	0	0	0	0	0	0	0	0	0	0	0	0	0	0	0	0	0	0	0	0	0	0	0	0	0	0	0	0	0	0	0	0	0	0	0	0	0	0	0	0	0	0	0	0	0	0	0	0	0	0	0	0	0	0	0	0	0	0	0	0	0	0	0	0	0	0	0	0	0	0	0	0	0	0	0	0	0	0	0	0	0	0	0	0	0	0	0	0	0	0
Monotoca sp._ancient	0	0.0004793688	0	0	0	0	0	0	0.000547243633333333	0	0	0	0.00819644533333333	0	0	0	0.000863861166666667	0	0	0	0.000180006966666667	0.0007066705	0.000687178766666667	0.00552041366666667	0.000187229733333333	0	0	0.000200587066666667	0	0	0	0	0	0.000484355533333333	0.410472236	0.00235607926666667	0.0001285269	0	0	0	0	0	0	0	0	0.0648356366666667	0.0050724697	0	0.004345219	0.0004793688	0.009055666	0	0	0	0	0.00164562933333333	0	0.003255827	0	0.000576995733333333	0	0.000180006966666667	0	0.000372223366666667	0.00239439106666667	0	0	0	0.000231487	0.000540020866666667	0	5.14800666666667e-05	0	0	0.0005007503	0.142314464466667	3.39374333333333e-05	4.72947333333333e-05	0	0	0	0	3.39374333333333e-05	4.72947333333333e-05	4.72947333333333e-05	0.009292079	0	0.018914919	0	0.003228024	0.000423703433333333	0	0	0.004968757	0	0	0.000975933866666667	0	0	0	0.0001285269	0	0	0	0	0.0002478818	0	0.000716643933333333	0	0	0	0	0	5.14800666666667e-05	0	0	0	0	0	0.005781198	0.0171702066666667	0.002030409	0.0013081447	0	0.000921416266666667	0	0	0	0.00115594083333333	0	0	0	0	4.72947333333333e-05	0	0	0.000149107	0.000819604033333333	6.78748333333333e-05	0	0	0	0.0012493824	0.000166649633333333	0.000115169566666667	0	0	0.003994031	0.00516183433333333	0.00368121376666667	0.0823039866666667	0	0	0.000180006966666667	0.000664362433333333	0.0392555439	8.12321666666667e-05	0	0	0.00167761766666667	0	0	0.000835998833333333	0	0	0.001816464	9.87748e-05	0	3.39374333333333e-05	0.0015838296	0.00900939066666667	0.0001285269	0.0131650586666667	9.45894666666667e-05	0	0.000424049866666667	0.03692669	0.0012081136	0	9.45894666666667e-05	0	0	0.00170209606666667	6.78748333333333e-05	0	0	0	0	0	0	0.000180006966666667	0.000115169566666667	0	0.000189178966666667	0	0	0	0	0	8.12321666666667e-05	0.0152462405666667	0	0.0002017349	0	0	8.12321666666667e-05	0	0	0	0	0	0	0	0	0	0	0	0	8.12321666666667e-05	0	0	0	0	0	0	0	0	0	0	0	0.0183892766666667	0	3.39374333333333e-05	5.14800666666667e-05	4.72947333333333e-05	0	0	0	0	0	0	0	0	0	0	4.72947333333333e-05	0	0	0	0	0	0.0240629486333333	0	0	0	0	0	0	0	0	0	0	0	0	0	0	0	0	0	0	0	0	0	0	0	0	0	0	0	0	0	0	0	0	0	0	0	0	0	0	0	0	0	0	0	0	0	0	0	0	0	0	0	0	0	0	0	0	0	0	0	0	0	0	0	0	0	0	0	0	0	0	0	0	0	0	0	0	0	0	0	0	0	0	0	0	0	0	0	0	0	0	0	0	0	0	0	0	0	0	0	0	0	0	0	0	0	0	0	0	0	0	0	0	0	0	0	0	0	0	0	0	0	0	0	0	0	0	0	0	0	0	0	0	0	0	0	0	0	0	0	0	0	0	0	0	0	0	0	0	0	0	0	0	0	0	0	0	0	0	0	0	0	0	0	0	0	0	0	0	0	0	0	0	0	0	0	0	0	0	0	0	0	0	0	0	0	0	0	0	0	0	0	0	0	0	0	0	0	0	0	0	0	0	0	0	0	0	0	0	0	0	0	0	0	0	0	0	0	0	0	0	0	0	0	0	0	0	0	0	0	0	0	0	0	0	0	0	0	0	0	0	0	0	0	0	0	0	0	0	0	0	0	0	0	0	0	0	0	0	0	0	0	0	0	0	0	0	0	0	0	0	0	0	0	0	0	0	0	0	0	0	0	0	0	0	0	0	0	0	0	0	0
Monotoca sp._ancientwoodland	0	0.0002085941	0	0	0	0	0	0	0.003337505	0	0	0	0.01501877	0	0	0	0.0008343763	0	0	0	0.0006257822	0.0002085941	0.0004171882	0.005006258	0.0002085941	0	0	0.0006257822	0	0	0	0	0	0.001460159	0.202544848	0.005006258	0	0	0	0	0	0	0	0	0	0.03212349	0.0070921986	0	0.004380476	0	0.03796412	0	0	0	0	0.001668753	0	0.003337505	0	0.001877347	0	0	0	0	0.0004171882	0	0	0	0.001251564	0.001668753	0	0	0	0	0.001251564	0.1848144	0	0	0	0	0	0	0	0.0008343763	0.0008343763	0.01501877	0	0.03024614	0	0.006257822	0.0002085941	0	0	0.007509387	0	0	0.003754693	0	0	0	0.0002085941	0	0.0002085941	0	0	0.0006257822	0	0.0006257822	0	0	0	0	0	0	0	0	0	0	0	0.01376721	0.01939925	0.002085941	0.003128911	0	0.002503129	0	0	0	0.001668753	0	0	0	0	0	0	0	0	0.0002085941	0	0	0	0	0.003546099	0	0	0	0	0.01105549	0.01147267	0.002711723	0.1015853	0	0	0.0006257822	0.00104297	0.0506883605	0	0	0	0.002503129	0	0	0.001251564	0	0	0.001251564	0.0006257822	0	0	0.002294535	0.01376721	0	0.01355861	0.00104297	0	0.00104297	0.077597	0.00563204	0	0	0	0	0.002920317	0	0	0	0	0	0	0	0	0	0	0.0002085941	0	0	0	0	0	0.0004171882	0.0196078431	0	0.0002085941	0	0	0.0002085941	0	0	0	0	0	0	0	0	0	0	0	0	0.0002085941	0	0	0	0	0	0	0	0	0	0	0	0.01355861	0	0	0.0002085941	0	0	0	0	0	0	0	0	0	0	0	0	0	0	0	0	0	0.0367125574	0	0	0	0	0	0	0	0	0	0	0	0	0	0	0	0	0	0	0	0	0	0	0	0	0	0	0	0	0	0	0	0	0	0	0	0	0	0	0	0	0	0	0	0	0	0	0	0	0	0	0	0	0	0	0	0	0	0	0	0	0	0	0	0	0	0	0	0	0	0	0	0	0	0	0	0	0	0	0	0	0	0	0	0	0	0	0	0	0	0	0	0	0	0	0	0	0	0	0	0	0	0	0	0	0	0	0	0	0	0	0	0	0	0	0	0	0	0	0	0	0	0	0	0	0	0	0	0	0	0	0	0	0	0	0	0	0	0	0	0	0	0	0	0	0	0	0	0	0	0	0	0	0	0	0	0	0	0	0	0	0	0	0	0	0	0	0	0	0	0	0	0	0	0	0	0	0	0	0	0	0	0	0	0	0	0	0	0	0	0	0	0	0	0	0	0	0	0	0	0	0	0	0	0	0	0	0	0	0	0	0	0	0	0	0	0	0	0	0	0	0	0	0	0	0	0	0	0	0	0	0	0	0	0	0	0	0	0	0	0	0	0	0	0	0	0	0	0	0	0	0	0	0	0	0	0	0	0	0	0	0	0	0	0	0	0	0	0	0	0	0	0	0	0	0	0	0	0	0	0	0	0	0	0	0	0	0	0	0	0	0
Monotoca sp._blackbutt	0	5.75804666666667e-05	0	0	0	0	0	0	0.0011601547	0	0	0	0.0129803646666667	0	0	0	0.0004226688	0	0	0	0.0026506824	0.0008726836	0.00335038573333333	0.00526075366666667	0.000211877633333333	0	0	0.000288483	0	0	0	0	0	0.000846423866666667	0.273404157666667	0.00549412833333333	0.0002499274	0	0	0	0	0	0	0	0	0.0764183966666667	0.0111126934666667	0	0.007440237	0.000109012866666667	0.0377605466666667	0	0	0	0	0.0008967699	0	0.003154288	0	0.0012383524	0	0.0002241738	0	0.000115160933333333	0.000128037733333333	0.000115160933333333	0	0	0.00180699733333333	0.00260084226666667	0	0	0	0	0.0004679531	0.005755786	0.000121889666666667	0	0	0	0	0	0	0.000128037733333333	0.000454495733333333	0.0122350836666667	0	0.012890065	0	0.00380844	0.000921868066666667	0	0	0.0106442343333333	0	0	0.00192888733333333	0	0	0	0.000115160933333333	0	7.04572666666667e-05	0	0	0.000589337	5.75804666666667e-05	0.000551793033333333	0	0	0	0	0	0	0	0	0	0	5.75804666666667e-05	0.00541774733333333	0.0283424766666667	0.00291181933333333	0.00155699506666667	0	0.00106951123333333	0	0	0	0.00160227973333333	0	0	0	0	0	0	0	0.000243198666666667	0.000230902533333333	0.000109012866666667	0	0	0	0.001712454	0.000160445266666667	5.75804666666667e-05	0	0	0.00985552333333333	0.005191607	0.0184130823333333	0.14290038	0	0	0.000160445266666667	0.000564163966666667	0.0758854214666667	0	0	0	0.0011924878	0	0	0.0007687323	0	0	0.004758669	0.0002499274	0	0	0.003053165	0.007676262	0.001404871	0.0133552366666667	0.000608867633333333	0	0.000711226733333333	0.0589337733333333	0.0105409803333333	0	0.000115160933333333	0	0	0.002404	0	0	0	0	0	0	0	7.04572666666667e-05	0.0001727414	0	0.000115160933333333	0	0	0	0	0	0.000513237433333333	0.0367973014333333	0	0.000390767133333333	0	0	0	0	0	5.14324e-05	0	0	0	0	0	0	0	0	0	0.000160445266666667	0	0	0	0	0	0	0	0	0	0	0	0.0317193533333333	5.75804666666667e-05	0.000268952266666667	0.000218025733333333	0	0	0	0	0	0	0	0	0	0	0.000198495	0	0	0	0	0	0	0.0258804619666667	5.75804666666667e-05	0	0	0	0	0	0	0	0	0	0	0	0	0	0	0	0	0	0	0	0	0	0	0	0	0	0	0	0	0	0	0	0	0	0	0	0	0	0	0	0	0	0	0	0	0	0	0	0	0	0	0	0	0	0	0	0	0	0	0	0	0	0	0	0	0	0	0	0	0	0	0	0	0	0	0	0	0	0	0	0	0	0	0	0	0	0	0	0	0	0	0	0	0	0	0	0	0	0	0	0	0	0	0	0	0	0	0	0	0	0	0	0	0	0	0	0	0	0	0	0	0	0	0	0	0	0	0	0	0	0	0	0	0	0	0	0	0	0	0	0	0	0	0	0	0	0	0	0	0	0	0	0	0	0	0	0	0	0	0	0	0	0	0	0	0	0	0	0	0	0	0	0	0	0	0	0	0	0	0	0	0	0	0	0	0	0	0	0	0	0	0	0	0	0	0	0	0	0	0	0	0	0	0	0	0	0	0	0	0	0	0	0	0	0	0	0	0	0	0	0	0	0	0	0	0	0	0	0	0	0	0	0	0	0	0	0	0	0	0	0	0	0	0	0	0	0	0	0	0	0	0	0	0	0	0	0	0	0	0	0	0	0	0	0	0	0	0	0	0	0	0	0	0	0	0	0	0	0	0	0	0	0	0	0	0	0	0	0	0	0
Monotoca sp._freshwaterRd	0	9.9546085e-05	0	0	0	0	0	0	0.00018810435	0	8.855825e-05	0	0.00154813035	0	0	0	0.0001438252	0	0	0	0	0.0008183443	0	0.027183295	0.00046443905	0.0001328374	0	0.00035390515	0	0	0	0.00042048785	0	0.00045345125	0.279438313	0.00028765045	0.0001105339	4.4279135e-05	0	0	0	0	0	0	0	0.00390689595	0.0032746885	4.4279135e-05	0.008405495	4.4279135e-05	0.02829552	0	0.00030995395	8.855825e-05	0	0.0020342168	0	0.0051117805	0	0.004879725	0	0	0	0.000210079935	8.855825e-05	0.0001658008	0	0	0.000596948635	0.0010727031	0	0	0	0	0.0001328374	0.0061828445	4.4279135e-05	0.00040950005	0	0	0	0	9.9546085e-05	0	0.00126146365	0.003762087	0	0.01882011	0	0.002621817	0.0003871965	0.012495406	0	0.0040154625	4.4279135e-05	0	0.002013553	0	0	0	0	0	0	4.4279135e-05	0	0.00194795425	0	0	8.855825e-05	4.4279135e-05	0	0	5.526695e-05	0	0	4.4279135e-05	0	0	0	0.020326255	0.024008475	0.0002986382	0.0056870815	0	0.001847424	0.000762749135	0	0.0002986382	0.002012897	0	4.4279135e-05	0	0	0	0	0	0.00064122775	0.0045541924	0.0001105339	0	0	0	0.00175821	0.001658992	0.0002656748	0	0	0.01766623	0.026268355	0.0180639215	0.08123419	0	0	0.0018477525	0.00075241725	0.0476774847	0.00071912605	0	0	0.00055332525	0	0.00033160165	0.00064122775	0	0	0.015853575	0	0	0	0.00045377915	0.0094491695	0.0015820775	0.008472076	0	0	0.0072765395	0.17330675	0.03536788	0	0	0	0	0.00018810435	4.4279135e-05	0	0	4.4279135e-05	0	0	0	4.4279135e-05	0.0005420095	0	0.00071879815	0	0	0	0	0	0	0.01693677185	0	0.0001105339	0	0.0001328374	0	0.0001105339	0	4.4279135e-05	0	0	0	0	0	0	0	0	0	0.0009618414	0	0	0.0001438252	0	0	0	0	0	0	0	0	0.0071363215	0	0	0.00034291735	4.4279135e-05	0	0	0	0	9.9546085e-05	0	0	0	0	4.4279135e-05	0	8.855825e-05	4.4279135e-05	0	0	0	0.03556451525	0	0	0	0	0	0	0	0	0	0	0	0	0	0	0	0	0	0	0	0	0	0	0	0	0	0	0	0	0	0	0	0	0	0	0	0	0	0	0	0	0	0	0	0	0	0	0	0	0	0	0	0	0	0	0	0	0	0	0	0	0	0	0	0	0	0	0	0	0	0	0	0	0	0	0	0	0	0	0	0	0	0	0	0	0	0	0	0	0	0	0	0	0	0	0	0	0	0	0	0	0	0	0	0	0	0	0	0	0	0	0	0	0	0	0	0	0	0	0	0	0	0	0	0	0	0	0	0	0	0	0	0	0	0	0	0	0	0	0	0	0	0	0	0	0	0	0	0	0	0	0	0	0	0	0	0	0	0	0	0	0	0	0	0	0	0	0	0	0	0	0	0	0	0	0	0	0	0	0	0	0	0	0	0	0	0	0	0	0	0	0	0	0	0	0	0	0	0	0	0	0	0	0	0	0	0	0	0	0	0	0	0	0	0	0	0	0	0	0	0	0	0	0	0	0	0	0	0	0	0	0	0	0	0	0	0	0	0	0	0	0	0	0	0	0	0	0	0	0	0	0	0	0	0	0	0	0	0	0	0	0	0	0	0	0	0	0	0	0	0	0	0	0	0	0	0	0	0	0	0	0	0	0	0	0	0	0	0	0	0	0
Monotoca sp._yellowsand	0	0.0002345972	0	0	0	0	0	0	0.0003040253	6.080505e-05	6.080505e-05	0	0.00135540095	0	0	0	0.0003040253	0	0	0	6.080505e-05	0.00047781745	0	0.005386225	0.00047781745	6.080505e-05	0	0.0002345972	0	0	0	0.0003475843	0	0.0005472455	0.14367538	0.0004170124	0.00035620735	0	0	0	0	0	0	0	0	0.0028147225	0.01098206575	0.00088620685	0.004639318	0.0001216101	0.066613875	0	0.0004691944	0.00017379215	0	0.0009470119	0	0.0072630025	0	0.01550751	0	0	0	6.080505e-05	0	0	0	0	6.080505e-05	0.0013467783	0	0	0	0	0.0001824152	0.00485578165	0.0003475843	6.080505e-05	0	0	0	0.0001824152	0.0005299995	6.080505e-05	0.00088620685	0.0052042535	0	0.037714865	0	0.005152072	0.0006516096	0.013248655	0	0.00800173	0	0	0.0025020745	0	0	0	0	0	0	6.080505e-05	0	0.00413607545	0	6.080505e-05	0.00029540225	6.080505e-05	6.080505e-05	0	0.0001824152	0	6.080505e-05	0.0002345972	0	0.0001824152	0	0.02462186	0.02634121	0.00035620735	0.008323443	0	0.002363218	0.0005386225	0	0.00058218155	0.0019720745	0.0002345972	0.0001216101	0.00035620735	0	0	0	6.080505e-05	0.00088620685	0.0006080505	0	0	0	0.00017379215	0.003023451	0.0018418415	0.0007037917	0	0	0.01628073	0.032024165	0.0055164585	0.06942042	0	0	0.0024762055	0.0012945959	0.0565425546	0.001068622	0.00017379215	0	0.000790466	0	0.0001824152	0.0008775837	0	0	0.0135277	0.0001216101	0	0	0.0006516096	0.01410081	0.00078184265	0.0101825345	0.0002345972	0	0.006307368	0.24071915	0.0093476195	0	0	0	0	0.0006429866	0.0001216101	0	0	0	0	0	0	0.00035620735	0.0012945959	0	0.00059942755	0	0	0	6.080505e-05	0	0	0.01360619395	0	0.00040838935	0	0.0004691944	0	0.00017379215	0	0	0	0	0	0	0	0	0	0	0	0.0008167786	0	0	6.080505e-05	0	0	0	0	0	0	0	0	0.01880094	0	0	0.0007037917	6.080505e-05	0	0	0	0	0.00017379215	0	0	0	0	0	6.080505e-05	0	0	0	0	0	0.0546929776	0	0	0	0	0	0	0	0	0	0	0	0	0	0	0	0	0	0	0	0	0	0	0	0	0	0	0	0	0	0	0	0	0	0	0	0	0	0	0	0	0	0	0	0	0	0	0	0	0	0	0	0	0	0	0	0	0	0	0	0	0	0	0	0	0	0	0	0	0	0	0	0	0	0	0	0	0	0	0	0	0	0	0	0	0	0	0	0	0	0	0	0	0	0	0	0	0	0	0	0	0	0	0	0	0	0	0	0	0	0	0	0	0	0	0	0	0	0	0	0	0	0	0	0	0	0	0	0	0	0	0	0	0	0	0	0	0	0	0	0	0	0	0	0	0	0	0	0	0	0	0	0	0	0	0	0	0	0	0	0	0	0	0	0	0	0	0	0	0	0	0	0	0	0	0	0	0	0	0	0	0	0	0	0	0	0	0	0	0	0	0	0	0	0	0	0	0	0	0	0	0	0	0	0	0	0	0	0	0	0	0	0	0	0	0	0	0	0	0	0	0	0	0	0	0	0	0	0	0	0	0	0	0	0	0	0	0	0	0	0	0	0	0	0	0	0	0	0	0	0	0	0	0	0	0	0	0	0	0	0	0	0	0	0	0	0	0	0	0	0	0	0	0	0	0	0	0	0	0	0	0	0	0	0	0	0	0	0	0	0	0
Pinus elliottii_freshwaterRd	0	0	0	0	0	0	0	0	0.0002683843	0	0	0	0.003757381	0	0	0	0.000805153	0	0	0	0.000805153	0.0002683843	0	0.00187869	0	0	0	0	0	0	0	0	0	0.001341922	0.079441761	0.002415459	0	0	0	0	0	0	0	0	0	0.03166935	0.0045625335	0	0.003488996	0.0005367687	0.007246377	0	0	0	0	0.0002683843	0	0.000805153	0	0.0002683843	0	0	0	0	0	0	0	0	0	0.001073537	0	0	0	0	0	0.4683306	0	0	0	0	0	0	0.0002683843	0.0002683843	0	0.005636071	0	0.00805153	0	0.001341922	0	0	0	0.003757381	0	0	0.001073537	0	0	0	0	0	0	0	0	0.0005367687	0	0.0005367687	0	0	0	0	0	0	0	0	0	0	0	0.00187869	0.01449275	0.001610306	0.0005367687	0	0.0002683843	0	0	0	0.0002683843	0	0	0	0	0	0	0	0	0.0002683843	0.0002683843	0	0	0	0.0002683843	0.0005367687	0.0002683843	0	0	0.002683843	0.000805153	0.0002683843	0.2549651	0	0	0.0002683843	0.0002683843	0.0150295223	0	0	0	0.0002683843	0	0	0.0005367687	0	0	0.001341922	0	0	0	0.000805153	0.003757381	0	0.007246377	0.0002683843	0	0	0.02281267	0.004294149	0	0	0	0	0.0005367687	0	0	0	0	0	0	0	0.0002683843	0	0	0	0	0	0	0	0	0	0.0085882984	0	0	0	0	0	0	0	0	0	0	0	0	0	0	0	0	0	0	0	0	0	0	0	0	0	0	0	0	0	0.01234568	0	0.0005367687	0	0	0	0	0	0	0	0	0	0	0	0	0.0002683843	0	0	0	0	0	0.0104669887	0	0	0	0	0	0	0	0	0	0	0	0	0	0	0	0	0	0	0	0	0	0	0	0	0	0	0	0	0	0	0	0	0	0	0	0	0	0	0	0	0	0	0	0	0	0	0	0	0	0	0	0	0	0	0	0	0	0	0	0	0	0	0	0	0	0	0	0	0	0	0	0	0	0	0	0	0	0	0	0	0	0	0	0	0	0	0	0	0	0	0	0	0	0	0	0	0	0	0	0	0	0	0	0	0	0	0	0	0	0	0	0	0	0	0	0	0	0	0	0	0	0	0	0	0	0	0	0	0	0	0	0	0	0	0	0	0	0	0	0	0	0	0	0	0	0	0	0	0	0	0	0	0	0	0	0	0	0	0	0	0	0	0	0	0	0	0	0	0	0	0	0	0	0	0	0	0	0	0	0	0	0	0	0	0	0	0	0	0	0	0	0	0	0	0	0	0	0	0	0	0	0	0	0	0	0	0	0	0	0	0	0	0	0	0	0	0	0	0	0	0	0	0	0	0	0	0	0	0	0	0	0	0	0	0	0	0	0	0	0	0	0	0	0	0	0	0	0	0	0	0	0	0	0	0	0	0	0	0	0	0	0	0	0	0	0	0	0	0	0	0	0	0	0	0	0	0	0	0	0	0	0	0	0	0	0	0	0	0	0	0
Piper caninum_blackbutt	0	0	0	0	0	0	0	0	0.0004706747	0	0	0	0.003755765	0	0	0	0.0007108284	0	0	0	0	0.000230521	0	0.0042264395	0.000950982	0	0	0	0	0	0	0.0002401537	0	0.0002401537	0.261467256	0.0023533735	0.000230521	0	0	0	0	0	0	0	0	0.009058412	0.00494690045	0.000691563	0.008443246	0.00118150295	0.080963675	0	0	0	0	0.0002401537	0	0.002833681	0	0.00328509	0	0	0	0	0	0	0	0	0	0.00142165695	0	0	0	0	0.000230521	0.000960615	0.0004706747	0	0	0	0	0	0	0	0.001642545	0.002804783	0	0.01480217	0	0.0094231285	0	0.0014312895	0	0.051552	0	0	0.0007108284	0	0	0	0.0004803074	0	0	0	0	0.000230521	0	0	0	0	0	0	0	0	0	0	0	0	0	0.01058536	0.018778825	0.001412024	0.004428062	0	0.001652178	0.00046104195	0	0.000230521	0.005926781	0	0	0	0	0	0	0	0.00070119565	0.000230521	0	0	0	0	0.00142165695	0	0.0004706747	0	0	0.015925875	0.01887515	0.0099419645	0.02885498	0	0	0	0.0007108284	0.04748931435	0	0	0	0.00142165695	0	0.0002401537	0.0039959185	0	0	0.0033043555	0	0	0	0.00118150295	0.008942819	0.001671443	0.013620665	0.00094134935	0	0.0093075335	0.23958435	0.0126215215	0	0	0	0	0.0014023914	0.0002401537	0	0	0	0	0	0	0	0.0011622377	0	0.000230521	0	0	0	0	0	0	0.01287130815	0	0	0	0	0	0	0	0.000230521	0	0	0	0	0	0	0	0	0	0.0002401537	0	0	0	0	0	0	0	0	0	0	0	0.011459283	0	0	0.0007108284	0	0	0	0	0	0	0	0	0	0	0	0	0	0	0	0	0	0.03384041305	0	0	0	0	0	0	0	0	0	0	0	0	0	0	0	0	0	0	0	0	0	0	0	0	0	0	0	0	0	0	0	0	0	0	0	0	0	0	0	0	0	0	0	0	0	0	0	0	0	0	0	0	0	0	0	0	0	0	0	0	0	0	0	0	0	0	0	0	0	0	0	0	0	0	0	0	0	0	0	0	0	0	0	0	0	0	0	0	0	0	0	0	0	0	0	0	0	0	0	0	0	0	0	0	0	0	0	0	0	0	0	0	0	0	0	0	0	0	0	0	0	0	0	0	0	0	0	0	0	0	0	0	0	0	0	0	0	0	0	0	0	0	0	0	0	0	0	0	0	0	0	0	0	0	0	0	0	0	0	0	0	0	0	0	0	0	0	0	0	0	0	0	0	0	0	0	0	0	0	0	0	0	0	0	0	0	0	0	0	0	0	0	0	0	0	0	0	0	0	0	0	0	0	0	0	0	0	0	0	0	0	0	0	0	0	0	0	0	0	0	0	0	0	0	0	0	0	0	0	0	0	0	0	0	0	0	0	0	0	0	0	0	0	0	0	0	0	0	0	0	0	0	0	0	0	0	0	0	0	0	0	0	0	0	0	0	0	0	0	0	0	0	0	0	0	0	0	0	0	0	0	0	0	0	0	0	0	0	0	0	0
Piper caninum_freshwaterRd	0	0	0	0	0	0	0	0	0.0007210845	0	0	0	0.0073444465	0	0	0	0.00018875045	0	0	0	0.0002884338	0	0.00264043795	0.003772941	0.00052171785	0	0	0.0001442169	0	0	0	0	0	0.0005768675	0.27791773	0.003872624	0.0001442169	0	0	0	0	0	0	0	0	0.0625474	0.00717044915	0.0013212535	0.007878847	0.00090983495	0.05139348	0	0	0	0	0.00047718425	0	0.0026192055	0	0.0017984378	0	0.0002884338	0	0.00033296735	0	0.0001442169	0	0	0.0018748195	0.00037750095	0	0	0	0	0.0001442169	0.012464005	0.00018875045	0	0	0	0	0	0	0.00033296735	0	0.006169478	0	0.015382265	0	0.0051281115	0.00052171785	0.00018875045	0	0.0098893385	0	0	0.001287336	0	0	0	0.0001442169	0	0	0	0	0.00018875045	0	0.00076561795	0	0	0.00018875045	0	0	0	0	0	0	0	0	0.006449365	0.03301244	0.0018642035	0.0017645205	0	0.00066593475	0	0	0	0.0024749885	0	0	0	0	0	0	0	0.00037750095	0.00081015165	0	0	0	0	0.002286238	0	0	0	0	0.013530749	0.010145924	0.017736335	0.11662668	0	0	0.0005768675	0.00047718425	0.043306991	0	0	0	0.003130307	0	0.00018875045	0.002330772	0	0	0.0025640555	0.0001442169	0	0	0.0014760865	0.0072701325	0.0002884338	0.008646537	0	0	0.0016096873	0.144379915	0.0088225995	0	0	0	0	0.00206356995	0	0	0	0	0	0	0	0	0.00018875045	0	0.00033296735	0	0	0	0	0	0.0001442169	0.01293912525	0	0	0	0.00052171785	0.0001442169	0	0	0	0	0	0	0	0	0	0	0	0	0	0	0	0	0	0	0	0	0	0	0	0	0.0273926625	0	0	0.00033296735	0	0	0	0	0	0	0	0	0	0	0	0	0	0	0	0	0	0.03273048595	0	0	0	0	0	0	0	0	0	0	0	0	0	0	0	0	0	0	0	0	0	0	0	0	0	0	0	0	0	0	0	0	0	0	0	0	0	0	0	0	0	0	0	0	0	0	0	0	0	0	0	0	0	0	0	0	0	0	0	0	0	0	0	0	0	0	0	0	0	0	0	0	0	0	0	0	0	0	0	0	0	0	0	0	0	0	0	0	0	0	0	0	0	0	0	0	0	0	0	0	0	0	0	0	0	0	0	0	0	0	0	0	0	0	0	0	0	0	0	0	0	0	0	0	0	0	0	0	0	0	0	0	0	0	0	0	0	0	0	0	0	0	0	0	0	0	0	0	0	0	0	0	0	0	0	0	0	0	0	0	0	0	0	0	0	0	0	0	0	0	0	0	0	0	0	0	0	0	0	0	0	0	0	0	0	0	0	0	0	0	0	0	0	0	0	0	0	0	0	0	0	0	0	0	0	0	0	0	0	0	0	0	0	0	0	0	0	0	0	0	0	0	0	0	0	0	0	0	0	0	0	0	0	0	0	0	0	0	0	0	0	0	0	0	0	0	0	0	0	0	0	0	0	0	0	0	0	0	0	0	0	0	0	0	0	0	0	0	0	0	0	0	0	0	0	0	0	0	0	0	0	0	0	0	0	0	0	0	0	0	0
Piper caninum_rainforest	0	0	0	0	0	0	0	0	0.000146552366666667	0	0	0	0.006443136	0	0	0	0.000617746033333333	0	0	0	0.000515549366666667	0.0001799856	0.00219157516666667	0.00246329266666667	7.32761666666667e-05	0.000111222333333333	0	0.000201215133333333	0	0	0	0	0	0.000617746033333333	0.235029838	0.00338650466666667	0	0	0	0	0	0	0	0	0	0.0700505766666667	0.00811377186666667	0	0.004974277	0.000253261766666667	0.0153327433333333	0	0	0	0	0.000381200733333333	0	0.00136984033333333	0	0.000494319833333333	0	0	0	0.0001844985	0.001685352	0	0	0	0.001351227	0.000381200733333333	0	0.000111222333333333	0	0	0.000781014866666667	0.0133019633333333	0.000201215133333333	8.99928e-05	0	0.00175862833333333	0	0	0	0.0002744913	0.0025081068	0.00812335933333333	0	0.010961915	0	0.00153121266666667	0.0001799856	8.99928e-05	0	0.0119401976666667	0	0	0.00134933016666667	0	0	0	8.99928e-05	0	0	0	0	0.000534882133333333	0	0.0003644841	0	0	0	0	0.000222444666666667	0	0	0	0	0	0	0.00515559733333333	0.0363264233333333	0.00163474406666667	0.000586928766666667	0	0.00122139136666667	0.000201215133333333	0	0	0.000750197766666667	0	0	0	0	0	0	0	0.000111222333333333	0.0030403726	0.000523240166666667	0	0	0	0.0008800336	7.32761666666667e-05	0	0	0	0.00695417233333333	0.00399260833333333	0.00207685966666667	0.331761033333333	0	0	0.000359971333333333	0.000385713633333333	0.0436796951666667	0	0	0	0.000693638333333333	0	0	0.000385713633333333	0	0	0.0033007636	0	0	0	0.0016116177	0.00502893933333333	0.0002744913	0.00643718433333333	0.000291207933333333	0	0.000617746033333333	0.05374758	0.00984553066666667	0	0.000111222333333333	0	0	0.0006363594	0	0	0	0	0	0	0	0	7.32761666666667e-05	0	0.0001844985	0	0	0	0	0	0.0001844985	0.0110689259333333	0	0.000201215133333333	0	0	0	0	0	0	0	0	0	0	0	0	0	0	0	0.000163268966666667	0	0	0	0	0	0	0	0	0	0	0	0.03723457	0	0.000111222333333333	0	0	0	0	0	0	0	0	0	0	0	0	8.99928e-05	0	0	0	0	0	0.0169374943666667	8.99928e-05	0	0	0	0	0	0	0	0	0	0	0	0	0	0	0	0	0	0	0	0	0	0	0	0	0	0	0	0	0	0	0	0	0	0	0	0	0	0	0	0	0	0	0	0	0	0	0	0	0	0	0	0	0	0	0	0	0	0	0	0	0	0	0	0	0	0	0	0	0	0	0	0	0	0	0	0	0	0	0	0	0	0	0	0	0	0	0	0	0	0	0	0	0	0	0	0	0	0	0	0	0	0	0	0	0	0	0	0	0	0	0	0	0	0	0	0	0	0	0	0	0	0	0	0	0	0	0	0	0	0	0	0	0	0	0	0	0	0	0	0	0	0	0	0	0	0	0	0	0	0	0	0	0	0	0	0	0	0	0	0	0	0	0	0	0	0	0	0	0	0	0	0	0	0	0	0	0	0	0	0	0	0	0	0	0	0	0	0	0	0	0	0	0	0	0	0	0	0	0	0	0	0	0	0	0	0	0	0	0	0	0	0	0	0	0	0	0	0	0	0	0	0	0	0	0	0	0	0	0	0	0	0	0	0	0	0	0	0	0	0	0	0	0	0	0	0	0	0	0	0	0	0	0	0	0	0	0	0	0	0	0	0	0	0	0	0	0	0	0	0	0	0	0	0	0	0	0	0	0	0	0	0	0	0	0	0	0	0	0	0
Piper caninum_yellowsand	0	0.0002430429	0	0	0	0	0	0	0.000246178633333333	0	0	0	0.00446498153333333	0	0	0	0	0	0	0	0	0	0	0.00246926226666667	0.0004108733	0	0	0.000972694066666667	0	0	0	0	0	0	0.352931955	0.0004923573	0.0001246572	0	0	0	0	0	0	0	0	0.0481265036666667	0.0055076614	0.000512376033333333	0.008199948	0.0006201501	0.0410140566666667	0	0	0	0	0	0	0.00317575866666667	0	0.0020068531	0	0	0	0	0.000269333133333333	0	0	0	0	0.0004954931	0	0	0	0	0	0.00549909443333333	0.000856921733333333	0.0001246572	0	0	0	0	0	0.0001246572	0.0001246572	0.0021403952	0	0.0127006266666667	0	0.00309307066666667	0.000121521433333333	0.00270707856666667	0	0.005124487	0	0	0.001780171	0	0	0	0	0	0	0.000633897466666667	0	0.000390854566666667	0.0002430429	0	0	0	0.000121521433333333	0	0	0	0	0	0	0	0	0.00829481366666667	0.0232681733333333	0.0009032306	0.00237455333333333	0	0.00174954093333333	0.000414009066666667	0	0.0001246572	0.001904828	0	0	0	0	0	0	0	0.000498628666666667	0.000387718833333333	0	0	0	0	0.00112939026666667	0.000246178633333333	0.0006307616	0	0	0.0108563776666667	0.02131965	0.00956626866666667	0.06375672	0	0	0.000246178633333333	0.000246178633333333	0.0471219140666667	0.000144675933333333	0.0001246572	0	0.00124777626666667	0	0.0002493144	0.00150336193333333	0	0	0.00137556926666667	0	0	0	0.000607607333333333	0.006680225	0.000393990333333333	0.0117202526666667	0	0	0.00779791266666667	0.1998867	0.01388412	0	0	0	0	0.00134927866666667	0	0	0	0	0	0	0	0	0.0001246572	0	0	0	0	0	0	0	0	0.0126748589333333	0	0	0	0	0	0	0	0	0	0	0	0	0	0	0	0	0	0.000121521433333333	0	0	0	0	0	0	0	0	0	0	0	0.00650753233333333	0	0	0.000121521433333333	0	0	0	0	0	0	0	0	0	0	0	0	0	0	0	0	0	0.0303739067333333	0	0	0	0	0	0	0	0	0	0	0	0	0	0	0	0	0	0	0	0	0	0	0	0	0	0	0	0	0	0	0	0	0	0	0	0	0	0	0	0	0	0	0	0	0	0	0	0	0	0	0	0	0	0	0	0	0	0	0	0	0	0	0	0	0	0	0	0	0	0	0	0	0	0	0	0	0	0	0	0	0	0	0	0	0	0	0	0	0	0	0	0	0	0	0	0	0	0	0	0	0	0	0	0	0	0	0	0	0	0	0	0	0	0	0	0	0	0	0	0	0	0	0	0	0	0	0	0	0	0	0	0	0	0	0	0	0	0	0	0	0	0	0	0	0	0	0	0	0	0	0	0	0	0	0	0	0	0	0	0	0	0	0	0	0	0	0	0	0	0	0	0	0	0	0	0	0	0	0	0	0	0	0	0	0	0	0	0	0	0	0	0	0	0	0	0	0	0	0	0	0	0	0	0	0	0	0	0	0	0	0	0	0	0	0	0	0	0	0	0	0	0	0	0	0	0	0	0	0	0	0	0	0	0	0	0	0	0	0	0	0	0	0	0	0	0	0	0	0	0	0	0	0	0	0	0	0	0	0	0	0	0	0	0	0	0	0	0	0	0	0	0	0	0	0	0	0	0	0	0	0	0	0	0	0	0	0	0	0	0	0
Podocarpus elatus_bymien	0	6.086057e-05	0	0	0	0	0	0	0.0001217211	0	6.086057e-05	0	0.00109549	0	0	0	6.086057e-05	0	0	0	0	6.086057e-05	6.086057e-05	0.003651634	0.0002434423	0	0	0.0001217211	0	0	0	0	0	0.0001825817	0.446290548	0.0006694663	6.086057e-05	0	0	0	0	0	0	0	0	0.005781754	0.0059034751	0	0.001156351	0.0001217211	0.04631489	0	0	0	0	0.0001825817	0	0.001521514	0	0.000426024	0	0	0	0	0.0001217211	0	0	0	0	0.0003043028	0	0	0	0	0.0001217211	0.09098655	0.0001825817	0	0	0	0	0	0	0.0001825817	0.0007911874	0.001886678	0	0.006938105	0	0.001156351	6.086057e-05	0	0	0.003347331	0	0	0.000852048	0	0	0	0	0	0	6.086057e-05	0	0.0004868845	0	6.086057e-05	6.086057e-05	0	6.086057e-05	0	0	0	0	0	0	0	0	0.005964336	0.01113748	0.0007303268	0.001278072	0	0.0006694663	0.0001825817	0	6.086057e-05	0.0006694663	0	0	0	0	0	0	0	0.0001217211	0.0003043028	0	0	0	0	0.0005477451	6.086057e-05	0.0001217211	0	0	0.007424989	0.006755523	0.08003165	0.05629603	0	0	6.086057e-05	0.0001217211	0.0426632585	0	0	0	0.00213012	0	0	0.0005477451	0	0	0.00219098	0	0	0	0.0005477451	0.003834216	0.0007303268	0.008946504	0	0	0.003286471	0.0861177	0.02026657	0	0	0	0	0.0002434423	0	0	0	0	0	0	0	0.0001217211	6.086057e-05	0	0.0001217211	0	0	0	0	0	0	0.0100419938	0	0	0	0	0	0	0	0	0	0	0	0	0	0	0	0	0	6.086057e-05	0	0	0	0	0	0	0	0	0	0	0	0.003712495	0	0	0	0	0	0	0	0	0	0	0	0	0	0	0	0	0	0	0	0	0.020023127	0	0	0	0	0	0	0	0	0	0	0	0	0	0	0	0	0	0	0	0	0	0	0	0	0	0	0	0	0	0	0	0	0	0	0	0	0	0	0	0	0	0	0	0	0	0	0	0	0	0	0	0	0	0	0	0	0	0	0	0	0	0	0	0	0	0	0	0	0	0	0	0	0	0	0	0	0	0	0	0	0	0	0	0	0	0	0	0	0	0	0	0	0	0	0	0	0	0	0	0	0	0	0	0	0	0	0	0	0	0	0	0	0	0	0	0	0	0	0	0	0	0	0	0	0	0	0	0	0	0	0	0	0	0	0	0	0	0	0	0	0	0	0	0	0	0	0	0	0	0	0	0	0	0	0	0	0	0	0	0	0	0	0	0	0	0	0	0	0	0	0	0	0	0	0	0	0	0	0	0	0	0	0	0	0	0	0	0	0	0	0	0	0	0	0	0	0	0	0	0	0	0	0	0	0	0	0	0	0	0	0	0	0	0	0	0	0	0	0	0	0	0	0	0	0	0	0	0	0	0	0	0	0	0	0	0	0	0	0	0	0	0	0	0	0	0	0	0	0	0	0	0	0	0	0	0	0	0	0	0	0	0	0	0	0	0	0	0	0	0	0	0	0	0	0	0	0	0	0	0	0	0	0	0	0	0	0	0	0	0	0
Podocarpus elatus_rainforest	0	0.000489157	0	0	0	0	0	0	0.000489157	0	0	0	0.007011251	0	0	0	0.001630523	0	0	0	0	0.0003261047	0.0001630523	0.01891407	0.0003261047	0	0	0	0	0	0	0	0	0.000489157	0.290885374	0.001630523	0.0008152617	0	0	0	0	0	0	0	0	0.1700636	0.0057068319	0	0.00489157	0.0003261047	0.01043535	0	0	0	0	0.001467471	0	0.005380727	0	0.000978314	0	0	0	0.0003261047	0	0	0	0	0.0001630523	0.0003261047	0	0	0	0	0.0001630523	0.04402413	0	0	0	0	0	0	0	0.000489157	0.0001630523	0.005869884	0	0.02103375	0	0.003913256	0.0008152617	0	0	0.005217675	0	0	0.001467471	0	0	0	0	0	0	0	0	0.0003261047	0	0.0001630523	0.0001630523	0	0	0	0	0	0	0	0	0	0	0.005380727	0.01320724	0.001793576	0.001467471	0	0.000978314	0	0	0	0.001630523	0	0	0	0	0	0	0	0	0.001793576	0	0	0	0	0.001141366	0.000978314	0	0	0	0.01141366	0.008967879	0.003750204	0.05445948	0	0	0	0.0006522094	0.0476112832	0	0	0	0.003261047	0	0.0001630523	0.001141366	0	0	0.0003261047	0	0	0	0.002934942	0.01125061	0.0001630523	0.01597913	0.0001630523	0.0001630523	0.001630523	0.1319093	0.008152617	0	0	0	0	0.000489157	0	0	0	0	0	0	0	0.0001630523	0	0	0.0006522094	0	0	0	0	0	0	0.0061959889	0	0.0003261047	0	0	0.0001630523	0	0	0	0	0	0	0	0	0	0	0	0	0.0006522094	0	0	0	0	0	0	0	0	0	0	0	0.02413175	0	0	0.0003261047	0	0	0	0	0	0	0	0	0	0	0	0	0	0	0	0	0	0.0273927931	0	0	0	0	0	0	0	0	0	0	0	0	0	0	0	0	0	0	0	0	0	0	0	0	0	0	0	0	0	0	0	0	0	0	0	0	0	0	0	0	0	0	0	0	0	0	0	0	0	0	0	0	0	0	0	0	0	0	0	0	0	0	0	0	0	0	0	0	0	0	0	0	0	0	0	0	0	0	0	0	0	0	0	0	0	0	0	0	0	0	0	0	0	0	0	0	0	0	0	0	0	0	0	0	0	0	0	0	0	0	0	0	0	0	0	0	0	0	0	0	0	0	0	0	0	0	0	0	0	0	0	0	0	0	0	0	0	0	0	0	0	0	0	0	0	0	0	0	0	0	0	0	0	0	0	0	0	0	0	0	0	0	0	0	0	0	0	0	0	0	0	0	0	0	0	0	0	0	0	0	0	0	0	0	0	0	0	0	0	0	0	0	0	0	0	0	0	0	0	0	0	0	0	0	0	0	0	0	0	0	0	0	0	0	0	0	0	0	0	0	0	0	0	0	0	0	0	0	0	0	0	0	0	0	0	0	0	0	0	0	0	0	0	0	0	0	0	0	0	0	0	0	0	0	0	0	0	0	0	0	0	0	0	0	0	0	0	0	0	0	0	0	0	0	0	0	0	0	0	0	0	0	0	0	0	0	0	0	0	0	0
Polyalthia nitidissima_freshwaterRd	0	0.0003433123	0	0	0	0	0	0	0.0004806372	0	0	0	0.003227135	0	0	0	0.0002059874	0	0	0	0	0.0004806372	0.0001373249	0.004325735	6.866246e-05	0	0	0.0002746498	0	0	0	0	0	0.0002746498	0.191224938	0.0008239495	0.0001373249	0	0	0	0	0	0	0	0	0.01180994	0.0083081571	0	0.005836309	6.866246e-05	0.02245262	0	0	0	0	6.866246e-05	0	0.005492996	0	0.0001373249	0	0	0	0.0001373249	6.866246e-05	0	0	0	6.866246e-05	0.0003433123	0	0	0	0	0.0002059874	0.2971711	0.0001373249	6.866246e-05	0	0	0	0	6.866246e-05	0	0.000755287	0.001991211	0	0.01023071	0	0.002128536	0.0001373249	0.0001373249	0	0.002059874	0	0	0.001098599	0	0	0	0.0002059874	0	0	0	0	0.0004119747	0	0	0	0	0	0	0	0	0	6.866246e-05	0	0	0	0.01915683	0.006660258	0.0006179621	0.001579236	0	0.000755287	6.866246e-05	0	0	0.0009612744	0	0	0	0	0	0	0	0.0002059874	0.0003433123	6.866246e-05	0	0	0	0.001647899	0.0001373249	0.0002059874	0	0	0.002952486	0.005424334	0.008582807	0.01304587	0	0	0	0.0004119747	0.0760093381	6.866246e-05	0	0	0.0008239495	0	0.0002059874	0.001304587	0	0	0.0009612744	0	0	0	0.0004119747	0.006591596	0.00418841	0.03645976	0	0	0.002471848	0.03028014	0.00391376	0	0	0	0	0.0002059874	0	0	0	0	0	0	0	0	0.0001373249	0	6.866246e-05	0	0	0	0	0	0	0.1641032683	0	6.866246e-05	0	0.0001373249	6.866246e-05	0	0	0	0	0	0	0	0	0	0	0	0	0.0001373249	0	0	0	0	0	6.866246e-05	0	0	0	0	0	0.005081022	0	0	0.0002746498	0	0	0	0	0	0	0	0	0	0	0	0	0	0	0	0	0	0.0294561934	0	0	0	0	0	0	0	0	0	0	0	0	0	0	0	0	0	0	0	0	0	0	0	0	0	0	0	0	0	0	0	0	0	0	0	0	0	0	0	0	0	0	0	0	0	0	0	0	0	0	0	0	0	0	0	0	0	0	0	0	0	0	0	0	0	0	0	0	0	0	0	0	0	0	0	0	0	0	0	0	0	0	0	0	0	0	0	0	0	0	0	0	0	0	0	0	0	0	0	0	0	0	0	0	0	0	0	0	0	0	0	0	0	0	0	0	0	0	0	0	0	0	0	0	0	0	0	0	0	0	0	0	0	0	0	0	0	0	0	0	0	0	0	0	0	0	0	0	0	0	0	0	0	0	0	0	0	0	0	0	0	0	0	0	0	0	0	0	0	0	0	0	0	0	0	0	0	0	0	0	0	0	0	0	0	0	0	0	0	0	0	0	0	0	0	0	0	0	0	0	0	0	0	0	0	0	0	0	0	0	0	0	0	0	0	0	0	0	0	0	0	0	0	0	0	0	0	0	0	0	0	0	0	0	0	0	0	0	0	0	0	0	0	0	0	0	0	0	0	0	0	0	0	0	0	0	0	0	0	0	0	0	0	0	0	0	0	0	0	0	0	0	0	0	0	0	0	0	0	0	0	0	0	0	0	0	0	0	0	0	0
Polyalthia nitidissima_rainforest	0	0.0002594538	0	0	0	0	0	0	0.0001945904	0	0	0	0.002010767	0	0	0	0.0001297269	0	0	0	0	0.0001945904	6.486346e-05	0.006616073	0.0001297269	0	0	0.0001297269	0	0	0	0.0001945904	0	0.0003243173	0.256989038	0.0009729519	0.0001297269	0	0	0	0	0	0	0	0	0.03671272	0.0222481676	0	0.005513394	0.0001297269	0.09307907	0	0	0	0	0.0001297269	0	0.002529675	0	0.000843225	0	0	0	0	0.0001297269	0	0	0	0	0.001621587	0	0	0	0	0	0.007264708	0.0001297269	6.486346e-05	0	0	0	0	0.0001297269	0.0001945904	0.001167542	0.002010767	0	0.006680937	0	0.003437764	0	0.0002594538	0	0.01336187	0	0	0.0003243173	0	0	0	0.0001945904	0	0	6.486346e-05	0	0.002724265	0	0.0001297269	0	0	0	0	0	0	0	0	0	0	0	0.005318804	0.03839917	0.001621587	0.001816177	0	0.0004540442	0.0001297269	0	6.486346e-05	0.0002594538	0	0	0	0	0	0	0	0.0001945904	0.0005189077	0	0	0	0	0.0009729519	0.0002594538	0	0	0	0.01978336	0.01329701	0.003697217	0.1005384	0	0	0.001297269	0.0005837712	0.0734903029	6.486346e-05	0.0004540442	0	0.001621587	0	0.0001297269	0.0006486346	0	0	0.005837712	0	0	0	0.0001945904	0.005124214	0.0003891808	0.02341571	0.0001297269	0	0.008172796	0.1476292	0.03275605	0	0	0	0	0.0004540442	0	0	0	0	0	0	0	0	0.0001297269	0	0.0002594538	0	0	0	0	0	0	0.0073944347	0	0.0003243173	0	6.486346e-05	0	0	0	0	0	0	0	0	0	0	0	0	0	6.486346e-05	0	0	0	0	0	0	0	0	0	0	0	0.01297269	0	6.486346e-05	0	0	0	0	0	0	0	0	0	0	0	6.486346e-05	0	0	0	0	0	0	0.0195239022	0	0	0	0	0	0	0	0	0	0	0	0	0	0	0	0	0	0	0	0	0	0	0	0	0	0	0	0	0	0	0	0	0	0	0	0	0	0	0	0	0	0	0	0	0	0	0	0	0	0	0	0	0	0	0	0	0	0	0	0	0	0	0	0	0	0	0	0	0	0	0	0	0	0	0	0	0	0	0	0	0	0	0	0	0	0	0	0	0	0	0	0	0	0	0	0	0	0	0	0	0	0	0	0	0	0	0	0	0	0	0	0	0	0	0	0	0	0	0	0	0	0	0	0	0	0	0	0	0	0	0	0	0	0	0	0	0	0	0	0	0	0	0	0	0	0	0	0	0	0	0	0	0	0	0	0	0	0	0	0	0	0	0	0	0	0	0	0	0	0	0	0	0	0	0	0	0	0	0	0	0	0	0	0	0	0	0	0	0	0	0	0	0	0	0	0	0	0	0	0	0	0	0	0	0	0	0	0	0	0	0	0	0	0	0	0	0	0	0	0	0	0	0	0	0	0	0	0	0	0	0	0	0	0	0	0	0	0	0	0	0	0	0	0	0	0	0	0	0	0	0	0	0	0	0	0	0	0	0	0	0	0	0	0	0	0	0	0	0	0	0	0	0	0	0	0	0	0	0	0	0	0	0	0	0	0	0	0	0	0	0
Pteridium esculentum_ancient	0	0.0005163067	0	0	0	0	0	0	0	0	0	0	0.004044402	0	0	0	0.0004302556	0	0	0	0.0002581533	0.0003442045	0	0.005249118	0.0008605111	0	0	0.0003442045	0	0	0	0	0	0.00077446	0.227260993	0.007916703	0.0002581533	0	0	0	0	0	0	0	0	0.0348507	0.012047156	0	0.0077446	0	0.08579296	0	0	0	0	0.0002581533	0	0.009723776	0	0.001032613	0	0.0009465623	0	0	0.0001721022	0	0	0	0.0001721022	0.001118664	0	0	0	0	0.0001721022	0.002065227	0.0002581533	0	0	0	0	0	0	0.0002581533	0.001462869	0.003614147	0	0.009895878	0	0.003269942	0.0006884089	0.0003442045	0	0.0156613	0	0	0.00154892	0	0	0	0	0	0	0	0	0.001721022	0	0.0003442045	0	0	0	8.605111e-05	8.605111e-05	0	0	0	0	0	0	0.004904914	0.05214698	0.001118664	0.005937527	0	0.0003442045	0	0	0	0.0003442045	0	0	0	0	0	0	0	0.0006023578	0.0006884089	0	0	0	0	0.001634971	0	0.0002581533	0	0	0.02375011	0.009465623	0.01454264	0.02684795	0	0	0	0.0003442045	0.0844161432	0	0	0	0.0004302556	0	0	0.001376818	0	0	0.004474658	0	0	0	0.0002581533	0.007572498	0.0001721022	0.01652181	0.0006023578	0	0.001979176	0.1892264	0.03777644	0	0	0	0	0.00077446	0	0	0	0	0	0	0	0	0.0005163067	0	8.605111e-05	0	0	0	0	0	8.605111e-05	0.0126495138	0	0.0003442045	0	0	0	0	0	0	0	0	0	0	0	0	0	0	0	8.605111e-05	0	0	0	0	0	0	0	0	0	0	0	0.01471474	0	0	8.605111e-05	0	0	0	0	0	0	0	0	0	0	0	0	0	0	0	0	0	0.0393253593	0	0	0	0	0	0	0	0	0	0	0	0	0	0	0	0	0	0	0	0	0	0	0	0	0	0	0	0	0	0	0	0	0	0	0	0	0	0	0	0	0	0	0	0	0	0	0	0	0	0	0	0	0	0	0	0	0	0	0	0	0	0	0	0	0	0	0	0	0	0	0	0	0	0	0	0	0	0	0	0	0	0	0	0	0	0	0	0	0	0	0	0	0	0	0	0	0	0	0	0	0	0	0	0	0	0	0	0	0	0	0	0	0	0	0	0	0	0	0	0	0	0	0	0	0	0	0	0	0	0	0	0	0	0	0	0	0	0	0	0	0	0	0	0	0	0	0	0	0	0	0	0	0	0	0	0	0	0	0	0	0	0	0	0	0	0	0	0	0	0	0	0	0	0	0	0	0	0	0	0	0	0	0	0	0	0	0	0	0	0	0	0	0	0	0	0	0	0	0	0	0	0	0	0	0	0	0	0	0	0	0	0	0	0	0	0	0	0	0	0	0	0	0	0	0	0	0	0	0	0	0	0	0	0	0	0	0	0	0	0	0	0	0	0	0	0	0	0	0	0	0	0	0	0	0	0	0	0	0	0	0	0	0	0	0	0	0	0	0	0	0	0	0	0	0	0	0	0	0	0	0	0	0	0	0	0	0	0	0	0	0
Pteridium esculentum_ancientwoodland	0	0.0002164034	0	0	0	0	0	0	0	0	0	0	0.002272235	0	0	0	0.0001082017	0	0	0	0.0002164034	0	0	0.002488639	0.0003246051	0	0	0.001406622	0	0	0	0	0	0.0002164034	0.342350141	0.003462454	0.0001082017	0	0	0	0	0	0	0	0	0.06318979	0.0174204718	0.0002164034	0.008115127	0	0.03765419	0	0	0	0	0.0002164034	0	0.006816706	0	0.0007574118	0	0	0	0	0.0007574118	0	0	0	0	0.001190219	0	0	0	0	0	0.0008656135	0.0001082017	0	0	0	0	0	0	0	0.001082017	0.002921446	0	0.004328068	0	0.002164034	0.0002164034	0.0002164034	0	0.01168578	0	0	0.0003246051	0	0	0	0	0	0	0	0	0.0006492101	0	0.0002164034	0	0	0	0	0.0001082017	0	0	0	0	0	0	0.004977278	0.0511794	0.001839429	0.0009738152	0	0.0003246051	0	0	0	0.0008656135	0	0	0	0	0	0	0	0.0001082017	0.0007574118	0	0	0	0	0.0005410084	0	0	0	0	0.0129842	0.006167496	0.01612205	0.04209046	0	0	0	0.0002164034	0.0893745942	0	0	0	0.0004328068	0	0	0.0007574118	0	0	0.009521749	0	0	0	0.0001082017	0.002380437	0.0004328068	0.03906081	0.0001082017	0	0.001406622	0.1312486	0.02012551	0	0	0	0	0.0003246051	0	0	0	0	0	0	0	0	0	0	0	0	0	0	0	0	0	0.0144990262	0	0.0003246051	0	0	0	0	0	0	0.0001082017	0	0	0	0	0	0	0	0	0	0	0	0	0	0	0	0	0	0	0	0	0.01168578	0	0	0	0	0	0	0	0	0	0	0	0	0	0	0	0	0	0	0	0	0.0245617832	0	0	0	0	0	0	0	0	0	0	0	0	0	0	0	0	0	0	0	0	0	0	0	0	0	0	0	0	0	0	0	0	0	0	0	0	0	0	0	0	0	0	0	0	0	0	0	0	0	0	0	0	0	0	0	0	0	0	0	0	0	0	0	0	0	0	0	0	0	0	0	0	0	0	0	0	0	0	0	0	0	0	0	0	0	0	0	0	0	0	0	0	0	0	0	0	0	0	0	0	0	0	0	0	0	0	0	0	0	0	0	0	0	0	0	0	0	0	0	0	0	0	0	0	0	0	0	0	0	0	0	0	0	0	0	0	0	0	0	0	0	0	0	0	0	0	0	0	0	0	0	0	0	0	0	0	0	0	0	0	0	0	0	0	0	0	0	0	0	0	0	0	0	0	0	0	0	0	0	0	0	0	0	0	0	0	0	0	0	0	0	0	0	0	0	0	0	0	0	0	0	0	0	0	0	0	0	0	0	0	0	0	0	0	0	0	0	0	0	0	0	0	0	0	0	0	0	0	0	0	0	0	0	0	0	0	0	0	0	0	0	0	0	0	0	0	0	0	0	0	0	0	0	0	0	0	0	0	0	0	0	0	0	0	0	0	0	0	0	0	0	0	0	0	0	0	0	0	0	0	0	0	0	0	0	0	0	0	0	0	0
Pteridium esculentum_blackbutt	0	0.00012674205	0	0	0	0	0	0	0.0002228656	0	0	0	0.0013984305	0	0	0	0.00012674205	0	0	0	3.0618495e-05	0.00012674205	0	0.0036506525	0.00047634965	0	0	0.00051123615	0	0	0	3.0618495e-05	0	0.00041511265	0.3844392145	0.002796119	0.000227133645	0	0	0	0	0	0	0	0	0.019876789	0.00945016755	6.1237e-05	0.0035487765	3.0618495e-05	0.05718886	0	0	0	0	6.550505e-05	0	0.0023440777	0	0.00054185465	0	0.0001310101	0	0	0.0006379782	0	0	0	6.550505e-05	0.000559669	0	0	0	0	9.6123545e-05	0.091393956	3.0618495e-05	0	0	0	0	0	0	0	0.0027948191	0.00220583145	0	0.0058535155	0	0.0023589239	6.550505e-05	0.0003674219	0	0.004440239	0	0	0.000877916	0	0	0	0	0	0	0	0	0.00050696815	0	6.550505e-05	0	0	0	9.6123545e-05	6.550505e-05	0	0	0	0	0	0	0.0049685475	0.033683875	0.00056820515	0.00111006	0	0.0003538757	0	0	0	0.00090426645	0	0	0	0	0	0	0	0.00015736055	0.0001310101	0	0	0	0	0.0004414631	6.550505e-05	6.1237e-05	0	0	0.008103696	0.006611184	0.026701183	0.03498711	0	0	0.00012247395	0.000187979	0.05588116955	0	0	0	0.00087364795	0	0	0.0010837094	0	0	0.0071482115	0	0	0	0.0001922471	0.0022151095	0.0022045315	0.017412462	0	0	0.0057796585	0.102557515	0.0254374815	0	0	0	0	0.00028410255	3.0618495e-05	0	0	0	0	0	0	0	9.18555e-05	0	3.0618495e-05	0	0	0	0	0	6.550505e-05	0.01651023545	0	0.00012674205	0	0	0	0	0	0	0	0	0	0	0	0	0	0	0	0	0	0	0	0	0	0	0	0	0	0	0	0.0110770315	0	0.00012674205	0	3.0618495e-05	0	0	0	0	0	0	0	0	0	0	0	0	0	0	0	0	0.0313815491	0	0	0	0	0	0	0	0	0	0	0	0	0	0	0	0	0	0	0	0	0	0	0	0	0	0	0	0	0	0	0	0	0	0	0	0	0	0	0	0	0	0	0	0	0	0	0	0	0	0	0	0	0	0	0	0	0	0	0	0	0	0	0	0	0	0	0	0	0	0	0	0	0	0	0	0	0	0	0	0	0	0	0	0	0	0	0	0	0	0	0	0	0	0	0	0	0	0	0	0	0	0	0	0	0	0	0	0	0	0	0	0	0	0	0	0	0	0	0	0	0	0	0	0	0	0	0	0	0	0	0	0	0	0	0	0	0	0	0	0	0	0	0	0	0	0	0	0	0	0	0	0	0	0	0	0	0	0	0	0	0	0	0	0	0	0	0	0	0	0	0	0	0	0	0	0	0	0	0	0	0	0	0	0	0	0	0	0	0	0	0	0	0	0	0	0	0	0	0	0	0	0	0	0	0	0	0	0	0	0	0	0	0	0	0	0	0	0	0	0	0	0	0	0	0	0	0	0	0	0	0	0	0	0	0	0	0	0	0	0	0	0	0	0	0	0	0	0	0	0	0	0	0	0	0	0	0	0	0	0	0	0	0	0	0	0	0	0	0	0	0	0	0	0	0	0	0	0	0	0	0	0	0	0	0	0	0	0	0	0	0
Pteridium esculentum_freshwaterRd	0	0.00101589255	0	0	0	0	0	9.10415e-05	0.00013013454	0	0	0	0	7.81861e-05	0	0	0.000938233	0	0	0	0	0.0004948274	0	0.003400041	0.0002083206	0	0	0.00015637215	0	0	0	0	0	0.00032559975	0.12109024	0	0.00015637215	0	0	0	0	0	0	0	0	0	0.00377653585	0.00044235215	0.002579087	0.0004294967	0.07978924	0	0	3.909304e-05	0	0.0002865067	0	0.002304909	0	0.0175866005	0	0	0	0.0005082095	0	3.909304e-05	0	0	0	0.002213341	0	0	0	0	3.909304e-05	0.179745888	0.0004691165	0.0001172791	0	0	0	0.0002083206	0	0.00026026915	0.008402898	0.00072938555	0	0.006968259	0	0.00088575755	3.909304e-05	0.0004691165	0	0.0094686325	0	0	0.000560158	0	0	3.909304e-05	0	0	0	0	0	0.0033202745	0	0	7.81861e-05	0	0	0	0.00023455825	0	0	0	0	0	0.00015637215	0.006667314	0.034862255	0	0.003021439	0	0.0005076828	0.0002083206	0	0	0.00069029255	0	9.10415e-05	0.0001954652	0	0	0	0	3.909304e-05	0.0003909304	0	0	0	3.909304e-05	0.00089861305	0.00040378585	0.00078133405	0	0	0.010742683	0.0069934405	0.0579416	0.08009932	0	0	0.0007160034	0.00045573435	0.06396676495	0.0005863955	0	0	0.0005082095	0	0.00040378585	0.0035419775	0	0	0.005528875	0	0.00015637215	0	3.909304e-05	0.0029700175	0.003321855	0.016539945	0.000703148	0	0.0185618185	0.128028535	0.020955135	0	0	0	0	3.909304e-05	7.81861e-05	0	0	0	0	0	0	0.0002736513	0.0002083206	0	0.00052106495	0	0	0	0	0	0	0.03884605485	0	0.00037754825	0	0	0	0	0	0	0	0	0	0	0	0	0	0	0	0.00015637215	0	0	3.909304e-05	0	0	0	0	0	0	0	0	0.0074336855	0	0	9.10415e-05	0	0	0	0	0	0	0	0	0	0	0	0	0	0	0	0	0	0.03010702325	0	0	0	0	0	0	0	0	0	0	0	0	0	0	0	0	0	0	0	0	0	0	0	0	0	0	0	0	0	0	0	0	0	0	0	0	0	0	0	0	0	0	0	0	0	0	0	0	0	0	0	0	0	0	0	0	0	0	0	0	0	0	0	0	0	0	0	0	0	0	0	0	0	0	0	0	0	0	0	0	0	0	0	0	0	0	0	0	0	0	0	0	0	0	0	0	0	0	0	0	0	0	0	0	0	0	0	0	0	0	0	0	0	0	0	0	0	0	0	0	0	0	0	0	0	0	0	0	0	0	0	0	0	0	0	0	0	0	0	0	0	0	0	0	0	0	0	0	0	0	0	0	0	0	0	0	0	0	0	0	0	0	0	0	0	0	0	0	0	0	0	0	0	0	0	0	0	0	0	0	0	0	0	0	0	0	0	0	0	0	0	0	0	0	0	0	0	0	0	0	0	0	0	0	0	0	0	0	0	0	0	0	0	0	0	0	0	0	0	0	0	0	0	0	0	0	0	0	0	0	0	0	0	0	0	0	0	0	0	0	0	0	0	0	0	0	0	0	0	0	0	0	0	0	0	0	0	0	0	0	0	0	0	0	0	0	0	0	0	0	0	0	0	0	0	0	0	0	0	0	0	0	0	0	0	0	0	0	0	0	0
Pteridium esculentum_yellowsand	0	0.0037272915	0	0	0	6.59892e-05	0	0	6.59892e-05	0	0	0	0	0.0002517592	0	0	0.0008334643	0	0	0	0	0.00031774835	6.59892e-05	0.0060394135	0.00034464425	0	0	0.0004497267	0	0	0	6.59892e-05	0	0.0002517592	0.158679688	0	0.0007405793	0	0	0	0	0	0	0	0	0	0.00412822805	0.00038373755	0.003546523	0.00019796755	0.1264708	0	0	0	0	0.00093854705	0	0.0025125905	0	0.01357999	0	0	0	0.0002639567	0	0	0	0	0.00048882005	0.0058855405	0	0	0	0	0	6.59892e-05	0.00063549675	6.59892e-05	0	0	0	0.0005964034	0.00034464425	0.0003568417	0.002659267	0.00162533455	0	0.0094955505	0	0.0028303385	6.59892e-05	0	0	0.026906335	0	0	0.001838	0	0	0	0	0	0	0	0	0.006227684	0	0	9.2885e-05	0	9.2885e-05	0	0.0020115725	0	0	0	0	0.0001588742	0.00013197835	0.009129014	0.06467088	6.59892e-05	0.008283352	0	0.001772011	0.0011512125	0	0	0.00129538855	0	0.0004228309	0.00054261175	0	0	0	0	0.00022486335	0.0005964034	0	0	0	0	0.000845662	0.0004228309	0.0007405793	0	0	0.03688698	0.0096325305	0.02796002	0.101247525	0	0	0.0069635685	0.000659892	0.10974893935	0.002962317	0.0002639567	0	0.00072838175	0	0.0005157159	0.0032703685	0	0	0.007491482	0	6.59892e-05	0	0.0001588742	0.004203914	0.002077562	0.029440205	0.0004766226	0	0.0215878	0.038186095	0.025815805	0	0	0	0	0.00018577	0.00019796755	0	0	0	0	0	0	0.00018577	0.0005157159	0	0.00039593505	0	0	0	0	0	0	0.0184947818	0	0.00103143205	0	0	0	0	0	0.00022486335	0	0	0	0	0	0	0	0	0	0.0001588742	0	0	0	0	0	0	0	0	0	0	0	0.039632245	0	0	9.2885e-05	0	0	0	0	0	0	0	0	0	0	0	0	0	0	0	0	0	0.031876806	0	0	0	0	0	0	0	0	0	0	0	0	0	0	0	0	0	0	0	0	0	0	0	0	0	0	0	0	0	0	0	0	0	0	0	0	0	0	0	0	0	0	0	0	0	0	0	0	0	0	0	0	0	0	0	0	0	0	0	0	0	0	0	0	0	0	0	0	0	0	0	0	0	0	0	0	0	0	0	0	0	0	0	0	0	0	0	0	0	0	0	0	0	0	0	0	0	0	0	0	0	0	0	0	0	0	0	0	0	0	0	0	0	0	0	0	0	0	0	0	0	0	0	0	0	0	0	0	0	0	0	0	0	0	0	0	0	0	0	0	0	0	0	0	0	0	0	0	0	0	0	0	0	0	0	0	0	0	0	0	0	0	0	0	0	0	0	0	0	0	0	0	0	0	0	0	0	0	0	0	0	0	0	0	0	0	0	0	0	0	0	0	0	0	0	0	0	0	0	0	0	0	0	0	0	0	0	0	0	0	0	0	0	0	0	0	0	0	0	0	0	0	0	0	0	0	0	0	0	0	0	0	0	0	0	0	0	0	0	0	0	0	0	0	0	0	0	0	0	0	0	0	0	0	0	0	0	0	0	0	0	0	0	0	0	0	0	0	0	0	0	0	0	0	0	0	0	0	0	0	0	0	0	0	0	0	0	0	0	0	0
Schizaea bifida_yellowsand	0	0.0005453803	0	0	0	0	0	6.64761e-05	0.000104395105	0	0	0	0.0021347115	0	0	0	0.0009765321	0	0	0	0	0.000170871205	0.0001802331	0.008573499	0.0005505326	0	0	0.0003796614	0	0	0	0	0	0.0005505326	0.299744126	0.001617417	0.000104395105	0	0	0	0	0	0	0	0	0.0299820695	0.0068175059	0.00106735575	0.0046355135	0.00045081845	0.074305065	0	3.7919005e-05	0	0	0.00061653735	0	0.0038574665	0	0.001347303	0	0.0001423141	0	0.00038434235	0.00034642335	3.7919005e-05	0	0	7.1157055e-05	0.0009535988	0	0	0	0	0.00017555215	0.02356942	0.00029399015	3.323805e-05	0	0	0	0	0	0.0001329522	0.0008019228	0.0039805855	0	0.01921008	0	0.005523579	0	0.00059781355	0	0.0075744715	0	0	0.001917031	0	0	0	0	0	0	6.64761e-05	0	0.0013655554	0	0.0001423141	7.5838e-05	0	0	0	0.0005266565	3.7919005e-05	0	0	0	0	0	0.0118818485	0.029198205	0.00141846	0.004434671	0	0.0008777608	0.00024202825	0	0	0.001447017	0	0	0	0	0	0	0	0.0004980994	0.00142361255	0	0	0	0	0.0016038455	0.00111416525	0.0002467092	0	0	0.02020436	0.020001695	0.002068707	0.049377845	0	0	0.0003651472	0.0006783325	0.054267072	0.00010907605	0.00010907605	0	0.005429488	0	0.0003131853	0.004145362	0	0	0.0024394775	0	0	0	0.0008112847	0.0101764015	0.0003417424	0.02286812	0.00017555215	0.000796299	0.004933713	0.16428035	0.01835758	0	0	0	0	0.0006404135	0	0	0	0	0	0	0	0.00010907605	0.00031786625	0	0.00021347115	0	0	0	0	0	0	0.00812362315	0	0.00029399015	0	0	0	0	0	3.7919005e-05	7.1157055e-05	0	0	0	0	0	0	0	0	0.0003796614	0	0	0	0	0	0	0	0	0	0	0	0.0096094705	0	0	0.0002467092	0	0	0	0	0	3.323805e-05	0	0	0	0	3.7919005e-05	0	0	0	0	0	0	0.03647171295	0	0	0	0	0	0	0	0	0	0	0	0	0	0	0	0	0	0	0	0	0	0	0	0	0	0	0	0	0	0	0	0	0	0	0	0	0	0	0	0	0	0	0	0	0	0	0	0	0	0	0	0	0	0	0	0	0	0	0	0	0	0	0	0	0	0	0	0	0	0	0	0	0	0	0	0	0	0	0	0	0	0	0	0	0	0	0	0	0	0	0	0	0	0	0	0	0	0	0	0	0	0	0	0	0	0	0	0	0	0	0	0	0	0	0	0	0	0	0	0	0	0	0	0	0	0	0	0	0	0	0	0	0	0	0	0	0	0	0	0	0	0	0	0	0	0	0	0	0	0	0	0	0	0	0	0	0	0	0	0	0	0	0	0	0	0	0	0	0	0	0	0	0	0	0	0	0	0	0	0	0	0	0	0	0	0	0	0	0	0	0	0	0	0	0	0	0	0	0	0	0	0	0	0	0	0	0	0	0	0	0	0	0	0	0	0	0	0	0	0	0	0	0	0	0	0	0	0	0	0	0	0	0	0	0	0	0	0	0	0	0	0	0	0	0	0	0	0	0	0	0	0	0	0	0	0	0	0	0	0	0	0	0	0	0	0	0	0	0	0	0	0	0	0	0	0	0	0	0	0	0	0	0	0	0	0	0	0	0	0	0
Schizaea dichotoma_ancient	0	0.000209084233333333	0	0	0	0	0	3.03609933333333e-05	0.0006279297	0	6.374106e-05	0	0.003434031	0	0	0	0.000721194366666667	0	0	0	9.71211266666667e-05	0.0004397256	6.374106e-05	0.005140178	0.000333547266666667	0	0	0.000317190826666667	0	0	0	0.000135448526666667	0	0.0008150431	0.152420918	0.002882079	6.0722e-05	0	0	0	0	0	0	0	0	0.0424354566666667	0.00791874543333333	0.000286829833333333	0.00354565766666667	0.000204136933333333	0.0728126333333333	0	0	0	0	0.0010247946	0	0.00572850933333333	0	0.00375898233333333	0	3.03609933333333e-05	0	0.000133520266666667	0.00046060576	3.03609933333333e-05	0	0	0	0.00181114133333333	0	0	0	0	0.000466230066666667	0.000197261326666667	0.000215122366666667	0	0	0	0	0	0.000268291733333333	0.00020220866	0.000201117833333333	0.00467076833333333	0	0.0238259766666667	0	0.00417173233333333	0.000207155993333333	0.005283013	0	0.009647232	0	0	0.00129251176666667	0	0	0	0.000105087533333333	0	0	3.33800666666667e-05	0	0.00241215266666667	0	9.90494e-05	6.67601333333333e-05	0	0	0	0.000121443966666667	3.33800666666667e-05	0	7.17074666666667e-05	0	0	0	0.0239658033333333	0.0177614863333333	0.0010540646	0.00346631033333333	0	0.00125736426666667	0.000105087533333333	0	0.0001384676	0.00183405266666667	0	6.0722e-05	3.33800666666667e-05	0	0	0	3.03609933333333e-05	0.000285325233333333	0.000926168633333333	0	0	0	0	0.001902741	0.0001608622	0.000355941866666667	0	0	0.011074135	0.02471492	0.00601377566666667	0.0924595666666667	0	0	0.000694012966666667	0.000930015433333333	0.0457013828666667	0.0002424643	3.03609933333333e-05	0	0.002711746	0	3.03609933333333e-05	0.000839195533333333	0	0	0.00215719833333333	3.33800666666667e-05	0	0	0.00125267	0.0101063986666667	0.000497428533333333	0.013607873	0.0003847884	0	0.00447883266666667	0.286503033333333	0.017560374	0	0	0	0	0.000486443066666667	6.86883933333333e-05	0	0	0	0	0	0	9.71211266666667e-05	0.000879451333333333	0	0.000511433066666667	0	0	0	0	0	0.000107015793333333	0.0136250106333333	0	0.0002872535	0	0.0002344979	3.03609933333333e-05	0	0	0.000107015793333333	0	0	0	0	0	0	0	0	0	6.67601333333333e-05	0	0	0	0	0	0	0	0	0	0	0	0.0106735956666667	3.33800666666667e-05	0	0.000193151433333333	3.33800666666667e-05	0	0	0	0	6.374106e-05	0	0	0	0	0.000170756866666667	0	0	0	0	0	0	0.0352118764333333	0.000191636966666667	0	0	0	0	0	0	0	0	0	0	0	0	0	0	0	0	0	0	0	0	0	0	0	0	0	0	0	0	0	0	0	0	0	0	0	0	0	0	0	0	0	0	0	0	0	0	0	0	0	0	0	0	0	0	0	0	0	0	0	0	0	0	0	0	0	0	0	0	0	0	0	0	0	0	0	0	0	0	0	0	0	0	0	0	0	0	0	0	0	0	0	0	0	0	0	0	0	0	0	0	0	0	0	0	0	0	0	0	0	0	0	0	0	0	0	0	0	0	0	0	0	0	0	0	0	0	0	0	0	0	0	0	0	0	0	0	0	0	0	0	0	0	0	0	0	0	0	0	0	0	0	0	0	0	0	0	0	0	0	0	0	0	0	0	0	0	0	0	0	0	0	0	0	0	0	0	0	0	0	0	0	0	0	0	0	0	0	0	0	0	0	0	0	0	0	0	0	0	0	0	0	0	0	0	0	0	0	0	0	0	0	0	0	0	0	0	0	0	0	0	0	0	0	0	0	0	0	0	0	0	0	0	0	0	0	0	0	0	0	0	0	0	0	0	0	0	0	0	0	0	0	0	0	0	0	0	0	0	0	0	0	0	0	0	0	0	0	0	0	0	0	0	0	0	0	0	0	0	0	0	0	0	0	0	0	0	0	0	0	0
Schizaea dichotoma_freshwaterRd	0	0.0003577157	0	0	0	0	0	0	0.000382775145	0	6.902265e-05	0	0.0022027145	0	0	0	3.7661945e-05	0	0	0	7.53239e-05	0.000382775145	0.0002070679	0.004738085	0.0002823918	0	0	0.0005710849	0	0	0	7.53239e-05	0	0.00032635505	0.2293720675	0.0021965585	0.0001380453	0	0	0	0	0	0	0	0	0.01763388	0.01905476125	0.0004644003	0.003288755	0.0003577157	0.103946385	0	0	0	0	0.0002636336	0	0.003891055	0	0.005516529	0	6.902265e-05	0	0	0.0001506478	3.7661945e-05	0	0	0	0.0022906405	0	0	0	0	0.0002133692	0.0002259717	7.53239e-05	6.902265e-05	0	0	0	0	0.00043934085	0.0003577157	0.0022031509	0.0039786905	0	0.014986105	0	0.003828043	3.7661945e-05	0.00059628965	0	0.01128394	0	0	0.0008911385	0	0	0	0.000106684595	0	0	3.7661945e-05	0	0.001462369	0	3.7661945e-05	0	0	0	0	0.0005773861	0	0	0	0	0	0	0.015689515	0.019749835	0.0020082485	0.006859174	0	0.001681894	0.00045809905	0	0	0.00090374115	0	0	0.000106684595	0	3.7661945e-05	0	0	0.0001380453	0.00053972415	0	0	0	0	0.0014308625	0.000175707245	0.0004831585	0	0	0.02282653	0.016850445	0.015910355	0.022343225	0	0	0.0014058035	0.00074049075	0.07305810345	0.0004016789	0.0002573324	0	0.002409928	0	0	0.00045809905	0	0	0.003219587	3.7661945e-05	0	0	0.00076569585	0.0063383535	0.00058998865	0.03008021	0.0014937295	0	0.004920239	0.20946925	0.02259954	0	0	0	0	0.00032005375	0	0	0	0	0	0	0	0.0002133692	0.00128021485	0	0	0	0	0	0	0	0	0.02578321045	0	0.000495761	0	0.0004016789	0	0	0	0.000175707245	0	0	0	0	0	0	0	0	0	7.53239e-05	0	0	0	0	0	0	0	0	0	0	0	0.020641265	0	6.902265e-05	0.00025103115	0	0	0	0	0	0	0	0	0	0	0.0002823918	0	0	0	0	0	0	0.02374713615	3.7661945e-05	0	0	0	0	0	0	0	0	0	0	0	0	0	0	0	0	0	0	0	0	0	0	0	0	0	0	0	0	0	0	0	0	0	0	0	0	0	0	0	0	0	0	0	0	0	0	0	0	0	0	0	0	0	0	0	0	0	0	0	0	0	0	0	0	0	0	0	0	0	0	0	0	0	0	0	0	0	0	0	0	0	0	0	0	0	0	0	0	0	0	0	0	0	0	0	0	0	0	0	0	0	0	0	0	0	0	0	0	0	0	0	0	0	0	0	0	0	0	0	0	0	0	0	0	0	0	0	0	0	0	0	0	0	0	0	0	0	0	0	0	0	0	0	0	0	0	0	0	0	0	0	0	0	0	0	0	0	0	0	0	0	0	0	0	0	0	0	0	0	0	0	0	0	0	0	0	0	0	0	0	0	0	0	0	0	0	0	0	0	0	0	0	0	0	0	0	0	0	0	0	0	0	0	0	0	0	0	0	0	0	0	0	0	0	0	0	0	0	0	0	0	0	0	0	0	0	0	0	0	0	0	0	0	0	0	0	0	0	0	0	0	0	0	0	0	0	0	0	0	0	0	0	0	0	0	0	0	0	0	0	0	0	0	0	0	0	0	0	0	0	0	0	0	0	0	0	0	0	0	0	0	0	0	0	0	0	0	0	0	0
Schizaea dichotoma_rainforest	0	0.000167670666666667	0	0	0	0	0	2.47886766666667e-05	0.000186404333333333	0	0	0	0.00167316966666667	0	0	0	0.000130976943333333	0	0	0	0.0002492753	0.000194341053333333	0.0001744993	0.005019678	0.000224076633333333	0	0	0.000112038333333333	0	0	0	2.47886766666667e-05	0	0.000400867533333333	0.355715637	0.001392277	9.51863533333333e-05	0	0	0	0	0	0	0	0	0.032403114	0.0069856763	9.51863533333333e-05	0.004382525	0.000205342966666667	0.0625145	0	0	0	0	0.000153678966666667	0	0.00242121633333333	0	0.001557664	0	4.16406333333333e-05	0	0.000153883943333333	0.0004127726	0	0	0	0.000131181933333333	0.000869560833333333	0	2.47886766666667e-05	0	0	9.51863533333333e-05	0.0358549013333333	0.000127008566666667	2.47886766666667e-05	0	0	0	0	4.95773666666667e-05	0.00011015661	0.0071980316	0.00294107266666667	0	0.00752601733333333	0	0.00262589026666667	4.56089966666667e-05	0.000907233133333333	0	0.00571652233333333	0	0	0.000739767466666667	0	0	0	7.03976866666667e-05	0	0	2.47886766666667e-05	0	0.000774374533333333	0	6.454762e-05	4.16406333333333e-05	0	2.082032e-05	0	0.000194341053333333	0	0	0	0	0	4.95773666666667e-05	0.0130873146666667	0.0179873766666667	0.00128658223333333	0.00230258326666667	0	0.000832373866666667	0.000153678966666667	0	2.47886766666667e-05	0.0008282004	0	2.082032e-05	0	0	0	0	0	0.00014971061	0.0006399145	0.000218636566666667	0	0	0	0.000858838966666667	0.000132858633333333	8.72496433333333e-05	0	0	0.013513823	0.010747329	0.0283900696666667	0.0389278633333333	0	0	0.0006038436	0.000354075033333333	0.0532231221	0.000123943366666667	6.642931e-05	0	0.001599297	0	0	0.000794367	0	0	0.0018276009	0	0	0	0.0004572735	0.00360323233333333	0.00867494433333333	0.0181757833333333	0.0003807454	0	0.00233322196666667	0.158543333333333	0.013733575	0	0	2.082032e-05	0	0.000178467633333333	6.24609666666667e-05	0	0	0	0	0	0	0	0.000496751933333333	0	0.0002032563	0	0	0	0	0	0	0.0306311220333333	0	0.000165584	0	9.91547e-05	2.082032e-05	0	0	2.47886766666667e-05	0.00150754898666667	0	0	0	0	0	0	0	0	9.51863533333333e-05	0	0	0	0	0	0	0	0	0	0	0	0.00833061366666667	0	0	6.24609666666667e-05	0	0	0	0	0	0	0	0	0	0	0.000178467633333333	0	0	0	0	0	0	0.0198970216	0	0	0	0	0	0	0	0	0	0	0	0	0	0	0	0	0	0	0	0	0	0	0	0	0	0	0	0	0	0	0	0	0	0	0	0	0	0	0	0	0	0	0	0	0	0	0	0	0	0	0	0	0	0	0	0	0	0	0	0	0	0	0	0	0	0	0	0	0	0	0	0	0	0	0	0	0	0	0	0	0	0	0	0	0	0	0	0	0	0	0	0	0	0	0	0	0	0	0	0	0	0	0	0	0	0	0	0	0	0	0	0	0	0	0	0	0	0	0	0	0	0	0	0	0	0	0	0	0	0	0	0	0	0	0	0	0	0	0	0	0	0	0	0	0	0	0	0	0	0	0	0	0	0	0	0	0	0	0	0	0	0	0	0	0	0	0	0	0	0	0	0	0	0	0	0	0	0	0	0	0	0	0	0	0	0	0	0	0	0	0	0	0	0	0	0	0	0	0	0	0	0	0	0	0	0	0	0	0	0	0	0	0	0	0	0	0	0	0	0	0	0	0	0	0	0	0	0	0	0	0	0	0	0	0	0	0	0	0	0	0	0	0	0	0	0	0	0	0	0	0	0	0	0	0	0	0	0	0	0	0	0	0	0	0	0	0	0	0	0	0	0	0	0	0	0	0	0	0	0	0	0	0	0	0	0	0	0	0	0	0
Schizaea dichotoma_roadside	0	0.0001740947	0	0	0	0	0	0	0.0008704735	0	0	0	0.004700557	0	0	0	0.0005222841	0	0	0	0.0001740947	0.0006963788	0.0005222841	0.00887883	0.0003481894	0	0	0.0008704735	0	0	0	0.0001740947	0	0.001740947	0.120821727	0.005396936	0.0001740947	0	0	0	0	0	0	0	0	0.006789694	0.0087047354	0.0001740947	0.003133705	0.0003481894	0.09749304	0	0	0	0	0.0005222841	0	0.01253482	0	0.005222841	0	0	0	0.0001740947	0.0006963788	0	0	0	0	0.001566852	0	0	0	0	0.001218663	0.001218663	0.0001740947	0.0001740947	0	0	0	0	0	0.0005222841	0.0006963788	0.008530641	0	0.04996518	0	0.008530641	0.001392758	0.02002089	0	0.01061978	0	0	0.005048747	0	0	0	0.0005222841	0	0	0	0	0.003655989	0	0.0001740947	0.0008704735	0	0	0	0.0001740947	0.0001740947	0	0	0	0	0.0001740947	0.03029248	0.01444986	0.002089136	0.009923398	0	0.001044568	0.0003481894	0	0	0.003481894	0	0.0001740947	0	0	0	0	0	0.0001740947	0.001740947	0	0	0	0	0.003481894	0.0003481894	0.0006963788	0	0	0.01253482	0.03098886	0.005222841	0.03795265	0	0	0.002437326	0.001566852	0.0675487465	0.0003481894	0.0001740947	0	0.001566852	0	0.0001740947	0.001740947	0	0	0.007834262	0.0001740947	0	0.0001740947	0.001740947	0.02489554	0.0006963788	0.01949861	0.0005222841	0	0.004352368	0.1974234	0.01532033	0	0	0	0	0.001044568	0.0003481894	0	0	0	0	0	0	0.0003481894	0.001740947	0	0.0003481894	0	0	0	0	0	0	0.0194986072	0	0	0	0.0003481894	0	0	0	0.0003481894	0	0	0	0	0	0	0	0	0	0.0001740947	0	0	0	0	0	0.0001740947	0	0	0	0	0	0.01410167	0	0	0.0001740947	0	0	0	0	0	0	0	0	0	0	0.0003481894	0	0	0	0	0	0	0.0605849582	0	0	0	0	0	0	0	0	0	0	0	0	0	0	0	0	0	0	0	0	0	0	0	0	0	0	0	0	0	0	0	0	0	0	0	0	0	0	0	0	0	0	0	0	0	0	0	0	0	0	0	0	0	0	0	0	0	0	0	0	0	0	0	0	0	0	0	0	0	0	0	0	0	0	0	0	0	0	0	0	0	0	0	0	0	0	0	0	0	0	0	0	0	0	0	0	0	0	0	0	0	0	0	0	0	0	0	0	0	0	0	0	0	0	0	0	0	0	0	0	0	0	0	0	0	0	0	0	0	0	0	0	0	0	0	0	0	0	0	0	0	0	0	0	0	0	0	0	0	0	0	0	0	0	0	0	0	0	0	0	0	0	0	0	0	0	0	0	0	0	0	0	0	0	0	0	0	0	0	0	0	0	0	0	0	0	0	0	0	0	0	0	0	0	0	0	0	0	0	0	0	0	0	0	0	0	0	0	0	0	0	0	0	0	0	0	0	0	0	0	0	0	0	0	0	0	0	0	0	0	0	0	0	0	0	0	0	0	0	0	0	0	0	0	0	0	0	0	0	0	0	0	0	0	0	0	0	0	0	0	0	0	0	0	0	0	0	0	0	0	0	0	0	0	0	0	0	0	0	0	0	0	0	0	0	0	0	0	0	0	0
Schizaea dichotoma_yellowsand	0	9.19507e-05	0	0	0	0	0	3.8549e-05	0.000940316033333333	0	0	0	0.004876263	0	0	0	0.000701853366666667	0	0	0	3.8549e-05	0.000725496733333333	0.0005865634	0.00797022833333333	0.000694631933333333	0	0	0.0003641658	0	0	0	0.0002224504	0	0.000955631033333333	0.232248244333333	0.00261826966666667	0.0003902868	0	0	0	0	0	0	0	0	0.065373024	0.0100087929333333	0.000130499733333333	0.00562101633333333	0.0004697568	0.0725411466666667	0	0	0	0	0.000446060466666667	0	0.00650812466666667	0	0.001886764	0	0	0	0.000106803366666667	0.000448485166666667	5.21893333333333e-05	0	0	0.000365325333333333	0.00109902173333333	0	0	0	0	0.0007034228	0.0196380987666667	0.000144140033333333	0	0	0	0	0	0	0.000105591033333333	0.0009303127	0.00738559166666667	0	0.0288472766666667	0	0.00575812866666667	0.000351737766666667	0.0010234757	0	0.00786422066666667	0	0	0.00174695766666667	0	0	0	3.8549e-05	0	0	0	0	0.0028797847	0	3.8549e-05	5.34017e-05	0	0	0	0.000144140033333333	0	0	9.19507e-05	0	0	5.34017e-05	0.02032529	0.0202096033333333	0.00192247833333333	0.00450663866666667	0	0.00168032566666667	0.000160205066666667	0	3.8549e-05	0.00265560633333333	0	3.8549e-05	0	0	0	0	0	0.000167836366666667	0.00166310113333333	9.07383333333333e-05	0	0	0	0.002315137	0.000479812833333333	0.00102788013333333	0	0	0.0136727903333333	0.0196168566666667	0.00850557633333333	0.0673941066666667	0	0	0.000651286066666667	0.00164020736666667	0.0606155544	0.000299548433333333	0	0	0.00200916966666667	0	5.21893333333333e-05	0.0007022631	0	0	0.00491680303333333	0	0	5.21893333333333e-05	0.00212597633333333	0.0126859833333333	0.000466172533333333	0.017315047	0.000350525466666667	0	0.00347125036666667	0.1459297	0.0110063436666667	0	0	0	0	0.000966846833333333	0	0	0	0	0	0	0	7.70980333333333e-05	0.000603893566666667	0	0.000828715766666667	0	0	0	0	0	0.0001043787	0.0153287912666667	0	0.0005938374	0	0.000169048733333333	5.34017e-05	0	0	7.70980333333333e-05	5.34017e-05	0	0	0	0	0	0	0	0	0.000406299066666667	0	0	0	0	0	0	0	0	0	0	0	0.0146699133333333	0	0.000154196066666667	0.000236090733333333	0.000213606733333333	0	0	0	0	0	0	0	0	0	5.34017e-05	5.21893333333333e-05	0	0	0	0	0	0.0382773144	0	0	0	0	0	0	0	0	0	0	0	0	0	0	0	0	0	0	0	0	0	0	0	0	0	0	0	0	0	0	0	0	0	0	0	0	0	0	0	0	0	0	0	0	0	0	0	0	0	0	0	0	0	0	0	0	0	0	0	0	0	0	0	0	0	0	0	0	0	0	0	0	0	0	0	0	0	0	0	0	0	0	0	0	0	0	0	0	0	0	0	0	0	0	0	0	0	0	0	0	0	0	0	0	0	0	0	0	0	0	0	0	0	0	0	0	0	0	0	0	0	0	0	0	0	0	0	0	0	0	0	0	0	0	0	0	0	0	0	0	0	0	0	0	0	0	0	0	0	0	0	0	0	0	0	0	0	0	0	0	0	0	0	0	0	0	0	0	0	0	0	0	0	0	0	0	0	0	0	0	0	0	0	0	0	0	0	0	0	0	0	0	0	0	0	0	0	0	0	0	0	0	0	0	0	0	0	0	0	0	0	0	0	0	0	0	0	0	0	0	0	0	0	0	0	0	0	0	0	0	0	0	0	0	0	0	0	0	0	0	0	0	0	0	0	0	0	0	0	0	0	0	0	0	0	0	0	0	0	0	0	0	0	0	0	0	0	0	0	0	0	0	0	0	0	0	0	0	0	0	0	0	0	0	0	0	0	0	0	0	0
Smilax australis_blackbutt	0	0	0	0	0	0	0	0	0.0004574565	0	0	0	0.009759073	0	0	0	0.0001524855	0	0	0	0.0006099421	0.0001524855	0	0.002439768	0.0006099421	0	0	0	0	0	0	0	0	0.001067399	0.199756023	0.006861848	0	0	0	0	0	0	0	0	0	0.02790485	0.0045745654	0	0.007624276	0.000304971	0.05596218	0	0	0	0	0.0006099421	0	0.007776761	0	0.001524855	0	0	0	0	0.0006099421	0	0	0	0.0001524855	0.0001524855	0	0	0	0	0.0001524855	0.02195791	0	0	0	0	0	0	0	0.0007624276	0.001982312	0.006251906	0	0.01113144	0	0.003507167	0.000304971	0.001067399	0	0.01204636	0	0	0.0007624276	0	0	0	0	0	0	0	0	0.007776761	0	0.0001524855	0.0001524855	0	0	0	0	0	0	0	0	0	0.0001524855	0.0126563	0.01326624	0.003964623	0.002592254	0	0.0001524855	0	0	0	0.001524855	0	0	0	0	0	0	0	0	0.0004574565	0	0	0	0	0.001524855	0	0.000304971	0	0	0.007776761	0.01555352	0.00442208	0.06892345	0	0	0.0007624276	0.0007624276	0.0454406831	0	0.0001524855	0	0.00137237	0	0	0.000304971	0	0	0.001982312	0.0001524855	0	0	0.001829826	0.005184507	0.002134797	0.01479109	0.0001524855	0	0.001829826	0.3144251	0.01494358	0	0	0	0	0.0007624276	0	0	0	0	0	0	0	0.0004574565	0.0001524855	0	0.0001524855	0	0	0	0	0	0	0.0298871607	0	0.0001524855	0	0	0	0	0	0	0	0	0	0	0	0	0	0	0	0	0	0	0	0	0	0	0	0	0	0	0	0.009606587	0	0.0009149131	0.0001524855	0.0001524855	0	0	0	0	0	0	0	0	0	0.0001524855	0	0	0	0	0	0	0.0208905154	0	0	0	0	0	0	0	0	0	0	0	0	0	0	0	0	0	0	0	0	0	0	0	0	0	0	0	0	0	0	0	0	0	0	0	0	0	0	0	0	0	0	0	0	0	0	0	0	0	0	0	0	0	0	0	0	0	0	0	0	0	0	0	0	0	0	0	0	0	0	0	0	0	0	0	0	0	0	0	0	0	0	0	0	0	0	0	0	0	0	0	0	0	0	0	0	0	0	0	0	0	0	0	0	0	0	0	0	0	0	0	0	0	0	0	0	0	0	0	0	0	0	0	0	0	0	0	0	0	0	0	0	0	0	0	0	0	0	0	0	0	0	0	0	0	0	0	0	0	0	0	0	0	0	0	0	0	0	0	0	0	0	0	0	0	0	0	0	0	0	0	0	0	0	0	0	0	0	0	0	0	0	0	0	0	0	0	0	0	0	0	0	0	0	0	0	0	0	0	0	0	0	0	0	0	0	0	0	0	0	0	0	0	0	0	0	0	0	0	0	0	0	0	0	0	0	0	0	0	0	0	0	0	0	0	0	0	0	0	0	0	0	0	0	0	0	0	0	0	0	0	0	0	0	0	0	0	0	0	0	0	0	0	0	0	0	0	0	0	0	0	0	0	0	0	0	0	0	0	0	0	0	0	0	0	0	0	0	0	0	0
Smilax australis_freshwaterRd	0	0.0001449517	0	0	0	0	0	0	0.00022809105	0	0	0	0.00136854605	0	0	0	0.000249418	0	0	0	6.181235e-05	0.00045618205	8.313935e-05	0.001432527	0.00026857635	0	0	0.0002899034	0	0	0	0.0001449517	0	0.00045618205	0.2168361595	0.0019013615	6.181235e-05	0	0	0	0	0	0	0	0	0.007635806	0.00630088085	0	0.0055399745	0.0003730427	0.04323284	0	0	0	0	0.0001449517	0	0.004163113	0	0.0175912105	0	0	0	8.313935e-05	0.000249418	0	0	0	0	0.0017755682	0	0	0	0	0.00047750905	0.000914533	0	0	0	0	0	0	0.0002899034	0.0004156967	0.000805729	0.002679617	0	0.011794942	0	0.0028863812	0.0001449517	0.00051799435	0	0.008125609	0	0	0.0004156967	0	0	0	8.313935e-05	0	0	8.313935e-05	0	0.012435125	0	8.313935e-05	0	0	0	0	8.313935e-05	0	0	0	0	0	0	0.01495135	0.014612285	0.0011147905	0.002295731	0	0.00062246075	0.001298059	0	0	0.00089320585	0	0.00037087405	0	0	0	0	0	6.181235e-05	0.0007674125	0.0001236247	0	0	0	0.00111912805	0.000249418	8.313935e-05	0	0	0.022119055	0.014280449	0.0101650585	0.13151815	0	0	0.001792558	0.00080789775	0.1030541688	0.0001662787	0.00020676405	0	0.0027135965	0	0	0.0003943697	0	0	0.0018247282	0	0	0	0.0009550182	0.0059155455	0.00043268635	0.011708915	6.181235e-05	0	0.007560622	0.21214455	0.030235255	0	0	0	0	8.313935e-05	0	0	0	0	0	0	0	0.0001662787	0.0001449517	0	0.0002899034	0	0	0	0	0	0	0.01215425435	0	8.313935e-05	0	8.313935e-05	0	0	0	0.0004944987	0	0	0	0	0	0	0	0	0	0.0001449517	0	0	0	0	0	0	0	0	0	0	0	0.011393348	8.313935e-05	8.313935e-05	0	0.0001449517	0	0	0	0	0	0	0	0	0	0.00037087405	0	0	0	0	0	0	0.02434971345	0	0	0	0	0	0	0	0	0	0	0	0	0	0	0	0	0	0	0	0	0	0	0	0	0	0	0	0	0	0	0	0	0	0	0	0	0	0	0	0	0	0	0	0	0	0	0	0	0	0	0	0	0	0	0	0	0	0	0	0	0	0	0	0	0	0	0	0	0	0	0	0	0	0	0	0	0	0	0	0	0	0	0	0	0	0	0	0	0	0	0	0	0	0	0	0	0	0	0	0	0	0	0	0	0	0	0	0	0	0	0	0	0	0	0	0	0	0	0	0	0	0	0	0	0	0	0	0	0	0	0	0	0	0	0	0	0	0	0	0	0	0	0	0	0	0	0	0	0	0	0	0	0	0	0	0	0	0	0	0	0	0	0	0	0	0	0	0	0	0	0	0	0	0	0	0	0	0	0	0	0	0	0	0	0	0	0	0	0	0	0	0	0	0	0	0	0	0	0	0	0	0	0	0	0	0	0	0	0	0	0	0	0	0	0	0	0	0	0	0	0	0	0	0	0	0	0	0	0	0	0	0	0	0	0	0	0	0	0	0	0	0	0	0	0	0	0	0	0	0	0	0	0	0	0	0	0	0	0	0	0	0	0	0	0	0	0	0	0	0	0	0	0	0	0	0	0	0	0	0	0	0	0	0	0	0	0	0	0	0	0
Smilax australis_rainforest	0	0.000355636433333333	0	0	0	0	0	0	0.000335929566666667	0	8.83965666666667e-05	0	0.00254616533333333	0	0	0	0.0002354772	0	0	0	0.000159136466666667	0.000781576333333333	0	0.00492129	0.0001575227	0	0	0.000169578566666667	0	0	0	0.000211783366666667	0	0.000814952633333333	0.147897092666667	0.00141886333333333	0.0001872352	0	0	0	0	0	0	0	0	0.0104687783333333	0.0080528938	7.95682333333333e-05	0.00571291133333333	0.000487851566666667	0.0536996066666667	0	0	0	0	0.000534043333333333	0	0.00751668433333333	0	0.004253665	0	0	0	0.000286510266666667	0.000233863433333333	0	0	0	4.0591e-05	0.002706993	0	3.89772333333333e-05	0	0	0.0004950661	0.0004171116	4.94193333333333e-05	7.95682333333333e-05	0	0	0	0	0.000159136466666667	0.000118545466666667	0.0002085558	0.00663991666666667	0	0.0302464366666667	0	0.004953452	0.0002579751	0.006713027	0	0.00621959666666667	0	0	0.00177214496666667	0	0	0	0.000159136466666667	0	4.0591e-05	0	0	0.00382588466666667	0	0.0001575227	4.94193333333333e-05	0	0	0	0.0001981137	3.89772333333333e-05	0	0	0	0	0	0.0212243366666667	0.0201018066666667	0.00141164866666667	0.00638028933333333	0	0.001813477	0.000293724833333333	0	4.0591e-05	0.001746401	0	0.000121773	0	0	0	0	0	0.000137815866666667	0.002013964	0	0	0	0	0.0012111803	0.000364464766666667	0.000401068733333333	0	0	0.0133956266666667	0.0319454	0.015168393	0.0835357066666667	0	0	0.000816130166666667	0.00112794796666667	0.0823197863	0.000691566	0.000130601333333333	0	0.000851556766666667	0	0	0.000661417	0	0	0.011356034	0	0	4.0591e-05	0.0010355643	0.0107912666666667	0.000247533033333333	0.012299214	0.000180020633333333	0	0.003752582	0.262076833333333	0.0262577433333333	0	0	0	0	0.000540498366666667	4.0591e-05	0	0	0	0	0	0	0.000180020633333333	0.000827008633333333	0	0.000748199966666667	0	0	0	0	0	0	0.0207268820666667	0	0.000420339133333333	0	7.95682333333333e-05	8.1182e-05	0	0	4.94193333333333e-05	0	0	0	0	0	0	0	0	0	0.000325487533333333	0	0	0	0	0	0	0	0	0	0	0	0.0129277663333333	0	3.89772333333333e-05	0.0002579751	0	0	0	0	0	0	0	0	0	0	9.88386333333333e-05	0	0	0	0	0	0	0.0295200339666667	0	0	0	0	0	0	0	0	0	0	0	0	0	0	0	0	0	0	0	0	0	0	0	0	0	0	0	0	0	0	0	0	0	0	0	0	0	0	0	0	0	0	0	0	0	0	0	0	0	0	0	0	0	0	0	0	0	0	0	0	0	0	0	0	0	0	0	0	0	0	0	0	0	0	0	0	0	0	0	0	0	0	0	0	0	0	0	0	0	0	0	0	0	0	0	0	0	0	0	0	0	0	0	0	0	0	0	0	0	0	0	0	0	0	0	0	0	0	0	0	0	0	0	0	0	0	0	0	0	0	0	0	0	0	0	0	0	0	0	0	0	0	0	0	0	0	0	0	0	0	0	0	0	0	0	0	0	0	0	0	0	0	0	0	0	0	0	0	0	0	0	0	0	0	0	0	0	0	0	0	0	0	0	0	0	0	0	0	0	0	0	0	0	0	0	0	0	0	0	0	0	0	0	0	0	0	0	0	0	0	0	0	0	0	0	0	0	0	0	0	0	0	0	0	0	0	0	0	0	0	0	0	0	0	0	0	0	0	0	0	0	0	0	0	0	0	0	0	0	0	0	0	0	0	0	0	0	0	0	0	0	0	0	0	0	0	0	0	0	0	0	0	0	0	0	0	0	0	0	0	0	0	0	0	0	0	0	0	0	0	0
Smilax australis_yellowsand	0	0.0003233107	0	0	0	0	0	0	0.00049392115	0	0.00017061045	0	0.0061066185	0	0	0	0.0003233107	0	0	0	0.00050287615	0.00084409695	8.978275e-05	0.003888219	0.00024248305	0	0	0.00052078625	0	0	0	0.00017956545	0	0.00074535895	0.2783362755	0.003026212	8.08277e-05	0	0	0	0	0	0	0	0	0.043394345	0.0139078319	0	0.004399818	0.0003412208	0.02361634	0	0	0	0	0.0004220485	0	0.0056126975	0	0.0019035795	0	0	0	8.08277e-05	0.00041309345	0	0	0	0.00017956545	0.0008888722	0	0	0	0	0.00051183125	0.00185857205	0	8.978275e-05	0	0	0	0	8.08277e-05	0.00017061045	0.00017061045	0.009959019	0	0.017574035	0	0.003286605	0	0	0	0.0113946115	0	0	0.0020475572	0	0	0	0.00043100355	0	0	0	0	0.002164205	0	0.00024248305	0	0	0	0	0.0002693482	0	0	0	0	0	0	0.0157510495	0.015157	0.001355928	0.003861354	0	0.0052356565	8.978275e-05	0	0	0.00109553515	0	0	0	0	8.978275e-05	0	0	0	0.0007632693	0	0	0	0	0.00075431425	0.00017061045	0.00017956545	0	0	0.012319535	0.01707092	0.0015354935	0.089059325	0	0	0.0008620072	0.00085305205	0.04352356245	0.0003591309	0	0	0.0015894565	0	0	0.00024248305	0	0	0.00174215665	0	0	0	0.0016434187	0.010829978	0.00017061045	0.027017735	0.0013019659	0	0.0027655865	0.22946205	0.01391841	0	0	0	0	0.0003412208	8.978275e-05	0	0	0	0	0	0	0.0002514381	0.00016165535	0	0.0002514381	0	0	0	0	0	0	0.02778146915	0	0.0003233107	0	0	8.978275e-05	0	0	8.978275e-05	0	0	0	0	0	0	0	0	0	0	0	0	0	0	0	0	0	0	0	0	0	0.011771888	0	0.0003412208	8.08277e-05	0	0	0	0	0	0	0	0	0	0	8.08277e-05	0	0	0	0	0	0	0.016289048	0	0	0	0	0	0	0	0	0	0	0	0	0	0	0	0	0	0	0	0	0	0	0	0	0	0	0	0	0	0	0	0	0	0	0	0	0	0	0	0	0	0	0	0	0	0	0	0	0	0	0	0	0	0	0	0	0	0	0	0	0	0	0	0	0	0	0	0	0	0	0	0	0	0	0	0	0	0	0	0	0	0	0	0	0	0	0	0	0	0	0	0	0	0	0	0	0	0	0	0	0	0	0	0	0	0	0	0	0	0	0	0	0	0	0	0	0	0	0	0	0	0	0	0	0	0	0	0	0	0	0	0	0	0	0	0	0	0	0	0	0	0	0	0	0	0	0	0	0	0	0	0	0	0	0	0	0	0	0	0	0	0	0	0	0	0	0	0	0	0	0	0	0	0	0	0	0	0	0	0	0	0	0	0	0	0	0	0	0	0	0	0	0	0	0	0	0	0	0	0	0	0	0	0	0	0	0	0	0	0	0	0	0	0	0	0	0	0	0	0	0	0	0	0	0	0	0	0	0	0	0	0	0	0	0	0	0	0	0	0	0	0	0	0	0	0	0	0	0	0	0	0	0	0	0	0	0	0	0	0	0	0	0	0	0	0	0	0	0	0	0	0	0	0	0	0	0	0	0	0	0	0	0	0	0	0	0	0	0	0	0
Smilax glyciphylla_blackbutt	0	0.00167383296666667	0	0	0	0	0	0.000154227313333333	0.002318579	0	4.99563e-05	0	0.00918551266666667	0	0	0	0.000426588913333333	0	0	0	0.000408254173333333	0.000492817833333333	0.000317970833333333	0.00704591466666667	0.000370449466666667	4.65215666666667e-05	0	0.000772184666666667	0	0	0	0.00021633521	0	0.00190481633333333	0.263125426666667	0.004777205	0.000137841653333333	0	1.63856533333333e-05	0	0	0	0	0	0	0.02383341	0.0175442394	0.00015766204	0.00489516966666667	0.00038682378	0.03553961	0	2.49781433333333e-05	0	0	0.00056007208	0	0.006503257	0	0.00236747566666667	0	0	0	2.49781433333333e-05	0.001551114	3.27713066666667e-05	0	0	0.0001749714	0.0010978243	0	0	0	0	0.000573023066666667	0.00782349106666667	0	9.304314e-05	0	0	0	0	0.000329998033333333	0.000783288133333333	0.000247270433333333	0.01340063	0	0.01550809	0	0.00454963366666667	0.00010770574	2.49781433333333e-05	0	0.0137713903333333	0	0	0.0013658386	0	0	0	0.0001154989	0	0	0	0	0.00522664066666667	0	0.000244748046666667	0	0	0	0	0.000211976746666667	0	0.000118021283333333	0	0	0	6.02718333333333e-05	0.0262610866666667	0.0244417666666667	0.00416289733333333	0.003728654	0	0.001627647	2.49781433333333e-05	0	0	0.0010893334	0	0	9.13200866666667e-05	0	0	0	0	0	0.00100717896666667	2.49781433333333e-05	0	0	0	0.002002105	0.000233520166666667	4.13637966666667e-05	0	0	0.0216096866666667	0.0172796366666667	0.00741922466666667	0.0584575233333333	0	0	0.000443785266666667	0.000802882466666667	0.073014423	0.000189634	4.13637966666667e-05	0	0.00183420623333333	0	0	0.000134406943333333	0	0	0.00576599866666667	5.774945e-05	0	0	0.00326478833333333	0.00922576533333333	0.000476319166666667	0.0321965666666667	0.0009531018	0	0.003059127	0.1611556	0.011044313	0	0	0	0	0.000808153266666667	3.01359133333333e-05	0	0	0	0	0	0	0.0004654417	0.00232223933333333	0	0.000261133713333333	0	0	0	0	0	1.63856533333333e-05	0.0281540119333333	0	0.000280041733333333	0	3.27713066666667e-05	2.49781433333333e-05	0	0	1.63856533333333e-05	1.63856533333333e-05	0	0	0	0	0	0	0	0	8.27276066666667e-05	0	0	0	0	0	0	0	0	0	0	0	0.0180306233333333	0	0.000835879766666667	3.27713066666667e-05	7.149971e-05	0	0	0	0	1.63856533333333e-05	0	0	0	0	0.000362769333333333	0	0	2.49781433333333e-05	0	0	0	0.0222606573333333	0	0	0	0	0	0	0	0	0	0	0	0	0	0	0	0	0	0	0	0	0	0	0	0	0	0	0	0	0	0	0	0	0	0	0	0	0	0	0	0	0	0	0	0	0	0	0	0	0	0	0	0	0	0	0	0	0	0	0	0	0	0	0	0	0	0	0	0	0	0	0	0	0	0	0	0	0	0	0	0	0	0	0	0	0	0	0	0	0	0	0	0	0	0	0	0	0	0	0	0	0	0	0	0	0	0	0	0	0	0	0	0	0	0	0	0	0	0	0	0	0	0	0	0	0	0	0	0	0	0	0	0	0	0	0	0	0	0	0	0	0	0	0	0	0	0	0	0	0	0	0	0	0	0	0	0	0	0	0	0	0	0	0	0	0	0	0	0	0	0	0	0	0	0	0	0	0	0	0	0	0	0	0	0	0	0	0	0	0	0	0	0	0	0	0	0	0	0	0	0	0	0	0	0	0	0	0	0	0	0	0	0	0	0	0	0	0	0	0	0	0	0	0	0	0	0	0	0	0	0	0	0	0	0	0	0	0	0	0	0	0	0	0	0	0	0	0	0	0	0	0	0	0	0	0	0	0	0	0	0	0	0	0	0	0	0	0	0	0	0	0	0	0	0	0	0	0	0	0	0	0	0	0	0	0	0	0	0	0	0	0
Smilax glyciphylla_freshwaterRd	0	0.00076109465	0	0	0	0	0	5.3041e-05	0.0009362688	0	5.5510405e-05	0	0.0072458835	0	0	0	0.000517274	0	0	0	0.0017241319	0.0004251682	0.00019942255	0.0049733175	0.0004469473	0	0	0.0006069104	0	0	0	3.7830065e-05	0	0.001581009	0.2162398565	0.0042335565	0.000196953115	0	3.536068e-05	0	0	0	0	0	0	0.007994529	0.013990201	8.84017e-05	0.004086335	0.00038239935	0.047996875	0	0	1.8915035e-05	0	0.00035321215	0	0.0066694465	0	0.0040884605	0	0	0	1.8915035e-05	0.001189967	3.7830065e-05	0	0	0.0006258254	0.0021500895	0	0	0	0	0.00031291275	0.002370502	0	1.768034e-05	0	0	0	0	0.00053658365	0.00083018675	0.0003519775	0.0083466595	0	0.0134421105	0	0.0037088745	0.00027384795	0.0003420999	0	0.014643535	0	0	0.0014942365	0	0	0	0.0001652965	0	3.7830065e-05	0	0	0.003162464	0	0.000311678	0	0	1.768034e-05	0	0.0001097861	0	1.768034e-05	1.768034e-05	0	0	0.00011102083	0.02658904	0.014860535	0.006537881	0.0031837975	0	0.001135691	0.0002232763	0	0	0.001116776	0	0	0	0	0	0	0	0	0.00125658965	1.768034e-05	0	0	0	0.0019662725	0.0002384873	0.00011225549	0	0	0.022231265	0.01772159	0.007585666	0.10097023	0	0	0.00091404435	0.00079769005	0.0958036824	0.0001665312	0.0001463815	0	0.0014564065	0	0	0.00038610345	0	0	0.004612252	1.768034e-05	0	0	0.0021500895	0.0081550405	0.0005941688	0.029723345	0.0006056757	0	0.0064214255	0.16498935	0.01541377	0	0	0	0	0.00085813925	1.8915035e-05	0	0	0	0	0	0	0.000303035165	0.00113732065	0	0.00012993583	0	0	0	0	0	3.7830065e-05	0.03353351745	0	0.00036471905	0	8.84017e-05	5.5510405e-05	1.8915035e-05	0	0.00012870115	7.3190745e-05	0	0	0	0	0	0	0	0	9.210578e-05	0	0	0	0	0	0	0	0	0	0	0	0.02099098	0	0.00056290685	7.1956035e-05	9.0871065e-05	0	0	0	0	3.7830065e-05	0	0	0	0	0.00014761615	0	0	1.768034e-05	0	0	0	0.0225559877	0	0	0	0	0	0	0	0	0	0	0	0	0	0	0	0	0	0	0	0	0	0	0	0	0	0	0	0	0	0	0	0	0	0	0	0	0	0	0	0	0	0	0	0	0	0	0	0	0	0	0	0	0	0	0	0	0	0	0	0	0	0	0	0	0	0	0	0	0	0	0	0	0	0	0	0	0	0	0	0	0	0	0	0	0	0	0	0	0	0	0	0	0	0	0	0	0	0	0	0	0	0	0	0	0	0	0	0	0	0	0	0	0	0	0	0	0	0	0	0	0	0	0	0	0	0	0	0	0	0	0	0	0	0	0	0	0	0	0	0	0	0	0	0	0	0	0	0	0	0	0	0	0	0	0	0	0	0	0	0	0	0	0	0	0	0	0	0	0	0	0	0	0	0	0	0	0	0	0	0	0	0	0	0	0	0	0	0	0	0	0	0	0	0	0	0	0	0	0	0	0	0	0	0	0	0	0	0	0	0	0	0	0	0	0	0	0	0	0	0	0	0	0	0	0	0	0	0	0	0	0	0	0	0	0	0	0	0	0	0	0	0	0	0	0	0	0	0	0	0	0	0	0	0	0	0	0	0	0	0	0	0	0	0	0	0	0	0	0	0	0	0	0	0	0	0	0	0	0	0	0	0	0	0	0	0	0	0	0	0	0
Smilax glyciphylla_rainforest	0	0.0006967839	0	0	0	0	0	8.172385e-05	0.00084661095	0	4.0861915e-05	0	0.012240795	0	0	0	4.0861915e-05	0	0	0	0.00082363255	0.0004788537	0.00038350925	0.007184105	0.00031327465	0	0	0.0003949985	0	0	0	1.362064e-05	0	0.001983518	0.212890324	0.005154163	0.0001089651	0	0	0	0	0	0	0	0	0.01987271	0.0120279569	0.000233682225	0.0057296605	0.0009462183	0.091692885	0	0	2.7241275e-05	0	0.0002587921	0	0.004128352	0	0.0033490125	0	0	0	0.000247302865	0.00089173575	1.362064e-05	0	0	0.00019068895	0.0013254644	0	0	0	0	0.000671674	0.0070870982	0	0	0	0	0	0	0.000149827	0.0005741982	0.00045161245	0.007840027	0	0.013216385	0	0.005610038	0.0007555294	0.00042650254	0	0.006967839	0	0	0.0016996165	0	0	0	0.00045161245	0	1.362064e-05	0	0	0.00360141	0	0.0002860334	0	0	6.81032e-05	0	0.0002179302	0	0	4.0861915e-05	0	0	0	0.01504285	0.011370737	0.003361334	0.0018839109	0	0.00088960425	0.00012258575	0	2.7241275e-05	0.0018766845	0	0	4.0861915e-05	0	0	0	0	0.00020644095	0.00118712695	0	0	0	0	0.0026509295	9.534445e-05	0.00061719145	0	0	0.0090045415	0.009949096	0.0144882	0.052760365	0	0	0.0006150601	0.00079212845	0.063273729	0.0002881648	9.534445e-05	0	0.0014680654	0	0	0.001549789	0	0	0.0044552475	1.362064e-05	0	1.362064e-05	0.003161287	0.0075539935	0.00071253595	0.023812875	0.00064443275	0	0.0023333919	0.23849685	0.0118943505	0	0	0	0	0.001341217	1.362064e-05	0	0	0	0	0	0	0.000149827	0.00095983895	0	5.448255e-05	0	0	0	0	0	1.362064e-05	0.029083695	0	0.00012258575	0	0.00038350925	1.362064e-05	0	0	4.0861915e-05	0	0	0	0	0	0	0	0	0	2.7241275e-05	0	0	0	0	0	0	0	0	0	0	0	0.014154075	0	0.00074190875	0.00016344765	4.0861915e-05	0	0	0	0	0	0	0	0	0	0.00016344765	0	0	0	0	0	0	0.0310408041	0	0	0	0	0	0	0	0	0	0	0	0	0	0	0	0	0	0	0	0	0	0	0	0	0	0	0	0	0	0	0	0	0	0	0	0	0	0	0	0	0	0	0	0	0	0	0	0	0	0	0	0	0	0	0	0	0	0	0	0	0	0	0	0	0	0	0	0	0	0	0	0	0	0	0	0	0	0	0	0	0	0	0	0	0	0	0	0	0	0	0	0	0	0	0	0	0	0	0	0	0	0	0	0	0	0	0	0	0	0	0	0	0	0	0	0	0	0	0	0	0	0	0	0	0	0	0	0	0	0	0	0	0	0	0	0	0	0	0	0	0	0	0	0	0	0	0	0	0	0	0	0	0	0	0	0	0	0	0	0	0	0	0	0	0	0	0	0	0	0	0	0	0	0	0	0	0	0	0	0	0	0	0	0	0	0	0	0	0	0	0	0	0	0	0	0	0	0	0	0	0	0	0	0	0	0	0	0	0	0	0	0	0	0	0	0	0	0	0	0	0	0	0	0	0	0	0	0	0	0	0	0	0	0	0	0	0	0	0	0	0	0	0	0	0	0	0	0	0	0	0	0	0	0	0	0	0	0	0	0	0	0	0	0	0	0	0	0	0	0	0	0	0	0	0	0	0	0	0	0	0	0	0	0	0	0	0	0	0	0	0
Smilax glyciphylla_roadside	0	0.0016441425	0	0	0	0	0	4.158523e-05	0.0018951645	0	2.041483e-05	0	0.011660586	0	0	0	0.00024762245	0	0	0	0.0012509712	0.00045403745	0.00016558536	0.004618256	0.00062113395	0	0	0.0010914305	0	0	0	0.0001860002	0	0.002763921	0.186923344	0.009750295	0.00012362235	0	0	0	0	0	0	0	0	0.003020247	0.01891577115	0.0001455483	0.004597841	0.0003092447	0.081873175	0	4.158523e-05	0	0	0.00041396335	0	0.009701883	0	0.002354113	0	0	0	4.1207445e-05	0.001855846	4.1207445e-05	0	0	0.00024573353	0.0015390459	0	0	0	0	0.0005160375	0.0038806925	0	4.158523e-05	0	0	0	0	0.00111448975	0.0009466378	0.0004332448	0.014193525	0	0.022372635	0	0.005955798	0.00018486685	0.0001247557	0	0.016069785	0	0	0.001586298	0	0	0	0.00051452635	0	6.1622275e-05	0	0	0.0065198285	0	0.00053380785	6.237785e-05	0	0	0	0.00020490388	0	0	0	0	0	8.16593e-05	0.03466114	0.02370336	0.004563826	0.0061996425	0	0.0024633655	0.00020717056	0	0	0.001196149	0	2.041483e-05	8.279268e-05	0	0	0	0	0	0.0011137344	4.158523e-05	0	0	0	0.003115884	0.00028807435	0.00024837805	0	0	0.022028225	0.02390296	0.008943919	0.07682295	0	0	0.000370867	0.00105173405	0.0986601228	0.00038977065	0.00010207415	0	0.00102451915	0	0	0.00024875581	0	0	0.0049263815	0	0	0	0.0037559215	0.011805365	0.00063852645	0.0318954	0.00104720085	0	0.0043335815	0.103419275	0.015697395	0	0	0	0	0.0012736529	0	0	0	0	0	0	0	0.00028656318	0.001609735	0	0.00026917065	0	0	0	0	0	6.200006e-05	0.0338975248	0	0.00051528195	0	0.00014479271	0	4.158523e-05	0	8.16593e-05	0	0	0	0	0	0	0	0	0	4.1207445e-05	0	0	0	0	0	0	0	0	0	0	0	0.016805855	0	0.00114511955	6.12445e-05	0.000102451915	0	0	0	0	0	0	0	0	0	0.00045592635	0	0	0	0	0	0	0.03028216775	0	0	0	0	0	0	0	0	0	0	0	0	0	0	0	0	0	0	0	0	0	0	0	0	0	0	0	0	0	0	0	0	0	0	0	0	0	0	0	0	0	0	0	0	0	0	0	0	0	0	0	0	0	0	0	0	0	0	0	0	0	0	0	0	0	0	0	0	0	0	0	0	0	0	0	0	0	0	0	0	0	0	0	0	0	0	0	0	0	0	0	0	0	0	0	0	0	0	0	0	0	0	0	0	0	0	0	0	0	0	0	0	0	0	0	0	0	0	0	0	0	0	0	0	0	0	0	0	0	0	0	0	0	0	0	0	0	0	0	0	0	0	0	0	0	0	0	0	0	0	0	0	0	0	0	0	0	0	0	0	0	0	0	0	0	0	0	0	0	0	0	0	0	0	0	0	0	0	0	0	0	0	0	0	0	0	0	0	0	0	0	0	0	0	0	0	0	0	0	0	0	0	0	0	0	0	0	0	0	0	0	0	0	0	0	0	0	0	0	0	0	0	0	0	0	0	0	0	0	0	0	0	0	0	0	0	0	0	0	0	0	0	0	0	0	0	0	0	0	0	0	0	0	0	0	0	0	0	0	0	0	0	0	0	0	0	0	0	0	0	0	0	0	0	0	0	0	0	0	0	0	0	0	0	0	0	0	0	0	0	0
Smilax glyciphylla_yellowsand	0	0.00108210666666667	0	0	0	0	0	0.000111360776666667	0.00142468666666667	0	0	0	0.009122229	0	0	0	0.000381222183333333	0	0	0	0.000589694733333333	0.0004347693	0.0003511377	0.00763659666666667	0.000396400233333333	0	0	0.0005882101	0	0	0	5.00833733333333e-05	0	0.00215129533333333	0.156920236333333	0.006652985	0.00010796497	0	1.55625066666667e-05	0	0	0	0	0	0	0.00496269266666667	0.00917682386666667	0.000136419413333333	0.00490392333333333	0.000300534066666667	0.0611851966666667	0	0	1.72604266666667e-05	0	0.000402918966666667	0	0.0153830216666667	0	0.00171751633333333	0	0	0	1.72604266666667e-05	0.00162653063333333	1.72604266666667e-05	0	0	0.000212047733333333	0.00187834666666667	0	0	0	0	0.0004571574	0.000507342493333333	0	4.838544e-05	0	0	0	0	0.000138603666666667	0.0007413699	0.00131475086666667	0.00922191733333333	0	0.0174641266666667	0	0.00534707966666667	0.00015465247	0.0022935069	0	0.007564977	0	0	0.00160006333333333	0	0	0	0.000316616833333333	0	1.55625066666667e-05	0	0	0.00568323833333333	0	0.000455186566666667	4.23190766666667e-05	0	2.894079e-05	0	0.00019745786	0	0	1.33782833333333e-05	0	0	6.17637233333333e-05	0.04250077	0.01807009	0.005644533	0.003362083	0	0.00221043863333333	0.0002076793	0	5.73952933333333e-05	0.00113215593333333	0	3.063871e-05	0.000115242923333333	0	0	0	0	1.33782833333333e-05	0.002849109	7.514201e-05	0	0	0	0.002592882	0.0003156103	0.000446696966666667	0	0	0.0138358586666667	0.0267015266666667	0.00560247066666667	0.0479640166666667	0	0	0.0004367145	0.00122850833333333	0.0836136639666667	0.000244870666666667	0.000142485803333333	0	0.002900276	0	0	0.0006650161	0	0	0.00404187766666667	3.45208666666667e-05	0	0	0.002515598	0.00832325666666667	0.00102744993333333	0.0244880266666667	0.000838618533333333	0	0.002930181	0.245022266666667	0.0144570333333333	0	1.33782833333333e-05	1.55625066666667e-05	0	0.000737316466666667	1.55625066666667e-05	0	0	0	0	0	0	0.0001052944	0.0004403833	0	0.000238318	0	0	0	0	0	9.507296e-05	0.0392033079	0	0.000259946866666667	0	9.97143666666667e-05	1.72604266666667e-05	0	0	6.12774366666667e-05	3.28229333333333e-05	0	0	0	0	0	0	0	0	1.33782833333333e-05	0	0	1.55625066666667e-05	0	0	1.55625066666667e-05	0	0	0	0	0	0.0113283146666667	0	0.000454700233333333	0.000136905766666667	0.0002181141	0	0	0	0	0	0	0	0	0	0.000150284033333333	0	0	0	0	0	0	0.0360711758	0	0	0	0	0	0	0	0	0	0	0	0	0	0	0	0	0	0	0	0	0	0	0	0	0	0	0	0	0	0	0	0	0	0	0	0	0	0	0	0	0	0	0	0	0	0	0	0	0	0	0	0	0	0	0	0	0	0	0	0	0	0	0	0	0	0	0	0	0	0	0	0	0	0	0	0	0	0	0	0	0	0	0	0	0	0	0	0	0	0	0	0	0	0	0	0	0	0	0	0	0	0	0	0	0	0	0	0	0	0	0	0	0	0	0	0	0	0	0	0	0	0	0	0	0	0	0	0	0	0	0	0	0	0	0	0	0	0	0	0	0	0	0	0	0	0	0	0	0	0	0	0	0	0	0	0	0	0	0	0	0	0	0	0	0	0	0	0	0	0	0	0	0	0	0	0	0	0	0	0	0	0	0	0	0	0	0	0	0	0	0	0	0	0	0	0	0	0	0	0	0	0	0	0	0	0	0	0	0	0	0	0	0	0	0	0	0	0	0	0	0	0	0	0	0	0	0	0	0	0	0	0	0	0	0	0	0	0	0	0	0	0	0	0	0	0	0	0	0	0	0	0	0	0	0	0	0	0	0	0	0	0	0	0	0	0	0	0	0	0	0	0	0	0	0	0	0	0	0	0	0	0	0	0	0	0	0	0	0	0	0
switchgrass_CLMB	0	9.81472019911504e-05	1.41457123893805e-06	0	0	0	0	7.98811349557522e-06	0.00163490063683628	3.51206650132743e-05	3.69445068097345e-05	9.02129353982301e-07	0.000155651155369469	7.51370965486726e-06	1.23000639380531e-06	0.000240069864422566	7.43256924778761e-06	2.21238938053097e-06	0	0.0011192304415708	0.000383692387190266	0.00124555132477876	5.00374079889381e-05	0.00590782653716814	3.48069783185841e-05	1.4968498e-05	0	0.000657761227654867	2.2381787079646e-06	0	0.00587692548451327	4.67023827433628e-06	0	3.88597185840708e-05	0.149126606575221	0.000183835930949115	0.00299467799668142	0	1.54523481327434e-05	0.00019979763664823	0	0	0	0	0	1.92834699712389e-05	0.0170501023506637	0.00115880751541593	0.0128152307320796	5.36931063340708e-05	0.021941685929646	8.51198451327434e-06	0	0.0058083132300885	0	0.000241464413548673	1.76126251769912e-06	0.0066868186090708	1.13402482168142e-05	0.0312585143814159	0.000588384182079646	1.08072865929204e-05	0	0	0.00132611410552434	4.35938716814159e-07	0	0	0.000208004846030973	0.00465614614665929	2.35995241150442e-06	3.28323646017699e-07	0	9.62528783185841e-06	0.000481426257522124	2.84326827433628e-05	0.000194592293871681	7.55303761946903e-06	2.86331977654867e-06	0	0	0	0.000221712254486726	0.000200962505066372	0.00968668967783186	0.00976561551216814	1.01266774845133e-05	0.00834602982588496	0.011535096579646	0.00195659320553097	8.32034269911504e-07	3.71898706349558e-05	2.43362831858407e-05	8.21871130530974e-05	1.53813562831858e-06	1.27798307964602e-06	0.00197169209026549	1.94882722035398e-05	0.000811882051327434	5.35585957964602e-07	1.63505610309735e-05	0	7.80502438274336e-06	0.000403471384867257	0	0.00934246179402655	6.22572539823009e-07	0.000591157817765487	4.43088163716814e-06	9.73099042853982e-05	1.58016043097345e-05	6.51672976637168e-05	5.50329020486726e-05	0	4.41273286283186e-06	0.000172964857577434	0	7.21940309402655e-05	0.000566061831393805	0.0234096352190265	0.032796001075	0.00038336002210177	0.00785591912455752	0	0.0203836189763274	1.21735360619469e-05	1.8948248539823e-06	0.00200481052964602	9.12275727212389e-05	7.1478203539823e-08	0.000275503936880531	0.000305316262035398	2.86118958628319e-06	7.33672699115044e-06	0	3.54529312345133e-05	0.000698222572123894	5.0921739380531e-05	1.28999531238938e-05	0.000154740436039823	1.10619469026549e-05	1.39592441814159e-06	0.00145312937632743	7.39925309734513e-06	0.000241419103931416	0.00402564590973451	0	0.000216839782743363	0.0171606479579646	0.0382448969247788	0.0546110421340708	1.89267687168142e-06	0.00374322641814159	0.00042056153710177	0.00184978498075221	0.108993677357301	0.00183919213427434	0.000160364564123894	0.000121338546896018	0.000650864727772124	0.0012536900460177	0.00120097146438053	0.000981539249557522	0	2.78532059734513e-07	0.0101836394070796	0.000345421080353982	3.81463741150442e-05	0.00015298885790708	0.00111471473809735	0.00868668935022124	0.0096888368064823	0.0894326148053097	0.000143495999858407	0	0.0115489871977876	0.0340863817256637	0.00429009218561947	2.13627575221239e-07	1.27749088495575e-07	0	0	8.61010493871681e-05	0.000567856930973451	0	1.1605064159292e-07	3.87987786017699e-05	0	0.00202970774469027	7.0027721e-05	6.91174734513274e-06	0.00187614177411504	0.00399850095176991	0.000833506577876106	0	0	0.00304502512522124	0	1.01464269911504e-07	5.45027809734513e-06	0.0127280405530973	0	1.65562139380531e-05	4.48386322676991e-05	0	0	0	0	4.23526012389381e-05	1.6893185840708e-06	1.32246583761062e-05	0	0	0	1.29887654867257e-08	0	3.23729196902655e-07	1.07247261061947e-07	0	9.71305724778761e-06	1.53034785353982e-05	0	0	1.1678114380531e-07	0	0	0	0	0	0	0.0111610511884956	0	7.04279317699115e-06	1.8942292699115e-07	6.92181592920354e-06	0	0	0	0	1.70791459336283e-05	0	0	0	0	0.0297592155862832	7.23829336283186e-08	0	0	0	0	0	0.0481659581586283	0	0.00244631788075221	6.77077792035398e-06	0.000453643672964602	3.59324453539823e-07	1.90603030973451e-07	0.000469160302986726	8.12649845132743e-08	1.44634920353982e-07	1.1714003539823e-07	0	3.70042871681416e-07	1.01043920353982e-07	7.43837100884956e-06	1.42853500442478e-06	2.3712707300885e-07	0	8.84401543362832e-07	0.000816672864380531	1.05953223451327e-07	0.000570992952013274	9.49631383716814e-05	8.49531283185841e-08	4.41267925884956e-06	0.00810404354446903	0	0	0.000701327433628319	6.12304776327434e-05	4.26176258849558e-07	1.76183494911504e-06	0.000305392952316372	8.58525221238938e-08	0.000214686214088496	0.000851454327809735	4.44616703539823e-08	1.48447935176991e-06	1.54483130530973e-07	0.0319726384708827	3.5741387199115e-05	0.000199999841367257	0.00160906483628319	0.000614870377103982	0.000141645175696903	8.21063862831858e-07	0.00175750943053097	0.000283715893628319	0.000245326534800885	0.000511193680376106	2.28481542942478e-05	3.54770730752212e-06	5.87228839911504e-05	6.48608791969027e-05	8.93300508849558e-08	1.18012789867257e-05	4.5449342920354e-07	0.000301361954933628	0.0026841226	0.000448769662986726	0	1.20136194690265e-06	0	4.29590265486726e-07	0	0	0.00109804067920354	0.000483234132964602	5.26323446902655e-05	0.000311652403097345	0.000283293445132743	4.07872522123894e-06	7.36512334070797e-05	0	0	0.000853982300884956	7.07964601769911e-05	0	0	0	0	0	0	0	0	0	0	0	0	0	0	0	0	0	0	0	0	0	0	0	0	0	0	0	0	0	0	0	0	0	0	0	0	0	0	0	0	0	0	0	0	0	0	0	0	0	0	0	0	0	0	0	0	0	0	0	0	0	0	0	0	0	0	0	0	0	0	0	0	0	0	0	0	0	0	0	0	0	0	0	0	0	0	0	0	0	0	0	0	0	0	0	0	0	0	0	0	0	0	0	0	0	0	0	0	0	0	0	0	0	0	0	0	0	0	0	0	0	0	0	0	0	0	0	0	0	0	0	0	0	0	0	0	0	0	0	0	0	0	0	0	0	0	0	0	0	0	0	0	0	0	0	0	0	0	0	0	0	0	0	0	0	0	0	0	0	0	0	0	0	0	0	0	0	0	0	0	0	0	0	0	0	0	0	0	0	0	0	0	0	0	0	0	0	0	0	0	0	0	0	0	0	0	0	0	0	0	0	0	0	0	0
switchgrass_KBSM	0	0.000474673627414141	6.39602242424242e-06	2.00381313131313e-06	0	0	0	3.61532514747475e-05	0.00185674408884848	2.22064121090909e-05	0.000156567624565657	6.19909905050505e-06	0.000158441157757576	1.75407497818182e-05	1.58503694141414e-05	4.37552725252525e-05	6.11026626262626e-05	8.08080808080808e-06	0	0.000864176957373737	0.000368141733777778	0.000961687538686869	9.77834380545455e-05	0.00679985339682828	0.000179811543636364	0.000226842624783838	0	0.000867060847818182	4.39728686787879e-05	2.99180626262626e-06	0.00450503398787879	1.91254943434343e-05	0	0.000155083933878788	0.167004980917172	0.000246355460424242	0.00205967763717172	1.58473313131313e-06	1.16621676767677e-07	0.00012030610169697	0	0	0	0	0	5.10652075818182e-05	0.0161129071385859	0.00108964063592929	0.0114549417161414	0.000385551285670707	0.0187478408165657	4.2227262020202e-05	3.66169523232323e-06	0.00556047959864646	0	0.000620297902832323	7.62615757575758e-09	0.0052942590949495	7.67116642424242e-06	0.0343656274648485	0.000285000139515152	1.8288938840404e-05	0	3.02576070707071e-06	0.00148676664265051	5.06798808080808e-06	2.23794626262626e-06	0	0.000375042495345455	0.00280968580424242	2.42439647676768e-06	2.95451494949495e-08	1.89033595959596e-07	1.81225156767677e-05	0.000323641697414141	0.000674092664080808	0.00018911985440404	0.000242248715684848	4.60297562020202e-06	3.25722284848485e-05	0	2.25419353535354e-06	0.000164064510961616	0.000227663206929293	0.0140971149216162	0.0115122029567879	3.58057602424242e-06	0.00767993364476768	0.00964350383434343	0.0018385819739596	1.68145425454545e-05	1.62234964787879e-05	0	0.000574004840020202	2.68615481515152e-05	4.15228507070707e-07	0.00147137336747475	2.19216800808081e-05	0.000676259220282828	2.07086218181818e-07	0.000714974797979798	2.42031858585859e-06	5.24835841818182e-06	0.000340596556989899	0	0.0142673893341616	6.38387256565657e-07	0.000592787259272727	4.05525983232323e-05	0.00043157533820202	1.33035276929293e-05	5.17348620424242e-05	3.92954356323232e-05	4.5235903030303e-06	1.95106028848485e-05	0.000221686438193939	0	6.36734413292929e-05	0.000348711364828283	0.0305560150074747	0.0322060151530909	0.000491110267535354	0.0066741098530303	1.01010101010101e-05	0.0154744922736364	4.9914957979798e-05	2.04126956565657e-06	0.0020786876569697	0.000161515632545455	1.71346432323232e-07	0.000180079710040404	0.00034655543810101	2.17362258585859e-06	0.000186903593939394	9.96154747474748e-07	1.95501542787879e-05	0.000517744675393939	0.000639200953535354	1.52287944606061e-05	9.23202275878788e-05	0.000133333333333333	4.43742527272727e-06	0.00127232548105051	5.24342224242424e-05	0.000183208324246465	0.00277165075353535	0	0.00142748098363636	0.0170097992198182	0.0644299030929293	0.0370457648320606	1.47220631515152e-06	0.00312352722222222	0.000449390668686869	0.00125763014264646	0.0925496360856566	0.0021759656716303	0.000164320450892929	9.27225910909091e-05	0.00180319268903838	0.00103925463212121	0.0011220237589899	0.000894173714363636	0	1.19651365454545e-06	0.00836835248923232	0.000238310842707071	0.000105186082222222	0.00011312146220202	0.000896800708060606	0.00876911208787879	0.0122716608923232	0.091996333569697	0.000106365857733333	4.03855575757576e-06	0.00839172886850505	0.0185790426707071	0.00391503455151515	3.31674139393939e-07	2.31579595959596e-09	0	0	0.000171972323507071	0.000495649838181818	0	2.74857373737374e-06	3.87628315515152e-05	0	0.00190131905979798	3.79519712565657e-05	5.85279432525253e-05	0.00128106660438384	0.00296757511070707	0.000672570638787879	0	0	0.00238499908767677	0	4.74146856565657e-07	1.0823964040404e-05	0.00798139633717172	0	7.92482942828283e-05	2.66846110808081e-05	7.69894141414141e-07	0	0	0	3.93141059616162e-05	7.80846343434343e-06	7.15013308686869e-06	0	0	0	2.93704921212121e-06	0	2.24509147878788e-06	1.09900707070707e-07	0	7.16967137373737e-07	7.44862315959596e-06	0	0	5.99006464646465e-09	0	0	1.42641151515152e-06	0	0	8.28630909090909e-07	0.00880652784646465	0	2.00439848484848e-05	5.41377111111111e-08	5.32295690909091e-05	0	0	0	0	2.56870959515152e-05	0	0	0	0	0.0231407562242424	1.2380258e-06	0	0	0	0	0	0.0348262321636364	2.22210868686869e-06	0.00147763479818182	4.56619655555556e-06	0.000367257544444444	1.68099288888889e-07	2.30979074747475e-07	0.000301839578747475	1.16144606060606e-08	2.9310543030303e-07	3.88624343434343e-08	0	6.3378561010101e-07	8.00874464646465e-08	2.35652345858586e-06	8.52184046464646e-07	2.10269737373737e-07	0	3.2171178989899e-07	0.000571092240040404	0	0.000403788342787879	5.01225695010101e-05	2.82931919191919e-08	1.34154564242424e-06	0.00351563913010101	0	0	0.000412192576094949	4.8696480989899e-05	2.50890977777778e-07	2.80974642424242e-07	0.000512454293375758	2.58316058585859e-07	0.000228188884854545	0.000687634192161616	5.86957757575758e-08	7.19090886868687e-07	2.10136862626263e-07	0.0282046181190263	1.85755240141414e-05	0.000139668622658586	0.00107350150545455	0.000729468355830909	0.000240526258151515	4.26707294949495e-07	0.00106428559212121	0.00021187099989899	0.000189532018080808	0.000246277941353535	9.03255067272727e-06	2.35107221616162e-06	2.91312458141414e-05	6.36811891979798e-05	5.91772707070707e-08	9.53773917171717e-06	1.41513602626263e-06	0.000281765809373737	0.00185285222363636	0.000287571142808081	0	6.01560484848485e-06	1.16136929292929e-06	1.54618606060606e-06	0	0	0.0358546950545455	0.00243497957717172	0.00370849816787879	0.00176196663373737	0.00204178898559596	7.20044494949495e-05	0.000326871781010101	0	0	0.000258585858585859	3.23232323232323e-05	0	0	0	0	0	0	0	0	0	0	0	0	0	0	0	0	0	0	0	0	0	0	0	0	0	0	0	0	0	0	0	0	0	0	0	0	0	0	0	0	0	0	0	0	0	0	0	0	0	0	0	0	0	0	0	0	0	0	0	0	0	0	0	0	0	0	0	0	0	0	0	0	0	0	0	0	0	0	0	0	0	0	0	0	0	0	0	0	0	0	0	0	0	0	0	0	0	0	0	0	0	0	0	0	0	0	0	0	0	0	0	0	0	0	0	0	0	0	0	0	0	0	0	0	0	0	0	0	0	0	0	0	0	0	0	0	0	0	0	0	0	0	0	0	0	0	0	0	0	0	0	0	0	0	0	0	0	0	0	0	0	0	0	0	0	0	0	0	0	0	0	0	0	0	0	0	0	0	0	0	0	0	0	0	0	0	0	0	0	0	0	0	0	0	0	0	0	0	0	0	0	0	0	0	0	0	0	0	0	0	0	0	0	0	0
switchgrass_PKLE	0	1.06210682226212e-06	3.17983065888689e-05	0	0	0	0	0	0.00144344703770197	0	0	0	0.000161566250089767	1.80052399102334e-05	0	0	0.000147901391777379	5.74506283662478e-05	0	0	0	0.00116768105583483	0	0.00227849193	1.10726455834829e-05	0.000979229330341113	0	0.000190305206463196	0	0	0.00134164933490126	0	0	0.00015767467048474	0.139452369508079	0	6.2596313464991e-05	0	0	0	0	0	0	0	0	0.0038362489059246	0.00897746395870736	0.000436265709156194	0.051881763935368	0	0.00080764795475763	0	0	0.00150618512190305	0	0.000961148059048474	0	0.0101196294136445	0	0.0385266393889408	0	0	0	0	0.00149730700179533	1.13011071813285e-05	0	0	6.10412926391382e-05	7.66359492639138e-05	0	0	0	0	0	0.00477575504560144	1.03788389587074e-05	2.87253141831239e-05	0	0	0	0	0.000469261697181329	0	0.00772890484739677	0.0094187023	0	0.00134034240394973	7.13698384201077e-06	0.00076643419962298	2.21725877917415e-05	0.00193515117504488	0	0.00101413857612208	0	0	7.50170710951526e-05	0	2.95972572710952e-05	0	0	0	0	0.000100538599640934	0	0.0090556552962298	0	1.79533213644524e-06	2.65756091561939e-05	0.00509164282086176	0	2.15439856373429e-05	0	0	0	1.25673249551167e-05	0	0	0	0.0355326817712747	0.00566283783213645	2.87253141831239e-05	0.00133694499443447	0	0.00205017802980251	0	0	0	0.00192599513499102	0	3.59066427289048e-06	9.95956789766607e-05	0	0	0	0	6.10898940754039e-05	0.000303306932262119	0	0	0	0	0.000180185108653501	0	0	2.61122244165171e-06	0	0.00646627962351885	0.031619716259246	0.0222901801718133	0.0788099160692998	0	0.000950147198204668	0	3.12853177737881e-05	0.0851404562775584	0.00191015470707361	7.18132854578097e-06	3.94973070017953e-05	7.71992818671454e-05	0.000286247193877917	6.93616511669659e-05	2.4432326032316e-05	0	0	0.000290843806104129	0	0	0	6.187208508079e-05	0.00368658713967684	0.0209713791217235	0.121021778785817	0	0	0.0014050211545781	0.215386028208259	0.00632774105996409	0	0	0	0	0	0.000553430851184919	0	0	0	0	1.95439278276481e-05	0	7.89774775044883e-05	8.24691337522442e-05	0.000255469417540395	5.26725434470377e-05	0	0	0.00109958505978456	0.00101868506387792	0	0	0.011542438456553	0	0.000114864897109515	0	0	0	0	0	0	0	0	0	0	0	0	0	0	0	0	0	0	0	0	0	0	0	0	0	0	0	0.000971955402333932	0	0	6.87560910233393e-06	0	0	0	0	0	0	0	3.94973070017953e-05	0	0	0.000434470377019749	0	0	0	0	0	0	0	0	0	0	1.25675845601436e-05	0	0	0	0	0	0	0	0	0	0	0	0	0	0	0	0	0	0	0	0	0.00332495511669659	0	0	0.00029802513464991	0	0	0	0	0	0	0	0	0	0	0.0226535008976661	0	0	0.000911957414721724	0.000350089766606822	0.000152603231597846	0	0	0	8.95759910233393e-06	0	0	0	0	0	0	0	0	0	0	0	0	0	0	0	0	0	0	0	0	0	0	0	0	0	0	0.00184201077199282	7.18132854578097e-05	8.24786064631957e-06	3.48341938420108e-05	1.23046301615799e-05	0.000100784431561939	1.33434667863555e-05	0.000624167823339318	2.06553931777379e-06	0.000601799324398564	1.21365193895871e-05	0.000178134850089767	1.60467336265709e-05	3.42785621184919e-05	2.17664447576302e-05	0.000158406088330341	8.96041351705566e-05	0	0	0	0	0	0	0	0	0	0	0	0	0	0	0	0	0	0	0	0	0	0	0	0	0	0	0	0	0	0	0	0	0	0	0	0	0	0	0	0	0	0	0	0	0	0	0	0	0	0	0	0	0	0	0	0	0	0	0	0	0	0	0	0	0	0	0	0	0	0	0	0	0	0	0	0	0	0	0	0	0	0	0	0	0	0	0	0	0	0	0	0	0	0	0	0	0	0	0	0	0	0	0	0	0	0	0	0	0	0	0	0	0	0	0	0	0	0	0	0	0	0	0	0	0	0	0	0	0	0	0	0	0	0	0	0	0	0	0	0	0	0	0	0	0	0	0	0	0	0	0	0	0	0	0	0	0	0	0	0	0	0	0	0	0	0	0	0	0	0	0	0	0	0	0	0	0	0	0	0	0	0	0	0	0	0	0	0	0	0	0	0	0	0	0	0	0	0	0	0
Tasmannia insipida_rainforest	0	0.00109983135	0	0	0	0	0	3.3498595e-05	0.00078342955	0	0	0	0.0024192385	0	0	0	3.3498595e-05	0	0	0	0.0048237975	7.62893e-05	0.000109787895	0.00208987445	0.00024378225	0	0	0.0007220546	0	0	0	7.62893e-05	0	0.0006792638	0.2277930295	0.0020842525	0	0	0.0001004958	0	0	0	0	0	0	0.0144435875	0.01101447435	0.0005731459	0.005033846	0.00013399435	0.058645545	0	0	3.3498595e-05	0	0.0008225506	0	0.0028043545	0	0.007890048	0	0	0	0	0.00020099155	0.000109787895	0	0	0.0007127628	0.002679652	0	0	0	0	7.62893e-05	0.005262714	3.3498595e-05	0	0	0	0	0	0.00023449015	0.00021028365	0.001438487	0.0043472425	0	0.0066283465	0	0.001805019	0.0001525786	0.0006103145	0	0.0120607415	0	0	0.00076851515	0	0	0	3.3498595e-05	0	0	0	0	0.02474421575	0	0.00027728085	0	0	0	0	0.0002195758	0	6.69972e-05	7.62893e-05	0	0	0	0.018635756	0.020455455	0.00683738215	0.0031708865	0	0.0020172555	0.0002530744	0	0	0.00082059785	0	0.00028657295	0	0	0	0	0	0.000186077195	0.00163580885	0	0	0	0	0.0010792948	0.00030148735	6.69972e-05	0	0	0.028402975	0.014584685	0.042013705	0.04842528	0	0	0.001792057	0.0005303552	0.09566048165	0.00038144645	0.0004391515	0	0.0022999233	0	0	0.00038144645	0	0	0.004080736	7.62893e-05	0	0	0.0006364735	0.003706864	0.00117612065	0.02098073	0.00073134685	0	0.0086786315	0.149494295	0.0192647255	0	0	0	0	0.00024378225	0	0	0	0	0	0	0	0.0001525786	0.00086901095	0	0	0	0	0	0	0	0	0.03948882025	0	0.0003963608	0	7.62893e-05	0	3.3498595e-05	0	0.00037777665	0	0	0	0	0	0	0	0	0	0	0	0	0	0	0	0	0	0	0	0	0	0.02854283	0	0	0.0001525786	0	0	0	0	0	0	0	0	0	0	0.00030148735	0	0	0	0	0	0	0.02256758405	0	0	0	0	0	0	0	0	0	0	0	0	0	0	0	0	0	0	0	0	0	0	0	0	0	0	0	0	0	0	0	0	0	0	0	0	0	0	0	0	0	0	0	0	0	0	0	0	0	0	0	0	0	0	0	0	0	0	0	0	0	0	0	0	0	0	0	0	0	0	0	0	0	0	0	0	0	0	0	0	0	0	0	0	0	0	0	0	0	0	0	0	0	0	0	0	0	0	0	0	0	0	0	0	0	0	0	0	0	0	0	0	0	0	0	0	0	0	0	0	0	0	0	0	0	0	0	0	0	0	0	0	0	0	0	0	0	0	0	0	0	0	0	0	0	0	0	0	0	0	0	0	0	0	0	0	0	0	0	0	0	0	0	0	0	0	0	0	0	0	0	0	0	0	0	0	0	0	0	0	0	0	0	0	0	0	0	0	0	0	0	0	0	0	0	0	0	0	0	0	0	0	0	0	0	0	0	0	0	0	0	0	0	0	0	0	0	0	0	0	0	0	0	0	0	0	0	0	0	0	0	0	0	0	0	0	0	0	0	0	0	0	0	0	0	0	0	0	0	0	0	0	0	0	0	0	0	0	0	0	0	0	0	0	0	0	0	0	0	0	0	0	0	0	0	0	0	0	0	0	0	0	0	0	0	0	0	0	0	0	0
Teosinte_Root	0	0.000515115513888889	8.68311362698413e-06	0	0	1.35566457936508e-05	0	1.63951685714286e-05	0.000265030402619048	1.46694388888889e-05	1.67176206507937e-05	0	0.00134439872238095	7.27711333333333e-06	2.60802777777778e-06	0.00118403914404762	0.000126336340396825	9.32181800793651e-06	1.01762794444444e-05	4.76080326984127e-05	0.000635504829920635	0.000712146266555556	9.01927128492063e-05	0.0159477744046825	0.000835843491269841	0.000146509479603175	0	0.00247646070396825	4.29289047619048e-07	0	0.0010034553952381	0.000115438730849206	0	0.000304797251190476	0.312369381722222	0.000597308136984127	0.000279625849365079	8.63438333333333e-06	5.52735412698413e-07	3.94832599206349e-05	0	0	0	0	0	0.00113251189142857	0.0107676582333333	0.00134912528460317	0.0127470400748413	0.000160290892777778	0.0384813784981746	0	0.000159687545	0.00276934325953968	0	0.000227548691904762	8.03232093650794e-06	0.00397733081301587	4.46885833333333e-06	0.00969873560301587	0.000544669095238095	3.95469496031746e-06	0	6.38374434126984e-05	0.000132667089325397	4.7729903968254e-06	2.01035293650794e-06	0	0.000257829918412698	0.00334834372134921	0	4.73279603174603e-07	1.27795214285714e-06	0	0.000217706719539683	0.00566477810088889	8.22530065634921e-05	0.000224646213174603	0	1.84801334920635e-05	0	4.43893173015873e-05	0.00176526353246032	0.000292563473825397	0.0202035386535714	0.00295957215	1.21893555555556e-06	0.00896249959761905	0.00141545178571429	0.00282588914992063	7.97041588095238e-05	0.00143149377468254	7.19497063492063e-06	0.0123977253089683	2.68953347460317e-05	1.23797301587302e-07	0.00108008890666667	0	0.000209716832539683	7.06962174603175e-06	1.32618972222222e-05	0	2.95178952380952e-06	4.03499852936508e-05	1.48479071428571e-06	0.00169140915230159	9.71135079365079e-07	0.000290692487619048	0.000129603725	6.37680926984127e-05	1.35414520634921e-05	1.09917436507937e-05	0.000203630262333333	9.64737706349206e-06	1.20246489126984e-05	9.73579116031746e-05	0	8.6639838015873e-05	2.60981200634921e-05	0.0170254452333333	0.02108248025	0.000672061414761905	0.00332750269103175	0	0.0109347845189683	0.000224425639809524	4.22515317460317e-07	0.000962085446269841	0.000832081523984127	1.0619968015873e-05	0.000348221350555556	0.000503228268968254	3.75353158730159e-07	3.54891688888889e-05	0	1.46788258730159e-05	0.000297137152119048	0.00127376005714286	1.65219906349206e-05	1.32132277777778e-06	0	9.6113e-06	0.0017223296968254	0.000761520396507937	0.000384072402190476	0.000479935829365079	0	0.0151922959396825	0.0188915980246032	0.0339782428079365	0.0291669382221429	4.39644682539683e-07	0.00237456842063492	0.000866439997063492	0.000901207133650794	0.0816086460746032	0.000355252300238095	3.83820485873016e-05	0	0.00211676293798413	0.000536464383333333	2.10187785e-05	0.000457308251952381	0	8.67674547619048e-06	0.00444523626785714	0.000231367935992063	7.52311385079365e-05	7.3022715e-06	0.000728219643650794	0.00534564221214286	0.00175965308468254	0.0285073886857143	0.000105721779285714	4.11639139047619e-05	0.00689128183603175	0.110839330857143	0.0113400217293651	1.46305873015873e-07	3.01251071428571e-06	3.14944936507936e-06	0	0.000101743603547619	0.000748461943888889	0	2.17063888888889e-07	8.65513318253968e-06	4.24194507936508e-06	0.000514650698412698	0	0.000141422963301587	0.00112624624992063	0.000377987998412698	0.000182184940952381	0	0	0.00183070156507937	0	1.16954126984127e-07	0	0.0236050922674603	0	0.00103540163214286	2.73401523809524e-06	2.69617211111111e-05	1.03496784126984e-05	2.38768261111111e-05	3.67326087301587e-06	5.46072411666667e-05	5.4065881031746e-05	5.66751746031746e-07	1.63591226984127e-05	1.10252461666667e-05	5.22328412698413e-07	0	0	0	0	0.000141107012904762	0	0	9.19448722222222e-06	0	0	1.94573888888889e-06	0	0	0	0	0	0.0111284845689683	2.51904868253968e-05	0.000218483575238095	0.000112059292301587	4.67106856349206e-05	0	0	2.20403492063492e-07	1.55842706349206e-05	2.68961477777778e-05	0	0	0	8.38510080952381e-06	0.00396432639571429	1.96665512698413e-05	8.95928761904762e-06	3.97057555555556e-05	0	0	0	0.041546819718254	2.54644388888889e-06	0.00055275125952381	0	6.02395728571429e-05	0	6.47049253968254e-06	0.000317387076507937	0	0	0	0	4.58479968253968e-07	0	0	0	6.40077055555556e-07	0	0	0.000402315011111111	0	0.000200836693809524	0.000103186612936508	0	4.11232936507937e-07	0.00212585650396825	0	0	0	1.61444043650794e-05	0	0	1.77796326190476e-05	0	3.34733534126984e-05	7.26083318253968e-05	0	0	0	9.91196142857143e-06	2.04911765873016e-05	1.33782535793651e-05	0.00201082538888889	0	0	2.08789047619048e-07	0.000265046711111111	0.000120881493253968	2.44617065079365e-05	0	1.5927246031746e-07	3.20294535714286e-06	3.55963892857143e-06	9.00770174603175e-06	0	0	0	8.24560714285714e-06	0.000221332402380952	0.000821204407460318	0	0	0	0	0	0	0	0	0	0	0	0	0	0	0	0	0	0	0	0	0	0	0	0	0	0	0	0	0	0	0	0	0	0	0	0	0	0	0	0	0	0	0	0	0	0	0	0	0	0	0	0	0	0	0	0	0	0	0	0	0	0	0	0	0	0	0	0	0	0	0	0	0	0	0	0	0	0	0	0	0	0	0	0	0	0	0	0	0	0	0	0	0	0	0	0	0	0	0	0	0	0	0	0	0	0	0	0	0	0	0	0	0	0	0	0	0	0	0	0	0	0	0	0	0	0	0	0	0	0	0	0	0	0	0	0	0	0	0	0	0	0	0	0	0	0	0	0	0	0	0	0	0	0	0	0	0	0	0	0	0	0	0	0	0	0	0	0	0	0	0	0	0	0	0	0	0	0	0	0	0	0	0	0	0	0	0	0	0	0	0	0	0	0	0	0	0	0	0	0	0	0	0	0	0	0	0	0	0	0	0	0	0	0	0	0	0	0	0	0	0	0	0	0	0	0	0	0	0	0	0	0
Themeda triandra_ancientwoodland	0	0.0004901475	6.64187e-05	0	0	0	0	8.474575e-05	0.00036874765	0	0	0	0.0027759415	0	0	0	0	0	0	0	0	0.00048325795	0.00015116445	0.0047708445	0.0001328374	0	0	0.0006527495	0	0	0	0.0001992561	0	0.00056800375	0.251991435	0.001765882	6.64187e-05	0	0	0	0	0	0	0	0	0.0121391765	0.0071000468	6.64187e-05	0.003185891	8.474575e-05	0.067295745	0	6.64187e-05	0	0	0.00015116445	0	0.0047089735	0	0.004218826	0	0	0	8.474575e-05	0.00015116445	0	0	0	0.00023591025	0.0022605775	0	0	0	0	0.00015116445	0.007736677	0.00036874765	0	0	0	0	0	0.00063442245	0.000320656	0.0006596392	0.004860138	0	0.01515531	0	0.0051212645	0.00035042055	0.0010283868	0	0.0061954015	0	0	0.001390245	0	0	8.474575e-05	6.64187e-05	0	0	6.64187e-05	0	0.001390245	0	0.00015116445	0	0	8.474575e-05	0	0	0	0	8.474575e-05	0	0	0	0.019788765	0.022807105	0.002709523	0.0044318615	0	0.0015528468	0.00040540175	0	0	0.0017956465	0	0	0	0	0	0	0	0.000320656	0.0018460797	0	0	0	0	0.003822655	0.0001328374	0.0009734054	0	0	0.012541965	0.016623405	0.0194387515	0.05866478	0	0	0.00061609525	0.001305499	0.0954451179	0.00035042055	0	0	0.001644482	0	8.474575e-05	0.001390245	0	8.474575e-05	0.014184105	0	0	0	0.0012574075	0.0086781115	0.005162602	0.01753494	0.00040540175	0	0.0054807815	0.15805581	0.0090835095	0	0	0	0	0.00015116445	0.00047182045	0	0	0	0	0	0	0	0.000840568	0	0.00028400185	0	0	0	0	0	0	0.0437004449	0	0.00028400185	0	0.00023591025	0.00015116445	0	0	8.474575e-05	0	0	0	0	0	0	0	0	0	0.00015116445	0	0	0.0001328374	0	0	0.00016949155	0	0	0	0	0	0.011284561	0	0	0.00047182045	0.00015116445	0	0	0	0	0	0	0	0	0	0.00015116445	6.64187e-05	0	0	0	0	0	0.04037923955	0	0	0	0	0	0	0	0	0	0	0	0	0	0	0	0	0	0	0	0	0	0	0	0	0	0	0	0	0	0	0	0	0	0	0	0	0	0	0	0	0	0	0	0	0	0	0	0	0	0	0	0	0	0	0	0	0	0	0	0	0	0	0	0	0	0	0	0	0	0	0	0	0	0	0	0	0	0	0	0	0	0	0	0	0	0	0	0	0	0	0	0	0	0	0	0	0	0	0	0	0	0	0	0	0	0	0	0	0	0	0	0	0	0	0	0	0	0	0	0	0	0	0	0	0	0	0	0	0	0	0	0	0	0	0	0	0	0	0	0	0	0	0	0	0	0	0	0	0	0	0	0	0	0	0	0	0	0	0	0	0	0	0	0	0	0	0	0	0	0	0	0	0	0	0	0	0	0	0	0	0	0	0	0	0	0	0	0	0	0	0	0	0	0	0	0	0	0	0	0	0	0	0	0	0	0	0	0	0	0	0	0	0	0	0	0	0	0	0	0	0	0	0	0	0	0	0	0	0	0	0	0	0	0	0	0	0	0	0	0	0	0	0	0	0	0	0	0	0	0	0	0	0	0	0	0	0	0	0	0	0	0	0	0	0	0	0	0	0	0	0	0	0	0	0	0	0	0	0	0	0	0	0	0	0	0	0	0	0	0	0
Themeda triandra_roadside	0	0.001235178	0	0	0	0	0	0	0.0002470356	0	0	0	0.003458498	0	0	0	0	0	0	0	0.0002470356	0.0002470356	0	0.005681818	0	0	0	0	0	0	0	0	0	0.0004940711	0.181324111	0.002470356	0.0002470356	0	0	0	0	0	0	0	0	0.01556324	0.005187747	0.0002470356	0.005187747	0.0002470356	0.09659091	0	0	0	0	0	0	0.005681818	0	0.004940711	0	0	0	0	0	0	0	0	0.0002470356	0.001976285	0	0	0	0	0	0.0002470356	0.0002470356	0	0	0	0	0	0.0002470356	0	0.0002470356	0.003952569	0	0.02050395	0	0.005187747	0	0.004199605	0	0.003705534	0	0	0.001235178	0	0	0	0	0	0	0	0	0.003211462	0	0	0	0	0	0	0	0	0	0.0002470356	0	0	0	0.01605731	0.01556324	0.00222332	0.00444664	0	0.0004940711	0	0	0	0.001235178	0	0	0	0	0	0	0	0.0007411067	0	0	0	0	0	0.001976285	0	0.0007411067	0	0	0.01309289	0.02272727	0.002717391	0.1101779	0	0	0.001976285	0.003211462	0.0553359684	0	0	0	0.001976285	0	0.0002470356	0	0	0	0.001976285	0	0	0	0.0004940711	0.01210474	0.001729249	0.02000988	0.0002470356	0	0.004693676	0.2401186	0.01679842	0	0	0	0	0.0004940711	0.0002470356	0	0	0	0	0	0	0	0.0009881423	0	0.0004940711	0	0	0	0	0	0	0.0205039526	0	0.0002470356	0	0.0007411067	0	0	0	0	0	0	0	0	0	0	0	0	0	0	0	0	0	0	0	0	0	0	0	0	0	0.01605731	0	0	0	0	0	0	0	0	0	0	0	0	0	0.0002470356	0	0	0	0	0	0	0.0321146245	0	0	0	0	0	0	0	0	0	0	0	0	0	0	0	0	0	0	0	0	0	0	0	0	0	0	0	0	0	0	0	0	0	0	0	0	0	0	0	0	0	0	0	0	0	0	0	0	0	0	0	0	0	0	0	0	0	0	0	0	0	0	0	0	0	0	0	0	0	0	0	0	0	0	0	0	0	0	0	0	0	0	0	0	0	0	0	0	0	0	0	0	0	0	0	0	0	0	0	0	0	0	0	0	0	0	0	0	0	0	0	0	0	0	0	0	0	0	0	0	0	0	0	0	0	0	0	0	0	0	0	0	0	0	0	0	0	0	0	0	0	0	0	0	0	0	0	0	0	0	0	0	0	0	0	0	0	0	0	0	0	0	0	0	0	0	0	0	0	0	0	0	0	0	0	0	0	0	0	0	0	0	0	0	0	0	0	0	0	0	0	0	0	0	0	0	0	0	0	0	0	0	0	0	0	0	0	0	0	0	0	0	0	0	0	0	0	0	0	0	0	0	0	0	0	0	0	0	0	0	0	0	0	0	0	0	0	0	0	0	0	0	0	0	0	0	0	0	0	0	0	0	0	0	0	0	0	0	0	0	0	0	0	0	0	0	0	0	0	0	0	0	0	0	0	0	0	0	0	0	0	0	0	0	0	0	0	0	0	0	0
Themeda triandra_yellowsand	0	0.0002031869	0	0	0	0	0	0	0.0005051002	0	0	0	0.00133218295	0	0	0	5.223025e-05	0	0	0	5.223025e-05	0.00061816175	0.0001566907	0.0041331705	0.00051370125	0	0	0.00030478035	0	0	0	0	0	0.0003512765	0.168350054	0.001834416	0	0	0	0	0	0	0	0	0	0.03117971	0.00662875315	0.00035414355	0.0030684965	0.000153823665	0.09862467	0	0	0	0	0.000153823665	0	0.00483859	0	0.006183489	0	0	0	0.0001566907	5.223025e-05	0	0	0	0.000258284115	0.0033204225	0	0	0	0	0.000362744615	0.00118758425	0.00010446045	0	0	0	0	0	0.0004092408	0.0002525501	0.0013149805	0.0036803	0	0.01919929	0	0.0049229815	5.223025e-05	0.0187170055	0	0.006107699	0	0	0.0018866465	0	0	0	0.000101593465	0	0	0	0	0.00112039515	0	0.000153823665	0	0	0	0	0.0002496831	0	0	9.872645e-05	0	0	5.223025e-05	0.029745195	0.01832185	0.00181945715	0.0069312905	0	0.0014602035	0.00030764735	0	9.872645e-05	0.0016340965	0	0.00010446045	0	0	0	0	0	0.0002031869	0.001428042	0	0	0	0	0.0017270885	0.0002525501	0.0003949057	0	0	0.014374665	0.03505834	0.0037532235	0.06080786	0	0	0.0006152947	0.001166891	0.0694120019	0.00014808965	0.000153823665	0	0.001820081	0	0.0002031869	0.00056879855	0	0	0.011021455	5.223025e-05	0	0	0.0005659315	0.0093631735	0.0002525501	0.01937892	0.0001509567	0	0.005718527	0.2242832	0.02018868	0	0	0	0	0.00046147105	0.0001509567	0	0	0	0	0	0	0.00024681605	0.00061242765	0	0.00087357905	0	0	0	0	0	0	0.02125372315	0	0.00030764735	0	0.000258284115	0	0	0	0.000153823665	0	0	0	0	0	0	0	0	0	0.0001509567	0	0	4.9363215e-05	0	0	0	0	0	0	0	0	0.011683875	0	0	0.00024681605	0	0	0	0	0	0	0	0	0	0	4.9363215e-05	0	0	0	0	0	0	0.026659864	0	0	0	0	0	0	0	0	0	0	0	0	0	0	0	0	0	0	0	0	0	0	0	0	0	0	0	0	0	0	0	0	0	0	0	0	0	0	0	0	0	0	0	0	0	0	0	0	0	0	0	0	0	0	0	0	0	0	0	0	0	0	0	0	0	0	0	0	0	0	0	0	0	0	0	0	0	0	0	0	0	0	0	0	0	0	0	0	0	0	0	0	0	0	0	0	0	0	0	0	0	0	0	0	0	0	0	0	0	0	0	0	0	0	0	0	0	0	0	0	0	0	0	0	0	0	0	0	0	0	0	0	0	0	0	0	0	0	0	0	0	0	0	0	0	0	0	0	0	0	0	0	0	0	0	0	0	0	0	0	0	0	0	0	0	0	0	0	0	0	0	0	0	0	0	0	0	0	0	0	0	0	0	0	0	0	0	0	0	0	0	0	0	0	0	0	0	0	0	0	0	0	0	0	0	0	0	0	0	0	0	0	0	0	0	0	0	0	0	0	0	0	0	0	0	0	0	0	0	0	0	0	0	0	0	0	0	0	0	0	0	0	0	0	0	0	0	0	0	0	0	0	0	0	0	0	0	0	0	0	0	0	0	0	0	0	0	0	0	0	0	0	0	0	0	0	0	0	0	0	0	0	0	0	0	0	0	0	0	0	0
zea_mays_l_DEMO	0	0	3.93813707843137e-05	0	0	0	0	0	0.00257990258823529	0	7.11302352941177e-06	0	0.00575332161503268	8.98490464052288e-05	0	0	0.000321013619607843	0	0	0	0.000103559295424837	0.00103323001699346	0	0.00182116037843137	8.00301111111111e-06	0.000670634635294118	0	9.85947189542484e-06	0	0	0.000331251618954248	0	0	0.000277661474509804	0.121931554660131	0	8.41386946405229e-05	0	0	0	0	0	0	0	0	0.00541488443594771	0.00200743334379085	0	0.0414448915869281	0	0.000392906594771242	0.0211527038888889	0	0.00187371948823529	0	0.00010361740130719	0	0.011587668427451	0	0.000421018029411765	0	0	0	0	0	1.87719307189542e-05	0	0	0	7.96710074509804e-05	0	0	0	0	0.0036132557254902	0.0032469656124183	2.66122431372549e-05	0	0	0	0	0	0.00021317631372549	2.43367189542484e-05	0	0.00605402604836601	0	0.00251909161111111	7.06229346405229e-05	0.00105084007385621	3.77288993464052e-05	0.00823226861986928	0	0.000699889696078431	0	0	0.000137381940392157	0	0.000369644449019608	0	0.000217282703856209	0	0	0	0	9.67930065359477e-06	0	2.77917307189542e-05	4.81252071895425e-05	0.00424560581437908	0	0	0	0	0	0	0	0	0	0.0159272246045752	0.00611491738751634	0.000509042594771242	0.000392255392875817	0	0.000427325624771242	0	0	0	0.00045526882875817	0	0	7.65763751633987e-05	0	0	0	0	0.000147544005228758	0.000816646613986928	0	4.78823986928105e-06	0	0	0.000417934609215686	0	0	8.35264274509804e-05	0	0.00283313686666667	0.0477639438777778	0.00116685904313725	0.133023442273856	0	0.00174216703333333	0	0.000114153707843137	0.0240692781875817	3.12354790849673e-05	0.000373381808496732	0	0.00034377598496732	0.000346642207843137	0.000127664439869281	6.33804411764706e-05	0	0	0.000158855916339869	9.2297137254902e-06	0	0	4.00432575163399e-05	0.00496824406862745	0.000859696279738562	0.00939325706470588	0	0	0.00123579932026144	0.46116000331634	0.00999828965228758	0	4.83392418300654e-06	0	0	0.000418993035294118	0.000655102716993464	0	0	0	0	0.000187870731372549	0	0.000109887996928105	8.12835941176471e-05	0.000166424211764706	5.91695803921569e-05	0	0	0.000672217653594771	0.00190765633921569	0	0.00021633230130719	0.0100844580202614	1.63138875816993e-05	4.72886888888889e-05	0	0	2.71201176470588e-06	0	0	0	0	0	0	0	0	0	0	0	0	0	0	0	0	0	0	0	0	0	0	0	0	0.00114608221568627	0	0	1.41549254901961e-05	0	0	0	0	0	0	0	0	0	0	1.72341209150327e-05	0	0	0	0	0	2.98331169934641e-05	0.00206811448300654	0	0	0	1.2519017124183e-05	0	0	0	0	0	0	0	0	0	0	0	0	0	0	1.93434711764706e-05	0	0	0	0	0	0	1.90053725490196e-06	0	0	0	0	0	0.000121773973137255	0	0	0	0	0	0	0	0	1.90755784313725e-05	0.000271215507843137	0	0	0	1.67896450980392e-05	0	3.28686725490196e-05	0	0	0	0	0	0	0	0	1.35600588235294e-06	0	1.59607973856209e-06	0	0	0	1.18549633986928e-05	0	0	0	0	0	0	0	0	0	0	0	0	0	1.89086958169935e-05	0.000107526947712418	2.0485391503268e-05	0.000391690295424837	2.3372660130719e-05	0.000743262063137255	1.31827346405229e-05	0.00255709056588235	3.23509511764706e-05	0.000177022881699346	0.00127737863529412	4.50193681699346e-05	5.79962392156863e-05	0.000361566437908497	0.000158117760784314	0	0	0	0	0	0	0	0	0	0	0	0	0	0	0	0	0	0	0	0	0	0	0	0	0	0	0	0	0	0	0	0	0	0	0	0	0	0	0	0	0	0	0	0	0	0	0	0	0	0	0	0	0	0	0	0	0	0	0	0	0	0	0	0	0	0	0	0	0	0	0	0	0	0	0	0	0	0	0	0	0	0	0	0	0	0	0	0	0	0	0	0	0	0	0	0	0	0	0	0	0	0	0	0	0	0	0	0	0	0	0	0	0	0	0	0	0	0	0	0	0	0	0	0	0	0	0	0	0	0	0	0	0	0	0	0	0	0	0	0	0	0	0	0	0	0	0	0	0	0	0	0	0	0	0	0	0	0	0	0	0	0	0	0	0	0	0	0	0	0	0	0	0	0	0	0	0	0	0	0	0	0	0	0	0	0	0	0	0	0	0	0	0	0	0	0	0	0	0	0
zea_mays_l_DOK	0	6.2610237654321e-06	2.43297527160494e-05	0	0	0	0	0	0.00362885489506173	0	7.7152487654321e-06	0	0.00782973328765432	4.74055663271605e-05	0	0	0.000238850283981481	0	0	0	0.000109687181728395	0.000907690862592593	0	0.00100586572302469	1.46300685185185e-05	0.00154193739320988	0	9.94249043209877e-06	0	0	0.000213821976141975	0	0	0.000326631309567901	0.140273105361111	0	5.24784978395062e-05	0	0	0	0	0	0	0	0	0.00504179056388889	0.00312579175	0	0.0554469826716049	0	0.000468181903364198	0.0380579464506173	0	0.00263112432444444	0	8.16639327160494e-05	0	0.0126888551805864	0	0.000595569363580247	0	0	0	0	0	1.50210021604938e-05	0	0	9.90679660493827e-06	8.36540715740741e-05	0	0	0	0	0.0039543924382716	0.00553238794506173	1.35172787037037e-05	0	0	0	0	0	0.00053038167962963	4.69335432098765e-05	0	0.00536497998240741	0	0.00166407278055556	7.85473089814815e-05	0.000714836069938272	3.27181336419753e-05	0.00373265019259259	0	0.000903939930864198	0	0	0.000162363662098765	0	0.000357608634259259	0	0.000114861204012346	0	0	0	0	3.91001820987654e-06	0	0.00050655240154321	3.97438910493827e-05	0.00223842251080247	0	0	0	0	0	0	0	0	0	0.014324394503179	0.0058901472404321	0.000547940024691358	0.000316014220061728	0	0.000461317525401235	0	0	0	0.000258308246604938	0	0	3.0573767037037e-05	0	0	0	0	9.66520459876543e-05	0.000385935624475309	0	6.64853672839506e-06	0	0	0.000274902943364198	0	0	6.25826095679012e-05	0	0.00502904810648148	0.0442298078669136	0.00132119419873457	0.123990976878086	0	0.00125667690003086	0	9.98881527160494e-05	0.0265810777296296	2.66610660493827e-05	0.000711442109876543	0	0.00233318648641975	0.000283472720030864	7.10766197530864e-05	3.2191624691358e-05	0	0	0.000294469955555556	1.71424212962963e-05	0	0	7.65811595061728e-05	0.00470725944567901	0.000780613122839506	0.0107613806697531	0	0	0.00151037459475309	0.418932209087716	0.00972139753580247	0	4.45280401234568e-06	0	0	0.000502421765432099	0.000500769139506173	0	0	0	0	0.000198193881790123	0	6.66908904938272e-05	6.21549120061728e-05	0.000112359470339506	4.00868194444444e-05	0	0	0.000949776585	0.00232105902416667	0	0.000313613226234568	0.00995936726419753	1.28396037654321e-05	3.23177617283951e-05	0	0	1.92222685185185e-06	0	0	0	0	0	0	0	0	0	0	0	0	0	0	0	0	0	0	0	0	0	0	0	0	0.00166184425648148	0	0	7.69819537037037e-06	0	0	0	0	0	0	0	0	0	0	2.30497391975309e-05	0	0	0	0	0	0.000104083131481481	0.00316710964537037	0	0	0	2.08243518518519e-06	0	0	0	0	0	0	0	0	0	0	0	0	0	0	2.79208157407407e-05	0	0	0	0	0	0	3.37429617283951e-05	0	0	0	0	0	0.000139849588580247	0	0	0	0	0	0	0	0	2.72051185185185e-05	0.000600103361604938	0	0	0	1.26142721604938e-05	0	1.09137910493827e-05	0	0	0	0	0	0	0	0	7.26685092592593e-06	0	4.06840493827161e-06	0	0	0	1.74658704320988e-05	0	0	0	0	0	0	0	0	0	0	0	0	0	4.21706614197531e-05	6.70285926234568e-05	1.17882592592593e-05	7.58243793209876e-05	2.42063509259259e-05	0.000636733827407407	5.31029135802469e-06	0.00185328974166667	1.7236300308642e-05	3.53491659259259e-05	1.70705900308642e-05	1.76791885802469e-05	2.22634564814815e-05	0.000249428839351852	9.18385162962963e-05	0	0	0	0	0	0	5.9452299382716e-06	0	0	0	0	0	0	0	0	0	0	0	0	0	0	0	0	0	0	0	0	0	0	0	0	0	0	0	0	0	0	0	0	0	0	0	0	0	0	0	0	0	0	0	0	0	0	0	0	0	0	0	0	0	0	0	0	0	0	0	0	0	0	0	0	0	0	0	0	0	0	0	0	0	0	0	0	0	0	0	0	0	0	0	0	0	0	0	0	0	0	0	0	0	0	0	0	0	0	0	0	0	0	0	0	0	0	0	0	0	0	0	0	0	0	0	0	0	0	0	0	0	0	0	0	0	0	0	0	0	0	0	0	0	0	0	0	0	0	0	0	0	0	0	0	0	0	0	0	0	0	0	0	0	0	0	0	0	0	0	0	0	0	0	0	0	0	0	0	0	0	0	0	0	0	0	0	0	0	0	0	0	0	0	0	0	0	0	0	0	0	0	0	0
