"AverageShortestPathLength","BetweennessCentrality","Class","ClosenessCentrality","ClusteringCoefficient","Degree","Eccentricity","Family","Genus","IsSingleNode","Kingdom","name","NeighborhoodConnectivity","NumberOfDirectedEdges","NumberOfUndirectedEdges","Order","PartnerOfMultiEdgedNodePairs","Phylum","Radiality","selected","SelfLoops","shared name","Stress","TopologicalCoefficient"
"2.0825496342737724","0.002342521999232909","c__Abditibacteria","0.48018063221274454","0.27650985871759043","114","3","f__Abditibacteriaceae","g__Abditibacterium","false","d__Bacteria","d__Bacteria |  p__Abditibacteriota |  c__Abditibacteria | Abditibacteriales |  f__Abditibacteriaceae |  g__Abditibacterium","84.89473684210526","0","114","Abditibacteriales","0","p__Abditibacteriota","0.9964506569368072","false","0","d__Bacteria |  p__Abditibacteriota |  c__Abditibacteria | Abditibacteriales |  f__Abditibacteriaceae |  g__Abditibacterium","80712","0.11125290289945046"
"2.152560083594566","3.420220123747348E-4","c__Actinobacteria","0.46456310679611657","0.3987341772151899","80","3","f__Geodermatophilaceae","g__Geodermatophilus","false","d__Bacteria","d__Bacteria |  p__Actinobacteriota |  c__Actinobacteria | Frankiales |  f__Geodermatophilaceae |  g__Geodermatophilus","133.7625","0","80","Frankiales","0","p__Actinobacteriota","0.9962211144800178","false","0","d__Bacteria |  p__Actinobacteriota |  c__Actinobacteria | Frankiales |  f__Geodermatophilaceae |  g__Geodermatophilus","16978","0.1829856361149111"
"2.1630094043887147","8.070273099284058E-4","c__Actinobacteria","0.4623188405797102","0.3343573988735279","63","3","f__Micromonosporaceae","g__Actinoplanes.1","false","d__Bacteria","d__Bacteria |  p__Actinobacteriota |  c__Actinobacteria | Micromonosporales |  f__Micromonosporaceae |  g__Actinoplanes.1","76.85714285714286","0","63","Micromonosporales","0","p__Actinobacteriota","0.9961868544118402","false","0","d__Bacteria |  p__Actinobacteriota |  c__Actinobacteria | Micromonosporales |  f__Micromonosporaceae |  g__Actinoplanes.1","29714","0.10414246999612853"
"2.385579937304075","2.6156400278561803E-4","c__Actinobacteria","0.4191852825229961","0.41535615171137835","47","4","f__Micromonosporaceae","0.999936027","false","d__Bacteria","d__Bacteria |  p__Actinobacteriota |  c__Actinobacteria | Micromonosporales |  f__Micromonosporaceae | 0.999936027","68.95744680851064","0","47","Micromonosporales","0","p__Actinobacteriota","0.9954571149596587","false","0","d__Bacteria |  p__Actinobacteriota |  c__Actinobacteria | Micromonosporales |  f__Micromonosporaceae | 0.999936027","8776","0.12699345636926454"
"1.9070010449320793","0.002726026694876014","c__Actinobacteria","0.5243835616438356","0.34777216759677565","213","3","f__Nocardioidaceae","g__Marmoricola","false","d__Bacteria","d__Bacteria |  p__Actinobacteriota |  c__Actinobacteria | Propionibacteriales |  f__Nocardioidaceae |  g__Marmoricola","132.89201877934272","0","213","Propionibacteriales","0","p__Actinobacteriota","0.9970262260821898","false","0","d__Bacteria |  p__Actinobacteriota |  c__Actinobacteria | Propionibacteriales |  f__Nocardioidaceae |  g__Marmoricola","125270","0.15953423622970314"
"2.09717868338558","0.0010348581711845167","c__Actinobacteria","0.4768310911808669","0.31254667662434654","104","3","f__Nocardioidaceae","g__Nocardioides.4","false","d__Bacteria","d__Bacteria |  p__Actinobacteriota |  c__Actinobacteria | Propionibacteriales |  f__Nocardioidaceae |  g__Nocardioides.4","102.625","0","104","Propionibacteriales","0","p__Actinobacteriota","0.9964026928413586","false","0","d__Bacteria |  p__Actinobacteriota |  c__Actinobacteria | Propionibacteriales |  f__Nocardioidaceae |  g__Nocardioides.4","39142","0.1350328947368421"
"2.2549634273772203","6.000152038360654E-4","c__Actinobacteria","0.44346617238183506","0.3606625258799172","70","4","f__Nocardioidaceae","g__Nocardioides.5","false","d__Bacteria","d__Bacteria |  p__Actinobacteriota |  c__Actinobacteria | Propionibacteriales |  f__Nocardioidaceae |  g__Nocardioides.5","77.34285714285714","0","70","Propionibacteriales","0","p__Actinobacteriota","0.9958853658118779","false","0","d__Bacteria |  p__Actinobacteriota |  c__Actinobacteria | Propionibacteriales |  f__Nocardioidaceae |  g__Nocardioides.5","23828","0.12009760425909494"
"1.8798328108672937","0.004008924339963389","c__Actinobacteria","0.5319622012229016","0.33242421532683536","212","3","f__Pseudonocardiaceae","g__Actinomycetospora","false","d__Bacteria","d__Bacteria |  p__Actinobacteriota |  c__Actinobacteria | Pseudonocardiales |  f__Pseudonocardiaceae |  g__Actinomycetospora","134.97169811320754","0","212","Pseudonocardiales","0","p__Actinobacteriota","0.9971153022594514","false","0","d__Bacteria |  p__Actinobacteriota |  c__Actinobacteria | Pseudonocardiales |  f__Pseudonocardiaceae |  g__Actinomycetospora","170538","0.1569438350153576"
"1.9205851619644723","0.003907724688498297","c__Actinobacteria","0.5206746463547334","0.305342208568015","217","3","f__Pseudonocardiaceae","g__Pseudonocardia","false","d__Bacteria","d__Bacteria |  p__Actinobacteriota |  c__Actinobacteria | Pseudonocardiales |  f__Pseudonocardiaceae |  g__Pseudonocardia","127.59907834101382","0","217","Pseudonocardiales","0","p__Actinobacteriota","0.9969816879935591","false","0","d__Bacteria |  p__Actinobacteriota |  c__Actinobacteria | Pseudonocardiales |  f__Pseudonocardiaceae |  g__Pseudonocardia","158352","0.15637141953555617"
"2.309299895506792","2.0982634997770318E-4","c__Actinobacteria","0.4330316742081448","0.46187943262411346","48","3","f__Pseudonocardiaceae","g__Pseudonocardia.1","false","d__Bacteria","d__Bacteria |  p__Actinobacteriota |  c__Actinobacteria | Pseudonocardiales |  f__Pseudonocardiaceae |  g__Pseudonocardia.1","77.375","0","48","Pseudonocardiales","0","p__Actinobacteriota","0.9957072134573548","false","0","d__Bacteria |  p__Actinobacteriota |  c__Actinobacteria | Pseudonocardiales |  f__Pseudonocardiaceae |  g__Pseudonocardia.1","9586","0.12622349102773248"
"2.0041797283176592","0.0018586402115289477","c__Actinobacteria","0.49895724713242967","0.33235710911667454","146","3","f__Pseudonocardiaceae","g__Pseudonocardia.2","false","d__Bacteria","d__Bacteria |  p__Actinobacteriota |  c__Actinobacteria | Pseudonocardiales |  f__Pseudonocardiaceae |  g__Pseudonocardia.2","130.91780821917808","0","146","Pseudonocardiales","0","p__Actinobacteriota","0.9967076074481389","false","0","d__Bacteria |  p__Actinobacteriota |  c__Actinobacteria | Pseudonocardiales |  f__Pseudonocardiaceae |  g__Pseudonocardia.2","75762","0.16222776731001"
"2.200626959247649","8.389727092034226E-4","c__Actinobacteria","0.4544159544159544","0.3891348088531187","71","3","f__Pseudonocardiaceae","g__Pseudonocardia.8","false","d__Bacteria","d__Bacteria |  p__Actinobacteriota |  c__Actinobacteria | Pseudonocardiales |  f__Pseudonocardiaceae |  g__Pseudonocardia.8","72.46478873239437","0","71","Pseudonocardiales","0","p__Actinobacteriota","0.9960635181664012","false","0","d__Bacteria |  p__Actinobacteriota |  c__Actinobacteria | Pseudonocardiales |  f__Pseudonocardiaceae |  g__Pseudonocardia.8","31128","0.10441612209278728"
"1.9373040752351096","0.002745270483591167",,"0.5161812297734628","0.3195001453065969","186","3",,,"false",,"d__Bacteria |  p__Actinobacteriota |  c__Thermoleophilia | Solirubrobacterales | 0.996725568 | ","130.76344086021504","0","186",,"0",,"0.9969268718844752","false","0","d__Bacteria |  p__Actinobacteriota |  c__Thermoleophilia | Solirubrobacterales | 0.996725568 | ","114936","0.1573567278702949"
"2.006269592476489","0.0023974821740971736","c__Bacteroidia","0.49843750000000003","0.3022790883646541","123","3","f__Flavobacteriaceae","g__Flavobacterium.7","false","d__Bacteria","d__Bacteria |  p__Bacteroidota |  c__Bacteroidia | Flavobacteriales |  f__Flavobacteriaceae |  g__Flavobacterium.7","124.21951219512195","0","123","Flavobacteriales","0","p__Bacteroidota","0.9967007554345033","false","0","d__Bacteria |  p__Bacteroidota |  c__Bacteroidia | Flavobacteriales |  f__Flavobacteriaceae |  g__Flavobacterium.7","97764","0.15002356545304585"
"2.0417972831765936","9.990313310506477E-4","c__Chloroflexia","0.48976458546571133","0.3661606812291744","74","3","f__Chloroflexaceae","g__FFCH7168.1","false","d__Bacteria","d__Bacteria |  p__Chloroflexi |  c__Chloroflexia | Chloroflexales |  f__Chloroflexaceae |  g__FFCH7168.1","97.14864864864865","0","74","Chloroflexales","0","p__Chloroflexi","0.9965842712026997","false","0","d__Bacteria |  p__Chloroflexi |  c__Chloroflexia | Chloroflexales |  f__Chloroflexaceae |  g__FFCH7168.1","53900","0.11524157609566862"
"1.9247648902821317","0.0035114772218369046","c__Chloroflexia","0.5195439739413681","0.28446899938612646","181","3","f__Herpetosiphonaceae","g__Herpetosiphon","false","d__Bacteria","d__Bacteria |  p__Chloroflexi |  c__Chloroflexia | Chloroflexales |  f__Herpetosiphonaceae |  g__Herpetosiphon","120.65745856353591","0","181","Chloroflexales","0","p__Chloroflexi","0.9969679839662882","false","0","d__Bacteria |  p__Chloroflexi |  c__Chloroflexia | Chloroflexales |  f__Herpetosiphonaceae |  g__Herpetosiphon","162574","0.14228473887209422"
"2.233019853709509","8.777450853028138E-4","c__Chloroflexia","0.44782405240992046","0.40613432046536224","62","3","f__Roseiflexaceae","g__uncultured.1","false","d__Bacteria","d__Bacteria |  p__Chloroflexi |  c__Chloroflexia | Chloroflexales |  f__Roseiflexaceae |  g__uncultured.1","74.87096774193549","0","62","Chloroflexales","0","p__Chloroflexi","0.9959573119550509","false","0","d__Bacteria |  p__Chloroflexi |  c__Chloroflexia | Chloroflexales |  f__Roseiflexaceae |  g__uncultured.1","28818","0.11141513056835638"
"2.0480668756530824","0.001374745174084775","c__Chloroflexia","0.488265306122449","0.3553058676654182","90","3","f__Roseiflexaceae","0.709136627","false","d__Bacteria","d__Bacteria |  p__Chloroflexi |  c__Chloroflexia | Chloroflexales |  f__Roseiflexaceae | 0.709136627","93.47777777777777","0","90","Chloroflexales","0","p__Chloroflexi","0.9965637151617931","false","0","d__Bacteria |  p__Chloroflexi |  c__Chloroflexia | Chloroflexales |  f__Roseiflexaceae | 0.709136627","63668","0.11385843821897415"
"2.211076280041797","0.0016109431022131185","c__Ktedonobacteria","0.4522684310018904","0.3846790890269151","70","3","f__C0119","g__C0119.1","false","d__Bacteria","d__Bacteria |  p__Chloroflexi |  c__Ktedonobacteria | C0119 |  f__C0119 |  g__C0119.1","69.3","0","70","C0119","0","p__Chloroflexi","0.9960292580982235","false","0","d__Bacteria |  p__Chloroflexi |  c__Ktedonobacteria | C0119 |  f__C0119 |  g__C0119.1","41828","0.10116788321167883"
"2.052246603970742","0.0015868972961015388","c__Ktedonobacteria","0.4872708757637474","0.29484029484029484","111","3","f__C0119","g__C0119.2","false","d__Bacteria","d__Bacteria |  p__Chloroflexi |  c__Ktedonobacteria | C0119 |  f__C0119 |  g__C0119.2","96.36936936936937","0","111","C0119","0","p__Chloroflexi","0.9965500111345222","false","0","d__Bacteria |  p__Chloroflexi |  c__Ktedonobacteria | C0119 |  f__C0119 |  g__C0119.2","65592","0.12106704694644393"
"2.0929989550679204","8.919667102590393E-4","c__Ktedonobacteria","0.47778332501248133","0.4192982456140351","76","3","f__C0119","g__C0119.4","false","d__Bacteria","d__Bacteria |  p__Chloroflexi |  c__Ktedonobacteria | C0119 |  f__C0119 |  g__C0119.4","86.69736842105263","0","76","C0119","0","p__Chloroflexi","0.9964163968686298","false","0","d__Bacteria |  p__Chloroflexi |  c__Ktedonobacteria | C0119 |  f__C0119 |  g__C0119.4","38142","0.10946637426900585"
"2.0470219435736676","0.0015165869081484983","c__TK10","0.4885145482388974","0.2998168498168498","105","3","f__TK10","g__TK10.21","false","d__Bacteria","d__Bacteria |  p__Chloroflexi |  c__TK10 | TK10 |  f__TK10 |  g__TK10.21","96.2","0","105","TK10","0","p__Chloroflexi","0.9965671411686109","false","0","d__Bacteria |  p__Chloroflexi |  c__TK10 | TK10 |  f__TK10 |  g__TK10.21","66568","0.11920693928128873"
"2.2539184952978055","4.765444726370025E-4","c__TK10","0.4436717663421419","0.43665158371040724","52","3","f__TK10","g__TK10.22","false","d__Bacteria","d__Bacteria |  p__Chloroflexi |  c__TK10 | TK10 |  f__TK10 |  g__TK10.22","78.98076923076923","0","52","TK10","0","p__Chloroflexi","0.9958887918186957","false","0","d__Bacteria |  p__Chloroflexi |  c__TK10 | TK10 |  f__TK10 |  g__TK10.22","17022","0.11945769812638193"
"2.2225705329153604","6.918104688012889E-4","c__TK10","0.44992947813822287","0.3288084464555053","52","4","f__TK10","g__TK10.24","false","d__Bacteria","d__Bacteria |  p__Chloroflexi |  c__TK10 | TK10 |  f__TK10 |  g__TK10.24","78.61538461538461","0","52","TK10","0","p__Chloroflexi","0.9959915720232283","false","0","d__Bacteria |  p__Chloroflexi |  c__TK10 | TK10 |  f__TK10 |  g__TK10.24","23826","0.11344211344211344"
"2.044932079414838","0.001807738141196791","c__TK10","0.48901379662749106","0.3451293759512938","73","3","f__TK10","g__TK10.28","false","d__Bacteria","d__Bacteria |  p__Chloroflexi |  c__TK10 | TK10 |  f__TK10 |  g__TK10.28","83.9041095890411","0","73","TK10","0","p__Chloroflexi","0.9965739931822465","false","0","d__Bacteria |  p__Chloroflexi |  c__TK10 | TK10 |  f__TK10 |  g__TK10.28","68478","0.0997670744221654"
"2.1640543364681295","9.493810447526031E-4","c__TK10","0.4620956059874457","0.29057512797350193","82","3","f__TK10","g__TK10.38","false","d__Bacteria","d__Bacteria |  p__Chloroflexi |  c__TK10 | TK10 |  f__TK10 |  g__TK10.38","99.1219512195122","0","82","TK10","0","p__Chloroflexi","0.9961834284050225","false","0","d__Bacteria |  p__Chloroflexi |  c__TK10 | TK10 |  f__TK10 |  g__TK10.38","35540","0.1380528568516883"
"2.090909090909091","0.0020725366483226705","c__TK10","0.4782608695652174","0.3188736681887367","73","3","f__TK10","g__TK10.45","false","d__Bacteria","d__Bacteria |  p__Chloroflexi |  c__TK10 | TK10 |  f__TK10 |  g__TK10.45","75.41095890410959","0","73","TK10","0","p__Chloroflexi","0.9964232488822654","false","0","d__Bacteria |  p__Chloroflexi |  c__TK10 | TK10 |  f__TK10 |  g__TK10.45","62404","0.0946185180729104"
"2.103448275862069","0.0013298208403746245","c__TK10","0.4754098360655738","0.345001143902997","94","3","f__TK10","g__TK10.5","false","d__Bacteria","d__Bacteria |  p__Chloroflexi |  c__TK10 | TK10 |  f__TK10 |  g__TK10.5","87.08510638297872","0","94","TK10","0","p__Chloroflexi","0.9963821368004522","false","0","d__Bacteria |  p__Chloroflexi |  c__TK10 | TK10 |  f__TK10 |  g__TK10.5","53614","0.11398574133897739"
"2.2089864158829675","5.081740900615517E-4","c__TK10","0.45269631031220436","0.358148893360161","71","4","f__TK10","g__TK10.8","false","d__Bacteria","d__Bacteria |  p__Chloroflexi |  c__TK10 | TK10 |  f__TK10 |  g__TK10.8","102.97183098591549","0","71","TK10","0","p__Chloroflexi","0.9960361101118591","false","0","d__Bacteria |  p__Chloroflexi |  c__TK10 | TK10 |  f__TK10 |  g__TK10.8","19966","0.14988621686450582"
"2.197492163009404","6.808160722375769E-4","c__TK10","0.45506419400855924","0.3820915926179084","77","3","f__TK10","g__TK10.9","false","d__Bacteria","d__Bacteria |  p__Chloroflexi |  c__TK10 | TK10 |  f__TK10 |  g__TK10.9","80.84415584415585","0","77","TK10","0","p__Chloroflexi","0.9960737961868543","false","0","d__Bacteria |  p__Chloroflexi |  c__TK10 | TK10 |  f__TK10 |  g__TK10.9","26660","0.11699588400022554"
"2.2131661442006267","6.177527935273201E-4","c__Polyangia","0.45184135977337114","0.34545454545454546","66","3","f__Polyangiaceae","g__Pajaroellobacter","false","d__Bacteria","d__Bacteria |  p__Myxococcota |  c__Polyangia | Polyangiales |  f__Polyangiaceae |  g__Pajaroellobacter","81.8030303030303","0","66","Polyangiales","0","p__Myxococcota","0.9960224060845881","false","0","d__Bacteria |  p__Myxococcota |  c__Polyangia | Polyangiales |  f__Polyangiaceae |  g__Pajaroellobacter","25258","0.11907282431299898"
"2.1233019853709507","0.001071505706710086","c__Phycisphaerae","0.4709645669291339","0.3289070480081716","89","3","f__Phycisphaeraceae","g__SM1A02.3","false","d__Bacteria","d__Bacteria |  p__Planctomycetota |  c__Phycisphaerae | Phycisphaerales |  f__Phycisphaeraceae |  g__SM1A02.3","100.7752808988764","0","89","Phycisphaerales","0","p__Planctomycetota","0.9963170426709148","false","0","d__Bacteria |  p__Planctomycetota |  c__Phycisphaerae | Phycisphaerales |  f__Phycisphaeraceae |  g__SM1A02.3","39756","0.13436704119850187"
"2.122257053291536","7.07695878915161E-4","c__Phycisphaerae","0.47119645494830137","0.4126984126984127","64","3","f__Phycisphaeraceae","g__SM1A02.4","false","d__Bacteria","d__Bacteria |  p__Planctomycetota |  c__Phycisphaerae | Phycisphaerales |  f__Phycisphaeraceae |  g__SM1A02.4","93.296875","0","64","Phycisphaerales","0","p__Planctomycetota","0.9963204686777326","false","0","d__Bacteria |  p__Planctomycetota |  c__Phycisphaerae | Phycisphaerales |  f__Phycisphaeraceae |  g__SM1A02.4","30628","0.12022793170103092"
"1.9947753396029257","0.0025601607916268354","c__Alphaproteobacteria","0.50130958617077","0.25625920471281294","98","3","f__Caulobacteraceae","g__Brevundimonas.2","false","d__Bacteria","d__Bacteria |  p__Proteobacteria |  c__Alphaproteobacteria | Caulobacterales |  f__Caulobacteraceae |  g__Brevundimonas.2","98.21428571428571","0","98","Caulobacterales","0","p__Proteobacteria","0.9967384415094985","false","0","d__Bacteria |  p__Proteobacteria |  c__Alphaproteobacteria | Caulobacterales |  f__Caulobacteraceae |  g__Brevundimonas.2","96960","0.1136739417989418"
"2.012539184952978","0.001344381213851199","c__Alphaproteobacteria","0.4968847352024922","0.3367475292003594","106","3","f__Micropepsaceae","g__uncultured.1","false","d__Bacteria","d__Bacteria |  p__Proteobacteria |  c__Alphaproteobacteria | Micropepsales |  f__Micropepsaceae |  g__uncultured.1","122.5754716981132","0","106","Micropepsales","0","p__Proteobacteria","0.9966801993935969","false","0","d__Bacteria |  p__Proteobacteria |  c__Alphaproteobacteria | Micropepsales |  f__Micropepsaceae |  g__uncultured.1","61572","0.14609710571884768"
"2.1786833855799372","7.512886202384612E-4","c__Alphaproteobacteria","0.4589928057553957","0.2876543209876543","81","4","f__Beijerinckiaceae","g__Bosea","false","d__Bacteria","d__Bacteria |  p__Proteobacteria |  c__Alphaproteobacteria | Rhizobiales |  f__Beijerinckiaceae |  g__Bosea","91.24691358024691","0","81","Rhizobiales","0","p__Proteobacteria","0.996135464309574","false","0","d__Bacteria |  p__Proteobacteria |  c__Alphaproteobacteria | Rhizobiales |  f__Beijerinckiaceae |  g__Bosea","24146","0.12924492008533559"
"2.1055381400208986","7.356653841616676E-4","c__Alphaproteobacteria","0.47493796526054594","0.29563492063492064","64","3","f__Beijerinckiaceae","g__Microvirga.1","false","d__Bacteria","d__Bacteria |  p__Proteobacteria |  c__Alphaproteobacteria | Rhizobiales |  f__Beijerinckiaceae |  g__Microvirga.1","102.046875","0","64","Rhizobiales","0","p__Proteobacteria","0.9963752847868168","false","0","d__Bacteria |  p__Proteobacteria |  c__Alphaproteobacteria | Rhizobiales |  f__Beijerinckiaceae |  g__Microvirga.1","27924","0.1288470643939394"
"2.1713688610240336","0.0010819114363959674","c__Alphaproteobacteria","0.4605389797882579","0.29384404924760604","86","3","f__Devosiaceae","g__Devosia","false","d__Bacteria","d__Bacteria |  p__Proteobacteria |  c__Alphaproteobacteria | Rhizobiales |  f__Devosiaceae |  g__Devosia","85.11627906976744","0","86","Rhizobiales","0","p__Proteobacteria","0.9961594463572984","false","0","d__Bacteria |  p__Proteobacteria |  c__Alphaproteobacteria | Rhizobiales |  f__Devosiaceae |  g__Devosia","41112","0.12039077661919016"
"2.09717868338558","7.16404054571302E-4","c__Alphaproteobacteria","0.4768310911808669","0.31200396825396826","64","3","f__Devosiaceae","g__uncultured","false","d__Bacteria","d__Bacteria |  p__Proteobacteria |  c__Alphaproteobacteria | Rhizobiales |  f__Devosiaceae |  g__uncultured","92.140625","0","64","Rhizobiales","0","p__Proteobacteria","0.9964026928413586","false","0","d__Bacteria |  p__Proteobacteria |  c__Alphaproteobacteria | Rhizobiales |  f__Devosiaceae |  g__uncultured","25374","0.11517578125"
"2.2089864158829675","3.942285010066828E-4","c__Alphaproteobacteria","0.45269631031220436","0.3968253968253968","64","3","f__Xanthobacteraceae","g__Bradyrhizobium.2","false","d__Bacteria","d__Bacteria |  p__Proteobacteria |  c__Alphaproteobacteria | Rhizobiales |  f__Xanthobacteraceae |  g__Bradyrhizobium.2","105.5","0","64","Rhizobiales","0","p__Proteobacteria","0.9960361101118591","false","0","d__Bacteria |  p__Proteobacteria |  c__Alphaproteobacteria | Rhizobiales |  f__Xanthobacteraceae |  g__Bradyrhizobium.2","18948","0.15223665223665223"
"2.084639498432602","0.0012339574691406542",,"0.47969924812030074","0.3414124015748031","128","3",,,"false",,"d__Bacteria |  p__Proteobacteria |  c__Alphaproteobacteria | Rhizobiales | 0.994209307 | ","115.7890625","0","128",,"0",,"0.9964438049231719","false","0","d__Bacteria |  p__Proteobacteria |  c__Alphaproteobacteria | Rhizobiales | 0.994209307 | ","49582","0.1547982118983957"
"2.0417972831765936","0.0019627181839793105","c__Alphaproteobacteria","0.48976458546571133","0.30466061933062244","139","3","f__Sphingomonadaceae","g__Ellin6055","false","d__Bacteria","d__Bacteria |  p__Proteobacteria |  c__Alphaproteobacteria | Sphingomonadales |  f__Sphingomonadaceae |  g__Ellin6055","109.28057553956835","0","139","Sphingomonadales","0","p__Proteobacteria","0.9965842712026997","false","0","d__Bacteria |  p__Proteobacteria |  c__Alphaproteobacteria | Sphingomonadales |  f__Sphingomonadaceae |  g__Ellin6055","83944","0.14046346470381535"
"2.349007314524556","4.190488155241785E-4","c__Alphaproteobacteria","0.42571174377224197","0.41005291005291006","28","3","f__Sphingomonadaceae","g__Polymorphobacter","false","d__Bacteria","d__Bacteria |  p__Proteobacteria |  c__Alphaproteobacteria | Sphingomonadales |  f__Sphingomonadaceae |  g__Polymorphobacter","67.89285714285714","0","28","Sphingomonadales","0","p__Proteobacteria","0.9955770251982802","false","0","d__Bacteria |  p__Proteobacteria |  c__Alphaproteobacteria | Sphingomonadales |  f__Sphingomonadaceae |  g__Polymorphobacter","11012","0.11423761423761424"
"2.3458725182863116","3.8174574534646273E-4","c__Alphaproteobacteria","0.4262806236080178","0.39974937343358397","57","4","f__Sphingomonadaceae","g__Polymorphobacter.1","false","d__Bacteria","d__Bacteria |  p__Proteobacteria |  c__Alphaproteobacteria | Sphingomonadales |  f__Sphingomonadaceae |  g__Polymorphobacter.1","67.33333333333333","0","57","Sphingomonadales","0","p__Proteobacteria","0.9955873032187335","false","0","d__Bacteria |  p__Proteobacteria |  c__Alphaproteobacteria | Sphingomonadales |  f__Sphingomonadaceae |  g__Polymorphobacter.1","13088","0.11812865497076024"
"2.156739811912226","0.0011044085658586836","c__Alphaproteobacteria","0.4636627906976744","0.274969474969475","91","3","f__Sphingomonadaceae","g__Sphingomonas.2","false","d__Bacteria","d__Bacteria |  p__Proteobacteria |  c__Alphaproteobacteria | Sphingomonadales |  f__Sphingomonadaceae |  g__Sphingomonas.2","104.72527472527473","0","91","Sphingomonadales","0","p__Proteobacteria","0.9962074104527467","false","0","d__Bacteria |  p__Proteobacteria |  c__Alphaproteobacteria | Sphingomonadales |  f__Sphingomonadaceae |  g__Sphingomonas.2","39510","0.1462643501749647"
"2.0804597701149423","8.973852150189688E-4","c__Alphaproteobacteria","0.4806629834254144","0.41025641025641024","118","3","f__Sphingomonadaceae","g__Sphingomonas.21","false","d__Bacteria","d__Bacteria |  p__Proteobacteria |  c__Alphaproteobacteria | Sphingomonadales |  f__Sphingomonadaceae |  g__Sphingomonas.21","130.27118644067798","0","118","Sphingomonadales","0","p__Proteobacteria","0.9964575089504428","false","0","d__Bacteria |  p__Proteobacteria |  c__Alphaproteobacteria | Sphingomonadales |  f__Sphingomonadaceae |  g__Sphingomonas.21","40056","0.17095956225810757"
"2.0783699059561127","0.0012179810678993603","c__Alphaproteobacteria","0.48114630467571645","0.3425205133599832","98","3","f__Sphingomonadaceae","g__Sphingomonas.37","false","d__Bacteria","d__Bacteria |  p__Proteobacteria |  c__Alphaproteobacteria | Sphingomonadales |  f__Sphingomonadaceae |  g__Sphingomonas.37","93.86734693877551","0","98","Sphingomonadales","0","p__Proteobacteria","0.9964643609640784","false","0","d__Bacteria |  p__Proteobacteria |  c__Alphaproteobacteria | Sphingomonadales |  f__Sphingomonadaceae |  g__Sphingomonas.37","52770","0.11972875885047897"
"2.115987460815047","0.0015007787956413017","c__Alphaproteobacteria","0.47259259259259256","0.33495145631067963","104","3","f__Sphingomonadaceae","0.999077159","false","d__Bacteria","d__Bacteria |  p__Proteobacteria |  c__Alphaproteobacteria | Sphingomonadales |  f__Sphingomonadaceae | 0.999077159","78.84615384615384","0","104","Sphingomonadales","0","p__Proteobacteria","0.9963410247186392","false","0","d__Bacteria |  p__Proteobacteria |  c__Alphaproteobacteria | Sphingomonadales |  f__Sphingomonadaceae | 0.999077159","56622","0.10626166286543645"
"2.0595611285266457","0.001313710273769423","c__Alphaproteobacteria","0.4855403348554034","0.33954571927781013","102","3","f__Sphingomonadaceae","0.999998144","false","d__Bacteria","d__Bacteria |  p__Proteobacteria |  c__Alphaproteobacteria | Sphingomonadales |  f__Sphingomonadaceae | 0.999998144","130.12745098039215","0","102","Sphingomonadales","0","p__Proteobacteria","0.9965260290867979","false","0","d__Bacteria |  p__Proteobacteria |  c__Alphaproteobacteria | Sphingomonadales |  f__Sphingomonadaceae | 0.999998144","58560","0.1630669811784363"
"2.1849529780564265","9.75584518700285E-4","c__Gammaproteobacteria","0.4576757532281205","0.309462915601023","69","3","f__A21b","g__A21b","false","d__Bacteria","d__Bacteria |  p__Proteobacteria |  c__Gammaproteobacteria | Burkholderiales |  f__A21b |  g__A21b","87.94202898550725","0","69","Burkholderiales","0","p__Proteobacteria","0.9961149082686676","false","0","d__Bacteria |  p__Proteobacteria |  c__Gammaproteobacteria | Burkholderiales |  f__A21b |  g__A21b","35390","0.12368780448031962"
"1.9383490073145246","0.003101290489688546","c__Gammaproteobacteria","0.5159029649595687","0.2583638583638584","91","3","f__Burkholderiaceae","g__Ralstonia","false","d__Bacteria","d__Bacteria |  p__Proteobacteria |  c__Gammaproteobacteria | Burkholderiales |  f__Burkholderiaceae |  g__Ralstonia","122.2967032967033","0","91","Burkholderiales","0","p__Proteobacteria","0.9969234458776574","false","0","d__Bacteria |  p__Proteobacteria |  c__Gammaproteobacteria | Burkholderiales |  f__Burkholderiaceae |  g__Ralstonia","143704","0.13221265221265222"
"2.108672936259143","7.599985743834987E-4","c__Gammaproteobacteria","0.4742319127849356","0.29750075278530563","82","3","f__Comamonadaceae","g__Polaromonas","false","d__Bacteria","d__Bacteria |  p__Proteobacteria |  c__Gammaproteobacteria | Burkholderiales |  f__Comamonadaceae |  g__Polaromonas","100.9390243902439","0","82","Burkholderiales","0","p__Proteobacteria","0.9963650067663634","false","0","d__Bacteria |  p__Proteobacteria |  c__Gammaproteobacteria | Burkholderiales |  f__Comamonadaceae |  g__Polaromonas","28796","0.130919616589162"
"1.9467084639498433","0.002738910370974699","c__Gammaproteobacteria","0.5136876006441223","0.31060369096027524","139","3","f__Comamonadaceae","g__Rhizobacter","false","d__Bacteria","d__Bacteria |  p__Proteobacteria |  c__Gammaproteobacteria | Burkholderiales |  f__Comamonadaceae |  g__Rhizobacter","124.60431654676259","0","139","Burkholderiales","0","p__Proteobacteria","0.9968960378231153","false","0","d__Bacteria |  p__Proteobacteria |  c__Gammaproteobacteria | Burkholderiales |  f__Comamonadaceae |  g__Rhizobacter","125302","0.14338816633689597"
"2.0104493207941485","0.00257421783864202","c__Gammaproteobacteria","0.49740124740124736","0.25897963852665296","94","3","f__Comamonadaceae","0.999536857","false","d__Bacteria","d__Bacteria |  p__Proteobacteria |  c__Gammaproteobacteria | Burkholderiales |  f__Comamonadaceae | 0.999536857","101.04255319148936","0","94","Burkholderiales","0","p__Proteobacteria","0.9966870514072323","false","0","d__Bacteria |  p__Proteobacteria |  c__Gammaproteobacteria | Burkholderiales |  f__Comamonadaceae | 0.999536857","94832","0.11845551370631813"
"1.9049111807732497","0.005723845928203098","c__Gammaproteobacteria","0.5249588590235875","0.24940991345397326","124","3","f__Comamonadaceae","0.999866142","false","d__Bacteria","d__Bacteria |  p__Proteobacteria |  c__Gammaproteobacteria | Burkholderiales |  f__Comamonadaceae | 0.999866142","106.0241935483871","0","124","Burkholderiales","0","p__Proteobacteria","0.9970330780958254","false","0","d__Bacteria |  p__Proteobacteria |  c__Gammaproteobacteria | Burkholderiales |  f__Comamonadaceae | 0.999866142","256252","0.11474479821254015"
"1.9561128526645768","0.0030192305555262196","c__Gammaproteobacteria","0.5112179487179487","0.2728955989175331","119","3","f__Oxalobacteraceae","g__Massilia","false","d__Bacteria","d__Bacteria |  p__Proteobacteria |  c__Gammaproteobacteria | Burkholderiales |  f__Oxalobacteraceae |  g__Massilia","116.89915966386555","0","119","Burkholderiales","0","p__Proteobacteria","0.9968652037617554","false","0","d__Bacteria |  p__Proteobacteria |  c__Gammaproteobacteria | Burkholderiales |  f__Oxalobacteraceae |  g__Massilia","118234","0.13283995416348357"
"1.8735632183908046","0.005627917536492574","c__Gammaproteobacteria","0.5337423312883436","0.26332876415843015","167","3","f__TRA3-20","g__TRA3-20","false","d__Bacteria","d__Bacteria |  p__Proteobacteria |  c__Gammaproteobacteria | Burkholderiales |  f__TRA3-20 |  g__TRA3-20","116.55688622754491","0","167","Burkholderiales","0","p__Proteobacteria","0.997135858300358","false","0","d__Bacteria |  p__Proteobacteria |  c__Gammaproteobacteria | Burkholderiales |  f__TRA3-20 |  g__TRA3-20","257890","0.12794389267568046"
"2.071055381400209","0.001974295520455926","c__Gammaproteobacteria","0.48284561049445","0.25","64","3","f__Rhodanobacteraceae","g__uncultured","false","d__Bacteria","d__Bacteria |  p__Proteobacteria |  c__Gammaproteobacteria | Xanthomonadales |  f__Rhodanobacteraceae |  g__uncultured","98.515625","0","64","Xanthomonadales","0","p__Proteobacteria","0.9964883430118027","false","0","d__Bacteria |  p__Proteobacteria |  c__Gammaproteobacteria | Xanthomonadales |  f__Rhodanobacteraceae |  g__uncultured","65448","0.11941287878787879"
"2.06687565308255","0.0014357848185710398","c__Abditibacteria","0.4838220424671385","0.29539473684210527","96","3","f__Abditibacteriaceae","g__Abditibacterium.1","false","d__Bacteria","d__Bacteria |  p__Abditibacteriota |  c__Abditibacteria | Abditibacteriales |  f__Abditibacteriaceae |  g__Abditibacterium.1","115.65625","0","96","Abditibacteriales","0","p__Abditibacteriota","0.9965020470390736","false","0","d__Bacteria |  p__Abditibacteriota |  c__Abditibacteria | Abditibacteriales |  f__Abditibacteriaceae |  g__Abditibacterium.1","56962","0.14511449184441655"
"2.012539184952978","0.001351768993199642","c__Acidobacteriae","0.4968847352024922","0.3564356435643564","102","3","f__Bryobacteraceae","g__Bryobacter.3","false","d__Bacteria","d__Bacteria |  p__Acidobacteriota |  c__Acidobacteriae | Bryobacterales |  f__Bryobacteraceae |  g__Bryobacter.3","128.6764705882353","0","102","Bryobacterales","0","p__Acidobacteriota","0.9966801993935969","false","0","d__Bacteria |  p__Acidobacteriota |  c__Acidobacteriae | Bryobacterales |  f__Bryobacteraceae |  g__Bryobacter.3","63880","0.1526411276254274"
"1.93521421107628","0.0016285813902304955","c__Acidimicrobiia","0.5167386609071274","0.4189922480620155","216","3","f__Ilumatobacteraceae","g__Ilumatobacter","false","d__Bacteria","d__Bacteria |  p__Actinobacteriota |  c__Acidimicrobiia | Microtrichales |  f__Ilumatobacteraceae |  g__Ilumatobacter","144.2962962962963","0","216","Microtrichales","0","p__Actinobacteriota","0.9969337238981105","false","0","d__Bacteria |  p__Actinobacteriota |  c__Acidimicrobiia | Microtrichales |  f__Ilumatobacteraceae |  g__Ilumatobacter","87558","0.17969650846363175"
"1.973876698014629","0.001461807688937869","c__Acidimicrobiia","0.5066172578083642","0.36589861751152075","155","3","f__uncultured","g__uncultured","false","d__Bacteria","d__Bacteria |  p__Actinobacteriota |  c__Acidimicrobiia | uncultured |  f__uncultured |  g__uncultured","134.2516129032258","0","155","uncultured","0","p__Actinobacteriota","0.9968069616458537","false","0","d__Bacteria |  p__Actinobacteriota |  c__Acidimicrobiia | uncultured |  f__uncultured |  g__uncultured","68012","0.16233568670281234"
"2.2340647857889238","6.346804892348581E-4","c__Actinobacteria","0.4476145930776427","0.2507936507936508","36","3","f__Mycobacteriaceae","g__Mycobacterium.2","false","d__Bacteria","d__Bacteria |  p__Actinobacteriota |  c__Actinobacteria | Corynebacteriales |  f__Mycobacteriaceae |  g__Mycobacterium.2","74.61111111111111","0","36","Corynebacteriales","0","p__Actinobacteriota","0.9959538859482331","false","0","d__Bacteria |  p__Actinobacteriota |  c__Actinobacteria | Corynebacteriales |  f__Mycobacteriaceae |  g__Mycobacterium.2","19676","0.1070460704607046"
"1.910135841170324","0.0022006893783238697","c__Actinobacteria","0.5235229759299781","0.3836627023160154","212","3","f__Geodermatophilaceae","g__Blastococcus","false","d__Bacteria","d__Bacteria |  p__Actinobacteriota |  c__Actinobacteria | Frankiales |  f__Geodermatophilaceae |  g__Blastococcus","139.00943396226415","0","212","Frankiales","0","p__Actinobacteriota","0.9970159480617368","false","0","d__Bacteria |  p__Actinobacteriota |  c__Actinobacteria | Frankiales |  f__Geodermatophilaceae |  g__Blastococcus","107310","0.16727970392570896"
"2.0606060606060606","0.0012893696525775003","c__Actinobacteria","0.4852941176470588","0.36560622476115434","143","3","f__Nakamurellaceae","g__Nakamurella","false","d__Bacteria","d__Bacteria |  p__Actinobacteriota |  c__Actinobacteria | Frankiales |  f__Nakamurellaceae |  g__Nakamurella","135.006993006993","0","143","Frankiales","0","p__Actinobacteriota","0.9965226030799801","false","0","d__Bacteria |  p__Actinobacteriota |  c__Actinobacteria | Frankiales |  f__Nakamurellaceae |  g__Nakamurella","54670","0.17858067858067858"
"1.7262277951933125","0.010753160690457113","c__Actinobacteria","0.5792978208232445","0.29098062802295566","283","3","f__Cellulomonadaceae","g__Cellulomonas","false","d__Bacteria","d__Bacteria |  p__Actinobacteriota |  c__Actinobacteria | Micrococcales |  f__Cellulomonadaceae |  g__Cellulomonas","128.70671378091873","0","283","Micrococcales","0","p__Actinobacteriota","0.9976189252616612","false","0","d__Bacteria |  p__Actinobacteriota |  c__Actinobacteria | Micrococcales |  f__Cellulomonadaceae |  g__Cellulomonas","450490","0.1375071728428619"
"2.044932079414838","7.731260959144089E-4","c__Actinobacteria","0.48901379662749106","0.43015851510635417","122","3","f__Cellulomonadaceae","g__Cellulomonas.1","false","d__Bacteria","d__Bacteria |  p__Actinobacteriota |  c__Actinobacteria | Micrococcales |  f__Cellulomonadaceae |  g__Cellulomonas.1","142.36065573770492","0","122","Micrococcales","0","p__Actinobacteriota","0.9965739931822465","false","0","d__Bacteria |  p__Actinobacteriota |  c__Actinobacteria | Micrococcales |  f__Cellulomonadaceae |  g__Cellulomonas.1","40638","0.17974830269912237"
"1.9728317659352141","8.709048102097574E-4","c__Actinobacteria","0.506885593220339","0.44690603514132926","154","3","f__Intrasporangiaceae","0.99254881","false","d__Bacteria","d__Bacteria |  p__Actinobacteriota |  c__Actinobacteria | Micrococcales |  f__Intrasporangiaceae | 0.99254881","147.75974025974025","0","154","Micrococcales","0","p__Actinobacteriota","0.9968103876526715","false","0","d__Bacteria |  p__Actinobacteriota |  c__Actinobacteria | Micrococcales |  f__Intrasporangiaceae | 0.99254881","51690","0.17823852866072407"
"2.134796238244514","3.469961300824891E-4","c__Actinobacteria","0.46842878120411163","0.4473684210526316","76","3","f__Microbacteriaceae","g__Agromyces.1","false","d__Bacteria","d__Bacteria |  p__Actinobacteriota |  c__Actinobacteria | Micrococcales |  f__Microbacteriaceae |  g__Agromyces.1","144.48684210526315","0","76","Micrococcales","0","p__Actinobacteriota","0.9962793565959196","false","0","d__Bacteria |  p__Actinobacteriota |  c__Actinobacteria | Micrococcales |  f__Microbacteriaceae |  g__Agromyces.1","18244","0.192136758118701"
"2.2998955067920583","2.938759309681128E-4","c__Actinobacteria","0.4348023625624716","0.3522012578616352","54","4","f__Nocardioidaceae","g__Marmoricola.2","false","d__Bacteria","d__Bacteria |  p__Actinobacteriota |  c__Actinobacteria | Propionibacteriales |  f__Nocardioidaceae |  g__Marmoricola.2","96.35185185185185","0","54","Propionibacteriales","0","p__Actinobacteriota","0.9957380475187146","false","0","d__Bacteria |  p__Actinobacteriota |  c__Actinobacteria | Propionibacteriales |  f__Nocardioidaceae |  g__Marmoricola.2","8684","0.15565727278166697"
"1.7711598746081505","0.013671774875803093","c__Actinobacteria","0.5646017699115045","0.2931833990261999","228","3","f__Nocardioidaceae","g__Nocardioides.1","false","d__Bacteria","d__Bacteria |  p__Actinobacteriota |  c__Actinobacteria | Propionibacteriales |  f__Nocardioidaceae |  g__Nocardioides.1","130.42543859649123","0","228","Propionibacteriales","0","p__Actinobacteriota","0.9974716069684979","false","0","d__Bacteria |  p__Actinobacteriota |  c__Actinobacteria | Propionibacteriales |  f__Nocardioidaceae |  g__Nocardioides.1","603892","0.13757957657857725"
"2.2434691745036575","5.282075371189707E-4","c__Actinobacteria","0.44573823940381924","0.339323467230444","44","3","f__Pseudonocardiaceae","g__Pseudonocardia.3","false","d__Bacteria","d__Bacteria |  p__Actinobacteriota |  c__Actinobacteria | Pseudonocardiales |  f__Pseudonocardiaceae |  g__Pseudonocardia.3","79.86363636363636","0","44","Pseudonocardiales","0","p__Actinobacteriota","0.9959230518868732","false","0","d__Bacteria |  p__Actinobacteriota |  c__Actinobacteria | Pseudonocardiales |  f__Pseudonocardiaceae |  g__Pseudonocardia.3","16754","0.11758602222519748"
"2.102403343782654","8.492478139683956E-4","c__Thermoleophilia","0.47564612326043737","0.40631808278867104","136","3","f__uncultured","g__uncultured.1","false","d__Bacteria","d__Bacteria |  p__Actinobacteriota |  c__Thermoleophilia | Gaiellales |  f__uncultured |  g__uncultured.1","136.9264705882353","0","136","Gaiellales","0","p__Actinobacteriota","0.99638556280727","false","0","d__Bacteria |  p__Actinobacteriota |  c__Thermoleophilia | Gaiellales |  f__uncultured |  g__uncultured.1","39636","0.1893865429989423"
"2.269592476489028","4.86771195612587E-4","c__Armatimonadia","0.44060773480662985","0.27464008859357697","43","4","f__Armatimonadales","g__Armatimonadales","false","d__Bacteria","d__Bacteria |  p__Armatimonadota |  c__Armatimonadia | Armatimonadales |  f__Armatimonadales |  g__Armatimonadales","70.51162790697674","0","43","Armatimonadales","0","p__Armatimonadota","0.9958374017164294","false","0","d__Bacteria |  p__Armatimonadota |  c__Armatimonadia | Armatimonadales |  f__Armatimonadales |  g__Armatimonadales","15114","0.10732363456160844"
"1.8672936259143156","0.002868907819767347","c__Bacteroidia","0.5355344152210408","0.40880171997718395","214","3","f__Hymenobacteraceae","g__Adhaeribacter","false","d__Bacteria","d__Bacteria |  p__Bacteroidota |  c__Bacteroidia | Cytophagales |  f__Hymenobacteraceae |  g__Adhaeribacter","143.8271028037383","0","214","Cytophagales","0","p__Bacteroidota","0.9971564143412645","false","0","d__Bacteria |  p__Bacteroidota |  c__Bacteroidia | Cytophagales |  f__Hymenobacteraceae |  g__Adhaeribacter","149838","0.16531850896981415"
"2.2079414838035527","3.8879079205360486E-4","c__Bacteroidia","0.45291055371509703","0.24761904761904763","36","3","f__Flavobacteriaceae","g__Flavobacterium.10","false","d__Bacteria","d__Bacteria |  p__Bacteroidota |  c__Bacteroidia | Flavobacteriales |  f__Flavobacteriaceae |  g__Flavobacterium.10","94.47222222222223","0","36","Flavobacteriales","0","p__Bacteroidota","0.9960395361186769","false","0","d__Bacteria |  p__Bacteroidota |  c__Bacteroidia | Flavobacteriales |  f__Flavobacteriaceae |  g__Flavobacterium.10","13652","0.13084795321637427"
"1.8923719958202716","0.003879750980071923","c__Kapabacteria","0.5284373274434014","0.27830726199109085","197","3","f__Kapabacteriales","g__Kapabacteriales","false","d__Bacteria","d__Bacteria |  p__Bacteroidota |  c__Kapabacteria | Kapabacteriales |  f__Kapabacteriales |  g__Kapabacteriales","121.79187817258884","0","197","Kapabacteriales","0","p__Bacteroidota","0.9970741901776384","false","0","d__Bacteria |  p__Bacteroidota |  c__Kapabacteria | Kapabacteriales |  f__Kapabacteriales |  g__Kapabacteriales","160940","0.1411261624247843"
"2.006269592476489","0.0023427667856473246","c__Chloroflexia","0.49843750000000003","0.33956250905403446","118","3","f__Herpetosiphonaceae","g__Herpetosiphon.1","false","d__Bacteria","d__Bacteria |  p__Chloroflexi |  c__Chloroflexia | Chloroflexales |  f__Herpetosiphonaceae |  g__Herpetosiphon.1","124.05084745762711","0","118","Chloroflexales","0","p__Chloroflexi","0.9967007554345033","false","0","d__Bacteria |  p__Chloroflexi |  c__Chloroflexia | Chloroflexales |  f__Herpetosiphonaceae |  g__Herpetosiphon.1","95990","0.14892058518322585"
"1.8213166144200628","0.0066412906795873085","c__Ktedonobacteria","0.5490533562822719","0.2982348864701806","222","3","f__C0119","g__C0119","false","d__Bacteria","d__Bacteria |  p__Chloroflexi |  c__Ktedonobacteria | C0119 |  f__C0119 |  g__C0119","126.83333333333333","0","222","C0119","0","p__Chloroflexi","0.9973071586412456","false","0","d__Bacteria |  p__Chloroflexi |  c__Ktedonobacteria | C0119 |  f__C0119 |  g__C0119","263056","0.1399926416482708"
"1.8599791013584117","0.004684155170237004","c__TK10","0.5376404494382022","0.3580270424681013","178","3","f__TK10","g__TK10.13","false","d__Bacteria","d__Bacteria |  p__Chloroflexi |  c__TK10 | TK10 |  f__TK10 |  g__TK10.13","139.08988764044943","0","178","TK10","0","p__Chloroflexi","0.9971803963889888","false","0","d__Bacteria |  p__Chloroflexi |  c__TK10 | TK10 |  f__TK10 |  g__TK10.13","257124","0.15234379807278142"
"2.0470219435736676","0.0011994448438936644","c__TK10","0.4885145482388974","0.41959084134941066","122","3","f__TK10","g__TK10.23","false","d__Bacteria","d__Bacteria |  p__Chloroflexi |  c__TK10 | TK10 |  f__TK10 |  g__TK10.23","141.47540983606558","0","122","TK10","0","p__Chloroflexi","0.9965671411686109","false","0","d__Bacteria |  p__Chloroflexi |  c__TK10 | TK10 |  f__TK10 |  g__TK10.23","54502","0.1790827972608425"
"1.961337513061651","0.0018512185092641731","c__TK10","0.5098561534363346","0.4280018227386648","133","3","f__TK10","g__TK10.61","false","d__Bacteria","d__Bacteria |  p__Chloroflexi |  c__TK10 | TK10 |  f__TK10 |  g__TK10.61","139.8421052631579","0","133","TK10","0","p__Chloroflexi","0.9968480737276667","false","0","d__Bacteria |  p__Chloroflexi |  c__TK10 | TK10 |  f__TK10 |  g__TK10.61","99060","0.16241824072376063"
"2.2225705329153604","0.0011573070229112471",,"0.44992947813822287","0.32043650793650796","64","3",,,"false",,"d__Bacteria |  p__Chloroflexi | 0.984260738 |  |  | ","75.46875","0","64",,"0",,"0.9959915720232283","false","0","d__Bacteria |  p__Chloroflexi | 0.984260738 |  |  | ","32004","0.11126474926253688"
"2.0156739811912225","0.002366363808088088",,"0.49611197511664074","0.29929266136162685","117","3",,,"false",,"d__Bacteria |  p__Chloroflexi | 0.988311073 |  |  | ","102.05982905982906","0","117",,"0",,"0.9966699213731435","false","0","d__Bacteria |  p__Chloroflexi | 0.988311073 |  |  | ","84790","0.12370888370888371"
"1.8568443051201673","0.002796135114550418","c__Gemmatimonadetes","0.538548114800225","0.3789828431372549","256","3","f__Gemmatimonadaceae","g__Gemmatimonas","false","d__Bacteria","d__Bacteria |  p__Gemmatimonadota |  c__Gemmatimonadetes | Gemmatimonadales |  f__Gemmatimonadaceae |  g__Gemmatimonas","138.01171875","0","256","Gemmatimonadales","0","p__Gemmatimonadota","0.9971906744094421","false","0","d__Bacteria |  p__Gemmatimonadota |  c__Gemmatimonadetes | Gemmatimonadales |  f__Gemmatimonadaceae |  g__Gemmatimonas","148014","0.16469178848448687"
"2.2413793103448274","1.9437603433186343E-4","c__Polyangia","0.4461538461538462","0.45248868778280543","52","4","f__Haliangiaceae","g__Haliangium","false","d__Bacteria","d__Bacteria |  p__Myxococcota |  c__Polyangia | Haliangiales |  f__Haliangiaceae |  g__Haliangium","121.59615384615384","0","52","Haliangiales","0","p__Myxococcota","0.9959299039005087","false","0","d__Bacteria |  p__Myxococcota |  c__Polyangia | Haliangiales |  f__Haliangiaceae |  g__Haliangium","8506","0.18014245014245014"
"2.2936259143155695","1.7114693059283416E-4","c__Polyangia","0.4359908883826879","0.3217948717948718","40","4","f__Polyangiaceae","g__Aetherobacter","false","d__Bacteria","d__Bacteria |  p__Myxococcota |  c__Polyangia | Polyangiales |  f__Polyangiaceae |  g__Aetherobacter","120.725","0","40","Polyangiales","0","p__Myxococcota","0.9957586035596211","false","0","d__Bacteria |  p__Myxococcota |  c__Polyangia | Polyangiales |  f__Polyangiaceae |  g__Aetherobacter","5694","0.18952119309262166"
"2.0094043887147337","0.001812104662007702","c__Alphaproteobacteria","0.4976599063962558","0.35799689440993787","161","3","f__Acetobacteraceae","0.999996858","false","d__Bacteria","d__Bacteria |  p__Proteobacteria |  c__Alphaproteobacteria | Acetobacterales |  f__Acetobacteraceae | 0.999996858","129.91925465838509","0","161","Acetobacterales","0","p__Proteobacteria","0.9966904774140499","false","0","d__Bacteria |  p__Proteobacteria |  c__Alphaproteobacteria | Acetobacterales |  f__Acetobacteraceae | 0.999996858","78316","0.16508164505512718"
"2.160919540229885","0.0010943983030791385","c__Alphaproteobacteria","0.4627659574468085","0.29240506329113924","80","4","f__Beijerinckiaceae","g__Methylorosula","false","d__Bacteria","d__Bacteria |  p__Proteobacteria |  c__Alphaproteobacteria | Rhizobiales |  f__Beijerinckiaceae |  g__Methylorosula","91.5125","0","80","Rhizobiales","0","p__Proteobacteria","0.9961937064254758","false","0","d__Bacteria |  p__Proteobacteria |  c__Alphaproteobacteria | Rhizobiales |  f__Beijerinckiaceae |  g__Methylorosula","40554","0.12639848066298343"
"2.270637408568443","1.5559865961703594E-4","c__Alphaproteobacteria","0.44040497008743673","0.349527665317139","39","4","f__Devosiaceae","g__Devosia.1","false","d__Bacteria","d__Bacteria |  p__Proteobacteria |  c__Alphaproteobacteria | Rhizobiales |  f__Devosiaceae |  g__Devosia.1","107.56410256410257","0","39","Rhizobiales","0","p__Proteobacteria","0.9958339757096116","false","0","d__Bacteria |  p__Proteobacteria |  c__Alphaproteobacteria | Rhizobiales |  f__Devosiaceae |  g__Devosia.1","6190","0.16297591297591296"
"2.0940438871473352","0.0010633203455093715","c__Alphaproteobacteria","0.47754491017964074","0.3377814845704754","110","3","f__Devosiaceae","g__Devosia.2","false","d__Bacteria","d__Bacteria |  p__Proteobacteria |  c__Alphaproteobacteria | Rhizobiales |  f__Devosiaceae |  g__Devosia.2","120.94545454545455","0","110","Rhizobiales","0","p__Proteobacteria","0.996412970861812","false","0","d__Bacteria |  p__Proteobacteria |  c__Alphaproteobacteria | Rhizobiales |  f__Devosiaceae |  g__Devosia.2","44896","0.15976942476281975"
"2.027168234064786","0.0011794725955964367","c__Alphaproteobacteria","0.4932989690721649","0.33150308853809196","94","3","f__Rhizobiaceae","g__Allorhizobium-Neorhizobium-Pararhizobium-Rhizobium","false","d__Bacteria","d__Bacteria |  p__Proteobacteria |  c__Alphaproteobacteria | Rhizobiales |  f__Rhizobiaceae |  g__Allorhizobium-Neorhizobium-Pararhizobium-Rhizobium","127.35106382978724","0","94","Rhizobiales","0","p__Proteobacteria","0.9966322352981483","false","0","d__Bacteria |  p__Proteobacteria |  c__Alphaproteobacteria | Rhizobiales |  f__Rhizobiaceae |  g__Allorhizobium-Neorhizobium-Pararhizobium-Rhizobium","52788","0.15215180863773864"
"1.910135841170324","0.004324049250620037","c__Alphaproteobacteria","0.5235229759299781","0.296470207253886","193","3","f__Xanthobacteraceae","g__Bradyrhizobium","false","d__Bacteria","d__Bacteria |  p__Proteobacteria |  c__Alphaproteobacteria | Rhizobiales |  f__Xanthobacteraceae |  g__Bradyrhizobium","122.63730569948187","0","193","Rhizobiales","0","p__Proteobacteria","0.9970159480617368","false","0","d__Bacteria |  p__Proteobacteria |  c__Alphaproteobacteria | Rhizobiales |  f__Xanthobacteraceae |  g__Bradyrhizobium","175942","0.14427918317586103"
"2.3124346917450365","4.4987325581676116E-4","c__Alphaproteobacteria","0.43244464527790333","0.35714285714285715","56","4","f__Xanthobacteraceae","g__Bradyrhizobium.1","false","d__Bacteria","d__Bacteria |  p__Proteobacteria |  c__Alphaproteobacteria | Rhizobiales |  f__Xanthobacteraceae |  g__Bradyrhizobium.1","75.41071428571429","0","56","Rhizobiales","0","p__Proteobacteria","0.9956969354369016","false","0","d__Bacteria |  p__Proteobacteria |  c__Alphaproteobacteria | Rhizobiales |  f__Xanthobacteraceae |  g__Bradyrhizobium.1","14202","0.12485217596972564"
"2.084639498432602","6.026296347159799E-4",,"0.47969924812030074","0.49311043566362717","141","3",,,"false",,"d__Bacteria |  p__Proteobacteria |  c__Alphaproteobacteria | Rhizobiales | 0.999651076 | ","147.77304964539007","0","141",,"0",,"0.9964438049231719","false","0","d__Bacteria |  p__Proteobacteria |  c__Alphaproteobacteria | Rhizobiales | 0.999651076 | ","30314","0.2010517682250205"
"2.2622779519331244","4.913498792134248E-4","c__Alphaproteobacteria","0.4420323325635104","0.28232005590496156","54","4","f__Mitochondria","g__Mitochondria","false","d__Bacteria","d__Bacteria |  p__Proteobacteria |  c__Alphaproteobacteria | Rickettsiales |  f__Mitochondria |  g__Mitochondria","89.55555555555556","0","54","Rickettsiales","0","p__Proteobacteria","0.9958613837641537","false","0","d__Bacteria |  p__Proteobacteria |  c__Alphaproteobacteria | Rickettsiales |  f__Mitochondria |  g__Mitochondria","17554","0.13651761517615177"
"2.2267502612330197","7.094488898508675E-4","c__Alphaproteobacteria","0.44908493664946036","0.33585585585585587","75","3","f__Sphingomonadaceae","g__Altererythrobacter.1","false","d__Bacteria","d__Bacteria |  p__Proteobacteria |  c__Alphaproteobacteria | Sphingomonadales |  f__Sphingomonadaceae |  g__Altererythrobacter.1","83.33333333333333","0","75","Sphingomonadales","0","p__Proteobacteria","0.9959778679959573","false","0","d__Bacteria |  p__Proteobacteria |  c__Alphaproteobacteria | Sphingomonadales |  f__Sphingomonadaceae |  g__Altererythrobacter.1","26974","0.12531328320802004"
"2.045977011494253","0.0010014728626628231","c__Alphaproteobacteria","0.48876404494382025","0.4135895234006011","137","3","f__Sphingomonadaceae","g__Altererythrobacter.2","false","d__Bacteria","d__Bacteria |  p__Proteobacteria |  c__Alphaproteobacteria | Sphingomonadales |  f__Sphingomonadaceae |  g__Altererythrobacter.2","136.75912408759123","0","137","Sphingomonadales","0","p__Proteobacteria","0.9965705671754287","false","0","d__Bacteria |  p__Proteobacteria |  c__Alphaproteobacteria | Sphingomonadales |  f__Sphingomonadaceae |  g__Altererythrobacter.2","47324","0.1762359846489578"
"2.102403343782654","7.417566569042247E-4","c__Alphaproteobacteria","0.47564612326043737","0.3466407010710808","79","3","f__Sphingomonadaceae","g__Sphingoaurantiacus","false","d__Bacteria","d__Bacteria |  p__Proteobacteria |  c__Alphaproteobacteria | Sphingomonadales |  f__Sphingomonadaceae |  g__Sphingoaurantiacus","117.43037974683544","0","79","Sphingomonadales","0","p__Proteobacteria","0.99638556280727","false","0","d__Bacteria |  p__Proteobacteria |  c__Alphaproteobacteria | Sphingomonadales |  f__Sphingomonadaceae |  g__Sphingoaurantiacus","32704","0.15055176890619928"
"2.008359456635319","0.0014945287086620192","c__Alphaproteobacteria","0.4979188345473465","0.33433208489388266","90","3","f__Sphingomonadaceae","g__Sphingomonas.10","false","d__Bacteria","d__Bacteria |  p__Proteobacteria |  c__Alphaproteobacteria | Sphingomonadales |  f__Sphingomonadaceae |  g__Sphingomonas.10","125.41111111111111","0","90","Sphingomonadales","0","p__Proteobacteria","0.9966939034208677","false","0","d__Bacteria |  p__Proteobacteria |  c__Alphaproteobacteria | Sphingomonadales |  f__Sphingomonadaceae |  g__Sphingomonas.10","69354","0.14599663691631096"
"2.212121212121212","6.72508629437032E-4","c__Alphaproteobacteria","0.452054794520548","0.2916666666666667","64","3","f__Sphingomonadaceae","g__Sphingomonas.54","false","d__Bacteria","d__Bacteria |  p__Proteobacteria |  c__Alphaproteobacteria | Sphingomonadales |  f__Sphingomonadaceae |  g__Sphingomonas.54","88.640625","0","64","Sphingomonadales","0","p__Proteobacteria","0.9960258320914059","false","0","d__Bacteria |  p__Proteobacteria |  c__Alphaproteobacteria | Sphingomonadales |  f__Sphingomonadaceae |  g__Sphingomonas.54","25868","0.12846467391304348"
"2.072100313479624","0.001092862151492689","c__Alphaproteobacteria","0.4826021180030257","0.327812678469446","103","3","f__Sphingomonadaceae","g__uncultured","false","d__Bacteria","d__Bacteria |  p__Proteobacteria |  c__Alphaproteobacteria | Sphingomonadales |  f__Sphingomonadaceae |  g__uncultured","114.63106796116504","0","103","Sphingomonadales","0","p__Proteobacteria","0.9964849170049849","false","0","d__Bacteria |  p__Proteobacteria |  c__Alphaproteobacteria | Sphingomonadales |  f__Sphingomonadaceae |  g__uncultured","49702","0.14602683816708922"
"2.1316614420062696","0.0010076358317098418","c__Alphaproteobacteria","0.46911764705882353","0.34078398665554627","110","3","f__Sphingomonadaceae","g__uncultured.1","false","d__Bacteria","d__Bacteria |  p__Proteobacteria |  c__Alphaproteobacteria | Sphingomonadales |  f__Sphingomonadaceae |  g__uncultured.1","126.18181818181819","0","110","Sphingomonadales","0","p__Proteobacteria","0.996289634616373","false","0","d__Bacteria |  p__Proteobacteria |  c__Alphaproteobacteria | Sphingomonadales |  f__Sphingomonadaceae |  g__uncultured.1","39974","0.17500945656285463"
"2.219435736677116","8.291471040524192E-4","c__Alphaproteobacteria","0.4505649717514124","0.329675153643547","68","4","f__Sphingomonadaceae","g__uncultured.2","false","d__Bacteria","d__Bacteria |  p__Proteobacteria |  c__Alphaproteobacteria | Sphingomonadales |  f__Sphingomonadaceae |  g__uncultured.2","80.54411764705883","0","68","Sphingomonadales","0","p__Proteobacteria","0.9960018500436817","false","0","d__Bacteria |  p__Proteobacteria |  c__Alphaproteobacteria | Sphingomonadales |  f__Sphingomonadaceae |  g__uncultured.2","27710","0.11844723183391004"
"1.851619644723093","0.005250576723055012","c__Gammaproteobacteria","0.5400677200902935","0.3404634581105169","187","3","f__Nitrosomonadaceae","g__Ellin6067","false","d__Bacteria","d__Bacteria |  p__Proteobacteria |  c__Gammaproteobacteria | Burkholderiales |  f__Nitrosomonadaceae |  g__Ellin6067","134.33689839572193","0","187","Burkholderiales","0","p__Proteobacteria","0.9972078044435309","false","0","d__Bacteria |  p__Proteobacteria |  c__Gammaproteobacteria | Burkholderiales |  f__Nitrosomonadaceae |  g__Ellin6067","269824","0.14729923069706352"
"1.780564263322884","0.005739857963352041","c__Gammaproteobacteria","0.5616197183098591","0.3084811384921258","277","3","f__SC-I-84","g__SC-I-84","false","d__Bacteria","d__Bacteria |  p__Proteobacteria |  c__Gammaproteobacteria | Burkholderiales |  f__SC-I-84 |  g__SC-I-84","129.91696750902528","0","277","Burkholderiales","0","p__Proteobacteria","0.9974407729071381","false","0","d__Bacteria |  p__Proteobacteria |  c__Gammaproteobacteria | Burkholderiales |  f__SC-I-84 |  g__SC-I-84","257762","0.1459741207966576"
"2.2936259143155695","5.396850238043654E-4","c__Gammaproteobacteria","0.4359908883826879","0.37652035959809627","62","4","f__SC-I-84","g__SC-I-84.3","false","d__Bacteria","d__Bacteria |  p__Proteobacteria |  c__Gammaproteobacteria | Burkholderiales |  f__SC-I-84 |  g__SC-I-84.3","74.45161290322581","0","62","Burkholderiales","0","p__Proteobacteria","0.9957586035596211","false","0","d__Bacteria |  p__Proteobacteria |  c__Gammaproteobacteria | Burkholderiales |  f__SC-I-84 |  g__SC-I-84.3","19968","0.12047186553920033"
"1.9571577847439916","0.00107215857923431",,"0.5109450080085425","0.4570172896744905","204","3",,,"false",,"d__Bacteria |  p__Proteobacteria |  c__Gammaproteobacteria | Burkholderiales | 0.999315863 | ","147.0049019607843","0","204",,"0",,"0.9968617777549378","false","0","d__Bacteria |  p__Proteobacteria |  c__Gammaproteobacteria | Burkholderiales | 0.999315863 | ","66520","0.18514471279695757"
"2.06478578892372","6.24823925358893E-4","c__Gammaproteobacteria","0.4843117408906883","0.46320810971973764","130","3","f__Steroidobacteraceae","g__uncultured.1","false","d__Bacteria","d__Bacteria |  p__Proteobacteria |  c__Gammaproteobacteria | Steroidobacterales |  f__Steroidobacteraceae |  g__uncultured.1","147.53846153846155","0","130","Steroidobacterales","0","p__Proteobacteria","0.9965088990527092","false","0","d__Bacteria |  p__Proteobacteria |  c__Gammaproteobacteria | Steroidobacterales |  f__Steroidobacteraceae |  g__uncultured.1","32276","0.19286073403720463"
"1.9968652037617556","0.0013711188457585857","c__Gammaproteobacteria","0.5007849293563579","0.39714463066418376","180","3","f__Rhodanobacteraceae","0.96155595","false","d__Bacteria","d__Bacteria |  p__Proteobacteria |  c__Gammaproteobacteria | Xanthomonadales |  f__Rhodanobacteraceae | 0.96155595","140.38333333333333","0","180","Xanthomonadales","0","p__Proteobacteria","0.9967315894958632","false","0","d__Bacteria |  p__Proteobacteria |  c__Gammaproteobacteria | Xanthomonadales |  f__Rhodanobacteraceae | 0.96155595","66136","0.17997863247863247"
"2.290491118077325","3.7843589991963034E-4","c__Abditibacteria","0.43658759124087587","0.2903225806451613","32","3","f__Abditibacteriaceae","g__Abditibacterium.2","false","d__Bacteria","d__Bacteria |  p__Abditibacteriota |  c__Abditibacteria | Abditibacteriales |  f__Abditibacteriaceae |  g__Abditibacterium.2","78.46875","0","32","Abditibacteriales","0","p__Abditibacteriota","0.9957688815800743","false","0","d__Bacteria |  p__Abditibacteriota |  c__Abditibacteria | Abditibacteriales |  f__Abditibacteriaceae |  g__Abditibacterium.2","12836","0.12128091190108192"
"2.0815047021943576","0.0012595144884464014","c__Kapabacteria","0.48042168674698793","0.35600907029478457","99","3","f__Kapabacteriales","g__Kapabacteriales.1","false","d__Bacteria","d__Bacteria |  p__Bacteroidota |  c__Kapabacteria | Kapabacteriales |  f__Kapabacteriales |  g__Kapabacteriales.1","112.61616161616162","0","99","Kapabacteriales","0","p__Bacteroidota","0.996454082943625","false","0","d__Bacteria |  p__Bacteroidota |  c__Kapabacteria | Kapabacteriales |  f__Kapabacteriales |  g__Kapabacteriales.1","50292","0.1443796943796944"
"2.220480668756531","4.279919676124134E-4","c__Bacilli","0.45035294117647057","0.35964912280701755","57","3","f__Bacillaceae","g__Bacillus","false","d__Bacteria","d__Bacteria |  p__Firmicutes |  c__Bacilli | Bacillales |  f__Bacillaceae |  g__Bacillus","106.35087719298245","0","57","Bacillales","0","p__Firmicutes","0.9959984240368639","false","0","d__Bacteria |  p__Firmicutes |  c__Bacilli | Bacillales |  f__Bacillaceae |  g__Bacillus","15944","0.15435540956891503"
"1.9843260188087775","0.0020508358673481213","c__Alphaproteobacteria","0.5039494470774092","0.35265673000341335","188","3","f__Sphingomonadaceae","g__Sphingomonas.4","false","d__Bacteria","d__Bacteria |  p__Proteobacteria |  c__Alphaproteobacteria | Sphingomonadales |  f__Sphingomonadaceae |  g__Sphingomonas.4","129.4255319148936","0","188","Sphingomonadales","0","p__Proteobacteria","0.9967727015776762","false","0","d__Bacteria |  p__Proteobacteria |  c__Alphaproteobacteria | Sphingomonadales |  f__Sphingomonadaceae |  g__Sphingomonas.4","89520","0.1650835866261398"
"2.237199582027168","2.301420266308944E-4","c__Alphaproteobacteria","0.4469873890705278","0.4103896103896104","56","3","f__Sphingomonadaceae","0.999999534","false","d__Bacteria","d__Bacteria |  p__Proteobacteria |  c__Alphaproteobacteria | Sphingomonadales |  f__Sphingomonadaceae | 0.999999534","119.78571428571429","0","56","Sphingomonadales","0","p__Proteobacteria","0.9959436079277797","false","0","d__Bacteria |  p__Proteobacteria |  c__Alphaproteobacteria | Sphingomonadales |  f__Sphingomonadaceae | 0.999999534","9480","0.17772361169987283"
"2.155694879832811","8.0887707167274E-4","c__Gammaproteobacteria","0.4638875424139602","0.28316326530612246","49","4","f__Comamonadaceae","g__Caenimonas","false","d__Bacteria","d__Bacteria |  p__Proteobacteria |  c__Gammaproteobacteria | Burkholderiales |  f__Comamonadaceae |  g__Caenimonas","92.38775510204081","0","49","Burkholderiales","0","p__Proteobacteria","0.9962108364595645","false","0","d__Bacteria |  p__Proteobacteria |  c__Gammaproteobacteria | Burkholderiales |  f__Comamonadaceae |  g__Caenimonas","27390","0.12156283566058002"
"2.1013584117032393","0.0013670569075570956","c__Gammaproteobacteria","0.47588264545002484","0.35445544554455444","101","3","f__Comamonadaceae","0.998095478","false","d__Bacteria","d__Bacteria |  p__Proteobacteria |  c__Gammaproteobacteria | Burkholderiales |  f__Comamonadaceae | 0.998095478","119.27722772277228","0","101","Burkholderiales","0","p__Proteobacteria","0.9963889888140878","false","0","d__Bacteria |  p__Proteobacteria |  c__Gammaproteobacteria | Burkholderiales |  f__Comamonadaceae | 0.998095478","53788","0.1571504976584615"
"2.269592476489028","3.150798386925282E-4","c__Gammaproteobacteria","0.44060773480662985","0.3185483870967742","32","3","f__Oxalobacteraceae","g__Massilia.1","false","d__Bacteria","d__Bacteria |  p__Proteobacteria |  c__Gammaproteobacteria | Burkholderiales |  f__Oxalobacteraceae |  g__Massilia.1","78.875","0","32","Burkholderiales","0","p__Proteobacteria","0.9958374017164294","false","0","d__Bacteria |  p__Proteobacteria |  c__Gammaproteobacteria | Burkholderiales |  f__Oxalobacteraceae |  g__Massilia.1","9678","0.11825337331334333"
"2.309299895506792","2.8841169597324727E-4","c__Abditibacteria","0.4330316742081448","0.3458937198067633","46","4","f__Abditibacteriaceae","g__Abditibacterium.3","false","d__Bacteria","d__Bacteria |  p__Abditibacteriota |  c__Abditibacteria | Abditibacteriales |  f__Abditibacteriaceae |  g__Abditibacterium.3","74.1086956521739","0","46","Abditibacteriales","0","p__Abditibacteriota","0.9957072134573548","false","0","d__Bacteria |  p__Abditibacteriota |  c__Abditibacteria | Abditibacteriales |  f__Abditibacteriaceae |  g__Abditibacterium.3","11226","0.1201113381720809"
"2.1713688610240336","5.386079575891382E-4","c__Actinobacteria","0.4605389797882579","0.37639265281541706","82","3","f__uncultured","g__uncultured","false","d__Bacteria","d__Bacteria |  p__Actinobacteriota |  c__Actinobacteria | Frankiales |  f__uncultured |  g__uncultured","114.29268292682927","0","82","Frankiales","0","p__Actinobacteriota","0.9961594463572984","false","0","d__Bacteria |  p__Actinobacteriota |  c__Actinobacteria | Frankiales |  f__uncultured |  g__uncultured","22860","0.16074920242873314"
"2.1504702194357366","0.0011295968250593215","c__Actinobacteria","0.46501457725947526","0.2700135685210312","67","3","f__Kineosporiaceae","g__Quadrisphaera","false","d__Bacteria","d__Bacteria |  p__Actinobacteriota |  c__Actinobacteria | Kineosporiales |  f__Kineosporiaceae |  g__Quadrisphaera","80.04477611940298","0","67","Kineosporiales","0","p__Actinobacteriota","0.9962279664936532","false","0","d__Bacteria |  p__Actinobacteriota |  c__Actinobacteria | Kineosporiales |  f__Kineosporiaceae |  g__Quadrisphaera","40094","0.10729862750590212"
"1.9811912225705328","0.0016813810698026702","c__Actinobacteria","0.504746835443038","0.3525553012967201","115","3","f__Micromonosporaceae","g__Actinoplanes","false","d__Bacteria","d__Bacteria |  p__Actinobacteriota |  c__Actinobacteria | Micromonosporales |  f__Micromonosporaceae |  g__Actinoplanes","132.61739130434782","0","115","Micromonosporales","0","p__Actinobacteriota","0.9967829795981293","false","0","d__Bacteria |  p__Actinobacteriota |  c__Actinobacteria | Micromonosporales |  f__Micromonosporaceae |  g__Actinoplanes","76930","0.15420626895854397"
"2.2225705329153604","3.628179568144774E-4","c__Actinobacteria","0.44992947813822287","0.31516422082459816","54","3","f__Micromonosporaceae","0.999975033","false","d__Bacteria","d__Bacteria |  p__Actinobacteriota |  c__Actinobacteria | Micromonosporales |  f__Micromonosporaceae | 0.999975033","103.31481481481481","0","54","Micromonosporales","0","p__Actinobacteriota","0.9959915720232283","false","0","d__Bacteria |  p__Actinobacteriota |  c__Actinobacteria | Micromonosporales |  f__Micromonosporaceae | 0.999975033","15812","0.14973161567364465"
"2.41901776384535","1.5649559993650215E-4","c__Actinobacteria","0.413390928725702","0.2860215053763441","31","4","f__Nocardioidaceae","g__Nocardioides.16","false","d__Bacteria","d__Bacteria |  p__Actinobacteriota |  c__Actinobacteria | Propionibacteriales |  f__Nocardioidaceae |  g__Nocardioides.16","71.58064516129032","0","31","Propionibacteriales","0","p__Actinobacteriota","0.9953474827414905","false","0","d__Bacteria |  p__Actinobacteriota |  c__Actinobacteria | Propionibacteriales |  f__Nocardioidaceae |  g__Nocardioides.16","4912","0.13379559843231836"
"2.4827586206896552","2.3514762208875679E-4","c__Actinobacteria","0.4027777777777778","0.2842741935483871","32","4","f__Pseudonocardiaceae","g__Actinomycetospora.1","false","d__Bacteria","d__Bacteria |  p__Actinobacteriota |  c__Actinobacteria | Pseudonocardiales |  f__Pseudonocardiaceae |  g__Actinomycetospora.1","63.3125","0","32","Pseudonocardiales","0","p__Actinobacteriota","0.9951384963256077","false","0","d__Bacteria |  p__Actinobacteriota |  c__Actinobacteria | Pseudonocardiales |  f__Pseudonocardiaceae |  g__Actinomycetospora.1","6846","0.13054123711340207"
"2.0940438871473352","8.514489880000571E-4","c__Actinobacteria","0.47754491017964074","0.3584859584859585","91","3","f__Pseudonocardiaceae","g__Pseudonocardia.4","false","d__Bacteria","d__Bacteria |  p__Actinobacteriota |  c__Actinobacteria | Pseudonocardiales |  f__Pseudonocardiaceae |  g__Pseudonocardia.4","125.13186813186813","0","91","Pseudonocardiales","0","p__Actinobacteriota","0.996412970861812","false","0","d__Bacteria |  p__Actinobacteriota |  c__Actinobacteria | Pseudonocardiales |  f__Pseudonocardiaceae |  g__Pseudonocardia.4","39656","0.16125240738642801"
"2.0417972831765936","0.0011803767097553557","c__Rubrobacteria","0.48976458546571133","0.4032967032967033","105","3","f__Rubrobacteriaceae","g__Rubrobacter","false","d__Bacteria","d__Bacteria |  p__Actinobacteriota |  c__Rubrobacteria | Rubrobacterales |  f__Rubrobacteriaceae |  g__Rubrobacter","128.9904761904762","0","105","Rubrobacterales","0","p__Actinobacteriota","0.9965842712026997","false","0","d__Bacteria |  p__Actinobacteriota |  c__Rubrobacteria | Rubrobacterales |  f__Rubrobacteriaceae |  g__Rubrobacter","53662","0.1588552662444288"
"2.1630094043887147","5.128034646792162E-4","c__Armatimonadia","0.4623188405797102","0.33674339300937767","69","3","f__Armatimonadales","g__Armatimonadales.1","false","d__Bacteria","d__Bacteria |  p__Armatimonadota |  c__Armatimonadia | Armatimonadales |  f__Armatimonadales |  g__Armatimonadales.1","96.44927536231884","0","69","Armatimonadales","0","p__Armatimonadota","0.9961868544118402","false","0","d__Bacteria |  p__Armatimonadota |  c__Armatimonadia | Armatimonadales |  f__Armatimonadales |  g__Armatimonadales.1","19868","0.13176130513977985"
"2.134796238244514","7.927130906459888E-4","c__Bacteroidia","0.46842878120411163","0.3334735956238165","98","3","f__env.OPS_17","g__env.OPS_17","false","d__Bacteria","d__Bacteria |  p__Bacteroidota |  c__Bacteroidia | Sphingobacteriales |  f__env.OPS_17 |  g__env.OPS_17","112.94897959183673","0","98","Sphingobacteriales","0","p__Bacteroidota","0.9962793565959196","false","0","d__Bacteria |  p__Bacteroidota |  c__Bacteroidia | Sphingobacteriales |  f__env.OPS_17 |  g__env.OPS_17","28572","0.15472462957785854"
"2.2173458725182864","5.252341518764585E-4",,"0.45098963242224316","0.4073446327683616","60","3",,,"false",,"d__Bacteria |  p__Chloroflexi |  c__Chloroflexia | Chloroflexales | 0.744748395 | ","80.48333333333333","0","60",,"0",,"0.9960087020573171","false","0","d__Bacteria |  p__Chloroflexi |  c__Chloroflexia | Chloroflexales | 0.744748395 | ","19656","0.11681180454765361"
"2.19435736677116","7.253339133417291E-4","c__TK10","0.45571428571428574","0.34102026554856746","54","3","f__TK10","g__TK10.43","false","d__Bacteria","d__Bacteria |  p__Chloroflexi |  c__TK10 | TK10 |  f__TK10 |  g__TK10.43","72.77777777777777","0","54","TK10","0","p__Chloroflexi","0.9960840742073077","false","0","d__Bacteria |  p__Chloroflexi |  c__TK10 | TK10 |  f__TK10 |  g__TK10.43","23284","0.10150317681698434"
"2.1274817136886104","0.0013941943918706725","c__TK10","0.47003929273084477","0.313590692755156","62","3","f__TK10","g__TK10.69","false","d__Bacteria","d__Bacteria |  p__Chloroflexi |  c__TK10 | TK10 |  f__TK10 |  g__TK10.69","75.85483870967742","0","62","TK10","0","p__Chloroflexi","0.996303338643644","false","0","d__Bacteria |  p__Chloroflexi |  c__TK10 | TK10 |  f__TK10 |  g__TK10.69","47404","0.0981304511121312"
"2.1327063740856844","0.0011554027413155244","c__TK10","0.4688878000979912","0.3444596443228454","86","3","f__TK10","g__TK10.87","false","d__Bacteria","d__Bacteria |  p__Chloroflexi |  c__TK10 | TK10 |  f__TK10 |  g__TK10.87","105.55813953488372","0","86","TK10","0","p__Chloroflexi","0.9962862086095552","false","0","d__Bacteria |  p__Chloroflexi |  c__TK10 | TK10 |  f__TK10 |  g__TK10.87","42430","0.14223030151068763"
"2.439916405433647","1.0505553199930427E-4","c__Polyangia","0.40985010706638114","0.37849462365591396","31","4","f__Haliangiaceae","g__Haliangium.4","false","d__Bacteria","d__Bacteria |  p__Myxococcota |  c__Polyangia | Haliangiales |  f__Haliangiaceae |  g__Haliangium.4","67.3225806451613","0","31","Haliangiales","0","p__Myxococcota","0.9952789626051357","false","0","d__Bacteria |  p__Myxococcota |  c__Polyangia | Haliangiales |  f__Haliangiaceae |  g__Haliangium.4","3378","0.13200506008855156"
"2.327063740856844","2.1157018986131122E-4","c__Alphaproteobacteria","0.429726088908846","0.33277310924369746","35","3","f__Rhizobiaceae","g__Aureimonas","false","d__Bacteria","d__Bacteria |  p__Proteobacteria |  c__Alphaproteobacteria | Rhizobiales |  f__Rhizobiaceae |  g__Aureimonas","78.85714285714286","0","35","Rhizobiales","0","p__Proteobacteria","0.995648971341453","false","0","d__Bacteria |  p__Proteobacteria |  c__Alphaproteobacteria | Rhizobiales |  f__Rhizobiaceae |  g__Aureimonas","8794","0.12965225563909774"
"2.41901776384535","2.952956239531675E-4","c__Alphaproteobacteria","0.413390928725702","0.42063492063492064","36","4","f__Xanthobacteraceae","0.999999685","false","d__Bacteria","d__Bacteria |  p__Proteobacteria |  c__Alphaproteobacteria | Rhizobiales |  f__Xanthobacteraceae | 0.999999685","62.94444444444444","0","36","Rhizobiales","0","p__Proteobacteria","0.9953474827414905","false","0","d__Bacteria |  p__Proteobacteria |  c__Alphaproteobacteria | Rhizobiales |  f__Xanthobacteraceae | 0.999999685","8566","0.12076135636596289"
"2.284221525600836","9.259820326726836E-4","c__Alphaproteobacteria","0.4377859103385179","0.2939890710382514","61","3","f__Sphingomonadaceae","g__Rhizorhapis.2","false","d__Bacteria","d__Bacteria |  p__Proteobacteria |  c__Alphaproteobacteria | Sphingomonadales |  f__Sphingomonadaceae |  g__Rhizorhapis.2","72.1311475409836","0","61","Sphingomonadales","0","p__Proteobacteria","0.9957894376209808","false","0","d__Bacteria |  p__Proteobacteria |  c__Alphaproteobacteria | Sphingomonadales |  f__Sphingomonadaceae |  g__Rhizorhapis.2","29874","0.11559478772593526"
"2.1180773249738767","7.893622261570868E-4","c__Alphaproteobacteria","0.4721262950172669","0.26981246218995764","58","3","f__Sphingomonadaceae","g__Sphingomonas.74","false","d__Bacteria","d__Bacteria |  p__Proteobacteria |  c__Alphaproteobacteria | Sphingomonadales |  f__Sphingomonadaceae |  g__Sphingomonas.74","88.91379310344827","0","58","Sphingomonadales","0","p__Proteobacteria","0.9963341727050038","false","0","d__Bacteria |  p__Proteobacteria |  c__Alphaproteobacteria | Sphingomonadales |  f__Sphingomonadaceae |  g__Sphingomonas.74","29722","0.11312187417741511"
"2.1180773249738767","9.23407773951172E-4","c__Alphaproteobacteria","0.4721262950172669","0.37660424994740166","98","3","f__Sphingomonadaceae","0.999914469","false","d__Bacteria","d__Bacteria |  p__Proteobacteria |  c__Alphaproteobacteria | Sphingomonadales |  f__Sphingomonadaceae | 0.999914469","125.5","0","98","Sphingomonadales","0","p__Proteobacteria","0.9963341727050038","false","0","d__Bacteria |  p__Proteobacteria |  c__Alphaproteobacteria | Sphingomonadales |  f__Sphingomonadaceae | 0.999914469","37764","0.16844267908505683"
"2.282131661442006","1.4367941267377592E-4","c__Alphaproteobacteria","0.4381868131868132","0.44545454545454544","45","3","f__Sphingomonadaceae","0.999995086","false","d__Bacteria","d__Bacteria |  p__Proteobacteria |  c__Alphaproteobacteria | Sphingomonadales |  f__Sphingomonadaceae | 0.999995086","112.04444444444445","0","45","Sphingomonadales","0","p__Proteobacteria","0.9957962896346164","false","0","d__Bacteria |  p__Proteobacteria |  c__Alphaproteobacteria | Sphingomonadales |  f__Sphingomonadaceae | 0.999995086","6548","0.1745240567670474"
"2.2048066875653083","6.47644867334376E-4","c__Alphaproteobacteria","0.45355450236966827","0.29545454545454547","56","3","f__Sphingomonadaceae","0.999999077","false","d__Bacteria","d__Bacteria |  p__Proteobacteria |  c__Alphaproteobacteria | Sphingomonadales |  f__Sphingomonadaceae | 0.999999077","97.96428571428571","0","56","Sphingomonadales","0","p__Proteobacteria","0.9960498141391302","false","0","d__Bacteria |  p__Proteobacteria |  c__Alphaproteobacteria | Sphingomonadales |  f__Sphingomonadaceae | 0.999999077","21008","0.1389564336372847"
"2.1462904911180773","4.84274192516038E-4","c__Gammaproteobacteria","0.4659201557935735","0.3731012658227848","80","3","f__Steroidobacteraceae","0.997196947","false","d__Bacteria","d__Bacteria |  p__Proteobacteria |  c__Gammaproteobacteria | Steroidobacterales |  f__Steroidobacteraceae | 0.997196947","106.2875","0","80","Steroidobacterales","0","p__Proteobacteria","0.9962416705209244","false","0","d__Bacteria |  p__Proteobacteria |  c__Gammaproteobacteria | Steroidobacterales |  f__Steroidobacteraceae | 0.997196947","19860","0.14421641791044776"
"2.179728317659352","4.740126719456152E-4","c__Abditibacteria","0.4587727708533078","0.3525974025974026","56","3","f__Abditibacteriaceae","g__Abditibacterium.7","false","d__Bacteria","d__Bacteria |  p__Abditibacteriota |  c__Abditibacteria | Abditibacteriales |  f__Abditibacteriaceae |  g__Abditibacterium.7","97.42857142857143","0","56","Abditibacteriales","0","p__Abditibacteriota","0.9961320383027563","false","0","d__Bacteria |  p__Abditibacteriota |  c__Abditibacteria | Abditibacteriales |  f__Abditibacteriaceae |  g__Abditibacterium.7","17756","0.13364687438761513"
"2.3082549634273772","4.462187242622043E-4","c__Acidimicrobiia","0.4332277048438207","0.40348182283666156","63","4","f__Acidimicrobiaceae","g__uncultured","false","d__Bacteria","d__Bacteria |  p__Actinobacteriota |  c__Acidimicrobiia | Acidimicrobiales |  f__Acidimicrobiaceae |  g__uncultured","76.25396825396825","0","63","Acidimicrobiales","0","p__Actinobacteriota","0.9957106394641726","false","0","d__Bacteria |  p__Actinobacteriota |  c__Acidimicrobiia | Acidimicrobiales |  f__Acidimicrobiaceae |  g__uncultured","16736","0.12645765879596726"
"2.2884012539184955","3.9911912277271834E-4","c__Acidimicrobiia","0.436986301369863","0.4087431693989071","61","4","f__IMCC26256","g__IMCC26256.1","false","d__Bacteria","d__Bacteria |  p__Actinobacteriota |  c__Acidimicrobiia | IMCC26256 |  f__IMCC26256 |  g__IMCC26256.1","82.8688524590164","0","61","IMCC26256","0","p__Actinobacteriota","0.9957757335937099","false","0","d__Bacteria |  p__Actinobacteriota |  c__Acidimicrobiia | IMCC26256 |  f__IMCC26256 |  g__IMCC26256.1","13990","0.13259016393442624"
"1.9540229885057472","0.0031598271969543474","c__Rubrobacteria","0.5117647058823529","0.284789644012945","103","3","f__Rubrobacteriaceae","g__Rubrobacter.1","false","d__Bacteria","d__Bacteria |  p__Actinobacteriota |  c__Rubrobacteria | Rubrobacterales |  f__Rubrobacteriaceae |  g__Rubrobacter.1","118.36893203883496","0","103","Rubrobacterales","0","p__Actinobacteriota","0.996872055775391","false","0","d__Bacteria |  p__Actinobacteriota |  c__Rubrobacteria | Rubrobacterales |  f__Rubrobacteriaceae |  g__Rubrobacter.1","145946","0.1318139554998162"
"2.0679205851619646","9.907195954189367E-4","c__Bacteroidia","0.483577564426478","0.3830150597733271","114","3","f__Hymenobacteraceae","g__Adhaeribacter.1","false","d__Bacteria","d__Bacteria |  p__Bacteroidota |  c__Bacteroidia | Cytophagales |  f__Hymenobacteraceae |  g__Adhaeribacter.1","131.6140350877193","0","114","Cytophagales","0","p__Bacteroidota","0.9964986210322558","false","0","d__Bacteria |  p__Bacteroidota |  c__Bacteroidia | Cytophagales |  f__Hymenobacteraceae |  g__Adhaeribacter.1","42512","0.1691697109096649"
"2.0940438871473352","8.187197496702775E-4","c__TK10","0.47754491017964074","0.38405797101449274","69","3","f__TK10","g__TK10.150","false","d__Bacteria","d__Bacteria |  p__Chloroflexi |  c__TK10 | TK10 |  f__TK10 |  g__TK10.150","127.6376811594203","0","69","TK10","0","p__Chloroflexi","0.996412970861812","false","0","d__Bacteria |  p__Chloroflexi |  c__TK10 | TK10 |  f__TK10 |  g__TK10.150","36336","0.16031243172383658"
"2.06478578892372","7.415519433016469E-4","c__TK10","0.4843117408906883","0.43457648546144123","113","3","f__TK10","g__TK10.84","false","d__Bacteria","d__Bacteria |  p__Chloroflexi |  c__TK10 | TK10 |  f__TK10 |  g__TK10.84","139.79646017699116","0","113","TK10","0","p__Chloroflexi","0.9965088990527092","false","0","d__Bacteria |  p__Chloroflexi |  c__TK10 | TK10 |  f__TK10 |  g__TK10.84","37132","0.17876785188873548"
"2.3072100313479624","4.5914821025383446E-4","c__Polyangia","0.43342391304347827","0.3519163763066202","42","4","f__Blfdi19","g__Blfdi19","false","d__Bacteria","d__Bacteria |  p__Myxococcota |  c__Polyangia | Blfdi19 |  f__Blfdi19 |  g__Blfdi19","83.28571428571429","0","42","Blfdi19","0","p__Myxococcota","0.9957140654709903","false","0","d__Bacteria |  p__Myxococcota |  c__Polyangia | Blfdi19 |  f__Blfdi19 |  g__Blfdi19","11990","0.1336849346480165"
"2.3072100313479624","3.73427271635748E-4","c__Alphaproteobacteria","0.43342391304347827","0.3622377622377622","66","4","f__Caulobacteraceae","g__Phenylobacterium","false","d__Bacteria","d__Bacteria |  p__Proteobacteria |  c__Alphaproteobacteria | Caulobacterales |  f__Caulobacteraceae |  g__Phenylobacterium","96.96969696969697","0","66","Caulobacterales","0","p__Proteobacteria","0.9957140654709903","false","0","d__Bacteria |  p__Proteobacteria |  c__Alphaproteobacteria | Caulobacterales |  f__Caulobacteraceae |  g__Phenylobacterium","12636","0.16188597156877624"
"2.0250783699059562","0.0016060851816999384","c__Alphaproteobacteria","0.4938080495356037","0.35992812219227316","106","3","f__Caulobacteraceae","0.99982976","false","d__Bacteria","d__Bacteria |  p__Proteobacteria |  c__Alphaproteobacteria | Caulobacterales |  f__Caulobacteraceae | 0.99982976","123.63207547169812","0","106","Caulobacterales","0","p__Proteobacteria","0.9966390873117837","false","0","d__Bacteria |  p__Proteobacteria |  c__Alphaproteobacteria | Caulobacterales |  f__Caulobacteraceae | 0.99982976","73446","0.14949464990531816"
"1.9540229885057472","0.002408386261530195","c__Alphaproteobacteria","0.5117647058823529","0.3370049829530553","124","3","f__Reyranellaceae","g__Reyranella.9","false","d__Bacteria","d__Bacteria |  p__Proteobacteria |  c__Alphaproteobacteria | Reyranellales |  f__Reyranellaceae |  g__Reyranella.9","128.73387096774192","0","124","Reyranellales","0","p__Proteobacteria","0.996872055775391","false","0","d__Bacteria |  p__Proteobacteria |  c__Alphaproteobacteria | Reyranellales |  f__Reyranellaceae |  g__Reyranella.9","117202","0.14678890646264758"
"2.0825496342737724","7.73130863935015E-4","c__Alphaproteobacteria","0.48018063221274454","0.44164699711513244","124","3","f__Beijerinckiaceae","g__Neo-b11","false","d__Bacteria","d__Bacteria |  p__Proteobacteria |  c__Alphaproteobacteria | Rhizobiales |  f__Beijerinckiaceae |  g__Neo-b11","136.44354838709677","0","124","Rhizobiales","0","p__Proteobacteria","0.9964506569368072","false","0","d__Bacteria |  p__Proteobacteria |  c__Alphaproteobacteria | Rhizobiales |  f__Beijerinckiaceae |  g__Neo-b11","38162","0.18095961324548643"
"2.107628004179728","9.047993108800934E-4","c__Alphaproteobacteria","0.4744670302429351","0.30828282828282827","100","3","f__Rhodobacteraceae","g__Amaricoccus","false","d__Bacteria","d__Bacteria |  p__Proteobacteria |  c__Alphaproteobacteria | Rhodobacterales |  f__Rhodobacteraceae |  g__Amaricoccus","118.88","0","100","Rhodobacterales","0","p__Proteobacteria","0.9963684327731812","false","0","d__Bacteria |  p__Proteobacteria |  c__Alphaproteobacteria | Rhodobacterales |  f__Rhodobacteraceae |  g__Amaricoccus","36016","0.1576657824933687"
"2.1985370950888194","4.108168843451069E-4","c__Alphaproteobacteria","0.4548479087452471","0.3239057239057239","55","3","f__Sphingomonadaceae","g__Novosphingobium.2","false","d__Bacteria","d__Bacteria |  p__Proteobacteria |  c__Alphaproteobacteria | Sphingomonadales |  f__Sphingomonadaceae |  g__Novosphingobium.2","92.87272727272727","0","55","Sphingomonadales","0","p__Proteobacteria","0.9960703701800367","false","0","d__Bacteria |  p__Proteobacteria |  c__Alphaproteobacteria | Sphingomonadales |  f__Sphingomonadaceae |  g__Novosphingobium.2","15760","0.13043922369765065"
"2.220480668756531","3.5935622443760556E-4","c__Alphaproteobacteria","0.45035294117647057","0.37543859649122807","76","4","f__Sphingomonadaceae","g__Sphingoaurantiacus.2","false","d__Bacteria","d__Bacteria |  p__Proteobacteria |  c__Alphaproteobacteria | Sphingomonadales |  f__Sphingomonadaceae |  g__Sphingoaurantiacus.2","121.84210526315789","0","76","Sphingomonadales","0","p__Proteobacteria","0.9959984240368639","false","0","d__Bacteria |  p__Proteobacteria |  c__Alphaproteobacteria | Sphingomonadales |  f__Sphingomonadaceae |  g__Sphingoaurantiacus.2","12820","0.181312656641604"
"2.050156739811912","0.0011793952203207282","c__Alphaproteobacteria","0.48776758409785936","0.42507002801120447","120","3","f__Sphingomonadaceae","g__Sphingomonas.6","false","d__Bacteria","d__Bacteria |  p__Proteobacteria |  c__Alphaproteobacteria | Sphingomonadales |  f__Sphingomonadaceae |  g__Sphingomonas.6","138.56666666666666","0","120","Sphingomonadales","0","p__Proteobacteria","0.9965568631481576","false","0","d__Bacteria |  p__Proteobacteria |  c__Alphaproteobacteria | Sphingomonadales |  f__Sphingomonadaceae |  g__Sphingomonas.6","51748","0.17562315166877904"
"2.1379310344827585","7.961353830063112E-4","c__Alphaproteobacteria","0.467741935483871","0.3098464317976513","82","3","f__Sphingomonadaceae","0.999866133","false","d__Bacteria","d__Bacteria |  p__Proteobacteria |  c__Alphaproteobacteria | Sphingomonadales |  f__Sphingomonadaceae | 0.999866133","105.2439024390244","0","82","Sphingomonadales","0","p__Proteobacteria","0.9962690785754664","false","0","d__Bacteria |  p__Proteobacteria |  c__Alphaproteobacteria | Sphingomonadales |  f__Sphingomonadaceae | 0.999866133","29422","0.14164724419787939"
"2.1274817136886104","6.766397830768119E-4","c__Gammaproteobacteria","0.47003929273084477","0.35816814764183186","77","3","f__Comamonadaceae","g__Ramlibacter","false","d__Bacteria","d__Bacteria |  p__Proteobacteria |  c__Gammaproteobacteria | Burkholderiales |  f__Comamonadaceae |  g__Ramlibacter","116.94805194805195","0","77","Burkholderiales","0","p__Proteobacteria","0.996303338643644","false","0","d__Bacteria |  p__Proteobacteria |  c__Gammaproteobacteria | Burkholderiales |  f__Comamonadaceae |  g__Ramlibacter","26876","0.15428502895521365"
"2.225705329153605","5.972915002599864E-4","c__Gammaproteobacteria","0.44929577464788734","0.3191919191919192","45","4","f__Comamonadaceae","0.999263989","false","d__Bacteria","d__Bacteria |  p__Proteobacteria |  c__Gammaproteobacteria | Burkholderiales |  f__Comamonadaceae | 0.999263989","93.42222222222222","0","45","Burkholderiales","0","p__Proteobacteria","0.9959812940027751","false","0","d__Bacteria |  p__Proteobacteria |  c__Gammaproteobacteria | Burkholderiales |  f__Comamonadaceae | 0.999263989","19790","0.1338427252467367"
"2.108672936259143","0.0016148041881056895","c__Gammaproteobacteria","0.4742319127849356","0.22448979591836735","49","3","f__Comamonadaceae","0.999920087","false","d__Bacteria","d__Bacteria |  p__Proteobacteria |  c__Gammaproteobacteria | Burkholderiales |  f__Comamonadaceae | 0.999920087","84.59183673469387","0","49","Burkholderiales","0","p__Proteobacteria","0.9963650067663634","false","0","d__Bacteria |  p__Proteobacteria |  c__Gammaproteobacteria | Burkholderiales |  f__Comamonadaceae | 0.999920087","51346","0.10521372728195756"
"1.973876698014629","0.0018706858610854345","c__Gammaproteobacteria","0.5066172578083642","0.3148346930012881","137","3","f__Comamonadaceae","0.999994638","false","d__Bacteria","d__Bacteria |  p__Proteobacteria |  c__Gammaproteobacteria | Burkholderiales |  f__Comamonadaceae | 0.999994638","131.38686131386862","0","137","Burkholderiales","0","p__Proteobacteria","0.9968069616458537","false","0","d__Bacteria |  p__Proteobacteria |  c__Gammaproteobacteria | Burkholderiales |  f__Comamonadaceae | 0.999994638","85166","0.15548740983889778"
"2.088819226750261","0.0010158811823391609","c__Gammaproteobacteria","0.47873936968484243","0.2727272727272727","55","3","f__Nitrosomonadaceae","g__Ellin6067.2","false","d__Bacteria","d__Bacteria |  p__Proteobacteria |  c__Gammaproteobacteria | Burkholderiales |  f__Nitrosomonadaceae |  g__Ellin6067.2","101.2","0","55","Burkholderiales","0","p__Proteobacteria","0.9964301008959008","false","0","d__Bacteria |  p__Proteobacteria |  c__Gammaproteobacteria | Burkholderiales |  f__Nitrosomonadaceae |  g__Ellin6067.2","37932","0.12386780905752753"
"2.265412748171369","3.477650991270581E-4","c__Gammaproteobacteria","0.44142066420664205","0.40210711150131695","68","4","f__Oxalobacteraceae","g__Massilia.3","false","d__Bacteria","d__Bacteria |  p__Proteobacteria |  c__Gammaproteobacteria | Burkholderiales |  f__Oxalobacteraceae |  g__Massilia.3","100.63235294117646","0","68","Burkholderiales","0","p__Proteobacteria","0.9958511057437005","false","0","d__Bacteria |  p__Proteobacteria |  c__Gammaproteobacteria | Burkholderiales |  f__Oxalobacteraceae |  g__Massilia.3","12376","0.15822697003329633"
"2.0804597701149423","8.637850026020125E-4",,"0.4806629834254144","0.32354996505939904","54","3",,,"false",,"d__Bacteria | 0.999264791 |  |  |  | ","109.79629629629629","0","54",,"0",,"0.9964575089504428","false","0","d__Bacteria | 0.999264791 |  |  |  | ","35996","0.13306397306397305"
"2.122257053291536","8.178263445348019E-4","c__Abditibacteria","0.47119645494830137","0.3945578231292517","99","3","f__Abditibacteriaceae","g__Abditibacterium.9","false","d__Bacteria","d__Bacteria |  p__Abditibacteriota |  c__Abditibacteria | Abditibacteriales |  f__Abditibacteriaceae |  g__Abditibacterium.9","130.04040404040404","0","99","Abditibacteriales","0","p__Abditibacteriota","0.9963204686777326","false","0","d__Bacteria |  p__Abditibacteriota |  c__Abditibacteria | Abditibacteriales |  f__Abditibacteriaceae |  g__Abditibacterium.9","33052","0.17549312286154392"
"2.051201671891327","0.0014576307032632175","c__Holophagae","0.4875191034131432","0.3951482479784367","106","3","f__Subgroup_7","g__Subgroup_7.1","false","d__Bacteria","d__Bacteria |  p__Acidobacteriota |  c__Holophagae | Subgroup_7 |  f__Subgroup_7 |  g__Subgroup_7.1","131.75471698113208","0","106","Subgroup_7","0","p__Acidobacteriota","0.9965534371413399","false","0","d__Bacteria |  p__Acidobacteriota |  c__Holophagae | Subgroup_7 |  f__Subgroup_7 |  g__Subgroup_7.1","60640","0.1644760087626316"
"2.0992685475444097","6.054930984372739E-4","c__Holophagae","0.47635639621702336","0.382051282051282","105","3","f__Subgroup_7","g__Subgroup_7.4","false","d__Bacteria","d__Bacteria |  p__Acidobacteriota |  c__Holophagae | Subgroup_7 |  f__Subgroup_7 |  g__Subgroup_7.4","130.14285714285714","0","105","Subgroup_7","0","p__Acidobacteriota","0.9963958408277233","false","0","d__Bacteria |  p__Acidobacteriota |  c__Holophagae | Subgroup_7 |  f__Subgroup_7 |  g__Subgroup_7.4","26162","0.17191923004340443"
"2.1891327063740857","3.3696655735229074E-4","c__Thermoanaerobaculia","0.4568019093078759","0.3174863387978142","61","3","f__Thermoanaerobaculaceae","g__Subgroup_10.6","false","d__Bacteria","d__Bacteria |  p__Acidobacteriota |  c__Thermoanaerobaculia | Thermoanaerobaculales |  f__Thermoanaerobaculaceae |  g__Subgroup_10.6","119.1639344262295","0","61","Thermoanaerobaculales","0","p__Acidobacteriota","0.9961012042413964","false","0","d__Bacteria |  p__Acidobacteriota |  c__Thermoanaerobaculia | Thermoanaerobaculales |  f__Thermoanaerobaculaceae |  g__Subgroup_10.6","12896","0.16666284535136994"
"2.2445141065830723","5.156380927992676E-4","c__Acidimicrobiia","0.4455307262569832","0.3537037037037037","81","4","f__IMCC26256","g__IMCC26256","false","d__Bacteria","d__Bacteria |  p__Actinobacteriota |  c__Acidimicrobiia | IMCC26256 |  f__IMCC26256 |  g__IMCC26256","99.88888888888889","0","81","IMCC26256","0","p__Actinobacteriota","0.9959196258800554","false","0","d__Bacteria |  p__Actinobacteriota |  c__Acidimicrobiia | IMCC26256 |  f__IMCC26256 |  g__IMCC26256","18400","0.15510697032436163"
"2.0428422152560084","0.0015393077400594197","c__Actinobacteria","0.4895140664961637","0.3938189845474614","151","3","f__Mycobacteriaceae","g__Mycobacterium","false","d__Bacteria","d__Bacteria |  p__Actinobacteriota |  c__Actinobacteria | Corynebacteriales |  f__Mycobacteriaceae |  g__Mycobacterium","139.65562913907286","0","151","Corynebacteriales","0","p__Actinobacteriota","0.9965808451958819","false","0","d__Bacteria |  p__Actinobacteriota |  c__Actinobacteria | Corynebacteriales |  f__Mycobacteriaceae |  g__Mycobacterium","70960","0.18255637795957236"
"1.8808777429467085","0.0034915907974652806","c__Actinobacteria","0.5316666666666666","0.4060734463276836","177","3","f__Mycobacteriaceae","g__Mycobacterium.3","false","d__Bacteria","d__Bacteria |  p__Actinobacteriota |  c__Actinobacteria | Corynebacteriales |  f__Mycobacteriaceae |  g__Mycobacterium.3","138.3502824858757","0","177","Corynebacteriales","0","p__Actinobacteriota","0.9971118762526336","false","0","d__Bacteria |  p__Actinobacteriota |  c__Actinobacteria | Corynebacteriales |  f__Mycobacteriaceae |  g__Mycobacterium.3","187172","0.15475423096854105"
"2.174503657262278","8.057729723771247E-4","c__Actinobacteria","0.45987506006727535","0.39414802065404475","84","3","f__Frankiaceae","g__Jatrophihabitans","false","d__Bacteria","d__Bacteria |  p__Actinobacteriota |  c__Actinobacteria | Frankiales |  f__Frankiaceae |  g__Jatrophihabitans","124.42857142857143","0","84","Frankiales","0","p__Actinobacteriota","0.996149168336845","false","0","d__Bacteria |  p__Actinobacteriota |  c__Actinobacteria | Frankiales |  f__Frankiaceae |  g__Jatrophihabitans","33272","0.1762444354512343"
"1.9696969696969697","0.001857408304124164","c__Actinobacteria","0.5076923076923077","0.37523493642896627","135","3","f__Geodermatophilaceae","g__Blastococcus.1","false","d__Bacteria","d__Bacteria |  p__Actinobacteriota |  c__Actinobacteria | Frankiales |  f__Geodermatophilaceae |  g__Blastococcus.1","134.06666666666666","0","135","Frankiales","0","p__Actinobacteriota","0.9968206656731246","false","0","d__Bacteria |  p__Actinobacteriota |  c__Actinobacteria | Frankiales |  f__Geodermatophilaceae |  g__Blastococcus.1","87662","0.15754014884449666"
"1.9905956112852665","0.002287235208690583","c__Actinobacteria","0.5023622047244094","0.43137254901960786","102","3","f__Nakamurellaceae","g__Nakamurella.3","false","d__Bacteria","d__Bacteria |  p__Actinobacteriota |  c__Actinobacteria | Frankiales |  f__Nakamurellaceae |  g__Nakamurella.3","135.80392156862746","0","102","Frankiales","0","p__Actinobacteriota","0.9967521455367697","false","0","d__Bacteria |  p__Actinobacteriota |  c__Actinobacteria | Frankiales |  f__Nakamurellaceae |  g__Nakamurella.3","105518","0.157180464778504"
"2.0208986415882966","0.0015168075705209137","c__Actinobacteria","0.4948293691830404","0.3787033061399742","137","3","f__Intrasporangiaceae","0.99253089","false","d__Bacteria","d__Bacteria |  p__Actinobacteriota |  c__Actinobacteria | Micrococcales |  f__Intrasporangiaceae | 0.99253089","133.98540145985402","0","137","Micrococcales","0","p__Actinobacteriota","0.9966527913390547","false","0","d__Bacteria |  p__Actinobacteriota |  c__Actinobacteria | Micrococcales |  f__Intrasporangiaceae | 0.99253089","69560","0.16748175182481753"
"2.1765935214211076","6.976213786907815E-4","c__Actinobacteria","0.45943350936149785","0.3429327064354981","83","3","f__Nocardioidaceae","g__Kribbella","false","d__Bacteria","d__Bacteria |  p__Actinobacteriota |  c__Actinobacteria | Propionibacteriales |  f__Nocardioidaceae |  g__Kribbella","119.33734939759036","0","83","Propionibacteriales","0","p__Actinobacteriota","0.9961423163232094","false","0","d__Bacteria |  p__Actinobacteriota |  c__Actinobacteria | Propionibacteriales |  f__Nocardioidaceae |  g__Kribbella","26924","0.16927283602495086"
"2.1128526645768027","7.673813838857076E-4","c__Actinobacteria","0.47329376854599403","0.3761904761904762","120","3","f__Nocardioidaceae","g__Nocardioides.14","false","d__Bacteria","d__Bacteria |  p__Actinobacteriota |  c__Actinobacteria | Propionibacteriales |  f__Nocardioidaceae |  g__Nocardioides.14","129.21666666666667","0","120","Propionibacteriales","0","p__Actinobacteriota","0.9963513027390924","false","0","d__Bacteria |  p__Actinobacteriota |  c__Actinobacteria | Propionibacteriales |  f__Nocardioidaceae |  g__Nocardioides.14","30768","0.17725194330132601"
"2.219435736677116","4.326844025763964E-4","c__Actinobacteria","0.4505649717514124","0.3474120082815735","70","4","f__Nocardioidaceae","g__Nocardioides.18","false","d__Bacteria","d__Bacteria |  p__Actinobacteriota |  c__Actinobacteria | Propionibacteriales |  f__Nocardioidaceae |  g__Nocardioides.18","112.24285714285715","0","70","Propionibacteriales","0","p__Actinobacteriota","0.9960018500436817","false","0","d__Bacteria |  p__Actinobacteriota |  c__Actinobacteria | Propionibacteriales |  f__Nocardioidaceae |  g__Nocardioides.18","17518","0.16554993678887484"
"1.8557993730407523","0.0026357666883918256","c__Actinobacteria","0.5388513513513514","0.3959581507645533","212","3","f__Nocardioidaceae","g__Nocardioides.3","false","d__Bacteria","d__Bacteria |  p__Actinobacteriota |  c__Actinobacteria | Propionibacteriales |  f__Nocardioidaceae |  g__Nocardioides.3","142.7311320754717","0","212","Propionibacteriales","0","p__Actinobacteriota","0.9971941004162599","false","0","d__Bacteria |  p__Actinobacteriota |  c__Actinobacteria | Propionibacteriales |  f__Nocardioidaceae |  g__Nocardioides.3","141160","0.16164341118399966"
"2.0689655172413794","0.0013330901905711605","c__MB-A2-108","0.4833333333333333","0.4615809839690437","135","3","f__MB-A2-108","g__MB-A2-108","false","d__Bacteria","d__Bacteria |  p__Actinobacteriota |  c__MB-A2-108 | MB-A2-108 |  f__MB-A2-108 |  g__MB-A2-108","142.14814814814815","0","135","MB-A2-108","0","p__Actinobacteriota","0.996495195025438","false","0","d__Bacteria |  p__Actinobacteriota |  c__MB-A2-108 | MB-A2-108 |  f__MB-A2-108 |  g__MB-A2-108","54150","0.18826588177581555"
"1.878787878787879","0.002288957800555423","c__Thermoleophilia","0.532258064516129","0.3924759777328653","238","3","f__Gaiellaceae","g__Gaiella","false","d__Bacteria","d__Bacteria |  p__Actinobacteriota |  c__Thermoleophilia | Gaiellales |  f__Gaiellaceae |  g__Gaiella","141.02100840336135","0","238","Gaiellales","0","p__Actinobacteriota","0.9971187282662692","false","0","d__Bacteria |  p__Actinobacteriota |  c__Thermoleophilia | Gaiellales |  f__Gaiellaceae |  g__Gaiella","121178","0.1688874352136064"
"1.8380355276907","0.0031414895460852724","c__Thermoleophilia","0.5440591245025582","0.3578258377824028","258","3","f__Gaiellaceae","g__Gaiella.1","false","d__Bacteria","d__Bacteria |  p__Actinobacteriota |  c__Thermoleophilia | Gaiellales |  f__Gaiellaceae |  g__Gaiella.1","137.3217054263566","0","258","Gaiellales","0","p__Actinobacteriota","0.9972523425321617","false","0","d__Bacteria |  p__Actinobacteriota |  c__Thermoleophilia | Gaiellales |  f__Gaiellaceae |  g__Gaiella.1","167240","0.1607982499137665"
"1.8944618599791014","0.0029141241839822597","c__Thermoleophilia","0.5278543849972421","0.43167089320935476","169","3","f__Gaiellaceae","g__Gaiella.9","false","d__Bacteria","d__Bacteria |  p__Actinobacteriota |  c__Thermoleophilia | Gaiellales |  f__Gaiellaceae |  g__Gaiella.9","144.03550295857988","0","169","Gaiellales","0","p__Actinobacteriota","0.997067338164003","false","0","d__Bacteria |  p__Actinobacteriota |  c__Thermoleophilia | Gaiellales |  f__Gaiellaceae |  g__Gaiella.9","162962","0.16201968836735645"
"2.045977011494253","0.0010894498281339147","c__Thermoleophilia","0.48876404494382025","0.4771717171717172","100","3","f__uncultured","g__uncultured.4","false","d__Bacteria","d__Bacteria |  p__Actinobacteriota |  c__Thermoleophilia | Gaiellales |  f__uncultured |  g__uncultured.4","144.23","0","100","Gaiellales","0","p__Actinobacteriota","0.9965705671754287","false","0","d__Bacteria |  p__Actinobacteriota |  c__Thermoleophilia | Gaiellales |  f__uncultured |  g__uncultured.4","53628","0.17740467404674046"
"2.1013584117032393","8.379218415607207E-4","c__Thermoleophilia","0.47588264545002484","0.4161800313345677","119","3","f__67-14","g__67-14","false","d__Bacteria","d__Bacteria |  p__Actinobacteriota |  c__Thermoleophilia | Solirubrobacterales |  f__67-14 |  g__67-14","136.9075630252101","0","119","Solirubrobacterales","0","p__Actinobacteriota","0.9963889888140878","false","0","d__Bacteria |  p__Actinobacteriota |  c__Thermoleophilia | Solirubrobacterales |  f__67-14 |  g__67-14","39278","0.18476054389367083"
"2.012539184952978","0.0016787598204457946","c__Thermoleophilia","0.4968847352024922","0.4381408065618592","133","3","f__Solirubrobacteraceae","g__Solirubrobacter.1","false","d__Bacteria","d__Bacteria |  p__Actinobacteriota |  c__Thermoleophilia | Solirubrobacterales |  f__Solirubrobacteraceae |  g__Solirubrobacter.1","143.90977443609023","0","133","Solirubrobacterales","0","p__Actinobacteriota","0.9966801993935969","false","0","d__Bacteria |  p__Actinobacteriota |  c__Thermoleophilia | Solirubrobacterales |  f__Solirubrobacteraceae |  g__Solirubrobacter.1","74742","0.17722878625134264"
"2.142110762800418","6.254718897779255E-4","c__Thermoleophilia","0.4668292682926829","0.380515117581187","95","3","f__Solirubrobacteraceae","g__Solirubrobacter.5","false","d__Bacteria","d__Bacteria |  p__Actinobacteriota |  c__Thermoleophilia | Solirubrobacterales |  f__Solirubrobacteraceae |  g__Solirubrobacter.5","118.65263157894736","0","95","Solirubrobacterales","0","p__Actinobacteriota","0.9962553745481953","false","0","d__Bacteria |  p__Actinobacteriota |  c__Thermoleophilia | Solirubrobacterales |  f__Solirubrobacteraceae |  g__Solirubrobacter.5","25222","0.16343337683050602"
"2.0020898641588296","0.0011536589471694094","c__Bacteroidia","0.49947807933194155","0.40070950576473435","158","3","f__Saprospiraceae","g__uncultured.4","false","d__Bacteria","d__Bacteria |  p__Bacteroidota |  c__Bacteroidia | Chitinophagales |  f__Saprospiraceae |  g__uncultured.4","137.70886075949366","0","158","Chitinophagales","0","p__Bacteroidota","0.9967144594617743","false","0","d__Bacteria |  p__Bacteroidota |  c__Bacteroidia | Chitinophagales |  f__Saprospiraceae |  g__uncultured.4","57930","0.17278401600940235"
"1.923719958202717","0.0038105979210244826","c__Bacteroidia","0.5198261814231395","0.3990507484483388","166","3","f__Hymenobacteraceae","g__Adhaeribacter.2","false","d__Bacteria","d__Bacteria |  p__Bacteroidota |  c__Bacteroidia | Cytophagales |  f__Hymenobacteraceae |  g__Adhaeribacter.2","139.15060240963857","0","166","Cytophagales","0","p__Bacteroidota","0.996971409973106","false","0","d__Bacteria |  p__Bacteroidota |  c__Bacteroidia | Cytophagales |  f__Hymenobacteraceae |  g__Adhaeribacter.2","175010","0.1610539379741187"
"2.031347962382445","0.0012865074555771655","c__Kapabacteria","0.49228395061728397","0.38857142857142857","126","3","f__Kapabacteriales","g__Kapabacteriales.2","false","d__Bacteria","d__Bacteria |  p__Bacteroidota |  c__Kapabacteria | Kapabacteriales |  f__Kapabacteriales |  g__Kapabacteriales.2","135.6031746031746","0","126","Kapabacteriales","0","p__Bacteroidota","0.9966185312708773","false","0","d__Bacteria |  p__Bacteroidota |  c__Kapabacteria | Kapabacteriales |  f__Kapabacteriales |  g__Kapabacteriales.2","57286","0.16929235281295207"
"1.9905956112852665","0.0021674365707427075","c__Kapabacteria","0.5023622047244094","0.4283746556473829","121","3","f__Kapabacteriales","g__Kapabacteriales.4","false","d__Bacteria","d__Bacteria |  p__Bacteroidota |  c__Kapabacteria | Kapabacteriales |  f__Kapabacteriales |  g__Kapabacteriales.4","142.96694214876032","0","121","Kapabacteriales","0","p__Bacteroidota","0.9967521455367697","false","0","d__Bacteria |  p__Bacteroidota |  c__Kapabacteria | Kapabacteriales |  f__Kapabacteriales |  g__Kapabacteriales.4","96182","0.16919164751332583"
"2.0094043887147337","0.0013182950262013368","c__Kapabacteria","0.4976599063962558","0.4010773201660869","134","3","f__Kapabacteriales","g__Kapabacteriales.8","false","d__Bacteria","d__Bacteria |  p__Bacteroidota |  c__Kapabacteria | Kapabacteriales |  f__Kapabacteriales |  g__Kapabacteriales.8","137.4402985074627","0","134","Kapabacteriales","0","p__Bacteroidota","0.9966904774140499","false","0","d__Bacteria |  p__Bacteroidota |  c__Kapabacteria | Kapabacteriales |  f__Kapabacteriales |  g__Kapabacteriales.8","60970","0.16884557556199348"
"2.2810867293625914","1.5281445762228314E-4","c__JG30-KF-CM66","0.43838754008245534","0.3663865546218487","35","3","f__JG30-KF-CM66","g__JG30-KF-CM66.3","false","d__Bacteria","d__Bacteria |  p__Chloroflexi |  c__JG30-KF-CM66 | JG30-KF-CM66 |  f__JG30-KF-CM66 |  g__JG30-KF-CM66.3","95.94285714285714","0","35","JG30-KF-CM66","0","p__Chloroflexi","0.9957997156414341","false","0","d__Bacteria |  p__Chloroflexi |  c__JG30-KF-CM66 | JG30-KF-CM66 |  f__JG30-KF-CM66 |  g__JG30-KF-CM66.3","5782","0.1469262743382192"
"2.0303030303030303","0.0012370036784496372","c__JG30-KF-CM66","0.49253731343283585","0.4111746031746032","126","3","f__JG30-KF-CM66","g__JG30-KF-CM66.4","false","d__Bacteria","d__Bacteria |  p__Chloroflexi |  c__JG30-KF-CM66 | JG30-KF-CM66 |  f__JG30-KF-CM66 |  g__JG30-KF-CM66.4","136.0952380952381","0","126","JG30-KF-CM66","0","p__Chloroflexi","0.9966219572776951","false","0","d__Bacteria |  p__Chloroflexi |  c__JG30-KF-CM66 | JG30-KF-CM66 |  f__JG30-KF-CM66 |  g__JG30-KF-CM66.4","56720","0.1696948105925662"
"1.8829676071055381","0.0025939856202531557","c__TK10","0.5310765815760267","0.3934486566065513","209","3","f__TK10","g__TK10.1","false","d__Bacteria","d__Bacteria |  p__Chloroflexi |  c__TK10 | TK10 |  f__TK10 |  g__TK10.1","140.21052631578948","0","209","TK10","0","p__Chloroflexi","0.9971050242389983","false","0","d__Bacteria |  p__Chloroflexi |  c__TK10 | TK10 |  f__TK10 |  g__TK10.1","136182","0.16303549571603426"
"1.9571577847439916","0.0015974409469991689","c__TK10","0.5109450080085425","0.43092716462281677","208","3","f__TK10","g__TK10.16","false","d__Bacteria","d__Bacteria |  p__Chloroflexi |  c__TK10 | TK10 |  f__TK10 |  g__TK10.16","142.5096153846154","0","208","TK10","0","p__Chloroflexi","0.9968617777549378","false","0","d__Bacteria |  p__Chloroflexi |  c__TK10 | TK10 |  f__TK10 |  g__TK10.16","86296","0.1803919182083739"
"1.9477533960292581","0.0026823251757773477","c__TK10","0.5134120171673819","0.3378995433789954","147","3","f__TK10","g__TK10.20","false","d__Bacteria","d__Bacteria |  p__Chloroflexi |  c__TK10 | TK10 |  f__TK10 |  g__TK10.20","132.1156462585034","0","147","TK10","0","p__Chloroflexi","0.9968926118162975","false","0","d__Bacteria |  p__Chloroflexi |  c__TK10 | TK10 |  f__TK10 |  g__TK10.20","108310","0.15362284448663185"
"2.233019853709509","4.1992370642707737E-4","c__TK10","0.44782405240992046","0.37280296022201664","47","3","f__TK10","g__TK10.98","false","d__Bacteria","d__Bacteria |  p__Chloroflexi |  c__TK10 | TK10 |  f__TK10 |  g__TK10.98","115.70212765957447","0","47","TK10","0","p__Chloroflexi","0.9959573119550509","false","0","d__Bacteria |  p__Chloroflexi |  c__TK10 | TK10 |  f__TK10 |  g__TK10.98","14980","0.1686309782271571"
"1.9383490073145246","0.0023914873392521492","c__Gemmatimonadetes","0.5159029649595687","0.3859754270302667","142","3","f__Gemmatimonadaceae","g__Gemmatimonas.12","false","d__Bacteria","d__Bacteria |  p__Gemmatimonadota |  c__Gemmatimonadetes | Gemmatimonadales |  f__Gemmatimonadaceae |  g__Gemmatimonas.12","138.41549295774647","0","142","Gemmatimonadales","0","p__Gemmatimonadota","0.9969234458776574","false","0","d__Bacteria |  p__Gemmatimonadota |  c__Gemmatimonadetes | Gemmatimonadales |  f__Gemmatimonadaceae |  g__Gemmatimonas.12","121410","0.15837012924227287"
"2.0428422152560084","0.0014362551959100724","c__Gemmatimonadetes","0.4895140664961637","0.3269736842105263","96","3","f__Gemmatimonadaceae","g__uncultured.6","false","d__Bacteria","d__Bacteria |  p__Gemmatimonadota |  c__Gemmatimonadetes | Gemmatimonadales |  f__Gemmatimonadaceae |  g__uncultured.6","118.80208333333333","0","96","Gemmatimonadales","0","p__Gemmatimonadota","0.9965808451958819","false","0","d__Bacteria |  p__Gemmatimonadota |  c__Gemmatimonadetes | Gemmatimonadales |  f__Gemmatimonadaceae |  g__uncultured.6","55142","0.1448805894308943"
"2.19435736677116","0.0010267219546809929","c__S0134_terrestrial_group","0.45571428571428574","0.24319727891156462","49","3","f__S0134_terrestrial_group","g__S0134_terrestrial_group","false","d__Bacteria","d__Bacteria |  p__Gemmatimonadota |  c__S0134_terrestrial_group | S0134_terrestrial_group |  f__S0134_terrestrial_group |  g__S0134_terrestrial_group","100.0204081632653","0","49","S0134_terrestrial_group","0","p__Gemmatimonadota","0.9960840742073077","false","0","d__Bacteria |  p__Gemmatimonadota |  c__S0134_terrestrial_group | S0134_terrestrial_group |  f__S0134_terrestrial_group |  g__S0134_terrestrial_group","29908","0.13869625520110956"
"2.1504702194357366","4.061491087880684E-4","c__Polyangia","0.46501457725947526","0.41610343814281514","83","3","f__Phaselicystidaceae","g__Phaselicystis.2","false","d__Bacteria","d__Bacteria |  p__Myxococcota |  c__Polyangia | Polyangiales |  f__Phaselicystidaceae |  g__Phaselicystis.2","131.25301204819277","0","83","Polyangiales","0","p__Myxococcota","0.9962279664936532","false","0","d__Bacteria |  p__Myxococcota |  c__Polyangia | Polyangiales |  f__Phaselicystidaceae |  g__Phaselicystis.2","20310","0.17979864664135997"
"2.1180773249738767","0.0016148575689404125","c__Alphaproteobacteria","0.4721262950172669","0.328424497428705","93","3","f__Caulobacteraceae","g__Caulobacter.1","false","d__Bacteria","d__Bacteria |  p__Proteobacteria |  c__Alphaproteobacteria | Caulobacterales |  f__Caulobacteraceae |  g__Caulobacter.1","103.87096774193549","0","93","Caulobacterales","0","p__Proteobacteria","0.9963341727050038","false","0","d__Bacteria |  p__Proteobacteria |  c__Alphaproteobacteria | Caulobacterales |  f__Caulobacteraceae |  g__Caulobacter.1","51074","0.13831021004252395"
"2.0428422152560084","7.927810626933213E-4","c__Alphaproteobacteria","0.4895140664961637","0.3683409436834094","73","3","f__Caulobacteraceae","g__uncultured","false","d__Bacteria","d__Bacteria |  p__Proteobacteria |  c__Alphaproteobacteria | Caulobacterales |  f__Caulobacteraceae |  g__uncultured","130.6986301369863","0","73","Caulobacterales","0","p__Proteobacteria","0.9965808451958819","false","0","d__Bacteria |  p__Proteobacteria |  c__Alphaproteobacteria | Caulobacterales |  f__Caulobacteraceae |  g__uncultured","38530","0.15503989340093274"
"2.1954022988505746","5.165561980348776E-4","c__Alphaproteobacteria","0.4554973821989529","0.37134394668641246","74","3","f__Caulobacteraceae","0.999852762","false","d__Bacteria","d__Bacteria |  p__Proteobacteria |  c__Alphaproteobacteria | Caulobacterales |  f__Caulobacteraceae | 0.999852762","108.04054054054055","0","74","Caulobacterales","0","p__Proteobacteria","0.9960806482004899","false","0","d__Bacteria |  p__Proteobacteria |  c__Alphaproteobacteria | Caulobacterales |  f__Caulobacteraceae | 0.999852762","21636","0.15523066169617894"
"1.8045977011494252","0.003853392076985963","c__Alphaproteobacteria","0.554140127388535","0.34412902890683844","278","3","f__Reyranellaceae","g__Reyranella","false","d__Bacteria","d__Bacteria |  p__Proteobacteria |  c__Alphaproteobacteria | Reyranellales |  f__Reyranellaceae |  g__Reyranella","135.17625899280574","0","278","Reyranellales","0","p__Proteobacteria","0.9973619747503297","false","0","d__Bacteria |  p__Proteobacteria |  c__Alphaproteobacteria | Reyranellales |  f__Reyranellaceae |  g__Reyranella","197826","0.15609267782079186"
"1.8683385579937304","0.002476372612129867","c__Alphaproteobacteria","0.535234899328859","0.399863869314542","224","3","f__Beijerinckiaceae","g__Microvirga","false","d__Bacteria","d__Bacteria |  p__Proteobacteria |  c__Alphaproteobacteria | Rhizobiales |  f__Beijerinckiaceae |  g__Microvirga","141.35714285714286","0","224","Rhizobiales","0","p__Proteobacteria","0.9971529883344468","false","0","d__Bacteria |  p__Proteobacteria |  c__Alphaproteobacteria | Rhizobiales |  f__Beijerinckiaceae |  g__Microvirga","128006","0.16456011974056212"
"2.088819226750261","8.083900194959769E-4","c__Alphaproteobacteria","0.47873936968484243","0.4018181818181818","100","3","f__Beijerinckiaceae","0.723813121","false","d__Bacteria","d__Bacteria |  p__Proteobacteria |  c__Alphaproteobacteria | Rhizobiales |  f__Beijerinckiaceae | 0.723813121","129.66","0","100","Rhizobiales","0","p__Proteobacteria","0.9964301008959008","false","0","d__Bacteria |  p__Proteobacteria |  c__Alphaproteobacteria | Rhizobiales |  f__Beijerinckiaceae | 0.723813121","35762","0.16795336787564766"
"2.031347962382445","6.013586639487084E-4","c__Alphaproteobacteria","0.49228395061728397","0.49602010892333476","155","3","f__Beijerinckiaceae","0.915963857","false","d__Bacteria","d__Bacteria |  p__Proteobacteria |  c__Alphaproteobacteria | Rhizobiales |  f__Beijerinckiaceae | 0.915963857","152.2774193548387","0","155","Rhizobiales","0","p__Proteobacteria","0.9966185312708773","false","0","d__Bacteria |  p__Proteobacteria |  c__Alphaproteobacteria | Rhizobiales |  f__Beijerinckiaceae | 0.915963857","37384","0.1972505432057496"
"2.06687565308255","0.0011881095034841065","c__Alphaproteobacteria","0.4838220424671385","0.43907203907203907","91","3","f__Xanthobacteraceae","g__Rhodoplanes.2","false","d__Bacteria","d__Bacteria |  p__Proteobacteria |  c__Alphaproteobacteria | Rhizobiales |  f__Xanthobacteraceae |  g__Rhodoplanes.2","138.97802197802199","0","91","Rhizobiales","0","p__Proteobacteria","0.9965020470390736","false","0","d__Bacteria |  p__Proteobacteria |  c__Alphaproteobacteria | Rhizobiales |  f__Xanthobacteraceae |  g__Rhodoplanes.2","50800","0.17328930421199748"
"2.160919540229885","7.451851002867643E-4","c__Alphaproteobacteria","0.4627659574468085","0.36596736596736595","78","3","f__Xanthobacteraceae","0.950121112","false","d__Bacteria","d__Bacteria |  p__Proteobacteria |  c__Alphaproteobacteria | Rhizobiales |  f__Xanthobacteraceae | 0.950121112","128.35897435897436","0","78","Rhizobiales","0","p__Proteobacteria","0.9961937064254758","false","0","d__Bacteria |  p__Proteobacteria |  c__Alphaproteobacteria | Rhizobiales |  f__Xanthobacteraceae | 0.950121112","28962","0.1770468611847922"
"2.063740856844305","0.0010340258715320519","c__Alphaproteobacteria","0.4845569620253165","0.3707936507936508","126","3","f__Sphingomonadaceae","g__Altererythrobacter","false","d__Bacteria","d__Bacteria |  p__Proteobacteria |  c__Alphaproteobacteria | Sphingomonadales |  f__Sphingomonadaceae |  g__Altererythrobacter","135.484126984127","0","126","Sphingomonadales","0","p__Proteobacteria","0.9965123250595268","false","0","d__Bacteria |  p__Proteobacteria |  c__Alphaproteobacteria | Sphingomonadales |  f__Sphingomonadaceae |  g__Altererythrobacter","44384","0.17595341166769737"
"1.9299895506792057","0.0018283817570047736","c__Alphaproteobacteria","0.5181375203031944","0.42867608581894295","196","3","f__Sphingomonadaceae","g__Sphingomonas","false","d__Bacteria","d__Bacteria |  p__Proteobacteria |  c__Alphaproteobacteria | Sphingomonadales |  f__Sphingomonadaceae |  g__Sphingomonas","144.29591836734693","0","196","Sphingomonadales","0","p__Proteobacteria","0.9969508539321994","false","0","d__Bacteria |  p__Proteobacteria |  c__Alphaproteobacteria | Sphingomonadales |  f__Sphingomonadaceae |  g__Sphingomonas","95132","0.17427043281080548"
"2.115987460815047","3.4384962510502777E-4","c__Alphaproteobacteria","0.47259259259259256","0.5274968394437421","113","3","f__Sphingomonadaceae","g__Sphingomonas.12","false","d__Bacteria","d__Bacteria |  p__Proteobacteria |  c__Alphaproteobacteria | Sphingomonadales |  f__Sphingomonadaceae |  g__Sphingomonas.12","151.31858407079645","0","113","Sphingomonadales","0","p__Proteobacteria","0.9963410247186392","false","0","d__Bacteria |  p__Proteobacteria |  c__Alphaproteobacteria | Sphingomonadales |  f__Sphingomonadaceae |  g__Sphingomonas.12","19588","0.20643735889603881"
"2.115987460815047","0.0015290847781917762","c__Alphaproteobacteria","0.47259259259259256","0.32039532794249775","106","3","f__Sphingomonadaceae","g__Sphingomonas.16","false","d__Bacteria","d__Bacteria |  p__Proteobacteria |  c__Alphaproteobacteria | Sphingomonadales |  f__Sphingomonadaceae |  g__Sphingomonas.16","111.43396226415095","0","106","Sphingomonadales","0","p__Proteobacteria","0.9963410247186392","false","0","d__Bacteria |  p__Proteobacteria |  c__Alphaproteobacteria | Sphingomonadales |  f__Sphingomonadaceae |  g__Sphingomonas.16","55818","0.15058643549209588"
"2.0282131661442007","6.934778965051097E-4","c__Alphaproteobacteria","0.49304482225656876","0.4739463601532567","145","3","f__Sphingomonadaceae","g__Sphingomonas.19","false","d__Bacteria","d__Bacteria |  p__Proteobacteria |  c__Alphaproteobacteria | Sphingomonadales |  f__Sphingomonadaceae |  g__Sphingomonas.19","148.6206896551724","0","145","Sphingomonadales","0","p__Proteobacteria","0.9966288092913305","false","0","d__Bacteria |  p__Proteobacteria |  c__Alphaproteobacteria | Sphingomonadales |  f__Sphingomonadaceae |  g__Sphingomonas.19","38320","0.18932571930595213"
"1.9247648902821317","0.0019269381003662004","c__Alphaproteobacteria","0.5195439739413681","0.4201104330136588","186","3","f__Sphingomonadaceae","g__Sphingomonas.27","false","d__Bacteria","d__Bacteria |  p__Proteobacteria |  c__Alphaproteobacteria | Sphingomonadales |  f__Sphingomonadaceae |  g__Sphingomonas.27","142.0752688172043","0","186","Sphingomonadales","0","p__Proteobacteria","0.9969679839662882","false","0","d__Bacteria |  p__Proteobacteria |  c__Alphaproteobacteria | Sphingomonadales |  f__Sphingomonadaceae |  g__Sphingomonas.27","101144","0.1685353129504203"
"1.955067920585162","0.0011118829146055135","c__Alphaproteobacteria","0.5114911811865313","0.4595480420907366","187","3","f__Sphingomonadaceae","g__Sphingomonas.29","false","d__Bacteria","d__Bacteria |  p__Proteobacteria |  c__Alphaproteobacteria | Sphingomonadales |  f__Sphingomonadaceae |  g__Sphingomonas.29","149.35294117647058","0","187","Sphingomonadales","0","p__Proteobacteria","0.9968686297685732","false","0","d__Bacteria |  p__Proteobacteria |  c__Alphaproteobacteria | Sphingomonadales |  f__Sphingomonadaceae |  g__Sphingomonas.29","65020","0.1837059547066059"
"1.9143155694879832","0.0028853111861237572","c__Alphaproteobacteria","0.5223799126637555","0.29565534866739684","166","3","f__Sphingomonadaceae","g__Sphingomonas.3","false","d__Bacteria","d__Bacteria |  p__Proteobacteria |  c__Alphaproteobacteria | Sphingomonadales |  f__Sphingomonadaceae |  g__Sphingomonas.3","120.36144578313252","0","166","Sphingomonadales","0","p__Proteobacteria","0.9970022440344656","false","0","d__Bacteria |  p__Proteobacteria |  c__Alphaproteobacteria | Sphingomonadales |  f__Sphingomonadaceae |  g__Sphingomonas.3","122040","0.1378710719165321"
"2.130616509926855","6.490595212907471E-4","c__Alphaproteobacteria","0.4693477194703286","0.4325079365079365","126","3","f__Sphingomonadaceae","g__uncultured.10","false","d__Bacteria","d__Bacteria |  p__Proteobacteria |  c__Alphaproteobacteria | Sphingomonadales |  f__Sphingomonadaceae |  g__uncultured.10","135.4920634920635","0","126","Sphingomonadales","0","p__Proteobacteria","0.9962930606231906","false","0","d__Bacteria |  p__Proteobacteria |  c__Alphaproteobacteria | Sphingomonadales |  f__Sphingomonadaceae |  g__uncultured.10","28398","0.19191510409640722"
"1.9007314524555903","0.002183566466287721","c__Alphaproteobacteria","0.526113249037933","0.3706532663316583","200","3","f__Sphingomonadaceae","0.999998382","false","d__Bacteria","d__Bacteria |  p__Proteobacteria |  c__Alphaproteobacteria | Sphingomonadales |  f__Sphingomonadaceae | 0.999998382","138.33","0","200","Sphingomonadales","0","p__Proteobacteria","0.9970467821230964","false","0","d__Bacteria |  p__Proteobacteria |  c__Alphaproteobacteria | Sphingomonadales |  f__Sphingomonadaceae | 0.999998382","106164","0.16235915492957748"
"1.9770114942528736","0.0025473420380180338","c__Alphaproteobacteria","0.5058139534883721","0.37197414806110457","185","3","f__Geminicoccaceae","g__Candidatus_Alysiosphaera","false","d__Bacteria","d__Bacteria |  p__Proteobacteria |  c__Alphaproteobacteria | Tistrellales |  f__Geminicoccaceae |  g__Candidatus_Alysiosphaera","140.67027027027027","0","185","Tistrellales","0","p__Proteobacteria","0.9967966836254005","false","0","d__Bacteria |  p__Proteobacteria |  c__Alphaproteobacteria | Tistrellales |  f__Geminicoccaceae |  g__Candidatus_Alysiosphaera","103128","0.177383183940561"
"2.0240334378265414","7.568309973137098E-4","c__Gammaproteobacteria","0.49406298399586984","0.4600496277915633","156","3","f__Burkholderiaceae","g__Lautropia.1","false","d__Bacteria","d__Bacteria |  p__Proteobacteria |  c__Gammaproteobacteria | Burkholderiales |  f__Burkholderiaceae |  g__Lautropia.1","149.07692307692307","0","156","Burkholderiales","0","p__Proteobacteria","0.9966425133186015","false","0","d__Bacteria |  p__Proteobacteria |  c__Gammaproteobacteria | Burkholderiales |  f__Burkholderiaceae |  g__Lautropia.1","41790","0.19161558236108364"
"1.8662486938349008","0.002752060278849149","c__Gammaproteobacteria","0.5358342665173572","0.4092964824120603","200","3","f__Comamonadaceae","0.999671433","false","d__Bacteria","d__Bacteria |  p__Proteobacteria |  c__Gammaproteobacteria | Burkholderiales |  f__Comamonadaceae | 0.999671433","141.73","0","200","Burkholderiales","0","p__Proteobacteria","0.9971598403480822","false","0","d__Bacteria |  p__Proteobacteria |  c__Gammaproteobacteria | Burkholderiales |  f__Comamonadaceae | 0.999671433","168964","0.16014689265536722"
"2.107628004179728","8.023696333740669E-4","c__Gammaproteobacteria","0.4744670302429351","0.41865357643758766","93","3","f__Nitrosomonadaceae","g__Ellin6067.8","false","d__Bacteria","d__Bacteria |  p__Proteobacteria |  c__Gammaproteobacteria | Burkholderiales |  f__Nitrosomonadaceae |  g__Ellin6067.8","132.88172043010752","0","93","Burkholderiales","0","p__Proteobacteria","0.9963684327731812","false","0","d__Bacteria |  p__Proteobacteria |  c__Gammaproteobacteria | Burkholderiales |  f__Nitrosomonadaceae |  g__Ellin6067.8","35236","0.1746146129173555"
"2.2027168234064787","2.979066240850719E-4","c__Gammaproteobacteria","0.45398481973434535","0.45618153364632236","72","3","f__Nitrosomonadaceae","g__MND1.15","false","d__Bacteria","d__Bacteria |  p__Proteobacteria |  c__Gammaproteobacteria | Burkholderiales |  f__Nitrosomonadaceae |  g__MND1.15","133.51388888888889","0","72","Burkholderiales","0","p__Proteobacteria","0.9960566661527656","false","0","d__Bacteria |  p__Proteobacteria |  c__Gammaproteobacteria | Burkholderiales |  f__Nitrosomonadaceae |  g__MND1.15","14302","0.19321836308088117"
"1.825496342737722","0.003583218937205167","c__Gammaproteobacteria","0.5477962220950201","0.35829662261380324","228","3","f__SC-I-84","g__SC-I-84.1","false","d__Bacteria","d__Bacteria |  p__Proteobacteria |  c__Gammaproteobacteria | Burkholderiales |  f__SC-I-84 |  g__SC-I-84.1","136.44736842105263","0","228","Burkholderiales","0","p__Proteobacteria","0.9972934546139747","false","0","d__Bacteria |  p__Proteobacteria |  c__Gammaproteobacteria | Burkholderiales |  f__SC-I-84 |  g__SC-I-84.1","179488","0.15228500939849623"
"2.310344827586207","2.711522188817547E-4","c__Gammaproteobacteria","0.4328358208955224","0.3864734299516908","46","4","f__SC-I-84","g__SC-I-84.4","false","d__Bacteria","d__Bacteria |  p__Proteobacteria |  c__Gammaproteobacteria | Burkholderiales |  f__SC-I-84 |  g__SC-I-84.4","97.15217391304348","0","46","Burkholderiales","0","p__Proteobacteria","0.995703787450537","false","0","d__Bacteria |  p__Proteobacteria |  c__Gammaproteobacteria | Burkholderiales |  f__SC-I-84 |  g__SC-I-84.4","12010","0.15797101449275364"
"2.027168234064786","9.466359710260607E-4","c__Gammaproteobacteria","0.4932989690721649","0.4762399622106755","146","3","f__PLTA13","g__PLTA13.1","false","d__Bacteria","d__Bacteria |  p__Proteobacteria |  c__Gammaproteobacteria | PLTA13 |  f__PLTA13 |  g__PLTA13.1","148.32191780821918","0","146","PLTA13","0","p__Proteobacteria","0.9966322352981483","false","0","d__Bacteria |  p__Proteobacteria |  c__Gammaproteobacteria | PLTA13 |  f__PLTA13 |  g__PLTA13.1","54082","0.1889451182270308"
"2.0595611285266457","8.411532299456359E-4","c__Gammaproteobacteria","0.4855403348554034","0.3965161290322581","125","3","f__Rhodanobacteraceae","g__uncultured.1","false","d__Bacteria","d__Bacteria |  p__Proteobacteria |  c__Gammaproteobacteria | Xanthomonadales |  f__Rhodanobacteraceae |  g__uncultured.1","138.008","0","125","Xanthomonadales","0","p__Proteobacteria","0.9965260290867979","false","0","d__Bacteria |  p__Proteobacteria |  c__Gammaproteobacteria | Xanthomonadales |  f__Rhodanobacteraceae |  g__uncultured.1","39524","0.1780748387096774"
"1.9258098223615465","0.001905694660314952","c__Acidobacteriae","0.5192620727075421","0.3847145488029466","181","3","f__Acidobacteriae","g__Paludibaculum","false","d__Bacteria","d__Bacteria |  p__Acidobacteriota |  c__Acidobacteriae | Acidobacteriae |  f__Acidobacteriae |  g__Paludibaculum","137.939226519337","0","181","Acidobacteriae","0","p__Acidobacteriota","0.9969645579594704","false","0","d__Bacteria |  p__Acidobacteriota |  c__Acidobacteriae | Acidobacteriae |  f__Acidobacteriae |  g__Paludibaculum","96974","0.16285622965683236"
"2.0104493207941485","0.0011882379785259519","c__Actinobacteria","0.49740124740124736","0.41787624140565316","154","3","f__Mycobacteriaceae","g__Mycobacterium.1","false","d__Bacteria","d__Bacteria |  p__Actinobacteriota |  c__Actinobacteria | Corynebacteriales |  f__Mycobacteriaceae |  g__Mycobacterium.1","143.92857142857142","0","154","Corynebacteriales","0","p__Actinobacteriota","0.9966870514072323","false","0","d__Bacteria |  p__Actinobacteriota |  c__Actinobacteria | Corynebacteriales |  f__Mycobacteriaceae |  g__Mycobacterium.1","55038","0.18149882903981265"
"1.9247648902821317","0.0016204523447442","c__Actinobacteria","0.5195439739413681","0.42701750751061845","197","3","f__Microbacteriaceae","g__Agromyces","false","d__Bacteria","d__Bacteria |  p__Actinobacteriota |  c__Actinobacteria | Micrococcales |  f__Microbacteriaceae |  g__Agromyces","146.35532994923858","0","197","Micrococcales","0","p__Actinobacteriota","0.9969679839662882","false","0","d__Bacteria |  p__Actinobacteriota |  c__Actinobacteria | Micrococcales |  f__Microbacteriaceae |  g__Agromyces","93472","0.17590784849668098"
"2.1316614420062696","4.998343626225478E-4","c__Actinobacteria","0.46911764705882353","0.49611255090707146","74","3","f__Nocardioidaceae","g__Marmoricola.1","false","d__Bacteria","d__Bacteria |  p__Actinobacteriota |  c__Actinobacteria | Propionibacteriales |  f__Nocardioidaceae |  g__Marmoricola.1","151.1891891891892","0","74","Propionibacteriales","0","p__Actinobacteriota","0.996289634616373","false","0","d__Bacteria |  p__Actinobacteriota |  c__Actinobacteria | Propionibacteriales |  f__Nocardioidaceae |  g__Marmoricola.1","24214","0.19996782496782498"
"1.755485893416928","0.024552877350178377","c__Actinobacteria","0.5696428571428571","0.23517843095187013","237","3","f__Nocardioidaceae","g__Nocardioides","false","d__Bacteria","d__Bacteria |  p__Actinobacteriota |  c__Actinobacteria | Propionibacteriales |  f__Nocardioidaceae |  g__Nocardioides","120.72995780590718","0","237","Propionibacteriales","0","p__Actinobacteriota","0.9975229970707643","false","0","d__Bacteria |  p__Actinobacteriota |  c__Actinobacteria | Propionibacteriales |  f__Nocardioidaceae |  g__Nocardioides","1029892","0.1265513184548293"
"1.8746081504702194","0.005624705142855876","c__Actinobacteria","0.5334448160535117","0.2735868448098664","140","3","f__Nocardioidaceae","g__Nocardioides.2","false","d__Bacteria","d__Bacteria |  p__Actinobacteriota |  c__Actinobacteria | Propionibacteriales |  f__Nocardioidaceae |  g__Nocardioides.2","120.97857142857143","0","140","Propionibacteriales","0","p__Actinobacteriota","0.9971324322935402","false","0","d__Bacteria |  p__Actinobacteriota |  c__Actinobacteria | Propionibacteriales |  f__Nocardioidaceae |  g__Nocardioides.2","245816","0.12911266961427048"
"2.001044932079415","0.0013041891013019003","c__Bacteroidia","0.49973890339425586","0.37568995889606577","131","3","f__Flavobacteriaceae","g__Flavobacterium","false","d__Bacteria","d__Bacteria |  p__Bacteroidota |  c__Bacteroidia | Flavobacteriales |  f__Flavobacteriaceae |  g__Flavobacterium","134.6259541984733","0","131","Flavobacteriales","0","p__Bacteroidota","0.9967178854685921","false","0","d__Bacteria |  p__Bacteroidota |  c__Bacteroidia | Flavobacteriales |  f__Flavobacteriaceae |  g__Flavobacterium","62502","0.16318297478602822"
"2.2079414838035527","2.829892397248677E-4","c__Bacteroidia","0.45291055371509703","0.4845094664371773","84","4","f__Flavobacteriaceae","g__Flavobacterium.2","false","d__Bacteria","d__Bacteria |  p__Bacteroidota |  c__Bacteroidia | Flavobacteriales |  f__Flavobacteriaceae |  g__Flavobacterium.2","137.42857142857142","0","84","Flavobacteriales","0","p__Bacteroidota","0.9960395361186769","false","0","d__Bacteria |  p__Bacteroidota |  c__Bacteroidia | Flavobacteriales |  f__Flavobacteriaceae |  g__Flavobacterium.2","11276","0.2035978835978836"
"2.0700104493207943","7.588533109938707E-4","c__Bacteroidia","0.4830893488137304","0.4547301587301587","126","3","f__Flavobacteriaceae","g__Flavobacterium.3","false","d__Bacteria","d__Bacteria |  p__Bacteroidota |  c__Bacteroidia | Flavobacteriales |  f__Flavobacteriaceae |  g__Flavobacterium.3","141.6031746031746","0","126","Flavobacteriales","0","p__Bacteroidota","0.9964917690186202","false","0","d__Bacteria |  p__Bacteroidota |  c__Bacteroidia | Flavobacteriales |  f__Flavobacteriaceae |  g__Flavobacterium.3","39166","0.18534446937588298"
"2.3375130616509927","1.6036500993531696E-4","c__Dehalococcoidia","0.42780509611086276","0.4438122332859175","38","4","f__S085","g__S085.2","false","d__Bacteria","d__Bacteria |  p__Chloroflexi |  c__Dehalococcoidia | S085 |  f__S085 |  g__S085.2","114.44736842105263","0","38","S085","0","p__Chloroflexi","0.9956147112732754","false","0","d__Bacteria |  p__Chloroflexi |  c__Dehalococcoidia | S085 |  f__S085 |  g__S085.2","4972","0.19042823364567826"
"1.825496342737722","0.00480667798267527","c__JG30-KF-CM66","0.5477962220950201","0.35147098274166144","212","3","f__JG30-KF-CM66","g__JG30-KF-CM66","false","d__Bacteria","d__Bacteria |  p__Chloroflexi |  c__JG30-KF-CM66 | JG30-KF-CM66 |  f__JG30-KF-CM66 |  g__JG30-KF-CM66","138.03773584905662","0","212","JG30-KF-CM66","0","p__Chloroflexi","0.9972934546139747","false","0","d__Bacteria |  p__Chloroflexi |  c__JG30-KF-CM66 | JG30-KF-CM66 |  f__JG30-KF-CM66 |  g__JG30-KF-CM66","244706","0.15135716650115855"
"1.916405433646813","0.0022615227057255416","c__JG30-KF-CM66","0.5218102508178843","0.39319727891156464","196","3","f__JG30-KF-CM66","g__JG30-KF-CM66.1","false","d__Bacteria","d__Bacteria |  p__Chloroflexi |  c__JG30-KF-CM66 | JG30-KF-CM66 |  f__JG30-KF-CM66 |  g__JG30-KF-CM66.1","140.08673469387756","0","196","JG30-KF-CM66","0","p__Chloroflexi","0.9969953920208302","false","0","d__Bacteria |  p__Chloroflexi |  c__JG30-KF-CM66 | JG30-KF-CM66 |  f__JG30-KF-CM66 |  g__JG30-KF-CM66.1","110506","0.1665716227037783"
"2.026123301985371","0.0015010751087727934","c__Ktedonobacteria","0.4935533780299123","0.36515151515151517","121","3","f__C0119","g__C0119.3","false","d__Bacteria","d__Bacteria |  p__Chloroflexi |  c__Ktedonobacteria | C0119 |  f__C0119 |  g__C0119.3","132.89256198347107","0","121","C0119","0","p__Chloroflexi","0.9966356613049661","false","0","d__Bacteria |  p__Chloroflexi |  c__Ktedonobacteria | C0119 |  f__C0119 |  g__C0119.3","66756","0.16386259184151797"
"1.7115987460815048","0.01014331179596087","c__TK10","0.5842490842490843","0.29072476272648834","305","3","f__TK10","g__TK10","false","d__Bacteria","d__Bacteria |  p__Chloroflexi |  c__TK10 | TK10 |  f__TK10 |  g__TK10","128.87868852459016","0","305","TK10","0","p__Chloroflexi","0.9976668893571098","false","0","d__Bacteria |  p__Chloroflexi |  c__TK10 | TK10 |  f__TK10 |  g__TK10","426198","0.13887789711701526"
"2.0417972831765936","0.0014496486897342682","c__TK10","0.48976458546571133","0.4076099339257234","133","3","f__TK10","g__TK10.11","false","d__Bacteria","d__Bacteria |  p__Chloroflexi |  c__TK10 | TK10 |  f__TK10 |  g__TK10.11","127.30827067669173","0","133","TK10","0","p__Chloroflexi","0.9965842712026997","false","0","d__Bacteria |  p__Chloroflexi |  c__TK10 | TK10 |  f__TK10 |  g__TK10.11","57754","0.16238299831210679"
"2.012539184952978","9.978952154412945E-4","c__TK10","0.4968847352024922","0.4370927318295739","190","3","f__TK10","g__TK10.12","false","d__Bacteria","d__Bacteria |  p__Chloroflexi |  c__TK10 | TK10 |  f__TK10 |  g__TK10.12","142.78947368421052","0","190","TK10","0","p__Chloroflexi","0.9966801993935969","false","0","d__Bacteria |  p__Chloroflexi |  c__TK10 | TK10 |  f__TK10 |  g__TK10.12","54296","0.18912513070756362"
"2.0041797283176592","0.0010935429624743037","c__TK10","0.49895724713242967","0.4631185807656396","154","3","f__TK10","g__TK10.14","false","d__Bacteria","d__Bacteria |  p__Chloroflexi |  c__TK10 | TK10 |  f__TK10 |  g__TK10.14","146.04545454545453","0","154","TK10","0","p__Chloroflexi","0.9967076074481389","false","0","d__Bacteria |  p__Chloroflexi |  c__TK10 | TK10 |  f__TK10 |  g__TK10.14","59192","0.1827852998065764"
"2.083594566353187","8.543097747544333E-4","c__TK10","0.4799398194583751","0.48206800186306475","114","3","f__TK10","g__TK10.18","false","d__Bacteria","d__Bacteria |  p__Chloroflexi |  c__TK10 | TK10 |  f__TK10 |  g__TK10.18","142.67543859649123","0","114","TK10","0","p__Chloroflexi","0.9964472309299894","false","0","d__Bacteria |  p__Chloroflexi |  c__TK10 | TK10 |  f__TK10 |  g__TK10.18","42146","0.18699271113563726"
"1.9143155694879832","0.0015596417248647054","c__TK10","0.5223799126637555","0.4367069394693704","182","3","f__TK10","g__TK10.3","false","d__Bacteria","d__Bacteria |  p__Chloroflexi |  c__TK10 | TK10 |  f__TK10 |  g__TK10.3","143.44505494505495","0","182","TK10","0","p__Chloroflexi","0.9970022440344656","false","0","d__Bacteria |  p__Chloroflexi |  c__TK10 | TK10 |  f__TK10 |  g__TK10.3","88294","0.16738046084603844"
"1.9759665621734588","0.0015899851688051128","c__TK10","0.506081438392385","0.4044500185804534","208","3","f__TK10","g__TK10.6","false","d__Bacteria","d__Bacteria |  p__Chloroflexi |  c__TK10 | TK10 |  f__TK10 |  g__TK10.6","139.33653846153845","0","208","TK10","0","p__Chloroflexi","0.9968001096322181","false","0","d__Bacteria |  p__Chloroflexi |  c__TK10 | TK10 |  f__TK10 |  g__TK10.6","78120","0.1804877441211638"
"2.193312434691745","6.096107545781579E-4","c__TK10","0.4559313959028109","0.3845992005049442","98","4","f__TK10","g__TK10.7","false","d__Bacteria","d__Bacteria |  p__Chloroflexi |  c__TK10 | TK10 |  f__TK10 |  g__TK10.7","108.14285714285714","0","98","TK10","0","p__Chloroflexi","0.9960875002141255","false","0","d__Bacteria |  p__Chloroflexi |  c__TK10 | TK10 |  f__TK10 |  g__TK10.7","23558","0.16021164021164022"
"1.761755485893417","0.008836606724349313","c__Phycisphaerae","0.5676156583629893","0.308072191793122","259","3","f__Phycisphaeraceae","g__SM1A02","false","d__Bacteria","d__Bacteria |  p__Planctomycetota |  c__Phycisphaerae | Phycisphaerales |  f__Phycisphaeraceae |  g__SM1A02","131.04633204633205","0","259","Phycisphaerales","0","p__Planctomycetota","0.9975024410298575","false","0","d__Bacteria |  p__Planctomycetota |  c__Phycisphaerae | Phycisphaerales |  f__Phycisphaeraceae |  g__SM1A02","356886","0.14151871711266958"
"1.9070010449320793","0.00270263721370742","c__Phycisphaerae","0.5243835616438356","0.3592387968078576","181","3","f__Phycisphaeraceae","g__SM1A02.1","false","d__Bacteria","d__Bacteria |  p__Planctomycetota |  c__Phycisphaerae | Phycisphaerales |  f__Phycisphaeraceae |  g__SM1A02.1","134.67955801104972","0","181","Phycisphaerales","0","p__Planctomycetota","0.9970262260821898","false","0","d__Bacteria |  p__Planctomycetota |  c__Phycisphaerae | Phycisphaerales |  f__Phycisphaeraceae |  g__SM1A02.1","129064","0.1556989109954332"
"2.051201671891327","0.002311116432132565","c__Phycisphaerae","0.4875191034131432","0.36781109662465594","118","3","f__Phycisphaeraceae","g__SM1A02.2","false","d__Bacteria","d__Bacteria |  p__Planctomycetota |  c__Phycisphaerae | Phycisphaerales |  f__Phycisphaeraceae |  g__SM1A02.2","131.54237288135593","0","118","Phycisphaerales","0","p__Planctomycetota","0.9965534371413399","false","0","d__Bacteria |  p__Planctomycetota |  c__Phycisphaerae | Phycisphaerales |  f__Phycisphaeraceae |  g__SM1A02.2","98602","0.16650933276121005"
"2.135841170323929","3.863619551986237E-4","c__Alphaproteobacteria","0.46819960861056753","0.4433094994892748","89","3","f__Caulobacteraceae","g__Brevundimonas.3","false","d__Bacteria","d__Bacteria |  p__Proteobacteria |  c__Alphaproteobacteria | Caulobacterales |  f__Caulobacteraceae |  g__Brevundimonas.3","137.53932584269663","0","89","Caulobacterales","0","p__Proteobacteria","0.9962759305891018","false","0","d__Bacteria |  p__Proteobacteria |  c__Alphaproteobacteria | Caulobacterales |  f__Caulobacteraceae |  g__Brevundimonas.3","16502","0.18636765019335585"
"1.8756530825496343","0.0020287293923964916","c__Alphaproteobacteria","0.5331476323119777","0.4040255742363249","206","3","f__Xanthobacteraceae","g__uncultured.1","false","d__Bacteria","d__Bacteria |  p__Proteobacteria |  c__Alphaproteobacteria | Rhizobiales |  f__Xanthobacteraceae |  g__uncultured.1","144.44174757281553","0","206","Rhizobiales","0","p__Proteobacteria","0.9971290062867224","false","0","d__Bacteria |  p__Proteobacteria |  c__Alphaproteobacteria | Rhizobiales |  f__Xanthobacteraceae |  g__uncultured.1","122474","0.1660249972101328"
"2.0804597701149423","9.685114851428948E-4","c__Alphaproteobacteria","0.4806629834254144","0.39762376237623764","101","3","f__Xanthobacteraceae","g__uncultured.2","false","d__Bacteria","d__Bacteria |  p__Proteobacteria |  c__Alphaproteobacteria | Rhizobiales |  f__Xanthobacteraceae |  g__uncultured.2","118.72277227722772","0","101","Rhizobiales","0","p__Proteobacteria","0.9964575089504428","false","0","d__Bacteria |  p__Proteobacteria |  c__Alphaproteobacteria | Rhizobiales |  f__Xanthobacteraceae |  g__uncultured.2","40378","0.15240407224291108"
"1.9989550679205852","9.139225788949815E-4","c__Alphaproteobacteria","0.5002613695765813","0.45346708064644536","159","3","f__Sphingomonadaceae","g__Sphingomonas.1","false","d__Bacteria","d__Bacteria |  p__Proteobacteria |  c__Alphaproteobacteria | Sphingomonadales |  f__Sphingomonadaceae |  g__Sphingomonas.1","143.74213836477986","0","159","Sphingomonadales","0","p__Proteobacteria","0.9967247374822277","false","0","d__Bacteria |  p__Proteobacteria |  c__Alphaproteobacteria | Sphingomonadales |  f__Sphingomonadaceae |  g__Sphingomonas.1","52560","0.17990255114490597"
"2.0700104493207943","9.231763470622832E-4","c__Alphaproteobacteria","0.4830893488137304","0.5238317031516845","114","3","f__Sphingomonadaceae","g__Sphingomonas.14","false","d__Bacteria","d__Bacteria |  p__Proteobacteria |  c__Alphaproteobacteria | Sphingomonadales |  f__Sphingomonadaceae |  g__Sphingomonas.14","152.30701754385964","0","114","Sphingomonadales","0","p__Proteobacteria","0.9964917690186202","false","0","d__Bacteria |  p__Proteobacteria |  c__Alphaproteobacteria | Sphingomonadales |  f__Sphingomonadaceae |  g__Sphingomonas.14","45394","0.1962719298245614"
"2.109717868338558","7.159884813708029E-4","c__Alphaproteobacteria","0.47399702823179796","0.4495086170061245","119","3","f__Sphingomonadaceae","g__Sphingomonas.22","false","d__Bacteria","d__Bacteria |  p__Proteobacteria |  c__Alphaproteobacteria | Sphingomonadales |  f__Sphingomonadaceae |  g__Sphingomonas.22","143.61344537815125","0","119","Sphingomonadales","0","p__Proteobacteria","0.9963615807595456","false","0","d__Bacteria |  p__Proteobacteria |  c__Alphaproteobacteria | Sphingomonadales |  f__Sphingomonadaceae |  g__Sphingomonas.22","32668","0.195925573503617"
"1.9634273772204807","0.001102190800675446","c__Alphaproteobacteria","0.5093134646088345","0.4595403236774106","172","3","f__Sphingomonadaceae","g__Sphingomonas.7","false","d__Bacteria","d__Bacteria |  p__Proteobacteria |  c__Alphaproteobacteria | Sphingomonadales |  f__Sphingomonadaceae |  g__Sphingomonas.7","148.36627906976744","0","172","Sphingomonadales","0","p__Proteobacteria","0.9968412217140313","false","0","d__Bacteria |  p__Proteobacteria |  c__Alphaproteobacteria | Sphingomonadales |  f__Sphingomonadaceae |  g__Sphingomonas.7","66530","0.1809344866704481"
"2.0794148380355275","0.0013147378535588788","c__Alphaproteobacteria","0.4809045226130654","0.3582587954680978","130","3","f__Sphingomonadaceae","g__Sphingomonas.9","false","d__Bacteria","d__Bacteria |  p__Proteobacteria |  c__Alphaproteobacteria | Sphingomonadales |  f__Sphingomonadaceae |  g__Sphingomonas.9","128.77692307692308","0","130","Sphingomonadales","0","p__Proteobacteria","0.9964609349572606","false","0","d__Bacteria |  p__Proteobacteria |  c__Alphaproteobacteria | Sphingomonadales |  f__Sphingomonadaceae |  g__Sphingomonas.9","53860","0.17147393219297347"
"1.923719958202717","0.002958196360660106","c__Alphaproteobacteria","0.5198261814231395","0.332150858849888","104","3","f__Sphingomonadaceae","g__Sphingorhabdus","false","d__Bacteria","d__Bacteria |  p__Proteobacteria |  c__Alphaproteobacteria | Sphingomonadales |  f__Sphingomonadaceae |  g__Sphingorhabdus","126.13461538461539","0","104","Sphingomonadales","0","p__Proteobacteria","0.996971409973106","false","0","d__Bacteria |  p__Proteobacteria |  c__Alphaproteobacteria | Sphingomonadales |  f__Sphingomonadaceae |  g__Sphingorhabdus","129852","0.13621448745638812"
"2.1191222570532915","6.911735484127761E-4","c__Gammaproteobacteria","0.4718934911242604","0.34556962025316457","80","4","f__Comamonadaceae","0.999989775","false","d__Bacteria","d__Bacteria |  p__Proteobacteria |  c__Gammaproteobacteria | Burkholderiales |  f__Comamonadaceae | 0.999989775","117.775","0","80","Burkholderiales","0","p__Proteobacteria","0.996330746698186","false","0","d__Bacteria |  p__Proteobacteria |  c__Gammaproteobacteria | Burkholderiales |  f__Comamonadaceae | 0.999989775","27008","0.15415575916230367"
"1.9341692789968652","0.0017593018788918883","c__Gammaproteobacteria","0.5170178282009724","0.4058862739065785","198","3","f__SC-I-84","g__SC-I-84.2","false","d__Bacteria","d__Bacteria |  p__Proteobacteria |  c__Gammaproteobacteria | Burkholderiales |  f__SC-I-84 |  g__SC-I-84.2","141.05050505050505","0","198","Burkholderiales","0","p__Proteobacteria","0.9969371499049283","false","0","d__Bacteria |  p__Proteobacteria |  c__Gammaproteobacteria | Burkholderiales |  f__SC-I-84 |  g__SC-I-84.2","93362","0.17159428838260954"
"1.831765935214211","0.004845666158079266","c__Gammaproteobacteria","0.5459212778094695","0.3148358945171694","252","3","f__Sutterellaceae","g__uncultured","false","d__Bacteria","d__Bacteria |  p__Proteobacteria |  c__Gammaproteobacteria | Burkholderiales |  f__Sutterellaceae |  g__uncultured","131.42460317460316","0","252","Burkholderiales","0","p__Proteobacteria","0.9972728985730682","false","0","d__Bacteria |  p__Proteobacteria |  c__Gammaproteobacteria | Burkholderiales |  f__Sutterellaceae |  g__uncultured","225090","0.1517605117489644"
"1.9979101358411704","0.002138538507527705","c__Gammaproteobacteria","0.5005230125523012","0.3519951840385277","153","3","f__Cellvibrionaceae","g__Cellvibrio","false","d__Bacteria","d__Bacteria |  p__Proteobacteria |  c__Gammaproteobacteria | Cellvibrionales |  f__Cellvibrionaceae |  g__Cellvibrio","134.2156862745098","0","153","Cellvibrionales","0","p__Proteobacteria","0.9967281634890454","false","0","d__Bacteria |  p__Proteobacteria |  c__Gammaproteobacteria | Cellvibrionales |  f__Cellvibrionaceae |  g__Cellvibrio","87900","0.1665207025738335"
"1.7993730407523512","0.004596668365644051","c__Gammaproteobacteria","0.5557491289198606","0.3361806906614786","257","3","f__Unknown_Family","g__Acidibacter","false","d__Bacteria","d__Bacteria |  p__Proteobacteria |  c__Gammaproteobacteria | Gammaproteobacteria_Incertae_Sedis |  f__Unknown_Family |  g__Acidibacter","132.8326848249027","0","257","Gammaproteobacteria_Incertae_Sedis","0","p__Proteobacteria","0.9973791047844185","false","0","d__Bacteria |  p__Proteobacteria |  c__Gammaproteobacteria | Gammaproteobacteria_Incertae_Sedis |  f__Unknown_Family |  g__Acidibacter","219196","0.14891556594720037"
"2.1400208986415885","5.838671091700383E-4","c__Gammaproteobacteria","0.46728515624999994","0.3840852130325815","57","3","f__Pseudomonadaceae","g__Pseudomonas","false","d__Bacteria","d__Bacteria |  p__Proteobacteria |  c__Gammaproteobacteria | Pseudomonadales |  f__Pseudomonadaceae |  g__Pseudomonas","111.52631578947368","0","57","Pseudomonadales","0","p__Proteobacteria","0.9962622265618308","false","0","d__Bacteria |  p__Proteobacteria |  c__Gammaproteobacteria | Pseudomonadales |  f__Pseudomonadaceae |  g__Pseudomonas","25578","0.14559571251889514"
"2.053291536050157","0.0014415605260646158","c__Gammaproteobacteria","0.48702290076335875","0.324931189337969","118","3","f__Xanthomonadaceae","0.99836207","false","d__Bacteria","d__Bacteria |  p__Proteobacteria |  c__Gammaproteobacteria | Xanthomonadales |  f__Xanthomonadaceae | 0.99836207","116.92372881355932","0","118","Xanthomonadales","0","p__Proteobacteria","0.9965465851277044","false","0","d__Bacteria |  p__Proteobacteria |  c__Gammaproteobacteria | Xanthomonadales |  f__Xanthomonadaceae | 0.99836207","65412","0.14838036651466918"
"2.1682340647857887","9.621347786222376E-4","c__Acidobacteriae","0.4612048192771085","0.37909769555339173","79","3","f__Acidobacteriae","g__Paludibaculum.1","false","d__Bacteria","d__Bacteria |  p__Acidobacteriota |  c__Acidobacteriae | Acidobacteriae |  f__Acidobacteriae |  g__Paludibaculum.1","86.54430379746836","0","79","Acidobacteriae","0","p__Acidobacteriota","0.9961697243777515","false","0","d__Bacteria |  p__Acidobacteriota |  c__Acidobacteriae | Acidobacteriae |  f__Acidobacteriae |  g__Paludibaculum.1","38922","0.12070335257666437"
"2.218390804597701","5.604437250381015E-4","c__Actinobacteria","0.45077720207253885","0.3284416491963662","54","3","f__Microbacteriaceae","0.999733721","false","d__Bacteria","d__Bacteria |  p__Actinobacteriota |  c__Actinobacteria | Micrococcales |  f__Microbacteriaceae | 0.999733721","82.31481481481481","0","54","Micrococcales","0","p__Actinobacteriota","0.9960052760504994","false","0","d__Bacteria |  p__Actinobacteriota |  c__Actinobacteria | Micrococcales |  f__Microbacteriaceae | 0.999733721","19448","0.11875367430922987"
"2.0606060606060606","0.0016579920483606523","c__Actinobacteria","0.4852941176470588","0.30670103092783507","97","3","f__Pseudonocardiaceae","g__Pseudonocardia.17","false","d__Bacteria","d__Bacteria |  p__Actinobacteriota |  c__Actinobacteria | Pseudonocardiales |  f__Pseudonocardiaceae |  g__Pseudonocardia.17","97.09278350515464","0","97","Pseudonocardiales","0","p__Actinobacteriota","0.9965226030799801","false","0","d__Bacteria |  p__Actinobacteriota |  c__Actinobacteria | Pseudonocardiales |  f__Pseudonocardiaceae |  g__Pseudonocardia.17","66700","0.12106332107874643"
"2.22466039707419","4.3405431575705734E-4","c__Thermoleophilia","0.4495068107092532","0.3256830601092896","61","4","f__67-14","g__67-14.6","false","d__Bacteria","d__Bacteria |  p__Actinobacteriota |  c__Thermoleophilia | Solirubrobacterales |  f__67-14 |  g__67-14.6","111.57377049180327","0","61","Solirubrobacterales","0","p__Actinobacteriota","0.9959847200095927","false","0","d__Bacteria |  p__Actinobacteriota |  c__Thermoleophilia | Solirubrobacterales |  f__67-14 |  g__67-14.6","15168","0.16359790394692564"
"2.148380355276907","0.0017736625057032025","c__Chloroflexia","0.4654669260700389","0.3196400625978091","72","3","f__Roseiflexaceae","g__uncultured.12","false","d__Bacteria","d__Bacteria |  p__Chloroflexi |  c__Chloroflexia | Chloroflexales |  f__Roseiflexaceae |  g__uncultured.12","77.90277777777777","0","72","Chloroflexales","0","p__Chloroflexi","0.9962348185072888","false","0","d__Bacteria |  p__Chloroflexi |  c__Chloroflexia | Chloroflexales |  f__Roseiflexaceae |  g__uncultured.12","53856","0.10484896066995664"
"1.9822361546499478","0.0018171804222680394","c__Chloroflexia","0.5044807590933051","0.31435006435006435","112","3","f__Roseiflexaceae","g__uncultured.5","false","d__Bacteria","d__Bacteria |  p__Chloroflexi |  c__Chloroflexia | Chloroflexales |  f__Roseiflexaceae |  g__uncultured.5","106.47321428571429","0","112","Chloroflexales","0","p__Chloroflexi","0.9967795535913115","false","0","d__Bacteria |  p__Chloroflexi |  c__Chloroflexia | Chloroflexales |  f__Roseiflexaceae |  g__uncultured.5","88310","0.12351881007623466"
"2.3375130616509927","1.0812638539963927E-4","c__Dehalococcoidia","0.42780509611086276","0.4774774774774775","37","4","f__S085","g__S085.13","false","d__Bacteria","d__Bacteria |  p__Chloroflexi |  c__Dehalococcoidia | S085 |  f__S085 |  g__S085.13","97.97297297297297","0","37","S085","0","p__Chloroflexi","0.9956147112732754","false","0","d__Bacteria |  p__Chloroflexi |  c__Dehalococcoidia | S085 |  f__S085 |  g__S085.13","5876","0.16328828828828829"
"2.0606060606060606","0.0021668720917447344","c__TK10","0.4852941176470588","0.36976506639427986","89","3","f__TK10","g__TK10.10","false","d__Bacteria","d__Bacteria |  p__Chloroflexi |  c__TK10 | TK10 |  f__TK10 |  g__TK10.10","82.91011235955057","0","89","TK10","0","p__Chloroflexi","0.9965226030799801","false","0","d__Bacteria |  p__Chloroflexi |  c__TK10 | TK10 |  f__TK10 |  g__TK10.10","74272","0.10235816340685254"
"2.1264367816091956","7.683919083992271E-4","c__TK10","0.47027027027027024","0.325","81","3","f__TK10","g__TK10.37","false","d__Bacteria","d__Bacteria |  p__Chloroflexi |  c__TK10 | TK10 |  f__TK10 |  g__TK10.37","106.48148148148148","0","81","TK10","0","p__Chloroflexi","0.9963067646504616","false","0","d__Bacteria |  p__Chloroflexi |  c__TK10 | TK10 |  f__TK10 |  g__TK10.37","34326","0.14103507480990923"
"2.063740856844305","0.0011663608610935172","c__TK10","0.4845569620253165","0.4040552453717308","83","3","f__TK10","g__TK10.65","false","d__Bacteria","d__Bacteria |  p__Chloroflexi |  c__TK10 | TK10 |  f__TK10 |  g__TK10.65","92.62650602409639","0","83","TK10","0","p__Chloroflexi","0.9965123250595268","false","0","d__Bacteria |  p__Chloroflexi |  c__TK10 | TK10 |  f__TK10 |  g__TK10.65","51236","0.11393174172705582"
"2.2476489028213167","3.2515649708822567E-4","c__TK10","0.44490934449093444","0.4879672299027138","63","4","f__TK10","g__TK10.77","false","d__Bacteria","d__Bacteria |  p__Chloroflexi |  c__TK10 | TK10 |  f__TK10 |  g__TK10.77","82.65079365079364","0","63","TK10","0","p__Chloroflexi","0.9959093478596023","false","0","d__Bacteria |  p__Chloroflexi |  c__TK10 | TK10 |  f__TK10 |  g__TK10.77","15576","0.12560910889178367"
"2.1901776384535006","8.322391887568789E-4","c__TK10","0.45658396946564883","0.40362173038229376","71","3","f__TK10","g__TK10.81","false","d__Bacteria","d__Bacteria |  p__Chloroflexi |  c__TK10 | TK10 |  f__TK10 |  g__TK10.81","77.40845070422536","0","71","TK10","0","p__Chloroflexi","0.9960977782345787","false","0","d__Bacteria |  p__Chloroflexi |  c__TK10 | TK10 |  f__TK10 |  g__TK10.81","30124","0.10995518565941101"
"2.1598746081504703","0.001256424457738675",,"0.4629898403483309","0.3071371291098637","87","3",,,"false",,"d__Bacteria |  p__Chloroflexi | 0.976275408 |  |  | ","92.85057471264368","0","87",,"0",,"0.9961971324322936","false","0","d__Bacteria |  p__Chloroflexi | 0.976275408 |  |  | ","44188","0.1294987095015951"
"2.117032392894462","6.890532092425402E-4","c__Gemmatimonadetes","0.4723593287265548","0.33182503770739064","52","3","f__Gemmatimonadaceae","g__Gemmatimonas.6","false","d__Bacteria","d__Bacteria |  p__Gemmatimonadota |  c__Gemmatimonadetes | Gemmatimonadales |  f__Gemmatimonadaceae |  g__Gemmatimonas.6","120.82692307692308","0","52","Gemmatimonadales","0","p__Gemmatimonadota","0.9963375987118214","false","0","d__Bacteria |  p__Gemmatimonadota |  c__Gemmatimonadetes | Gemmatimonadales |  f__Gemmatimonadaceae |  g__Gemmatimonas.6","29448","0.15236686390532544"
"2.1640543364681295","6.28796600578707E-4","c__Polyangia","0.4620956059874457","0.3012009087958455","79","3","f__Blfdi19","g__Blfdi19.1","false","d__Bacteria","d__Bacteria |  p__Myxococcota |  c__Polyangia | Blfdi19 |  f__Blfdi19 |  g__Blfdi19.1","107.0126582278481","0","79","Blfdi19","0","p__Myxococcota","0.9961834284050225","false","0","d__Bacteria |  p__Myxococcota |  c__Polyangia | Blfdi19 |  f__Blfdi19 |  g__Blfdi19.1","23906","0.14842254955318737"
"2.1818181818181817","0.0011834184127621466","c__Polyangia","0.45833333333333337","0.3536487570168404","87","3","f__Phaselicystidaceae","g__Phaselicystis","false","d__Bacteria","d__Bacteria |  p__Myxococcota |  c__Polyangia | Polyangiales |  f__Phaselicystidaceae |  g__Phaselicystis","98.03448275862068","0","87","Polyangiales","0","p__Myxococcota","0.9961251862891207","false","0","d__Bacteria |  p__Myxococcota |  c__Polyangia | Polyangiales |  f__Phaselicystidaceae |  g__Phaselicystis","49122","0.14085414189456996"
"2.0825496342737724","0.0017701712362097708","c__Polyangia","0.48018063221274454","0.31626355296080066","110","3","f__Sandaracinaceae","g__uncultured.1","false","d__Bacteria","d__Bacteria |  p__Myxococcota |  c__Polyangia | Polyangiales |  f__Sandaracinaceae |  g__uncultured.1","114.69090909090909","0","110","Polyangiales","0","p__Myxococcota","0.9964506569368072","false","0","d__Bacteria |  p__Myxococcota |  c__Polyangia | Polyangiales |  f__Sandaracinaceae |  g__uncultured.1","69786","0.1493371212121212"
"2.0020898641588296","0.0018923279789009508","c__Phycisphaerae","0.49947807933194155","0.3347812097812098","112","3","f__Phycisphaeraceae","g__SM1A02.8","false","d__Bacteria","d__Bacteria |  p__Planctomycetota |  c__Phycisphaerae | Phycisphaerales |  f__Phycisphaeraceae |  g__SM1A02.8","127.08928571428571","0","112","Phycisphaerales","0","p__Planctomycetota","0.9967144594617743","false","0","d__Bacteria |  p__Planctomycetota |  c__Phycisphaerae | Phycisphaerales |  f__Phycisphaeraceae |  g__SM1A02.8","88698","0.15075834604304356"
"2.4461859979101357","2.221222227147001E-4","c__Alphaproteobacteria","0.4087996582656984","0.4189189189189189","37","4","f__Acetobacteraceae","g__Roseomonas.1","false","d__Bacteria","d__Bacteria |  p__Proteobacteria |  c__Alphaproteobacteria | Acetobacterales |  f__Acetobacteraceae |  g__Roseomonas.1","60.24324324324324","0","37","Acetobacterales","0","p__Proteobacteria","0.9952584065642289","false","0","d__Bacteria |  p__Proteobacteria |  c__Alphaproteobacteria | Acetobacterales |  f__Acetobacteraceae |  g__Roseomonas.1","7116","0.12072794237122894"
"2.211076280041797","9.421961062146848E-4","c__Alphaproteobacteria","0.4522684310018904","0.3705357142857143","64","3","f__Micropepsaceae","g__uncultured","false","d__Bacteria","d__Bacteria |  p__Proteobacteria |  c__Alphaproteobacteria | Micropepsales |  f__Micropepsaceae |  g__uncultured","86.609375","0","64","Micropepsales","0","p__Proteobacteria","0.9960292580982235","false","0","d__Bacteria |  p__Proteobacteria |  c__Alphaproteobacteria | Micropepsales |  f__Micropepsaceae |  g__uncultured","25926","0.1254981884057971"
"2.2539184952978055","7.079766319766925E-4","c__Alphaproteobacteria","0.4436717663421419","0.33650793650793653","36","3","f__Micropepsaceae","g__uncultured.2","false","d__Bacteria","d__Bacteria |  p__Proteobacteria |  c__Alphaproteobacteria | Micropepsales |  f__Micropepsaceae |  g__uncultured.2","82.52777777777777","0","36","Micropepsales","0","p__Proteobacteria","0.9958887918186957","false","0","d__Bacteria |  p__Proteobacteria |  c__Alphaproteobacteria | Micropepsales |  f__Micropepsaceae |  g__uncultured.2","18912","0.12186115214180207"
"2.2089864158829675","5.433604008671037E-4","c__Alphaproteobacteria","0.45269631031220436","0.39090909090909093","45","3","f__Reyranellaceae","g__Reyranella.5","false","d__Bacteria","d__Bacteria |  p__Proteobacteria |  c__Alphaproteobacteria | Reyranellales |  f__Reyranellaceae |  g__Reyranella.5","75.91111111111111","0","45","Reyranellales","0","p__Proteobacteria","0.9960361101118591","false","0","d__Bacteria |  p__Proteobacteria |  c__Alphaproteobacteria | Reyranellales |  f__Reyranellaceae |  g__Reyranella.5","17230","0.1066167290886392"
"2.0783699059561127","8.593325629089642E-4","c__Alphaproteobacteria","0.48114630467571645","0.3875365141187926","79","3","f__Reyranellaceae","g__uncultured","false","d__Bacteria","d__Bacteria |  p__Proteobacteria |  c__Alphaproteobacteria | Reyranellales |  f__Reyranellaceae |  g__uncultured","120.9113924050633","0","79","Reyranellales","0","p__Proteobacteria","0.9964643609640784","false","0","d__Bacteria |  p__Proteobacteria |  c__Alphaproteobacteria | Reyranellales |  f__Reyranellaceae |  g__uncultured","34950","0.15057458580954333"
"2.258098223615465","5.161080847235313E-4","c__Alphaproteobacteria","0.44285053216103654","0.2901960784313726","51","3","f__Beijerinckiaceae","g__Bosea.1","false","d__Bacteria","d__Bacteria |  p__Proteobacteria |  c__Alphaproteobacteria | Rhizobiales |  f__Beijerinckiaceae |  g__Bosea.1","80.29411764705883","0","51","Rhizobiales","0","p__Proteobacteria","0.9958750877914246","false","0","d__Bacteria |  p__Proteobacteria |  c__Alphaproteobacteria | Rhizobiales |  f__Beijerinckiaceae |  g__Bosea.1","16864","0.12184236365259306"
"2.205851619644723","5.980567834694011E-4","c__Alphaproteobacteria","0.4533396494552345","0.3878942881500426","69","3","f__Rhizobiales_Incertae_Sedis","g__uncultured.2","false","d__Bacteria","d__Bacteria |  p__Proteobacteria |  c__Alphaproteobacteria | Rhizobiales |  f__Rhizobiales_Incertae_Sedis |  g__uncultured.2","93.3623188405797","0","69","Rhizobiales","0","p__Proteobacteria","0.9960463881323125","false","0","d__Bacteria |  p__Proteobacteria |  c__Alphaproteobacteria | Rhizobiales |  f__Rhizobiales_Incertae_Sedis |  g__uncultured.2","24146","0.13511189412529626"
"2.173458725182863","7.226989402011008E-4","c__Gammaproteobacteria","0.4600961538461538","0.333032219211081","82","3","f__A21b","g__A21b.1","false","d__Bacteria","d__Bacteria |  p__Proteobacteria |  c__Gammaproteobacteria | Burkholderiales |  f__A21b |  g__A21b.1","110.65853658536585","0","82","Burkholderiales","0","p__Proteobacteria","0.9961525943436628","false","0","d__Bacteria |  p__Proteobacteria |  c__Gammaproteobacteria | Burkholderiales |  f__A21b |  g__A21b.1","25390","0.15607692043069937"
"1.9968652037617556","0.0021321882301929998","c__Gammaproteobacteria","0.5007849293563579","0.31983385254413293","108","3","f__Comamonadaceae","0.999826075","false","d__Bacteria","d__Bacteria |  p__Proteobacteria |  c__Gammaproteobacteria | Burkholderiales |  f__Comamonadaceae | 0.999826075","125.81481481481481","0","108","Burkholderiales","0","p__Proteobacteria","0.9967315894958632","false","0","d__Bacteria |  p__Proteobacteria |  c__Gammaproteobacteria | Burkholderiales |  f__Comamonadaceae | 0.999826075","95344","0.1476699704399235"
"2.242424242424242","2.9816728159325534E-4","c__Gammaproteobacteria","0.445945945945946","0.39289617486338796","61","3","f__SC-I-84","g__SC-I-84.11","false","d__Bacteria","d__Bacteria |  p__Proteobacteria |  c__Gammaproteobacteria | Burkholderiales |  f__SC-I-84 |  g__SC-I-84.11","115.49180327868852","0","61","Burkholderiales","0","p__Proteobacteria","0.9959264778936909","false","0","d__Bacteria |  p__Proteobacteria |  c__Gammaproteobacteria | Burkholderiales |  f__SC-I-84 |  g__SC-I-84.11","11478","0.17393343867272368"
"2.2351097178683386","5.290285652942763E-4","c__Gammaproteobacteria","0.4474053295932679","0.40466200466200464","66","4","f__Cellvibrionaceae","g__Cellvibrio.3","false","d__Bacteria","d__Bacteria |  p__Proteobacteria |  c__Gammaproteobacteria | Cellvibrionales |  f__Cellvibrionaceae |  g__Cellvibrio.3","75.81818181818181","0","66","Cellvibrionales","0","p__Proteobacteria","0.9959504599414153","false","0","d__Bacteria |  p__Proteobacteria |  c__Gammaproteobacteria | Cellvibrionales |  f__Cellvibrionaceae |  g__Cellvibrio.3","20402","0.11367043750851846"
"2.206896551724138","6.809817386198089E-4","c__Gammaproteobacteria","0.453125","0.3359535201640465","77","4","f__Xanthomonadaceae","g__Arenimonas.2","false","d__Bacteria","d__Bacteria |  p__Proteobacteria |  c__Gammaproteobacteria | Xanthomonadales |  f__Xanthomonadaceae |  g__Arenimonas.2","94.98701298701299","0","77","Xanthomonadales","0","p__Proteobacteria","0.9960429621254947","false","0","d__Bacteria |  p__Proteobacteria |  c__Gammaproteobacteria | Xanthomonadales |  f__Xanthomonadaceae |  g__Arenimonas.2","24012","0.1390732254568272"
"2.03239289446186","0.0012921294814045253","c__Gammaproteobacteria","0.49203084832904886","0.31163144869598325","103","3","f__Xanthomonadaceae","g__Pseudoxanthomonas","false","d__Bacteria","d__Bacteria |  p__Proteobacteria |  c__Gammaproteobacteria | Xanthomonadales |  f__Xanthomonadaceae |  g__Pseudoxanthomonas","104.35922330097087","0","103","Xanthomonadales","0","p__Proteobacteria","0.9966151052640595","false","0","d__Bacteria |  p__Proteobacteria |  c__Gammaproteobacteria | Xanthomonadales |  f__Xanthomonadaceae |  g__Pseudoxanthomonas","54704","0.12680343049935708"
"2.225705329153605","4.5193090809131413E-4","c__Gammaproteobacteria","0.44929577464788734","0.28156748911465895","53","4","f__Xanthomonadaceae","0.998239486","false","d__Bacteria","d__Bacteria |  p__Proteobacteria |  c__Gammaproteobacteria | Xanthomonadales |  f__Xanthomonadaceae | 0.998239486","91.32075471698113","0","53","Xanthomonadales","0","p__Proteobacteria","0.9959812940027751","false","0","d__Bacteria |  p__Proteobacteria |  c__Gammaproteobacteria | Xanthomonadales |  f__Xanthomonadaceae | 0.998239486","16448","0.13254100829750526"
"2.038662486938349","0.0019408325575769236","c__Gammaproteobacteria","0.4905176832393644","0.3604873387482083","92","3","f__Xanthomonadaceae","0.999429038","false","d__Bacteria","d__Bacteria |  p__Proteobacteria |  c__Gammaproteobacteria | Xanthomonadales |  f__Xanthomonadaceae | 0.999429038","126.8695652173913","0","92","Xanthomonadales","0","p__Proteobacteria","0.996594549223153","false","0","d__Bacteria |  p__Proteobacteria |  c__Gammaproteobacteria | Xanthomonadales |  f__Xanthomonadaceae | 0.999429038","75452","0.15356879671544374"
"2.2309299895506793","4.050899014614809E-4","c__Acidobacteriae","0.4482435597189695","0.36152219873150104","44","4","f__Bryobacteraceae","g__Bryobacter","false","d__Bacteria","d__Bacteria |  p__Acidobacteriota |  c__Acidobacteriae | Bryobacterales |  f__Bryobacteraceae |  g__Bryobacter","115.9090909090909","0","44","Bryobacterales","0","p__Acidobacteriota","0.9959641639686863","false","0","d__Bacteria |  p__Acidobacteriota |  c__Acidobacteriae | Bryobacterales |  f__Bryobacteraceae |  g__Bryobacter","14820","0.16725698543880363"
"2.1849529780564265","3.416081081200732E-4","c__Thermoleophilia","0.4576757532281205","0.3937074829931973","49","3","f__Solirubrobacteraceae","g__Solirubrobacter","false","d__Bacteria","d__Bacteria |  p__Actinobacteriota |  c__Thermoleophilia | Solirubrobacterales |  f__Solirubrobacteraceae |  g__Solirubrobacter","112.85714285714286","0","49","Solirubrobacterales","0","p__Actinobacteriota","0.9961149082686676","false","0","d__Bacteria |  p__Actinobacteriota |  c__Thermoleophilia | Solirubrobacterales |  f__Solirubrobacteraceae |  g__Solirubrobacter","13472","0.1543873363298808"
"2.0491118077324972","5.821182987373726E-4","c__Bacteroidia","0.48801631820499747","0.39555669050051073","89","3","f__Flavobacteriaceae","g__Flavobacterium.12","false","d__Bacteria","d__Bacteria |  p__Bacteroidota |  c__Bacteroidia | Flavobacteriales |  f__Flavobacteriaceae |  g__Flavobacterium.12","135.48314606741573","0","89","Flavobacteriales","0","p__Bacteroidota","0.9965602891549754","false","0","d__Bacteria |  p__Bacteroidota |  c__Bacteroidia | Flavobacteriales |  f__Flavobacteriaceae |  g__Flavobacterium.12","29158","0.16502210239636508"
"2.0606060606060606","9.027971628808359E-4","c__Bacteroidia","0.4852941176470588","0.42758620689655175","116","3","f__env.OPS_17","g__env.OPS_17.1","false","d__Bacteria","d__Bacteria |  p__Bacteroidota |  c__Bacteroidia | Sphingobacteriales |  f__env.OPS_17 |  g__env.OPS_17.1","142.75","0","116","Sphingobacteriales","0","p__Bacteroidota","0.9965226030799801","false","0","d__Bacteria |  p__Bacteroidota |  c__Bacteroidia | Sphingobacteriales |  f__env.OPS_17 |  g__env.OPS_17.1","40984","0.18231162196679437"
"2.0741901776384535","0.0011465966823459024","c__Alphaproteobacteria","0.48211586901763226","0.3835616438356164","147","3","f__Caulobacteraceae","g__Brevundimonas.1","false","d__Bacteria","d__Bacteria |  p__Proteobacteria |  c__Alphaproteobacteria | Caulobacterales |  f__Caulobacteraceae |  g__Brevundimonas.1","128.843537414966","0","147","Caulobacterales","0","p__Proteobacteria","0.9964780649913493","false","0","d__Bacteria |  p__Proteobacteria |  c__Alphaproteobacteria | Caulobacterales |  f__Caulobacteraceae |  g__Brevundimonas.1","49270","0.1743484944722138"
"2.4869383490073145","1.6714855270283767E-4","c__Alphaproteobacteria","0.40210084033613447","0.2671957671957672","28","4","f__Xanthobacteraceae","g__uncultured","false","d__Bacteria","d__Bacteria |  p__Proteobacteria |  c__Alphaproteobacteria | Rhizobiales |  f__Xanthobacteraceae |  g__uncultured","58.357142857142854","0","28","Rhizobiales","0","p__Proteobacteria","0.9951247922983367","false","0","d__Bacteria |  p__Proteobacteria |  c__Alphaproteobacteria | Rhizobiales |  f__Xanthobacteraceae |  g__uncultured","3836","0.12363801452784504"
"2.018808777429467","5.487285853832131E-4","c__Alphaproteobacteria","0.4953416149068323","0.5295169946332737","130","3","f__Xanthobacteraceae","g__uncultured.3","false","d__Bacteria","d__Bacteria |  p__Proteobacteria |  c__Alphaproteobacteria | Rhizobiales |  f__Xanthobacteraceae |  g__uncultured.3","151.51538461538462","0","130","Rhizobiales","0","p__Proteobacteria","0.9966596433526903","false","0","d__Bacteria |  p__Proteobacteria |  c__Alphaproteobacteria | Rhizobiales |  f__Xanthobacteraceae |  g__uncultured.3","35480","0.18728724921555576"
"2.2445141065830723","2.6349217171634524E-4","c__Alphaproteobacteria","0.4455307262569832","0.42567287784679086","70","4","f__Sphingomonadaceae","0.999886035","false","d__Bacteria","d__Bacteria |  p__Proteobacteria |  c__Alphaproteobacteria | Sphingomonadales |  f__Sphingomonadaceae | 0.999886035","118.84285714285714","0","70","Sphingomonadales","0","p__Proteobacteria","0.9959196258800554","false","0","d__Bacteria |  p__Proteobacteria |  c__Alphaproteobacteria | Sphingomonadales |  f__Sphingomonadaceae | 0.999886035","10136","0.18143947655398038"
"2.1828631138975965","3.254721450770938E-4","c__Acidobacteriae","0.45811393011010054","0.3995337995337995","66","3","f__Bryobacteraceae","g__Bryobacter.1","false","d__Bacteria","d__Bacteria |  p__Acidobacteriota |  c__Acidobacteriae | Bryobacterales |  f__Bryobacteraceae |  g__Bryobacter.1","128.33333333333334","0","66","Bryobacterales","0","p__Acidobacteriota","0.9961217602823029","false","0","d__Bacteria |  p__Acidobacteriota |  c__Acidobacteriae | Bryobacterales |  f__Bryobacteraceae |  g__Bryobacter.1","13782","0.1792364990689013"
"2.1912225705329154","3.5159789599873423E-4","c__Actinobacteria","0.4563662374821173","0.41642323920804936","79","3","f__Geodermatophilaceae","g__Blastococcus.2","false","d__Bacteria","d__Bacteria |  p__Actinobacteriota |  c__Actinobacteria | Frankiales |  f__Geodermatophilaceae |  g__Blastococcus.2","133.8987341772152","0","79","Frankiales","0","p__Actinobacteriota","0.9960943522277609","false","0","d__Bacteria |  p__Actinobacteriota |  c__Actinobacteria | Frankiales |  f__Geodermatophilaceae |  g__Blastococcus.2","16582","0.1926600491758492"
"2.322884012539185","2.253034915484544E-4","c__Dehalococcoidia","0.43049932523616735","0.3902040816326531","50","4","f__S085","g__S085.3","false","d__Bacteria","d__Bacteria |  p__Chloroflexi |  c__Dehalococcoidia | S085 |  f__S085 |  g__S085.3","98.44","0","50","S085","0","p__Chloroflexi","0.995662675368724","false","0","d__Bacteria |  p__Chloroflexi |  c__Dehalococcoidia | S085 |  f__S085 |  g__S085.3","6690","0.1627107438016529"
"2.1640543364681295","3.328712454855114E-4","c__TK10","0.4620956059874457","0.46320109439124485","86","3","f__TK10","g__TK10.15","false","d__Bacteria","d__Bacteria |  p__Chloroflexi |  c__TK10 | TK10 |  f__TK10 |  g__TK10.15","142.3372093023256","0","86","TK10","0","p__Chloroflexi","0.9961834284050225","false","0","d__Bacteria |  p__Chloroflexi |  c__TK10 | TK10 |  f__TK10 |  g__TK10.15","15880","0.19935183375675852"
"2.0417972831765936","7.566616286069033E-4","c__TK10","0.48976458546571133","0.45701454234388367","168","3","f__TK10","g__TK10.2","false","d__Bacteria","d__Bacteria |  p__Chloroflexi |  c__TK10 | TK10 |  f__TK10 |  g__TK10.2","142.32738095238096","0","168","TK10","0","p__Chloroflexi","0.9965842712026997","false","0","d__Bacteria |  p__Chloroflexi |  c__TK10 | TK10 |  f__TK10 |  g__TK10.2","42108","0.19002320554389981"
"1.9853709508881923","0.002349747487549173","c__Alphaproteobacteria","0.5036842105263158","0.30407158836689036","150","3","f__Sphingomonadaceae","g__Sphingomonas.20","false","d__Bacteria","d__Bacteria |  p__Proteobacteria |  c__Alphaproteobacteria | Sphingomonadales |  f__Sphingomonadaceae |  g__Sphingomonas.20","120.63333333333334","0","150","Sphingomonadales","0","p__Proteobacteria","0.9967692755708584","false","0","d__Bacteria |  p__Proteobacteria |  c__Alphaproteobacteria | Sphingomonadales |  f__Sphingomonadaceae |  g__Sphingomonas.20","86102","0.14693463256191636"
"2.1044932079414838","0.0010090777821926298","c__Acidobacteriae","0.47517378351539225","0.40594059405940597","102","3","f__Bryobacteraceae","g__Bryobacter.11","false","d__Bacteria","d__Bacteria |  p__Acidobacteriota |  c__Acidobacteriae | Bryobacterales |  f__Bryobacteraceae |  g__Bryobacter.11","132.07843137254903","0","102","Bryobacterales","0","p__Acidobacteriota","0.9963787107936346","false","0","d__Bacteria |  p__Acidobacteriota |  c__Acidobacteriae | Bryobacterales |  f__Bryobacteraceae |  g__Bryobacter.11","43240","0.17493831969874044"
"1.9644723092998955","0.001800665579931382","c__Holophagae","0.5090425531914894","0.4841092489137182","180","3","f__Subgroup_7","g__Subgroup_7.8","false","d__Bacteria","d__Bacteria |  p__Acidobacteriota |  c__Holophagae | Subgroup_7 |  f__Subgroup_7 |  g__Subgroup_7.8","149.8111111111111","0","180","Subgroup_7","0","p__Acidobacteriota","0.9968377957072135","false","0","d__Bacteria |  p__Acidobacteriota |  c__Holophagae | Subgroup_7 |  f__Subgroup_7 |  g__Subgroup_7.8","89062","0.18472393478558707"
"1.9268547544409613","0.0018113250434329594","c__Acidimicrobiia","0.5189804772234273","0.4104716768223877","211","3","f__Ilumatobacteraceae","g__Ilumatobacter.1","false","d__Bacteria","d__Bacteria |  p__Actinobacteriota |  c__Acidimicrobiia | Microtrichales |  f__Ilumatobacteraceae |  g__Ilumatobacter.1","141.32701421800948","0","211","Microtrichales","0","p__Actinobacteriota","0.9969611319526526","false","0","d__Bacteria |  p__Actinobacteriota |  c__Acidimicrobiia | Microtrichales |  f__Ilumatobacteraceae |  g__Ilumatobacter.1","95702","0.1731948703652077"
"2.1044932079414838","7.972763749613252E-4","c__Actinobacteria","0.47517378351539225","0.42779251399941054","117","3","f__Nocardiaceae","g__Williamsia","false","d__Bacteria","d__Bacteria |  p__Actinobacteriota |  c__Actinobacteria | Corynebacteriales |  f__Nocardiaceae |  g__Williamsia","131.27350427350427","0","117","Corynebacteriales","0","p__Actinobacteriota","0.9963787107936346","false","0","d__Bacteria |  p__Actinobacteriota |  c__Actinobacteria | Corynebacteriales |  f__Nocardiaceae |  g__Williamsia","32342","0.1773966273966274"
"2.0104493207941485","0.0011961307537438502","c__Actinobacteria","0.49740124740124736","0.38260467268100856","132","3","f__Pseudonocardiaceae","g__Lechevalieria","false","d__Bacteria","d__Bacteria |  p__Actinobacteriota |  c__Actinobacteria | Pseudonocardiales |  f__Pseudonocardiaceae |  g__Lechevalieria","135.41666666666666","0","132","Pseudonocardiales","0","p__Actinobacteriota","0.9966870514072323","false","0","d__Bacteria |  p__Actinobacteriota |  c__Actinobacteria | Pseudonocardiales |  f__Pseudonocardiaceae |  g__Lechevalieria","54602","0.1661554192229039"
"2.0073145245559036","0.0011046978581069115","c__MB-A2-108","0.4981780322748569","0.4318127821335234","184","3","f__MB-A2-108","g__MB-A2-108.1","false","d__Bacteria","d__Bacteria |  p__Actinobacteriota |  c__MB-A2-108 | MB-A2-108 |  f__MB-A2-108 |  g__MB-A2-108.1","142.2445652173913","0","184","MB-A2-108","0","p__Actinobacteriota","0.9966973294276855","false","0","d__Bacteria |  p__Actinobacteriota |  c__MB-A2-108 | MB-A2-108 |  f__MB-A2-108 |  g__MB-A2-108.1","56484","0.1856978658190487"
"1.9979101358411704","0.001802588685394366","c__Thermoleophilia","0.5005230125523012","0.42819237147595357","135","3","f__Gaiellaceae","g__Gaiella.5","false","d__Bacteria","d__Bacteria |  p__Actinobacteriota |  c__Thermoleophilia | Gaiellales |  f__Gaiellaceae |  g__Gaiella.5","139.57777777777778","0","135","Gaiellales","0","p__Actinobacteriota","0.9967281634890454","false","0","d__Bacteria |  p__Actinobacteriota |  c__Thermoleophilia | Gaiellales |  f__Gaiellaceae |  g__Gaiella.5","87576","0.16939050701186623"
"2.152560083594566","3.3171967942961886E-4","c__Thermoleophilia","0.46456310679611657","0.43003064351378956","89","3","f__Solirubrobacteraceae","g__Solirubrobacter.4","false","d__Bacteria","d__Bacteria |  p__Actinobacteriota |  c__Thermoleophilia | Solirubrobacterales |  f__Solirubrobacteraceae |  g__Solirubrobacter.4","137.48314606741573","0","89","Solirubrobacterales","0","p__Actinobacteriota","0.9962211144800178","false","0","d__Bacteria |  p__Actinobacteriota |  c__Thermoleophilia | Solirubrobacterales |  f__Solirubrobacteraceae |  g__Solirubrobacter.4","16050","0.19041986989946777"
"2.1368861024033436","6.470934690875131E-4","c__Armatimonadia","0.4679706601466993","0.3714859437751004","84","3","f__Armatimonadales","g__Armatimonadales.3","false","d__Bacteria","d__Bacteria |  p__Armatimonadota |  c__Armatimonadia | Armatimonadales |  f__Armatimonadales |  g__Armatimonadales.3","126.57142857142857","0","84","Armatimonadales","0","p__Armatimonadota","0.996272504582284","false","0","d__Bacteria |  p__Armatimonadota |  c__Armatimonadia | Armatimonadales |  f__Armatimonadales |  g__Armatimonadales.3","25946","0.1705814401232191"
"2.0731452455590387","7.080217898790871E-4","c__Bacteroidia","0.48235887096774194","0.3859191655801825","118","3","f__Saprospiraceae","g__uncultured.1","false","d__Bacteria","d__Bacteria |  p__Bacteroidota |  c__Bacteroidia | Chitinophagales |  f__Saprospiraceae |  g__uncultured.1","130.88983050847457","0","118","Chitinophagales","0","p__Bacteroidota","0.9964814909981671","false","0","d__Bacteria |  p__Bacteroidota |  c__Bacteroidia | Chitinophagales |  f__Saprospiraceae |  g__uncultured.1","32074","0.17020784201362105"
"2.0041797283176592","0.0018638001317472733","c__Chloroflexia","0.49895724713242967","0.2878787878787879","88","3","f__Roseiflexaceae","g__uncultured.14","false","d__Bacteria","d__Bacteria |  p__Chloroflexi |  c__Chloroflexia | Chloroflexales |  f__Roseiflexaceae |  g__uncultured.14","110.20454545454545","0","88","Chloroflexales","0","p__Chloroflexi","0.9967076074481389","false","0","d__Bacteria |  p__Chloroflexi |  c__Chloroflexia | Chloroflexales |  f__Roseiflexaceae |  g__uncultured.14","80106","0.12740409879138204"
"2.0250783699059562","0.0015106857289115293","c__Chloroflexia","0.4938080495356037","0.36563812834999276","118","3","f__Roseiflexaceae","g__uncultured.18","false","d__Bacteria","d__Bacteria |  p__Chloroflexi |  c__Chloroflexia | Chloroflexales |  f__Roseiflexaceae |  g__uncultured.18","123.96610169491525","0","118","Chloroflexales","0","p__Chloroflexi","0.9966390873117837","false","0","d__Bacteria |  p__Chloroflexi |  c__Chloroflexia | Chloroflexales |  f__Roseiflexaceae |  g__uncultured.18","67538","0.15210564625142975"
"2.0292580982236155","0.001620438881188064","c__Dehalococcoidia","0.49279093717816685","0.4547301587301587","126","3","f__S085","g__S085.11","false","d__Bacteria","d__Bacteria |  p__Chloroflexi |  c__Dehalococcoidia | S085 |  f__S085 |  g__S085.11","138.31746031746033","0","126","S085","0","p__Chloroflexi","0.9966253832845127","false","0","d__Bacteria |  p__Chloroflexi |  c__Dehalococcoidia | S085 |  f__S085 |  g__S085.11","64490","0.17245576534853344"
"2.1327063740856844","6.708250909141779E-4","c__Ktedonobacteria","0.4688878000979912","0.43138407287687336","83","3","f__C0119","g__C0119.8","false","d__Bacteria","d__Bacteria |  p__Chloroflexi |  c__Ktedonobacteria | C0119 |  f__C0119 |  g__C0119.8","127.49397590361446","0","83","C0119","0","p__Chloroflexi","0.9962862086095552","false","0","d__Bacteria |  p__Chloroflexi |  c__Ktedonobacteria | C0119 |  f__C0119 |  g__C0119.8","28204","0.1706746665376365"
"1.9905956112852665","0.002006600731551054","c__TK10","0.5023622047244094","0.4124668435013263","117","3","f__TK10","g__TK10.104","false","d__Bacteria","d__Bacteria |  p__Chloroflexi |  c__TK10 | TK10 |  f__TK10 |  g__TK10.104","134.39316239316238","0","117","TK10","0","p__Chloroflexi","0.9967521455367697","false","0","d__Bacteria |  p__Chloroflexi |  c__TK10 | TK10 |  f__TK10 |  g__TK10.104","94818","0.158295833207494"
"2.1149425287356323","5.425676849149436E-4","c__TK10","0.47282608695652173","0.45888634630053393","115","3","f__TK10","g__TK10.128","false","d__Bacteria","d__Bacteria |  p__Chloroflexi |  c__TK10 | TK10 |  f__TK10 |  g__TK10.128","141.2608695652174","0","115","TK10","0","p__Chloroflexi","0.996344450725457","false","0","d__Bacteria |  p__Chloroflexi |  c__TK10 | TK10 |  f__TK10 |  g__TK10.128","25608","0.19297933000712758"
"1.966562173458725","0.0011155918666613243","c__TK10","0.5085015940488842","0.47920927062031354","163","3","f__TK10","g__TK10.25","false","d__Bacteria","d__Bacteria |  p__Chloroflexi |  c__TK10 | TK10 |  f__TK10 |  g__TK10.25","146.159509202454","0","163","TK10","0","p__Chloroflexi","0.9968309436935779","false","0","d__Bacteria |  p__Chloroflexi |  c__TK10 | TK10 |  f__TK10 |  g__TK10.25","66212","0.17694855835648182"
"2.050156739811912","0.0011418933845301518","c__Gemmatimonadetes","0.48776758409785936","0.47614513910927747","138","3","f__Gemmatimonadaceae","g__Gemmatimonas.5","false","d__Bacteria","d__Bacteria |  p__Gemmatimonadota |  c__Gemmatimonadetes | Gemmatimonadales |  f__Gemmatimonadaceae |  g__Gemmatimonas.5","144.7391304347826","0","138","Gemmatimonadales","0","p__Gemmatimonadota","0.9965568631481576","false","0","d__Bacteria |  p__Gemmatimonadota |  c__Gemmatimonadetes | Gemmatimonadales |  f__Gemmatimonadaceae |  g__Gemmatimonas.5","54594","0.1877290926521175"
"2.017763845350052","0.001323132877275473","c__Polyangia","0.4955981356809943","0.41218553459119495","160","3","f__Haliangiaceae","g__Haliangium.1","false","d__Bacteria","d__Bacteria |  p__Myxococcota |  c__Polyangia | Haliangiales |  f__Haliangiaceae |  g__Haliangium.1","137.35","0","160","Haliangiales","0","p__Myxococcota","0.9966630693595081","false","0","d__Bacteria |  p__Myxococcota |  c__Polyangia | Haliangiales |  f__Haliangiaceae |  g__Haliangium.1","61174","0.17608974358974358"
"2.19435736677116","3.5619511314732616E-4","c__Nitrospiria","0.45571428571428574","0.4524605828953655","92","3","f__Nitrospiraceae","g__Nitrospira.1","false","d__Bacteria","d__Bacteria |  p__Nitrospirota |  c__Nitrospiria | Nitrospirales |  f__Nitrospiraceae |  g__Nitrospira.1","133.65217391304347","0","92","Nitrospirales","0","p__Nitrospirota","0.9960840742073077","false","0","d__Bacteria |  p__Nitrospirota |  c__Nitrospiria | Nitrospirales |  f__Nitrospiraceae |  g__Nitrospira.1","14882","0.19683678043158098"
"1.8307210031347962","0.005432095464961882","c__Phycisphaerae","0.5462328767123288","0.35774833764783515","199","3","f__Phycisphaeraceae","g__SM1A02.10","false","d__Bacteria","d__Bacteria |  p__Planctomycetota |  c__Phycisphaerae | Phycisphaerales |  f__Phycisphaeraceae |  g__SM1A02.10","138.53266331658293","0","199","Phycisphaerales","0","p__Planctomycetota","0.9972763245798859","false","0","d__Bacteria |  p__Planctomycetota |  c__Phycisphaerae | Phycisphaerales |  f__Phycisphaeraceae |  g__SM1A02.10","297844","0.150578981865851"
"1.9916405433646813","7.517153466150889E-4","c__Phycisphaerae","0.5020986358866737","0.4661828520125692","164","3","f__Phycisphaeraceae","g__SM1A02.6","false","d__Bacteria","d__Bacteria |  p__Planctomycetota |  c__Phycisphaerae | Phycisphaerales |  f__Phycisphaeraceae |  g__SM1A02.6","146.58536585365854","0","164","Phycisphaerales","0","p__Planctomycetota","0.9967487195299519","false","0","d__Bacteria |  p__Planctomycetota |  c__Phycisphaerae | Phycisphaerales |  f__Phycisphaeraceae |  g__SM1A02.6","46416","0.18300295362504188"
"2.19226750261233","2.612437984689387E-4","c__Alphaproteobacteria","0.4561487130600572","0.3867494824016563","70","3","f__Caulobacteraceae","g__Asticcacaulis","false","d__Bacteria","d__Bacteria |  p__Proteobacteria |  c__Alphaproteobacteria | Caulobacterales |  f__Caulobacteraceae |  g__Asticcacaulis","122.05714285714286","0","70","Caulobacterales","0","p__Proteobacteria","0.9960909262209432","false","0","d__Bacteria |  p__Proteobacteria |  c__Alphaproteobacteria | Caulobacterales |  f__Caulobacteraceae |  g__Asticcacaulis","11084","0.17362324730745785"
"2.12957157784744","5.572072411102082E-4","c__Alphaproteobacteria","0.46957801766437685","0.47812097812097815","112","3","f__Reyranellaceae","g__Reyranella.2","false","d__Bacteria","d__Bacteria |  p__Proteobacteria |  c__Alphaproteobacteria | Reyranellales |  f__Reyranellaceae |  g__Reyranella.2","135.94642857142858","0","112","Reyranellales","0","p__Proteobacteria","0.9962964866300084","false","0","d__Bacteria |  p__Proteobacteria |  c__Alphaproteobacteria | Reyranellales |  f__Reyranellaceae |  g__Reyranella.2","29646","0.1885526055082227"
"2.277951933124347","1.9340984602082863E-4","c__Alphaproteobacteria","0.4389908256880734","0.4412191582002903","53","4","f__Reyranellaceae","g__Reyranella.3","false","d__Bacteria","d__Bacteria |  p__Proteobacteria |  c__Alphaproteobacteria | Reyranellales |  f__Reyranellaceae |  g__Reyranella.3","108.28301886792453","0","53","Reyranellales","0","p__Proteobacteria","0.9958099936618873","false","0","d__Bacteria |  p__Proteobacteria |  c__Alphaproteobacteria | Reyranellales |  f__Reyranellaceae |  g__Reyranella.3","9632","0.16866513842355846"
"2.039707419017764","8.849391958523112E-4","c__Alphaproteobacteria","0.4902663934426229","0.4410334346504559","141","3","f__Reyranellaceae","g__uncultured.1","false","d__Bacteria","d__Bacteria |  p__Proteobacteria |  c__Alphaproteobacteria | Reyranellales |  f__Reyranellaceae |  g__uncultured.1","140.36879432624113","0","141","Reyranellales","0","p__Proteobacteria","0.9965911232163353","false","0","d__Bacteria |  p__Proteobacteria |  c__Alphaproteobacteria | Reyranellales |  f__Reyranellaceae |  g__uncultured.1","43016","0.18042261481521996"
"2.121212121212121","5.189617780544943E-4","c__Alphaproteobacteria","0.4714285714285715","0.43390545016561277","82","3","f__Beijerinckiaceae","0.801181388","false","d__Bacteria","d__Bacteria |  p__Proteobacteria |  c__Alphaproteobacteria | Rhizobiales |  f__Beijerinckiaceae | 0.801181388","137.47560975609755","0","82","Rhizobiales","0","p__Proteobacteria","0.9963238946845504","false","0","d__Bacteria |  p__Proteobacteria |  c__Alphaproteobacteria | Rhizobiales |  f__Beijerinckiaceae | 0.801181388","23916","0.1811272855811562"
"2.0815047021943576","0.0015270334299849653","c__Alphaproteobacteria","0.48042168674698793","0.355120426548998","148","3","f__Methyloligellaceae","g__uncultured","false","d__Bacteria","d__Bacteria |  p__Proteobacteria |  c__Alphaproteobacteria | Rhizobiales |  f__Methyloligellaceae |  g__uncultured","126.10135135135135","0","148","Rhizobiales","0","p__Proteobacteria","0.996454082943625","false","0","d__Bacteria |  p__Proteobacteria |  c__Alphaproteobacteria | Rhizobiales |  f__Methyloligellaceae |  g__uncultured","63718","0.17250526860649978"
"2.121212121212121","7.720481619999667E-4","c__Alphaproteobacteria","0.4714285714285715","0.3892543859649123","96","4","f__Xanthobacteraceae","g__Bradyrhizobium.3","false","d__Bacteria","d__Bacteria |  p__Proteobacteria |  c__Alphaproteobacteria | Rhizobiales |  f__Xanthobacteraceae |  g__Bradyrhizobium.3","135.47916666666666","0","96","Rhizobiales","0","p__Proteobacteria","0.9963238946845504","false","0","d__Bacteria |  p__Proteobacteria |  c__Alphaproteobacteria | Rhizobiales |  f__Xanthobacteraceae |  g__Bradyrhizobium.3","32588","0.1816074620196604"
"2.0815047021943576","7.601651203662704E-4","c__Alphaproteobacteria","0.48042168674698793","0.45017482517482516","144","3","f__Sphingomonadaceae","g__Sphingomonas.15","false","d__Bacteria","d__Bacteria |  p__Proteobacteria |  c__Alphaproteobacteria | Sphingomonadales |  f__Sphingomonadaceae |  g__Sphingomonas.15","142.02083333333334","0","144","Sphingomonadales","0","p__Proteobacteria","0.996454082943625","false","0","d__Bacteria |  p__Proteobacteria |  c__Alphaproteobacteria | Sphingomonadales |  f__Sphingomonadaceae |  g__Sphingomonas.15","35512","0.19322562358276643"
"2.0929989550679204","7.97358257458443E-4","c__Alphaproteobacteria","0.47778332501248133","0.4237459319941645","134","3","f__Sphingomonadaceae","g__Sphingomonas.32","false","d__Bacteria","d__Bacteria |  p__Proteobacteria |  c__Alphaproteobacteria | Sphingomonadales |  f__Sphingomonadaceae |  g__Sphingomonas.32","137.78358208955223","0","134","Sphingomonadales","0","p__Proteobacteria","0.9964163968686298","false","0","d__Bacteria |  p__Proteobacteria |  c__Alphaproteobacteria | Sphingomonadales |  f__Sphingomonadaceae |  g__Sphingomonas.32","35854","0.18771605189312293"
"2.063740856844305","9.359564555872889E-4",,"0.4845569620253165","0.39139723686084604","119","3",,,"false",,"d__Bacteria |  p__Proteobacteria |  c__Gammaproteobacteria | 0.999996141 |  | ","134.890756302521","0","119",,"0",,"0.9965123250595268","false","0","d__Bacteria |  p__Proteobacteria |  c__Gammaproteobacteria | 0.999996141 |  | ","41266","0.1736045769659215"
"2.090909090909091","7.026610409106113E-4","c__Gammaproteobacteria","0.4782608695652174","0.4283272283272283","91","3","f__Methylophilaceae","g__Methylotenera.1","false","d__Bacteria","d__Bacteria |  p__Proteobacteria |  c__Gammaproteobacteria | Burkholderiales |  f__Methylophilaceae |  g__Methylotenera.1","129.8131868131868","0","91","Burkholderiales","0","p__Proteobacteria","0.9964232488822654","false","0","d__Bacteria |  p__Proteobacteria |  c__Gammaproteobacteria | Burkholderiales |  f__Methylophilaceae |  g__Methylotenera.1","33558","0.16664080463823724"
"2.0156739811912225","0.0011409355580089976","c__Gammaproteobacteria","0.49611197511664074","0.3866566716641679","116","3","f__Nitrosomonadaceae","g__Ellin6067.3","false","d__Bacteria","d__Bacteria |  p__Proteobacteria |  c__Gammaproteobacteria | Burkholderiales |  f__Nitrosomonadaceae |  g__Ellin6067.3","130.16379310344828","0","116","Burkholderiales","0","p__Proteobacteria","0.9966699213731435","false","0","d__Bacteria |  p__Proteobacteria |  c__Gammaproteobacteria | Burkholderiales |  f__Nitrosomonadaceae |  g__Ellin6067.3","58330","0.157583284628872"
"1.980146290491118","0.0010411252116886258","c__Gammaproteobacteria","0.5050131926121372","0.43729515266517166","187","3","f__Nitrosomonadaceae","g__MND1.1","false","d__Bacteria","d__Bacteria |  p__Proteobacteria |  c__Gammaproteobacteria | Burkholderiales |  f__Nitrosomonadaceae |  g__MND1.1","146.03208556149733","0","187","Burkholderiales","0","p__Proteobacteria","0.9967864056049471","false","0","d__Bacteria |  p__Proteobacteria |  c__Gammaproteobacteria | Burkholderiales |  f__Nitrosomonadaceae |  g__MND1.1","60098","0.1850850260601994"
"2.0961337513061653","7.412306068369079E-4","c__Gammaproteobacteria","0.4770687936191425","0.45192509993688196","98","3","f__Nitrosomonadaceae","g__MND1.2","false","d__Bacteria","d__Bacteria |  p__Proteobacteria |  c__Gammaproteobacteria | Burkholderiales |  f__Nitrosomonadaceae |  g__MND1.2","131.37755102040816","0","98","Burkholderiales","0","p__Proteobacteria","0.9964061188481764","false","0","d__Bacteria |  p__Proteobacteria |  c__Gammaproteobacteria | Burkholderiales |  f__Nitrosomonadaceae |  g__MND1.2","37526","0.17128755022217493"
"2.2236154649947752","3.2067366468924873E-4","c__Gammaproteobacteria","0.44971804511278196","0.31567489114658925","53","4","f__Oxalobacteraceae","g__Massilia.7","false","d__Bacteria","d__Bacteria |  p__Proteobacteria |  c__Gammaproteobacteria | Burkholderiales |  f__Oxalobacteraceae |  g__Massilia.7","108.43396226415095","0","53","Burkholderiales","0","p__Proteobacteria","0.9959881460164105","false","0","d__Bacteria |  p__Proteobacteria |  c__Gammaproteobacteria | Burkholderiales |  f__Oxalobacteraceae |  g__Massilia.7","12112","0.15692324495535592"
"2.1494252873563218","4.425533369891716E-4","c__Gammaproteobacteria","0.46524064171123","0.44505050505050503","100","3","f__SC-I-84","g__SC-I-84.19","false","d__Bacteria","d__Bacteria |  p__Proteobacteria |  c__Gammaproteobacteria | Burkholderiales |  f__SC-I-84 |  g__SC-I-84.19","136.79","0","100","Burkholderiales","0","p__Proteobacteria","0.996231392500471","false","0","d__Bacteria |  p__Proteobacteria |  c__Gammaproteobacteria | Burkholderiales |  f__SC-I-84 |  g__SC-I-84.19","21552","0.1915826330532213"
"2.001044932079415","7.46153187358379E-4","c__Gammaproteobacteria","0.49973890339425586","0.5061919504643962","153","3","f__SC-I-84","g__SC-I-84.6","false","d__Bacteria","d__Bacteria |  p__Proteobacteria |  c__Gammaproteobacteria | Burkholderiales |  f__SC-I-84 |  g__SC-I-84.6","148.80392156862746","0","153","Burkholderiales","0","p__Proteobacteria","0.9967178854685921","false","0","d__Bacteria |  p__Proteobacteria |  c__Gammaproteobacteria | Burkholderiales |  f__SC-I-84 |  g__SC-I-84.6","46590","0.18530998950015873"
"2.1598746081504703","6.545551034674843E-4",,"0.4629898403483309","0.35579415031469824","74","3",,,"false",,"d__Bacteria |  p__Proteobacteria |  c__Gammaproteobacteria | Xanthomonadales | 0.99991085 | ","117.47297297297297","0","74",,"0",,"0.9961971324322936","false","0","d__Bacteria |  p__Proteobacteria |  c__Gammaproteobacteria | Xanthomonadales | 0.99991085 | ","28294","0.16092188078489447"
"1.9519331243469173","0.0016282430964304096","c__Acidobacteriae","0.5123126338329764","0.409999203885041","159","3","f__Bryobacteraceae","g__Bryobacter.14","false","d__Bacteria","d__Bacteria |  p__Acidobacteriota |  c__Acidobacteriae | Bryobacterales |  f__Bryobacteraceae |  g__Bryobacter.14","143.11320754716982","0","159","Bryobacterales","0","p__Acidobacteriota","0.9968789077890265","false","0","d__Bacteria |  p__Acidobacteriota |  c__Acidobacteriae | Bryobacterales |  f__Bryobacteraceae |  g__Bryobacter.14","84192","0.16956541178574622"
"1.9404388714733543","0.0017007363779351684","c__Acidobacteriae","0.5153473344103392","0.3925925925925926","190","3","f__Bryobacteraceae","g__Bryobacter.4","false","d__Bacteria","d__Bacteria |  p__Acidobacteriota |  c__Acidobacteriae | Bryobacterales |  f__Bryobacteraceae |  g__Bryobacter.4","142.09473684210528","0","190","Bryobacterales","0","p__Acidobacteriota","0.9969165938640218","false","0","d__Bacteria |  p__Acidobacteriota |  c__Acidobacteriae | Bryobacterales |  f__Bryobacteraceae |  g__Bryobacter.4","88512","0.17244506898313747"
"1.903866248693835","0.005067108349173553","c__Thermoanaerobaculia","0.5252469813391877","0.30757575757575756","121","3","f__Thermoanaerobaculaceae","g__Subgroup_10","false","d__Bacteria","d__Bacteria |  p__Acidobacteriota |  c__Thermoanaerobaculia | Thermoanaerobaculales |  f__Thermoanaerobaculaceae |  g__Subgroup_10","126.47933884297521","0","121","Thermoanaerobaculales","0","p__Acidobacteriota","0.9970365041026432","false","0","d__Bacteria |  p__Acidobacteriota |  c__Thermoanaerobaculia | Thermoanaerobaculales |  f__Thermoanaerobaculaceae |  g__Subgroup_10","229342","0.13629239099458534"
"2.265412748171369","7.897873425182862E-4","c__Acidimicrobiia","0.44142066420664205","0.3438155136268344","54","3","f__IMCC26256","g__IMCC26256.2","false","d__Bacteria","d__Bacteria |  p__Actinobacteriota |  c__Acidimicrobiia | IMCC26256 |  f__IMCC26256 |  g__IMCC26256.2","88.68518518518519","0","54","IMCC26256","0","p__Actinobacteriota","0.9958511057437005","false","0","d__Bacteria |  p__Actinobacteriota |  c__Acidimicrobiia | IMCC26256 |  f__IMCC26256 |  g__IMCC26256.2","20606","0.1366489756320265"
"2.0219435736677114","0.0015367440737447666",,"0.49457364341085275","0.36775388121350233","119","3",,,"false",,"d__Bacteria |  p__Actinobacteriota |  c__Acidimicrobiia | Microtrichales | 0.916385765 | ","125.00840336134453","0","119",,"0",,"0.9966493653322369","false","0","d__Bacteria |  p__Actinobacteriota |  c__Acidimicrobiia | Microtrichales | 0.916385765 | ","64540","0.1530090616417926"
"2.005224660397074","8.636479896089277E-4","c__Actinobacteria","0.49869723814486716","0.45690791538509823","179","3","f__Sporichthyaceae","g__uncultured","false","d__Bacteria","d__Bacteria |  p__Actinobacteriota |  c__Actinobacteria | Frankiales |  f__Sporichthyaceae |  g__uncultured","148.94972067039106","0","179","Frankiales","0","p__Actinobacteriota","0.9967041814413211","false","0","d__Bacteria |  p__Actinobacteriota |  c__Actinobacteria | Frankiales |  f__Sporichthyaceae |  g__uncultured","50500","0.1926904536486301"
"1.896551724137931","0.002503600785658394","c__Actinobacteria","0.5272727272727272","0.42139466958744065","166","3","f__Microbacteriaceae","g__Agromyces.2","false","d__Bacteria","d__Bacteria |  p__Actinobacteriota |  c__Actinobacteria | Micrococcales |  f__Microbacteriaceae |  g__Agromyces.2","142.4578313253012","0","166","Micrococcales","0","p__Actinobacteriota","0.9970604861503675","false","0","d__Bacteria |  p__Actinobacteriota |  c__Actinobacteria | Micrococcales |  f__Microbacteriaceae |  g__Agromyces.2","140534","0.16006497901719235"
"1.9811912225705328","0.0014640124821453824","c__Actinobacteria","0.504746835443038","0.459150082298369","164","3","f__Microbacteriaceae","g__Agromyces.3","false","d__Bacteria","d__Bacteria |  p__Actinobacteriota |  c__Actinobacteria | Micrococcales |  f__Microbacteriaceae |  g__Agromyces.3","144.33536585365854","0","164","Micrococcales","0","p__Actinobacteriota","0.9967829795981293","false","0","d__Bacteria |  p__Actinobacteriota |  c__Actinobacteria | Micrococcales |  f__Microbacteriaceae |  g__Agromyces.3","82304","0.17797209106493037"
"2.045977011494253","7.949916807087081E-4","c__Actinobacteria","0.48876404494382025","0.47960498067840274","137","3","f__Nocardioidaceae","g__Nocardioides.12","false","d__Bacteria","d__Bacteria |  p__Actinobacteriota |  c__Actinobacteria | Propionibacteriales |  f__Nocardioidaceae |  g__Nocardioides.12","150.3941605839416","0","137","Propionibacteriales","0","p__Actinobacteriota","0.9965705671754287","false","0","d__Bacteria |  p__Actinobacteriota |  c__Actinobacteria | Propionibacteriales |  f__Nocardioidaceae |  g__Nocardioides.12","43108","0.1938069079689969"
"1.9926854754440961","0.001262896641971836","c__Bacteroidia","0.5018353434714211","0.5026819923371647","145","3","f__Hymenobacteraceae","g__Adhaeribacter.6","false","d__Bacteria","d__Bacteria |  p__Bacteroidota |  c__Bacteroidia | Cytophagales |  f__Hymenobacteraceae |  g__Adhaeribacter.6","150.6344827586207","0","145","Cytophagales","0","p__Bacteroidota","0.9967452935231341","false","0","d__Bacteria |  p__Bacteroidota |  c__Bacteroidia | Cytophagales |  f__Hymenobacteraceae |  g__Adhaeribacter.6","80332","0.18392488737316323"
"1.9498432601880877","0.0028573692246952644","c__Chloroflexia","0.5128617363344051","0.33372692142550453","137","3","f__Roseiflexaceae","g__uncultured.11","false","d__Bacteria","d__Bacteria |  p__Chloroflexi |  c__Chloroflexia | Chloroflexales |  f__Roseiflexaceae |  g__uncultured.11","126.65693430656934","0","137","Chloroflexales","0","p__Chloroflexi","0.9968857598026621","false","0","d__Bacteria |  p__Chloroflexi |  c__Chloroflexia | Chloroflexales |  f__Roseiflexaceae |  g__uncultured.11","143722","0.14591812708130109"
"1.9373040752351096","0.0036871177106208067","c__Chloroflexia","0.5161812297734628","0.31424287856071964","116","3","f__Roseiflexaceae","g__uncultured.3","false","d__Bacteria","d__Bacteria |  p__Chloroflexi |  c__Chloroflexia | Chloroflexales |  f__Roseiflexaceae |  g__uncultured.3","119.72413793103448","0","116","Chloroflexales","0","p__Chloroflexi","0.9969268718844752","false","0","d__Bacteria |  p__Chloroflexi |  c__Chloroflexia | Chloroflexales |  f__Roseiflexaceae |  g__uncultured.3","185866","0.13287917639404492"
"2.0783699059561127","6.961855841024351E-4","c__JG30-KF-CM66","0.48114630467571645","0.4507150153217569","89","3","f__JG30-KF-CM66","g__JG30-KF-CM66.8","false","d__Bacteria","d__Bacteria |  p__Chloroflexi |  c__JG30-KF-CM66 | JG30-KF-CM66 |  f__JG30-KF-CM66 |  g__JG30-KF-CM66.8","137.22471910112358","0","89","JG30-KF-CM66","0","p__Chloroflexi","0.9964643609640784","false","0","d__Bacteria |  p__Chloroflexi |  c__JG30-KF-CM66 | JG30-KF-CM66 |  f__JG30-KF-CM66 |  g__JG30-KF-CM66.8","36316","0.17304504300267792"
"2.1400208986415885","5.666382337265914E-4","c__TK10","0.46728515624999994","0.4206140350877193","96","3","f__TK10","g__TK10.113","false","d__Bacteria","d__Bacteria |  p__Chloroflexi |  c__TK10 | TK10 |  f__TK10 |  g__TK10.113","125.96875","0","96","TK10","0","p__Chloroflexi","0.9962622265618308","false","0","d__Bacteria |  p__Chloroflexi |  c__TK10 | TK10 |  f__TK10 |  g__TK10.113","26284","0.1732720082530949"
"2.0794148380355275","5.289239596753302E-4","c__TK10","0.4809045226130654","0.4471395881006865","115","3","f__TK10","g__TK10.120","false","d__Bacteria","d__Bacteria |  p__Chloroflexi |  c__TK10 | TK10 |  f__TK10 |  g__TK10.120","143.04347826086956","0","115","TK10","0","p__Chloroflexi","0.9964609349572606","false","0","d__Bacteria |  p__Chloroflexi |  c__TK10 | TK10 |  f__TK10 |  g__TK10.120","26930","0.1867408332387331"
"1.8369905956112853","0.008539016353201824","c__TK10","0.5443686006825939","0.2810552763819095","200","3","f__TK10","g__TK10.32","false","d__Bacteria","d__Bacteria |  p__Chloroflexi |  c__TK10 | TK10 |  f__TK10 |  g__TK10.32","126.1","0","200","TK10","0","p__Chloroflexi","0.9972557685389795","false","0","d__Bacteria |  p__Chloroflexi |  c__TK10 | TK10 |  f__TK10 |  g__TK10.32","359008","0.13811610076670316"
"2.0731452455590387","6.772075539941307E-4",,"0.48235887096774194","0.464058376028567","114","3",,,"false",,"d__Bacteria |  p__Chloroflexi | 0.97350819 |  |  | ","141.7017543859649","0","114",,"0",,"0.9964814909981671","false","0","d__Bacteria |  p__Chloroflexi | 0.97350819 |  |  | ","33568","0.18331404189646172"
"2.117032392894462","4.141845656429295E-4","c__Gemmatimonadetes","0.4723593287265548","0.4550877192982456","76","3","f__Gemmatimonadaceae","g__uncultured.1","false","d__Bacteria","d__Bacteria |  p__Gemmatimonadota |  c__Gemmatimonadetes | Gemmatimonadales |  f__Gemmatimonadaceae |  g__uncultured.1","144.48684210526315","0","76","Gemmatimonadales","0","p__Gemmatimonadota","0.9963375987118214","false","0","d__Bacteria |  p__Gemmatimonadota |  c__Gemmatimonadetes | Gemmatimonadales |  f__Gemmatimonadaceae |  g__uncultured.1","21268","0.1878892615152967"
"2.072100313479624","5.147056236396795E-4","c__Polyangia","0.4826021180030257","0.42896362388469456","94","3","f__Haliangiaceae","g__Haliangium.6","false","d__Bacteria","d__Bacteria |  p__Myxococcota |  c__Polyangia | Haliangiales |  f__Haliangiaceae |  g__Haliangium.6","130.86170212765958","0","94","Haliangiales","0","p__Myxococcota","0.9964849170049849","false","0","d__Bacteria |  p__Myxococcota |  c__Polyangia | Haliangiales |  f__Haliangiaceae |  g__Haliangium.6","25470","0.1648132268610322"
"2.2277951933124345","1.775390782546498E-4","c__Polyangia","0.4488742964352721","0.4026884862653419","59","3","f__Nannocystaceae","0.999960003","false","d__Bacteria","d__Bacteria |  p__Myxococcota |  c__Polyangia | Nannocystales |  f__Nannocystaceae | 0.999960003","128.61016949152543","0","59","Nannocystales","0","p__Myxococcota","0.9959744419891395","false","0","d__Bacteria |  p__Myxococcota |  c__Polyangia | Nannocystales |  f__Nannocystaceae | 0.999960003","7270","0.18913260219341974"
"2.250783699059561","2.649651421570214E-4","c__Polyangia","0.44428969359331477","0.3572938689217759","44","3","f__Phaselicystidaceae","g__Phaselicystis.1","false","d__Bacteria","d__Bacteria |  p__Myxococcota |  c__Polyangia | Polyangiales |  f__Phaselicystidaceae |  g__Phaselicystis.1","105.54545454545455","0","44","Polyangiales","0","p__Myxococcota","0.9958990698391489","false","0","d__Bacteria |  p__Myxococcota |  c__Polyangia | Polyangiales |  f__Phaselicystidaceae |  g__Phaselicystis.1","12074","0.15682831284614346"
"2.155694879832811","7.874666858223828E-4","c__Polyangia","0.4638875424139602","0.37821411874707805","93","4","f__Polyangiaceae","g__Pajaroellobacter.1","false","d__Bacteria","d__Bacteria |  p__Myxococcota |  c__Polyangia | Polyangiales |  f__Polyangiaceae |  g__Pajaroellobacter.1","126.53763440860214","0","93","Polyangiales","0","p__Myxococcota","0.9962108364595645","false","0","d__Bacteria |  p__Myxococcota |  c__Polyangia | Polyangiales |  f__Polyangiaceae |  g__Pajaroellobacter.1","31144","0.17672853967681865"
"1.9707419017763845","0.0024357573735052755","c__Polyangia","0.5074231177094379","0.26613861386138615","101","3","f__Polyangiaceae","g__uncultured","false","d__Bacteria","d__Bacteria |  p__Myxococcota |  c__Polyangia | Polyangiales |  f__Polyangiaceae |  g__uncultured","105.86138613861387","0","101","Polyangiales","0","p__Myxococcota","0.996817239666307","false","0","d__Bacteria |  p__Myxococcota |  c__Polyangia | Polyangiales |  f__Polyangiaceae |  g__uncultured","105966","0.11975269925182563"
"2.1253918495297808","8.543933700426685E-4","c__Phycisphaerae","0.47050147492625366","0.34829001367989054","86","3","f__Phycisphaeraceae","g__SM1A02.5","false","d__Bacteria","d__Bacteria |  p__Planctomycetota |  c__Phycisphaerae | Phycisphaerales |  f__Phycisphaeraceae |  g__SM1A02.5","122.87209302325581","0","86","Phycisphaerales","0","p__Planctomycetota","0.9963101906572794","false","0","d__Bacteria |  p__Planctomycetota |  c__Phycisphaerae | Phycisphaerales |  f__Phycisphaeraceae |  g__SM1A02.5","33892","0.16361130895240455"
"2.1400208986415885","0.00124233241172147","c__Alphaproteobacteria","0.46728515624999994","0.27101845522898155","77","3","f__Acetobacteraceae","g__Roseomonas","false","d__Bacteria","d__Bacteria |  p__Proteobacteria |  c__Alphaproteobacteria | Acetobacterales |  f__Acetobacteraceae |  g__Roseomonas","105.33766233766234","0","77","Acetobacterales","0","p__Proteobacteria","0.9962622265618308","false","0","d__Bacteria |  p__Proteobacteria |  c__Alphaproteobacteria | Acetobacterales |  f__Acetobacteraceae |  g__Roseomonas","43964","0.14120330072072698"
"2.0344827586206895","5.402645297173937E-4","c__Alphaproteobacteria","0.4915254237288136","0.4651451637944419","114","3","f__Caulobacteraceae","g__Phenylobacterium.1","false","d__Bacteria","d__Bacteria |  p__Proteobacteria |  c__Alphaproteobacteria | Caulobacterales |  f__Caulobacteraceae |  g__Phenylobacterium.1","146.64912280701753","0","114","Caulobacterales","0","p__Proteobacteria","0.9966082532504239","false","0","d__Bacteria |  p__Proteobacteria |  c__Alphaproteobacteria | Caulobacterales |  f__Caulobacteraceae |  g__Phenylobacterium.1","29438","0.18104829976175005"
"2.0553814002089865","0.0011602628462200394","c__Alphaproteobacteria","0.48652770716827654","0.36060191518467855","86","3","f__Hyphomonadaceae","g__Hirschia","false","d__Bacteria","d__Bacteria |  p__Proteobacteria |  c__Alphaproteobacteria | Caulobacterales |  f__Hyphomonadaceae |  g__Hirschia","118.69767441860465","0","86","Caulobacterales","0","p__Proteobacteria","0.9965397331140688","false","0","d__Bacteria |  p__Proteobacteria |  c__Alphaproteobacteria | Caulobacterales |  f__Hyphomonadaceae |  g__Hirschia","58750","0.14510718144083698"
"2.200626959247649","3.122894930358914E-4","c__Alphaproteobacteria","0.4544159544159544","0.42016806722689076","85","3","f__Reyranellaceae","g__uncultured.2","false","d__Bacteria","d__Bacteria |  p__Proteobacteria |  c__Alphaproteobacteria | Reyranellales |  f__Reyranellaceae |  g__uncultured.2","130.25882352941176","0","85","Reyranellales","0","p__Proteobacteria","0.9960635181664012","false","0","d__Bacteria |  p__Proteobacteria |  c__Alphaproteobacteria | Reyranellales |  f__Reyranellaceae |  g__uncultured.2","11942","0.19155709342560553"
"2.036572622779519","0.0016792002207680543","c__Alphaproteobacteria","0.49102103642893796","0.44812593703148423","116","3","f__KF-JG30-B3","g__KF-JG30-B3","false","d__Bacteria","d__Bacteria |  p__Proteobacteria |  c__Alphaproteobacteria | Rhizobiales |  f__KF-JG30-B3 |  g__KF-JG30-B3","140.43103448275863","0","116","Rhizobiales","0","p__Proteobacteria","0.9966014012367884","false","0","d__Bacteria |  p__Proteobacteria |  c__Alphaproteobacteria | Rhizobiales |  f__KF-JG30-B3 |  g__KF-JG30-B3","74420","0.17423205270813724"
"1.948798328108673","0.0014341415772723012","c__Alphaproteobacteria","0.5131367292225201","0.4766941864465084","153","3","f__Xanthobacteraceae","g__Bradyrhizobium.7","false","d__Bacteria","d__Bacteria |  p__Proteobacteria |  c__Alphaproteobacteria | Rhizobiales |  f__Xanthobacteraceae |  g__Bradyrhizobium.7","149.51633986928104","0","153","Rhizobiales","0","p__Proteobacteria","0.9968891858094797","false","0","d__Bacteria |  p__Proteobacteria |  c__Alphaproteobacteria | Rhizobiales |  f__Xanthobacteraceae |  g__Bradyrhizobium.7","88554","0.17528293067911024"
"2.1149425287356323","5.234040355256697E-4","c__Alphaproteobacteria","0.47282608695652173","0.41342486651411137","115","3","f__Xanthobacteraceae","g__Pseudorhodoplanes","false","d__Bacteria","d__Bacteria |  p__Proteobacteria |  c__Alphaproteobacteria | Rhizobiales |  f__Xanthobacteraceae |  g__Pseudorhodoplanes","140.5391304347826","0","115","Rhizobiales","0","p__Proteobacteria","0.996344450725457","false","0","d__Bacteria |  p__Proteobacteria |  c__Alphaproteobacteria | Rhizobiales |  f__Xanthobacteraceae |  g__Pseudorhodoplanes","23240","0.19199334758850084"
"1.9467084639498433","0.002451111811205522","c__Alphaproteobacteria","0.5136876006441223","0.4158045977011494","145","3","f__Xanthobacteraceae","g__uncultured.4","false","d__Bacteria","d__Bacteria |  p__Proteobacteria |  c__Alphaproteobacteria | Rhizobiales |  f__Xanthobacteraceae |  g__uncultured.4","140.04827586206898","0","145","Rhizobiales","0","p__Proteobacteria","0.9968960378231153","false","0","d__Bacteria |  p__Proteobacteria |  c__Alphaproteobacteria | Rhizobiales |  f__Xanthobacteraceae |  g__uncultured.4","107358","0.1622807368042514"
"2.052246603970742","6.366789964616046E-4","c__Alphaproteobacteria","0.4872708757637474","0.47528823671692333","158","3","f__Sphingomonadaceae","g__Sphingomonas.35","false","d__Bacteria","d__Bacteria |  p__Proteobacteria |  c__Alphaproteobacteria | Sphingomonadales |  f__Sphingomonadaceae |  g__Sphingomonas.35","148.60759493670886","0","158","Sphingomonadales","0","p__Proteobacteria","0.9965500111345222","false","0","d__Bacteria |  p__Proteobacteria |  c__Alphaproteobacteria | Sphingomonadales |  f__Sphingomonadaceae |  g__Sphingomonas.35","35430","0.1984080039208396"
"1.9132706374085684","0.0026240551155227144","c__Gammaproteobacteria","0.5226652102676134","0.4010347376201035","165","3","f__Comamonadaceae","g__Aquabacterium","false","d__Bacteria","d__Bacteria |  p__Proteobacteria |  c__Gammaproteobacteria | Burkholderiales |  f__Comamonadaceae |  g__Aquabacterium","140.95151515151514","0","165","Burkholderiales","0","p__Proteobacteria","0.9970056700412834","false","0","d__Bacteria |  p__Proteobacteria |  c__Gammaproteobacteria | Burkholderiales |  f__Comamonadaceae |  g__Aquabacterium","134790","0.1610874458874459"
"2.1337513061650992","5.311190411711737E-4","c__Gammaproteobacteria","0.46865817825661116","0.36318407960199006","67","3","f__Comamonadaceae","g__Caenimonas.1","false","d__Bacteria","d__Bacteria |  p__Proteobacteria |  c__Gammaproteobacteria | Burkholderiales |  f__Comamonadaceae |  g__Caenimonas.1","121.85074626865672","0","67","Burkholderiales","0","p__Proteobacteria","0.9962827826027374","false","0","d__Bacteria |  p__Proteobacteria |  c__Gammaproteobacteria | Burkholderiales |  f__Comamonadaceae |  g__Caenimonas.1","23084","0.15990911583813217"
"2.031347962382445","0.001378682481532686","c__Gammaproteobacteria","0.49228395061728397","0.36093660765276986","103","3","f__Comamonadaceae","0.999798762","false","d__Bacteria","d__Bacteria |  p__Proteobacteria |  c__Gammaproteobacteria | Burkholderiales |  f__Comamonadaceae | 0.999798762","128.3106796116505","0","103","Burkholderiales","0","p__Proteobacteria","0.9966185312708773","false","0","d__Bacteria |  p__Proteobacteria |  c__Gammaproteobacteria | Burkholderiales |  f__Comamonadaceae | 0.999798762","58070","0.15589425379560926"
"2.117032392894462","5.935639314467853E-4","c__Gammaproteobacteria","0.4723593287265548","0.4480377906976744","129","3","f__Nitrosomonadaceae","g__MND1","false","d__Bacteria","d__Bacteria |  p__Proteobacteria |  c__Gammaproteobacteria | Burkholderiales |  f__Nitrosomonadaceae |  g__MND1","141.7829457364341","0","129","Burkholderiales","0","p__Proteobacteria","0.9963375987118214","false","0","d__Bacteria |  p__Proteobacteria |  c__Gammaproteobacteria | Burkholderiales |  f__Nitrosomonadaceae |  g__MND1","26196","0.19802087393356718"
"2.1504702194357366","4.869553579964755E-4","c__Gammaproteobacteria","0.46501457725947526","0.4056378404204491","92","3","f__Oxalobacteraceae","0.999365454","false","d__Bacteria","d__Bacteria |  p__Proteobacteria |  c__Gammaproteobacteria | Burkholderiales |  f__Oxalobacteraceae | 0.999365454","127.01086956521739","0","92","Burkholderiales","0","p__Proteobacteria","0.9962279664936532","false","0","d__Bacteria |  p__Proteobacteria |  c__Gammaproteobacteria | Burkholderiales |  f__Oxalobacteraceae | 0.999365454","22192","0.17615931978532232"
"2.0344827586206895","0.0013490447858251725","c__Gammaproteobacteria","0.4915254237288136","0.46168332609010576","118","3","f__CCD24","g__CCD24","false","d__Bacteria","d__Bacteria |  p__Proteobacteria |  c__Gammaproteobacteria | CCD24 |  f__CCD24 |  g__CCD24","146.90677966101694","0","118","CCD24","0","p__Proteobacteria","0.9966082532504239","false","0","d__Bacteria |  p__Proteobacteria |  c__Gammaproteobacteria | CCD24 |  f__CCD24 |  g__CCD24","61820","0.1822664760062245"
"1.9561128526645768","0.0015566309594800003","c__Gammaproteobacteria","0.5112179487179487","0.3889937106918239","160","3","f__Pseudohongiellaceae","g__BIyi10","false","d__Bacteria","d__Bacteria |  p__Proteobacteria |  c__Gammaproteobacteria | Oceanospirillales |  f__Pseudohongiellaceae |  g__BIyi10","138.125","0","160","Oceanospirillales","0","p__Proteobacteria","0.9968652037617554","false","0","d__Bacteria |  p__Proteobacteria |  c__Gammaproteobacteria | Oceanospirillales |  f__Pseudohongiellaceae |  g__BIyi10","78676","0.16463051251489869"
"2.0240334378265414","6.822556020162641E-4","c__Gammaproteobacteria","0.49406298399586984","0.49536136465659136","164","3","f__Steroidobacteraceae","g__uncultured","false","d__Bacteria","d__Bacteria |  p__Proteobacteria |  c__Gammaproteobacteria | Steroidobacterales |  f__Steroidobacteraceae |  g__uncultured","148.9329268292683","0","164","Steroidobacterales","0","p__Proteobacteria","0.9966425133186015","false","0","d__Bacteria |  p__Proteobacteria |  c__Gammaproteobacteria | Steroidobacterales |  f__Steroidobacteraceae |  g__uncultured","40282","0.19341938549255622"
"2.1044932079414838","8.388686782400442E-4","c__Gammaproteobacteria","0.47517378351539225","0.39069767441860465","86","3","f__Steroidobacteraceae","g__uncultured.2","false","d__Bacteria","d__Bacteria |  p__Proteobacteria |  c__Gammaproteobacteria | Steroidobacterales |  f__Steroidobacteraceae |  g__uncultured.2","135.63953488372093","0","86","Steroidobacterales","0","p__Proteobacteria","0.9963787107936346","false","0","d__Bacteria |  p__Proteobacteria |  c__Gammaproteobacteria | Steroidobacterales |  f__Steroidobacteraceae |  g__uncultured.2","37858","0.17592676379211533"
"1.9968652037617556","0.0018229602575314157","c__Gammaproteobacteria","0.5007849293563579","0.37312643272791396","107","3","f__Xanthomonadaceae","g__Arenimonas.11","false","d__Bacteria","d__Bacteria |  p__Proteobacteria |  c__Gammaproteobacteria | Xanthomonadales |  f__Xanthomonadaceae |  g__Arenimonas.11","126.50467289719626","0","107","Xanthomonadales","0","p__Proteobacteria","0.9967315894958632","false","0","d__Bacteria |  p__Proteobacteria |  c__Gammaproteobacteria | Xanthomonadales |  f__Xanthomonadaceae |  g__Arenimonas.11","78276","0.1483055954246146"
"2.053291536050157","7.634983069530535E-4","c__Acidobacteriae","0.48702290076335875","0.4865531415149736","131","3","f__Bryobacteraceae","g__Bryobacter.18","false","d__Bacteria","d__Bacteria |  p__Acidobacteriota |  c__Acidobacteriae | Bryobacterales |  f__Bryobacteraceae |  g__Bryobacter.18","145.70229007633588","0","131","Bryobacterales","0","p__Acidobacteriota","0.9965465851277044","false","0","d__Bacteria |  p__Acidobacteriota |  c__Acidobacteriae | Bryobacterales |  f__Bryobacteraceae |  g__Bryobacter.18","36272","0.1880029549372076"
"2.170323928944619","5.620537724701848E-4","c__Subgroup_11","0.4607607125662012","0.3951159951159951","91","3","f__Subgroup_11","g__Subgroup_11","false","d__Bacteria","d__Bacteria |  p__Acidobacteriota |  c__Subgroup_11 | Subgroup_11 |  f__Subgroup_11 |  g__Subgroup_11","118.41758241758242","0","91","Subgroup_11","0","p__Acidobacteriota","0.9961628723641159","false","0","d__Bacteria |  p__Acidobacteriota |  c__Subgroup_11 | Subgroup_11 |  f__Subgroup_11 |  g__Subgroup_11","22276","0.16844606318290528"
"1.9258098223615465","0.001707752082627596","c__Acidimicrobiia","0.5192620727075421","0.42547507740877905","182","3","f__Iamiaceae","g__Iamia.2","false","d__Bacteria","d__Bacteria |  p__Actinobacteriota |  c__Acidimicrobiia | Microtrichales |  f__Iamiaceae |  g__Iamia.2","145.69230769230768","0","182","Microtrichales","0","p__Actinobacteriota","0.9969645579594704","false","0","d__Bacteria |  p__Actinobacteriota |  c__Acidimicrobiia | Microtrichales |  f__Iamiaceae |  g__Iamia.2","94938","0.17221312965993818"
"2.1274817136886104","0.0011683833224084787","c__MB-A2-108","0.47003929273084477","0.3980024968789014","90","3","f__MB-A2-108","g__MB-A2-108.3","false","d__Bacteria","d__Bacteria |  p__Actinobacteriota |  c__MB-A2-108 | MB-A2-108 |  f__MB-A2-108 |  g__MB-A2-108.3","115.12222222222222","0","90","MB-A2-108","0","p__Actinobacteriota","0.996303338643644","false","0","d__Bacteria |  p__Actinobacteriota |  c__MB-A2-108 | MB-A2-108 |  f__MB-A2-108 |  g__MB-A2-108.3","43602","0.15452647278150633"
"1.9905956112852665","0.0012643989255707716","c__Thermoleophilia","0.5023622047244094","0.506620714674406","149","3","f__Gaiellaceae","g__Gaiella.4","false","d__Bacteria","d__Bacteria |  p__Actinobacteriota |  c__Thermoleophilia | Gaiellales |  f__Gaiellaceae |  g__Gaiella.4","150.14093959731542","0","149","Gaiellales","0","p__Actinobacteriota","0.9967521455367697","false","0","d__Bacteria |  p__Actinobacteriota |  c__Thermoleophilia | Gaiellales |  f__Gaiellaceae |  g__Gaiella.4","71322","0.1837710398987949"
"1.928944618599791","0.0023595646188417263","c__Thermoleophilia","0.5184182015167931","0.38609758624261886","197","3","f__uncultured","g__uncultured","false","d__Bacteria","d__Bacteria |  p__Actinobacteriota |  c__Thermoleophilia | Gaiellales |  f__uncultured |  g__uncultured","137.4517766497462","0","197","Gaiellales","0","p__Actinobacteriota","0.996954279939017","false","0","d__Bacteria |  p__Actinobacteriota |  c__Thermoleophilia | Gaiellales |  f__uncultured |  g__uncultured","112756","0.16600456117119106"
"2.1765935214211076","0.0010488097503242298","c__Thermoleophilia","0.45943350936149785","0.3599114064230343","43","3","f__Solirubrobacteraceae","g__Solirubrobacter.3","false","d__Bacteria","d__Bacteria |  p__Actinobacteriota |  c__Thermoleophilia | Solirubrobacterales |  f__Solirubrobacteraceae |  g__Solirubrobacter.3","125.72093023255815","0","43","Solirubrobacterales","0","p__Actinobacteriota","0.9961423163232094","false","0","d__Bacteria |  p__Actinobacteriota |  c__Thermoleophilia | Solirubrobacterales |  f__Solirubrobacteraceae |  g__Solirubrobacter.3","29390","0.16894848712178046"
"2.188087774294671","5.279562457120428E-4","c__Bacteroidia","0.45702005730659023","0.35764531654942616","74","3","f__Saprospiraceae","g__uncultured.5","false","d__Bacteria","d__Bacteria |  p__Bacteroidota |  c__Bacteroidia | Chitinophagales |  f__Saprospiraceae |  g__uncultured.5","119.39189189189189","0","74","Chitinophagales","0","p__Bacteroidota","0.9961046302482142","false","0","d__Bacteria |  p__Bacteroidota |  c__Bacteroidia | Chitinophagales |  f__Saprospiraceae |  g__uncultured.5","19870","0.16983199415631847"
"2.0282131661442007","0.001579262932935629","c__Chloroflexia","0.49304482225656876","0.29028132992327366","69","3","f__Chloroflexaceae","g__Oscillochloris","false","d__Bacteria","d__Bacteria |  p__Chloroflexi |  c__Chloroflexia | Chloroflexales |  f__Chloroflexaceae |  g__Oscillochloris","84.95652173913044","0","69","Chloroflexales","0","p__Chloroflexi","0.9966288092913305","false","0","d__Bacteria |  p__Chloroflexi |  c__Chloroflexia | Chloroflexales |  f__Chloroflexaceae |  g__Oscillochloris","60510","0.0986719183962026"
"2.1243469174503655","4.443410067328687E-4","c__Dehalococcoidia","0.47073290703394005","0.46823640960809104","113","3","f__S085","g__S085.27","false","d__Bacteria","d__Bacteria |  p__Chloroflexi |  c__Dehalococcoidia | S085 |  f__S085 |  g__S085.27","140.8495575221239","0","113","S085","0","p__Chloroflexi","0.9963136166640972","false","0","d__Bacteria |  p__Chloroflexi |  c__Dehalococcoidia | S085 |  f__S085 |  g__S085.27","23188","0.19427525175465366"
"2.1264367816091956","3.181368168000391E-4","c__TK10","0.47027027027027024","0.5416791604197901","116","3","f__TK10","g__TK10.106","false","d__Bacteria","d__Bacteria |  p__Chloroflexi |  c__TK10 | TK10 |  f__TK10 |  g__TK10.106","154.3448275862069","0","116","TK10","0","p__Chloroflexi","0.9963067646504616","false","0","d__Bacteria |  p__Chloroflexi |  c__TK10 | TK10 |  f__TK10 |  g__TK10.106","17342","0.21436781609195402"
"2.076280041797283","4.5694830557992675E-4","c__TK10","0.48163059889280324","0.5029421945309795","108","3","f__TK10","g__TK10.159","false","d__Bacteria","d__Bacteria |  p__Chloroflexi |  c__TK10 | TK10 |  f__TK10 |  g__TK10.159","146.53703703703704","0","108","TK10","0","p__Chloroflexi","0.9964712129777138","false","0","d__Bacteria |  p__Chloroflexi |  c__TK10 | TK10 |  f__TK10 |  g__TK10.159","26688","0.18883638793432608"
"2.1452455590386625","5.879399293894168E-4","c__TK10","0.4661471018022406","0.36977225672877845","70","3","f__TK10","g__TK10.55","false","d__Bacteria","d__Bacteria |  p__Chloroflexi |  c__TK10 | TK10 |  f__TK10 |  g__TK10.55","104.77142857142857","0","70","TK10","0","p__Chloroflexi","0.9962450965277422","false","0","d__Bacteria |  p__Chloroflexi |  c__TK10 | TK10 |  f__TK10 |  g__TK10.55","23386","0.14006875477463712"
"2.0867293625914316","7.317375297514476E-4","c__TK10","0.47921882824236356","0.4483068624513036","142","3","f__TK10","g__TK10.70","false","d__Bacteria","d__Bacteria |  p__Chloroflexi |  c__TK10 | TK10 |  f__TK10 |  g__TK10.70","138.29577464788733","0","142","TK10","0","p__Chloroflexi","0.9964369529095363","false","0","d__Bacteria |  p__Chloroflexi |  c__TK10 | TK10 |  f__TK10 |  g__TK10.70","36056","0.18892865389055646"
"2.083594566353187","5.936693878611871E-4",,"0.4799398194583751","0.4671907040328093","133","3",,,"false",,"d__Bacteria |  p__Chloroflexi | 0.973341648 |  |  | ","140.48872180451127","0","133",,"0",,"0.9964472309299894","false","0","d__Bacteria |  p__Chloroflexi | 0.973341648 |  |  | ","32458","0.18882892715660118"
"2.109717868338558","3.08044536118572E-4","c__Gemmatimonadetes","0.47399702823179796","0.5358126721763086","121","3","f__Gemmatimonadaceae","g__uncultured.2","false","d__Bacteria","d__Bacteria |  p__Gemmatimonadota |  c__Gemmatimonadetes | Gemmatimonadales |  f__Gemmatimonadaceae |  g__uncultured.2","155.29752066115702","0","121","Gemmatimonadales","0","p__Gemmatimonadota","0.9963615807595456","false","0","d__Bacteria |  p__Gemmatimonadota |  c__Gemmatimonadetes | Gemmatimonadales |  f__Gemmatimonadaceae |  g__uncultured.2","18498","0.21244530870199319"
"2.0208986415882966","0.0011926755485547364","c__Alphaproteobacteria","0.4948293691830404","0.5056306306306306","112","3","f__Xanthobacteraceae","g__Rhodoplanes.1","false","d__Bacteria","d__Bacteria |  p__Proteobacteria |  c__Alphaproteobacteria | Rhizobiales |  f__Xanthobacteraceae |  g__Rhodoplanes.1","151.125","0","112","Rhizobiales","0","p__Proteobacteria","0.9966527913390547","false","0","d__Bacteria |  p__Proteobacteria |  c__Alphaproteobacteria | Rhizobiales |  f__Xanthobacteraceae |  g__Rhodoplanes.1","69372","0.1831818181818182"
"2.2936259143155695","1.2674960791212396E-4","c__Alphaproteobacteria","0.4359908883826879","0.271264367816092","30","3","f__Mitochondria","g__Mitochondria.1","false","d__Bacteria","d__Bacteria |  p__Proteobacteria |  c__Alphaproteobacteria | Rickettsiales |  f__Mitochondria |  g__Mitochondria.1","94.6","0","30","Rickettsiales","0","p__Proteobacteria","0.9957586035596211","false","0","d__Bacteria |  p__Proteobacteria |  c__Alphaproteobacteria | Rickettsiales |  f__Mitochondria |  g__Mitochondria.1","4114","0.14643962848297212"
"2.001044932079415","0.0011240380657351287","c__Alphaproteobacteria","0.49973890339425586","0.3356053229470951","79","3","f__Sphingomonadaceae","g__Sphingomonas.31","false","d__Bacteria","d__Bacteria |  p__Proteobacteria |  c__Alphaproteobacteria | Sphingomonadales |  f__Sphingomonadaceae |  g__Sphingomonas.31","123.44303797468355","0","79","Sphingomonadales","0","p__Proteobacteria","0.9967178854685921","false","0","d__Bacteria |  p__Proteobacteria |  c__Alphaproteobacteria | Sphingomonadales |  f__Sphingomonadaceae |  g__Sphingomonas.31","50200","0.14075602961765513"
"2.1055381400208986","7.793307211513642E-4","c__Gammaproteobacteria","0.47493796526054594","0.43837065773232237","107","3","f__A21b","g__A21b.3","false","d__Bacteria","d__Bacteria |  p__Proteobacteria |  c__Gammaproteobacteria | Burkholderiales |  f__A21b |  g__A21b.3","138.10280373831776","0","107","Burkholderiales","0","p__Proteobacteria","0.9963752847868168","false","0","d__Bacteria |  p__Proteobacteria |  c__Gammaproteobacteria | Burkholderiales |  f__A21b |  g__A21b.3","33916","0.18438291553847497"
"2.0355276907001043","0.0014998670342268438","c__Gammaproteobacteria","0.4912731006160165","0.4041139240506329","80","3","f__Comamonadaceae","0.999141131","false","d__Bacteria","d__Bacteria |  p__Proteobacteria |  c__Gammaproteobacteria | Burkholderiales |  f__Comamonadaceae | 0.999141131","128.6625","0","80","Burkholderiales","0","p__Proteobacteria","0.9966048272436061","false","0","d__Bacteria |  p__Proteobacteria |  c__Gammaproteobacteria | Burkholderiales |  f__Comamonadaceae | 0.999141131","70914","0.15262455516014234"
"2.071055381400209","5.341853291236952E-4","c__Gammaproteobacteria","0.48284561049445","0.448689138576779","90","3","f__Comamonadaceae","0.999958809","false","d__Bacteria","d__Bacteria |  p__Proteobacteria |  c__Gammaproteobacteria | Burkholderiales |  f__Comamonadaceae | 0.999958809","149.12222222222223","0","90","Burkholderiales","0","p__Proteobacteria","0.9964883430118027","false","0","d__Bacteria |  p__Proteobacteria |  c__Gammaproteobacteria | Burkholderiales |  f__Comamonadaceae | 0.999958809","29380","0.18663607286886386"
"1.8275862068965518","0.005700124513557666","c__Gammaproteobacteria","0.5471698113207547","0.3399283549187104","191","3","f__TRA3-20","g__TRA3-20.2","false","d__Bacteria","d__Bacteria |  p__Proteobacteria |  c__Gammaproteobacteria | Burkholderiales |  f__TRA3-20 |  g__TRA3-20.2","135.59162303664922","0","191","Burkholderiales","0","p__Proteobacteria","0.9972866026003391","false","0","d__Bacteria |  p__Proteobacteria |  c__Gammaproteobacteria | Burkholderiales |  f__TRA3-20 |  g__TRA3-20.2","298686","0.14564084107051473"
"2.12957157784744","0.0010408542434559964","c__Gammaproteobacteria","0.46957801766437685","0.33844842284739984","69","3","f__Xanthomonadaceae","g__Arenimonas.6","false","d__Bacteria","d__Bacteria |  p__Proteobacteria |  c__Gammaproteobacteria | Xanthomonadales |  f__Xanthomonadaceae |  g__Arenimonas.6","116.6086956521739","0","69","Xanthomonadales","0","p__Proteobacteria","0.9962964866300084","false","0","d__Bacteria |  p__Proteobacteria |  c__Gammaproteobacteria | Xanthomonadales |  f__Xanthomonadaceae |  g__Arenimonas.6","38270","0.15262918279080356"
"2.1724137931034484","5.933579626718216E-4","c__Acidobacteriae","0.4603174603174603","0.4752770673486786","69","3","f__Bryobacteraceae","g__Bryobacter.2","false","d__Bacteria","d__Bacteria |  p__Acidobacteriota |  c__Acidobacteriae | Bryobacterales |  f__Bryobacteraceae |  g__Bryobacter.2","144.1014492753623","0","69","Bryobacterales","0","p__Acidobacteriota","0.9961560203504806","false","0","d__Bacteria |  p__Acidobacteriota |  c__Acidobacteriae | Bryobacterales |  f__Bryobacteraceae |  g__Bryobacter.2","28540","0.1993104415980115"
"2.327063740856844","2.471468517632886E-4","c__Alphaproteobacteria","0.429726088908846","0.3878787878787879","45","4","f__Xanthobacteraceae","g__Rhodoplanes","false","d__Bacteria","d__Bacteria |  p__Proteobacteria |  c__Alphaproteobacteria | Rhizobiales |  f__Xanthobacteraceae |  g__Rhodoplanes","88.24444444444444","0","45","Rhizobiales","0","p__Proteobacteria","0.995648971341453","false","0","d__Bacteria |  p__Proteobacteria |  c__Alphaproteobacteria | Rhizobiales |  f__Xanthobacteraceae |  g__Rhodoplanes","7010","0.14658545588778146"
"2.1995820271682343","7.917658963733108E-4","c__Gammaproteobacteria","0.4546318289786223","0.33390705679862304","84","4","f__Rhodanobacteraceae","0.943326006","false","d__Bacteria","d__Bacteria |  p__Proteobacteria |  c__Gammaproteobacteria | Xanthomonadales |  f__Rhodanobacteraceae | 0.943326006","122.07142857142857","0","84","Xanthomonadales","0","p__Proteobacteria","0.996066944173219","false","0","d__Bacteria |  p__Proteobacteria |  c__Gammaproteobacteria | Xanthomonadales |  f__Rhodanobacteraceae | 0.943326006","32708","0.17846700083542189"
"2.238244514106583","5.439327484864016E-4","c__Bacteroidia","0.44677871148459386","0.3526315789473684","76","4","f__Hymenobacteraceae","g__Adhaeribacter.3","false","d__Bacteria","d__Bacteria |  p__Bacteroidota |  c__Bacteroidia | Cytophagales |  f__Hymenobacteraceae |  g__Adhaeribacter.3","103.40789473684211","0","76","Cytophagales","0","p__Bacteroidota","0.9959401819209621","false","0","d__Bacteria |  p__Bacteroidota |  c__Bacteroidia | Cytophagales |  f__Hymenobacteraceae |  g__Adhaeribacter.3","20900","0.1571548552231643"
"1.9383490073145246","0.0018263775434325775","c__TK10","0.5159029649595687","0.3641325536062378","190","3","f__TK10","g__TK10.4","false","d__Bacteria","d__Bacteria |  p__Chloroflexi |  c__TK10 | TK10 |  f__TK10 |  g__TK10.4","136.72105263157894","0","190","TK10","0","p__Chloroflexi","0.9969234458776574","false","0","d__Bacteria |  p__Chloroflexi |  c__TK10 | TK10 |  f__TK10 |  g__TK10.4","92454","0.16552185548617307"
"2.1839080459770117","3.8835266993637624E-4","c__Gemmatimonadetes","0.45789473684210524","0.353009935710111","59","3","f__Gemmatimonadaceae","g__Gemmatimonas.1","false","d__Bacteria","d__Bacteria |  p__Gemmatimonadota |  c__Gemmatimonadetes | Gemmatimonadales |  f__Gemmatimonadaceae |  g__Gemmatimonas.1","107.11864406779661","0","59","Gemmatimonadales","0","p__Gemmatimonadota","0.9961183342754851","false","0","d__Bacteria |  p__Gemmatimonadota |  c__Gemmatimonadetes | Gemmatimonadales |  f__Gemmatimonadaceae |  g__Gemmatimonas.1","14594","0.14836377294708672"
"1.968652037617555","0.001995311972330446","c__Alphaproteobacteria","0.5079617834394904","0.32696938424492605","153","3","f__Caulobacteraceae","g__Brevundimonas","false","d__Bacteria","d__Bacteria |  p__Proteobacteria |  c__Alphaproteobacteria | Caulobacterales |  f__Caulobacteraceae |  g__Brevundimonas","127.67320261437908","0","153","Caulobacterales","0","p__Proteobacteria","0.9968240916799423","false","0","d__Bacteria |  p__Proteobacteria |  c__Alphaproteobacteria | Caulobacterales |  f__Caulobacteraceae |  g__Brevundimonas","87602","0.153085374837385"
"2.052246603970742","0.0013092765512762474","c__Alphaproteobacteria","0.4872708757637474","0.36907894736842106","96","3","f__Sphingomonadaceae","g__Sphingomonas.13","false","d__Bacteria","d__Bacteria |  p__Proteobacteria |  c__Alphaproteobacteria | Sphingomonadales |  f__Sphingomonadaceae |  g__Sphingomonas.13","129.32291666666666","0","96","Sphingomonadales","0","p__Proteobacteria","0.9965500111345222","false","0","d__Bacteria |  p__Proteobacteria |  c__Alphaproteobacteria | Sphingomonadales |  f__Sphingomonadaceae |  g__Sphingomonas.13","52724","0.15946105630908344"
"2.1243469174503655","7.406405102967177E-4","c__Alphaproteobacteria","0.47073290703394005","0.3727393870169427","103","4","f__Sphingomonadaceae","g__Sphingomonas.40","false","d__Bacteria","d__Bacteria |  p__Proteobacteria |  c__Alphaproteobacteria | Sphingomonadales |  f__Sphingomonadaceae |  g__Sphingomonas.40","116.83495145631068","0","103","Sphingomonadales","0","p__Proteobacteria","0.9963136166640972","false","0","d__Bacteria |  p__Proteobacteria |  c__Alphaproteobacteria | Sphingomonadales |  f__Sphingomonadaceae |  g__Sphingomonas.40","30470","0.1587431405656395"
"2.1839080459770117","2.59372941681592E-4","c__Alphaproteobacteria","0.45789473684210524","0.42857142857142855","57","3","f__Sphingomonadaceae","g__uncultured.3","false","d__Bacteria","d__Bacteria |  p__Proteobacteria |  c__Alphaproteobacteria | Sphingomonadales |  f__Sphingomonadaceae |  g__uncultured.3","130.33333333333334","0","57","Sphingomonadales","0","p__Proteobacteria","0.9961183342754851","false","0","d__Bacteria |  p__Proteobacteria |  c__Alphaproteobacteria | Sphingomonadales |  f__Sphingomonadaceae |  g__uncultured.3","11496","0.18001841620626152"
"1.9080459770114941","0.001766137698766852","c__Gammaproteobacteria","0.5240963855421688","0.405440414507772","193","3","f__SC-I-84","g__SC-I-84.5","false","d__Bacteria","d__Bacteria |  p__Proteobacteria |  c__Gammaproteobacteria | Burkholderiales |  f__SC-I-84 |  g__SC-I-84.5","141.84455958549222","0","193","Burkholderiales","0","p__Proteobacteria","0.9970228000753721","false","0","d__Bacteria |  p__Proteobacteria |  c__Gammaproteobacteria | Burkholderiales |  f__SC-I-84 |  g__SC-I-84.5","101156","0.16648422486560122"
"2.0543364681295717","0.0016623060256637646","c__Actinobacteria","0.4867751780264496","0.29638709677419356","125","3","f__Micromonosporaceae","0.999697107","false","d__Bacteria","d__Bacteria |  p__Actinobacteriota |  c__Actinobacteria | Micromonosporales |  f__Micromonosporaceae | 0.999697107","108.272","0","125","Micromonosporales","0","p__Actinobacteriota","0.9965431591208866","false","0","d__Bacteria |  p__Actinobacteriota |  c__Actinobacteria | Micromonosporales |  f__Micromonosporaceae | 0.999697107","71322","0.1388102564102564"
"2.0752351097178683","8.353516001836845E-4","c__Thermoleophilia","0.4818731117824773","0.5044077134986226","121","3","f__uncultured","g__uncultured.2","false","d__Bacteria","d__Bacteria |  p__Actinobacteriota |  c__Thermoleophilia | Gaiellales |  f__uncultured |  g__uncultured.2","148.49586776859505","0","121","Gaiellales","0","p__Actinobacteriota","0.9964746389845316","false","0","d__Bacteria |  p__Actinobacteriota |  c__Thermoleophilia | Gaiellales |  f__uncultured |  g__uncultured.2","41098","0.19436631906884166"
"2.214211076280042","3.5803686063839437E-4","c__Bacteroidia","0.4516281264747522","0.31422351233671986","53","4","f__Flavobacteriaceae","g__Flavobacterium.4","false","d__Bacteria","d__Bacteria |  p__Bacteroidota |  c__Bacteroidia | Flavobacteriales |  f__Flavobacteriaceae |  g__Flavobacterium.4","105.18867924528301","0","53","Flavobacteriales","0","p__Bacteroidota","0.9960189800777703","false","0","d__Bacteria |  p__Bacteroidota |  c__Bacteroidia | Flavobacteriales |  f__Flavobacteriaceae |  g__Flavobacterium.4","12806","0.15026954177897575"
"2.1368861024033436","7.296330871490724E-4","c__JG30-KF-CM66","0.4679706601466993","0.3509803921568627","85","3","f__JG30-KF-CM66","g__JG30-KF-CM66.2","false","d__Bacteria","d__Bacteria |  p__Chloroflexi |  c__JG30-KF-CM66 | JG30-KF-CM66 |  f__JG30-KF-CM66 |  g__JG30-KF-CM66.2","117.25882352941177","0","85","JG30-KF-CM66","0","p__Chloroflexi","0.996272504582284","false","0","d__Bacteria |  p__Chloroflexi |  c__JG30-KF-CM66 | JG30-KF-CM66 |  f__JG30-KF-CM66 |  g__JG30-KF-CM66.2","27620","0.15824402635548146"
"2.109717868338558","8.904407144154528E-4","c__TK10","0.47399702823179796","0.35391606522320235","87","3","f__TK10","g__TK10.47","false","d__Bacteria","d__Bacteria |  p__Chloroflexi |  c__TK10 | TK10 |  f__TK10 |  g__TK10.47","123.91954022988506","0","87","TK10","0","p__Chloroflexi","0.9963615807595456","false","0","d__Bacteria |  p__Chloroflexi |  c__TK10 | TK10 |  f__TK10 |  g__TK10.47","35892","0.16198632709788896"
"2.0167189132706373","0.0019717229205496335","c__TK10","0.4958549222797928","0.3511259382819016","110","3","f__TK10","g__TK10.50","false","d__Bacteria","d__Bacteria |  p__Chloroflexi |  c__TK10 | TK10 |  f__TK10 |  g__TK10.50","128.87272727272727","0","110","TK10","0","p__Chloroflexi","0.9966664953663257","false","0","d__Bacteria |  p__Chloroflexi |  c__TK10 | TK10 |  f__TK10 |  g__TK10.50","84658","0.15508150092987638"
"2.03239289446186","0.0012950529109448886",,"0.49203084832904886","0.4039644565960355","133","3",,,"false",,"d__Bacteria |  p__Chloroflexi | 0.984656734 |  |  | ","140.29323308270676","0","133",,"0",,"0.9966151052640595","false","0","d__Bacteria |  p__Chloroflexi | 0.984656734 |  |  | ","60562","0.1769145436099707"
"2.174503657262278","4.198134468545824E-4","c__Alphaproteobacteria","0.45987506006727535","0.3764423076923077","65","3","f__Caulobacteraceae","g__Caulobacter","false","d__Bacteria","d__Bacteria |  p__Proteobacteria |  c__Alphaproteobacteria | Caulobacterales |  f__Caulobacteraceae |  g__Caulobacter","126.03076923076924","0","65","Caulobacterales","0","p__Proteobacteria","0.996149168336845","false","0","d__Bacteria |  p__Proteobacteria |  c__Alphaproteobacteria | Caulobacterales |  f__Caulobacteraceae |  g__Caulobacter","17992","0.17383554376657825"
"2.239289446185998","2.858317601969747E-4","c__Alphaproteobacteria","0.44657022865142326","0.33817301875378103","58","4","f__Sphingomonadaceae","g__Sphingomonas.42","false","d__Bacteria","d__Bacteria |  p__Proteobacteria |  c__Alphaproteobacteria | Sphingomonadales |  f__Sphingomonadaceae |  g__Sphingomonas.42","113.12068965517241","0","58","Sphingomonadales","0","p__Proteobacteria","0.9959367559141443","false","0","d__Bacteria |  p__Proteobacteria |  c__Alphaproteobacteria | Sphingomonadales |  f__Sphingomonadaceae |  g__Sphingomonas.42","11816","0.16858523048460866"
"2.1274817136886104","3.5527275958385665E-4","c__Alphaproteobacteria","0.47003929273084477","0.42956349206349204","64","3","f__Sphingomonadaceae","g__uncultured.6","false","d__Bacteria","d__Bacteria |  p__Proteobacteria |  c__Alphaproteobacteria | Sphingomonadales |  f__Sphingomonadaceae |  g__uncultured.6","126.796875","0","64","Sphingomonadales","0","p__Proteobacteria","0.996303338643644","false","0","d__Bacteria |  p__Proteobacteria |  c__Alphaproteobacteria | Sphingomonadales |  f__Sphingomonadaceae |  g__uncultured.6","16646","0.16445768482490272"
"2.316614420062696","1.6397332458665384E-4","c__Gammaproteobacteria","0.43166441136671174","0.4148148148148148","55","4","f__Oxalobacteraceae","0.998501817","false","d__Bacteria","d__Bacteria |  p__Proteobacteria |  c__Gammaproteobacteria | Burkholderiales |  f__Oxalobacteraceae | 0.998501817","112.01818181818182","0","55","Burkholderiales","0","p__Proteobacteria","0.9956832314096304","false","0","d__Bacteria |  p__Proteobacteria |  c__Gammaproteobacteria | Burkholderiales |  f__Oxalobacteraceae | 0.998501817","5400","0.18576812905171114"
"1.9885057471264367","0.001116340708998492","c__Gammaproteobacteria","0.5028901734104047","0.4261763877148493","169","3","f__SC-I-84","g__SC-I-84.9","false","d__Bacteria","d__Bacteria |  p__Proteobacteria |  c__Gammaproteobacteria | Burkholderiales |  f__SC-I-84 |  g__SC-I-84.9","142.11834319526628","0","169","Burkholderiales","0","p__Proteobacteria","0.9967589975504051","false","0","d__Bacteria |  p__Proteobacteria |  c__Gammaproteobacteria | Burkholderiales |  f__SC-I-84 |  g__SC-I-84.9","57454","0.17787026682761736"
"2.0250783699059562","6.083948122687609E-4","c__Verrucomicrobiae","0.4938080495356037","0.4765432098765432","81","3","f__Pedosphaeraceae","g__Pedosphaeraceae","false","d__Bacteria","d__Bacteria |  p__Verrucomicrobiota |  c__Verrucomicrobiae | Pedosphaerales |  f__Pedosphaeraceae |  g__Pedosphaeraceae","145.06172839506172","0","81","Pedosphaerales","0","p__Verrucomicrobiota","0.9966390873117837","false","0","d__Bacteria |  p__Verrucomicrobiota |  c__Verrucomicrobiae | Pedosphaerales |  f__Pedosphaeraceae |  g__Pedosphaeraceae","34774","0.17026024459514288"
"2.012539184952978","0.001438416842209829","c__Actinobacteria","0.4968847352024922","0.43089277279168636","146","3","f__Nocardioidaceae","g__Nocardioides.10","false","d__Bacteria","d__Bacteria |  p__Actinobacteriota |  c__Actinobacteria | Propionibacteriales |  f__Nocardioidaceae |  g__Nocardioides.10","144.76027397260273","0","146","Propionibacteriales","0","p__Actinobacteriota","0.9966801993935969","false","0","d__Bacteria |  p__Actinobacteriota |  c__Actinobacteria | Propionibacteriales |  f__Nocardioidaceae |  g__Nocardioides.10","65442","0.1811768134826067"
"1.9822361546499478","0.0015891786989350456","c__Actinobacteria","0.5044807590933051","0.4468390804597701","145","3","f__Nocardioidaceae","g__Nocardioides.7","false","d__Bacteria","d__Bacteria |  p__Actinobacteriota |  c__Actinobacteria | Propionibacteriales |  f__Nocardioidaceae |  g__Nocardioides.7","144.6","0","145","Propionibacteriales","0","p__Actinobacteriota","0.9967795535913115","false","0","d__Bacteria |  p__Actinobacteriota |  c__Actinobacteria | Propionibacteriales |  f__Nocardioidaceae |  g__Nocardioides.7","78384","0.1744270205066345"
"2.0992685475444097","0.00100762325975039","c__MB-A2-108","0.47635639621702336","0.4624226348364279","117","3","f__MB-A2-108","g__MB-A2-108.2","false","d__Bacteria","d__Bacteria |  p__Actinobacteriota |  c__MB-A2-108 | MB-A2-108 |  f__MB-A2-108 |  g__MB-A2-108.2","143.6153846153846","0","117","MB-A2-108","0","p__Actinobacteriota","0.9963958408277233","false","0","d__Bacteria |  p__Actinobacteriota |  c__MB-A2-108 | MB-A2-108 |  f__MB-A2-108 |  g__MB-A2-108.2","43860","0.19301994301994302"
"2.147335423197492","8.204144867446561E-4","c__Gemmatimonadetes","0.4656934306569343","0.30140350877192984","76","3","f__Gemmatimonadaceae","g__Gemmatimonas.3","false","d__Bacteria","d__Bacteria |  p__Gemmatimonadota |  c__Gemmatimonadetes | Gemmatimonadales |  f__Gemmatimonadaceae |  g__Gemmatimonas.3","114.01315789473684","0","76","Gemmatimonadales","0","p__Gemmatimonadota","0.9962382445141066","false","0","d__Bacteria |  p__Gemmatimonadota |  c__Gemmatimonadetes | Gemmatimonadales |  f__Gemmatimonadaceae |  g__Gemmatimonas.3","31986","0.15407183499288762"
"2.2089864158829675","2.7317518566672436E-4","c__Alphaproteobacteria","0.45269631031220436","0.5031645569620253","80","3","f__Reyranellaceae","g__Reyranella.1","false","d__Bacteria","d__Bacteria |  p__Proteobacteria |  c__Alphaproteobacteria | Reyranellales |  f__Reyranellaceae |  g__Reyranella.1","139.925","0","80","Reyranellales","0","p__Proteobacteria","0.9960361101118591","false","0","d__Bacteria |  p__Proteobacteria |  c__Alphaproteobacteria | Reyranellales |  f__Reyranellaceae |  g__Reyranella.1","11856","0.20668389955686853"
"1.9247648902821317","0.002412627581456848","c__Alphaproteobacteria","0.5195439739413681","0.34729707659643966","157","3","f__Sphingomonadaceae","g__Sphingomonas.5","false","d__Bacteria","d__Bacteria |  p__Proteobacteria |  c__Alphaproteobacteria | Sphingomonadales |  f__Sphingomonadaceae |  g__Sphingomonas.5","133.05095541401275","0","157","Sphingomonadales","0","p__Proteobacteria","0.9969679839662882","false","0","d__Bacteria |  p__Proteobacteria |  c__Alphaproteobacteria | Sphingomonadales |  f__Sphingomonadaceae |  g__Sphingomonas.5","111126","0.1525813708876293"
"2.29153605015674","3.943494711317462E-5","c__Gammaproteobacteria","0.4363885088919289","0.5272727272727272","45","4","f__SC-I-84","g__SC-I-84.8","false","d__Bacteria","d__Bacteria |  p__Proteobacteria |  c__Gammaproteobacteria | Burkholderiales |  f__SC-I-84 |  g__SC-I-84.8","139.3111111111111","0","45","Burkholderiales","0","p__Proteobacteria","0.9957654555732565","false","0","d__Bacteria |  p__Proteobacteria |  c__Gammaproteobacteria | Burkholderiales |  f__SC-I-84 |  g__SC-I-84.8","2406","0.2193875765529309"
"2.170323928944619","0.001019548625528455","c__Actinobacteria","0.4607607125662012","0.3414035087719298","76","4","f__Nocardioidaceae","g__Nocardioides.13","false","d__Bacteria","d__Bacteria |  p__Actinobacteriota |  c__Actinobacteria | Propionibacteriales |  f__Nocardioidaceae |  g__Nocardioides.13","97.5657894736842","0","76","Propionibacteriales","0","p__Actinobacteriota","0.9961628723641159","false","0","d__Bacteria |  p__Actinobacteriota |  c__Actinobacteria | Propionibacteriales |  f__Nocardioidaceae |  g__Nocardioides.13","34922","0.13569650830832297"
"2.1044932079414838","0.0013620838673657442","c__Thermoleophilia","0.47517378351539225","0.383289124668435","117","3","f__Gaiellaceae","g__Gaiella.3","false","d__Bacteria","d__Bacteria |  p__Actinobacteriota |  c__Thermoleophilia | Gaiellales |  f__Gaiellaceae |  g__Gaiella.3","120.51282051282051","0","117","Gaiellales","0","p__Actinobacteriota","0.9963787107936346","false","0","d__Bacteria |  p__Actinobacteriota |  c__Thermoleophilia | Gaiellales |  f__Gaiellaceae |  g__Gaiella.3","55902","0.16285516285516285"
"2.188087774294671","6.695753782915908E-4","c__Dehalococcoidia","0.45702005730659023","0.4039938556067588","63","4","f__S085","g__S085","false","d__Bacteria","d__Bacteria |  p__Chloroflexi |  c__Dehalococcoidia | S085 |  f__S085 |  g__S085","92.11111111111111","0","63","S085","0","p__Chloroflexi","0.9961046302482142","false","0","d__Bacteria |  p__Chloroflexi |  c__Dehalococcoidia | S085 |  f__S085 |  g__S085","23546","0.1286468032278088"
"2.317659352142111","2.632863845858386E-4","c__Dehalococcoidia","0.43146979260595125","0.44476914085330216","59","4","f__S085","g__S085.1","false","d__Bacteria","d__Bacteria |  p__Chloroflexi |  c__Dehalococcoidia | S085 |  f__S085 |  g__S085.1","90.96610169491525","0","59","S085","0","p__Chloroflexi","0.9956798054028126","false","0","d__Bacteria |  p__Chloroflexi |  c__Dehalococcoidia | S085 |  f__S085 |  g__S085.1","11230","0.15135790631433488"
"2.3605015673981193","1.3732597591507696E-4","c__Dehalococcoidia","0.4236387782204515","0.47126436781609193","30","4","f__S085","g__S085.6","false","d__Bacteria","d__Bacteria |  p__Chloroflexi |  c__Dehalococcoidia | S085 |  f__S085 |  g__S085.6","101.96666666666667","0","30","S085","0","p__Chloroflexi","0.995539339123285","false","0","d__Bacteria |  p__Chloroflexi |  c__Dehalococcoidia | S085 |  f__S085 |  g__S085.6","4902","0.1743019943019943"
"1.9895506792058517","0.0025557723708399985","c__JG30-KF-CM66","0.5026260504201681","0.3065074420214607","108","3","f__JG30-KF-CM66","g__JG30-KF-CM66.5","false","d__Bacteria","d__Bacteria |  p__Chloroflexi |  c__JG30-KF-CM66 | JG30-KF-CM66 |  f__JG30-KF-CM66 |  g__JG30-KF-CM66.5","117.5925925925926","0","108","JG30-KF-CM66","0","p__Chloroflexi","0.9967555715435873","false","0","d__Bacteria |  p__Chloroflexi |  c__JG30-KF-CM66 | JG30-KF-CM66 |  f__JG30-KF-CM66 |  g__JG30-KF-CM66.5","111568","0.13689475272711593"
"2.1912225705329154","5.294583988321557E-4","c__TK10","0.4563662374821173","0.4101123595505618","89","3","f__TK10","g__TK10.94","false","d__Bacteria","d__Bacteria |  p__Chloroflexi |  c__TK10 | TK10 |  f__TK10 |  g__TK10.94","108.2247191011236","0","89","TK10","0","p__Chloroflexi","0.9960943522277609","false","0","d__Bacteria |  p__Chloroflexi |  c__TK10 | TK10 |  f__TK10 |  g__TK10.94","22000","0.1579922906585746"
"2.315569487983281","1.3173242474789548E-4",,"0.4318592057761733","0.4166666666666667","40","4",,,"false",,"d__Bacteria |  p__Chloroflexi | 0.990581746 |  |  | ","98.925","0","40",,"0",,"0.9956866574164482","false","0","d__Bacteria |  p__Chloroflexi | 0.990581746 |  |  | ","5460","0.16059253246753247"
"2.2361546499477534","3.7045984318653867E-4","c__Nitrospiria","0.44719626168224297","0.4225774225774226","78","4","f__Nitrospiraceae","g__Nitrospira","false","d__Bacteria","d__Bacteria |  p__Nitrospirota |  c__Nitrospiria | Nitrospirales |  f__Nitrospiraceae |  g__Nitrospira","100.24358974358974","0","78","Nitrospirales","0","p__Nitrospirota","0.9959470339345975","false","0","d__Bacteria |  p__Nitrospirota |  c__Nitrospiria | Nitrospirales |  f__Nitrospiraceae |  g__Nitrospira","14698","0.1530436484634958"
"2.237199582027168","2.9831963380787534E-4","c__Alphaproteobacteria","0.4469873890705278","0.3720657276995305","72","4","f__Sphingomonadaceae","g__Altererythrobacter.3","false","d__Bacteria","d__Bacteria |  p__Proteobacteria |  c__Alphaproteobacteria | Sphingomonadales |  f__Sphingomonadaceae |  g__Altererythrobacter.3","124.22222222222223","0","72","Sphingomonadales","0","p__Proteobacteria","0.9959436079277797","false","0","d__Bacteria |  p__Proteobacteria |  c__Alphaproteobacteria | Sphingomonadales |  f__Sphingomonadaceae |  g__Altererythrobacter.3","10788","0.18821548821548822"
"2.205851619644723","6.09215884763124E-4","c__Alphaproteobacteria","0.4533396494552345","0.35997649133117837","83","4","f__Sphingomonadaceae","g__Sphingomonas.17","false","d__Bacteria","d__Bacteria |  p__Proteobacteria |  c__Alphaproteobacteria | Sphingomonadales |  f__Sphingomonadaceae |  g__Sphingomonas.17","104.21686746987952","0","83","Sphingomonadales","0","p__Proteobacteria","0.9960463881323125","false","0","d__Bacteria |  p__Proteobacteria |  c__Alphaproteobacteria | Sphingomonadales |  f__Sphingomonadaceae |  g__Sphingomonas.17","24998","0.15371219390837687"
"2.0961337513061653","8.826300942595204E-4","c__Gammaproteobacteria","0.4770687936191425","0.39281628917867767","94","3","f__B1-7BS","g__B1-7BS","false","d__Bacteria","d__Bacteria |  p__Proteobacteria |  c__Gammaproteobacteria | Burkholderiales |  f__B1-7BS |  g__B1-7BS","120.41489361702128","0","94","Burkholderiales","0","p__Proteobacteria","0.9964061188481764","false","0","d__Bacteria |  p__Proteobacteria |  c__Gammaproteobacteria | Burkholderiales |  f__B1-7BS |  g__B1-7BS","34054","0.15618014736319233"
"2.090909090909091","9.57982094244274E-4","c__Gammaproteobacteria","0.4782608695652174","0.3922250316055626","113","3","f__Nitrosomonadaceae","g__IS-44","false","d__Bacteria","d__Bacteria |  p__Proteobacteria |  c__Gammaproteobacteria | Burkholderiales |  f__Nitrosomonadaceae |  g__IS-44","133.31858407079645","0","113","Burkholderiales","0","p__Proteobacteria","0.9964232488822654","false","0","d__Bacteria |  p__Proteobacteria |  c__Gammaproteobacteria | Burkholderiales |  f__Nitrosomonadaceae |  g__IS-44","44350","0.17611437790065582"
"2.038662486938349","0.0016027570615237676","c__Ktedonobacteria","0.4905176832393644","0.34596491228070175","76","3","f__C0119","g__C0119.6","false","d__Bacteria","d__Bacteria |  p__Chloroflexi |  c__Ktedonobacteria | C0119 |  f__C0119 |  g__C0119.6","99.64473684210526","0","76","C0119","0","p__Chloroflexi","0.996594549223153","false","0","d__Bacteria |  p__Chloroflexi |  c__Ktedonobacteria | C0119 |  f__C0119 |  g__C0119.6","64302","0.11806248441007733"
"2.1724137931034484","4.513604422363105E-4","c__Thermoleophilia","0.4603174603174603","0.42868686868686867","100","3","f__67-14","g__67-14.2","false","d__Bacteria","d__Bacteria |  p__Actinobacteriota |  c__Thermoleophilia | Solirubrobacterales |  f__67-14 |  g__67-14.2","134.34","0","100","Solirubrobacterales","0","p__Actinobacteriota","0.9961560203504806","false","0","d__Bacteria |  p__Actinobacteriota |  c__Thermoleophilia | Solirubrobacterales |  f__67-14 |  g__67-14.2","20024","0.1941329479768786"
"2.1682340647857887","3.666513242090141E-4","c__Chloroflexia","0.4612048192771085","0.39887005649717516","60","3","f__Chloroflexaceae","g__FFCH7168.3","false","d__Bacteria","d__Bacteria |  p__Chloroflexi |  c__Chloroflexia | Chloroflexales |  f__Chloroflexaceae |  g__FFCH7168.3","125.71666666666667","0","60","Chloroflexales","0","p__Chloroflexi","0.9961697243777515","false","0","d__Bacteria |  p__Chloroflexi |  c__Chloroflexia | Chloroflexales |  f__Chloroflexaceae |  g__FFCH7168.3","15744","0.1708106884057971"
"2.1588296760710555","3.2350133789491535E-4","c__Myxococcia","0.4632139399806389","0.3758480325644505","67","3","f__Myxococcaceae","0.999968709","false","d__Bacteria","d__Bacteria |  p__Myxococcota |  c__Myxococcia | Myxococcales |  f__Myxococcaceae | 0.999968709","124.05970149253731","0","67","Myxococcales","0","p__Myxococcota","0.9962005584391114","false","0","d__Bacteria |  p__Myxococcota |  c__Myxococcia | Myxococcales |  f__Myxococcaceae | 0.999968709","14230","0.16810257654815355"
"2.1985370950888194","3.585609452358509E-4","c__Alphaproteobacteria","0.4548479087452471","0.30830248545742994","62","3","f__Sphingomonadaceae","g__Sphingorhabdus.2","false","d__Bacteria","d__Bacteria |  p__Proteobacteria |  c__Alphaproteobacteria | Sphingomonadales |  f__Sphingomonadaceae |  g__Sphingorhabdus.2","97.12903225806451","0","62","Sphingomonadales","0","p__Proteobacteria","0.9960703701800367","false","0","d__Bacteria |  p__Proteobacteria |  c__Alphaproteobacteria | Sphingomonadales |  f__Sphingomonadaceae |  g__Sphingorhabdus.2","12694","0.13777167696179363"
"2.169278996865204","8.57537264209299E-4","c__Actinobacteria","0.46098265895953755","0.3651246906529602","103","4","f__Micromonosporaceae","0.99963784","false","d__Bacteria","d__Bacteria |  p__Actinobacteriota |  c__Actinobacteria | Micromonosporales |  f__Micromonosporaceae | 0.99963784","119.19417475728156","0","103","Micromonosporales","0","p__Actinobacteriota","0.9961662983709337","false","0","d__Bacteria |  p__Actinobacteriota |  c__Actinobacteria | Micromonosporales |  f__Micromonosporaceae | 0.99963784","35400","0.17199736617212347"
"2.2810867293625914","0.0010169906828380202","c__Actinobacteria","0.43838754008245534","0.33765032377428306","47","3","f__Nocardioidaceae","g__Marmoricola.3","false","d__Bacteria","d__Bacteria |  p__Actinobacteriota |  c__Actinobacteria | Propionibacteriales |  f__Nocardioidaceae |  g__Marmoricola.3","64.82978723404256","0","47","Propionibacteriales","0","p__Actinobacteriota","0.9957997156414341","false","0","d__Bacteria |  p__Actinobacteriota |  c__Actinobacteria | Propionibacteriales |  f__Nocardioidaceae |  g__Marmoricola.3","24264","0.1011385136256514"
"2.3782654127481715","1.5118934565441411E-4","c__Actinobacteria","0.4204745166959578","0.437862950058072","42","4","f__Nocardioidaceae","g__Nocardioides.6","false","d__Bacteria","d__Bacteria |  p__Actinobacteriota |  c__Actinobacteria | Propionibacteriales |  f__Nocardioidaceae |  g__Nocardioides.6","84.66666666666667","0","42","Propionibacteriales","0","p__Actinobacteriota","0.995481097007383","false","0","d__Bacteria |  p__Actinobacteriota |  c__Actinobacteria | Propionibacteriales |  f__Nocardioidaceae |  g__Nocardioides.6","8384","0.15038484310242747"
"2.420062695924765","5.408783846898176E-4","c__Actinobacteria","0.4132124352331606","0.3170731707317073","42","4","f__Nocardioidaceae","g__Nocardioides.8","false","d__Bacteria","d__Bacteria |  p__Actinobacteriota |  c__Actinobacteria | Propionibacteriales |  f__Nocardioidaceae |  g__Nocardioides.8","59.357142857142854","0","42","Propionibacteriales","0","p__Actinobacteriota","0.995344056734673","false","0","d__Bacteria |  p__Actinobacteriota |  c__Actinobacteria | Propionibacteriales |  f__Nocardioidaceae |  g__Nocardioides.8","15346","0.11481072119369992"
"2.2173458725182864","6.128970361011847E-4","c__Actinobacteria","0.45098963242224316","0.32662337662337665","56","3","f__Pseudonocardiaceae","g__Amycolatopsis","false","d__Bacteria","d__Bacteria |  p__Actinobacteriota |  c__Actinobacteria | Pseudonocardiales |  f__Pseudonocardiaceae |  g__Amycolatopsis","84.69642857142857","0","56","Pseudonocardiales","0","p__Actinobacteriota","0.9960087020573171","false","0","d__Bacteria |  p__Actinobacteriota |  c__Actinobacteria | Pseudonocardiales |  f__Pseudonocardiaceae |  g__Amycolatopsis","20380","0.12221706864564007"
"2.2998955067920583","3.533560873034911E-4","c__Dehalococcoidia","0.4348023625624716","0.3711864406779661","60","4","f__S085","g__S085.5","false","d__Bacteria","d__Bacteria |  p__Chloroflexi |  c__Dehalococcoidia | S085 |  f__S085 |  g__S085.5","92.75","0","60","S085","0","p__Chloroflexi","0.9957380475187146","false","0","d__Bacteria |  p__Chloroflexi |  c__Dehalococcoidia | S085 |  f__S085 |  g__S085.5","13202","0.15032414910858996"
"2.501567398119122","6.668126904771864E-5","c__TK10","0.39974937343358397","0.42105263157894735","19","4","f__TK10","g__TK10.102","false","d__Bacteria","d__Bacteria |  p__Chloroflexi |  c__TK10 | TK10 |  f__TK10 |  g__TK10.102","69.05263157894737","0","19","TK10","0","p__Chloroflexi","0.9950768282028881","false","0","d__Bacteria |  p__Chloroflexi |  c__TK10 | TK10 |  f__TK10 |  g__TK10.102","2590","0.1478643074495661"
"2.239289446185998","4.4311784695606077E-4","c__TK10","0.44657022865142326","0.37267080745341613","70","4","f__TK10","g__TK10.44","false","d__Bacteria","d__Bacteria |  p__Chloroflexi |  c__TK10 | TK10 |  f__TK10 |  g__TK10.44","97.02857142857142","0","70","TK10","0","p__Chloroflexi","0.9959367559141443","false","0","d__Bacteria |  p__Chloroflexi |  c__TK10 | TK10 |  f__TK10 |  g__TK10.44","15678","0.147012987012987"
"2.3563218390804597","2.441822494447129E-4",,"0.42439024390243907","0.4302721088435374","49","4",,,"false",,"d__Bacteria |  p__Chloroflexi | 0.957257173 |  |  | ","69.51020408163265","0","49",,"0",,"0.9955530431505558","false","0","d__Bacteria |  p__Chloroflexi | 0.957257173 |  |  | ","9368","0.12216204583766722"
"2.1818181818181817","6.383900908841476E-4","c__Gemmatimonadetes","0.45833333333333337","0.3983614951356887","63","3","f__Gemmatimonadaceae","g__uncultured","false","d__Bacteria","d__Bacteria |  p__Gemmatimonadota |  c__Gemmatimonadetes | Gemmatimonadales |  f__Gemmatimonadaceae |  g__uncultured","91.98412698412699","0","63","Gemmatimonadales","0","p__Gemmatimonadota","0.9961251862891207","false","0","d__Bacteria |  p__Gemmatimonadota |  c__Gemmatimonadetes | Gemmatimonadales |  f__Gemmatimonadaceae |  g__uncultured","22532","0.12775573192239859"
"2.22466039707419","6.336217507952502E-4","c__Alphaproteobacteria","0.4495068107092532","0.2721311475409836","61","3","f__Sphingomonadaceae","g__Sphingomonas.18","false","d__Bacteria","d__Bacteria |  p__Proteobacteria |  c__Alphaproteobacteria | Sphingomonadales |  f__Sphingomonadaceae |  g__Sphingomonas.18","89.62295081967213","0","61","Sphingomonadales","0","p__Proteobacteria","0.9959847200095927","false","0","d__Bacteria |  p__Proteobacteria |  c__Alphaproteobacteria | Sphingomonadales |  f__Sphingomonadaceae |  g__Sphingomonas.18","22874","0.13160492044004718"
"2.2497387669801463","6.009769646499363E-4","c__Alphaproteobacteria","0.44449605202043657","0.3356643356643357","66","3","f__Sphingomonadaceae","g__Sphingomonas.33","false","d__Bacteria","d__Bacteria |  p__Proteobacteria |  c__Alphaproteobacteria | Sphingomonadales |  f__Sphingomonadaceae |  g__Sphingomonas.33","85.9090909090909","0","66","Sphingomonadales","0","p__Proteobacteria","0.9959024958459667","false","0","d__Bacteria |  p__Proteobacteria |  c__Alphaproteobacteria | Sphingomonadales |  f__Sphingomonadaceae |  g__Sphingomonas.33","20778","0.13176240936977132"
"2.2998955067920583","4.0175214659526393E-4","c__Alphaproteobacteria","0.4348023625624716","0.3616161616161616","55","4","f__Sphingomonadaceae","0.999876461","false","d__Bacteria","d__Bacteria |  p__Proteobacteria |  c__Alphaproteobacteria | Sphingomonadales |  f__Sphingomonadaceae | 0.999876461","76.65454545454546","0","55","Sphingomonadales","0","p__Proteobacteria","0.9957380475187146","false","0","d__Bacteria |  p__Proteobacteria |  c__Alphaproteobacteria | Sphingomonadales |  f__Sphingomonadaceae | 0.999876461","15294","0.12383609928036422"
"2.276907001044932","2.4939335221015724E-4","c__Gammaproteobacteria","0.43919229004130333","0.3784355179704017","44","4","f__Nitrosomonadaceae","g__MND1.4","false","d__Bacteria","d__Bacteria |  p__Proteobacteria |  c__Gammaproteobacteria | Burkholderiales |  f__Nitrosomonadaceae |  g__MND1.4","96.45454545454545","0","44","Burkholderiales","0","p__Proteobacteria","0.9958134196687051","false","0","d__Bacteria |  p__Proteobacteria |  c__Gammaproteobacteria | Burkholderiales |  f__Nitrosomonadaceae |  g__MND1.4","9746","0.14862025493766634"
"2.155694879832811","9.062016504603629E-4","c__Thermoleophilia","0.4638875424139602","0.30886075949367087","80","3","f__Gaiellaceae","g__Gaiella.2","false","d__Bacteria","d__Bacteria |  p__Actinobacteriota |  c__Thermoleophilia | Gaiellales |  f__Gaiellaceae |  g__Gaiella.2","107.95","0","80","Gaiellales","0","p__Actinobacteriota","0.9962108364595645","false","0","d__Bacteria |  p__Actinobacteriota |  c__Thermoleophilia | Gaiellales |  f__Gaiellaceae |  g__Gaiella.2","35050","0.14828296703296703"
"2.142110762800418","9.744222856629972E-4","c__Alphaproteobacteria","0.4668292682926829","0.3082942097026604","72","3","f__Sphingomonadaceae","g__Sphingomonas.11","false","d__Bacteria","d__Bacteria |  p__Proteobacteria |  c__Alphaproteobacteria | Sphingomonadales |  f__Sphingomonadaceae |  g__Sphingomonas.11","89.91666666666667","0","72","Sphingomonadales","0","p__Proteobacteria","0.9962553745481953","false","0","d__Bacteria |  p__Proteobacteria |  c__Alphaproteobacteria | Sphingomonadales |  f__Sphingomonadaceae |  g__Sphingomonas.11","33008","0.12019087938205585"
"2.41692789968652","1.736281995803516E-4","c__Alphaproteobacteria","0.4137483787289235","0.3511586452762923","34","4","f__Acetobacteraceae","0.999997839","false","d__Bacteria","d__Bacteria |  p__Proteobacteria |  c__Alphaproteobacteria | Acetobacterales |  f__Acetobacteraceae | 0.999997839","69.91176470588235","0","34","Acetobacterales","0","p__Proteobacteria","0.9953543347551261","false","0","d__Bacteria |  p__Proteobacteria |  c__Alphaproteobacteria | Acetobacterales |  f__Acetobacteraceae | 0.999997839","6348","0.1319089900110988"
"2.4012539184952977","4.767541248379139E-5","c__Actinobacteria","0.4164490861618799","0.4899193548387097","32","4","f__Sporichthyaceae","g__uncultured.1","false","d__Bacteria","d__Bacteria |  p__Actinobacteriota |  c__Actinobacteria | Frankiales |  f__Sporichthyaceae |  g__uncultured.1","95.28125","0","32","Frankiales","0","p__Actinobacteriota","0.9954057248573925","false","0","d__Bacteria |  p__Actinobacteriota |  c__Actinobacteria | Frankiales |  f__Sporichthyaceae |  g__uncultured.1","1874","0.17292422867513613"
"2.284221525600836","3.6023166216536944E-4","c__TK10","0.4377859103385179","0.42668371696504687","69","4","f__TK10","g__TK10.137","false","d__Bacteria","d__Bacteria |  p__Chloroflexi |  c__TK10 | TK10 |  f__TK10 |  g__TK10.137","91.30434782608695","0","69","TK10","0","p__Chloroflexi","0.9957894376209808","false","0","d__Bacteria |  p__Chloroflexi |  c__TK10 | TK10 |  f__TK10 |  g__TK10.137","14602","0.14798111479106477"
"2.1964472309299894","4.5511579535802426E-4","c__TK10","0.4552806850618459","0.31751412429378534","60","3","f__TK10","g__TK10.75","false","d__Bacteria","d__Bacteria |  p__Chloroflexi |  c__TK10 | TK10 |  f__TK10 |  g__TK10.75","91.95","0","60","TK10","0","p__Chloroflexi","0.9960772221936721","false","0","d__Bacteria |  p__Chloroflexi |  c__TK10 | TK10 |  f__TK10 |  g__TK10.75","17454","0.12968970380818054"
"2.2434691745036575","2.0804732124819953E-4","c__Acidimicrobiia","0.44573823940381924","0.36923076923076925","40","3","f__IMCC26256","g__IMCC26256.5","false","d__Bacteria","d__Bacteria |  p__Actinobacteriota |  c__Acidimicrobiia | IMCC26256 |  f__IMCC26256 |  g__IMCC26256.5","127.625","0","40","IMCC26256","0","p__Actinobacteriota","0.9959230518868732","false","0","d__Bacteria |  p__Actinobacteriota |  c__Acidimicrobiia | IMCC26256 |  f__IMCC26256 |  g__IMCC26256.5","9806","0.18658625730994152"
"2.0679205851619646","9.997442450989439E-4","c__Actinobacteria","0.483577564426478","0.4074074074074074","109","3","f__Intrasporangiaceae","0.999223852","false","d__Bacteria","d__Bacteria |  p__Actinobacteriota |  c__Actinobacteria | Micrococcales |  f__Intrasporangiaceae | 0.999223852","136.12844036697248","0","109","Micrococcales","0","p__Actinobacteriota","0.9964986210322558","false","0","d__Bacteria |  p__Actinobacteriota |  c__Actinobacteria | Micrococcales |  f__Intrasporangiaceae | 0.999223852","44588","0.17406555761514816"
"2.026123301985371","0.0019209320993358663","c__Actinobacteria","0.4935533780299123","0.29473684210526313","96","3","f__Nocardioidaceae","g__Nocardioides.11","false","d__Bacteria","d__Bacteria |  p__Actinobacteriota |  c__Actinobacteria | Propionibacteriales |  f__Nocardioidaceae |  g__Nocardioides.11","121.58333333333333","0","96","Propionibacteriales","0","p__Actinobacteriota","0.9966356613049661","false","0","d__Bacteria |  p__Actinobacteriota |  c__Actinobacteria | Propionibacteriales |  f__Nocardioidaceae |  g__Nocardioides.11","81514","0.14543460925039872"
"2.0564263322884013","0.0013344368931150867","c__Thermoleophilia","0.48628048780487804","0.3909322229932917","132","3","f__uncultured","g__uncultured.13","false","d__Bacteria","d__Bacteria |  p__Actinobacteriota |  c__Thermoleophilia | Gaiellales |  f__uncultured |  g__uncultured.13","130.8181818181818","0","132","Gaiellales","0","p__Actinobacteriota","0.996536307107251","false","0","d__Bacteria |  p__Actinobacteriota |  c__Thermoleophilia | Gaiellales |  f__uncultured |  g__uncultured.13","55392","0.16967338757222025"
"2.2978056426332287","9.563225292831518E-5","c__Thermoleophilia","0.4351978171896317","0.4856614246068455","47","4","f__Solirubrobacteraceae","g__Solirubrobacter.2","false","d__Bacteria","d__Bacteria |  p__Actinobacteriota |  c__Thermoleophilia | Solirubrobacterales |  f__Solirubrobacteraceae |  g__Solirubrobacter.2","145.12765957446808","0","47","Solirubrobacterales","0","p__Actinobacteriota","0.99574489953235","false","0","d__Bacteria |  p__Actinobacteriota |  c__Thermoleophilia | Solirubrobacterales |  f__Solirubrobacteraceae |  g__Solirubrobacter.2","3734","0.23183332200394263"
"2.098223615464995","0.001713960982627661","c__Chloroflexia","0.47659362549800793","0.34371957156767285","79","3","f__Chloroflexaceae","g__Chloronema.6","false","d__Bacteria","d__Bacteria |  p__Chloroflexi |  c__Chloroflexia | Chloroflexales |  f__Chloroflexaceae |  g__Chloronema.6","80.58227848101266","0","79","Chloroflexales","0","p__Chloroflexi","0.996399266834541","false","0","d__Bacteria |  p__Chloroflexi |  c__Chloroflexia | Chloroflexales |  f__Chloroflexaceae |  g__Chloronema.6","58960","0.10278351847067942"
"2.2789968652037618","2.2113920881854682E-4","c__Alphaproteobacteria","0.43878954607977994","0.4202185792349727","61","4","f__Caulobacteraceae","0.999813735","false","d__Bacteria","d__Bacteria |  p__Proteobacteria |  c__Alphaproteobacteria | Caulobacterales |  f__Caulobacteraceae | 0.999813735","106.49180327868852","0","61","Caulobacterales","0","p__Proteobacteria","0.9958065676550697","false","0","d__Bacteria |  p__Proteobacteria |  c__Alphaproteobacteria | Caulobacterales |  f__Caulobacteraceae | 0.999813735","7594","0.16796814397269483"
"2.1442006269592477","4.0326514789244355E-4","c__Acidimicrobiia","0.46637426900584794","0.34915254237288135","60","3","f__Iamiaceae","g__Iamia","false","d__Bacteria","d__Bacteria |  p__Actinobacteriota |  c__Acidimicrobiia | Microtrichales |  f__Iamiaceae |  g__Iamia","125.16666666666667","0","60","Microtrichales","0","p__Actinobacteriota","0.9962485225345598","false","0","d__Bacteria |  p__Actinobacteriota |  c__Acidimicrobiia | Microtrichales |  f__Iamiaceae |  g__Iamia","17632","0.16490996925779536"
"2.1828631138975965","6.242110241638704E-4","c__Chloroflexia","0.45811393011010054","0.2696985721840296","62","3","f__Chloroflexaceae","g__Oscillochloris.1","false","d__Bacteria","d__Bacteria |  p__Chloroflexi |  c__Chloroflexia | Chloroflexales |  f__Chloroflexaceae |  g__Oscillochloris.1","94.61290322580645","0","62","Chloroflexales","0","p__Chloroflexi","0.9961217602823029","false","0","d__Bacteria |  p__Chloroflexi |  c__Chloroflexia | Chloroflexales |  f__Chloroflexaceae |  g__Oscillochloris.1","22788","0.1314068100358423"
"2.0240334378265414","0.0018700184295158827","c__Chloroflexia","0.49406298399586984","0.31803035912624955","74","3","f__Roseiflexaceae","g__uncultured.22","false","d__Bacteria","d__Bacteria |  p__Chloroflexi |  c__Chloroflexia | Chloroflexales |  f__Roseiflexaceae |  g__uncultured.22","89.70270270270271","0","74","Chloroflexales","0","p__Chloroflexi","0.9966425133186015","false","0","d__Bacteria |  p__Chloroflexi |  c__Chloroflexia | Chloroflexales |  f__Roseiflexaceae |  g__uncultured.22","78590","0.10430546825895663"
"2.052246603970742","0.0018576498660930404","c__Gammaproteobacteria","0.4872708757637474","0.357997557997558","91","3","f__TRA3-20","g__TRA3-20.1","false","d__Bacteria","d__Bacteria |  p__Proteobacteria |  c__Gammaproteobacteria | Burkholderiales |  f__TRA3-20 |  g__TRA3-20.1","127.03296703296704","0","91","Burkholderiales","0","p__Proteobacteria","0.9965500111345222","false","0","d__Bacteria |  p__Proteobacteria |  c__Gammaproteobacteria | Burkholderiales |  f__TRA3-20 |  g__TRA3-20.1","75922","0.15567765567765568"
"2.040752351097179","5.427018334657064E-4","c__Acidimicrobiia","0.4900153609831029","0.4972451790633609","121","3","f__Iamiaceae","g__Iamia.1","false","d__Bacteria","d__Bacteria |  p__Actinobacteriota |  c__Acidimicrobiia | Microtrichales |  f__Iamiaceae |  g__Iamia.1","151.39669421487602","0","121","Microtrichales","0","p__Actinobacteriota","0.9965876972095175","false","0","d__Bacteria |  p__Actinobacteriota |  c__Acidimicrobiia | Microtrichales |  f__Iamiaceae |  g__Iamia.1","34104","0.1899582110600703"
"2.0073145245559036","0.002515890529183633","c__Chloroflexia","0.4981780322748569","0.2879850397381954","93","3","f__Chloroflexaceae","g__FFCH7168.6","false","d__Bacteria","d__Bacteria |  p__Chloroflexi |  c__Chloroflexia | Chloroflexales |  f__Chloroflexaceae |  g__FFCH7168.6","106.21505376344086","0","93","Chloroflexales","0","p__Chloroflexi","0.9966973294276855","false","0","d__Bacteria |  p__Chloroflexi |  c__Chloroflexia | Chloroflexales |  f__Chloroflexaceae |  g__FFCH7168.6","109042","0.12393821909386331"
"2.06687565308255","0.0016698480179589247","c__Chloroflexia","0.4838220424671385","0.336645588678109","82","3","f__Roseiflexaceae","g__uncultured.2","false","d__Bacteria","d__Bacteria |  p__Chloroflexi |  c__Chloroflexia | Chloroflexales |  f__Roseiflexaceae |  g__uncultured.2","91.1829268292683","0","82","Chloroflexales","0","p__Chloroflexi","0.9965020470390736","false","0","d__Bacteria |  p__Chloroflexi |  c__Chloroflexia | Chloroflexales |  f__Roseiflexaceae |  g__uncultured.2","69152","0.11243270879071306"
"2.053291536050157","0.0011142093113976253",,"0.48702290076335875","0.39236221305405694","138","3",,,"false",,"d__Bacteria |  p__Chloroflexi | 0.965354797 |  |  | ","134.34782608695653","0","138",,"0",,"0.9965465851277044","false","0","d__Bacteria |  p__Chloroflexi | 0.965354797 |  |  | ","50778","0.1749320652173913"
"2.031347962382445","7.499439245208133E-4","c__Polyangia","0.49228395061728397","0.43815426997245177","121","3","f__Haliangiaceae","g__Haliangium.3","false","d__Bacteria","d__Bacteria |  p__Myxococcota |  c__Polyangia | Haliangiales |  f__Haliangiaceae |  g__Haliangium.3","144.9504132231405","0","121","Haliangiales","0","p__Myxococcota","0.9966185312708773","false","0","d__Bacteria |  p__Myxococcota |  c__Polyangia | Haliangiales |  f__Haliangiaceae |  g__Haliangium.3","43234","0.1798392223612165"
"2.013584117032393","0.0016994802591383266","c__Gammaproteobacteria","0.49662688116242865","0.3212885154061625","85","3","f__Comamonadaceae","0.999356499","false","d__Bacteria","d__Bacteria |  p__Proteobacteria |  c__Gammaproteobacteria | Burkholderiales |  f__Comamonadaceae | 0.999356499","118.94117647058823","0","85","Burkholderiales","0","p__Proteobacteria","0.9966767733867791","false","0","d__Bacteria |  p__Proteobacteria |  c__Gammaproteobacteria | Burkholderiales |  f__Comamonadaceae | 0.999356499","88814","0.13846469903444497"
"2.102403343782654","9.419755152755505E-4","c__Gammaproteobacteria","0.47564612326043737","0.32974910394265233","63","3","f__Comamonadaceae","0.999984478","false","d__Bacteria","d__Bacteria |  p__Proteobacteria |  c__Gammaproteobacteria | Burkholderiales |  f__Comamonadaceae | 0.999984478","119.66666666666667","0","63","Burkholderiales","0","p__Proteobacteria","0.99638556280727","false","0","d__Bacteria |  p__Proteobacteria |  c__Gammaproteobacteria | Burkholderiales |  f__Comamonadaceae | 0.999984478","38340","0.15033500837520938"
"2.2089864158829675","1.888824807613218E-4","c__Gammaproteobacteria","0.45269631031220436","0.4964705882352941","51","3","f__Nitrosomonadaceae","g__Ellin6067.1","false","d__Bacteria","d__Bacteria |  p__Proteobacteria |  c__Gammaproteobacteria | Burkholderiales |  f__Nitrosomonadaceae |  g__Ellin6067.1","131.37254901960785","0","51","Burkholderiales","0","p__Proteobacteria","0.9960361101118591","false","0","d__Bacteria |  p__Proteobacteria |  c__Gammaproteobacteria | Burkholderiales |  f__Nitrosomonadaceae |  g__Ellin6067.1","9642","0.1860800977614842"
"2.0825496342737724","7.41985392542623E-4","c__Gammaproteobacteria","0.48018063221274454","0.47438560055382484","108","3","f__Rhodanobacteraceae","g__uncultured.2","false","d__Bacteria","d__Bacteria |  p__Proteobacteria |  c__Gammaproteobacteria | Xanthomonadales |  f__Rhodanobacteraceae |  g__uncultured.2","143.41666666666666","0","108","Xanthomonadales","0","p__Proteobacteria","0.9964506569368072","false","0","d__Bacteria |  p__Proteobacteria |  c__Gammaproteobacteria | Xanthomonadales |  f__Rhodanobacteraceae |  g__uncultured.2","35314","0.18625541125541126"
"2.1065830721003134","6.360339415270195E-4","c__Actinobacteria","0.474702380952381","0.3463203463203463","78","3","f__Nakamurellaceae","g__Nakamurella.1","false","d__Bacteria","d__Bacteria |  p__Actinobacteriota |  c__Actinobacteria | Frankiales |  f__Nakamurellaceae |  g__Nakamurella.1","120.47435897435898","0","78","Frankiales","0","p__Actinobacteriota","0.996371858779999","false","0","d__Bacteria |  p__Actinobacteriota |  c__Actinobacteria | Frankiales |  f__Nakamurellaceae |  g__Nakamurella.1","27688","0.15505065505065505"
"2.1682340647857887","2.5775121984978434E-4","c__Thermoleophilia","0.4612048192771085","0.4101010101010101","45","3","f__Solirubrobacteraceae","g__Solirubrobacter.8","false","d__Bacteria","d__Bacteria |  p__Actinobacteriota |  c__Thermoleophilia | Solirubrobacterales |  f__Solirubrobacteraceae |  g__Solirubrobacter.8","118.31111111111112","0","45","Solirubrobacterales","0","p__Actinobacteriota","0.9961697243777515","false","0","d__Bacteria |  p__Actinobacteriota |  c__Thermoleophilia | Solirubrobacterales |  f__Solirubrobacteraceae |  g__Solirubrobacter.8","11252","0.15753809735167923"
"1.9143155694879832","0.002410948548273272","c__Chloroflexia","0.5223799126637555","0.39009287925696595","171","3","f__Herpetosiphonaceae","g__Herpetosiphon.5","false","d__Bacteria","d__Bacteria |  p__Chloroflexi |  c__Chloroflexia | Chloroflexales |  f__Herpetosiphonaceae |  g__Herpetosiphon.5","138.0","0","171","Chloroflexales","0","p__Chloroflexi","0.9970022440344656","false","0","d__Bacteria |  p__Chloroflexi |  c__Chloroflexia | Chloroflexales |  f__Herpetosiphonaceae |  g__Herpetosiphon.5","126016","0.15898617511520738"
"2.1201671891327063","6.137347075556383E-4","c__TK10","0.4716609167077378","0.4826754385964912","96","3","f__TK10","g__TK10.66","false","d__Bacteria","d__Bacteria |  p__Chloroflexi |  c__TK10 | TK10 |  f__TK10 |  g__TK10.66","141.96875","0","96","TK10","0","p__Chloroflexi","0.9963273206913682","false","0","d__Bacteria |  p__Chloroflexi |  c__TK10 | TK10 |  f__TK10 |  g__TK10.66","29820","0.19030663538873996"
"2.110762800417973","5.099265018159089E-4","c__Alphaproteobacteria","0.47376237623762374","0.4054824561403509","96","3","f__Beijerinckiaceae","g__Microvirga.5","false","d__Bacteria","d__Bacteria |  p__Proteobacteria |  c__Alphaproteobacteria | Rhizobiales |  f__Beijerinckiaceae |  g__Microvirga.5","127.02083333333333","0","96","Rhizobiales","0","p__Proteobacteria","0.9963581547527278","false","0","d__Bacteria |  p__Proteobacteria |  c__Alphaproteobacteria | Rhizobiales |  f__Beijerinckiaceae |  g__Microvirga.5","22768","0.16823951434878587"
"2.166144200626959","9.234565638714526E-4","c__Acidimicrobiia","0.4616497829232996","0.3528846153846154","65","3","f__Ilumatobacteraceae","g__Ilumatobacter.4","false","d__Bacteria","d__Bacteria |  p__Actinobacteriota |  c__Acidimicrobiia | Microtrichales |  f__Ilumatobacteraceae |  g__Ilumatobacter.4","83.81538461538462","0","65","Microtrichales","0","p__Actinobacteriota","0.996176576391387","false","0","d__Bacteria |  p__Actinobacteriota |  c__Acidimicrobiia | Microtrichales |  f__Ilumatobacteraceae |  g__Ilumatobacter.4","34368","0.11434568160352608"
"2.0240334378265414","0.001258605748712691","c__Actinobacteria","0.49406298399586984","0.336208710288239","98","3","f__Cryptosporangiaceae","g__Cryptosporangium","false","d__Bacteria","d__Bacteria |  p__Actinobacteriota |  c__Actinobacteria | Frankiales |  f__Cryptosporangiaceae |  g__Cryptosporangium","117.59183673469387","0","98","Frankiales","0","p__Actinobacteriota","0.9966425133186015","false","0","d__Bacteria |  p__Actinobacteriota |  c__Actinobacteria | Frankiales |  f__Cryptosporangiaceae |  g__Cryptosporangium","58174","0.14066009178791133"
"2.09508881922675","6.490027268500001E-4","c__Actinobacteria","0.47730673316708233","0.36259323006310956","84","3","f__Pseudonocardiaceae","g__Pseudonocardia.13","false","d__Bacteria","d__Bacteria |  p__Actinobacteriota |  c__Actinobacteria | Pseudonocardiales |  f__Pseudonocardiaceae |  g__Pseudonocardia.13","114.60714285714286","0","84","Pseudonocardiales","0","p__Actinobacteriota","0.9964095448549942","false","0","d__Bacteria |  p__Actinobacteriota |  c__Actinobacteria | Pseudonocardiales |  f__Pseudonocardiaceae |  g__Pseudonocardia.13","30068","0.1465564486664231"
"2.102403343782654","8.693315271153472E-4","c__Actinobacteria","0.47564612326043737","0.36208811551277303","74","3","f__Pseudonocardiaceae","g__Pseudonocardia.18","false","d__Bacteria","d__Bacteria |  p__Actinobacteriota |  c__Actinobacteria | Pseudonocardiales |  f__Pseudonocardiaceae |  g__Pseudonocardia.18","109.78378378378379","0","74","Pseudonocardiales","0","p__Actinobacteriota","0.99638556280727","false","0","d__Bacteria |  p__Actinobacteriota |  c__Actinobacteria | Pseudonocardiales |  f__Pseudonocardiaceae |  g__Pseudonocardia.18","40112","0.1398519538646927"
"2.147335423197492","3.421342315948882E-4","c__Actinobacteria","0.4656934306569343","0.34311670160726765","54","3","f__Pseudonocardiaceae","g__Pseudonocardia.19","false","d__Bacteria","d__Bacteria |  p__Actinobacteriota |  c__Actinobacteria | Pseudonocardiales |  f__Pseudonocardiaceae |  g__Pseudonocardia.19","111.87037037037037","0","54","Pseudonocardiales","0","p__Actinobacteriota","0.9962382445141066","false","0","d__Bacteria |  p__Actinobacteriota |  c__Actinobacteria | Pseudonocardiales |  f__Pseudonocardiaceae |  g__Pseudonocardia.19","15752","0.14681150967240206"
"2.0606060606060606","0.001262825245118751","c__Actinobacteria","0.4852941176470588","0.30390893470790376","97","3","f__Pseudonocardiaceae","g__Pseudonocardia.5","false","d__Bacteria","d__Bacteria |  p__Actinobacteriota |  c__Actinobacteria | Pseudonocardiales |  f__Pseudonocardiaceae |  g__Pseudonocardia.5","109.24742268041237","0","97","Pseudonocardiales","0","p__Actinobacteriota","0.9965226030799801","false","0","d__Bacteria |  p__Actinobacteriota |  c__Actinobacteria | Pseudonocardiales |  f__Pseudonocardiaceae |  g__Pseudonocardia.5","53886","0.13621873152171118"
"1.9467084639498433","0.0037780627065025375","c__Chloroflexia","0.5136876006441223","0.2868204804045512","113","3","f__Chloroflexaceae","g__Oscillochloris.2","false","d__Bacteria","d__Bacteria |  p__Chloroflexi |  c__Chloroflexia | Chloroflexales |  f__Chloroflexaceae |  g__Oscillochloris.2","98.50442477876106","0","113","Chloroflexales","0","p__Chloroflexi","0.9968960378231153","false","0","d__Bacteria |  p__Chloroflexi |  c__Chloroflexia | Chloroflexales |  f__Chloroflexaceae |  g__Oscillochloris.2","157612","0.11006080980867158"
"2.1400208986415885","6.740639281797015E-4","c__JG30-KF-CM66","0.46728515624999994","0.4067796610169492","60","3","f__JG30-KF-CM66","g__JG30-KF-CM66.11","false","d__Bacteria","d__Bacteria |  p__Chloroflexi |  c__JG30-KF-CM66 | JG30-KF-CM66 |  f__JG30-KF-CM66 |  g__JG30-KF-CM66.11","118.56666666666666","0","60","JG30-KF-CM66","0","p__Chloroflexi","0.9962622265618308","false","0","d__Bacteria |  p__Chloroflexi |  c__JG30-KF-CM66 | JG30-KF-CM66 |  f__JG30-KF-CM66 |  g__JG30-KF-CM66.11","28418","0.1555774278215223"
"2.051201671891327","0.0014817587117836879","c__TK10","0.4875191034131432","0.32421052631578945","76","3","f__TK10","g__TK10.107","false","d__Bacteria","d__Bacteria |  p__Chloroflexi |  c__TK10 | TK10 |  f__TK10 |  g__TK10.107","112.67105263157895","0","76","TK10","0","p__Chloroflexi","0.9965534371413399","false","0","d__Bacteria |  p__Chloroflexi |  c__TK10 | TK10 |  f__TK10 |  g__TK10.107","68824","0.1354219382591093"
"2.174503657262278","7.779799911638591E-4","c__Deinococci","0.45987506006727535","0.32629107981220656","72","4","f__Deinococcaceae","g__Deinococcus.8","false","d__Bacteria","d__Bacteria |  p__Deinococcota |  c__Deinococci | Deinococcales |  f__Deinococcaceae |  g__Deinococcus.8","84.52777777777777","0","72","Deinococcales","0","p__Deinococcota","0.996149168336845","false","0","d__Bacteria |  p__Deinococcota |  c__Deinococci | Deinococcales |  f__Deinococcaceae |  g__Deinococcus.8","29310","0.11756297326533766"
"2.214211076280042","7.705829094540643E-4","c__Alphaproteobacteria","0.4516281264747522","0.2532656023222061","53","3","f__Beijerinckiaceae","0.775517868","false","d__Bacteria","d__Bacteria |  p__Proteobacteria |  c__Alphaproteobacteria | Rhizobiales |  f__Beijerinckiaceae | 0.775517868","88.33962264150944","0","53","Rhizobiales","0","p__Proteobacteria","0.9960189800777703","false","0","d__Bacteria |  p__Proteobacteria |  c__Alphaproteobacteria | Rhizobiales |  f__Beijerinckiaceae | 0.775517868","27448","0.12638000377898345"
"2.2079414838035527","2.927609764456367E-4","c__TK10","0.45291055371509703","0.5256478053939715","62","3","f__TK10","g__TK10.30","false","d__Bacteria","d__Bacteria |  p__Chloroflexi |  c__TK10 | TK10 |  f__TK10 |  g__TK10.30","133.98387096774192","0","62","TK10","0","p__Chloroflexi","0.9960395361186769","false","0","d__Bacteria |  p__Chloroflexi |  c__TK10 | TK10 |  f__TK10 |  g__TK10.30","13116","0.1925055617352614"
"2.1368861024033436","8.028682232812672E-4","c__Acidimicrobiia","0.4679706601466993","0.352900069881202","54","3","f__uncultured","g__uncultured.1","false","d__Bacteria","d__Bacteria |  p__Actinobacteriota |  c__Acidimicrobiia | uncultured |  f__uncultured |  g__uncultured.1","113.87037037037037","0","54","uncultured","0","p__Actinobacteriota","0.996272504582284","false","0","d__Bacteria |  p__Actinobacteriota |  c__Acidimicrobiia | uncultured |  f__uncultured |  g__uncultured.1","31934","0.14750047975436575"
"2.1452455590386625","7.554844571756056E-4","c__Chloroflexia","0.4661471018022406","0.34283129805517865","67","3","f__Chloroflexaceae","g__Chloronema","false","d__Bacteria","d__Bacteria |  p__Chloroflexi |  c__Chloroflexia | Chloroflexales |  f__Chloroflexaceae |  g__Chloronema","116.58208955223881","0","67","Chloroflexales","0","p__Chloroflexi","0.9962450965277422","false","0","d__Bacteria |  p__Chloroflexi |  c__Chloroflexia | Chloroflexales |  f__Chloroflexaceae |  g__Chloronema","29834","0.1552358049963233"
"2.1452455590386625","8.509013073838453E-4","c__Actinobacteria","0.4661471018022406","0.3998790078644888","58","3","f__Micromonosporaceae","0.999977473","false","d__Bacteria","d__Bacteria |  p__Actinobacteriota |  c__Actinobacteria | Micromonosporales |  f__Micromonosporaceae | 0.999977473","136.5","0","58","Micromonosporales","0","p__Actinobacteriota","0.9962450965277422","false","0","d__Bacteria |  p__Actinobacteriota |  c__Actinobacteria | Micromonosporales |  f__Micromonosporaceae | 0.999977473","30578","0.18003366390683287"
"2.1253918495297808","3.872036101276542E-4","c__Thermoleophilia","0.47050147492625366","0.4743459055385661","109","3","f__uncultured","g__uncultured.6","false","d__Bacteria","d__Bacteria |  p__Actinobacteriota |  c__Thermoleophilia | Gaiellales |  f__uncultured |  g__uncultured.6","144.9724770642202","0","109","Gaiellales","0","p__Actinobacteriota","0.9963101906572794","false","0","d__Bacteria |  p__Actinobacteriota |  c__Thermoleophilia | Gaiellales |  f__uncultured |  g__uncultured.6","19780","0.1991380179453574"
"2.2079414838035527","2.8798308217292185E-4","c__Thermoleophilia","0.45291055371509703","0.38095238095238093","43","3","f__67-14","g__67-14.1","false","d__Bacteria","d__Bacteria |  p__Actinobacteriota |  c__Thermoleophilia | Solirubrobacterales |  f__67-14 |  g__67-14.1","117.69767441860465","0","43","Solirubrobacterales","0","p__Actinobacteriota","0.9960395361186769","false","0","d__Bacteria |  p__Actinobacteriota |  c__Thermoleophilia | Solirubrobacterales |  f__67-14 |  g__67-14.1","10808","0.16461213205399253"
"2.2486938349007315","1.8272781385715467E-4","c__TK10","0.44470260223048325","0.4857142857142857","70","4","f__TK10","g__TK10.72","false","d__Bacteria","d__Bacteria |  p__Chloroflexi |  c__TK10 | TK10 |  f__TK10 |  g__TK10.72","125.05714285714286","0","70","TK10","0","p__Chloroflexi","0.9959059218527845","false","0","d__Bacteria |  p__Chloroflexi |  c__TK10 | TK10 |  f__TK10 |  g__TK10.72","8518","0.1923956043956044"
"2.1065830721003134","0.001076461663047448","c__Bacteroidia","0.474702380952381","0.3221001221001221","91","3","f__AKYH767","g__AKYH767","false","d__Bacteria","d__Bacteria |  p__Bacteroidota |  c__Bacteroidia | Sphingobacteriales |  f__AKYH767 |  g__AKYH767","113.26373626373626","0","91","Sphingobacteriales","0","p__Bacteroidota","0.996371858779999","false","0","d__Bacteria |  p__Bacteroidota |  c__Bacteroidia | Sphingobacteriales |  f__AKYH767 |  g__AKYH767","41902","0.14825096369598986"
"2.193312434691745","4.2946184790663885E-4","c__Polyangia","0.4559313959028109","0.3230769230769231","65","3","f__BIrii41","g__BIrii41","false","d__Bacteria","d__Bacteria |  p__Myxococcota |  c__Polyangia | Polyangiales |  f__BIrii41 |  g__BIrii41","119.0","0","65","Polyangiales","0","p__Myxococcota","0.9960875002141255","false","0","d__Bacteria |  p__Myxococcota |  c__Polyangia | Polyangiales |  f__BIrii41 |  g__BIrii41","16082","0.16831683168316833"
"2.265412748171369","2.0424723238607077E-4","c__Alphaproteobacteria","0.44142066420664205","0.3377659574468085","48","4","f__Rhizobiaceae","g__Allorhizobium-Neorhizobium-Pararhizobium-Rhizobium.2","false","d__Bacteria","d__Bacteria |  p__Proteobacteria |  c__Alphaproteobacteria | Rhizobiales |  f__Rhizobiaceae |  g__Allorhizobium-Neorhizobium-Pararhizobium-Rhizobium.2","114.0","0","48","Rhizobiales","0","p__Proteobacteria","0.9958511057437005","false","0","d__Bacteria |  p__Proteobacteria |  c__Alphaproteobacteria | Rhizobiales |  f__Rhizobiaceae |  g__Allorhizobium-Neorhizobium-Pararhizobium-Rhizobium.2","6690","0.17378048780487804"
"1.8693834900731452","0.006470698339662035","c__Actinobacteria","0.5349357182783678","0.26169154228855723","135","3","f__Microbacteriaceae","g__Galbitalea","false","d__Bacteria","d__Bacteria |  p__Actinobacteriota |  c__Actinobacteria | Micrococcales |  f__Microbacteriaceae |  g__Galbitalea","111.80740740740741","0","135","Micrococcales","0","p__Actinobacteriota","0.9971495623276291","false","0","d__Bacteria |  p__Actinobacteriota |  c__Actinobacteria | Micrococcales |  f__Microbacteriaceae |  g__Galbitalea","271174","0.11806484414720951"
"2.122257053291536","3.7817438891342767E-4","c__Gammaproteobacteria","0.47119645494830137","0.4134680134680135","55","3","f__Xanthomonadaceae","0.996703125","false","d__Bacteria","d__Bacteria |  p__Proteobacteria |  c__Gammaproteobacteria | Xanthomonadales |  f__Xanthomonadaceae | 0.996703125","122.81818181818181","0","55","Xanthomonadales","0","p__Proteobacteria","0.9963204686777326","false","0","d__Bacteria |  p__Proteobacteria |  c__Gammaproteobacteria | Xanthomonadales |  f__Xanthomonadaceae | 0.996703125","15872","0.15645628257093225"
"2.175548589341693","6.431849537968684E-4","c__Actinobacteria","0.4596541786743516","0.3075531433740389","67","3","f__Geodermatophilaceae","g__Modestobacter","false","d__Bacteria","d__Bacteria |  p__Actinobacteriota |  c__Actinobacteria | Frankiales |  f__Geodermatophilaceae |  g__Modestobacter","96.97014925373135","0","67","Frankiales","0","p__Actinobacteriota","0.9961457423300272","false","0","d__Bacteria |  p__Actinobacteriota |  c__Actinobacteria | Frankiales |  f__Geodermatophilaceae |  g__Modestobacter","22804","0.13430768594699632"
"2.61337513061651","2.057064952456061E-5","c__Alphaproteobacteria","0.38264694122351056","0.36363636363636365","11","4","f__Caulobacteraceae","g__uncultured.3","false","d__Bacteria","d__Bacteria |  p__Proteobacteria |  c__Alphaproteobacteria | Caulobacterales |  f__Caulobacteraceae |  g__uncultured.3","80.81818181818181","0","11","Caulobacterales","0","p__Proteobacteria","0.9947102454733884","false","0","d__Bacteria |  p__Proteobacteria |  c__Alphaproteobacteria | Caulobacterales |  f__Caulobacteraceae |  g__uncultured.3","552","0.1995510662177329"
"2.0961337513061653","6.568391101673809E-4","c__Alphaproteobacteria","0.4770687936191425","0.41195034714916895","98","3","f__Sphingomonadaceae","g__Ellin6055.2","false","d__Bacteria","d__Bacteria |  p__Proteobacteria |  c__Alphaproteobacteria | Sphingomonadales |  f__Sphingomonadaceae |  g__Ellin6055.2","132.28571428571428","0","98","Sphingomonadales","0","p__Proteobacteria","0.9964061188481764","false","0","d__Bacteria |  p__Proteobacteria |  c__Alphaproteobacteria | Sphingomonadales |  f__Sphingomonadaceae |  g__Ellin6055.2","29660","0.17247159620040975"
"2.1201671891327063","4.668555166670025E-4","c__Actinobacteria","0.4716609167077378","0.3737704918032787","61","3","f__Pseudonocardiaceae","g__Umezawaea","false","d__Bacteria","d__Bacteria |  p__Actinobacteriota |  c__Actinobacteria | Pseudonocardiales |  f__Pseudonocardiaceae |  g__Umezawaea","122.32786885245902","0","61","Pseudonocardiales","0","p__Actinobacteriota","0.9963273206913682","false","0","d__Bacteria |  p__Actinobacteriota |  c__Actinobacteria | Pseudonocardiales |  f__Pseudonocardiaceae |  g__Umezawaea","21574","0.1566297936651204"
"2.0","0.0018226620697675072","c__Chloroflexia","0.5","0.33152664859981934","82","3","f__Chloroflexaceae","g__FFCH7168.2","false","d__Bacteria","d__Bacteria |  p__Chloroflexi |  c__Chloroflexia | Chloroflexales |  f__Chloroflexaceae |  g__FFCH7168.2","88.98780487804878","0","82","Chloroflexales","0","p__Chloroflexi","0.9967213114754099","false","0","d__Bacteria |  p__Chloroflexi |  c__Chloroflexia | Chloroflexales |  f__Chloroflexaceae |  g__FFCH7168.2","82850","0.10170034843205575"
"2.2497387669801463","3.8518954308871346E-4","c__Alphaproteobacteria","0.44449605202043657","0.2672672672672673","37","4","f__Devosiaceae","g__Devosia.4","false","d__Bacteria","d__Bacteria |  p__Proteobacteria |  c__Alphaproteobacteria | Rhizobiales |  f__Devosiaceae |  g__Devosia.4","102.70270270270271","0","37","Rhizobiales","0","p__Proteobacteria","0.9959024958459667","false","0","d__Bacteria |  p__Proteobacteria |  c__Alphaproteobacteria | Rhizobiales |  f__Devosiaceae |  g__Devosia.4","12226","0.15059047317111834"
"2.193312434691745","3.8448220707367186E-4","c__Dehalococcoidia","0.4559313959028109","0.44755244755244755","66","3","f__S085","g__S085.4","false","d__Bacteria","d__Bacteria |  p__Chloroflexi |  c__Dehalococcoidia | S085 |  f__S085 |  g__S085.4","133.3030303030303","0","66","S085","0","p__Chloroflexi","0.9960875002141255","false","0","d__Bacteria |  p__Chloroflexi |  c__Dehalococcoidia | S085 |  f__S085 |  g__S085.4","15936","0.18881449051420723"
"1.948798328108673","0.0024658470061044335","c__Gammaproteobacteria","0.5131367292225201","0.3752747252747253","105","3","f__Methylophilaceae","g__Methylotenera","false","d__Bacteria","d__Bacteria |  p__Proteobacteria |  c__Gammaproteobacteria | Burkholderiales |  f__Methylophilaceae |  g__Methylotenera","132.6952380952381","0","105","Burkholderiales","0","p__Proteobacteria","0.9968891858094797","false","0","d__Bacteria |  p__Proteobacteria |  c__Gammaproteobacteria | Burkholderiales |  f__Methylophilaceae |  g__Methylotenera","119652","0.14727551397917657"
"2.1368861024033436","7.782341990246787E-4","c__Verrucomicrobiae","0.4679706601466993","0.36010928961748634","61","3","f__Pedosphaeraceae","g__uncultured","false","d__Bacteria","d__Bacteria |  p__Verrucomicrobiota |  c__Verrucomicrobiae | Pedosphaerales |  f__Pedosphaeraceae |  g__uncultured","103.18032786885246","0","61","Pedosphaerales","0","p__Verrucomicrobiota","0.996272504582284","false","0","d__Bacteria |  p__Verrucomicrobiota |  c__Verrucomicrobiae | Pedosphaerales |  f__Pedosphaeraceae |  g__uncultured","30310","0.13487624558019928"
"2.2497387669801463","4.2329524210079744E-4","c__Actinobacteria","0.44449605202043657","0.4108708357685564","59","3","f__Sporichthyaceae","g__uncultured.2","false","d__Bacteria","d__Bacteria |  p__Actinobacteriota |  c__Actinobacteria | Frankiales |  f__Sporichthyaceae |  g__uncultured.2","89.10169491525424","0","59","Frankiales","0","p__Actinobacteriota","0.9959024958459667","false","0","d__Bacteria |  p__Actinobacteriota |  c__Actinobacteria | Frankiales |  f__Sporichthyaceae |  g__uncultured.2","16138","0.13538715161506362"
"2.200626959247649","7.724057729122904E-4","c__TK10","0.4544159544159544","0.3188798554652213","82","4","f__TK10","g__TK10.131","false","d__Bacteria","d__Bacteria |  p__Chloroflexi |  c__TK10 | TK10 |  f__TK10 |  g__TK10.131","99.90243902439025","0","82","TK10","0","p__Chloroflexi","0.9960635181664012","false","0","d__Bacteria |  p__Chloroflexi |  c__TK10 | TK10 |  f__TK10 |  g__TK10.131","30326","0.1460561974040793"
"2.3239289446186","3.0041215186564924E-4","c__Gammaproteobacteria","0.43030575539568344","0.24487179487179486","40","4","f__Burkholderiaceae","g__Lautropia","false","d__Bacteria","d__Bacteria |  p__Proteobacteria |  c__Gammaproteobacteria | Burkholderiales |  f__Burkholderiaceae |  g__Lautropia","77.4","0","40","Burkholderiales","0","p__Proteobacteria","0.9956592493619062","false","0","d__Bacteria |  p__Proteobacteria |  c__Gammaproteobacteria | Burkholderiales |  f__Burkholderiaceae |  g__Lautropia","9554","0.12730263157894736"
"2.1588296760710555","4.0869692671954724E-4","c__Alphaproteobacteria","0.4632139399806389","0.37675260063319765","67","3","f__Devosiaceae","g__Devosia.6","false","d__Bacteria","d__Bacteria |  p__Proteobacteria |  c__Alphaproteobacteria | Rhizobiales |  f__Devosiaceae |  g__Devosia.6","122.53731343283582","0","67","Rhizobiales","0","p__Proteobacteria","0.9962005584391114","false","0","d__Bacteria |  p__Proteobacteria |  c__Alphaproteobacteria | Rhizobiales |  f__Devosiaceae |  g__Devosia.6","16926","0.16603972009869353"
"2.438871473354232","1.171919835264579E-5","c__Alphaproteobacteria","0.41002570694087404","0.5333333333333333","15","4","f__Caulobacteraceae","g__Phenylobacterium.2","false","d__Bacteria","d__Bacteria |  p__Proteobacteria |  c__Alphaproteobacteria | Caulobacterales |  f__Caulobacteraceae |  g__Phenylobacterium.2","142.06666666666666","0","15","Caulobacterales","0","p__Proteobacteria","0.9952823886119533","false","0","d__Bacteria |  p__Proteobacteria |  c__Alphaproteobacteria | Caulobacterales |  f__Caulobacteraceae |  g__Phenylobacterium.2","496","0.2680503144654088"
"2.211076280041797","4.059840461914267E-4","c__Gammaproteobacteria","0.4522684310018904","0.34782608695652173","69","3","f__Xanthomonadaceae","g__Arenimonas.3","false","d__Bacteria","d__Bacteria |  p__Proteobacteria |  c__Gammaproteobacteria | Xanthomonadales |  f__Xanthomonadaceae |  g__Arenimonas.3","104.33333333333333","0","69","Xanthomonadales","0","p__Proteobacteria","0.9960292580982235","false","0","d__Bacteria |  p__Proteobacteria |  c__Gammaproteobacteria | Xanthomonadales |  f__Xanthomonadaceae |  g__Arenimonas.3","15970","0.152089407191448"
"2.0104493207941485","0.00100304085673621","c__Verrucomicrobiae","0.49740124740124736","0.42463605823068307","95","3","f__Pedosphaeraceae","g__Pedosphaeraceae.1","false","d__Bacteria","d__Bacteria |  p__Verrucomicrobiota |  c__Verrucomicrobiae | Pedosphaerales |  f__Pedosphaeraceae |  g__Pedosphaeraceae.1","132.21052631578948","0","95","Pedosphaerales","0","p__Verrucomicrobiota","0.9966870514072323","false","0","d__Bacteria |  p__Verrucomicrobiota |  c__Verrucomicrobiae | Pedosphaerales |  f__Pedosphaeraceae |  g__Pedosphaeraceae.1","49704","0.15517667407956512"
"2.166144200626959","3.321237586973988E-4","c__Alphaproteobacteria","0.4616497829232996","0.4222222222222222","46","3","f__Xanthobacteraceae","g__Bradyrhizobium.6","false","d__Bacteria","d__Bacteria |  p__Proteobacteria |  c__Alphaproteobacteria | Rhizobiales |  f__Xanthobacteraceae |  g__Bradyrhizobium.6","107.52173913043478","0","46","Rhizobiales","0","p__Proteobacteria","0.996176576391387","false","0","d__Bacteria |  p__Proteobacteria |  c__Alphaproteobacteria | Rhizobiales |  f__Xanthobacteraceae |  g__Bradyrhizobium.6","13358","0.14298103607770582"
"2.179728317659352","9.112450607768423E-4","c__MB-A2-108","0.4587727708533078","0.39508340649692714","68","3","f__MB-A2-108","g__MB-A2-108.4","false","d__Bacteria","d__Bacteria |  p__Actinobacteriota |  c__MB-A2-108 | MB-A2-108 |  f__MB-A2-108 |  g__MB-A2-108.4","124.82352941176471","0","68","MB-A2-108","0","p__Actinobacteriota","0.9961320383027563","false","0","d__Bacteria |  p__Actinobacteriota |  c__MB-A2-108 | MB-A2-108 |  f__MB-A2-108 |  g__MB-A2-108.4","32680","0.17453722747840394"
"2.0031347962382444","0.0014779715129198464","c__Dehalococcoidia","0.4992175273865415","0.3686274509803922","85","3","f__S085","g__S085.15","false","d__Bacteria","d__Bacteria |  p__Chloroflexi |  c__Dehalococcoidia | S085 |  f__S085 |  g__S085.15","113.76470588235294","0","85","S085","0","p__Chloroflexi","0.9967110334549565","false","0","d__Bacteria |  p__Chloroflexi |  c__Dehalococcoidia | S085 |  f__S085 |  g__S085.15","74860","0.1309145061937318"
"2.4670846394984327","7.043705794638451E-5","c__Gammaproteobacteria","0.40533672172808133","0.2967032967032967","14","4","f__Rhodanobacteraceae","g__uncultured.3","false","d__Bacteria","d__Bacteria |  p__Proteobacteria |  c__Gammaproteobacteria | Xanthomonadales |  f__Rhodanobacteraceae |  g__uncultured.3","91.78571428571429","0","14","Xanthomonadales","0","p__Proteobacteria","0.9951898864278741","false","0","d__Bacteria |  p__Proteobacteria |  c__Gammaproteobacteria | Xanthomonadales |  f__Rhodanobacteraceae |  g__uncultured.3","3356","0.18320501853435986"
"1.9885057471264367","0.001338109317376019",,"0.5028901734104047","0.382380381180861","123","3",,,"false",,"d__Bacteria |  p__Chloroflexi | 0.969052816 |  |  | ","135.33333333333334","0","123",,"0",,"0.9967589975504051","false","0","d__Bacteria |  p__Chloroflexi | 0.969052816 |  |  | ","68964","0.1601577909270217"
"2.1055381400208986","4.083395036000731E-4","c__Alphaproteobacteria","0.47493796526054594","0.42071086807928915","77","3","f__Rhizobiales_Incertae_Sedis","g__uncultured.1","false","d__Bacteria","d__Bacteria |  p__Proteobacteria |  c__Alphaproteobacteria | Rhizobiales |  f__Rhizobiales_Incertae_Sedis |  g__uncultured.1","134.24675324675326","0","77","Rhizobiales","0","p__Proteobacteria","0.9963752847868168","false","0","d__Bacteria |  p__Proteobacteria |  c__Alphaproteobacteria | Rhizobiales |  f__Rhizobiales_Incertae_Sedis |  g__uncultured.1","18934","0.17233216077888736"
"2.282131661442006","3.027000785683885E-4","c__TK10","0.4381868131868132","0.4456876456876457","66","4","f__TK10","g__TK10.165","false","d__Bacteria","d__Bacteria |  p__Chloroflexi |  c__TK10 | TK10 |  f__TK10 |  g__TK10.165","98.96969696969697","0","66","TK10","0","p__Chloroflexi","0.9957962896346164","false","0","d__Bacteria |  p__Chloroflexi |  c__TK10 | TK10 |  f__TK10 |  g__TK10.165","13448","0.15885986672503527"
"2.0658307210031346","9.143342381816074E-4","c__Bacteroidia","0.4840667678300456","0.3811815022721198","87","3","f__Flavobacteriaceae","g__Flavobacterium.44","false","d__Bacteria","d__Bacteria |  p__Bacteroidota |  c__Bacteroidia | Flavobacteriales |  f__Flavobacteriaceae |  g__Flavobacterium.44","95.183908045977","0","87","Flavobacteriales","0","p__Bacteroidota","0.9965054730458914","false","0","d__Bacteria |  p__Bacteroidota |  c__Bacteroidia | Flavobacteriales |  f__Flavobacteriaceae |  g__Flavobacterium.44","44000","0.117947841444829"
"1.9968652037617556","0.0015681428176668372","c__TK10","0.5007849293563579","0.34665621734587254","88","3","f__TK10","g__TK10.97","false","d__Bacteria","d__Bacteria |  p__Chloroflexi |  c__TK10 | TK10 |  f__TK10 |  g__TK10.97","99.06818181818181","0","88","TK10","0","p__Chloroflexi","0.9967315894958632","false","0","d__Bacteria |  p__Chloroflexi |  c__TK10 | TK10 |  f__TK10 |  g__TK10.97","74974","0.1136103002502085"
"2.187042842215256","1.729693871254272E-4",,"0.45723841376015284","0.44784313725490194","51","3",,,"false",,"d__Bacteria |  p__Chloroflexi | 0.991661774 |  |  | ","116.19607843137256","0","51",,"0",,"0.996108056255032","false","0","d__Bacteria |  p__Chloroflexi | 0.991661774 |  |  | ","8954","0.15982954392210805"
"2.2549634273772203","2.4096444436188882E-4","c__Alphaproteobacteria","0.44346617238183506","0.33950046253469013","47","3","f__Caulobacteraceae","g__Brevundimonas.9","false","d__Bacteria","d__Bacteria |  p__Proteobacteria |  c__Alphaproteobacteria | Caulobacterales |  f__Caulobacteraceae |  g__Brevundimonas.9","97.06382978723404","0","47","Caulobacterales","0","p__Proteobacteria","0.9958853658118779","false","0","d__Bacteria |  p__Proteobacteria |  c__Alphaproteobacteria | Caulobacterales |  f__Caulobacteraceae |  g__Brevundimonas.9","9542","0.14574148616701807"
"2.1619644723093","2.0926509487100304E-4","c__Bacteroidia","0.4625422909618173","0.5487394957983194","85","3","f__AKYH767","g__AKYH767.1","false","d__Bacteria","d__Bacteria |  p__Bacteroidota |  c__Bacteroidia | Sphingobacteriales |  f__AKYH767 |  g__AKYH767.1","150.11764705882354","0","85","Sphingobacteriales","0","p__Bacteroidota","0.996190280418658","false","0","d__Bacteria |  p__Bacteroidota |  c__Bacteroidia | Sphingobacteriales |  f__AKYH767 |  g__AKYH767.1","11380","0.2093691032898515"
"2.2100313479623823","2.4972464166899604E-4","c__Nitrospiria","0.45248226950354614","0.5217391304347826","93","3","f__Nitrospiraceae","g__Nitrospira.2","false","d__Bacteria","d__Bacteria |  p__Nitrospirota |  c__Nitrospiria | Nitrospirales |  f__Nitrospiraceae |  g__Nitrospira.2","143.5268817204301","0","93","Nitrospirales","0","p__Nitrospirota","0.9960326841050413","false","0","d__Bacteria |  p__Nitrospirota |  c__Nitrospiria | Nitrospirales |  f__Nitrospiraceae |  g__Nitrospira.2","11144","0.2164809679041178"
"2.19435736677116","3.883415794768333E-4","c__Nitrospiria","0.45571428571428574","0.39629990262901654","79","3","f__Nitrospiraceae","g__Nitrospira.3","false","d__Bacteria","d__Bacteria |  p__Nitrospirota |  c__Nitrospiria | Nitrospirales |  f__Nitrospiraceae |  g__Nitrospira.3","125.40506329113924","0","79","Nitrospirales","0","p__Nitrospirota","0.9960840742073077","false","0","d__Bacteria |  p__Nitrospirota |  c__Nitrospiria | Nitrospirales |  f__Nitrospiraceae |  g__Nitrospira.3","16436","0.18122118972707982"
"1.9195402298850575","0.004144035671057884",,"0.5209580838323353","0.290414470873095","119","3",,,"false",,"d__Bacteria |  p__Chloroflexi | 0.983981621 |  |  | ","106.3529411764706","0","119",,"0",,"0.9969851140003768","false","0","d__Bacteria |  p__Chloroflexi | 0.983981621 |  |  | ","188416","0.11623272259723562"
"2.1901776384535006","2.935710731667405E-4","c__Alphaproteobacteria","0.45658396946564883","0.3870056497175141","60","3","f__Hyphomicrobiaceae","g__Pedomicrobium","false","d__Bacteria","d__Bacteria |  p__Proteobacteria |  c__Alphaproteobacteria | Rhizobiales |  f__Hyphomicrobiaceae |  g__Pedomicrobium","122.1","0","60","Rhizobiales","0","p__Proteobacteria","0.9960977782345787","false","0","d__Bacteria |  p__Proteobacteria |  c__Alphaproteobacteria | Rhizobiales |  f__Hyphomicrobiaceae |  g__Pedomicrobium","12718","0.17076923076923076"
"2.2716823406478577","8.2380003897393E-4","c__Rhodothermia","0.44020239190432386","0.34879227053140094","46","3","f__Rhodothermaceae","g__Rhodothermaceae","false","d__Bacteria","d__Bacteria |  p__Bacteroidota |  c__Rhodothermia | Rhodothermales |  f__Rhodothermaceae |  g__Rhodothermaceae","77.28260869565217","0","46","Rhodothermales","0","p__Bacteroidota","0.9958305497027938","false","0","d__Bacteria |  p__Bacteroidota |  c__Rhodothermia | Rhodothermales |  f__Rhodothermaceae |  g__Rhodothermaceae","24890","0.11871368463233821"
"2.013584117032393","0.0025558004329931036","c__JG30-KF-CM66","0.49662688116242865","0.320679012345679","81","3","f__JG30-KF-CM66","g__JG30-KF-CM66.13","false","d__Bacteria","d__Bacteria |  p__Chloroflexi |  c__JG30-KF-CM66 | JG30-KF-CM66 |  f__JG30-KF-CM66 |  g__JG30-KF-CM66.13","91.76543209876543","0","81","JG30-KF-CM66","0","p__Chloroflexi","0.9966767733867791","false","0","d__Bacteria |  p__Chloroflexi |  c__JG30-KF-CM66 | JG30-KF-CM66 |  f__JG30-KF-CM66 |  g__JG30-KF-CM66.13","103854","0.10633306152811753"
"2.2351097178683386","4.1618451431977985E-4","c__Alphaproteobacteria","0.4474053295932679","0.27183673469387754","50","4","f__uncultured","g__uncultured","false","d__Bacteria","d__Bacteria |  p__Proteobacteria |  c__Alphaproteobacteria | Defluviicoccales |  f__uncultured |  g__uncultured","94.46","0","50","Defluviicoccales","0","p__Proteobacteria","0.9959504599414153","false","0","d__Bacteria |  p__Proteobacteria |  c__Alphaproteobacteria | Defluviicoccales |  f__uncultured |  g__uncultured","14174","0.13809941520467836"
"2.3249738766980146","1.4162865240644786E-4","c__Alphaproteobacteria","0.4301123595505618","0.3708708708708709","37","4","f__Rhizobiales_Incertae_Sedis","g__uncultured","false","d__Bacteria","d__Bacteria |  p__Proteobacteria |  c__Alphaproteobacteria | Rhizobiales |  f__Rhizobiales_Incertae_Sedis |  g__uncultured","92.13513513513513","0","37","Rhizobiales","0","p__Proteobacteria","0.9956558233550884","false","0","d__Bacteria |  p__Proteobacteria |  c__Alphaproteobacteria | Rhizobiales |  f__Rhizobiales_Incertae_Sedis |  g__uncultured","5186","0.15079400185783165"
"2.1316614420062696","0.0010081765967497403","c__Rhodothermia","0.46911764705882353","0.3313291139240506","80","3","f__Rhodothermaceae","g__uncultured","false","d__Bacteria","d__Bacteria |  p__Bacteroidota |  c__Rhodothermia | Rhodothermales |  f__Rhodothermaceae |  g__uncultured","89.75","0","80","Rhodothermales","0","p__Bacteroidota","0.996289634616373","false","0","d__Bacteria |  p__Bacteroidota |  c__Rhodothermia | Rhodothermales |  f__Rhodothermaceae |  g__uncultured","37108","0.11950732356857523"
"2.0355276907001043","0.0011803491078969568","c__Chloroflexia","0.4912731006160165","0.3318523581681476","77","3","f__Chloroflexaceae","g__FFCH7168.8","false","d__Bacteria","d__Bacteria |  p__Chloroflexi |  c__Chloroflexia | Chloroflexales |  f__Chloroflexaceae |  g__FFCH7168.8","96.05194805194805","0","77","Chloroflexales","0","p__Chloroflexi","0.9966048272436061","false","0","d__Bacteria |  p__Chloroflexi |  c__Chloroflexia | Chloroflexales |  f__Chloroflexaceae |  g__FFCH7168.8","53732","0.113536581621688"
"2.077324973876698","8.258763997757619E-4",,"0.4813883299798793","0.332128876844324","82","3",,,"false",,"d__Bacteria |  p__Chloroflexi | 0.958463891 |  |  | ","105.17073170731707","0","82",,"0",,"0.9964677869708961","false","0","d__Bacteria |  p__Chloroflexi | 0.958463891 |  |  | ","35766","0.1312992905209951"
"2.040752351097179","0.0010479852486413675","c__Deinococci","0.4900153609831029","0.3030181086519115","71","3","f__Trueperaceae","g__Truepera.3","false","d__Bacteria","d__Bacteria |  p__Deinococcota |  c__Deinococci | Deinococcales |  f__Trueperaceae |  g__Truepera.3","94.14084507042253","0","71","Deinococcales","0","p__Deinococcota","0.9965876972095175","false","0","d__Bacteria |  p__Deinococcota |  c__Deinococci | Deinococcales |  f__Trueperaceae |  g__Truepera.3","44120","0.1111462161398141"
"2.1055381400208986","0.0013945751634786032","c__Gammaproteobacteria","0.47493796526054594","0.3292361720807726","68","3","f__Comamonadaceae","0.997129131","false","d__Bacteria","d__Bacteria |  p__Proteobacteria |  c__Gammaproteobacteria | Burkholderiales |  f__Comamonadaceae | 0.997129131","78.69117647058823","0","68","Burkholderiales","0","p__Proteobacteria","0.9963752847868168","false","0","d__Bacteria |  p__Proteobacteria |  c__Gammaproteobacteria | Burkholderiales |  f__Comamonadaceae | 0.997129131","48074","0.09986189907435056"
"2.1640543364681295","4.5341239079604704E-4","c__Bdellovibrionia","0.4620956059874457","0.49162371134020616","97","3","f__Bdellovibrionaceae","g__OM27_clade.1","false","d__Bacteria","d__Bacteria |  p__Bdellovibrionota |  c__Bdellovibrionia | Bdellovibrionales |  f__Bdellovibrionaceae |  g__OM27_clade.1","142.46391752577318","0","97","Bdellovibrionales","0","p__Bdellovibrionota","0.9961834284050225","false","0","d__Bacteria |  p__Bdellovibrionota |  c__Bdellovibrionia | Bdellovibrionales |  f__Bdellovibrionaceae |  g__OM27_clade.1","20298","0.20265137628132746"
"2.2978056426332287","2.2511821905373485E-4","c__Alphaproteobacteria","0.4351978171896317","0.32413793103448274","30","4","f__Acetobacteraceae","0.999565405","false","d__Bacteria","d__Bacteria |  p__Proteobacteria |  c__Alphaproteobacteria | Acetobacterales |  f__Acetobacteraceae | 0.999565405","91.23333333333333","0","30","Acetobacterales","0","p__Proteobacteria","0.99574489953235","false","0","d__Bacteria |  p__Proteobacteria |  c__Alphaproteobacteria | Acetobacterales |  f__Acetobacteraceae | 0.999565405","7718","0.1418869880767237"
"2.076280041797283","8.199848960703896E-4","c__Alphaproteobacteria","0.48163059889280324","0.41635220125786165","106","3","f__Xanthobacteraceae","g__Rhodoplanes.9","false","d__Bacteria","d__Bacteria |  p__Proteobacteria |  c__Alphaproteobacteria | Rhizobiales |  f__Xanthobacteraceae |  g__Rhodoplanes.9","137.4433962264151","0","106","Rhizobiales","0","p__Proteobacteria","0.9964712129777138","false","0","d__Bacteria |  p__Proteobacteria |  c__Alphaproteobacteria | Rhizobiales |  f__Xanthobacteraceae |  g__Rhodoplanes.9","42388","0.1766624630159577"
"2.256008359456635","1.708384925489572E-4","c__Alphaproteobacteria","0.44326076887447896","0.2518939393939394","33","3","f__Beijerinckiaceae","g__Bosea.2","false","d__Bacteria","d__Bacteria |  p__Proteobacteria |  c__Alphaproteobacteria | Rhizobiales |  f__Beijerinckiaceae |  g__Bosea.2","102.0909090909091","0","33","Rhizobiales","0","p__Proteobacteria","0.9958819398050602","false","0","d__Bacteria |  p__Proteobacteria |  c__Alphaproteobacteria | Rhizobiales |  f__Beijerinckiaceae |  g__Bosea.2","6102","0.15035479983933592"
"2.1786833855799372","5.208701565085317E-4","c__JG30-KF-CM66","0.4589928057553957","0.37858220211161386","52","3","f__JG30-KF-CM66","g__JG30-KF-CM66.15","false","d__Bacteria","d__Bacteria |  p__Chloroflexi |  c__JG30-KF-CM66 | JG30-KF-CM66 |  f__JG30-KF-CM66 |  g__JG30-KF-CM66.15","102.67307692307692","0","52","JG30-KF-CM66","0","p__Chloroflexi","0.996135464309574","false","0","d__Bacteria |  p__Chloroflexi |  c__JG30-KF-CM66 | JG30-KF-CM66 |  f__JG30-KF-CM66 |  g__JG30-KF-CM66.15","24278","0.1398815761894781"
"1.9905956112852665","0.0017175694386700748","c__JG30-KF-CM66","0.5023622047244094","0.4725561457459696","147","3","f__JG30-KF-CM66","g__JG30-KF-CM66.19","false","d__Bacteria","d__Bacteria |  p__Chloroflexi |  c__JG30-KF-CM66 | JG30-KF-CM66 |  f__JG30-KF-CM66 |  g__JG30-KF-CM66.19","145.46938775510205","0","147","JG30-KF-CM66","0","p__Chloroflexi","0.9967521455367697","false","0","d__Bacteria |  p__Chloroflexi |  c__JG30-KF-CM66 | JG30-KF-CM66 |  f__JG30-KF-CM66 |  g__JG30-KF-CM66.19","86196","0.17761830006727966"
"2.276907001044932","2.027415951781887E-4","c__Alphaproteobacteria","0.43919229004130333","0.2865853658536585","41","4","f__Rhizobiaceae","g__Allorhizobium-Neorhizobium-Pararhizobium-Rhizobium.6","false","d__Bacteria","d__Bacteria |  p__Proteobacteria |  c__Alphaproteobacteria | Rhizobiales |  f__Rhizobiaceae |  g__Allorhizobium-Neorhizobium-Pararhizobium-Rhizobium.6","105.09756097560975","0","41","Rhizobiales","0","p__Proteobacteria","0.9958134196687051","false","0","d__Bacteria |  p__Proteobacteria |  c__Alphaproteobacteria | Rhizobiales |  f__Rhizobiaceae |  g__Allorhizobium-Neorhizobium-Pararhizobium-Rhizobium.6","5952","0.16094572890598738"
"1.8955067920585162","0.0043263785273949034",,"0.5275633958103638","0.37221113731180844","149","3",,,"false",,"d__Bacteria |  p__Chloroflexi | 0.950532677 |  |  | ","134.66442953020135","0","149",,"0",,"0.9970639121571852","false","0","d__Bacteria |  p__Chloroflexi | 0.950532677 |  |  | ","210330","0.1483088430949354"
"2.212121212121212","2.1710176155992635E-4","c__Alphaproteobacteria","0.452054794520548","0.46418219461697724","70","3","f__Acetobacteraceae","g__Roseomonas.9","false","d__Bacteria","d__Bacteria |  p__Proteobacteria |  c__Alphaproteobacteria | Acetobacterales |  f__Acetobacteraceae |  g__Roseomonas.9","139.31428571428572","0","70","Acetobacterales","0","p__Proteobacteria","0.9960258320914059","false","0","d__Bacteria |  p__Proteobacteria |  c__Alphaproteobacteria | Acetobacterales |  f__Acetobacteraceae |  g__Roseomonas.9","9504","0.20367585630743526"
"2.2894461859979103","1.9363315489281775E-4","c__Deinococci","0.43678685531720673","0.3888888888888889","37","3","f__Deinococcaceae","g__Deinococcus.6","false","d__Bacteria","d__Bacteria |  p__Deinococcota |  c__Deinococci | Deinococcales |  f__Deinococcaceae |  g__Deinococcus.6","84.13513513513513","0","37","Deinococcales","0","p__Deinococcota","0.9957723075868921","false","0","d__Bacteria |  p__Deinococcota |  c__Deinococci | Deinococcales |  f__Deinococcaceae |  g__Deinococcus.6","8220","0.13084779958807952"
"2.276907001044932","2.4908320777808205E-4","c__Alphaproteobacteria","0.43919229004130333","0.3243589743589744","40","3","f__Sphingomonadaceae","g__Sphingomonas.82","false","d__Bacteria","d__Bacteria |  p__Proteobacteria |  c__Alphaproteobacteria | Sphingomonadales |  f__Sphingomonadaceae |  g__Sphingomonas.82","112.1","0","40","Sphingomonadales","0","p__Proteobacteria","0.9958134196687051","false","0","d__Bacteria |  p__Proteobacteria |  c__Alphaproteobacteria | Sphingomonadales |  f__Sphingomonadaceae |  g__Sphingomonas.82","9966","0.17193251533742332"
"2.2476489028213167","2.7064257457479874E-4","c__Gammaproteobacteria","0.44490934449093444","0.3129251700680272","49","3","f__A21b","g__A21b.5","false","d__Bacteria","d__Bacteria |  p__Proteobacteria |  c__Gammaproteobacteria | Burkholderiales |  f__A21b |  g__A21b.5","108.51020408163265","0","49","Burkholderiales","0","p__Proteobacteria","0.9959093478596023","false","0","d__Bacteria |  p__Proteobacteria |  c__Gammaproteobacteria | Burkholderiales |  f__A21b |  g__A21b.5","9616","0.16171416405608444"
"2.1013584117032393","0.0010088583238351734","c__Polyangia","0.47588264545002484","0.34431691965938543","74","3","f__mle1-27","g__mle1-27.3","false","d__Bacteria","d__Bacteria |  p__Myxococcota |  c__Polyangia | mle1-27 |  f__mle1-27 |  g__mle1-27.3","126.97297297297297","0","74","mle1-27","0","p__Myxococcota","0.9963889888140878","false","0","d__Bacteria |  p__Myxococcota |  c__Polyangia | mle1-27 |  f__mle1-27 |  g__mle1-27.3","40306","0.1615432226119249"
"2.2277951933124345","2.572916154855101E-4","c__Verrucomicrobiae","0.4488742964352721","0.34397163120567376","48","4","f__Chthoniobacteraceae","g__Chthoniobacter","false","d__Bacteria","d__Bacteria |  p__Verrucomicrobiota |  c__Verrucomicrobiae | Chthoniobacterales |  f__Chthoniobacteraceae |  g__Chthoniobacter","125.70833333333333","0","48","Chthoniobacterales","0","p__Verrucomicrobiota","0.9959744419891395","false","0","d__Bacteria |  p__Verrucomicrobiota |  c__Verrucomicrobiae | Chthoniobacterales |  f__Chthoniobacteraceae |  g__Chthoniobacter","8804","0.18165944123314065"
"2.218390804597701","5.130208874682932E-4","c__Nitrospiria","0.45077720207253885","0.31194295900178254","34","3","f__Nitrospiraceae","g__Nitrospira.4","false","d__Bacteria","d__Bacteria |  p__Nitrospirota |  c__Nitrospiria | Nitrospirales |  f__Nitrospiraceae |  g__Nitrospira.4","94.11764705882354","0","34","Nitrospirales","0","p__Nitrospirota","0.9960052760504994","false","0","d__Bacteria |  p__Nitrospirota |  c__Nitrospiria | Nitrospirales |  f__Nitrospiraceae |  g__Nitrospira.4","16178","0.13196105931853808"
"2.0815047021943576","0.0020226570812731416","c__Gammaproteobacteria","0.48042168674698793","0.25961538461538464","65","3","f__Rhodanobacteraceae","g__uncultured.5","false","d__Bacteria","d__Bacteria |  p__Proteobacteria |  c__Gammaproteobacteria | Xanthomonadales |  f__Rhodanobacteraceae |  g__uncultured.5","102.44615384615385","0","65","Xanthomonadales","0","p__Proteobacteria","0.996454082943625","false","0","d__Bacteria |  p__Proteobacteria |  c__Gammaproteobacteria | Xanthomonadales |  f__Rhodanobacteraceae |  g__uncultured.5","74968","0.12585522585522585"
"2.2298850574712645","3.1359245205345073E-4","c__Alphaproteobacteria","0.44845360824742264","0.3914095583787054","58","4","f__Acetobacteraceae","g__Rubritepida.1","false","d__Bacteria","d__Bacteria |  p__Proteobacteria |  c__Alphaproteobacteria | Acetobacterales |  f__Acetobacteraceae |  g__Rubritepida.1","100.51724137931035","0","58","Acetobacterales","0","p__Proteobacteria","0.995967589975504","false","0","d__Bacteria |  p__Proteobacteria |  c__Alphaproteobacteria | Acetobacterales |  f__Acetobacteraceae |  g__Rubritepida.1","11538","0.14781947261663286"
"2.242424242424242","2.001479386962459E-4","c__Alphaproteobacteria","0.445945945945946","0.38376623376623376","56","3","f__Rhizobiaceae","g__Allorhizobium-Neorhizobium-Pararhizobium-Rhizobium.4","false","d__Bacteria","d__Bacteria |  p__Proteobacteria |  c__Alphaproteobacteria | Rhizobiales |  f__Rhizobiaceae |  g__Allorhizobium-Neorhizobium-Pararhizobium-Rhizobium.4","122.51785714285714","0","56","Rhizobiales","0","p__Proteobacteria","0.9959264778936909","false","0","d__Bacteria |  p__Proteobacteria |  c__Alphaproteobacteria | Rhizobiales |  f__Rhizobiaceae |  g__Allorhizobium-Neorhizobium-Pararhizobium-Rhizobium.4","7444","0.18313581037796284"
"2.2236154649947752","8.761257753835579E-4","c__Gammaproteobacteria","0.44971804511278196","0.29339477726574503","63","3","f__Rhodanobacteraceae","g__Ahniella.1","false","d__Bacteria","d__Bacteria |  p__Proteobacteria |  c__Gammaproteobacteria | Xanthomonadales |  f__Rhodanobacteraceae |  g__Ahniella.1","73.9047619047619","0","63","Xanthomonadales","0","p__Proteobacteria","0.9959881460164105","false","0","d__Bacteria |  p__Proteobacteria |  c__Gammaproteobacteria | Xanthomonadales |  f__Rhodanobacteraceae |  g__Ahniella.1","24108","0.10868347338935574"
"2.2476489028213167","3.441820933224571E-4","c__Alphaproteobacteria","0.44490934449093444","0.26588235294117646","51","3","f__Geminicoccaceae","g__Candidatus_Alysiosphaera.1","false","d__Bacteria","d__Bacteria |  p__Proteobacteria |  c__Alphaproteobacteria | Tistrellales |  f__Geminicoccaceae |  g__Candidatus_Alysiosphaera.1","104.7843137254902","0","51","Tistrellales","0","p__Proteobacteria","0.9959093478596023","false","0","d__Bacteria |  p__Proteobacteria |  c__Alphaproteobacteria | Tistrellales |  f__Geminicoccaceae |  g__Candidatus_Alysiosphaera.1","11064","0.15662827163750404"
"2.212121212121212","3.083441468363103E-4","c__Gammaproteobacteria","0.452054794520548","0.4627092846270928","73","3","f__CCM19a","g__CCM19a","false","d__Bacteria","d__Bacteria |  p__Proteobacteria |  c__Gammaproteobacteria | CCM19a |  f__CCM19a |  g__CCM19a","131.75342465753425","0","73","CCM19a","0","p__Proteobacteria","0.9960258320914059","false","0","d__Bacteria |  p__Proteobacteria |  c__Gammaproteobacteria | CCM19a |  f__CCM19a |  g__CCM19a","15668","0.19347052078933075"
"2.1410658307210033","4.5473322964483795E-4","c__Gammaproteobacteria","0.4670571010248902","0.34061458718992965","74","3","f__Rhodanobacteraceae","g__uncultured.6","false","d__Bacteria","d__Bacteria |  p__Proteobacteria |  c__Gammaproteobacteria | Xanthomonadales |  f__Rhodanobacteraceae |  g__uncultured.6","113.28378378378379","0","74","Xanthomonadales","0","p__Proteobacteria","0.9962588005550131","false","0","d__Bacteria |  p__Proteobacteria |  c__Gammaproteobacteria | Xanthomonadales |  f__Rhodanobacteraceae |  g__uncultured.6","21632","0.15144890880184997"
"2.250783699059561","3.2855092953334867E-4","c__Verrucomicrobiae","0.44428969359331477","0.3869047619047619","49","4","f__Chthoniobacteraceae","g__Chthoniobacter.1","false","d__Bacteria","d__Bacteria |  p__Verrucomicrobiota |  c__Verrucomicrobiae | Chthoniobacterales |  f__Chthoniobacteraceae |  g__Chthoniobacter.1","106.48979591836735","0","49","Chthoniobacterales","0","p__Verrucomicrobiota","0.9958990698391489","false","0","d__Bacteria |  p__Verrucomicrobiota |  c__Verrucomicrobiae | Chthoniobacterales |  f__Chthoniobacteraceae |  g__Chthoniobacter.1","12314","0.15893999390801097"
"2.652037617554859","1.480749535133665E-4","c__Ascomycota_cls_Incertae_sedis","0.3770685579196218","0.13186813186813187","14","4","f__Ascomycota_fam_Incertae_sedis","g__Ascomycota_gen_Incertae_sedis.1","false","k__Fungi","k__Fungi | p__Ascomycota | c__Ascomycota_cls_Incertae_sedis | Ascomycota_ord_Incertae_sedis | f__Ascomycota_fam_Incertae_sedis | g__Ascomycota_gen_Incertae_sedis.1","41.357142857142854","0","14","Ascomycota_ord_Incertae_sedis","0","p__Ascomycota","0.9945834832211315","false","0","k__Fungi | p__Ascomycota | c__Ascomycota_cls_Incertae_sedis | Ascomycota_ord_Incertae_sedis | f__Ascomycota_fam_Incertae_sedis | g__Ascomycota_gen_Incertae_sedis.1","2844","0.12620508326029797"
"2.5663531870428424","1.0947422939122723E-4","c__Lecanoromycetes","0.389657980456026","0.2714285714285714","21","4","f__Collemataceae","g__Collemataceae_gen_Incertae_sedis","false","k__Fungi","k__Fungi | p__Ascomycota | c__Lecanoromycetes | Peltigerales | f__Collemataceae | g__Collemataceae_gen_Incertae_sedis","57.95238095238095","0","21","Peltigerales","0","p__Ascomycota","0.9948644157801874","false","0","k__Fungi | p__Ascomycota | c__Lecanoromycetes | Peltigerales | f__Collemataceae | g__Collemataceae_gen_Incertae_sedis","3016","0.1448809523809524"
"2.233019853709509","7.115177358944638E-4","c__Ascomycota_cls_Incertae_sedis","0.44782405240992046","0.3279059249208503","67","3","f__Ascomycota_fam_Incertae_sedis","g__Ascomycota_gen_Incertae_sedis.10","false","k__Fungi","k__Fungi | p__Ascomycota | c__Ascomycota_cls_Incertae_sedis | Ascomycota_ord_Incertae_sedis | f__Ascomycota_fam_Incertae_sedis | g__Ascomycota_gen_Incertae_sedis.10","75.26865671641791","0","67","Ascomycota_ord_Incertae_sedis","0","p__Ascomycota","0.9959573119550509","false","0","k__Fungi | p__Ascomycota | c__Ascomycota_cls_Incertae_sedis | Ascomycota_ord_Incertae_sedis | f__Ascomycota_fam_Incertae_sedis | g__Ascomycota_gen_Incertae_sedis.10","27464","0.11284656179373"
"2.1452455590386625","0.0011481795661240474","c__Ascomycota_cls_Incertae_sedis","0.4661471018022406","0.19269102990033224","43","3","f__Ascomycota_fam_Incertae_sedis","g__Ascomycota_gen_Incertae_sedis.3","false","k__Fungi","k__Fungi | p__Ascomycota | c__Ascomycota_cls_Incertae_sedis | Ascomycota_ord_Incertae_sedis | f__Ascomycota_fam_Incertae_sedis | g__Ascomycota_gen_Incertae_sedis.3","70.72093023255815","0","43","Ascomycota_ord_Incertae_sedis","0","p__Ascomycota","0.9962450965277422","false","0","k__Fungi | p__Ascomycota | c__Ascomycota_cls_Incertae_sedis | Ascomycota_ord_Incertae_sedis | f__Ascomycota_fam_Incertae_sedis | g__Ascomycota_gen_Incertae_sedis.3","38776","0.09125281320330082"
"1.9958202716823406","0.004059346026723418","c__Ascomycota_cls_Incertae_sedis","0.5010471204188482","0.25296548047447687","123","3","f__Ascomycota_fam_Incertae_sedis","g__Ascomycota_gen_Incertae_sedis.5","false","k__Fungi","k__Fungi | p__Ascomycota | c__Ascomycota_cls_Incertae_sedis | Ascomycota_ord_Incertae_sedis | f__Ascomycota_fam_Incertae_sedis | g__Ascomycota_gen_Incertae_sedis.5","71.85365853658537","0","123","Ascomycota_ord_Incertae_sedis","0","p__Ascomycota","0.9967350155026807","false","0","k__Fungi | p__Ascomycota | c__Ascomycota_cls_Incertae_sedis | Ascomycota_ord_Incertae_sedis | f__Ascomycota_fam_Incertae_sedis | g__Ascomycota_gen_Incertae_sedis.5","153834","0.08574422259735724"
"2.2988505747126435","8.366786374506297E-4","c__Ascomycota_cls_Incertae_sedis","0.43500000000000005","0.26063829787234044","48","3","f__Ascomycota_fam_Incertae_sedis","g__Ascomycota_gen_Incertae_sedis.7","false","k__Fungi","k__Fungi | p__Ascomycota | c__Ascomycota_cls_Incertae_sedis | Ascomycota_ord_Incertae_sedis | f__Ascomycota_fam_Incertae_sedis | g__Ascomycota_gen_Incertae_sedis.7","64.6875","0","48","Ascomycota_ord_Incertae_sedis","0","p__Ascomycota","0.9957414735255324","false","0","k__Fungi | p__Ascomycota | c__Ascomycota_cls_Incertae_sedis | Ascomycota_ord_Incertae_sedis | f__Ascomycota_fam_Incertae_sedis | g__Ascomycota_gen_Incertae_sedis.7","27102","0.1038322632423756"
"2.09717868338558","0.0013479523546990615","c__Ascomycota_cls_Incertae_sedis","0.4768310911808669","0.35979684576316495","87","3","f__Ascomycota_fam_Incertae_sedis","g__Ascomycota_gen_Incertae_sedis.8","false","k__Fungi","k__Fungi | p__Ascomycota | c__Ascomycota_cls_Incertae_sedis | Ascomycota_ord_Incertae_sedis | f__Ascomycota_fam_Incertae_sedis | g__Ascomycota_gen_Incertae_sedis.8","79.37931034482759","0","87","Ascomycota_ord_Incertae_sedis","0","p__Ascomycota","0.9964026928413586","false","0","k__Fungi | p__Ascomycota | c__Ascomycota_cls_Incertae_sedis | Ascomycota_ord_Incertae_sedis | f__Ascomycota_fam_Incertae_sedis | g__Ascomycota_gen_Incertae_sedis.8","68430","0.10216127457506768"
"1.9540229885057472","0.0047354915653764346","c__Dothideomycetes","0.5117647058823529","0.2405079365079365","126","3","f__Saccotheciaceae","g__Aureobasidium","false","k__Fungi","k__Fungi | p__Ascomycota | c__Dothideomycetes | Dothideales | f__Saccotheciaceae | g__Aureobasidium","75.01587301587301","0","126","Dothideales","0","p__Ascomycota","0.996872055775391","false","0","k__Fungi | p__Ascomycota | c__Dothideomycetes | Dothideales | f__Saccotheciaceae | g__Aureobasidium","178276","0.08573242630385487"
"1.915360501567398","0.005793382060858101","c__Dothideomycetes","0.5220949263502456","0.26683870967741935","125","3","f__Didymellaceae","g__Chaetasbolisia","false","k__Fungi","k__Fungi | p__Ascomycota | c__Dothideomycetes | Pleosporales | f__Didymellaceae | g__Chaetasbolisia","82.632","0","125","Pleosporales","0","p__Ascomycota","0.9969988180276478","false","0","k__Fungi | p__Ascomycota | c__Dothideomycetes | Pleosporales | f__Didymellaceae | g__Chaetasbolisia","241914","0.09050602409638554"
"1.903866248693835","0.009466801314620321","c__Dothideomycetes","0.5252469813391877","0.2489010989010989","105","3","f__Phaeosphaeriaceae","g__Phaeosphaeria","false","k__Fungi","k__Fungi | p__Ascomycota | c__Dothideomycetes | Pleosporales | f__Phaeosphaeriaceae | g__Phaeosphaeria","111.58095238095238","0","105","Pleosporales","0","p__Ascomycota","0.9970365041026432","false","0","k__Fungi | p__Ascomycota | c__Dothideomycetes | Pleosporales | f__Phaeosphaeriaceae | g__Phaeosphaeria","441986","0.11820016142050041"
"1.9947753396029257","0.0036497766934513406","c__Dothideomycetes","0.50130958617077","0.26094622392007055","83","3","f__Pleosporales_fam_Incertae_sedis","g__Pleosporales_gen_Incertae_sedis","false","k__Fungi","k__Fungi | p__Ascomycota | c__Dothideomycetes | Pleosporales | f__Pleosporales_fam_Incertae_sedis | g__Pleosporales_gen_Incertae_sedis","75.63855421686748","0","83","Pleosporales","0","p__Ascomycota","0.9967384415094985","false","0","k__Fungi | p__Ascomycota | c__Dothideomycetes | Pleosporales | f__Pleosporales_fam_Incertae_sedis | g__Pleosporales_gen_Incertae_sedis","132652","0.08605068739120304"
"1.9498432601880877","0.003878976152467032","c__Dothideomycetes","0.5128617363344051","0.25579896907216493","97","3","f__Sporormiaceae","g__Preussia","false","k__Fungi","k__Fungi | p__Ascomycota | c__Dothideomycetes | Pleosporales | f__Sporormiaceae | g__Preussia","82.75257731958763","0","97","Pleosporales","0","p__Ascomycota","0.9968857598026621","false","0","k__Fungi | p__Ascomycota | c__Dothideomycetes | Pleosporales | f__Sporormiaceae | g__Preussia","158880","0.0911371996911758"
"2.3019853709508884","7.658640128861396E-4","c__Eurotiomycetes","0.4344076259645937","0.3495311167945439","69","3","f__Trichomeriaceae","g__Trichomeriaceae_gen_Incertae_sedis","false","k__Fungi","k__Fungi | p__Ascomycota | c__Eurotiomycetes | Chaetothyriales | f__Trichomeriaceae | g__Trichomeriaceae_gen_Incertae_sedis","68.6086956521739","0","69","Chaetothyriales","0","p__Ascomycota","0.995731195505079","false","0","k__Fungi | p__Ascomycota | c__Eurotiomycetes | Chaetothyriales | f__Trichomeriaceae | g__Trichomeriaceae_gen_Incertae_sedis","25524","0.11453872396022356"
"2.3019853709508884","3.7545142539699607E-4","c__Leotiomycetes","0.4344076259645937","0.41878841088674273","68","3","unassigned","unassigned","false","k__Fungi","k__Fungi | p__Ascomycota | c__Leotiomycetes | Helotiales | unassigned | unassigned","76.26470588235294","0","68","Helotiales","0","p__Ascomycota","0.995731195505079","false","0","k__Fungi | p__Ascomycota | c__Leotiomycetes | Helotiales | unassigned | unassigned","16620","0.1271078431372549"
"2.053291536050157","0.0027245738205878074","c__Leotiomycetes","0.48702290076335875","0.2441962973846606","83","3","f__Leotiomycetes_fam_Incertae_sedis","g__Leotiomycetes_gen_Incertae_sedis","false","k__Fungi","k__Fungi | p__Ascomycota | c__Leotiomycetes | Leotiomycetes_ord_Incertae_sedis | f__Leotiomycetes_fam_Incertae_sedis | g__Leotiomycetes_gen_Incertae_sedis","80.25301204819277","0","83","Leotiomycetes_ord_Incertae_sedis","0","p__Ascomycota","0.9965465851277044","false","0","k__Fungi | p__Ascomycota | c__Leotiomycetes | Leotiomycetes_ord_Incertae_sedis | f__Leotiomycetes_fam_Incertae_sedis | g__Leotiomycetes_gen_Incertae_sedis","114788","0.09751277284106047"
"2.008359456635319","0.002875884063618786","c__Sordariomycetes","0.4979188345473465","0.2661782661782662","91","3","f__Nectriaceae","g__Fusicolla","false","k__Fungi","k__Fungi | p__Ascomycota | c__Sordariomycetes | Hypocreales | f__Nectriaceae | g__Fusicolla","77.56043956043956","0","91","Hypocreales","0","p__Ascomycota","0.9966939034208677","false","0","k__Fungi | p__Ascomycota | c__Sordariomycetes | Hypocreales | f__Nectriaceae | g__Fusicolla","105786","0.09039678270447501"
"2.300940438871473","6.388049400498987E-4","c__Sordariomycetes","0.4346049046321526","0.30118798043326345","54","3","f__Lasiosphaeriaceae","g__Lasiosphaeriaceae_gen_Incertae_sedis","false","k__Fungi","k__Fungi | p__Ascomycota | c__Sordariomycetes | Sordariales | f__Lasiosphaeriaceae | g__Lasiosphaeriaceae_gen_Incertae_sedis","62.75925925925926","0","54","Sordariales","0","p__Ascomycota","0.9957346215118968","false","0","k__Fungi | p__Ascomycota | c__Sordariomycetes | Sordariales | f__Lasiosphaeriaceae | g__Lasiosphaeriaceae_gen_Incertae_sedis","19804","0.10204757603131587"
"1.7638453500522466","0.03862089151524091","unassigned","0.5669431279620853","0.16086529006882988","226","2","unassigned","unassigned","false","k__Fungi","k__Fungi | p__Ascomycota | unassigned | unassigned | unassigned | unassigned","86.00442477876106","0","226","unassigned","0","p__Ascomycota","0.9974955890162222","false","0","k__Fungi | p__Ascomycota | unassigned | unassigned | unassigned | unassigned","1366498","0.08986878242294782"
"2.300940438871473","8.231533445080904E-4","unassigned","0.4346049046321526","0.28460686600221485","43","3","unassigned","unassigned.2","false","k__Fungi","k__Fungi | p__Ascomycota | unassigned | unassigned | unassigned | unassigned.2","62.13953488372093","0","43","unassigned","0","p__Ascomycota","0.9957346215118968","false","0","k__Fungi | p__Ascomycota | unassigned | unassigned | unassigned | unassigned.2","24562","0.09926443272159893"
"2.1327063740856844","0.0011915972332262868","c__Tremellomycetes","0.4688878000979912","0.27938727938727936","78","3","f__Bulleribasidiaceae","g__Vishniacozyma","false","k__Fungi","k__Fungi | p__Basidiomycota | c__Tremellomycetes | Tremellales | f__Bulleribasidiaceae | g__Vishniacozyma","75.48717948717949","0","78","Tremellales","0","p__Basidiomycota","0.9962862086095552","false","0","k__Fungi | p__Basidiomycota | c__Tremellomycetes | Tremellales | f__Bulleribasidiaceae | g__Vishniacozyma","45766","0.10038188761593017"
"2.0940438871473352","0.0018154261157852345","c__Fungi_cls_Incertae_sedis","0.47754491017964074","0.2884923358499199","94","3","f__Fungi_fam_Incertae_sedis","g__Fungi_gen_Incertae_sedis","false","k__Fungi","k__Fungi | p__Fungi_phy_Incertae_sedis | c__Fungi_cls_Incertae_sedis | Fungi_ord_Incertae_sedis | f__Fungi_fam_Incertae_sedis | g__Fungi_gen_Incertae_sedis","73.93617021276596","0","94","Fungi_ord_Incertae_sedis","0","p__Fungi_phy_Incertae_sedis","0.996412970861812","false","0","k__Fungi | p__Fungi_phy_Incertae_sedis | c__Fungi_cls_Incertae_sedis | Fungi_ord_Incertae_sedis | f__Fungi_fam_Incertae_sedis | g__Fungi_gen_Incertae_sedis","70682","0.0956483443890892"
"1.9905956112852665","0.0036667158805665056","c__Fungi_cls_Incertae_sedis","0.5023622047244094","0.2672268907563025","120","3","f__Fungi_fam_Incertae_sedis","g__Fungi_gen_Incertae_sedis.1","false","k__Fungi","k__Fungi | p__Fungi_phy_Incertae_sedis | c__Fungi_cls_Incertae_sedis | Fungi_ord_Incertae_sedis | f__Fungi_fam_Incertae_sedis | g__Fungi_gen_Incertae_sedis.1","74.70833333333333","0","120","Fungi_ord_Incertae_sedis","0","p__Fungi_phy_Incertae_sedis","0.9967521455367697","false","0","k__Fungi | p__Fungi_phy_Incertae_sedis | c__Fungi_cls_Incertae_sedis | Fungi_ord_Incertae_sedis | f__Fungi_fam_Incertae_sedis | g__Fungi_gen_Incertae_sedis.1","140848","0.08830772261623325"
"2.084639498432602","0.0013795159964622005","c__Fungi_cls_Incertae_sedis","0.47969924812030074","0.3648148148148148","81","3","f__Fungi_fam_Incertae_sedis","g__Fungi_gen_Incertae_sedis.8","false","k__Fungi","k__Fungi | p__Fungi_phy_Incertae_sedis | c__Fungi_cls_Incertae_sedis | Fungi_ord_Incertae_sedis | f__Fungi_fam_Incertae_sedis | g__Fungi_gen_Incertae_sedis.8","84.33333333333333","0","81","Fungi_ord_Incertae_sedis","0","p__Fungi_phy_Incertae_sedis","0.9964438049231719","false","0","k__Fungi | p__Fungi_phy_Incertae_sedis | c__Fungi_cls_Incertae_sedis | Fungi_ord_Incertae_sedis | f__Fungi_fam_Incertae_sedis | g__Fungi_gen_Incertae_sedis.8","65078","0.1060796645702306"
"2.309299895506792","0.001112656351644664","unassigned","0.4330316742081448","0.2867063492063492","64","4","unassigned","unassigned.21","false","k__Fungi","k__Fungi | unassigned | unassigned | unassigned | unassigned | unassigned.21","64.59375","0","64","unassigned","0","unassigned","0.9957072134573548","false","0","k__Fungi | unassigned | unassigned | unassigned | unassigned | unassigned.21","36184","0.10801630434782608"
"2.3605015673981193","8.156634699596107E-4","unassigned","0.4236387782204515","0.2636363636363636","56","3","unassigned","unassigned.6","false","k__Fungi","k__Fungi | unassigned | unassigned | unassigned | unassigned | unassigned.6","59.82142857142857","0","56","unassigned","0","unassigned","0.995539339123285","false","0","k__Fungi | unassigned | unassigned | unassigned | unassigned | unassigned.6","22578","0.10759249743062693"
"2.25914315569488","6.694053984369546E-4","c__Ascomycota_cls_Incertae_sedis","0.442645698427382","0.33408748114630465","52","3","f__Ascomycota_fam_Incertae_sedis","g__Ascomycota_gen_Incertae_sedis.11","false","k__Fungi","k__Fungi | p__Ascomycota | c__Ascomycota_cls_Incertae_sedis | Ascomycota_ord_Incertae_sedis | f__Ascomycota_fam_Incertae_sedis | g__Ascomycota_gen_Incertae_sedis.11","72.07692307692308","0","52","Ascomycota_ord_Incertae_sedis","0","p__Ascomycota","0.9958716617846071","false","0","k__Fungi | p__Ascomycota | c__Ascomycota_cls_Incertae_sedis | Ascomycota_ord_Incertae_sedis | f__Ascomycota_fam_Incertae_sedis | g__Ascomycota_gen_Incertae_sedis.11","21292","0.10970612340475354"
"2.084639498432602","0.0013432043534990408","c__Dothideomycetes","0.47969924812030074","0.2800804828973843","71","3","f__Didymosphaeriaceae","g__Pseudopithomyces","false","k__Fungi","k__Fungi | p__Ascomycota | c__Dothideomycetes | Pleosporales | f__Didymosphaeriaceae | g__Pseudopithomyces","76.67605633802818","0","71","Pleosporales","0","p__Ascomycota","0.9964438049231719","false","0","k__Fungi | p__Ascomycota | c__Dothideomycetes | Pleosporales | f__Didymosphaeriaceae | g__Pseudopithomyces","53596","0.09524975942612195"
"1.8986415882967607","0.0062560955807690775","c__Dothideomycetes","0.5266923500275179","0.2276464542651593","140","3","f__Pleosporaceae","g__Alternaria.1","false","k__Fungi","k__Fungi | p__Ascomycota | c__Dothideomycetes | Pleosporales | f__Pleosporaceae | g__Alternaria.1","86.22857142857143","0","140","Pleosporales","0","p__Ascomycota","0.997053634136732","false","0","k__Fungi | p__Ascomycota | c__Dothideomycetes | Pleosporales | f__Pleosporaceae | g__Alternaria.1","299602","0.09434198186933417"
"2.2079414838035527","0.0012826521156738887","c__Dothideomycetes","0.45291055371509703","0.2762345679012346","81","3","f__Pleosporales_fam_Incertae_sedis","g__Pleosporales_gen_Incertae_sedis.5","false","k__Fungi","k__Fungi | p__Ascomycota | c__Dothideomycetes | Pleosporales | f__Pleosporales_fam_Incertae_sedis | g__Pleosporales_gen_Incertae_sedis.5","69.01234567901234","0","81","Pleosporales","0","p__Ascomycota","0.9960395361186769","false","0","k__Fungi | p__Ascomycota | c__Dothideomycetes | Pleosporales | f__Pleosporales_fam_Incertae_sedis | g__Pleosporales_gen_Incertae_sedis.5","39976","0.1019384721994274"
"2.3019853709508884","0.0016346919269446772","c__Eurotiomycetes","0.4344076259645937","0.2655367231638418","60","3","f__Chaetothyriales_fam_Incertae_sedis","g__Chaetothyriales_gen_Incertae_sedis.4","false","k__Fungi","k__Fungi | p__Ascomycota | c__Eurotiomycetes | Chaetothyriales | f__Chaetothyriales_fam_Incertae_sedis | g__Chaetothyriales_gen_Incertae_sedis.4","64.33333333333333","0","60","Chaetothyriales","0","p__Ascomycota","0.995731195505079","false","0","k__Fungi | p__Ascomycota | c__Eurotiomycetes | Chaetothyriales | f__Chaetothyriales_fam_Incertae_sedis | g__Chaetothyriales_gen_Incertae_sedis.4","49098","0.10581140350877193"
"2.1630094043887147","0.0018026325568016367","c__Eurotiomycetes","0.4623188405797102","0.25755693581780537","70","3","f__Herpotrichiellaceae","g__Exophiala.2","false","k__Fungi","k__Fungi | p__Ascomycota | c__Eurotiomycetes | Chaetothyriales | f__Herpotrichiellaceae | g__Exophiala.2","68.74285714285715","0","70","Chaetothyriales","0","p__Ascomycota","0.9961868544118402","false","0","k__Fungi | p__Ascomycota | c__Eurotiomycetes | Chaetothyriales | f__Herpotrichiellaceae | g__Exophiala.2","58686","0.09403947625561852"
"2.524555903866249","1.1377937813464004E-4","c__Eurotiomycetes","0.39610927152317876","0.35698924731182796","31","4","f__Herpotrichiellaceae","g__Exophiala.3","false","k__Fungi","k__Fungi | p__Ascomycota | c__Eurotiomycetes | Chaetothyriales | f__Herpotrichiellaceae | g__Exophiala.3","63.61290322580645","0","31","Chaetothyriales","0","p__Ascomycota","0.9950014560528975","false","0","k__Fungi | p__Ascomycota | c__Eurotiomycetes | Chaetothyriales | f__Herpotrichiellaceae | g__Exophiala.3","3452","0.14897635415879731"
"2.4597701149425286","3.6359991917182496E-4","c__Eurotiomycetes","0.4065420560747664","0.3333333333333333","42","4","f__Verrucariaceae","g__Verrucaria.4","false","k__Fungi","k__Fungi | p__Ascomycota | c__Eurotiomycetes | Verrucariales | f__Verrucariaceae | g__Verrucaria.4","66.33333333333333","0","42","Verrucariales","0","p__Ascomycota","0.9952138684755983","false","0","k__Fungi | p__Ascomycota | c__Eurotiomycetes | Verrucariales | f__Verrucariaceae | g__Verrucaria.4","9862","0.13935574229691877"
"1.8892371995820272","0.0060297641605323955","c__Sordariomycetes","0.5293141592920354","0.23361798536075287","152","3","f__Nectriaceae","g__Fusarium","false","k__Fungi","k__Fungi | p__Ascomycota | c__Sordariomycetes | Hypocreales | f__Nectriaceae | g__Fusarium","79.23026315789474","0","152","Hypocreales","0","p__Ascomycota","0.9970844681980916","false","0","k__Fungi | p__Ascomycota | c__Sordariomycetes | Hypocreales | f__Nectriaceae | g__Fusarium","266688","0.087058993637941"
"1.8934169278996866","0.006939313533532172","c__Sordariomycetes","0.5281456953642384","0.2189891355692017","146","3","f__Nectriaceae","g__Fusarium.1","false","k__Fungi","k__Fungi | p__Ascomycota | c__Sordariomycetes | Hypocreales | f__Nectriaceae | g__Fusarium.1","80.65068493150685","0","146","Hypocreales","0","p__Ascomycota","0.9970707641708206","false","0","k__Fungi | p__Ascomycota | c__Sordariomycetes | Hypocreales | f__Nectriaceae | g__Fusarium.1","311814","0.08833590901588921"
"2.1337513061650992","9.888631181919816E-4","c__Sordariomycetes","0.46865817825661116","0.2854122621564482","44","3","f__Stachybotryaceae","g__Myrothecium","false","k__Fungi","k__Fungi | p__Ascomycota | c__Sordariomycetes | Hypocreales | f__Stachybotryaceae | g__Myrothecium","78.29545454545455","0","44","Hypocreales","0","p__Ascomycota","0.9962827826027374","false","0","k__Fungi | p__Ascomycota | c__Sordariomycetes | Hypocreales | f__Stachybotryaceae | g__Myrothecium","38646","0.09973943254198031"
"2.2800417972831766","8.916485515056186E-4","c__Sordariomycetes","0.43858845096241983","0.32525252525252524","45","3","f__Phomatosporaceae","g__Phomatospora","false","k__Fungi","k__Fungi | p__Ascomycota | c__Sordariomycetes | Phomatosporales | f__Phomatosporaceae | g__Phomatospora","71.02222222222223","0","45","Phomatosporales","0","p__Ascomycota","0.9958031416482519","false","0","k__Fungi | p__Ascomycota | c__Sordariomycetes | Phomatosporales | f__Phomatosporaceae | g__Phomatospora","26498","0.11055728625822084"
"2.452455590386625","3.620712391141422E-4","c__Sordariomycetes","0.4077545803152961","0.32941176470588235","51","4","f__Neoschizotheciaceae","g__Neoschizothecium.1","false","k__Fungi","k__Fungi | p__Ascomycota | c__Sordariomycetes | Sordariales | f__Neoschizotheciaceae | g__Neoschizothecium.1","61.627450980392155","0","51","Sordariales","0","p__Ascomycota","0.9952378505233225","false","0","k__Fungi | p__Ascomycota | c__Sordariomycetes | Sordariales | f__Neoschizotheciaceae | g__Neoschizothecium.1","9896","0.13001571936791595"
"2.1964472309299894","0.0013754928849026194","c__Sordariomycetes","0.4552806850618459","0.28869286287089013","87","3","f__Sordariales_fam_Incertae_sedis","g__Sordariales_gen_Incertae_sedis.1","false","k__Fungi","k__Fungi | p__Ascomycota | c__Sordariomycetes | Sordariales | f__Sordariales_fam_Incertae_sedis | g__Sordariales_gen_Incertae_sedis.1","71.26436781609195","0","87","Sordariales","0","p__Ascomycota","0.9960772221936721","false","0","k__Fungi | p__Ascomycota | c__Sordariomycetes | Sordariales | f__Sordariales_fam_Incertae_sedis | g__Sordariales_gen_Incertae_sedis.1","46602","0.1044932079414838"
"2.098223615464995","0.002255738467596969","c__Sordariomycetes","0.47659362549800793","0.263980463980464","91","3","unassigned","unassigned","false","k__Fungi","k__Fungi | p__Ascomycota | c__Sordariomycetes | unassigned | unassigned | unassigned","71.36263736263736","0","91","unassigned","0","p__Ascomycota","0.996399266834541","false","0","k__Fungi | p__Ascomycota | c__Sordariomycetes | unassigned | unassigned | unassigned","79434","0.09243864943346809"
"2.3437826541274815","5.206640381910689E-4","c__Fungi_cls_Incertae_sedis","0.42666072224699064","0.34807692307692306","65","3","f__Fungi_fam_Incertae_sedis","g__Fungi_gen_Incertae_sedis.16","false","k__Fungi","k__Fungi | p__Fungi_phy_Incertae_sedis | c__Fungi_cls_Incertae_sedis | Fungi_ord_Incertae_sedis | f__Fungi_fam_Incertae_sedis | g__Fungi_gen_Incertae_sedis.16","71.84615384615384","0","65","Fungi_ord_Incertae_sedis","0","p__Fungi_phy_Incertae_sedis","0.9955941552323688","false","0","k__Fungi | p__Fungi_phy_Incertae_sedis | c__Fungi_cls_Incertae_sedis | Fungi_ord_Incertae_sedis | f__Fungi_fam_Incertae_sedis | g__Fungi_gen_Incertae_sedis.16","15804","0.12761306189370134"
"2.317659352142111","9.503149977404647E-4","c__Fungi_cls_Incertae_sedis","0.43146979260595125","0.29157894736842105","76","3","f__Fungi_fam_Incertae_sedis","g__Fungi_gen_Incertae_sedis.3","false","k__Fungi","k__Fungi | p__Fungi_phy_Incertae_sedis | c__Fungi_cls_Incertae_sedis | Fungi_ord_Incertae_sedis | f__Fungi_fam_Incertae_sedis | g__Fungi_gen_Incertae_sedis.3","65.80263157894737","0","76","Fungi_ord_Incertae_sedis","0","p__Fungi_phy_Incertae_sedis","0.9956798054028126","false","0","k__Fungi | p__Fungi_phy_Incertae_sedis | c__Fungi_cls_Incertae_sedis | Fungi_ord_Incertae_sedis | f__Fungi_fam_Incertae_sedis | g__Fungi_gen_Incertae_sedis.3","27884","0.11404268904496945"
"2.245559038662487","0.0010240767086424681","unassigned","0.44532340623545835","0.3352112676056338","71","3","unassigned","unassigned.24","false","k__Fungi","k__Fungi | unassigned | unassigned | unassigned | unassigned | unassigned.24","70.07042253521126","0","71","unassigned","0","unassigned","0.9959161998732379","false","0","k__Fungi | unassigned | unassigned | unassigned | unassigned | unassigned.24","33124","0.10777898158179848"
"2.4503657262277954","4.921831997241215E-4","unassigned","0.4081023454157782","0.20454545454545456","33","4","unassigned","unassigned.3","false","k__Fungi","k__Fungi | unassigned | unassigned | unassigned | unassigned | unassigned.3","55.878787878787875","0","33","unassigned","0","unassigned","0.9952447025369581","false","0","k__Fungi | unassigned | unassigned | unassigned | unassigned | unassigned.3","10690","0.11328293072714979"
"2.256008359456635","0.0012526608372693735","unassigned","0.44326076887447896","0.18846153846153846","40","3","unassigned","unassigned.7","false","k__Fungi","k__Fungi | unassigned | unassigned | unassigned | unassigned | unassigned.7","63.4","0","40","unassigned","0","unassigned","0.9958819398050602","false","0","k__Fungi | unassigned | unassigned | unassigned | unassigned | unassigned.7","34736","0.0943452380952381"
"1.9049111807732497","0.006057189686595226","unassigned","0.5249588590235875","0.23943406493742064","149","3","unassigned","unassigned.8","false","k__Fungi","k__Fungi | unassigned | unassigned | unassigned | unassigned | unassigned.8","76.8993288590604","0","149","unassigned","0","unassigned","0.9970330780958254","false","0","k__Fungi | unassigned | unassigned | unassigned | unassigned | unassigned.8","247124","0.08553874177871013"
"2.452455590386625","6.546716038440949E-4","c__Ascomycota_cls_Incertae_sedis","0.4077545803152961","0.2597560975609756","41","4","f__Ascomycota_fam_Incertae_sedis","g__Ascomycota_gen_Incertae_sedis.13","false","k__Fungi","k__Fungi | p__Ascomycota | c__Ascomycota_cls_Incertae_sedis | Ascomycota_ord_Incertae_sedis | f__Ascomycota_fam_Incertae_sedis | g__Ascomycota_gen_Incertae_sedis.13","48.02439024390244","0","41","Ascomycota_ord_Incertae_sedis","0","p__Ascomycota","0.9952378505233225","false","0","k__Fungi | p__Ascomycota | c__Ascomycota_cls_Incertae_sedis | Ascomycota_ord_Incertae_sedis | f__Ascomycota_fam_Incertae_sedis | g__Ascomycota_gen_Incertae_sedis.13","15162","0.09901936132763389"
"2.2789968652037618","3.695578345614602E-4","c__Dothideomycetes","0.43878954607977994","0.2597701149425287","30","3","f__Mycosphaerellaceae","g__Septoria","false","k__Fungi","k__Fungi | p__Ascomycota | c__Dothideomycetes | Mycosphaerellales | f__Mycosphaerellaceae | g__Septoria","66.83333333333333","0","30","Mycosphaerellales","0","p__Ascomycota","0.9958065676550697","false","0","k__Fungi | p__Ascomycota | c__Dothideomycetes | Mycosphaerellales | f__Mycosphaerellaceae | g__Septoria","14592","0.10126262626262626"
"2.4430512016718913","3.613243031428475E-4","c__Dothideomycetes","0.4093242087254063","0.31450719822812845","43","3","f__Phaeosphaeriaceae","g__Chaetosphaeronema","false","k__Fungi","k__Fungi | p__Ascomycota | c__Dothideomycetes | Pleosporales | f__Phaeosphaeriaceae | g__Chaetosphaeronema","59.23255813953488","0","43","Pleosporales","0","p__Ascomycota","0.9952686845846823","false","0","k__Fungi | p__Ascomycota | c__Dothideomycetes | Pleosporales | f__Phaeosphaeriaceae | g__Chaetosphaeronema","9102","0.1208827717133365"
"2.6217345872518285","2.4591168055570524E-4","c__Eurotiomycetes","0.3814268632921483","0.29914529914529914","27","4","f__Chaetothyriales_fam_Incertae_sedis","g__Chaetothyriales_gen_Incertae_sedis.3","false","k__Fungi","k__Fungi | p__Ascomycota | c__Eurotiomycetes | Chaetothyriales | f__Chaetothyriales_fam_Incertae_sedis | g__Chaetothyriales_gen_Incertae_sedis.3","39.96296296296296","0","27","Chaetothyriales","0","p__Ascomycota","0.9946828374188466","false","0","k__Fungi | p__Ascomycota | c__Eurotiomycetes | Chaetothyriales | f__Chaetothyriales_fam_Incertae_sedis | g__Chaetothyriales_gen_Incertae_sedis.3","5148","0.11753812636165577"
"2.4221525600835947","2.3171152264336249E-4","c__Eurotiomycetes","0.4128559102674719","0.3508771929824561","39","3","f__Herpotrichiellaceae","g__Exophiala","false","k__Fungi","k__Fungi | p__Ascomycota | c__Eurotiomycetes | Chaetothyriales | f__Herpotrichiellaceae | g__Exophiala","70.92307692307692","0","39","Chaetothyriales","0","p__Ascomycota","0.9953372047210374","false","0","k__Fungi | p__Ascomycota | c__Eurotiomycetes | Chaetothyriales | f__Herpotrichiellaceae | g__Exophiala","7134","0.13798263992816523"
"2.476489028213166","5.326523146367662E-4","c__Eurotiomycetes","0.4037974683544304","0.288265306122449","49","4","f__Herpotrichiellaceae","g__Exophiala.1","false","k__Fungi","k__Fungi | p__Ascomycota | c__Eurotiomycetes | Chaetothyriales | f__Herpotrichiellaceae | g__Exophiala.1","55.06122448979592","0","49","Chaetothyriales","0","p__Ascomycota","0.9951590523665143","false","0","k__Fungi | p__Ascomycota | c__Eurotiomycetes | Chaetothyriales | f__Herpotrichiellaceae | g__Exophiala.1","14560","0.1212802301537355"
"2.309299895506792","9.679677585063223E-4","c__Sordariomycetes","0.4330316742081448","0.2627450980392157","51","3","f__Nectriaceae","g__Nectriaceae_gen_Incertae_sedis","false","k__Fungi","k__Fungi | p__Ascomycota | c__Sordariomycetes | Hypocreales | f__Nectriaceae | g__Nectriaceae_gen_Incertae_sedis","58.450980392156865","0","51","Hypocreales","0","p__Ascomycota","0.9957072134573548","false","0","k__Fungi | p__Ascomycota | c__Sordariomycetes | Hypocreales | f__Nectriaceae | g__Nectriaceae_gen_Incertae_sedis","27892","0.09594642454683022"
"2.0658307210031346","0.001787949020947758","c__Sordariomycetes","0.4840667678300456","0.2723141837065888","79","3","unassigned","unassigned","false","k__Fungi","k__Fungi | p__Ascomycota | c__Sordariomycetes | Hypocreales | unassigned | unassigned","74.62025316455696","0","79","Hypocreales","0","p__Ascomycota","0.9965054730458914","false","0","k__Fungi | p__Ascomycota | c__Sordariomycetes | Hypocreales | unassigned | unassigned","73348","0.09155859283994719"
"2.389759665621735","7.366045823319152E-4","c__Sordariomycetes","0.4184521206821163","0.29464285714285715","64","4","unassigned","unassigned.1","false","k__Fungi","k__Fungi | p__Ascomycota | c__Sordariomycetes | unassigned | unassigned | unassigned.1","61.21875","0","64","unassigned","0","p__Ascomycota","0.9954434109323878","false","0","k__Fungi | p__Ascomycota | c__Sordariomycetes | unassigned | unassigned | unassigned.1","19494","0.11750239923224567"
"2.3124346917450365","0.0011015754243708323","unassigned","0.43244464527790333","0.2474600870827286","53","3","unassigned","unassigned.11","false","k__Fungi","k__Fungi | unassigned | unassigned | unassigned | unassigned | unassigned.11","58.35849056603774","0","53","unassigned","0","unassigned","0.9956969354369016","false","0","k__Fungi | unassigned | unassigned | unassigned | unassigned | unassigned.11","27664","0.09646031498518634"
"2.5141065830721003","4.461787481188881E-4","unassigned","0.39775561097256856","0.3034330011074197","43","3","unassigned","unassigned.13","false","k__Fungi","k__Fungi | unassigned | unassigned | unassigned | unassigned | unassigned.13","45.97674418604651","0","43","unassigned","0","unassigned","0.9950357161210751","false","0","k__Fungi | unassigned | unassigned | unassigned | unassigned | unassigned.13","10266","0.10894963077262207"
"2.187042842215256","9.820615618800518E-4","unassigned","0.45723841376015284","0.288135593220339","60","3","unassigned","unassigned.32","false","k__Fungi","k__Fungi | unassigned | unassigned | unassigned | unassigned | unassigned.32","76.63333333333334","0","60","unassigned","0","unassigned","0.996108056255032","false","0","k__Fungi | unassigned | unassigned | unassigned | unassigned | unassigned.32","47756","0.10673166202414114"
"2.1818181818181817","8.587622849984663E-4","c__Ascomycota_cls_Incertae_sedis","0.45833333333333337","0.3736968724939856","87","3","f__Ascomycota_fam_Incertae_sedis","g__Ascomycota_gen_Incertae_sedis.16","false","k__Fungi","k__Fungi | p__Ascomycota | c__Ascomycota_cls_Incertae_sedis | Ascomycota_ord_Incertae_sedis | f__Ascomycota_fam_Incertae_sedis | g__Ascomycota_gen_Incertae_sedis.16","75.13793103448276","0","87","Ascomycota_ord_Incertae_sedis","0","p__Ascomycota","0.9961251862891207","false","0","k__Fungi | p__Ascomycota | c__Ascomycota_cls_Incertae_sedis | Ascomycota_ord_Incertae_sedis | f__Ascomycota_fam_Incertae_sedis | g__Ascomycota_gen_Incertae_sedis.16","36232","0.10795679746333729"
"2.3709508881922674","5.612107114492637E-4","c__Dothideomycetes","0.4217717055971794","0.35813492063492064","64","3","f__Capnodiales_fam_Incertae_sedis","g__Capnodiales_gen_Incertae_sedis","false","k__Fungi","k__Fungi | p__Ascomycota | c__Dothideomycetes | Capnodiales | f__Capnodiales_fam_Incertae_sedis | g__Capnodiales_gen_Incertae_sedis","67.453125","0","64","Capnodiales","0","p__Ascomycota","0.9955050790551073","false","0","k__Fungi | p__Ascomycota | c__Dothideomycetes | Capnodiales | f__Capnodiales_fam_Incertae_sedis | g__Capnodiales_gen_Incertae_sedis","16288","0.1253775557620818"
"2.06478578892372","0.0021696479596541416","c__Dothideomycetes","0.4843117408906883","0.32283272283272285","91","3","f__Dothideomycetes_fam_Incertae_sedis","unassigned.1","false","k__Fungi","k__Fungi | p__Ascomycota | c__Dothideomycetes | Dothideomycetes_ord_Incertae_sedis | f__Dothideomycetes_fam_Incertae_sedis | unassigned.1","78.36263736263736","0","91","Dothideomycetes_ord_Incertae_sedis","0","p__Ascomycota","0.9965088990527092","false","0","k__Fungi | p__Ascomycota | c__Dothideomycetes | Dothideomycetes_ord_Incertae_sedis | f__Dothideomycetes_fam_Incertae_sedis | unassigned.1","90766","0.09746596686895194"
"2.0700104493207943","0.0020428752600381607","c__Dothideomycetes","0.4830893488137304","0.3010842368640534","110","3","f__Didymellaceae","g__Chaetasbolisia.1","false","k__Fungi","k__Fungi | p__Ascomycota | c__Dothideomycetes | Pleosporales | f__Didymellaceae | g__Chaetasbolisia.1","75.14545454545454","0","110","Pleosporales","0","p__Ascomycota","0.9964917690186202","false","0","k__Fungi | p__Ascomycota | c__Dothideomycetes | Pleosporales | f__Didymellaceae | g__Chaetasbolisia.1","82740","0.09634032634032634"
"2.0292580982236155","0.0028322387485580328","c__Dothideomycetes","0.49279093717816685","0.30217821782178217","101","3","f__Phaeosphaeriaceae","g__Setophaeosphaeria","false","k__Fungi","k__Fungi | p__Ascomycota | c__Dothideomycetes | Pleosporales | f__Phaeosphaeriaceae | g__Setophaeosphaeria","75.82178217821782","0","101","Pleosporales","0","p__Ascomycota","0.9966253832845127","false","0","k__Fungi | p__Ascomycota | c__Dothideomycetes | Pleosporales | f__Phaeosphaeriaceae | g__Setophaeosphaeria","108258","0.0915722006983307"
"2.2873563218390807","5.605295810083336E-4","c__Dothideomycetes","0.43718592964824116","0.34059286146400486","58","3","f__Phaeosphaeriaceae","unassigned.1","false","k__Fungi","k__Fungi | p__Ascomycota | c__Dothideomycetes | Pleosporales | f__Phaeosphaeriaceae | unassigned.1","72.93103448275862","0","58","Pleosporales","0","p__Ascomycota","0.9957791596005277","false","0","k__Fungi | p__Ascomycota | c__Dothideomycetes | Pleosporales | f__Phaeosphaeriaceae | unassigned.1","20752","0.11687665782493369"
"2.2716823406478577","7.947323014218959E-4","c__Dothideomycetes","0.44020239190432386","0.3407925407925408","66","3","f__Pleosporaceae","g__Alternaria","false","k__Fungi","k__Fungi | p__Ascomycota | c__Dothideomycetes | Pleosporales | f__Pleosporaceae | g__Alternaria","72.65151515151516","0","66","Pleosporales","0","p__Ascomycota","0.9958305497027938","false","0","k__Fungi | p__Ascomycota | c__Dothideomycetes | Pleosporales | f__Pleosporaceae | g__Alternaria","27698","0.11513710800557077"
"2.1149425287356323","0.0015094181785054268","c__Dothideomycetes","0.47282608695652173","0.3758320532514081","63","3","unassigned","unassigned","false","k__Fungi","k__Fungi | p__Ascomycota | c__Dothideomycetes | Pleosporales | unassigned | unassigned","79.53968253968254","0","63","Pleosporales","0","p__Ascomycota","0.996344450725457","false","0","k__Fungi | p__Ascomycota | c__Dothideomycetes | Pleosporales | unassigned | unassigned","58456","0.10145367670877875"
"2.1630094043887147","0.0014354721739585994","c__Dothideomycetes","0.4623188405797102","0.2593984962406015","77","3","unassigned","unassigned.2","false","k__Fungi","k__Fungi | p__Ascomycota | c__Dothideomycetes | Pleosporales | unassigned | unassigned.2","70.06493506493507","0","77","Pleosporales","0","p__Ascomycota","0.9961868544118402","false","0","k__Fungi | p__Ascomycota | c__Dothideomycetes | Pleosporales | unassigned | unassigned.2","52792","0.09677477218913683"
"2.1912225705329154","8.858565320079768E-4","c__Eurotiomycetes","0.4563662374821173","0.24141414141414141","45","3","f__Chaetothyriales_fam_Incertae_sedis","g__Chaetothyriales_gen_Incertae_sedis.2","false","k__Fungi","k__Fungi | p__Ascomycota | c__Eurotiomycetes | Chaetothyriales | f__Chaetothyriales_fam_Incertae_sedis | g__Chaetothyriales_gen_Incertae_sedis.2","72.13333333333334","0","45","Chaetothyriales","0","p__Ascomycota","0.9960943522277609","false","0","k__Fungi | p__Ascomycota | c__Eurotiomycetes | Chaetothyriales | f__Chaetothyriales_fam_Incertae_sedis | g__Chaetothyriales_gen_Incertae_sedis.2","32344","0.09894833104709648"
"2.438871473354232","3.271780575173903E-4","c__Eurotiomycetes","0.41002570694087404","0.3589225589225589","55","4","f__Cyphellophoraceae","g__Cyphellophora","false","k__Fungi","k__Fungi | p__Ascomycota | c__Eurotiomycetes | Chaetothyriales | f__Cyphellophoraceae | g__Cyphellophora","66.72727272727273","0","55","Chaetothyriales","0","p__Ascomycota","0.9952823886119533","false","0","k__Fungi | p__Ascomycota | c__Eurotiomycetes | Chaetothyriales | f__Cyphellophoraceae | g__Cyphellophora","9880","0.13815170336909469"
"2.376175548589342","4.00471607229546E-4","c__Eurotiomycetes","0.420844327176781","0.3833950290851401","62","3","f__Trichomeriaceae","g__Bradymyces","false","k__Fungi","k__Fungi | p__Ascomycota | c__Eurotiomycetes | Chaetothyriales | f__Trichomeriaceae | g__Bradymyces","69.38709677419355","0","62","Chaetothyriales","0","p__Ascomycota","0.9954879490210186","false","0","k__Fungi | p__Ascomycota | c__Eurotiomycetes | Chaetothyriales | f__Trichomeriaceae | g__Bradymyces","14118","0.1296955079891468"
"2.135841170323929","0.0010162642093340683","c__Eurotiomycetes","0.46819960861056753","0.30721966205837176","63","3","unassigned","unassigned","false","k__Fungi","k__Fungi | p__Ascomycota | c__Eurotiomycetes | Chaetothyriales | unassigned | unassigned","73.0952380952381","0","63","Chaetothyriales","0","p__Ascomycota","0.9962759305891018","false","0","k__Fungi | p__Ascomycota | c__Eurotiomycetes | Chaetothyriales | unassigned | unassigned","44070","0.09567439541261531"
"2.371995820271682","5.088242803261091E-4","c__Eurotiomycetes","0.4215859030837005","0.36425339366515835","52","4","f__Verrucariaceae","g__Verrucaria.1","false","k__Fungi","k__Fungi | p__Ascomycota | c__Eurotiomycetes | Verrucariales | f__Verrucariaceae | g__Verrucaria.1","60.71153846153846","0","52","Verrucariales","0","p__Ascomycota","0.9955016530482895","false","0","k__Fungi | p__Ascomycota | c__Eurotiomycetes | Verrucariales | f__Verrucariaceae | g__Verrucaria.1","16640","0.11038461538461539"
"2.2716823406478577","8.789880967295738E-4","c__Leotiomycetes","0.44020239190432386","0.3163841807909605","60","4","f__Helotiaceae","g__Tetracladium","false","k__Fungi","k__Fungi | p__Ascomycota | c__Leotiomycetes | Helotiales | f__Helotiaceae | g__Tetracladium","67.36666666666666","0","60","Helotiales","0","p__Ascomycota","0.9958305497027938","false","0","k__Fungi | p__Ascomycota | c__Leotiomycetes | Helotiales | f__Helotiaceae | g__Tetracladium","28954","0.10559038662486939"
"2.277951933124347","8.73633121454557E-4","c__Leotiomycetes","0.4389908256880734","0.3822937625754527","71","3","f__Helotiales_fam_Incertae_sedis","g__Mycoarthris","false","k__Fungi","k__Fungi | p__Ascomycota | c__Leotiomycetes | Helotiales | f__Helotiales_fam_Incertae_sedis | g__Mycoarthris","75.71830985915493","0","71","Helotiales","0","p__Ascomycota","0.9958099936618873","false","0","k__Fungi | p__Ascomycota | c__Leotiomycetes | Helotiales | f__Helotiales_fam_Incertae_sedis | g__Mycoarthris","27274","0.12230084871100594"
"2.2852664576802506","7.346078497871418E-4","c__Leotiomycetes","0.4375857338820302","0.3980128579777908","59","3","f__Leotiomycetes_fam_Incertae_sedis","g__Leotiomycetes_gen_Incertae_sedis.1","false","k__Fungi","k__Fungi | p__Ascomycota | c__Leotiomycetes | Leotiomycetes_ord_Incertae_sedis | f__Leotiomycetes_fam_Incertae_sedis | g__Leotiomycetes_gen_Incertae_sedis.1","70.47457627118644","0","59","Leotiomycetes_ord_Incertae_sedis","0","p__Ascomycota","0.9957860116141632","false","0","k__Fungi | p__Ascomycota | c__Leotiomycetes | Leotiomycetes_ord_Incertae_sedis | f__Leotiomycetes_fam_Incertae_sedis | g__Leotiomycetes_gen_Incertae_sedis.1","23062","0.11275932203389831"
"2.2445141065830723","3.1155467706892666E-4","c__Pezizomycetes","0.4455307262569832","0.40705882352941175","51","3","f__Pezizales_fam_Incertae_sedis","g__Pezizales_gen_Incertae_sedis","false","k__Fungi","k__Fungi | p__Ascomycota | c__Pezizomycetes | Pezizales | f__Pezizales_fam_Incertae_sedis | g__Pezizales_gen_Incertae_sedis","80.3921568627451","0","51","Pezizales","0","p__Ascomycota","0.9959196258800554","false","0","k__Fungi | p__Ascomycota | c__Pezizomycetes | Pezizales | f__Pezizales_fam_Incertae_sedis | g__Pezizales_gen_Incertae_sedis","15732","0.1196311858076564"
"2.3928944618599792","2.619563798740678E-4","c__Sordariomycetes","0.41790393013100435","0.26881720430107525","31","3","f__Hypocreales_fam_Incertae_sedis","g__Acremonium","false","k__Fungi","k__Fungi | p__Ascomycota | c__Sordariomycetes | Hypocreales | f__Hypocreales_fam_Incertae_sedis | g__Acremonium","64.74193548387096","0","31","Hypocreales","0","p__Ascomycota","0.9954331329119346","false","0","k__Fungi | p__Ascomycota | c__Sordariomycetes | Hypocreales | f__Hypocreales_fam_Incertae_sedis | g__Acremonium","8314","0.11771260997067448"
"2.3019853709508884","6.332517511997338E-4","c__Sordariomycetes","0.4344076259645937","0.4018264840182648","73","3","f__Hypocreales_fam_Incertae_sedis","g__Hypocreales_gen_Incertae_sedis.3","false","k__Fungi","k__Fungi | p__Ascomycota | c__Sordariomycetes | Hypocreales | f__Hypocreales_fam_Incertae_sedis | g__Hypocreales_gen_Incertae_sedis.3","71.47945205479452","0","73","Hypocreales","0","p__Ascomycota","0.995731195505079","false","0","k__Fungi | p__Ascomycota | c__Sordariomycetes | Hypocreales | f__Hypocreales_fam_Incertae_sedis | g__Hypocreales_gen_Incertae_sedis.3","26144","0.12013353286520087"
"2.399164054336468","4.849173798902509E-4","c__Sordariomycetes","0.41681184668989546","0.31981981981981983","37","3","f__Nectriaceae","g__Fusarium.3","false","k__Fungi","k__Fungi | p__Ascomycota | c__Sordariomycetes | Hypocreales | f__Nectriaceae | g__Fusarium.3","66.4054054054054","0","37","Hypocreales","0","p__Ascomycota","0.9954125768710279","false","0","k__Fungi | p__Ascomycota | c__Sordariomycetes | Hypocreales | f__Nectriaceae | g__Fusarium.3","11070","0.12360964316271579"
"2.0929989550679204","0.0012599893833604955","c__Sordariomycetes","0.47778332501248133","0.26881720430107525","63","3","f__Chaetomiaceae","g__Chaetomiaceae_gen_Incertae_sedis","false","k__Fungi","k__Fungi | p__Ascomycota | c__Sordariomycetes | Sordariales | f__Chaetomiaceae | g__Chaetomiaceae_gen_Incertae_sedis","80.26984126984127","0","63","Sordariales","0","p__Ascomycota","0.9964163968686298","false","0","k__Fungi | p__Ascomycota | c__Sordariomycetes | Sordariales | f__Chaetomiaceae | g__Chaetomiaceae_gen_Incertae_sedis","53414","0.09971408853396431"
"2.152560083594566","8.731376418165584E-4","c__Sordariomycetes","0.46456310679611657","0.29811507936507936","64","3","f__Chaetomiaceae","g__Chaetomiaceae_gen_Incertae_sedis.1","false","k__Fungi","k__Fungi | p__Ascomycota | c__Sordariomycetes | Sordariales | f__Chaetomiaceae | g__Chaetomiaceae_gen_Incertae_sedis.1","75.046875","0","64","Sordariales","0","p__Ascomycota","0.9962211144800178","false","0","k__Fungi | p__Ascomycota | c__Sordariomycetes | Sordariales | f__Chaetomiaceae | g__Chaetomiaceae_gen_Incertae_sedis.1","37128","0.10046435742971888"
"2.1494252873563218","0.0010051702785810722","c__Sordariomycetes","0.46524064171123","0.3177884615384615","65","3","f__Chaetomiaceae","unassigned.1","false","k__Fungi","k__Fungi | p__Ascomycota | c__Sordariomycetes | Sordariales | f__Chaetomiaceae | unassigned.1","78.06153846153846","0","65","Sordariales","0","p__Ascomycota","0.996231392500471","false","0","k__Fungi | p__Ascomycota | c__Sordariomycetes | Sordariales | f__Chaetomiaceae | unassigned.1","46784","0.10422101263222759"
"2.2528735632183907","8.546139597189054E-4","c__Sordariomycetes","0.44387755102040816","0.3386613386613387","78","3","f__Lasiosphaeriaceae","g__Schizothecium","false","k__Fungi","k__Fungi | p__Ascomycota | c__Sordariomycetes | Sordariales | f__Lasiosphaeriaceae | g__Schizothecium","73.75641025641026","0","78","Sordariales","0","p__Ascomycota","0.9958922178255135","false","0","k__Fungi | p__Ascomycota | c__Sordariomycetes | Sordariales | f__Lasiosphaeriaceae | g__Schizothecium","32882","0.11578714325967074"
"2.4273772204806687","2.4927976795602623E-4","c__Sordariomycetes","0.4119672836848902","0.33428165007112376","38","3","f__Lasiosphaeriaceae","g__Schizothecium.3","false","k__Fungi","k__Fungi | p__Ascomycota | c__Sordariomycetes | Sordariales | f__Lasiosphaeriaceae | g__Schizothecium.3","69.8157894736842","0","38","Sordariales","0","p__Ascomycota","0.9953200746869487","false","0","k__Fungi | p__Ascomycota | c__Sordariomycetes | Sordariales | f__Lasiosphaeriaceae | g__Schizothecium.3","7826","0.1368937048503612"
"2.3343782654127483","4.079959551389354E-4","c__Sordariomycetes","0.42837958818263205","0.3367252543940796","47","3","f__Lasiosphaeriaceae","g__Schizothecium.5","false","k__Fungi","k__Fungi | p__Ascomycota | c__Sordariomycetes | Sordariales | f__Lasiosphaeriaceae | g__Schizothecium.5","69.55319148936171","0","47","Sordariales","0","p__Ascomycota","0.9956249892937288","false","0","k__Fungi | p__Ascomycota | c__Sordariomycetes | Sordariales | f__Lasiosphaeriaceae | g__Schizothecium.5","15310","0.11788676523620628"
"2.3385579937304075","5.894031529433678E-4","c__Sordariomycetes","0.42761394101876676","0.35","56","4","unassigned","unassigned.3","false","k__Fungi","k__Fungi | p__Ascomycota | c__Sordariomycetes | unassigned | unassigned | unassigned.3","69.91071428571429","0","56","unassigned","0","p__Ascomycota","0.9956112852664576","false","0","k__Fungi | p__Ascomycota | c__Sordariomycetes | unassigned | unassigned | unassigned.3","18526","0.12095279288185863"
"2.0992685475444097","0.001459653763875388","unassigned","0.47635639621702336","0.33725182863113895","88","3","unassigned","unassigned.11","false","k__Fungi","k__Fungi | p__Ascomycota | unassigned | unassigned | unassigned | unassigned.11","75.79545454545455","0","88","unassigned","0","p__Ascomycota","0.9963958408277233","false","0","k__Fungi | p__Ascomycota | unassigned | unassigned | unassigned | unassigned.11","59654","0.09792694385717642"
"2.0783699059561127","0.00151955775762425","unassigned","0.48114630467571645","0.29157894736842105","76","3","unassigned","unassigned.13","false","k__Fungi","k__Fungi | p__Ascomycota | unassigned | unassigned | unassigned | unassigned.13","82.78947368421052","0","76","unassigned","0","p__Ascomycota","0.9964643609640784","false","0","k__Fungi | p__Ascomycota | unassigned | unassigned | unassigned | unassigned.13","73184","0.10271646859083192"
"2.219435736677116","0.0011578508656935507","unassigned","0.4505649717514124","0.29491525423728815","60","3","unassigned","unassigned.15","false","k__Fungi","k__Fungi | p__Ascomycota | unassigned | unassigned | unassigned | unassigned.15","75.66666666666667","0","60","unassigned","0","p__Ascomycota","0.9960018500436817","false","0","k__Fungi | p__Ascomycota | unassigned | unassigned | unassigned | unassigned.15","39578","0.1101407083939835"
"2.4336468129571576","3.269154397227693E-4","c__Agaricomycetes","0.4109059682267068","0.3780573025856045","54","3","f__Ceratobasidiaceae","g__Ceratobasidiaceae_gen_Incertae_sedis","false","k__Fungi","k__Fungi | p__Basidiomycota | c__Agaricomycetes | Cantharellales | f__Ceratobasidiaceae | g__Ceratobasidiaceae_gen_Incertae_sedis","68.96296296296296","0","54","Cantharellales","0","p__Basidiomycota","0.9952995186460422","false","0","k__Fungi | p__Basidiomycota | c__Agaricomycetes | Cantharellales | f__Ceratobasidiaceae | g__Ceratobasidiaceae_gen_Incertae_sedis","10096","0.14131754705525199"
"2.4921630094043885","8.162207674514329E-5","c__Agaricomycetes","0.40125786163522015","0.35144927536231885","24","3","f__Ceratobasidiaceae","unassigned","false","k__Fungi","k__Fungi | p__Basidiomycota | c__Agaricomycetes | Cantharellales | f__Ceratobasidiaceae | unassigned","72.04166666666667","0","24","Cantharellales","0","p__Basidiomycota","0.9951076622642478","false","0","k__Fungi | p__Basidiomycota | c__Agaricomycetes | Cantharellales | f__Ceratobasidiaceae | unassigned","2934","0.1561822125813449"
"2.175548589341693","7.885037061514823E-4","c__Fungi_cls_Incertae_sedis","0.4596541786743516","0.38504864311315923","63","3","f__Fungi_fam_Incertae_sedis","g__Fungi_gen_Incertae_sedis.10","false","k__Fungi","k__Fungi | p__Fungi_phy_Incertae_sedis | c__Fungi_cls_Incertae_sedis | Fungi_ord_Incertae_sedis | f__Fungi_fam_Incertae_sedis | g__Fungi_gen_Incertae_sedis.10","75.0952380952381","0","63","Fungi_ord_Incertae_sedis","0","p__Fungi_phy_Incertae_sedis","0.9961457423300272","false","0","k__Fungi | p__Fungi_phy_Incertae_sedis | c__Fungi_cls_Incertae_sedis | Fungi_ord_Incertae_sedis | f__Fungi_fam_Incertae_sedis | g__Fungi_gen_Incertae_sedis.10","34836","0.10343696707333071"
"1.9467084639498433","0.005313900857876793","c__Fungi_cls_Incertae_sedis","0.5136876006441223","0.2526984126984127","126","3","f__Fungi_fam_Incertae_sedis","g__Fungi_gen_Incertae_sedis.4","false","k__Fungi","k__Fungi | p__Fungi_phy_Incertae_sedis | c__Fungi_cls_Incertae_sedis | Fungi_ord_Incertae_sedis | f__Fungi_fam_Incertae_sedis | g__Fungi_gen_Incertae_sedis.4","80.08730158730158","0","126","Fungi_ord_Incertae_sedis","0","p__Fungi_phy_Incertae_sedis","0.9968960378231153","false","0","k__Fungi | p__Fungi_phy_Incertae_sedis | c__Fungi_cls_Incertae_sedis | Fungi_ord_Incertae_sedis | f__Fungi_fam_Incertae_sedis | g__Fungi_gen_Incertae_sedis.4","219418","0.09080192923730339"
"2.2361546499477534","5.735131480587598E-4","unassigned","0.44719626168224297","0.30194805194805197","56","3","unassigned","unassigned.5","false","k__Fungi","k__Fungi | unassigned | unassigned | unassigned | unassigned | unassigned.5","72.73214285714286","0","56","unassigned","0","unassigned","0.9959470339345975","false","0","k__Fungi | unassigned | unassigned | unassigned | unassigned | unassigned.5","22164","0.10775132275132275"
"2.2978056426332287","6.132815311734221E-4","c__Ascomycota_cls_Incertae_sedis","0.4351978171896317","0.36116152450090744","58","3","f__Ascomycota_fam_Incertae_sedis","g__Ascomycota_gen_Incertae_sedis.19","false","k__Fungi","k__Fungi | p__Ascomycota | c__Ascomycota_cls_Incertae_sedis | Ascomycota_ord_Incertae_sedis | f__Ascomycota_fam_Incertae_sedis | g__Ascomycota_gen_Incertae_sedis.19","69.79310344827586","0","58","Ascomycota_ord_Incertae_sedis","0","p__Ascomycota","0.99574489953235","false","0","k__Fungi | p__Ascomycota | c__Ascomycota_cls_Incertae_sedis | Ascomycota_ord_Incertae_sedis | f__Ascomycota_fam_Incertae_sedis | g__Ascomycota_gen_Incertae_sedis.19","20016","0.11366954959002583"
"2.368861024033438","3.659187849167414E-4","c__Dothideomycetes","0.42214380238200266","0.37575757575757573","55","3","f__Pleosporales_fam_Incertae_sedis","g__Pleosporales_gen_Incertae_sedis.2","false","k__Fungi","k__Fungi | p__Ascomycota | c__Dothideomycetes | Pleosporales | f__Pleosporales_fam_Incertae_sedis | g__Pleosporales_gen_Incertae_sedis.2","72.23636363636363","0","55","Pleosporales","0","p__Ascomycota","0.9955119310687428","false","0","k__Fungi | p__Ascomycota | c__Dothideomycetes | Pleosporales | f__Pleosporales_fam_Incertae_sedis | g__Pleosporales_gen_Incertae_sedis.2","12302","0.13157807584037093"
"2.362591431556949","5.630350810011905E-4","c__Dothideomycetes","0.4232640424590889","0.28019323671497587","46","3","f__Sporormiaceae","g__Preussia.3","false","k__Fungi","k__Fungi | p__Ascomycota | c__Dothideomycetes | Pleosporales | f__Sporormiaceae | g__Preussia.3","60.76086956521739","0","46","Pleosporales","0","p__Ascomycota","0.9955324871096494","false","0","k__Fungi | p__Ascomycota | c__Dothideomycetes | Pleosporales | f__Sporormiaceae | g__Preussia.3","16666","0.10773203823620105"
"2.2998955067920583","4.4169072548505106E-4","c__Leotiomycetes","0.4348023625624716","0.300531914893617","48","3","f__Helotiales_fam_Incertae_sedis","g__Helotiales_gen_Incertae_sedis.9","false","k__Fungi","k__Fungi | p__Ascomycota | c__Leotiomycetes | Helotiales | f__Helotiales_fam_Incertae_sedis | g__Helotiales_gen_Incertae_sedis.9","67.85416666666667","0","48","Helotiales","0","p__Ascomycota","0.9957380475187146","false","0","k__Fungi | p__Ascomycota | c__Leotiomycetes | Helotiales | f__Helotiales_fam_Incertae_sedis | g__Helotiales_gen_Incertae_sedis.9","16054","0.10909030010718114"
"2.270637408568443","9.22278526607781E-4","c__Leotiomycetes","0.44040497008743673","0.28005115089514065","69","3","unassigned","unassigned.3","false","k__Fungi","k__Fungi | p__Ascomycota | c__Leotiomycetes | Helotiales | unassigned | unassigned.3","68.07246376811594","0","69","Helotiales","0","p__Ascomycota","0.9958339757096116","false","0","k__Fungi | p__Ascomycota | c__Leotiomycetes | Helotiales | unassigned | unassigned.3","28432","0.10822331282689339"
"2.4952978056426334","3.074637442477963E-4","c__Orbiliomycetes","0.4007537688442211","0.32346723044397463","44","4","f__Orbiliaceae","g__Hyalorbilia.1","false","k__Fungi","k__Fungi | p__Ascomycota | c__Orbiliomycetes | Orbiliales | f__Orbiliaceae | g__Hyalorbilia.1","61.31818181818182","0","44","Orbiliales","0","p__Ascomycota","0.9950973842437947","false","0","k__Fungi | p__Ascomycota | c__Orbiliomycetes | Orbiliales | f__Orbiliaceae | g__Hyalorbilia.1","6906","0.13935950413223142"
"2.2789968652037618","6.875088580266572E-4","c__Sordariomycetes","0.43878954607977994","0.29491525423728815","60","3","f__Plectosphaerellaceae","g__Gibellulopsis","false","k__Fungi","k__Fungi | p__Ascomycota | c__Sordariomycetes | Glomerellales | f__Plectosphaerellaceae | g__Gibellulopsis","65.68333333333334","0","60","Glomerellales","0","p__Ascomycota","0.9958065676550697","false","0","k__Fungi | p__Ascomycota | c__Sordariomycetes | Glomerellales | f__Plectosphaerellaceae | g__Gibellulopsis","23914","0.10425925925925926"
"1.928944618599791","0.0057155884602660125","c__Sordariomycetes","0.5184182015167931","0.2419883207520296","119","3","f__Nectriaceae","unassigned","false","k__Fungi","k__Fungi | p__Ascomycota | c__Sordariomycetes | Hypocreales | f__Nectriaceae | unassigned","76.32773109243698","0","119","Hypocreales","0","p__Ascomycota","0.996954279939017","false","0","k__Fungi | p__Ascomycota | c__Sordariomycetes | Hypocreales | f__Nectriaceae | unassigned","220466","0.08424694381063684"
"2.2800417972831766","8.930727207727019E-4","c__Sordariomycetes","0.43858845096241983","0.2682926829268293","41","3","f__Chaetomiaceae","g__Chaetomiaceae_gen_Incertae_sedis.2","false","k__Fungi","k__Fungi | p__Ascomycota | c__Sordariomycetes | Sordariales | f__Chaetomiaceae | g__Chaetomiaceae_gen_Incertae_sedis.2","64.5609756097561","0","41","Sordariales","0","p__Ascomycota","0.9958031416482519","false","0","k__Fungi | p__Ascomycota | c__Sordariomycetes | Sordariales | f__Chaetomiaceae | g__Chaetomiaceae_gen_Incertae_sedis.2","25298","0.09963113520024089"
"2.1765935214211076","0.0011311133761408277","unassigned","0.45943350936149785","0.22122448979591836","50","3","unassigned","unassigned.26","false","k__Fungi","k__Fungi | p__Ascomycota | unassigned | unassigned | unassigned | unassigned.26","67.98","0","50","unassigned","0","p__Ascomycota","0.9961423163232094","false","0","k__Fungi | p__Ascomycota | unassigned | unassigned | unassigned | unassigned.26","41782","0.09211382113821139"
"2.2716823406478577","4.904551286134443E-4","c__Fungi_cls_Incertae_sedis","0.44020239190432386","0.3274745605920444","47","3","f__Fungi_fam_Incertae_sedis","g__Fungi_gen_Incertae_sedis.27","false","k__Fungi","k__Fungi | p__Fungi_phy_Incertae_sedis | c__Fungi_cls_Incertae_sedis | Fungi_ord_Incertae_sedis | f__Fungi_fam_Incertae_sedis | g__Fungi_gen_Incertae_sedis.27","70.93617021276596","0","47","Fungi_ord_Incertae_sedis","0","p__Fungi_phy_Incertae_sedis","0.9958305497027938","false","0","k__Fungi | p__Fungi_phy_Incertae_sedis | c__Fungi_cls_Incertae_sedis | Fungi_ord_Incertae_sedis | f__Fungi_fam_Incertae_sedis | g__Fungi_gen_Incertae_sedis.27","17542","0.10913256955810147"
"2.309299895506792","9.655931051212183E-4","unassigned","0.4330316742081448","0.19318181818181818","33","3","unassigned","unassigned.18","false","k__Fungi","k__Fungi | unassigned | unassigned | unassigned | unassigned | unassigned.18","50.81818181818182","0","33","unassigned","0","unassigned","0.9957072134573548","false","0","k__Fungi | unassigned | unassigned | unassigned | unassigned | unassigned.18","22350","0.0809206716850029"
"2.0689655172413794","0.0019611988567220825","unassigned","0.4833333333333333","0.24863883847549909","58","3","unassigned","unassigned.33","false","k__Fungi","k__Fungi | unassigned | unassigned | unassigned | unassigned | unassigned.33","74.12068965517241","0","58","unassigned","0","unassigned","0.996495195025438","false","0","k__Fungi | unassigned | unassigned | unassigned | unassigned | unassigned.33","67120","0.08898041975410854"
"2.283176593521421","0.0012765711063660065","c__Ascomycota_cls_Incertae_sedis","0.4379862700228833","0.23673469387755103","50","3","f__Ascomycota_fam_Incertae_sedis","g__Ascomycota_gen_Incertae_sedis.2","false","k__Fungi","k__Fungi | p__Ascomycota | c__Ascomycota_cls_Incertae_sedis | Ascomycota_ord_Incertae_sedis | f__Ascomycota_fam_Incertae_sedis | g__Ascomycota_gen_Incertae_sedis.2","58.14","0","50","Ascomycota_ord_Incertae_sedis","0","p__Ascomycota","0.9957928636277986","false","0","k__Fungi | p__Ascomycota | c__Ascomycota_cls_Incertae_sedis | Ascomycota_ord_Incertae_sedis | f__Ascomycota_fam_Incertae_sedis | g__Ascomycota_gen_Incertae_sedis.2","35654","0.09141509433962264"
"2.077324973876698","0.0018165985165081691","c__Eurotiomycetes","0.4813883299798793","0.3138515488018703","59","3","f__Chaetothyriales_fam_Incertae_sedis","g__Chaetothyriales_gen_Incertae_sedis.1","false","k__Fungi","k__Fungi | p__Ascomycota | c__Eurotiomycetes | Chaetothyriales | f__Chaetothyriales_fam_Incertae_sedis | g__Chaetothyriales_gen_Incertae_sedis.1","76.49152542372882","0","59","Chaetothyriales","0","p__Ascomycota","0.9964677869708961","false","0","k__Fungi | p__Ascomycota | c__Eurotiomycetes | Chaetothyriales | f__Chaetothyriales_fam_Incertae_sedis | g__Chaetothyriales_gen_Incertae_sedis.1","66504","0.09282952114530196"
"2.238244514106583","6.212801770583684E-4","c__Eurotiomycetes","0.44677871148459386","0.33418367346938777","49","3","unassigned","unassigned","false","k__Fungi","k__Fungi | p__Ascomycota | c__Eurotiomycetes | Verrucariales | unassigned | unassigned","67.93877551020408","0","49","Verrucariales","0","p__Ascomycota","0.9959401819209621","false","0","k__Fungi | p__Ascomycota | c__Eurotiomycetes | Verrucariales | unassigned | unassigned","22628","0.09990996398559424"
"2.0491118077324972","0.0030823748305855094","unassigned","0.48801631820499747","0.22436708860759494","80","3","unassigned","unassigned.1","false","k__Fungi","k__Fungi | unassigned | unassigned | unassigned | unassigned | unassigned.1","68.875","0","80","unassigned","0","unassigned","0.9965602891549754","false","0","k__Fungi | unassigned | unassigned | unassigned | unassigned | unassigned.1","103264","0.08298192771084337"
"2.4085684430512018","3.711604901911255E-4","c__Ascomycota_cls_Incertae_sedis","0.41518438177874184","0.3641025641025641","40","3","f__Ascomycota_fam_Incertae_sedis","g__Ascomycota_gen_Incertae_sedis.26","false","k__Fungi","k__Fungi | p__Ascomycota | c__Ascomycota_cls_Incertae_sedis | Ascomycota_ord_Incertae_sedis | f__Ascomycota_fam_Incertae_sedis | g__Ascomycota_gen_Incertae_sedis.26","62.15","0","40","Ascomycota_ord_Incertae_sedis","0","p__Ascomycota","0.9953817428096682","false","0","k__Fungi | p__Ascomycota | c__Ascomycota_cls_Incertae_sedis | Ascomycota_ord_Incertae_sedis | f__Ascomycota_fam_Incertae_sedis | g__Ascomycota_gen_Incertae_sedis.26","11588","0.11815589353612167"
"2.0041797283176592","0.003231046895593106","c__Dothideomycetes","0.49895724713242967","0.23927927927927928","75","3","f__Phaeosphaeriaceae","g__Paraphoma","false","k__Fungi","k__Fungi | p__Ascomycota | c__Dothideomycetes | Pleosporales | f__Phaeosphaeriaceae | g__Paraphoma","86.02666666666667","0","75","Pleosporales","0","p__Ascomycota","0.9967076074481389","false","0","k__Fungi | p__Ascomycota | c__Dothideomycetes | Pleosporales | f__Phaeosphaeriaceae | g__Paraphoma","146812","0.09798025816249051"
"2.4461859979101357","2.608588363313638E-4","c__Dothideomycetes","0.4087996582656984","0.4060975609756098","41","3","f__Sympoventuriaceae","g__Scolecobasidium","false","k__Fungi","k__Fungi | p__Ascomycota | c__Dothideomycetes | Venturiales | f__Sympoventuriaceae | g__Scolecobasidium","63.048780487804876","0","41","Venturiales","0","p__Ascomycota","0.9952584065642289","false","0","k__Fungi | p__Ascomycota | c__Dothideomycetes | Venturiales | f__Sympoventuriaceae | g__Scolecobasidium","7980","0.1291483406637345"
"2.5381400208986418","2.1500225387382065E-4","c__Eurotiomycetes","0.39398929600658705","0.39146341463414636","41","4","f__Chaetothyriales_fam_Incertae_sedis","g__Chaetothyriales_gen_Incertae_sedis","false","k__Fungi","k__Fungi | p__Ascomycota | c__Eurotiomycetes | Chaetothyriales | f__Chaetothyriales_fam_Incertae_sedis | g__Chaetothyriales_gen_Incertae_sedis","54.609756097560975","0","41","Chaetothyriales","0","p__Ascomycota","0.9949569179642667","false","0","k__Fungi | p__Ascomycota | c__Eurotiomycetes | Chaetothyriales | f__Chaetothyriales_fam_Incertae_sedis | g__Chaetothyriales_gen_Incertae_sedis","5684","0.1351726636078242"
"2.270637408568443","0.0012654544193123314","c__Eurotiomycetes","0.44040497008743673","0.2865384615384615","65","3","f__Herpotrichiellaceae","g__Exophiala.8","false","k__Fungi","k__Fungi | p__Ascomycota | c__Eurotiomycetes | Chaetothyriales | f__Herpotrichiellaceae | g__Exophiala.8","68.18461538461538","0","65","Chaetothyriales","0","p__Ascomycota","0.9958339757096116","false","0","k__Fungi | p__Ascomycota | c__Eurotiomycetes | Chaetothyriales | f__Herpotrichiellaceae | g__Exophiala.8","35492","0.10771661198201482"
"2.270637408568443","7.196064962404849E-4","c__Pezizomycetes","0.44040497008743673","0.29809725158562367","44","3","f__Ascobolaceae","g__Ascobolus","false","k__Fungi","k__Fungi | p__Ascomycota | c__Pezizomycetes | Pezizales | f__Ascobolaceae | g__Ascobolus","65.95454545454545","0","44","Pezizales","0","p__Ascomycota","0.9958339757096116","false","0","k__Fungi | p__Ascomycota | c__Pezizomycetes | Pezizales | f__Ascobolaceae | g__Ascobolus","24198","0.1008479288295802"
"2.2549634273772203","4.680654714281076E-4","c__Sordariomycetes","0.44346617238183506","0.4185883997204752","54","3","f__Bartaliniaceae","g__Bartalinia","false","k__Fungi","k__Fungi | p__Ascomycota | c__Sordariomycetes | Xylariales | f__Bartaliniaceae | g__Bartalinia","73.27777777777777","0","54","Xylariales","0","p__Ascomycota","0.9958853658118779","false","0","k__Fungi | p__Ascomycota | c__Sordariomycetes | Xylariales | f__Bartaliniaceae | g__Bartalinia","19836","0.11119541392682515"
"2.0355276907001043","0.0023579707388814214","c__Rhizophlyctidomycetes","0.4912731006160165","0.2734562951082598","87","3","f__Rhizophlyctidaceae","g__Rhizophlyctis.5","false","k__Fungi","k__Fungi | p__Chytridiomycota | c__Rhizophlyctidomycetes | Rhizophlyctidales | f__Rhizophlyctidaceae | g__Rhizophlyctis.5","88.98850574712644","0","87","Rhizophlyctidales","0","p__Chytridiomycota","0.9966048272436061","false","0","k__Fungi | p__Chytridiomycota | c__Rhizophlyctidomycetes | Rhizophlyctidales | f__Rhizophlyctidaceae | g__Rhizophlyctis.5","124302","0.10644558103723258"
"2.349007314524556","5.743879494105186E-4","unassigned","0.42571174377224197","0.3877797943133696","58","3","unassigned","unassigned.75","false","k__Fungi","k__Fungi | unassigned | unassigned | unassigned | unassigned | unassigned.75","71.55172413793103","0","58","unassigned","0","unassigned","0.9955770251982802","false","0","k__Fungi | unassigned | unassigned | unassigned | unassigned | unassigned.75","20252","0.12664021971315229"
"2.466039707419018","6.278151093875063E-4","c__Ascomycota_cls_Incertae_sedis","0.40550847457627115","0.23333333333333334","16","3","f__Ascomycota_fam_Incertae_sedis","g__Ascomycota_gen_Incertae_sedis.27","false","k__Fungi","k__Fungi | p__Ascomycota | c__Ascomycota_cls_Incertae_sedis | Ascomycota_ord_Incertae_sedis | f__Ascomycota_fam_Incertae_sedis | g__Ascomycota_gen_Incertae_sedis.27","68.5","0","16","Ascomycota_ord_Incertae_sedis","0","p__Ascomycota","0.9951933124346917","false","0","k__Fungi | p__Ascomycota | c__Ascomycota_cls_Incertae_sedis | Ascomycota_ord_Incertae_sedis | f__Ascomycota_fam_Incertae_sedis | g__Ascomycota_gen_Incertae_sedis.27","15978","0.1383838383838384"
"2.389759665621735","0.0011281642984856575","c__Dothideomycetes","0.4184521206821163","0.2772501130710086","67","3","f__Pleosporales_fam_Incertae_sedis","g__Pleosporales_gen_Incertae_sedis.3","false","k__Fungi","k__Fungi | p__Ascomycota | c__Dothideomycetes | Pleosporales | f__Pleosporales_fam_Incertae_sedis | g__Pleosporales_gen_Incertae_sedis.3","60.55223880597015","0","67","Pleosporales","0","p__Ascomycota","0.9954434109323878","false","0","k__Fungi | p__Ascomycota | c__Dothideomycetes | Pleosporales | f__Pleosporales_fam_Incertae_sedis | g__Pleosporales_gen_Incertae_sedis.3","27000","0.11712231877363666"
"2.5569487983281087","2.9347534380110745E-4","c__Leotiomycetes","0.3910911319983653","0.35435435435435436","37","4","f__Helotiales_fam_Incertae_sedis","g__Helotiales_gen_Incertae_sedis","false","k__Fungi","k__Fungi | p__Ascomycota | c__Leotiomycetes | Helotiales | f__Helotiales_fam_Incertae_sedis | g__Helotiales_gen_Incertae_sedis","48.16216216216216","0","37","Helotiales","0","p__Ascomycota","0.9948952498415472","false","0","k__Fungi | p__Ascomycota | c__Leotiomycetes | Helotiales | f__Helotiales_fam_Incertae_sedis | g__Helotiales_gen_Incertae_sedis","6872","0.12412928392309835"
"2.135841170323929","0.001549928093372723","c__Sordariomycetes","0.46819960861056753","0.27529761904761907","64","3","f__Bionectriaceae","g__Clonostachys.1","false","k__Fungi","k__Fungi | p__Ascomycota | c__Sordariomycetes | Hypocreales | f__Bionectriaceae | g__Clonostachys.1","77.828125","0","64","Hypocreales","0","p__Ascomycota","0.9962759305891018","false","0","k__Fungi | p__Ascomycota | c__Sordariomycetes | Hypocreales | f__Bionectriaceae | g__Clonostachys.1","62728","0.10200278505897772"
"2.5005224660397074","4.411128261750618E-4","c__Fungi_cls_Incertae_sedis","0.39991642290012536","0.2804878048780488","41","3","f__Fungi_fam_Incertae_sedis","g__Fungi_gen_Incertae_sedis.12","false","k__Fungi","k__Fungi | p__Fungi_phy_Incertae_sedis | c__Fungi_cls_Incertae_sedis | Fungi_ord_Incertae_sedis | f__Fungi_fam_Incertae_sedis | g__Fungi_gen_Incertae_sedis.12","51.073170731707314","0","41","Fungi_ord_Incertae_sedis","0","p__Fungi_phy_Incertae_sedis","0.9950802542097059","false","0","k__Fungi | p__Fungi_phy_Incertae_sedis | c__Fungi_cls_Incertae_sedis | Fungi_ord_Incertae_sedis | f__Fungi_fam_Incertae_sedis | g__Fungi_gen_Incertae_sedis.12","10716","0.11687224423731651"
"2.246603970741902","9.391482669001781E-4","c__Ascomycota_cls_Incertae_sedis","0.4451162790697674","0.2692075015124017","58","3","f__Ascomycota_fam_Incertae_sedis","g__Ascomycota_gen_Incertae_sedis.28","false","k__Fungi","k__Fungi | p__Ascomycota | c__Ascomycota_cls_Incertae_sedis | Ascomycota_ord_Incertae_sedis | f__Ascomycota_fam_Incertae_sedis | g__Ascomycota_gen_Incertae_sedis.28","63.258620689655174","0","58","Ascomycota_ord_Incertae_sedis","0","p__Ascomycota","0.9959127738664201","false","0","k__Fungi | p__Ascomycota | c__Ascomycota_cls_Incertae_sedis | Ascomycota_ord_Incertae_sedis | f__Ascomycota_fam_Incertae_sedis | g__Ascomycota_gen_Incertae_sedis.28","33472","0.09541270088937431"
"1.9446185997910135","0.004044446652190673","c__Ascomycota_cls_Incertae_sedis","0.5142396560988716","0.2599495243642011","102","3","f__Ascomycota_fam_Incertae_sedis","g__Ascomycota_gen_Incertae_sedis.4","false","k__Fungi","k__Fungi | p__Ascomycota | c__Ascomycota_cls_Incertae_sedis | Ascomycota_ord_Incertae_sedis | f__Ascomycota_fam_Incertae_sedis | g__Ascomycota_gen_Incertae_sedis.4","112.30392156862744","0","102","Ascomycota_ord_Incertae_sedis","0","p__Ascomycota","0.9969028898367508","false","0","k__Fungi | p__Ascomycota | c__Ascomycota_cls_Incertae_sedis | Ascomycota_ord_Incertae_sedis | f__Ascomycota_fam_Incertae_sedis | g__Ascomycota_gen_Incertae_sedis.4","220628","0.12368273300509632"
"2.413793103448276","6.969619149162787E-4","c__Dothideomycetes","0.4142857142857143","0.2019704433497537","29","3","f__Sporormiaceae","g__Preussia.5","false","k__Fungi","k__Fungi | p__Ascomycota | c__Dothideomycetes | Pleosporales | f__Sporormiaceae | g__Preussia.5","53.310344827586206","0","29","Pleosporales","0","p__Ascomycota","0.9953646127755795","false","0","k__Fungi | p__Ascomycota | c__Dothideomycetes | Pleosporales | f__Sporormiaceae | g__Preussia.5","17476","0.10020741508944776"
"2.2748171368861025","9.449241596164995E-4","c__Eurotiomycetes","0.43959577400091865","0.26255293405928615","58","3","f__Cyphellophoraceae","g__Cyphellophoraceae_gen_Incertae_sedis","false","k__Fungi","k__Fungi | p__Ascomycota | c__Eurotiomycetes | Chaetothyriales | f__Cyphellophoraceae | g__Cyphellophoraceae_gen_Incertae_sedis","63.03448275862069","0","58","Chaetothyriales","0","p__Ascomycota","0.9958202716823407","false","0","k__Fungi | p__Ascomycota | c__Eurotiomycetes | Chaetothyriales | f__Cyphellophoraceae | g__Cyphellophoraceae_gen_Incertae_sedis","28420","0.0991108219475168"
"2.371995820271682","5.668316009940631E-4","c__Eurotiomycetes","0.4215859030837005","0.3029871977240398","38","3","f__Herpotrichiellaceae","g__Exophiala.11","false","k__Fungi","k__Fungi | p__Ascomycota | c__Eurotiomycetes | Chaetothyriales | f__Herpotrichiellaceae | g__Exophiala.11","60.3421052631579","0","38","Chaetothyriales","0","p__Ascomycota","0.9955016530482895","false","0","k__Fungi | p__Ascomycota | c__Eurotiomycetes | Chaetothyriales | f__Herpotrichiellaceae | g__Exophiala.11","16388","0.10717958306067121"
"2.098223615464995","0.003300438476446963","c__Eurotiomycetes","0.47659362549800793","0.25564588979223124","82","3","f__Herpotrichiellaceae","unassigned","false","k__Fungi","k__Fungi | p__Ascomycota | c__Eurotiomycetes | Chaetothyriales | f__Herpotrichiellaceae | unassigned","70.91463414634147","0","82","Chaetothyriales","0","p__Ascomycota","0.996399266834541","false","0","k__Fungi | p__Ascomycota | c__Eurotiomycetes | Chaetothyriales | f__Herpotrichiellaceae | unassigned","105032","0.09079978763936167"
"2.528735632183908","1.7610747523885229E-4","c__Eurotiomycetes","0.39545454545454545","0.3968705547652916","38","4","f__Trichomeriaceae","g__Trichomeriaceae_gen_Incertae_sedis.1","false","k__Fungi","k__Fungi | p__Ascomycota | c__Eurotiomycetes | Chaetothyriales | f__Trichomeriaceae | g__Trichomeriaceae_gen_Incertae_sedis.1","55.76315789473684","0","38","Chaetothyriales","0","p__Ascomycota","0.9949877520256266","false","0","k__Fungi | p__Ascomycota | c__Eurotiomycetes | Chaetothyriales | f__Trichomeriaceae | g__Trichomeriaceae_gen_Incertae_sedis.1","4864","0.1343690551680406"
"2.2027168234064787","0.0014691326448084603","c__Eurotiomycetes","0.45398481973434535","0.3118881118881119","66","3","f__Trichomeriaceae","g__Trichomeriaceae_gen_Incertae_sedis.2","false","k__Fungi","k__Fungi | p__Ascomycota | c__Eurotiomycetes | Chaetothyriales | f__Trichomeriaceae | g__Trichomeriaceae_gen_Incertae_sedis.2","67.3030303030303","0","66","Chaetothyriales","0","p__Ascomycota","0.9960566661527656","false","0","k__Fungi | p__Ascomycota | c__Eurotiomycetes | Chaetothyriales | f__Trichomeriaceae | g__Trichomeriaceae_gen_Incertae_sedis.2","47424","0.09656101908612669"
"2.5182863113897596","2.7754946100037934E-4","c__Eurotiomycetes","0.39709543568464734","0.38372093023255816","44","4","f__Verrucariaceae","g__Verrucaria","false","k__Fungi","k__Fungi | p__Ascomycota | c__Eurotiomycetes | Verrucariales | f__Verrucariaceae | g__Verrucaria","57.27272727272727","0","44","Verrucariales","0","p__Ascomycota","0.995022012093804","false","0","k__Fungi | p__Ascomycota | c__Eurotiomycetes | Verrucariales | f__Verrucariaceae | g__Verrucaria","7220","0.13668908656975481"
"2.2800417972831766","4.613955032286897E-4","c__Eurotiomycetes","0.43858845096241983","0.35555555555555557","55","4","f__Verrucariaceae","g__Verrucaria.12","false","k__Fungi","k__Fungi | p__Ascomycota | c__Eurotiomycetes | Verrucariales | f__Verrucariaceae | g__Verrucaria.12","76.47272727272727","0","55","Verrucariales","0","p__Ascomycota","0.9958031416482519","false","0","k__Fungi | p__Ascomycota | c__Eurotiomycetes | Verrucariales | f__Verrucariaceae | g__Verrucaria.12","19738","0.12042949176807445"
"2.2863113897596654","6.561888142441442E-4","c__Eurotiomycetes","0.4373857404021938","0.32051282051282054","40","3","f__Verrucariaceae","g__Verrucaria.3","false","k__Fungi","k__Fungi | p__Ascomycota | c__Eurotiomycetes | Verrucariales | f__Verrucariaceae | g__Verrucaria.3","63.675","0","40","Verrucariales","0","p__Ascomycota","0.9957825856073454","false","0","k__Fungi | p__Ascomycota | c__Eurotiomycetes | Verrucariales | f__Verrucariaceae | g__Verrucaria.3","22708","0.09914330218068536"
"2.1901776384535006","0.0018065942311872433","c__Eurotiomycetes","0.45658396946564883","0.2906057945566286","68","3","f__Verrucariaceae","g__Verrucaria.9","false","k__Fungi","k__Fungi | p__Ascomycota | c__Eurotiomycetes | Verrucariales | f__Verrucariaceae | g__Verrucaria.9","67.57352941176471","0","68","Verrucariales","0","p__Ascomycota","0.9960977782345787","false","0","k__Fungi | p__Ascomycota | c__Eurotiomycetes | Verrucariales | f__Verrucariaceae | g__Verrucaria.9","63196","0.09557783509443381"
"2.1504702194357366","7.129058275569839E-4","c__Lecanoromycetes","0.46501457725947526","0.274822695035461","48","3","f__Lecanoromycetes_fam_Incertae_sedis","g__Lecanoromycetes_gen_Incertae_sedis.1","false","k__Fungi","k__Fungi | p__Ascomycota | c__Lecanoromycetes | Lecanoromycetes_ord_Incertae_sedis | f__Lecanoromycetes_fam_Incertae_sedis | g__Lecanoromycetes_gen_Incertae_sedis.1","83.75","0","48","Lecanoromycetes_ord_Incertae_sedis","0","p__Ascomycota","0.9962279664936532","false","0","k__Fungi | p__Ascomycota | c__Lecanoromycetes | Lecanoromycetes_ord_Incertae_sedis | f__Lecanoromycetes_fam_Incertae_sedis | g__Lecanoromycetes_gen_Incertae_sedis.1","36188","0.10947712418300654"
"2.130616509926855","0.0014397683206436019","c__Leotiomycetes","0.4693477194703286","0.2831578947368421","76","3","f__Helotiales_fam_Incertae_sedis","g__Helotiales_gen_Incertae_sedis.4","false","k__Fungi","k__Fungi | p__Ascomycota | c__Leotiomycetes | Helotiales | f__Helotiales_fam_Incertae_sedis | g__Helotiales_gen_Incertae_sedis.4","73.61842105263158","0","76","Helotiales","0","p__Ascomycota","0.9962930606231906","false","0","k__Fungi | p__Ascomycota | c__Leotiomycetes | Helotiales | f__Helotiales_fam_Incertae_sedis | g__Helotiales_gen_Incertae_sedis.4","53374","0.09737886382623225"
"2.027168234064786","0.0032088334025334327","c__Sordariomycetes","0.4932989690721649","0.23896976483762597","95","3","f__Nectriaceae","g__Fusarium.2","false","k__Fungi","k__Fungi | p__Ascomycota | c__Sordariomycetes | Hypocreales | f__Nectriaceae | g__Fusarium.2","75.26315789473684","0","95","Hypocreales","0","p__Ascomycota","0.9966322352981483","false","0","k__Fungi | p__Ascomycota | c__Sordariomycetes | Hypocreales | f__Nectriaceae | g__Fusarium.2","128620","0.09002770083102493"
"2.3646812957157786","6.760572509303211E-4","c__Sordariomycetes","0.42288996906760934","0.27990708478513354","42","3","f__Chaetomiaceae","g__Humicola","false","k__Fungi","k__Fungi | p__Ascomycota | c__Sordariomycetes | Sordariales | f__Chaetomiaceae | g__Humicola","55.73809523809524","0","42","Sordariales","0","p__Ascomycota","0.9955256350960138","false","0","k__Fungi | p__Ascomycota | c__Sordariomycetes | Sordariales | f__Chaetomiaceae | g__Humicola","17762","0.09847720006730608"
"2.2884012539184955","4.0343309557057985E-4","c__Sordariomycetes","0.436986301369863","0.27752081406105455","47","3","f__Sordariales_fam_Incertae_sedis","g__Sordariales_gen_Incertae_sedis.2","false","k__Fungi","k__Fungi | p__Ascomycota | c__Sordariomycetes | Sordariales | f__Sordariales_fam_Incertae_sedis | g__Sordariales_gen_Incertae_sedis.2","70.36170212765957","0","47","Sordariales","0","p__Ascomycota","0.9957757335937099","false","0","k__Fungi | p__Ascomycota | c__Sordariomycetes | Sordariales | f__Sordariales_fam_Incertae_sedis | g__Sordariales_gen_Incertae_sedis.2","14126","0.1109806027250151"
"2.0741901776384535","0.002176353562123094","c__Sordariomycetes","0.48211586901763226","0.24277016742770166","73","3","f__Sordariales_fam_Incertae_sedis","g__Staphylotrichum","false","k__Fungi","k__Fungi | p__Ascomycota | c__Sordariomycetes | Sordariales | f__Sordariales_fam_Incertae_sedis | g__Staphylotrichum","88.78082191780823","0","73","Sordariales","0","p__Ascomycota","0.9964780649913493","false","0","k__Fungi | p__Ascomycota | c__Sordariomycetes | Sordariales | f__Sordariales_fam_Incertae_sedis | g__Staphylotrichum","108146","0.10920150297393384"
"2.466039707419018","3.7030421101012724E-4","unassigned","0.40550847457627115","0.3193033381712627","53","3","unassigned","unassigned.22","false","k__Fungi","k__Fungi | p__Ascomycota | unassigned | unassigned | unassigned | unassigned.22","62.39622641509434","0","53","unassigned","0","p__Ascomycota","0.9951933124346917","false","0","k__Fungi | p__Ascomycota | unassigned | unassigned | unassigned | unassigned.22","10006","0.13623630221636318"
"2.503657262277952","4.0593511843241254E-4","unassigned","0.39941569282136896","0.3351063829787234","48","4","unassigned","unassigned.31","false","k__Fungi","k__Fungi | p__Ascomycota | unassigned | unassigned | unassigned | unassigned.31","54.229166666666664","0","48","unassigned","0","p__Ascomycota","0.9950699761892526","false","0","k__Fungi | p__Ascomycota | unassigned | unassigned | unassigned | unassigned.31","9190","0.1261143410852713"
"2.498432601880878","3.12578973799352E-4","unassigned","0.4002509410288582","0.3506012950971323","47","4","unassigned","unassigned.7","false","k__Fungi","k__Fungi | p__Ascomycota | unassigned | unassigned | unassigned | unassigned.7","57.765957446808514","0","47","unassigned","0","p__Ascomycota","0.9950871062233413","false","0","k__Fungi | p__Ascomycota | unassigned | unassigned | unassigned | unassigned.7","7504","0.13279530447542187"
"2.4639498432601883","6.550305337858427E-4","c__Fungi_cls_Incertae_sedis","0.405852417302799","0.2849002849002849","27","3","f__Fungi_fam_Incertae_sedis","g__Fungi_gen_Incertae_sedis.48","false","k__Fungi","k__Fungi | p__Fungi_phy_Incertae_sedis | c__Fungi_cls_Incertae_sedis | Fungi_ord_Incertae_sedis | f__Fungi_fam_Incertae_sedis | g__Fungi_gen_Incertae_sedis.48","51.592592592592595","0","27","Fungi_ord_Incertae_sedis","0","p__Fungi_phy_Incertae_sedis","0.9952001644483273","false","0","k__Fungi | p__Fungi_phy_Incertae_sedis | c__Fungi_cls_Incertae_sedis | Fungi_ord_Incertae_sedis | f__Fungi_fam_Incertae_sedis | g__Fungi_gen_Incertae_sedis.48","15186","0.10630011454753722"
"2.314524555903866","4.8402067214980217E-4","unassigned","0.4320541760722348","0.2727272727272727","34","3","unassigned","unassigned.15","false","k__Fungi","k__Fungi | unassigned | unassigned | unassigned | unassigned | unassigned.15","57.38235294117647","0","34","unassigned","0","unassigned","0.995690083423266","false","0","k__Fungi | unassigned | unassigned | unassigned | unassigned | unassigned.15","15606","0.09225458672214866"
"2.0031347962382444","0.0032949627710798265","unassigned","0.4992175273865415","0.23650262780697565","92","3","unassigned","unassigned.50","false","k__Fungi","k__Fungi | unassigned | unassigned | unassigned | unassigned | unassigned.50","83.66304347826087","0","92","unassigned","0","unassigned","0.9967110334549565","false","0","k__Fungi | unassigned | unassigned | unassigned | unassigned | unassigned.50","146426","0.09705689498638152"
"2.3082549634273772","8.442346957777081E-4","unassigned","0.4332277048438207","0.2903225806451613","63","3","unassigned","unassigned.66","false","k__Fungi","k__Fungi | unassigned | unassigned | unassigned | unassigned | unassigned.66","64.6984126984127","0","63","unassigned","0","unassigned","0.9957106394641726","false","0","k__Fungi | unassigned | unassigned | unassigned | unassigned | unassigned.66","26428","0.10801070567347695"
"2.239289446185998","5.084333205854688E-4","c__Ascomycota_cls_Incertae_sedis","0.44657022865142326","0.24705882352941178","35","3","f__Ascomycota_fam_Incertae_sedis","g__Ascomycota_gen_Incertae_sedis.32","false","k__Fungi","k__Fungi | p__Ascomycota | c__Ascomycota_cls_Incertae_sedis | Ascomycota_ord_Incertae_sedis | f__Ascomycota_fam_Incertae_sedis | g__Ascomycota_gen_Incertae_sedis.32","77.02857142857142","0","35","Ascomycota_ord_Incertae_sedis","0","p__Ascomycota","0.9959367559141443","false","0","k__Fungi | p__Ascomycota | c__Ascomycota_cls_Incertae_sedis | Ascomycota_ord_Incertae_sedis | f__Ascomycota_fam_Incertae_sedis | g__Ascomycota_gen_Incertae_sedis.32","21132","0.1111523397237683"
"2.0250783699059562","0.002312068448795763","c__Sordariomycetes","0.4938080495356037","0.26738934056007224","82","3","f__Nectriaceae","g__Fusarium.4","false","k__Fungi","k__Fungi | p__Ascomycota | c__Sordariomycetes | Hypocreales | f__Nectriaceae | g__Fusarium.4","92.34146341463415","0","82","Hypocreales","0","p__Ascomycota","0.9966390873117837","false","0","k__Fungi | p__Ascomycota | c__Sordariomycetes | Hypocreales | f__Nectriaceae | g__Fusarium.4","114236","0.10850935771402367"
"2.4670846394984327","4.6773875813728183E-4","c__Sordariomycetes","0.40533672172808133","0.27692307692307694","40","4","unassigned","unassigned.2","false","k__Fungi","k__Fungi | p__Ascomycota | c__Sordariomycetes | unassigned | unassigned | unassigned.2","58.175","0","40","unassigned","0","p__Ascomycota","0.9951898864278741","false","0","k__Fungi | p__Ascomycota | c__Sordariomycetes | unassigned | unassigned | unassigned.2","11574","0.12351380042462845"
"2.1065830721003134","0.001398022288768648","unassigned","0.474702380952381","0.2793269230769231","65","3","unassigned","unassigned.12","false","k__Fungi","k__Fungi | p__Ascomycota | unassigned | unassigned | unassigned | unassigned.12","81.07692307692308","0","65","unassigned","0","p__Ascomycota","0.996371858779999","false","0","k__Fungi | p__Ascomycota | unassigned | unassigned | unassigned | unassigned.12","60348","0.10262901655306719"
"2.4022988505747125","4.95374327167085E-4","unassigned","0.41626794258373206","0.39285714285714285","57","3","unassigned","unassigned.39","false","k__Fungi","k__Fungi | p__Ascomycota | unassigned | unassigned | unassigned | unassigned.39","60.824561403508774","0","57","unassigned","0","p__Ascomycota","0.9954022988505747","false","0","k__Fungi | p__Ascomycota | unassigned | unassigned | unassigned | unassigned.39","14280","0.11810594447283257"
"2.1964472309299894","8.694088985500868E-4","c__Fungi_cls_Incertae_sedis","0.4552806850618459","0.3092006033182504","52","3","f__Fungi_fam_Incertae_sedis","g__Fungi_gen_Incertae_sedis.20","false","k__Fungi","k__Fungi | p__Fungi_phy_Incertae_sedis | c__Fungi_cls_Incertae_sedis | Fungi_ord_Incertae_sedis | f__Fungi_fam_Incertae_sedis | g__Fungi_gen_Incertae_sedis.20","77.21153846153847","0","52","Fungi_ord_Incertae_sedis","0","p__Fungi_phy_Incertae_sedis","0.9960772221936721","false","0","k__Fungi | p__Fungi_phy_Incertae_sedis | c__Fungi_cls_Incertae_sedis | Fungi_ord_Incertae_sedis | f__Fungi_fam_Incertae_sedis | g__Fungi_gen_Incertae_sedis.20","31986","0.10768694346100204"
"2.1494252873563218","0.0011701156015912822","c__Fungi_cls_Incertae_sedis","0.46524064171123","0.1932367149758454","46","3","f__Fungi_fam_Incertae_sedis","g__Fungi_gen_Incertae_sedis.40","false","k__Fungi","k__Fungi | p__Fungi_phy_Incertae_sedis | c__Fungi_cls_Incertae_sedis | Fungi_ord_Incertae_sedis | f__Fungi_fam_Incertae_sedis | g__Fungi_gen_Incertae_sedis.40","74.71739130434783","0","46","Fungi_ord_Incertae_sedis","0","p__Fungi_phy_Incertae_sedis","0.996231392500471","false","0","k__Fungi | p__Fungi_phy_Incertae_sedis | c__Fungi_cls_Incertae_sedis | Fungi_ord_Incertae_sedis | f__Fungi_fam_Incertae_sedis | g__Fungi_gen_Incertae_sedis.40","44974","0.09728826992753623"
"2.2215256008359456","7.779216071900456E-4","unassigned","0.4501411100658514","0.2839962997224792","47","3","unassigned","unassigned.95","false","k__Fungi","k__Fungi | unassigned | unassigned | unassigned | unassigned | unassigned.95","75.87234042553192","0","47","unassigned","0","unassigned","0.9959949980300461","false","0","k__Fungi | unassigned | unassigned | unassigned | unassigned | unassigned.95","35328","0.1086996281168079"
"1.980146290491118","0.003544496179015815","c__Fungi_cls_Incertae_sedis","0.5050131926121372","0.2430564964097006","122","3","f__Fungi_fam_Incertae_sedis","g__Fungi_gen_Incertae_sedis.2","false","k__Fungi","k__Fungi | p__Fungi_phy_Incertae_sedis | c__Fungi_cls_Incertae_sedis | Fungi_ord_Incertae_sedis | f__Fungi_fam_Incertae_sedis | g__Fungi_gen_Incertae_sedis.2","73.90163934426229","0","122","Fungi_ord_Incertae_sedis","0","p__Fungi_phy_Incertae_sedis","0.9967864056049471","false","0","k__Fungi | p__Fungi_phy_Incertae_sedis | c__Fungi_cls_Incertae_sedis | Fungi_ord_Incertae_sedis | f__Fungi_fam_Incertae_sedis | g__Fungi_gen_Incertae_sedis.2","146950","0.08653587745229777"
"2.2434691745036575","6.685090875049053E-4","c__Ascomycota_cls_Incertae_sedis","0.44573823940381924","0.2388663967611336","39","3","f__Ascomycota_fam_Incertae_sedis","g__Ascomycota_gen_Incertae_sedis.45","false","k__Fungi","k__Fungi | p__Ascomycota | c__Ascomycota_cls_Incertae_sedis | Ascomycota_ord_Incertae_sedis | f__Ascomycota_fam_Incertae_sedis | g__Ascomycota_gen_Incertae_sedis.45","66.56410256410257","0","39","Ascomycota_ord_Incertae_sedis","0","p__Ascomycota","0.9959230518868732","false","0","k__Fungi | p__Ascomycota | c__Ascomycota_cls_Incertae_sedis | Ascomycota_ord_Incertae_sedis | f__Ascomycota_fam_Incertae_sedis | g__Ascomycota_gen_Incertae_sedis.45","21520","0.09727845254161044"
"2.4085684430512018","3.4236716403401136E-4","c__Dothideomycetes","0.41518438177874184","0.34487179487179487","40","3","f__Cucurbitariaceae","g__Neocucurbitaria","false","k__Fungi","k__Fungi | p__Ascomycota | c__Dothideomycetes | Pleosporales | f__Cucurbitariaceae | g__Neocucurbitaria","70.725","0","40","Pleosporales","0","p__Ascomycota","0.9953817428096682","false","0","k__Fungi | p__Ascomycota | c__Dothideomycetes | Pleosporales | f__Cucurbitariaceae | g__Neocucurbitaria","9852","0.13445817490494297"
"2.12957157784744","0.0019444387359127725","c__Dothideomycetes","0.46957801766437685","0.26421052631578945","76","3","f__Cucurbitariaceae","g__Pyrenochaetopsis","false","k__Fungi","k__Fungi | p__Ascomycota | c__Dothideomycetes | Pleosporales | f__Cucurbitariaceae | g__Pyrenochaetopsis","72.15789473684211","0","76","Pleosporales","0","p__Ascomycota","0.9962964866300084","false","0","k__Fungi | p__Ascomycota | c__Dothideomycetes | Pleosporales | f__Cucurbitariaceae | g__Pyrenochaetopsis","66248","0.09532086490996315"
"2.2852664576802506","0.0010808119198256116","c__Dothideomycetes","0.4375857338820302","0.28366615463389655","63","3","f__Pleosporales_fam_Incertae_sedis","g__Pleosporales_gen_Incertae_sedis.6","false","k__Fungi","k__Fungi | p__Ascomycota | c__Dothideomycetes | Pleosporales | f__Pleosporales_fam_Incertae_sedis | g__Pleosporales_gen_Incertae_sedis.6","64.0","0","63","Pleosporales","0","p__Ascomycota","0.9957860116141632","false","0","k__Fungi | p__Ascomycota | c__Dothideomycetes | Pleosporales | f__Pleosporales_fam_Incertae_sedis | g__Pleosporales_gen_Incertae_sedis.6","37610","0.10305958132045089"
"2.305120167189133","5.664656227364965E-4","c__Eurotiomycetes","0.4338168631006346","0.3878787878787879","55","3","f__Chaetothyriales_fam_Incertae_sedis","g__Anthracina","false","k__Fungi","k__Fungi | p__Ascomycota | c__Eurotiomycetes | Chaetothyriales | f__Chaetothyriales_fam_Incertae_sedis | g__Anthracina","68.67272727272727","0","55","Chaetothyriales","0","p__Ascomycota","0.9957209174846257","false","0","k__Fungi | p__Ascomycota | c__Eurotiomycetes | Chaetothyriales | f__Chaetothyriales_fam_Incertae_sedis | g__Anthracina","21648","0.11273324376772653"
"2.4033437826541273","3.327094797720451E-4","c__Sordariomycetes","0.41608695652173916","0.2574712643678161","30","3","f__Hypocreales_fam_Incertae_sedis","g__Hypocreales_gen_Incertae_sedis","false","k__Fungi","k__Fungi | p__Ascomycota | c__Sordariomycetes | Hypocreales | f__Hypocreales_fam_Incertae_sedis | g__Hypocreales_gen_Incertae_sedis","62.4","0","30","Hypocreales","0","p__Ascomycota","0.9953988728437569","false","0","k__Fungi | p__Ascomycota | c__Sordariomycetes | Hypocreales | f__Hypocreales_fam_Incertae_sedis | g__Hypocreales_gen_Incertae_sedis","9534","0.11534195933456562"
"2.156739811912226","0.0010539086558165455","c__Sordariomycetes","0.4636627906976744","0.2067363530778165","42","3","f__Stachybotryaceae","g__Albifimbria.1","false","k__Fungi","k__Fungi | p__Ascomycota | c__Sordariomycetes | Hypocreales | f__Stachybotryaceae | g__Albifimbria.1","72.26190476190476","0","42","Hypocreales","0","p__Ascomycota","0.9962074104527467","false","0","k__Fungi | p__Ascomycota | c__Sordariomycetes | Hypocreales | f__Stachybotryaceae | g__Albifimbria.1","37670","0.09446000622471211"
"2.2048066875653083","8.966118968855961E-4","c__Sordariomycetes","0.45355450236966827","0.3266888150609081","43","3","f__Lasiosphaeriaceae","g__Schizothecium.6","false","k__Fungi","k__Fungi | p__Ascomycota | c__Sordariomycetes | Sordariales | f__Lasiosphaeriaceae | g__Schizothecium.6","79.81395348837209","0","43","Sordariales","0","p__Ascomycota","0.9960498141391302","false","0","k__Fungi | p__Ascomycota | c__Sordariomycetes | Sordariales | f__Lasiosphaeriaceae | g__Schizothecium.6","30734","0.11116149510915334"
"2.2978056426332287","7.121116120167821E-4","unassigned","0.4351978171896317","0.2522711390635919","54","3","unassigned","unassigned.56","false","k__Fungi","k__Fungi | p__Ascomycota | unassigned | unassigned | unassigned | unassigned.56","64.70370370370371","0","54","unassigned","0","p__Ascomycota","0.99574489953235","false","0","k__Fungi | p__Ascomycota | unassigned | unassigned | unassigned | unassigned.56","21718","0.10469854968236846"
"2.058516196447231","0.0014976241004209068","c__Tremellomycetes","0.4857868020304569","0.28383458646616544","57","3","f__Bulleribasidiaceae","g__Vishniacozyma.3","false","k__Fungi","k__Fungi | p__Basidiomycota | c__Tremellomycetes | Tremellales | f__Bulleribasidiaceae | g__Vishniacozyma.3","98.10526315789474","0","57","Tremellales","0","p__Basidiomycota","0.9965294550936157","false","0","k__Fungi | p__Basidiomycota | c__Tremellomycetes | Tremellales | f__Bulleribasidiaceae | g__Vishniacozyma.3","65900","0.11623846345722125"
"2.5172413793103448","2.556066461383801E-4","c__Rhizophydiomycetes","0.3972602739726028","0.31521739130434784","24","3","f__Rhizophydiaceae","g__Rhizophydium.6","false","k__Fungi","k__Fungi | p__Chytridiomycota | c__Rhizophydiomycetes | Rhizophydiales | f__Rhizophydiaceae | g__Rhizophydium.6","53.541666666666664","0","24","Rhizophydiales","0","p__Chytridiomycota","0.9950254381006218","false","0","k__Fungi | p__Chytridiomycota | c__Rhizophydiomycetes | Rhizophydiales | f__Rhizophydiaceae | g__Rhizophydium.6","6010","0.12224124809741248"
"2.2340647857889238","0.0014044236392616897","unassigned","0.4476145930776427","0.2632262252515417","79","3","unassigned","unassigned.19","false","k__Fungi","k__Fungi | unassigned | unassigned | unassigned | unassigned | unassigned.19","69.0","0","79","unassigned","0","unassigned","0.9959538859482331","false","0","k__Fungi | unassigned | unassigned | unassigned | unassigned | unassigned.19","45358","0.10550458715596331"
"2.2298850574712645","0.001046143367025006","unassigned","0.44845360824742264","0.2404040404040404","45","3","unassigned","unassigned","false","k__Fungi","k__Fungi | unassigned | unassigned | unassigned | unassigned | unassigned","66.6","0","45","unassigned","0","unassigned","0.995967589975504","false","0","k__Fungi | unassigned | unassigned | unassigned | unassigned | unassigned","31496","0.09624277456647398"
"2.102403343782654","0.002518379223443615","unassigned","0.47564612326043737","0.2833483890394459","82","3","unassigned","unassigned.9","false","k__Fungi","k__Fungi | unassigned | unassigned | unassigned | unassigned | unassigned.9","67.96341463414635","0","82","unassigned","0","unassigned","0.99638556280727","false","0","k__Fungi | unassigned | unassigned | unassigned | unassigned | unassigned.9","81210","0.08746900210314844"
"2.2351097178683386","0.001028357354541525","c__Dothideomycetes","0.4474053295932679","0.3335801554979637","74","3","f__Botryosphaeriaceae","g__Dothiorella","false","k__Fungi","k__Fungi | p__Ascomycota | c__Dothideomycetes | Botryosphaeriales | f__Botryosphaeriaceae | g__Dothiorella","69.64864864864865","0","74","Botryosphaeriales","0","p__Ascomycota","0.9959504599414153","false","0","k__Fungi | p__Ascomycota | c__Dothideomycetes | Botryosphaeriales | f__Botryosphaeriaceae | g__Dothiorella","36966","0.10598955119503065"
"2.381400208986416","4.4374451521258265E-4","c__Dothideomycetes","0.41992101799034665","0.341799709724238","53","3","f__Phaeosphaeriaceae","g__Ophiosphaerella.1","false","k__Fungi","k__Fungi | p__Ascomycota | c__Dothideomycetes | Pleosporales | f__Phaeosphaeriaceae | g__Ophiosphaerella.1","73.66037735849056","0","53","Pleosporales","0","p__Ascomycota","0.9954708189869298","false","0","k__Fungi | p__Ascomycota | c__Dothideomycetes | Pleosporales | f__Phaeosphaeriaceae | g__Ophiosphaerella.1","14976","0.1366611824832849"
"2.4033437826541273","4.17014378839798E-4","c__Dothideomycetes","0.41608695652173916","0.33163265306122447","49","3","f__Sporormiaceae","g__Preussia.1","false","k__Fungi","k__Fungi | p__Ascomycota | c__Dothideomycetes | Pleosporales | f__Sporormiaceae | g__Preussia.1","69.06122448979592","0","49","Pleosporales","0","p__Ascomycota","0.9953988728437569","false","0","k__Fungi | p__Ascomycota | c__Dothideomycetes | Pleosporales | f__Sporormiaceae | g__Preussia.1","11900","0.13230119634060522"
"2.3531870428422152","4.447470780990174E-4","c__Leotiomycetes","0.424955595026643","0.26737967914438504","34","3","unassigned","unassigned.6","false","k__Fungi","k__Fungi | p__Ascomycota | c__Leotiomycetes | Helotiales | unassigned | unassigned.6","67.82352941176471","0","34","Helotiales","0","p__Ascomycota","0.9955633211710092","false","0","k__Fungi | p__Ascomycota | c__Leotiomycetes | Helotiales | unassigned | unassigned.6","14554","0.1159376571141277"
"2.193312434691745","8.700947682278053E-4","c__Pezizomycetes","0.4559313959028109","0.3544513457556936","70","3","f__Pyronemataceae","g__Pyronemataceae_gen_Incertae_sedis.5","false","k__Fungi","k__Fungi | p__Ascomycota | c__Pezizomycetes | Pezizales | f__Pyronemataceae | g__Pyronemataceae_gen_Incertae_sedis.5","79.11428571428571","0","70","Pezizales","0","p__Ascomycota","0.9960875002141255","false","0","k__Fungi | p__Ascomycota | c__Pezizomycetes | Pezizales | f__Pyronemataceae | g__Pyronemataceae_gen_Incertae_sedis.5","45122","0.1126984126984127"
"2.2351097178683386","5.363952206583548E-4","c__Sordariomycetes","0.4474053295932679","0.3178294573643411","43","3","f__Pestalotiopsidaceae","g__Pestalotiopsis","false","k__Fungi","k__Fungi | p__Ascomycota | c__Sordariomycetes | Amphisphaeriales | f__Pestalotiopsidaceae | g__Pestalotiopsis","78.25581395348837","0","43","Amphisphaeriales","0","p__Ascomycota","0.9959504599414153","false","0","k__Fungi | p__Ascomycota | c__Sordariomycetes | Amphisphaeriales | f__Pestalotiopsidaceae | g__Pestalotiopsis","20064","0.11371011357490536"
"2.3531870428422152","4.924184908651329E-4","unassigned","0.424955595026643","0.25604551920341395","38","3","unassigned","unassigned.3","false","k__Fungi","k__Fungi | p__Ascomycota | unassigned | unassigned | unassigned | unassigned.3","61.63157894736842","0","38","unassigned","0","p__Ascomycota","0.9955633211710092","false","0","k__Fungi | p__Ascomycota | unassigned | unassigned | unassigned | unassigned.3","14714","0.10621597096188748"
"2.083594566353187","0.0024864330054430272","unassigned","0.4799398194583751","0.2261420171867933","67","3","unassigned","unassigned.5","false","k__Fungi","k__Fungi | p__Ascomycota | unassigned | unassigned | unassigned | unassigned.5","72.01492537313433","0","67","unassigned","0","p__Ascomycota","0.9964472309299894","false","0","k__Fungi | p__Ascomycota | unassigned | unassigned | unassigned | unassigned.5","90468","0.08890731527547448"
"2.284221525600836","5.367765141833769E-4","c__Spizellomycetes","0.4377859103385179","0.3430127041742287","58","3","f__Spizellomycetales_fam_Incertae_sedis","g__Spizellomycetales_gen_Incertae_sedis.15","false","k__Fungi","k__Fungi | p__Chytridiomycota | c__Spizellomycetes | Spizellomycetales | f__Spizellomycetales_fam_Incertae_sedis | g__Spizellomycetales_gen_Incertae_sedis.15","72.84482758620689","0","58","Spizellomycetales","0","p__Chytridiomycota","0.9957894376209808","false","0","k__Fungi | p__Chytridiomycota | c__Spizellomycetes | Spizellomycetales | f__Spizellomycetales_fam_Incertae_sedis | g__Spizellomycetales_gen_Incertae_sedis.15","19650","0.11617994830336029"
"2.315569487983281","6.066288873793153E-4","c__Spizellomycetes","0.4318592057761733","0.3781094527363184","67","3","f__Spizellomycetales_fam_Incertae_sedis","g__Spizellomycetales_gen_Incertae_sedis.20","false","k__Fungi","k__Fungi | p__Chytridiomycota | c__Spizellomycetes | Spizellomycetales | f__Spizellomycetales_fam_Incertae_sedis | g__Spizellomycetales_gen_Incertae_sedis.20","71.85074626865672","0","67","Spizellomycetales","0","p__Chytridiomycota","0.9956866574164482","false","0","k__Fungi | p__Chytridiomycota | c__Spizellomycetes | Spizellomycetales | f__Spizellomycetales_fam_Incertae_sedis | g__Spizellomycetales_gen_Incertae_sedis.20","21032","0.12219514671540257"
"2.2340647857889238","5.342910854241036E-4","c__Spizellomycetes","0.4476145930776427","0.3955669224211424","69","3","unassigned","unassigned","false","k__Fungi","k__Fungi | p__Chytridiomycota | c__Spizellomycetes | Spizellomycetales | unassigned | unassigned","77.20289855072464","0","69","Spizellomycetales","0","p__Chytridiomycota","0.9959538859482331","false","0","k__Fungi | p__Chytridiomycota | c__Spizellomycetes | Spizellomycetales | unassigned | unassigned","23734","0.11626942552819976"
"2.336468129571578","5.531443119841917E-4","c__Fungi_cls_Incertae_sedis","0.4279964221824687","0.37464788732394366","71","3","f__Fungi_fam_Incertae_sedis","g__Fungi_gen_Incertae_sedis.37","false","k__Fungi","k__Fungi | p__Fungi_phy_Incertae_sedis | c__Fungi_cls_Incertae_sedis | Fungi_ord_Incertae_sedis | f__Fungi_fam_Incertae_sedis | g__Fungi_gen_Incertae_sedis.37","72.71830985915493","0","71","Fungi_ord_Incertae_sedis","0","p__Fungi_phy_Incertae_sedis","0.9956181372800932","false","0","k__Fungi | p__Fungi_phy_Incertae_sedis | c__Fungi_cls_Incertae_sedis | Fungi_ord_Incertae_sedis | f__Fungi_fam_Incertae_sedis | g__Fungi_gen_Incertae_sedis.37","19658","0.12893317350913994"
"2.2079414838035527","9.855321663028661E-4","c__Mortierellomycetes","0.45291055371509703","0.2855218855218855","55","3","f__Mortierellaceae","g__Mortierella.1","false","k__Fungi","k__Fungi | p__Mortierellomycota | c__Mortierellomycetes | Mortierellales | f__Mortierellaceae | g__Mortierella.1","70.2","0","55","Mortierellales","0","p__Mortierellomycota","0.9960395361186769","false","0","k__Fungi | p__Mortierellomycota | c__Mortierellomycetes | Mortierellales | f__Mortierellaceae | g__Mortierella.1","33840","0.09997409997409998"
"2.2173458725182864","0.001646426607973516","unassigned","0.45098963242224316","0.23995771670190275","44","3","unassigned","unassigned.63","false","k__Fungi","k__Fungi | unassigned | unassigned | unassigned | unassigned | unassigned.63","76.06818181818181","0","44","unassigned","0","unassigned","0.9960087020573171","false","0","k__Fungi | unassigned | unassigned | unassigned | unassigned | unassigned.63","55050","0.10789813023855577"
"2.2027168234064787","7.561379553745506E-4","c__Dothideomycetes","0.45398481973434535","0.24146341463414633","41","3","f__Botryosphaeriaceae","g__Macrophomina","false","k__Fungi","k__Fungi | p__Ascomycota | c__Dothideomycetes | Botryosphaeriales | f__Botryosphaeriaceae | g__Macrophomina","68.04878048780488","0","41","Botryosphaeriales","0","p__Ascomycota","0.9960566661527656","false","0","k__Fungi | p__Ascomycota | c__Dothideomycetes | Botryosphaeriales | f__Botryosphaeriaceae | g__Macrophomina","31074","0.09425038848726437"
"2.3301985370950886","8.253719492083843E-4","c__Dothideomycetes","0.4291479820627803","0.28858350951374206","44","3","f__Pleosporales_fam_Incertae_sedis","g__Aaosphaeria","false","k__Fungi","k__Fungi | p__Ascomycota | c__Dothideomycetes | Pleosporales | f__Pleosporales_fam_Incertae_sedis | g__Aaosphaeria","58.81818181818182","0","44","Pleosporales","0","p__Ascomycota","0.9956386933209996","false","0","k__Fungi | p__Ascomycota | c__Dothideomycetes | Pleosporales | f__Pleosporales_fam_Incertae_sedis | g__Aaosphaeria","23518","0.098522917618395"
"2.4430512016718913","1.618677086409422E-4","c__Sordariomycetes","0.4093242087254063","0.3495798319327731","35","3","f__Plectosphaerellaceae","g__Plectosphaerella","false","k__Fungi","k__Fungi | p__Ascomycota | c__Sordariomycetes | Glomerellales | f__Plectosphaerellaceae | g__Plectosphaerella","63.77142857142857","0","35","Glomerellales","0","p__Ascomycota","0.9952686845846823","false","0","k__Fungi | p__Ascomycota | c__Sordariomycetes | Glomerellales | f__Plectosphaerellaceae | g__Plectosphaerella","5408","0.1280550774526678"
"2.25914315569488","3.3303897317493486E-4","c__Sordariomycetes","0.442645698427382","0.36726998491704377","52","3","f__Nectriaceae","g__Fusarium.7","false","k__Fungi","k__Fungi | p__Ascomycota | c__Sordariomycetes | Hypocreales | f__Nectriaceae | g__Fusarium.7","79.07692307692308","0","52","Hypocreales","0","p__Ascomycota","0.9958716617846071","false","0","k__Fungi | p__Ascomycota | c__Sordariomycetes | Hypocreales | f__Nectriaceae | g__Fusarium.7","15422","0.12036061351129844"
"2.464994775339603","3.282973837128448E-4","c__Sordariomycetes","0.40568037303942345","0.2897897897897898","37","3","unassigned","unassigned.1","false","k__Fungi","k__Fungi | p__Ascomycota | c__Sordariomycetes | Sordariales | unassigned | unassigned.1","59.54054054054054","0","37","Sordariales","0","p__Ascomycota","0.9951967384415095","false","0","k__Fungi | p__Ascomycota | c__Sordariomycetes | Sordariales | unassigned | unassigned.1","8280","0.12534850640113798"
"2.2309299895506793","6.096505317946636E-4","unassigned","0.4482435597189695","0.2773109243697479","35","3","unassigned","unassigned.31","false","k__Fungi","k__Fungi | unassigned | unassigned | unassigned | unassigned | unassigned.31","71.94285714285714","0","35","unassigned","0","unassigned","0.9959641639686863","false","0","k__Fungi | unassigned | unassigned | unassigned | unassigned | unassigned.31","18878","0.10262889749337681"
"2.490073145245559","2.1864122789193725E-4","unassigned","0.40159462861938733","0.35892691951896394","47","4","unassigned","unassigned.40","false","k__Fungi","k__Fungi | unassigned | unassigned | unassigned | unassigned | unassigned.40","62.170212765957444","0","47","unassigned","0","unassigned","0.9951145142778834","false","0","k__Fungi | unassigned | unassigned | unassigned | unassigned | unassigned.40","6212","0.13939509588779697"
"2.439916405433647","2.3072187736113045E-4","unassigned","0.40985010706638114","0.3068181818181818","33","3","unassigned","unassigned.42","false","k__Fungi","k__Fungi | unassigned | unassigned | unassigned | unassigned | unassigned.42","59.81818181818182","0","33","unassigned","0","unassigned","0.9952789626051357","false","0","k__Fungi | unassigned | unassigned | unassigned | unassigned | unassigned.42","6658","0.1189228266763058"
"2.4294670846394983","4.2925652734659417E-4","unassigned","0.41161290322580646","0.40784313725490196","51","3","unassigned","unassigned.6","false","k__Fungi","k__Fungi | p__Ascomycota | unassigned | unassigned | unassigned | unassigned.6","62.01960784313726","0","51","unassigned","0","p__Ascomycota","0.9953132226733131","false","0","k__Fungi | p__Ascomycota | unassigned | unassigned | unassigned | unassigned.6","12648","0.12529213705684294"
"2.380355276907001","5.491718399584367E-4","unassigned","0.42010535557506584","0.30313588850174217","42","3","unassigned","unassigned.26","false","k__Fungi","k__Fungi | unassigned | unassigned | unassigned | unassigned | unassigned.26","58.69047619047619","0","42","unassigned","0","unassigned","0.9954742449937476","false","0","k__Fungi | unassigned | unassigned | unassigned | unassigned | unassigned.26","15576","0.10651629072681704"
"2.4420062695924765","2.2244402076231537E-4","c__Fungi_cls_Incertae_sedis","0.40949935815147626","0.3738738738738739","37","3","f__Fungi_fam_Incertae_sedis","g__Fungi_gen_Incertae_sedis.14","false","k__Fungi","k__Fungi | p__Fungi_phy_Incertae_sedis | c__Fungi_cls_Incertae_sedis | Fungi_ord_Incertae_sedis | f__Fungi_fam_Incertae_sedis | g__Fungi_gen_Incertae_sedis.14","70.10810810810811","0","37","Fungi_ord_Incertae_sedis","0","p__Fungi_phy_Incertae_sedis","0.9952721105915001","false","0","k__Fungi | p__Fungi_phy_Incertae_sedis | c__Fungi_cls_Incertae_sedis | Fungi_ord_Incertae_sedis | f__Fungi_fam_Incertae_sedis | g__Fungi_gen_Incertae_sedis.14","7186","0.14106259176681712"
"2.038662486938349","0.0026647292610049466","c__Fungi_cls_Incertae_sedis","0.4905176832393644","0.22807017543859648","76","3","f__Fungi_fam_Incertae_sedis","g__Fungi_gen_Incertae_sedis.15","false","k__Fungi","k__Fungi | p__Fungi_phy_Incertae_sedis | c__Fungi_cls_Incertae_sedis | Fungi_ord_Incertae_sedis | f__Fungi_fam_Incertae_sedis | g__Fungi_gen_Incertae_sedis.15","83.61842105263158","0","76","Fungi_ord_Incertae_sedis","0","p__Fungi_phy_Incertae_sedis","0.996594549223153","false","0","k__Fungi | p__Fungi_phy_Incertae_sedis | c__Fungi_cls_Incertae_sedis | Fungi_ord_Incertae_sedis | f__Fungi_fam_Incertae_sedis | g__Fungi_gen_Incertae_sedis.15","112256","0.09907395859316538"
"2.3396029258098223","0.00104782256863182","c__Dothideomycetes","0.427422956677088","0.3142857142857143","56","3","f__Mycosphaerellaceae","g__Mycocentrospora","false","k__Fungi","k__Fungi | p__Ascomycota | c__Dothideomycetes | Mycosphaerellales | f__Mycosphaerellaceae | g__Mycocentrospora","56.464285714285715","0","56","Mycosphaerellales","0","p__Ascomycota","0.99560785925964","false","0","k__Fungi | p__Ascomycota | c__Dothideomycetes | Mycosphaerellales | f__Mycosphaerellaceae | g__Mycocentrospora","29178","0.09802827380952381"
"2.4639498432601883","4.016225644395756E-4","c__Orbiliomycetes","0.405852417302799","0.3627311522048364","38","3","f__Orbiliaceae","g__Hyalorbilia","false","k__Fungi","k__Fungi | p__Ascomycota | c__Orbiliomycetes | Orbiliales | f__Orbiliaceae | g__Hyalorbilia","58.13157894736842","0","38","Orbiliales","0","p__Ascomycota","0.9952001644483273","false","0","k__Fungi | p__Ascomycota | c__Orbiliomycetes | Orbiliales | f__Orbiliaceae | g__Hyalorbilia","11110","0.12238227146814404"
"2.2445141065830723","7.885050506288065E-4","unassigned","0.4455307262569832","0.4109014675052411","54","3","unassigned","unassigned.9","false","k__Fungi","k__Fungi | p__Ascomycota | unassigned | unassigned | unassigned | unassigned.9","68.55555555555556","0","54","unassigned","0","p__Ascomycota","0.9959196258800554","false","0","k__Fungi | p__Ascomycota | unassigned | unassigned | unassigned | unassigned.9","26090","0.10260035484586383"
"2.3563218390804597","6.075664202861345E-4","c__Dothideomycetes","0.42439024390243907","0.26426426426426425","37","4","f__Lentitheciaceae","g__Darksidea","false","k__Fungi","k__Fungi | p__Ascomycota | c__Dothideomycetes | Pleosporales | f__Lentitheciaceae | g__Darksidea","61.270270270270274","0","37","Pleosporales","0","p__Ascomycota","0.9955530431505558","false","0","k__Fungi | p__Ascomycota | c__Dothideomycetes | Pleosporales | f__Lentitheciaceae | g__Darksidea","17256","0.10563839701770736"
"2.4555903866248694","2.8966687741758623E-4","c__Dothideomycetes","0.4072340425531915","0.37854609929078015","48","3","f__Amorosiaceae","g__Amorocoelophoma","false","k__Fungi","k__Fungi | p__Ascomycota | c__Dothideomycetes | Pleosporales | f__Amorosiaceae | g__Amorocoelophoma","67.33333333333333","0","48","Pleosporales","0","p__Ascomycota","0.9952275725028693","false","0","k__Fungi | p__Ascomycota | c__Dothideomycetes | Pleosporales | f__Amorosiaceae | g__Amorocoelophoma","8302","0.142353770260747"
"2.48380355276907","2.3504144722908372E-4","c__Dothideomycetes","0.40260832982751366","0.3573170731707317","41","4","unassigned","unassigned.4","false","k__Fungi","k__Fungi | p__Ascomycota | c__Dothideomycetes | Pleosporales | unassigned | unassigned.4","63.926829268292686","0","41","Pleosporales","0","p__Ascomycota","0.9951350703187899","false","0","k__Fungi | p__Ascomycota | c__Dothideomycetes | Pleosporales | unassigned | unassigned.4","6614","0.13988365266584832"
"2.3772204806687567","3.021812027333371E-4","c__Dothideomycetes","0.42065934065934063","0.4536723163841808","60","3","f__Sympoventuriaceae","g__Sympoventuriaceae_gen_Incertae_sedis.1","false","k__Fungi","k__Fungi | p__Ascomycota | c__Dothideomycetes | Venturiales | f__Sympoventuriaceae | g__Sympoventuriaceae_gen_Incertae_sedis.1","74.41666666666667","0","60","Venturiales","0","p__Ascomycota","0.9954845230142008","false","0","k__Fungi | p__Ascomycota | c__Dothideomycetes | Venturiales | f__Sympoventuriaceae | g__Sympoventuriaceae_gen_Incertae_sedis.1","12060","0.1388370646766169"
"2.5496342737722046","9.275972659014567E-5","c__Dothideomycetes","0.39221311475409837","0.5330330330330331","37","4","f__Sympoventuriaceae","g__Sympoventuriaceae_gen_Incertae_sedis.2","false","k__Fungi","k__Fungi | p__Ascomycota | c__Dothideomycetes | Venturiales | f__Sympoventuriaceae | g__Sympoventuriaceae_gen_Incertae_sedis.2","63.513513513513516","0","37","Venturiales","0","p__Ascomycota","0.9949192318892714","false","0","k__Fungi | p__Ascomycota | c__Dothideomycetes | Venturiales | f__Sympoventuriaceae | g__Sympoventuriaceae_gen_Incertae_sedis.2","2926","0.1599836612431071"
"2.2873563218390807","3.155842248059699E-4","unassigned","0.43718592964824116","0.4200680272108844","49","3","unassigned","unassigned.60","false","k__Fungi","k__Fungi | p__Ascomycota | unassigned | unassigned | unassigned | unassigned.60","79.95918367346938","0","49","unassigned","0","p__Ascomycota","0.9957791596005277","false","0","k__Fungi | p__Ascomycota | unassigned | unassigned | unassigned | unassigned.60","12684","0.1264854042882976"
"2.42110762800418","1.7588762288507425E-4","unassigned","0.413034095813552","0.4991596638655462","35","3","unassigned","unassigned.63","false","k__Fungi","k__Fungi | p__Ascomycota | unassigned | unassigned | unassigned | unassigned.63","69.42857142857143","0","35","unassigned","0","p__Ascomycota","0.9953406307278552","false","0","k__Fungi | p__Ascomycota | unassigned | unassigned | unassigned | unassigned.63","6798","0.1337737407101569"
"2.3521421107628004","8.520992502619865E-4","c__Tremellomycetes","0.4251443802754331","0.23902439024390243","41","3","f__Bulleribasidiaceae","g__Vishniacozyma.6","false","k__Fungi","k__Fungi | p__Basidiomycota | c__Tremellomycetes | Tremellales | f__Bulleribasidiaceae | g__Vishniacozyma.6","62.46341463414634","0","41","Tremellales","0","p__Basidiomycota","0.9955667471778268","false","0","k__Fungi | p__Basidiomycota | c__Tremellomycetes | Tremellales | f__Bulleribasidiaceae | g__Vishniacozyma.6","24442","0.10788154513669489"
"2.218390804597701","7.796110037793454E-4","c__Spizellomycetes","0.45077720207253885","0.2687074829931973","49","3","f__Spizellomycetales_fam_Incertae_sedis","g__Spizellomycetales_gen_Incertae_sedis.6","false","k__Fungi","k__Fungi | p__Chytridiomycota | c__Spizellomycetes | Spizellomycetales | f__Spizellomycetales_fam_Incertae_sedis | g__Spizellomycetales_gen_Incertae_sedis.6","69.06122448979592","0","49","Spizellomycetales","0","p__Chytridiomycota","0.9960052760504994","false","0","k__Fungi | p__Chytridiomycota | c__Spizellomycetes | Spizellomycetales | f__Spizellomycetales_fam_Incertae_sedis | g__Spizellomycetales_gen_Incertae_sedis.6","26618","0.09891234430735045"
"2.503657262277952","1.775567915971551E-4","c__Fungi_cls_Incertae_sedis","0.39941569282136896","0.3218390804597701","30","4","f__Fungi_fam_Incertae_sedis","g__Fungi_gen_Incertae_sedis.47","false","k__Fungi","k__Fungi | p__Fungi_phy_Incertae_sedis | c__Fungi_cls_Incertae_sedis | Fungi_ord_Incertae_sedis | f__Fungi_fam_Incertae_sedis | g__Fungi_gen_Incertae_sedis.47","60.333333333333336","0","30","Fungi_ord_Incertae_sedis","0","p__Fungi_phy_Incertae_sedis","0.9950699761892526","false","0","k__Fungi | p__Fungi_phy_Incertae_sedis | c__Fungi_cls_Incertae_sedis | Fungi_ord_Incertae_sedis | f__Fungi_fam_Incertae_sedis | g__Fungi_gen_Incertae_sedis.47","5156","0.13497390007457122"
"2.640543364681296","1.5931207924810792E-5","c__Dothideomycetes","0.3787099327265532","0.5824175824175825","14","4","f__Amorosiaceae","g__Angustimassarina","false","k__Fungi","k__Fungi | p__Ascomycota | c__Dothideomycetes | Pleosporales | f__Amorosiaceae | g__Angustimassarina","69.35714285714286","0","14","Pleosporales","0","p__Ascomycota","0.9946211692961269","false","0","k__Fungi | p__Ascomycota | c__Dothideomycetes | Pleosporales | f__Amorosiaceae | g__Angustimassarina","416","0.2082797082797083"
"2.1598746081504703","0.0010942904629519534","c__Dothideomycetes","0.4629898403483309","0.3163944343617665","58","3","f__Pleosporaceae","g__Alternaria.2","false","k__Fungi","k__Fungi | p__Ascomycota | c__Dothideomycetes | Pleosporales | f__Pleosporaceae | g__Alternaria.2","74.08620689655173","0","58","Pleosporales","0","p__Ascomycota","0.9961971324322936","false","0","k__Fungi | p__Ascomycota | c__Dothideomycetes | Pleosporales | f__Pleosporaceae | g__Alternaria.2","40964","0.0993112692983267"
"2.06687565308255","0.0021796663561084928","c__Leotiomycetes","0.4838220424671385","0.2511066398390342","71","3","f__Erysiphaceae","g__Blumeria","false","k__Fungi","k__Fungi | p__Ascomycota | c__Leotiomycetes | Erysiphales | f__Erysiphaceae | g__Blumeria","73.87323943661971","0","71","Erysiphales","0","p__Ascomycota","0.9965020470390736","false","0","k__Fungi | p__Ascomycota | c__Leotiomycetes | Erysiphales | f__Erysiphaceae | g__Blumeria","70872","0.08987012096912375"
"2.327063740856844","6.56466510815463E-4","c__Spizellomycetes","0.429726088908846","0.2396825396825397","36","3","f__Spizellomycetales_fam_Incertae_sedis","g__Spizellomycetales_gen_Incertae_sedis.13","false","k__Fungi","k__Fungi | p__Chytridiomycota | c__Spizellomycetes | Spizellomycetales | f__Spizellomycetales_fam_Incertae_sedis | g__Spizellomycetales_gen_Incertae_sedis.13","65.58333333333333","0","36","Spizellomycetales","0","p__Chytridiomycota","0.995648971341453","false","0","k__Fungi | p__Chytridiomycota | c__Spizellomycetes | Spizellomycetales | f__Spizellomycetales_fam_Incertae_sedis | g__Spizellomycetales_gen_Incertae_sedis.13","17974","0.10799926780157422"
"2.529780564263323","5.9932728663998465E-5","c__Dothideomycetes","0.3952912019826518","0.4633333333333333","25","3","f__Phaeosphaeriaceae","g__Phaeosphaeriopsis","false","k__Fungi","k__Fungi | p__Ascomycota | c__Dothideomycetes | Pleosporales | f__Phaeosphaeriaceae | g__Phaeosphaeriopsis","62.92","0","25","Pleosporales","0","p__Ascomycota","0.9949843260188088","false","0","k__Fungi | p__Ascomycota | c__Dothideomycetes | Pleosporales | f__Phaeosphaeriaceae | g__Phaeosphaeriopsis","2184","0.14804705882352942"
"2.2988505747126435","4.1789490952868667E-4","c__Dothideomycetes","0.43500000000000005","0.3333333333333333","37","3","f__Phaeosphaeriaceae","g__Sclerostagonospora","false","k__Fungi","k__Fungi | p__Ascomycota | c__Dothideomycetes | Pleosporales | f__Phaeosphaeriaceae | g__Sclerostagonospora","66.56756756756756","0","37","Pleosporales","0","p__Ascomycota","0.9957414735255324","false","0","k__Fungi | p__Ascomycota | c__Dothideomycetes | Pleosporales | f__Phaeosphaeriaceae | g__Sclerostagonospora","16506","0.10499616335578481"
"2.41692789968652","6.093452113262522E-4","c__Dothideomycetes","0.4137483787289235","0.30551523947750364","53","3","unassigned","unassigned","false","k__Fungi","k__Fungi | p__Ascomycota | c__Dothideomycetes | unassigned | unassigned | unassigned","62.9622641509434","0","53","unassigned","0","p__Ascomycota","0.9953543347551261","false","0","k__Fungi | p__Ascomycota | c__Dothideomycetes | unassigned | unassigned | unassigned","15592","0.12467775079394731"
"2.2048066875653083","7.348364747728448E-4","c__Sordariomycetes","0.45355450236966827","0.3430127041742287","58","3","unassigned","unassigned.2","false","k__Fungi","k__Fungi | p__Ascomycota | c__Sordariomycetes | Sordariales | unassigned | unassigned.2","73.77586206896552","0","58","Sordariales","0","p__Ascomycota","0.9960498141391302","false","0","k__Fungi | p__Ascomycota | c__Sordariomycetes | Sordariales | unassigned | unassigned.2","30206","0.10494432726737626"
"2.0282131661442007","0.0024833235070781177","c__Tremellomycetes","0.49304482225656876","0.2750186706497386","104","3","f__Filobasidiaceae","g__Filobasidium","false","k__Fungi","k__Fungi | p__Basidiomycota | c__Tremellomycetes | Filobasidiales | f__Filobasidiaceae | g__Filobasidium","75.95192307692308","0","104","Filobasidiales","0","p__Basidiomycota","0.9966288092913305","false","0","k__Fungi | p__Basidiomycota | c__Tremellomycetes | Filobasidiales | f__Filobasidiaceae | g__Filobasidium","104918","0.09195148072266716"
"2.206896551724138","9.610294427270813E-4","c__Tremellomycetes","0.453125","0.32247851650836723","67","3","f__Piskurozymaceae","g__Solicoccozyma","false","k__Fungi","k__Fungi | p__Basidiomycota | c__Tremellomycetes | Filobasidiales | f__Piskurozymaceae | g__Solicoccozyma","75.80597014925372","0","67","Filobasidiales","0","p__Basidiomycota","0.9960429621254947","false","0","k__Fungi | p__Basidiomycota | c__Tremellomycetes | Filobasidiales | f__Piskurozymaceae | g__Solicoccozyma","37560","0.1095461996376499"
"2.212121212121212","9.883516182399256E-4","c__Fungi_cls_Incertae_sedis","0.452054794520548","0.3430619559651818","63","3","f__Fungi_fam_Incertae_sedis","g__Fungi_gen_Incertae_sedis.18","false","k__Fungi","k__Fungi | p__Fungi_phy_Incertae_sedis | c__Fungi_cls_Incertae_sedis | Fungi_ord_Incertae_sedis | f__Fungi_fam_Incertae_sedis | g__Fungi_gen_Incertae_sedis.18","68.46031746031746","0","63","Fungi_ord_Incertae_sedis","0","p__Fungi_phy_Incertae_sedis","0.9960258320914059","false","0","k__Fungi | p__Fungi_phy_Incertae_sedis | c__Fungi_cls_Incertae_sedis | Fungi_ord_Incertae_sedis | f__Fungi_fam_Incertae_sedis | g__Fungi_gen_Incertae_sedis.18","36124","0.09907426549973583"
"2.32183908045977","6.767440031405747E-4","unassigned","0.4306930693069307","0.3112244897959184","49","3","unassigned","unassigned.30","false","k__Fungi","k__Fungi | unassigned | unassigned | unassigned | unassigned | unassigned.30","64.81632653061224","0","49","unassigned","0","unassigned","0.9956661013755418","false","0","k__Fungi | unassigned | unassigned | unassigned | unassigned | unassigned.30","19844","0.10802721088435374"
"2.2852664576802506","6.052026476774912E-4","c__Dothideomycetes","0.4375857338820302","0.34782608695652173","47","3","f__Didymellaceae","g__Chaetasbolisia.3","false","k__Fungi","k__Fungi | p__Ascomycota | c__Dothideomycetes | Pleosporales | f__Didymellaceae | g__Chaetasbolisia.3","65.40425531914893","0","47","Pleosporales","0","p__Ascomycota","0.9957860116141632","false","0","k__Fungi | p__Ascomycota | c__Dothideomycetes | Pleosporales | f__Didymellaceae | g__Chaetasbolisia.3","20434","0.10280342566572996"
"1.9477533960292581","0.004680371569211928","c__Dothideomycetes","0.5134120171673819","0.23825611325611326","112","3","f__Pleosporaceae","g__Curvularia","false","k__Fungi","k__Fungi | p__Ascomycota | c__Dothideomycetes | Pleosporales | f__Pleosporaceae | g__Curvularia","90.96428571428571","0","112","Pleosporales","0","p__Ascomycota","0.9968926118162975","false","0","k__Fungi | p__Ascomycota | c__Dothideomycetes | Pleosporales | f__Pleosporaceae | g__Curvularia","221442","0.10163607342378292"
"2.4639498432601883","1.7375745419249554E-4","c__Sordariomycetes","0.405852417302799","0.3810483870967742","32","3","f__Stachybotryaceae","g__Stachybotryaceae_gen_Incertae_sedis","false","k__Fungi","k__Fungi | p__Ascomycota | c__Sordariomycetes | Hypocreales | f__Stachybotryaceae | g__Stachybotryaceae_gen_Incertae_sedis","61.75","0","32","Hypocreales","0","p__Ascomycota","0.9952001644483273","false","0","k__Fungi | p__Ascomycota | c__Sordariomycetes | Hypocreales | f__Stachybotryaceae | g__Stachybotryaceae_gen_Incertae_sedis","5886","0.12837837837837837"
"2.456635318704284","2.2956312930279708E-4","c__Sordariomycetes","0.40706082518077413","0.42424242424242425","45","3","f__Lasiosphaeriaceae","g__Schizothecium.8","false","k__Fungi","k__Fungi | p__Ascomycota | c__Sordariomycetes | Sordariales | f__Lasiosphaeriaceae | g__Schizothecium.8","68.75555555555556","0","45","Sordariales","0","p__Ascomycota","0.9952241464960515","false","0","k__Fungi | p__Ascomycota | c__Sordariomycetes | Sordariales | f__Lasiosphaeriaceae | g__Schizothecium.8","6600","0.1447485380116959"
"2.1243469174503655","0.0012281818506894395","c__Sordariomycetes","0.47073290703394005","0.26705370101596515","53","3","f__Bartaliniaceae","g__Truncatella","false","k__Fungi","k__Fungi | p__Ascomycota | c__Sordariomycetes | Xylariales | f__Bartaliniaceae | g__Truncatella","77.0","0","53","Xylariales","0","p__Ascomycota","0.9963136166640972","false","0","k__Fungi | p__Ascomycota | c__Sordariomycetes | Xylariales | f__Bartaliniaceae | g__Truncatella","46214","0.09819021948402003"
"2.0167189132706373","0.0027247254426998333","c__Fungi_cls_Incertae_sedis","0.4958549222797928","0.26618488407106294","82","3","f__Fungi_fam_Incertae_sedis","g__Fungi_gen_Incertae_sedis.17","false","k__Fungi","k__Fungi | p__Fungi_phy_Incertae_sedis | c__Fungi_cls_Incertae_sedis | Fungi_ord_Incertae_sedis | f__Fungi_fam_Incertae_sedis | g__Fungi_gen_Incertae_sedis.17","83.09756097560975","0","82","Fungi_ord_Incertae_sedis","0","p__Fungi_phy_Incertae_sedis","0.9966664953663257","false","0","k__Fungi | p__Fungi_phy_Incertae_sedis | c__Fungi_cls_Incertae_sedis | Fungi_ord_Incertae_sedis | f__Fungi_fam_Incertae_sedis | g__Fungi_gen_Incertae_sedis.17","110082","0.0967375564326074"
"2.2215256008359456","8.892990545840022E-4","c__Sordariomycetes","0.4501411100658514","0.26700680272108845","49","3","unassigned","unassigned","false","k__Fungi","k__Fungi | p__Ascomycota | c__Sordariomycetes | Sordariales | unassigned | unassigned","77.14285714285714","0","49","Sordariales","0","p__Ascomycota","0.9959949980300461","false","0","k__Fungi | p__Ascomycota | c__Sordariomycetes | Sordariales | unassigned | unassigned","37330","0.11083743842364532"
"2.314524555903866","5.244733969958945E-4","c__Agaricomycetes","0.4320541760722348","0.2938775510204082","50","3","f__Ceratobasidiaceae","unassigned.2","false","k__Fungi","k__Fungi | p__Basidiomycota | c__Agaricomycetes | Cantharellales | f__Ceratobasidiaceae | unassigned.2","69.72","0","50","Cantharellales","0","p__Basidiomycota","0.995690083423266","false","0","k__Fungi | p__Basidiomycota | c__Agaricomycetes | Cantharellales | f__Ceratobasidiaceae | unassigned.2","16920","0.11504950495049505"
"2.3260188087774294","3.9172976771799237E-4","c__Tremellomycetes","0.4299191374663073","0.3797909407665505","42","3","f__Mrakiaceae","g__Tausonia","false","k__Fungi","k__Fungi | p__Basidiomycota | c__Tremellomycetes | Cystofilobasidiales | f__Mrakiaceae | g__Tausonia","69.85714285714286","0","42","Cystofilobasidiales","0","p__Basidiomycota","0.9956523973482708","false","0","k__Fungi | p__Basidiomycota | c__Tremellomycetes | Cystofilobasidiales | f__Mrakiaceae | g__Tausonia","14630","0.11584932480454868"
"2.4231974921630095","3.665994559580547E-4","c__Rhizophydiomycetes","0.4126778783958603","0.45098039215686275","51","3","f__Rhizophydiaceae","g__Rhizophydium.4","false","k__Fungi","k__Fungi | p__Chytridiomycota | c__Rhizophydiomycetes | Rhizophydiales | f__Rhizophydiaceae | g__Rhizophydium.4","59.745098039215684","0","51","Rhizophydiales","0","p__Chytridiomycota","0.9953337787142197","false","0","k__Fungi | p__Chytridiomycota | c__Rhizophydiomycetes | Rhizophydiales | f__Rhizophydiaceae | g__Rhizophydium.4","12392","0.11925169269304528"
"2.6760710553814","1.2535934492020933E-4","c__Sordariomycetes","0.3736821554080437","0.3333333333333333","19","4","f__Nectriaceae","g__Fusarium.5","false","k__Fungi","k__Fungi | p__Ascomycota | c__Sordariomycetes | Hypocreales | f__Nectriaceae | g__Fusarium.5","45.421052631578945","0","19","Hypocreales","0","p__Ascomycota","0.9945046850643233","false","0","k__Fungi | p__Ascomycota | c__Sordariomycetes | Hypocreales | f__Nectriaceae | g__Fusarium.5","2930","0.14892148403796376"
"2.42110762800418","4.728871584161102E-4","c__Dothideomycetes","0.413034095813552","0.30531400966183575","46","3","f__Lentitheciaceae","g__Darksidea.1","false","k__Fungi","k__Fungi | p__Ascomycota | c__Dothideomycetes | Pleosporales | f__Lentitheciaceae | g__Darksidea.1","62.52173913043478","0","46","Pleosporales","0","p__Ascomycota","0.9953406307278552","false","0","k__Fungi | p__Ascomycota | c__Dothideomycetes | Pleosporales | f__Lentitheciaceae | g__Darksidea.1","13140","0.1232741617357002"
"2.374085684430512","7.091317732688133E-4","unassigned","0.4212147887323944","0.26445578231292516","49","3","unassigned","unassigned.22","false","k__Fungi","k__Fungi | unassigned | unassigned | unassigned | unassigned | unassigned.22","59.0","0","49","unassigned","0","unassigned","0.9954948010346542","false","0","k__Fungi | unassigned | unassigned | unassigned | unassigned | unassigned.22","18722","0.10727272727272727"
"2.431556948798328","5.481562533604081E-4","unassigned","0.411259131929523","0.22822822822822822","37","3","unassigned","unassigned.39","false","k__Fungi","k__Fungi | unassigned | unassigned | unassigned | unassigned | unassigned.39","53.270270270270274","0","37","unassigned","0","unassigned","0.9953063706596775","false","0","k__Fungi | unassigned | unassigned | unassigned | unassigned | unassigned.39","12876","0.10506956660802814"
"2.2236154649947752","6.905422158203035E-4","c__Dothideomycetes","0.44971804511278196","0.26884779516358465","38","3","f__Leptosphaeriaceae","g__Leptosphaeriaceae_gen_Incertae_sedis","false","k__Fungi","k__Fungi | p__Ascomycota | c__Dothideomycetes | Pleosporales | f__Leptosphaeriaceae | g__Leptosphaeriaceae_gen_Incertae_sedis","76.02631578947368","0","38","Pleosporales","0","p__Ascomycota","0.9959881460164105","false","0","k__Fungi | p__Ascomycota | c__Dothideomycetes | Pleosporales | f__Leptosphaeriaceae | g__Leptosphaeriaceae_gen_Incertae_sedis","24608","0.10783874580067189"
"2.788923719958203","4.286978217214585E-5","c__Sordariomycetes","0.3585612588984638","0.2777777777777778","9","4","f__Chaetomiaceae","unassigned","false","k__Fungi","k__Fungi | p__Ascomycota | c__Sordariomycetes | Sordariales | f__Chaetomiaceae | unassigned","43.333333333333336","0","9","Sordariales","0","p__Ascomycota","0.994134676328006","false","0","k__Fungi | p__Ascomycota | c__Sordariomycetes | Sordariales | f__Chaetomiaceae | unassigned","814","0.1895711500974659"
"2.3793103448275863","3.97522704151036E-4","c__Microbotryomycetes","0.42028985507246375","0.31174838112858466","47","3","f__Chrysozymaceae","unassigned","false","k__Fungi","k__Fungi | p__Basidiomycota | c__Microbotryomycetes | Microbotryomycetes_ord_Incertae_sedis | f__Chrysozymaceae | unassigned","65.38297872340425","0","47","Microbotryomycetes_ord_Incertae_sedis","0","p__Basidiomycota","0.9954776710005654","false","0","k__Fungi | p__Basidiomycota | c__Microbotryomycetes | Microbotryomycetes_ord_Incertae_sedis | f__Chrysozymaceae | unassigned","12448","0.11953012563693648"
"2.0752351097178683","0.0016195654180605355","c__Tremellomycetes","0.4818731117824773","0.2813299232736573","69","3","f__Mrakiaceae","g__Itersonilia.1","false","k__Fungi","k__Fungi | p__Basidiomycota | c__Tremellomycetes | Cystofilobasidiales | f__Mrakiaceae | g__Itersonilia.1","88.8840579710145","0","69","Cystofilobasidiales","0","p__Basidiomycota","0.9964746389845316","false","0","k__Fungi | p__Basidiomycota | c__Tremellomycetes | Cystofilobasidiales | f__Mrakiaceae | g__Itersonilia.1","79490","0.10892654163114521"
"2.225705329153605","9.254131981279491E-4","c__Tremellomycetes","0.44929577464788734","0.23974358974358975","40","3","f__Bulleribasidiaceae","g__Vishniacozyma.2","false","k__Fungi","k__Fungi | p__Basidiomycota | c__Tremellomycetes | Tremellales | f__Bulleribasidiaceae | g__Vishniacozyma.2","66.8","0","40","Tremellales","0","p__Basidiomycota","0.9959812940027751","false","0","k__Fungi | p__Basidiomycota | c__Tremellomycetes | Tremellales | f__Bulleribasidiaceae | g__Vishniacozyma.2","28902","0.09539285714285714"
"1.9780564263322884","0.0036438726285274634","c__Chytridiomycota_cls_Incertae_sedis","0.5055467511885895","0.23570536828963795","90","3","f__Chytridiomycota_fam_Incertae_sedis","g__Chytridiomycota_gen_Incertae_sedis.2","false","k__Fungi","k__Fungi | p__Chytridiomycota | c__Chytridiomycota_cls_Incertae_sedis | Chytridiomycota_ord_Incertae_sedis | f__Chytridiomycota_fam_Incertae_sedis | g__Chytridiomycota_gen_Incertae_sedis.2","101.18888888888888","0","90","Chytridiomycota_ord_Incertae_sedis","0","p__Chytridiomycota","0.9967932576185827","false","0","k__Fungi | p__Chytridiomycota | c__Chytridiomycota_cls_Incertae_sedis | Chytridiomycota_ord_Incertae_sedis | f__Chytridiomycota_fam_Incertae_sedis | g__Chytridiomycota_gen_Incertae_sedis.2","172156","0.11395145145145145"
"2.4806687565308256","2.4178338574125637E-4","c__Rhizophydiomycetes","0.40311710193765793","0.3333333333333333","22","3","f__Rhizophydiaceae","g__Rhizophydium.1","false","k__Fungi","k__Fungi | p__Chytridiomycota | c__Rhizophydiomycetes | Rhizophydiales | f__Rhizophydiaceae | g__Rhizophydium.1","52.72727272727273","0","22","Rhizophydiales","0","p__Chytridiomycota","0.9951453483392433","false","0","k__Fungi | p__Chytridiomycota | c__Rhizophydiomycetes | Rhizophydiales | f__Rhizophydiaceae | g__Rhizophydium.1","6012","0.11100478468899522"
"2.533960292580982","2.0683223107885234E-4","c__Dothideomycetes","0.39463917525773196","0.19298245614035087","19","4","f__Phaeosphaeriaceae","g__Leptospora","false","k__Fungi","k__Fungi | p__Ascomycota | c__Dothideomycetes | Pleosporales | f__Phaeosphaeriaceae | g__Leptospora","51.94736842105263","0","19","Pleosporales","0","p__Ascomycota","0.9949706219915379","false","0","k__Fungi | p__Ascomycota | c__Dothideomycetes | Pleosporales | f__Phaeosphaeriaceae | g__Leptospora","4554","0.12124938514510576"
"2.3396029258098223","0.0010355904652344906","c__Sordariomycetes","0.427422956677088","0.3024132730015083","52","3","f__Melanconiellaceae","g__Microascospora","false","k__Fungi","k__Fungi | p__Ascomycota | c__Sordariomycetes | Diaporthales | f__Melanconiellaceae | g__Microascospora","58.80769230769231","0","52","Diaporthales","0","p__Ascomycota","0.99560785925964","false","0","k__Fungi | p__Ascomycota | c__Sordariomycetes | Diaporthales | f__Melanconiellaceae | g__Microascospora","28692","0.10139257294429709"
"2.452455590386625","3.014606135469652E-4","c__Sordariomycetes","0.4077545803152961","0.2857142857142857","28","3","f__Hypocreales_fam_Incertae_sedis","unassigned","false","k__Fungi","k__Fungi | p__Ascomycota | c__Sordariomycetes | Hypocreales | f__Hypocreales_fam_Incertae_sedis | unassigned","64.42857142857143","0","28","Hypocreales","0","p__Ascomycota","0.9952378505233225","false","0","k__Fungi | p__Ascomycota | c__Sordariomycetes | Hypocreales | f__Hypocreales_fam_Incertae_sedis | unassigned","8542","0.1298963133640553"
"2.54858934169279","1.463821473837844E-4","c__Sordariomycetes","0.3923739237392374","0.3247863247863248","27","4","f__Nectriaceae","unassigned.5","false","k__Fungi","k__Fungi | p__Ascomycota | c__Sordariomycetes | Hypocreales | f__Nectriaceae | unassigned.5","57.666666666666664","0","27","Hypocreales","0","p__Ascomycota","0.9949226578960892","false","0","k__Fungi | p__Ascomycota | c__Sordariomycetes | Hypocreales | f__Nectriaceae | unassigned.5","3962","0.1416871416871417"
"2.2163009404388716","6.665125878662628E-4","c__Rhizophlyctidomycetes","0.4512022630834512","0.18346774193548387","32","3","f__Rhizophlyctidaceae","g__Rhizophlyctis.6","false","k__Fungi","k__Fungi | p__Chytridiomycota | c__Rhizophlyctidomycetes | Rhizophlyctidales | f__Rhizophlyctidaceae | g__Rhizophlyctis.6","71.9375","0","32","Rhizophlyctidales","0","p__Chytridiomycota","0.9960121280641347","false","0","k__Fungi | p__Chytridiomycota | c__Rhizophlyctidomycetes | Rhizophlyctidales | f__Rhizophlyctidaceae | g__Rhizophlyctis.6","21572","0.10019150417827298"
"2.0815047021943576","0.002062162144608127","c__Rhizophydiomycetes","0.48042168674698793","0.2371171171171171","75","3","f__Rhizophydiales_fam_Incertae_sedis","g__Rhizophydiales_gen_Incertae_sedis.9","false","k__Fungi","k__Fungi | p__Chytridiomycota | c__Rhizophydiomycetes | Rhizophydiales | f__Rhizophydiales_fam_Incertae_sedis | g__Rhizophydiales_gen_Incertae_sedis.9","73.85333333333334","0","75","Rhizophydiales","0","p__Chytridiomycota","0.996454082943625","false","0","k__Fungi | p__Chytridiomycota | c__Rhizophydiomycetes | Rhizophydiales | f__Rhizophydiales_fam_Incertae_sedis | g__Rhizophydiales_gen_Incertae_sedis.9","85462","0.09185737976782753"
"2.0700104493207943","0.0018190156392978729","unassigned","0.4830893488137304","0.22272727272727272","56","3","unassigned","unassigned.102","false","k__Fungi","k__Fungi | unassigned | unassigned | unassigned | unassigned | unassigned.102","81.23214285714286","0","56","unassigned","0","unassigned","0.9964917690186202","false","0","k__Fungi | unassigned | unassigned | unassigned | unassigned | unassigned.102","69808","0.09740065090784515"
"2.359456635318704","2.677030811519531E-4","c__Fungi_cls_Incertae_sedis","0.4238263950398583","0.35795454545454547","33","3","f__Fungi_fam_Incertae_sedis","g__Fungi_gen_Incertae_sedis.33","false","k__Fungi","k__Fungi | p__Fungi_phy_Incertae_sedis | c__Fungi_cls_Incertae_sedis | Fungi_ord_Incertae_sedis | f__Fungi_fam_Incertae_sedis | g__Fungi_gen_Incertae_sedis.33","67.36363636363636","0","33","Fungi_ord_Incertae_sedis","0","p__Fungi_phy_Incertae_sedis","0.9955427651301026","false","0","k__Fungi | p__Fungi_phy_Incertae_sedis | c__Fungi_cls_Incertae_sedis | Fungi_ord_Incertae_sedis | f__Fungi_fam_Incertae_sedis | g__Fungi_gen_Incertae_sedis.33","10248","0.11614420062695925"
"2.376175548589342","2.2819143621878883E-4","c__Eurotiomycetes","0.420844327176781","0.41534391534391535","28","3","f__Chaetothyriales_fam_Incertae_sedis","g__Chaetothyriales_gen_Incertae_sedis.5","false","k__Fungi","k__Fungi | p__Ascomycota | c__Eurotiomycetes | Chaetothyriales | f__Chaetothyriales_fam_Incertae_sedis | g__Chaetothyriales_gen_Incertae_sedis.5","66.92857142857143","0","28","Chaetothyriales","0","p__Ascomycota","0.9954879490210186","false","0","k__Fungi | p__Ascomycota | c__Eurotiomycetes | Chaetothyriales | f__Chaetothyriales_fam_Incertae_sedis | g__Chaetothyriales_gen_Incertae_sedis.5","8746","0.11762490584986192"
"2.3887147335423196","3.9198229983489305E-4","c__Dothideomycetes","0.41863517060367456","0.27586206896551724","30","3","f__Phaeosphaeriaceae","g__Phaeosphaeriaceae_gen_Incertae_sedis.2","false","k__Fungi","k__Fungi | p__Ascomycota | c__Dothideomycetes | Pleosporales | f__Phaeosphaeriaceae | g__Phaeosphaeriaceae_gen_Incertae_sedis.2","53.96666666666667","0","30","Pleosporales","0","p__Ascomycota","0.9954468369392055","false","0","k__Fungi | p__Ascomycota | c__Dothideomycetes | Pleosporales | f__Phaeosphaeriaceae | g__Phaeosphaeriaceae_gen_Incertae_sedis.2","11522","0.09723723723723723"
"2.4911180773249737","1.733617893296699E-4","c__Tremellomycetes","0.4014261744966443","0.2826086956521739","24","3","f__Bulleribasidiaceae","g__Vishniacozyma.1","false","k__Fungi","k__Fungi | p__Basidiomycota | c__Tremellomycetes | Tremellales | f__Bulleribasidiaceae | g__Vishniacozyma.1","63.291666666666664","0","24","Tremellales","0","p__Basidiomycota","0.9951110882710656","false","0","k__Fungi | p__Basidiomycota | c__Tremellomycetes | Tremellales | f__Bulleribasidiaceae | g__Vishniacozyma.1","4494","0.136699064074874"
"2.2863113897596654","4.7705087494901387E-4","c__Dothideomycetes","0.4373857404021938","0.3155080213903743","34","3","f__Phaeosphaeriaceae","g__Phaeosphaeriaceae_gen_Incertae_sedis.4","false","k__Fungi","k__Fungi | p__Ascomycota | c__Dothideomycetes | Pleosporales | f__Phaeosphaeriaceae | g__Phaeosphaeriaceae_gen_Incertae_sedis.4","67.55882352941177","0","34","Pleosporales","0","p__Ascomycota","0.9957825856073454","false","0","k__Fungi | p__Ascomycota | c__Dothideomycetes | Pleosporales | f__Phaeosphaeriaceae | g__Phaeosphaeriaceae_gen_Incertae_sedis.4","16240","0.1040968005075682"
"2.115987460815047","0.001887453268128219","c__Leotiomycetes","0.47259259259259256","0.2411674347158218","63","3","f__Helotiaceae","g__Tetracladium.2","false","k__Fungi","k__Fungi | p__Ascomycota | c__Leotiomycetes | Helotiales | f__Helotiaceae | g__Tetracladium.2","69.80952380952381","0","63","Helotiales","0","p__Ascomycota","0.9963410247186392","false","0","k__Fungi | p__Ascomycota | c__Leotiomycetes | Helotiales | f__Helotiaceae | g__Tetracladium.2","66514","0.08915647996107766"
"2.072100313479624","0.0015891403617427666","c__Pezizomycetes","0.4826021180030257","0.23755656108597284","52","3","f__Pyronemataceae","g__Pyronemataceae_gen_Incertae_sedis.6","false","k__Fungi","k__Fungi | p__Ascomycota | c__Pezizomycetes | Pezizales | f__Pyronemataceae | g__Pyronemataceae_gen_Incertae_sedis.6","86.61538461538461","0","52","Pezizales","0","p__Ascomycota","0.9964849170049849","false","0","k__Fungi | p__Ascomycota | c__Pezizomycetes | Pezizales | f__Pyronemataceae | g__Pyronemataceae_gen_Incertae_sedis.6","63990","0.10360691939639308"
"2.490073145245559","1.8407266905114952E-4","c__Sordariomycetes","0.40159462861938733","0.36243386243386244","28","4","f__Nectriaceae","g__Fusicolla.1","false","k__Fungi","k__Fungi | p__Ascomycota | c__Sordariomycetes | Hypocreales | f__Nectriaceae | g__Fusicolla.1","54.92857142857143","0","28","Hypocreales","0","p__Ascomycota","0.9951145142778834","false","0","k__Fungi | p__Ascomycota | c__Sordariomycetes | Hypocreales | f__Nectriaceae | g__Fusicolla.1","5034","0.11933229813664596"
"2.375130616509927","3.2016633495137684E-4","c__Eurotiomycetes","0.4210294764628244","0.3204301075268817","31","3","f__Herpotrichiellaceae","g__Herpotrichiellaceae_gen_Incertae_sedis.3","false","k__Fungi","k__Fungi | p__Ascomycota | c__Eurotiomycetes | Chaetothyriales | f__Herpotrichiellaceae | g__Herpotrichiellaceae_gen_Incertae_sedis.3","65.38709677419355","0","31","Chaetothyriales","0","p__Ascomycota","0.9954913750278364","false","0","k__Fungi | p__Ascomycota | c__Eurotiomycetes | Chaetothyriales | f__Herpotrichiellaceae | g__Herpotrichiellaceae_gen_Incertae_sedis.3","11474","0.11532115833191102"
"2.327063740856844","6.276368803719406E-4","c__Spizellomycetes","0.429726088908846","0.2638146167557932","34","4","f__Spizellomycetales_fam_Incertae_sedis","g__Spizellomycetales_gen_Incertae_sedis.2","false","k__Fungi","k__Fungi | p__Chytridiomycota | c__Spizellomycetes | Spizellomycetales | f__Spizellomycetales_fam_Incertae_sedis | g__Spizellomycetales_gen_Incertae_sedis.2","59.529411764705884","0","34","Spizellomycetales","0","p__Chytridiomycota","0.995648971341453","false","0","k__Fungi | p__Chytridiomycota | c__Spizellomycetes | Spizellomycetales | f__Spizellomycetales_fam_Incertae_sedis | g__Spizellomycetales_gen_Incertae_sedis.2","17932","0.0974294791566381"
"2.1964472309299894","9.410161744916628E-4","c__Dothideomycetes","0.4552806850618459","0.3076923076923077","39","3","f__Phaeosphaeriaceae","g__Sclerostagonospora.2","false","k__Fungi","k__Fungi | p__Ascomycota | c__Dothideomycetes | Pleosporales | f__Phaeosphaeriaceae | g__Sclerostagonospora.2","77.94871794871794","0","39","Pleosporales","0","p__Ascomycota","0.9960772221936721","false","0","k__Fungi | p__Ascomycota | c__Dothideomycetes | Pleosporales | f__Phaeosphaeriaceae | g__Sclerostagonospora.2","30198","0.10677906568317527"
"2.2988505747126435","4.641832895463456E-4","c__Fungi_cls_Incertae_sedis","0.43500000000000005","0.3630229419703104","39","3","f__Fungi_fam_Incertae_sedis","g__Fungi_gen_Incertae_sedis.65","false","k__Fungi","k__Fungi | p__Fungi_phy_Incertae_sedis | c__Fungi_cls_Incertae_sedis | Fungi_ord_Incertae_sedis | f__Fungi_fam_Incertae_sedis | g__Fungi_gen_Incertae_sedis.65","71.12820512820512","0","39","Fungi_ord_Incertae_sedis","0","p__Fungi_phy_Incertae_sedis","0.9957414735255324","false","0","k__Fungi | p__Fungi_phy_Incertae_sedis | c__Fungi_cls_Incertae_sedis | Fungi_ord_Incertae_sedis | f__Fungi_fam_Incertae_sedis | g__Fungi_gen_Incertae_sedis.65","14944","0.11268235198504613"
"2.457680250783699","3.317188329293842E-4","c__Sordariomycetes","0.40688775510204084","0.2972972972972973","38","4","f__Bionectriaceae","g__Nectriella","false","k__Fungi","k__Fungi | p__Ascomycota | c__Sordariomycetes | Hypocreales | f__Bionectriaceae | g__Nectriella","57.44736842105263","0","38","Hypocreales","0","p__Ascomycota","0.9952207204892337","false","0","k__Fungi | p__Ascomycota | c__Sordariomycetes | Hypocreales | f__Bionectriaceae | g__Nectriella","8300","0.11918541166193491"
"2.3239289446186","8.640266971207363E-4","c__Spizellomycetes","0.43030575539568344","0.35615079365079366","64","3","f__Spizellomycetales_fam_Incertae_sedis","g__Spizellomycetales_gen_Incertae_sedis.3","false","k__Fungi","k__Fungi | p__Chytridiomycota | c__Spizellomycetes | Spizellomycetales | f__Spizellomycetales_fam_Incertae_sedis | g__Spizellomycetales_gen_Incertae_sedis.3","64.359375","0","64","Spizellomycetales","0","p__Chytridiomycota","0.9956592493619062","false","0","k__Fungi | p__Chytridiomycota | c__Spizellomycetes | Spizellomycetales | f__Spizellomycetales_fam_Incertae_sedis | g__Spizellomycetales_gen_Incertae_sedis.3","26650","0.11055627147766323"
"2.420062695924765","3.698153813028912E-4","c__Fungi_cls_Incertae_sedis","0.4132124352331606","0.29931972789115646","49","3","f__Fungi_fam_Incertae_sedis","g__Fungi_gen_Incertae_sedis.23","false","k__Fungi","k__Fungi | p__Fungi_phy_Incertae_sedis | c__Fungi_cls_Incertae_sedis | Fungi_ord_Incertae_sedis | f__Fungi_fam_Incertae_sedis | g__Fungi_gen_Incertae_sedis.23","63.44897959183673","0","49","Fungi_ord_Incertae_sedis","0","p__Fungi_phy_Incertae_sedis","0.995344056734673","false","0","k__Fungi | p__Fungi_phy_Incertae_sedis | c__Fungi_cls_Incertae_sedis | Fungi_ord_Incertae_sedis | f__Fungi_fam_Incertae_sedis | g__Fungi_gen_Incertae_sedis.23","11046","0.1253932403000726"
"2.0877742946708464","0.001209789418170794","c__Dothideomycetes","0.47897897897897895","0.27474560592044406","47","3","f__Pleosporaceae","g__Pyrenophora","false","k__Fungi","k__Fungi | p__Ascomycota | c__Dothideomycetes | Pleosporales | f__Pleosporaceae | g__Pyrenophora","82.1063829787234","0","47","Pleosporales","0","p__Ascomycota","0.9964335269027185","false","0","k__Fungi | p__Ascomycota | c__Dothideomycetes | Pleosporales | f__Pleosporaceae | g__Pyrenophora","44936","0.09949709864603482"
"2.400208986415883","8.861947846387075E-4","unassigned","0.41663038746190684","0.25975975975975973","37","3","unassigned","unassigned.99","false","k__Fungi","k__Fungi | unassigned | unassigned | unassigned | unassigned | unassigned.99","52.270270270270274","0","37","unassigned","0","unassigned","0.9954091508642103","false","0","k__Fungi | unassigned | unassigned | unassigned | unassigned | unassigned.99","21158","0.09733756102471186"
"2.5256008359456636","7.575581113529323E-5","c__Dothideomycetes","0.395945386843194","0.3415384615384615","26","4","f__Pleosporales_fam_Incertae_sedis","g__Pleosporales_gen_Incertae_sedis.12","false","k__Fungi","k__Fungi | p__Ascomycota | c__Dothideomycetes | Pleosporales | f__Pleosporales_fam_Incertae_sedis | g__Pleosporales_gen_Incertae_sedis.12","71.11538461538461","0","26","Pleosporales","0","p__Ascomycota","0.9949980300460798","false","0","k__Fungi | p__Ascomycota | c__Dothideomycetes | Pleosporales | f__Pleosporales_fam_Incertae_sedis | g__Pleosporales_gen_Incertae_sedis.12","2262","0.16500089237908264"
"2.478578892371996","1.7874777763085992E-4","unassigned","0.40345699831365933","0.3765182186234818","39","4","unassigned","unassigned.34","false","k__Fungi","k__Fungi | unassigned | unassigned | unassigned | unassigned | unassigned.34","65.97435897435898","0","39","unassigned","0","unassigned","0.9951522003528787","false","0","k__Fungi | unassigned | unassigned | unassigned | unassigned | unassigned.34","5574","0.14280164280164281"
"2.19435736677116","9.773789233281727E-4","c__Leotiomycetes","0.45571428571428574","0.2222222222222222","36","3","unassigned","unassigned.1","false","k__Fungi","k__Fungi | p__Ascomycota | c__Leotiomycetes | Helotiales | unassigned | unassigned.1","69.08333333333333","0","36","Helotiales","0","p__Ascomycota","0.9960840742073077","false","0","k__Fungi | p__Ascomycota | c__Leotiomycetes | Helotiales | unassigned | unassigned.1","30276","0.09399092970521541"
"2.3207941483803554","0.0014887359939238277","c__Fungi_cls_Incertae_sedis","0.4308869878433138","0.19310344827586207","30","3","f__Fungi_fam_Incertae_sedis","g__Fungi_gen_Incertae_sedis.30","false","k__Fungi","k__Fungi | p__Fungi_phy_Incertae_sedis | c__Fungi_cls_Incertae_sedis | Fungi_ord_Incertae_sedis | f__Fungi_fam_Incertae_sedis | g__Fungi_gen_Incertae_sedis.30","55.36666666666667","0","30","Fungi_ord_Incertae_sedis","0","p__Fungi_phy_Incertae_sedis","0.9956695273823595","false","0","k__Fungi | p__Fungi_phy_Incertae_sedis | c__Fungi_cls_Incertae_sedis | Fungi_ord_Incertae_sedis | f__Fungi_fam_Incertae_sedis | g__Fungi_gen_Incertae_sedis.30","28854","0.08939149165320409"
"2.471264367816092","6.472728933875001E-4","c__Dothideomycetes","0.4046511627906977","0.41642512077294686","46","3","f__Sporormiaceae","g__Sporormiaceae_gen_Incertae_sedis.2","false","k__Fungi","k__Fungi | p__Ascomycota | c__Dothideomycetes | Pleosporales | f__Sporormiaceae | g__Sporormiaceae_gen_Incertae_sedis.2","54.28260869565217","0","46","Pleosporales","0","p__Ascomycota","0.9951761824006029","false","0","k__Fungi | p__Ascomycota | c__Dothideomycetes | Pleosporales | f__Sporormiaceae | g__Sporormiaceae_gen_Incertae_sedis.2","14366","0.11800567107750473"
"2.4775339602925808","2.5421021400530913E-4","c__Eurotiomycetes","0.4036271615352172","0.4418604651162791","43","4","f__Trichomeriaceae","g__Bradymyces.1","false","k__Fungi","k__Fungi | p__Ascomycota | c__Eurotiomycetes | Chaetothyriales | f__Trichomeriaceae | g__Bradymyces.1","60.41860465116279","0","43","Chaetothyriales","0","p__Ascomycota","0.9951556263596965","false","0","k__Fungi | p__Ascomycota | c__Eurotiomycetes | Chaetothyriales | f__Trichomeriaceae | g__Bradymyces.1","7796","0.13191835076673097"
"2.315569487983281","7.830440926616975E-4","c__Agaricomycetes","0.4318592057761733","0.36358136721113127","58","3","f__Inocybaceae","g__Inocybe","false","k__Fungi","k__Fungi | p__Basidiomycota | c__Agaricomycetes | Agaricales | f__Inocybaceae | g__Inocybe","64.62068965517241","0","58","Agaricales","0","p__Basidiomycota","0.9956866574164482","false","0","k__Fungi | p__Basidiomycota | c__Agaricomycetes | Agaricales | f__Inocybaceae | g__Inocybe","24676","0.10824236123144458"
"2.122257053291536","0.0016805973790831683","unassigned","0.47119645494830137","0.23453996983408748","52","3","unassigned","unassigned.58","false","k__Fungi","k__Fungi | unassigned | unassigned | unassigned | unassigned | unassigned.58","70.98076923076923","0","52","unassigned","0","unassigned","0.9963204686777326","false","0","k__Fungi | unassigned | unassigned | unassigned | unassigned | unassigned.58","55458","0.09007711831315893"
"2.1588296760710555","0.0014081053094200978","c__Dothideomycetes","0.4632139399806389","0.3158469945355191","61","3","unassigned","unassigned.14","false","k__Fungi","k__Fungi | p__Ascomycota | c__Dothideomycetes | Pleosporales | unassigned | unassigned.14","75.73770491803279","0","61","Pleosporales","0","p__Ascomycota","0.9962005584391114","false","0","k__Fungi | p__Ascomycota | c__Dothideomycetes | Pleosporales | unassigned | unassigned.14","59266","0.10179799048122687"
"2.277951933124347","0.001354798497918513","c__Eurotiomycetes","0.4389908256880734","0.2028985507246377","46","3","f__Verrucariaceae","g__Verrucaria.10","false","k__Fungi","k__Fungi | p__Ascomycota | c__Eurotiomycetes | Verrucariales | f__Verrucariaceae | g__Verrucaria.10","61.06521739130435","0","46","Verrucariales","0","p__Ascomycota","0.9958099936618873","false","0","k__Fungi | p__Ascomycota | c__Eurotiomycetes | Verrucariales | f__Verrucariaceae | g__Verrucaria.10","36212","0.0946747556454331"
"2.063740856844305","0.002117696130095794","c__Leotiomycetes","0.4845569620253165","0.2812024353120244","73","3","f__Helotiaceae","g__Tetracladium.4","false","k__Fungi","k__Fungi | p__Ascomycota | c__Leotiomycetes | Helotiales | f__Helotiaceae | g__Tetracladium.4","79.52054794520548","0","73","Helotiales","0","p__Ascomycota","0.9965123250595268","false","0","k__Fungi | p__Ascomycota | c__Leotiomycetes | Helotiales | f__Helotiaceae | g__Tetracladium.4","92212","0.096622780006325"
"2.225705329153605","0.0011581373592352776","c__Leotiomycetes","0.44929577464788734","0.3070776255707763","73","3","f__Helotiales_fam_Incertae_sedis","g__Helotiales_gen_Incertae_sedis.16","false","k__Fungi","k__Fungi | p__Ascomycota | c__Leotiomycetes | Helotiales | f__Helotiales_fam_Incertae_sedis | g__Helotiales_gen_Incertae_sedis.16","70.34246575342466","0","73","Helotiales","0","p__Ascomycota","0.9959812940027751","false","0","k__Fungi | p__Ascomycota | c__Leotiomycetes | Helotiales | f__Helotiales_fam_Incertae_sedis | g__Helotiales_gen_Incertae_sedis.16","41624","0.1053030924452465"
"2.389759665621735","5.753075742249017E-4","c__Leotiomycetes","0.4184521206821163","0.34966727162734423","58","3","f__Leotiaceae","g__Alatospora.1","false","k__Fungi","k__Fungi | p__Ascomycota | c__Leotiomycetes | Helotiales | f__Leotiaceae | g__Alatospora.1","66.1896551724138","0","58","Helotiales","0","p__Ascomycota","0.9954434109323878","false","0","k__Fungi | p__Ascomycota | c__Leotiomycetes | Helotiales | f__Leotiaceae | g__Alatospora.1","17964","0.12583584633538744"
"2.2340647857889238","7.848857634071436E-4","unassigned","0.4476145930776427","0.2779623477297896","43","3","unassigned","unassigned.23","false","k__Fungi","k__Fungi | p__Ascomycota | unassigned | unassigned | unassigned | unassigned.23","64.69767441860465","0","43","unassigned","0","p__Ascomycota","0.9959538859482331","false","0","k__Fungi | p__Ascomycota | unassigned | unassigned | unassigned | unassigned.23","28288","0.09376474553420965"
"2.06687565308255","0.0024093431752277386","c__Rhizophlyctidomycetes","0.4838220424671385","0.28515406162464985","85","3","f__Rhizophlyctidaceae","g__Rhizophlyctis.3","false","k__Fungi","k__Fungi | p__Chytridiomycota | c__Rhizophlyctidomycetes | Rhizophlyctidales | f__Rhizophlyctidaceae | g__Rhizophlyctis.3","79.24705882352941","0","85","Rhizophlyctidales","0","p__Chytridiomycota","0.9965020470390736","false","0","k__Fungi | p__Chytridiomycota | c__Rhizophlyctidomycetes | Rhizophlyctidales | f__Rhizophlyctidaceae | g__Rhizophlyctis.3","95104","0.09807804309842749"
"2.5360501567398117","1.674846077592589E-4","c__Dothideomycetes","0.39431396786155753","0.3404634581105169","34","4","f__Tubeufiaceae","g__Tubeufiaceae_gen_Incertae_sedis.1","false","k__Fungi","k__Fungi | p__Ascomycota | c__Dothideomycetes | Tubeufiales | f__Tubeufiaceae | g__Tubeufiaceae_gen_Incertae_sedis.1","53.1764705882353","0","34","Tubeufiales","0","p__Ascomycota","0.9949637699779023","false","0","k__Fungi | p__Ascomycota | c__Dothideomycetes | Tubeufiales | f__Tubeufiaceae | g__Tubeufiaceae_gen_Incertae_sedis.1","4258","0.12938314011736082"
"2.309299895506792","2.93761901416934E-4","c__Fungi_cls_Incertae_sedis","0.4330316742081448","0.31773399014778325","29","3","f__Fungi_fam_Incertae_sedis","g__Fungi_gen_Incertae_sedis.58","false","k__Fungi","k__Fungi | p__Fungi_phy_Incertae_sedis | c__Fungi_cls_Incertae_sedis | Fungi_ord_Incertae_sedis | f__Fungi_fam_Incertae_sedis | g__Fungi_gen_Incertae_sedis.58","63.758620689655174","0","29","Fungi_ord_Incertae_sedis","0","p__Fungi_phy_Incertae_sedis","0.9957072134573548","false","0","k__Fungi | p__Fungi_phy_Incertae_sedis | c__Fungi_cls_Incertae_sedis | Fungi_ord_Incertae_sedis | f__Fungi_fam_Incertae_sedis | g__Fungi_gen_Incertae_sedis.58","10694","0.10088389349628983"
"2.2403343782654126","7.991033819646756E-4","c__Dothideomycetes","0.4463619402985075","0.33542976939203356","54","3","f__Tubeufiaceae","g__Tubeufiaceae_gen_Incertae_sedis.3","false","k__Fungi","k__Fungi | p__Ascomycota | c__Dothideomycetes | Tubeufiales | f__Tubeufiaceae | g__Tubeufiaceae_gen_Incertae_sedis.3","68.72222222222223","0","54","Tubeufiales","0","p__Ascomycota","0.9959333299073265","false","0","k__Fungi | p__Ascomycota | c__Dothideomycetes | Tubeufiales | f__Tubeufiaceae | g__Tubeufiaceae_gen_Incertae_sedis.3","25776","0.10211325738814594"
"2.237199582027168","9.329276075591714E-4","c__Eurotiomycetes","0.4469873890705278","0.2922374429223744","73","3","f__Cyphellophoraceae","g__Cyphellophoraceae_gen_Incertae_sedis.1","false","k__Fungi","k__Fungi | p__Ascomycota | c__Eurotiomycetes | Chaetothyriales | f__Cyphellophoraceae | g__Cyphellophoraceae_gen_Incertae_sedis.1","71.08219178082192","0","73","Chaetothyriales","0","p__Ascomycota","0.9959436079277797","false","0","k__Fungi | p__Ascomycota | c__Eurotiomycetes | Chaetothyriales | f__Cyphellophoraceae | g__Cyphellophoraceae_gen_Incertae_sedis.1","31992","0.10819207272575634"
"2.2497387669801463","8.625455507866655E-4","c__Sordariomycetes","0.44449605202043657","0.3038461538461538","65","3","f__Bionectriaceae","g__Clonostachys.3","false","k__Fungi","k__Fungi | p__Ascomycota | c__Sordariomycetes | Hypocreales | f__Bionectriaceae | g__Clonostachys.3","70.26153846153846","0","65","Hypocreales","0","p__Ascomycota","0.9959024958459667","false","0","k__Fungi | p__Ascomycota | c__Sordariomycetes | Hypocreales | f__Bionectriaceae | g__Clonostachys.3","28840","0.10759806808811404"
"2.1316614420062696","0.0011368957291499017","c__Agaricomycetes","0.46911764705882353","0.30568356374807987","63","3","f__Ceratobasidiaceae","g__Ceratobasidiaceae_gen_Incertae_sedis.2","false","k__Fungi","k__Fungi | p__Basidiomycota | c__Agaricomycetes | Cantharellales | f__Ceratobasidiaceae | g__Ceratobasidiaceae_gen_Incertae_sedis.2","75.4920634920635","0","63","Cantharellales","0","p__Basidiomycota","0.996289634616373","false","0","k__Fungi | p__Basidiomycota | c__Agaricomycetes | Cantharellales | f__Ceratobasidiaceae | g__Ceratobasidiaceae_gen_Incertae_sedis.2","47194","0.09829695767195767"
"2.573667711598746","1.2026349607725978E-4","c__Rhizophlyctidomycetes","0.38855054811205847","0.45714285714285713","15","4","f__Rhizophlyctidaceae","g__Rhizophlyctis.2","false","k__Fungi","k__Fungi | p__Chytridiomycota | c__Rhizophlyctidomycetes | Rhizophlyctidales | f__Rhizophlyctidaceae | g__Rhizophlyctis.2","73.73333333333333","0","15","Rhizophlyctidales","0","p__Chytridiomycota","0.994840433732463","false","0","k__Fungi | p__Chytridiomycota | c__Rhizophlyctidomycetes | Rhizophlyctidales | f__Rhizophlyctidaceae | g__Rhizophlyctis.2","2832","0.18602693602693604"
"2.336468129571578","2.724363950495651E-4","c__Eurotiomycetes","0.4279964221824687","0.2813852813852814","22","3","f__Herpotrichiellaceae","g__Exophiala.7","false","k__Fungi","k__Fungi | p__Ascomycota | c__Eurotiomycetes | Chaetothyriales | f__Herpotrichiellaceae | g__Exophiala.7","71.63636363636364","0","22","Chaetothyriales","0","p__Ascomycota","0.9956181372800932","false","0","k__Fungi | p__Ascomycota | c__Eurotiomycetes | Chaetothyriales | f__Herpotrichiellaceae | g__Exophiala.7","9594","0.11697860962566844"
"2.134796238244514","0.0011616086664546013","c__Spizellomycetes","0.46842878120411163","0.17142857142857143","36","3","f__Spizellomycetales_fam_Incertae_sedis","g__Spizellomycetales_gen_Incertae_sedis.9","false","k__Fungi","k__Fungi | p__Chytridiomycota | c__Spizellomycetes | Spizellomycetales | f__Spizellomycetales_fam_Incertae_sedis | g__Spizellomycetales_gen_Incertae_sedis.9","80.55555555555556","0","36","Spizellomycetales","0","p__Chytridiomycota","0.9962793565959196","false","0","k__Fungi | p__Chytridiomycota | c__Spizellomycetes | Spizellomycetales | f__Spizellomycetales_fam_Incertae_sedis | g__Spizellomycetales_gen_Incertae_sedis.9","39904","0.10171156004489337"
"2.4545454545454546","5.149952183110782E-4","unassigned","0.4074074074074074","0.19384615384615383","26","3","unassigned","unassigned.41","false","k__Fungi","k__Fungi | unassigned | unassigned | unassigned | unassigned | unassigned.41","45.88461538461539","0","26","unassigned","0","unassigned","0.9952309985096871","false","0","k__Fungi | unassigned | unassigned | unassigned | unassigned | unassigned.41","10988","0.09261849261849261"
"2.420062695924765","5.302597865198503E-4","unassigned","0.4132124352331606","0.2777777777777778","45","4","unassigned","unassigned.53","false","k__Fungi","k__Fungi | unassigned | unassigned | unassigned | unassigned | unassigned.53","57.355555555555554","0","45","unassigned","0","unassigned","0.995344056734673","false","0","k__Fungi | unassigned | unassigned | unassigned | unassigned | unassigned.53","14680","0.11224179169384649"
"2.290491118077325","0.001116322520569928","c__Eurotiomycetes","0.43658759124087587","0.2830188679245283","54","3","f__Herpotrichiellaceae","g__Rhinocladiella.1","false","k__Fungi","k__Fungi | p__Ascomycota | c__Eurotiomycetes | Chaetothyriales | f__Herpotrichiellaceae | g__Rhinocladiella.1","62.18518518518518","0","54","Chaetothyriales","0","p__Ascomycota","0.9957688815800743","false","0","k__Fungi | p__Ascomycota | c__Eurotiomycetes | Chaetothyriales | f__Herpotrichiellaceae | g__Rhinocladiella.1","36442","0.09949629629629629"
"2.3396029258098223","4.32106058761817E-4","c__Eurotiomycetes","0.427422956677088","0.2777777777777778","28","3","f__Trichomeriaceae","g__Bacillicladium.1","false","k__Fungi","k__Fungi | p__Ascomycota | c__Eurotiomycetes | Chaetothyriales | f__Trichomeriaceae | g__Bacillicladium.1","74.0","0","28","Chaetothyriales","0","p__Ascomycota","0.99560785925964","false","0","k__Fungi | p__Ascomycota | c__Eurotiomycetes | Chaetothyriales | f__Trichomeriaceae | g__Bacillicladium.1","14796","0.12251655629139073"
"2.2758620689655173","0.0019895431816199143","unassigned","0.4393939393939394","0.2802579365079365","64","3","unassigned","unassigned.20","false","k__Fungi","k__Fungi | p__Ascomycota | unassigned | unassigned | unassigned | unassigned.20","59.734375","0","64","unassigned","0","p__Ascomycota","0.9958168456755229","false","0","k__Fungi | p__Ascomycota | unassigned | unassigned | unassigned | unassigned.20","58194","0.09496720985691574"
"2.3834900731452455","2.3764789572147985E-4","c__Lecanoromycetes","0.41955282770714597","0.37037037037037035","27","3","f__Pannariaceae","g__Pectenia","false","k__Fungi","k__Fungi | p__Ascomycota | c__Lecanoromycetes | Peltigerales | f__Pannariaceae | g__Pectenia","70.5925925925926","0","27","Peltigerales","0","p__Ascomycota","0.9954639669732942","false","0","k__Fungi | p__Ascomycota | c__Lecanoromycetes | Peltigerales | f__Pannariaceae | g__Pectenia","8096","0.12538648773107033"
"2.303030303030303","9.854619538440122E-4","unassigned","0.43421052631578944","0.2779623477297896","43","3","unassigned","unassigned.86","false","k__Fungi","k__Fungi | unassigned | unassigned | unassigned | unassigned | unassigned.86","49.55813953488372","0","43","unassigned","0","unassigned","0.9957277694982613","false","0","k__Fungi | unassigned | unassigned | unassigned | unassigned | unassigned.86","25604","0.0794200954084675"
"2.0752351097178683","0.0018157029854829103","c__Spizellomycetes","0.4818731117824773","0.21233766233766233","56","3","f__Spizellomycetales_fam_Incertae_sedis","g__Spizellomycetales_gen_Incertae_sedis.25","false","k__Fungi","k__Fungi | p__Chytridiomycota | c__Spizellomycetes | Spizellomycetales | f__Spizellomycetales_fam_Incertae_sedis | g__Spizellomycetales_gen_Incertae_sedis.25","74.69642857142857","0","56","Spizellomycetales","0","p__Chytridiomycota","0.9964746389845316","false","0","k__Fungi | p__Chytridiomycota | c__Spizellomycetes | Spizellomycetales | f__Spizellomycetales_fam_Incertae_sedis | g__Spizellomycetales_gen_Incertae_sedis.25","61884","0.09010425641909357"
"2.3636363636363638","5.233210050206694E-4","c__Leotiomycetes","0.4230769230769231","0.2838709677419355","31","4","f__Erysiphaceae","g__Golovinomyces","false","k__Fungi","k__Fungi | p__Ascomycota | c__Leotiomycetes | Erysiphales | f__Erysiphaceae | g__Golovinomyces","61.193548387096776","0","31","Erysiphales","0","p__Ascomycota","0.9955290611028316","false","0","k__Fungi | p__Ascomycota | c__Leotiomycetes | Erysiphales | f__Erysiphaceae | g__Golovinomyces","14496","0.1056883391832414"
"2.3928944618599792","2.3585866606770268E-4","c__Sordariomycetes","0.41790393013100435","0.3096774193548387","31","3","f__Ophiocordycipitaceae","g__Purpureocillium","false","k__Fungi","k__Fungi | p__Ascomycota | c__Sordariomycetes | Hypocreales | f__Ophiocordycipitaceae | g__Purpureocillium","62.58064516129032","0","31","Hypocreales","0","p__Ascomycota","0.9954331329119346","false","0","k__Fungi | p__Ascomycota | c__Sordariomycetes | Hypocreales | f__Ophiocordycipitaceae | g__Purpureocillium","7794","0.11378299120234604"
"2.2998955067920583","8.353231741738431E-4","c__Fungi_cls_Incertae_sedis","0.4348023625624716","0.2534690101757632","47","3","f__Fungi_fam_Incertae_sedis","g__Fungi_gen_Incertae_sedis.56","false","k__Fungi","k__Fungi | p__Fungi_phy_Incertae_sedis | c__Fungi_cls_Incertae_sedis | Fungi_ord_Incertae_sedis | f__Fungi_fam_Incertae_sedis | g__Fungi_gen_Incertae_sedis.56","66.63829787234043","0","47","Fungi_ord_Incertae_sedis","0","p__Fungi_phy_Incertae_sedis","0.9957380475187146","false","0","k__Fungi | p__Fungi_phy_Incertae_sedis | c__Fungi_cls_Incertae_sedis | Fungi_ord_Incertae_sedis | f__Fungi_fam_Incertae_sedis | g__Fungi_gen_Incertae_sedis.56","26760","0.10696355998770533"
"2.335423197492163","0.0010543547555414135","c__Sordariomycetes","0.4281879194630872","0.29225225225225226","75","3","f__Myrmecridiaceae","g__Myrmecridium","false","k__Fungi","k__Fungi | p__Ascomycota | c__Sordariomycetes | Myrmecridiales | f__Myrmecridiaceae | g__Myrmecridium","63.026666666666664","0","75","Myrmecridiales","0","p__Ascomycota","0.995621563286911","false","0","k__Fungi | p__Ascomycota | c__Sordariomycetes | Myrmecridiales | f__Myrmecridiaceae | g__Myrmecridium","29940","0.11252380952380953"
"2.5454545454545454","1.0751702807009404E-4","c__Leotiomycetes","0.39285714285714285","0.48188405797101447","24","3","f__Helotiales_fam_Incertae_sedis","g__Helotiales_gen_Incertae_sedis.20","false","k__Fungi","k__Fungi | p__Ascomycota | c__Leotiomycetes | Helotiales | f__Helotiales_fam_Incertae_sedis | g__Helotiales_gen_Incertae_sedis.20","56.0","0","24","Helotiales","0","p__Ascomycota","0.9949329359165424","false","0","k__Fungi | p__Ascomycota | c__Leotiomycetes | Helotiales | f__Helotiales_fam_Incertae_sedis | g__Helotiales_gen_Incertae_sedis.20","2950","0.1362530413625304"
"2.399164054336468","5.474546466949661E-4","unassigned","0.41681184668989546","0.3785310734463277","60","3","unassigned","unassigned.41","false","k__Fungi","k__Fungi | p__Ascomycota | unassigned | unassigned | unassigned | unassigned.41","63.11666666666667","0","60","unassigned","0","p__Ascomycota","0.9954125768710279","false","0","k__Fungi | p__Ascomycota | unassigned | unassigned | unassigned | unassigned.41","15482","0.12255663430420712"
"2.54649947753396","2.4315280109472336E-4","unassigned","0.39269593762823146","0.42804878048780487","41","4","unassigned","unassigned.65","false","k__Fungi","k__Fungi | p__Ascomycota | unassigned | unassigned | unassigned | unassigned.65","54.36585365853659","0","41","unassigned","0","p__Ascomycota","0.9949295099097246","false","0","k__Fungi | p__Ascomycota | unassigned | unassigned | unassigned | unassigned.65","5736","0.1379224959762288"
"2.6123301985370952","3.105068633855184E-4","c__Spizellomycetes","0.3828","0.2807017543859649","19","4","f__Spizellomycetales_fam_Incertae_sedis","g__Spizellomycetales_gen_Incertae_sedis.16","false","k__Fungi","k__Fungi | p__Chytridiomycota | c__Spizellomycetes | Spizellomycetales | f__Spizellomycetales_fam_Incertae_sedis | g__Spizellomycetales_gen_Incertae_sedis.16","43.526315789473685","0","19","Spizellomycetales","0","p__Chytridiomycota","0.9947136714802062","false","0","k__Fungi | p__Chytridiomycota | c__Spizellomycetes | Spizellomycetales | f__Spizellomycetales_fam_Incertae_sedis | g__Spizellomycetales_gen_Incertae_sedis.16","5570","0.12350478468899521"
"2.5506792058516194","2.47386885911721E-4","unassigned","0.3920524375256043","0.3669950738916256","29","4","unassigned","unassigned.116","false","k__Fungi","k__Fungi | unassigned | unassigned | unassigned | unassigned | unassigned.116","53.86206896551724","0","29","unassigned","0","unassigned","0.9949158058824537","false","0","k__Fungi | unassigned | unassigned | unassigned | unassigned | unassigned.116","6170","0.13332195288494367"
"2.535005224660397","4.968144864003789E-4","c__Orbiliomycetes","0.39447650453421274","0.3139784946236559","31","4","f__Orbiliales_fam_Incertae_sedis","g__Orbiliales_gen_Incertae_sedis.1","false","k__Fungi","k__Fungi | p__Ascomycota | c__Orbiliomycetes | Orbiliales | f__Orbiliales_fam_Incertae_sedis | g__Orbiliales_gen_Incertae_sedis.1","47.193548387096776","0","31","Orbiliales","0","p__Ascomycota","0.99496719598472","false","0","k__Fungi | p__Ascomycota | c__Orbiliomycetes | Orbiliales | f__Orbiliales_fam_Incertae_sedis | g__Orbiliales_gen_Incertae_sedis.1","10232","0.11391616019947015"
"2.179728317659352","0.0013315498808790214","c__Tremellomycetes","0.4587727708533078","0.21022067363530778","42","3","f__Bulleribasidiaceae","g__Dioszegia","false","k__Fungi","k__Fungi | p__Basidiomycota | c__Tremellomycetes | Tremellales | f__Bulleribasidiaceae | g__Dioszegia","67.5","0","42","Tremellales","0","p__Basidiomycota","0.9961320383027563","false","0","k__Fungi | p__Basidiomycota | c__Tremellomycetes | Tremellales | f__Bulleribasidiaceae | g__Dioszegia","39346","0.09093826209729175"
"2.5329153605015673","1.4892460972617963E-4","c__Pezizomycetes","0.3948019801980198","0.2881773399014778","29","4","f__Pyronemataceae","g__Pyronemataceae_gen_Incertae_sedis.4","false","k__Fungi","k__Fungi | p__Ascomycota | c__Pezizomycetes | Pezizales | f__Pyronemataceae | g__Pyronemataceae_gen_Incertae_sedis.4","54.48275862068966","0","29","Pezizales","0","p__Ascomycota","0.9949740479983554","false","0","k__Fungi | p__Ascomycota | c__Pezizomycetes | Pezizales | f__Pyronemataceae | g__Pyronemataceae_gen_Incertae_sedis.4","3926","0.1297208538587849"
"2.340647857889237","5.221028551186464E-4","unassigned","0.4272321428571429","0.28739495798319326","35","3","unassigned","unassigned.92","false","k__Fungi","k__Fungi | unassigned | unassigned | unassigned | unassigned | unassigned.92","57.48571428571429","0","35","unassigned","0","unassigned","0.9956044332528222","false","0","k__Fungi | unassigned | unassigned | unassigned | unassigned | unassigned.92","16048","0.09645254074784276"
"2.543364681295716","2.1802948126359482E-4","c__Sordariomycetes","0.3931799506984388","0.5024630541871922","29","3","f__Gnomoniaceae","g__Ditopella","false","k__Fungi","k__Fungi | p__Ascomycota | c__Sordariomycetes | Diaporthales | f__Gnomoniaceae | g__Ditopella","56.93103448275862","0","29","Diaporthales","0","p__Ascomycota","0.994939787930178","false","0","k__Fungi | p__Ascomycota | c__Sordariomycetes | Diaporthales | f__Gnomoniaceae | g__Ditopella","4748","0.1395368492224476"
"2.466039707419018","6.167720386179938E-4","c__Sordariomycetes","0.40550847457627115","0.4432624113475177","48","3","unassigned","unassigned.9","false","k__Fungi","k__Fungi | p__Ascomycota | c__Sordariomycetes | unassigned | unassigned | unassigned.9","56.229166666666664","0","48","unassigned","0","p__Ascomycota","0.9951933124346917","false","0","k__Fungi | p__Ascomycota | c__Sordariomycetes | unassigned | unassigned | unassigned.9","14916","0.12144528437724982"
"2.7210031347962382","8.788303162424227E-5","unassigned","0.3675115207373272","0.23076923076923078","13","4","unassigned","unassigned.44","false","k__Fungi","k__Fungi | p__Ascomycota | unassigned | unassigned | unassigned | unassigned.44","37.30769230769231","0","13","unassigned","0","p__Ascomycota","0.9943573667711598","false","0","k__Fungi | p__Ascomycota | unassigned | unassigned | unassigned | unassigned.44","1406","0.13811838718901917"
"2.4033437826541273","2.2947280434314275E-4","c__Sordariomycetes","0.41608695652173916","0.2","20","4","f__Gnomoniaceae","g__Gnomoniopsis","false","k__Fungi","k__Fungi | p__Ascomycota | c__Sordariomycetes | Diaporthales | f__Gnomoniaceae | g__Gnomoniopsis","60.6","0","20","Diaporthales","0","p__Ascomycota","0.9953988728437569","false","0","k__Fungi | p__Ascomycota | c__Sordariomycetes | Diaporthales | f__Gnomoniaceae | g__Gnomoniopsis","6920","0.10989110707803992"
"2.0877742946708464","0.001282667097559399","c__Sordariomycetes","0.47897897897897895","0.3120042305658382","62","3","f__Nectriaceae","unassigned.3","false","k__Fungi","k__Fungi | p__Ascomycota | c__Sordariomycetes | Hypocreales | f__Nectriaceae | unassigned.3","79.51612903225806","0","62","Hypocreales","0","p__Ascomycota","0.9964335269027185","false","0","k__Fungi | p__Ascomycota | c__Sordariomycetes | Hypocreales | f__Nectriaceae | unassigned.3","52174","0.09804701483632314"
"2.329153605015674","7.42869015045455E-4","c__Tremellomycetes","0.4293405114401077","0.3585081585081585","66","3","f__Cryptococcaceae","g__Cryptococcus.1","false","k__Fungi","k__Fungi | p__Basidiomycota | c__Tremellomycetes | Tremellales | f__Cryptococcaceae | g__Cryptococcus.1","69.75757575757575","0","66","Tremellales","0","p__Basidiomycota","0.9956421193278174","false","0","k__Fungi | p__Basidiomycota | c__Tremellomycetes | Tremellales | f__Cryptococcaceae | g__Cryptococcus.1","22058","0.12110690235690236"
"2.498432601880878","3.6136118728323063E-4","c__Sordariomycetes","0.4002509410288582","0.296551724137931","30","3","unassigned","unassigned.6","false","k__Fungi","k__Fungi | p__Ascomycota | c__Sordariomycetes | unassigned | unassigned | unassigned.6","47.6","0","30","unassigned","0","p__Ascomycota","0.9950871062233413","false","0","k__Fungi | p__Ascomycota | c__Sordariomycetes | unassigned | unassigned | unassigned.6","9016","0.10577777777777778"
"2.1055381400208986","0.0022196930137847277","c__Tremellomycetes","0.47493796526054594","0.29165931934403105","107","3","f__Cryptococcaceae","g__Cryptococcus","false","k__Fungi","k__Fungi | p__Basidiomycota | c__Tremellomycetes | Tremellales | f__Cryptococcaceae | g__Cryptococcus","74.33644859813084","0","107","Tremellales","0","p__Basidiomycota","0.9963752847868168","false","0","k__Fungi | p__Basidiomycota | c__Tremellomycetes | Tremellales | f__Cryptococcaceae | g__Cryptococcus","79158","0.09924759492407322"
"2.0167189132706373","0.002671318793073103","c__Fungi_cls_Incertae_sedis","0.4958549222797928","0.24711538461538463","65","3","f__Fungi_fam_Incertae_sedis","g__Fungi_gen_Incertae_sedis.89","false","k__Fungi","k__Fungi | p__Fungi_phy_Incertae_sedis | c__Fungi_cls_Incertae_sedis | Fungi_ord_Incertae_sedis | f__Fungi_fam_Incertae_sedis | g__Fungi_gen_Incertae_sedis.89","107.46153846153847","0","65","Fungi_ord_Incertae_sedis","0","p__Fungi_phy_Incertae_sedis","0.9966664953663257","false","0","k__Fungi | p__Fungi_phy_Incertae_sedis | c__Fungi_cls_Incertae_sedis | Fungi_ord_Incertae_sedis | f__Fungi_fam_Incertae_sedis | g__Fungi_gen_Incertae_sedis.89","112946","0.12267298911134528"
"2.0167189132706373","0.002727574211499883","unassigned","0.4958549222797928","0.24620510921880784","74","3","unassigned","unassigned.112","false","k__Fungi","k__Fungi | unassigned | unassigned | unassigned | unassigned | unassigned.112","83.21621621621621","0","74","unassigned","0","unassigned","0.9966664953663257","false","0","k__Fungi | unassigned | unassigned | unassigned | unassigned | unassigned.112","112792","0.09598179494373266"
"2.375130616509927","4.984244835243254E-4","c__Sordariomycetes","0.4210294764628244","0.24","25","3","f__Plectosphaerellaceae","g__Acrostalagmus.1","false","k__Fungi","k__Fungi | p__Ascomycota | c__Sordariomycetes | Glomerellales | f__Plectosphaerellaceae | g__Acrostalagmus.1","57.16","0","25","Glomerellales","0","p__Ascomycota","0.9954913750278364","false","0","k__Fungi | p__Ascomycota | c__Sordariomycetes | Glomerellales | f__Plectosphaerellaceae | g__Acrostalagmus.1","13770","0.09975567190226876"
"2.8422152560083593","2.6453912153380747E-5","c__Fungi_cls_Incertae_sedis","0.3518382352941177","0.2777777777777778","9","4","f__Fungi_fam_Incertae_sedis","g__Fungi_gen_Incertae_sedis.109","false","k__Fungi","k__Fungi | p__Fungi_phy_Incertae_sedis | c__Fungi_cls_Incertae_sedis | Fungi_ord_Incertae_sedis | f__Fungi_fam_Incertae_sedis | g__Fungi_gen_Incertae_sedis.109","31.444444444444443","0","9","Fungi_ord_Incertae_sedis","0","p__Fungi_phy_Incertae_sedis","0.9939599499803004","false","0","k__Fungi | p__Fungi_phy_Incertae_sedis | c__Fungi_cls_Incertae_sedis | Fungi_ord_Incertae_sedis | f__Fungi_fam_Incertae_sedis | g__Fungi_gen_Incertae_sedis.109","490","0.17122040072859745"
"2.476489028213166","2.037361426731872E-4","unassigned","0.4037974683544304","0.4616096207215541","47","3","unassigned","unassigned.47","false","k__Fungi","k__Fungi | p__Ascomycota | unassigned | unassigned | unassigned | unassigned.47","66.1063829787234","0","47","unassigned","0","p__Ascomycota","0.9951590523665143","false","0","k__Fungi | p__Ascomycota | unassigned | unassigned | unassigned | unassigned.47","6708","0.14560877308088854"
"2.283176593521421","7.924056772577986E-4","c__Fungi_cls_Incertae_sedis","0.4379862700228833","0.2711864406779661","59","3","f__Fungi_fam_Incertae_sedis","g__Fungi_gen_Incertae_sedis.70","false","k__Fungi","k__Fungi | p__Fungi_phy_Incertae_sedis | c__Fungi_cls_Incertae_sedis | Fungi_ord_Incertae_sedis | f__Fungi_fam_Incertae_sedis | g__Fungi_gen_Incertae_sedis.70","64.84745762711864","0","59","Fungi_ord_Incertae_sedis","0","p__Fungi_phy_Incertae_sedis","0.9957928636277986","false","0","k__Fungi | p__Fungi_phy_Incertae_sedis | c__Fungi_cls_Incertae_sedis | Fungi_ord_Incertae_sedis | f__Fungi_fam_Incertae_sedis | g__Fungi_gen_Incertae_sedis.70","26556","0.10342497229205526"
"2.7565308254963425","5.673509619231902E-5","c__Sordariomycetes","0.36277482941622446","0.32967032967032966","14","4","f__Hypocreaceae","g__Trichoderma.3","false","k__Fungi","k__Fungi | p__Ascomycota | c__Sordariomycetes | Hypocreales | f__Hypocreaceae | g__Trichoderma.3","47.214285714285715","0","14","Hypocreales","0","p__Ascomycota","0.9942408825393563","false","0","k__Fungi | p__Ascomycota | c__Sordariomycetes | Hypocreales | f__Hypocreaceae | g__Trichoderma.3","1218","0.18229453943739657"
"2.7711598746081503","7.997779022064811E-5","c__Sordariomycetes","0.3608597285067874","0.41911764705882354","17","4","unassigned","unassigned.4","false","k__Fungi","k__Fungi | p__Ascomycota | c__Sordariomycetes | unassigned | unassigned | unassigned.4","36.94117647058823","0","17","unassigned","0","p__Ascomycota","0.9941929184439077","false","0","k__Fungi | p__Ascomycota | c__Sordariomycetes | unassigned | unassigned | unassigned.4","1408","0.1536764705882353"
"2.0292580982236155","0.0020093616317823667","c__Sordariomycetes","0.49279093717816685","0.2677787532923617","68","3","f__Hypocreales_fam_Incertae_sedis","g__Sarocladium","false","k__Fungi","k__Fungi | p__Ascomycota | c__Sordariomycetes | Hypocreales | f__Hypocreales_fam_Incertae_sedis | g__Sarocladium","78.36764705882354","0","68","Hypocreales","0","p__Ascomycota","0.9966253832845127","false","0","k__Fungi | p__Ascomycota | c__Sordariomycetes | Hypocreales | f__Hypocreales_fam_Incertae_sedis | g__Sarocladium","75266","0.09110807113543092"
"2.1682340647857887","0.001648369252734637","unassigned","0.4612048192771085","0.17886178861788618","42","3","unassigned","unassigned.64","false","k__Fungi","k__Fungi | p__Ascomycota | unassigned | unassigned | unassigned | unassigned.64","63.595238095238095","0","42","unassigned","0","p__Ascomycota","0.9961697243777515","false","0","k__Fungi | p__Ascomycota | unassigned | unassigned | unassigned | unassigned.64","50508","0.08442420793018403"
"2.258098223615465","5.106371977327474E-4","c__Sordariomycetes","0.44285053216103654","0.3306878306878307","28","3","f__Nectriaceae","g__Fusarium.11","false","k__Fungi","k__Fungi | p__Ascomycota | c__Sordariomycetes | Hypocreales | f__Nectriaceae | g__Fusarium.11","80.17857142857143","0","28","Hypocreales","0","p__Ascomycota","0.9958750877914246","false","0","k__Fungi | p__Ascomycota | c__Sordariomycetes | Hypocreales | f__Nectriaceae | g__Fusarium.11","13916","0.11756388772517805"
"2.4493207941483806","5.268169848994477E-4","c__Sordariomycetes","0.40827645051194533","0.2909803921568627","51","3","f__Nectriaceae","g__Fusarium.12","false","k__Fungi","k__Fungi | p__Ascomycota | c__Sordariomycetes | Hypocreales | f__Nectriaceae | g__Fusarium.12","60.07843137254902","0","51","Hypocreales","0","p__Ascomycota","0.9952481285437758","false","0","k__Fungi | p__Ascomycota | c__Sordariomycetes | Hypocreales | f__Nectriaceae | g__Fusarium.12","12926","0.1262151919591366"
"2.4242424242424243","1.7959033151771989E-4","c__Sordariomycetes","0.4125","0.26842105263157895","20","3","f__Nectriaceae","g__Nectria","false","k__Fungi","k__Fungi | p__Ascomycota | c__Sordariomycetes | Hypocreales | f__Nectriaceae | g__Nectria","66.3","0","20","Hypocreales","0","p__Ascomycota","0.9953303527074019","false","0","k__Fungi | p__Ascomycota | c__Sordariomycetes | Hypocreales | f__Nectriaceae | g__Nectria","6598","0.1248587570621469"
"2.1515151515151514","0.0011554233666496046","unassigned","0.46478873239436624","0.3115079365079365","64","3","unassigned","unassigned.68","false","k__Fungi","k__Fungi | p__Ascomycota | unassigned | unassigned | unassigned | unassigned.68","78.015625","0","64","unassigned","0","p__Ascomycota","0.9962245404868356","false","0","k__Fungi | p__Ascomycota | unassigned | unassigned | unassigned | unassigned.68","46074","0.10429896390374331"
"2.4273772204806687","3.483857326195267E-4","c__Chytridiomycota_cls_Incertae_sedis","0.4119672836848902","0.3217948717948718","40","3","f__Chytridiomycota_fam_Incertae_sedis","g__Chytridiomycota_gen_Incertae_sedis.9","false","k__Fungi","k__Fungi | p__Chytridiomycota | c__Chytridiomycota_cls_Incertae_sedis | Chytridiomycota_ord_Incertae_sedis | f__Chytridiomycota_fam_Incertae_sedis | g__Chytridiomycota_gen_Incertae_sedis.9","63.75","0","40","Chytridiomycota_ord_Incertae_sedis","0","p__Chytridiomycota","0.9953200746869487","false","0","k__Fungi | p__Chytridiomycota | c__Chytridiomycota_cls_Incertae_sedis | Chytridiomycota_ord_Incertae_sedis | f__Chytridiomycota_fam_Incertae_sedis | g__Chytridiomycota_gen_Incertae_sedis.9","10624","0.12549212598425197"
"2.3928944618599792","4.1780876292323287E-4","c__Rhizophydiomycetes","0.41790393013100435","0.2887700534759358","34","3","f__Alphamycetaceae","g__Betamyces.7","false","k__Fungi","k__Fungi | p__Chytridiomycota | c__Rhizophydiomycetes | Rhizophydiales | f__Alphamycetaceae | g__Betamyces.7","56.5","0","34","Rhizophydiales","0","p__Chytridiomycota","0.9954331329119346","false","0","k__Fungi | p__Chytridiomycota | c__Rhizophydiomycetes | Rhizophydiales | f__Alphamycetaceae | g__Betamyces.7","13238","0.10329067641681901"
"2.153605015673981","0.0019959610142421865","c__Sordariomycetes","0.4643377001455605","0.18826135105204872","43","3","unassigned","unassigned.12","false","k__Fungi","k__Fungi | p__Ascomycota | c__Sordariomycetes | unassigned | unassigned | unassigned.12","70.97674418604652","0","43","unassigned","0","p__Ascomycota","0.9962176884732001","false","0","k__Fungi | p__Ascomycota | c__Sordariomycetes | unassigned | unassigned | unassigned.12","54070","0.09253812801309845"
"2.4022988505747125","2.699306470655367E-4","unassigned","0.41626794258373206","0.3715986394557823","49","3","unassigned","unassigned.121","false","k__Fungi","k__Fungi | p__Ascomycota | unassigned | unassigned | unassigned | unassigned.121","69.26530612244898","0","49","unassigned","0","p__Ascomycota","0.9954022988505747","false","0","k__Fungi | p__Ascomycota | unassigned | unassigned | unassigned | unassigned.121","10040","0.13243844382877434"
"2.2978056426332287","5.631195235095988E-4","unassigned","0.4351978171896317","0.3021624780829924","59","3","unassigned","unassigned.123","false","k__Fungi","k__Fungi | unassigned | unassigned | unassigned | unassigned | unassigned.123","69.67796610169492","0","59","unassigned","0","unassigned","0.99574489953235","false","0","k__Fungi | unassigned | unassigned | unassigned | unassigned | unassigned.123","20458","0.11366715514142726"
"2.327063740856844","4.327887474461113E-4","unassigned","0.429726088908846","0.33647058823529413","51","4","unassigned","unassigned.141","false","k__Fungi","k__Fungi | unassigned | unassigned | unassigned | unassigned | unassigned.141","62.88235294117647","0","51","unassigned","0","unassigned","0.995648971341453","false","0","k__Fungi | unassigned | unassigned | unassigned | unassigned | unassigned.141","16548","0.10586254703901762"
"2.3061650992685476","6.364868741875041E-4","unassigned","0.4336202990484821","0.32326530612244897","50","3","unassigned","unassigned.122","false","k__Fungi","k__Fungi | p__Ascomycota | unassigned | unassigned | unassigned | unassigned.122","64.72","0","50","unassigned","0","p__Ascomycota","0.9957174914778081","false","0","k__Fungi | p__Ascomycota | unassigned | unassigned | unassigned | unassigned.122","20562","0.1054071661237785"
"2.510971786833856","3.4170586914964807E-4","unassigned","0.3982521847690387","0.305458768873403","42","4","unassigned","unassigned.85","false","k__Fungi","k__Fungi | p__Ascomycota | unassigned | unassigned | unassigned | unassigned.85","54.976190476190474","0","42","unassigned","0","p__Ascomycota","0.9950459941415283","false","0","k__Fungi | p__Ascomycota | unassigned | unassigned | unassigned | unassigned.85","7762","0.1287498605999777"
"2.242424242424242","7.426577524710971E-4","unassigned","0.445945945945946","0.23076923076923078","39","3","unassigned","unassigned.135","false","k__Fungi","k__Fungi | unassigned | unassigned | unassigned | unassigned | unassigned.135","66.66666666666667","0","39","unassigned","0","unassigned","0.9959264778936909","false","0","k__Fungi | unassigned | unassigned | unassigned | unassigned | unassigned.135","26444","0.09718172983479106"
"2.4691745036572623","3.0033981496091424E-4","unassigned","0.40499365213711386","0.2608695652173913","24","4","unassigned","unassigned.86","false","k__Fungi","k__Fungi | p__Ascomycota | unassigned | unassigned | unassigned | unassigned.86","55.791666666666664","0","24","unassigned","0","p__Ascomycota","0.9951830344142385","false","0","k__Fungi | p__Ascomycota | unassigned | unassigned | unassigned | unassigned.86","6850","0.11533816425120773"
"2.412748171368861","8.342466330133876E-4","unassigned","0.41446513642269384","0.2438423645320197","29","3","unassigned","unassigned.108","false","k__Fungi","k__Fungi | unassigned | unassigned | unassigned | unassigned | unassigned.108","56.62068965517241","0","29","unassigned","0","unassigned","0.9953680387823971","false","0","k__Fungi | unassigned | unassigned | unassigned | unassigned | unassigned.108","19538","0.10623018697030472"
"2.6071055381400208","1.0611419524846268E-4","c__Microbotryomycetes","0.3835671342685371","0.27666666666666667","25","4","f__Leucosporidiaceae","g__Leucosporidiaceae_gen_Incertae_sedis","false","k__Fungi","k__Fungi | p__Basidiomycota | c__Microbotryomycetes | Leucosporidiales | f__Leucosporidiaceae | g__Leucosporidiaceae_gen_Incertae_sedis","54.84","0","25","Leucosporidiales","0","p__Basidiomycota","0.9947308015142949","false","0","k__Fungi | p__Basidiomycota | c__Microbotryomycetes | Leucosporidiales | f__Leucosporidiaceae | g__Leucosporidiaceae_gen_Incertae_sedis","2162","0.15361344537815125"
"2.5579937304075235","1.0337732245097782E-4","c__Fungi_cls_Incertae_sedis","0.3909313725490196","0.3761904761904762","21","4","f__Fungi_fam_Incertae_sedis","g__Fungi_gen_Incertae_sedis.57","false","k__Fungi","k__Fungi | p__Fungi_phy_Incertae_sedis | c__Fungi_cls_Incertae_sedis | Fungi_ord_Incertae_sedis | f__Fungi_fam_Incertae_sedis | g__Fungi_gen_Incertae_sedis.57","64.04761904761905","0","21","Fungi_ord_Incertae_sedis","0","p__Fungi_phy_Incertae_sedis","0.9948918238347294","false","0","k__Fungi | p__Fungi_phy_Incertae_sedis | c__Fungi_cls_Incertae_sedis | Fungi_ord_Incertae_sedis | f__Fungi_fam_Incertae_sedis | g__Fungi_gen_Incertae_sedis.57","3080","0.15920398009950248"
"2.699059561128527","1.1863192448226022E-4","unassigned","0.37049941927990704","0.3567251461988304","19","4","unassigned","unassigned.133","false","k__Fungi","k__Fungi | unassigned | unassigned | unassigned | unassigned | unassigned.133","37.21052631578947","0","19","unassigned","0","unassigned","0.9944293129143327","false","0","k__Fungi | unassigned | unassigned | unassigned | unassigned | unassigned.133","2158","0.12965340179717585"
"2.1891327063740857","9.817487228144905E-4","unassigned","0.4568019093078759","0.20833333333333334","33","3","unassigned","unassigned.161","false","k__Fungi","k__Fungi | unassigned | unassigned | unassigned | unassigned | unassigned.161","85.6969696969697","0","33","unassigned","0","unassigned","0.9961012042413964","false","0","k__Fungi | unassigned | unassigned | unassigned | unassigned | unassigned.161","33616","0.1153391247603899"
